2136433801,1985,2324,1987

2136434805,1991,2320,1995

2136435805,1981,2324,1991

2136436805,1989,2325,1996

2136437805,1987,2323,2000

2136438805,1988,2328,2001

2136439805,1985,2304,2001

2136440805,1991,2320,2005

2136452801,2039,2318,2017

2136453805,1978,2306,2021

2136454805,1990,2311,2027

2136455805,1986,2290,2021

2136456805,1984,2304,2028

2136457805,1989,2308,2025

2136458805,1995,2303,2019

2136459805,1982,2303,2029

2136471801,1993,2311,2018

2136472805,1989,2384,2014

2136473805,1984,2288,2018

2136474805,1988,2349,2014

2136475805,1989,2320,2018

2136476805,1987,2320,2011

2136477805,1991,2320,2001

2136478805,1985,2320,2006

2136489801,1983,2324,1983

2136490805,1991,2332,1983

2136491805,1994,2384,1973

2136492805,1989,2326,1975

2136493805,1987,2333,1975

2136494805,1989,2336,1975

2136495805,1985,2340,1971

2136496805,1993,2337,1963

2136508801,1991,2349,1957

2136509805,1995,2352,1949

2136510805,1987,2348,1947

2136511805,1989,2352,1947

2136512805,1986,2352,1946

2136513805,1987,2351,1953

2136514805,1999,2347,1949

2136515805,1989,2346,1941

2136527801,1991,2351,1947

2136528805,1986,2352,1958

2136529805,1983,2341,1954

2136530805,1990,2359,1963

2136531805,1993,2346,1959

2136532805,1989,2342,1962

2136533805,1991,2337,1968

2136534805,1988,2332,1967

2136545453,1985,2327,1980

2136546805,1986,2318,1985

2136547805,1993,2320,1987

2136548805,1983,2320,1991

2136549805,1987,2298,1998

2136550805,1989,2324,1999

2136551805,1985,2321,2000

2136563801,1991,2337,2029

2136564805,1984,2298,2021

2136565805,1973,2304,2021

2136566805,1986,2269,2021

2136567805,1989,2306,2033

2136568805,1986,2314,2023

2136569805,1989,2309,2025

2136570805,1981,2313,2030

2136582801,1984,2315,2015

2136583805,1983,2320,2012

2136584805,1994,2305,2009

2136585805,1961,2317,2019

2136586805,1985,2309,2011

2136587805,1985,2318,2009

2136588805,1989,2317,2009

2136589805,1989,2317,2010

2136601801,1967,2323,1996

2136602805,1989,2337,1983

2136603805,1992,2329,1978

2136604805,1988,2322,1975

2136605805,1990,2323,1979

2136606805,1991,2323,1968

2136607805,1987,2330,1979

2136608805,1987,2337,1974

2136620801,1990,2345,1957

2136621805,1990,2351,1949

2136622805,1994,2352,1954

2136623805,1983,2342,1951

2136624805,1985,2350,1952

2136625805,1989,2351,1947

2136626805,1987,2353,1946

2136627805,1990,2352,1952

2136639801,1997,2346,1952

2136640805,1989,2350,1954

2136641805,1994,2342,1954

2136642805,1994,2352,1957

2136643805,1989,2342,1959

2136644805,1987,2343,1959

2136645805,1986,2336,1966

2136646805,1994,2338,1963

2136657801,1985,2326,1986

2136658805,1988,2321,1991

2136659805,1986,2332,1985

2136660805,1985,2320,1991

2136661805,1985,2321,1999

2136662805,1984,2319,2000

2136663805,1985,2320,1997

2136664805,1995,2322,2000

2136676801,1987,2319,2021

2136677805,1984,2305,2025

2136678805,1985,2309,2021

2136679805,1994,2313,2018

2136680805,1984,2303,2023

2136681805,1979,2313,2027

2136682805,1986,2313,2031

2136683805,2013,2306,2023

2136695801,1984,2313,2025

2136696805,1985,2307,2022

2136697805,1981,2311,2014

2136698805,1987,2317,2015

2136699805,1985,2315,2017

2136700805,1977,2306,2013

2136701805,1989,2320,2007

2136702805,1971,2316,2000

2136713453,1982,2326,1999

2136714805,1983,2331,1991

2136715805,1987,2331,1986

2136716805,1985,2329,1978

2136717805,1979,2327,1979

2136718805,1981,2339,1978

2136719805,1984,2333,1974

2136731801,2000,2349,1958

2136732805,1986,2349,1949

2136733805,1989,2343,1955

2136734805,1990,2348,1955

2136735805,1986,2352,1949

2136736805,1986,2346,1954

2136737805,1989,2351,1951

2136738805,1981,2345,1987

2136750801,1989,2351,1958

2136751805,1983,2347,1952

2136752805,1989,2350,1957

2136753805,1986,2348,1957

2136754805,1987,2347,1959

2136755805,1978,2346,1961

2136756805,1984,2346,1963

2136757805,1984,2353,1963

2136769801,1988,2329,1987

2136770805,1981,2333,1984

2136771805,1975,2327,1988

2136772805,1990,2330,1993

2136773805,1984,2331,1994

2136774805,1991,2325,1996

2136775805,1989,2320,1997

2136776805,1988,2320,1995

43805,1984,2323,1983

2188544805,1982,2333,1985

2188545805,1990,1982,2333,1985

2188545805,1990,1982,2333,1985

2188545805,1990,1982,2333,1985

2188545805,1990,1982,2333,1985

2188545805,1990,1982,2333,1985

2188545805,1990,1982,2333,1985

2188545805,1990,1982,2333,1985

2188545805,1990,1982,2333,1985

2188545805,1990,2320,1995

2188546805,1986,2324,2320,1995

2188546805,1986,2324,2320,1995

2188546805,1986,2324,2320,1995

2188546805,1986,2324,2320,1995

2188546805,1986,2324,2320,1995

2188546805,1986,2324,2320,1995

2188546805,1986,2324,2320,1995

2188546805,1986,2324,2320,1995

2188546805,1986,2324,2320,1995

2188546805,1986,2324,2320,1995

2188546805,1986,2324,2320,1995

2188546805,1986,2324,2320,1995

2188546805,1986,2324,2320,1995

2188546805,1986,2324,2320,1995

2188546805,1986,2324,2320,1995

2188546805,1986,2324,2320,1995

2188546805,1986,2324,2320,1995

2188546805,1986,2324,2320,1995

2188546805,1986,2324,2320,1995

2188546805,1986,2324,2320,1995

2188546805,1986,2324,2320,1995

2188546805,1986,2324,2320,1995

2188546805,1986,2324,2320,1995

2188546805,1986,2324,2320,1995

2188546805,1986,2324,2320,1995

2188546805,1986,2324,2320,1995

2188546805,1986,2324,2320,1995

2188546805,1986,2324,2320,1995

2188546805,1986,2324,2320,1995

2188546805,1986,2324,2320,1995

2188546805,1986,2324,2320,1995

2188546805,1986,2324,2320,1995

2188546805,1986,2324,2320,1995

2188546805,1986,2324,2320,1995

2188546805,1986,2324,2320,1995

2188546805,1986,2324,2320,1995

2188546805,1986,2324,2320,1995

2188546805,1986,2324,2320,1995

2188546805,1986,2324,1984

2188547805,1988,2325,1987

2188548805,1984,2323,1995

2188560801,1990,2335,1993

2188561805,1984,2329,2002

2188562805,1984,2320,1986

2188563805,1982,2322,1982

2188564805,1986,2331,1985

2188565805,1923,2326,2038

2188566805,1984,2327,1986

2188567805,1982,2320,1982

2188579801,1994,2333,1986

2188580805,2014,2330,1997

2188581805,1993,2336,1988

2188582805,1991,2323,1991

2188583805,1985,2333,1991

2188584805,1995,2319,1978

2188585805,1971,2320,1983

2188586805,1985,2337,1984

2188598801,1991,2322,1983

2188599805,1989,2320,1978

2188600805,1989,2320,1989

2188601805,1978,2331,1986

2188602805,1991,2321,1984

2188603805,1997,2331,1986

2188604805,1987,2333,1983

2188605805,1990,2340,1986

2188617801,1986,2320,1985

2188618805,1990,2329,1984

2188619805,2000,2334,1990

2188620805,1983,2320,1983

2188621805,1990,2320,1984

2188622805,1983,2329,1997

2188623805,1997,2333,1993

2188624805,1991,2319,1984

2188636801,1994,2306,1990

2188637805,1987,2329,1993

2188638805,1990,2328,1994

2188639805,1966,2331,1995

2188640805,1984,2322,1984

2188641805,1995,2325,1979

2188642805,1984,2322,1981

2188643805,1987,2322,1988

2188655801,1981,2325,1986

2188656805,1992,2321,1983

2188657805,1984,2320,1987

2188658805,1989,2332,1985

2188659805,1997,2323,1988

2188660805,1999,2330,1994

2188661805,1985,2329,1984

2188662805,1989,2322,1991

2188674801,1986,2325,1990

2188675805,1998,2325,1986

2188676805,1987,2321,1989

2188677805,1986,2324,1987

2188678805,1989,2334,1987

2188679805,1981,2333,1995

2188680805,2001,2331,2003

2188681805,1990,2335,1995

2188693801,1991,2330,1998

2188694805,1985,2327,1986

2188695805,1984,2319,1974

2188696805,1968,2324,1982

2188697805,1991,2334,1989

2188698805,1961,2335,1984

2188699805,1985,2330,1985

2188700805,1994,2339,1986

2188712801,1981,2327,1984

2188713805,1990,2331,1991

2188714805,1986,2320,1990

2188715805,1967,2335,1991

2188716805,1983,2320,1993

2188717805,1991,2325,1982

2188718805,1991,2352,1986

2188719805,1990,2331,1991

2188731801,2000,2320,1986

2188732805,1991,2320,1986

2188733805,1989,2325,1983

2188734805,2001,2330,1989

2188735805,1983,2328,1991

2188736805,1989,2325,1984

2188737805,1988,2320,1984

2188738805,1984,2320,1985

2188750801,1984,2278,1986

2188751805,1986,2320,1989

2188752805,1987,2323,1993

2188753805,1989,2331,1981

2188754805,1990,2311,1987

2188755805,1991,2331,1989

2188756805,1989,2350,1989

2188757805,1997,2329,1987

2188769801,1986,2323,1986

2188770805,1973,2331,1981

2188771805,1991,2331,1987

2188772805,1995,2320,1986

2188773805,1987,2323,1985

2188774805,1998,2330,1997

2188775805,2016,2329,1985

2188776805,1990,2320,2006

2188788801,1984,2323,1987

2188789805,1985,2334,1981

2188790805,1986,2326,1985

2188791805,2015,2320,1984

2188792805,1995,2326,1985

2188793805,1987,2326,1984

2188794805,1986,2333,1982

2188795805,1983,2335,1988

2188807801,1981,2320,1986

2188808805,2010,2325,2000

2188809805,1985,2320,1984

2188810805,1979,2322,1984

2188811805,1984,2325,1985

2188812805,1989,2327,1975

2188813805,1987,2326,1984

2188814805,1994,2331,1981

2188826801,1991,2327,1994

2188827805,1973,2334,1987

2188828805,1999,2321,1993

2188829805,1985,2331,1985

2188830805,1990,2323,1985

2188831805,1989,2321,1986

2188832805,1979,2330,1991

2188833805,1983,2319,1985

2188845801,1989,2332,2053

2188846805,1983,2321,1986

2188847805,1995,2315,1989

2188848805,2018,2332,2001

2188849805,1981,2335,1987

2188850805,1978,2320,1991

2188851805,1990,2326,1987

2188852805,1991,2347,1994

2188864801,1982,2342,1999

2188865805,1983,2325,1994

2188866835,1990,2329,1984

2188867805,1960,2329,1990

2188868805,1982,2331,1987

2188869805,1989,2322,1988

2188870805,1986,2337,1987

2188871805,1986,2328,1984

2188883801,1987,2338,1984

2188884805,1994,2322,1991

2188885805,1991,2326,1983

2188886805,1987,2353,1987

2188887805,1986,2321,1979

2188888805,1981,2325,1985

2188889805,1979,2333,1996

2188890805,1996,2330,1983

2188902801,1984,2333,1984

2188903805,2033,2333,1994

2188904805,1996,2333,1981

2188905805,1995,2331,1989

2188906805,1995,2324,1984

2188907805,2047,2322,2000

2188908805,1986,2325,1985

2188909805,1990,2331,1987

2188921801,1986,2327,1989

2188922805,1998,2335,1990

2188923805,1987,2320,1986

2188924805,1989,2335,1981

2188925805,1984,2326,1999

2188926805,1989,2331,1984

2188927805,1988,2329,1984

2188928805,1984,2329,1987

2188940801,1993,2335,1987

2188941805,1982,2326,2014

2188942805,1983,2327,1983

2188943805,1997,2331,1983

2188944805,1975,2320,1980

2188945805,1982,2343,1994

2188946805,1990,2321,1982

2188947805,1990,2329,1989

2188959801,1983,2324,1993

2188960805,1990,2327,1984

2188961805,1990,2337,1989

2188962805,1966,2321,1993

2188963805,1987,2334,1991

2188964805,1977,2329,1987

2188965805,1986,2330,1984

2188966805,1989,2333,1989

2188978801,1986,2320,1999

2188979805,1983,2320,1951

2188980805,1986,2326,1983

2188981805,1984,2329,1990

2188982805,1993,2334,1984

2188983805,1994,2331,1981

2188984805,1984,2329,1978

2188985805,1984,2336,1984

2188997801,1990,2388,1990

2188998805,1994,2327,1984

2188999805,1984,2325,1990

2189000805,2001,2326,1995

2189001805,2010,2334,1987

2189002805,1991,2324,2007

2189003805,1984,2323,1984

2189004805,1989,2330,1981

2189016801,1993,2325,1988

2189017805,1987,2323,1990

2189018805,1995,2315,1991

2189019805,1989,2326,1994

2189020805,1989,2327,1980

2189021805,1988,2322,1990

2189022805,1985,2321,1987

2189023805,1979,2321,1987

2189035801,1990,2330,1990

2189036805,1989,2331,1974

2189037805,1990,2317,1984

2189038805,1983,2342,1973

2189039805,1994,2331,1983

2189040805,1984,2331,1975

2189041805,1984,2335,1989

2189042805,1984,2329,1995

2189054801,1985,2320,1984

2189055805,1983,2324,2070

2189056805,1997,2330,1989

2189057805,1994,2320,1981

2189058805,1988,2321,1989

2189059805,1993,2336,2001

2189060805,1991,2330,1990

2189061805,1997,2338,1984

2189073801,1994,2327,1990

2189074805,1984,2329,1985

2189075805,1999,2325,1931

2189076805,1985,2322,1984

2189077805,1955,2333,1981

2189078805,1991,2341,1987

2189079805,1982,2331,1998

2189080805,1993,2321,1989

2189092801,1995,2320,1987

2189093805,1984,2325,1983

2189094805,1983,2333,1990

2189095805,2042,2333,1980

2189096805,1982,2330,1979

2189097805,1990,2333,1984

2189098805,1975,2333,1983

2189099805,1981,2325,1981

2189111801,1970,2328,2000

2189112805,1983,2322,1991

2189113805,1984,2335,1984

2189114805,1978,2342,1985

2189115805,1991,2327,1983

2189116805,1995,2327,1992

2189117805,1984,2328,1985

2189118805,1973,2337,1994

2189130801,1986,2321,1993

2189131805,1991,2333,1995

2189132805,1983,2330,1979

2189133805,1956,2333,1979

2189134805,1987,2320,1989

2189135805,1987,2324,1979

2189136805,1986,2326,1987

2189137805,1983,2333,1988

2189149801,1989,2325,1985

2189150805,1994,2331,1939

2189151805,1982,2321,1979

2189152805,1994,2333,1984

2189153805,1984,2384,1990

2189154805,1975,2319,1984

2189155805,1993,2329,1989

2189156805,1984,2335,1982

2189168801,1985,2320,1986

2189169805,2000,2320,1986

2189170805,1986,2332,1994

2189171805,1991,2323,1987

2189172805,1986,2323,1989

2189173805,2081,2325,2000

2189174805,1990,2321,1995

2189175805,1981,2336,1984

2189186801,1982,2323,1999

2189187805,1965,2326,1985

2189188805,1987,2320,1984

2189189805,1985,2326,1995

2189190805,1978,2327,1965

2189191805,1985,2330,1984

2189192805,1968,2333,1990

2189193805,1988,2325,1982

2189205801,1983,2335,1994

2189206805,2031,2331,1983

2189207805,1984,2335,2000

2189208805,1995,2337,1991

2189209805,1969,2333,2007

2189210805,1987,2327,1997

2189211805,1983,2331,1938

2189212805,1990,2322,2005

2189224801,1991,2334,1986

2189225805,1988,2320,1990

2189226805,1983,2324,1978

2189227805,1997,2329,1990

2189228805,1956,2323,1974

2189229805,1989,2330,1984

2189230805,1987,2329,1986

2189231805,2029,2327,1987

2189242453,1991,2327,2000

2189243805,1983,2322,1984

2189244805,1994,2333,1981

2189245805,1989,2323,1982

2189246805,1988,2323,1983

2189247805,1986,2325,1988

2189248805,1999,2340,1995

2189260801,1984,2327,1987

2189261805,1982,2286,1961

2189262805,1975,2202,1932

2189263805,2000,2081,1878

2189264805,2011,1910,1869

2189265805,2029,1763,1910

2189266805,2007,1625,2026

2189267805,1984,1489,2119

2189279801,1968,1891,2009

2189280805,1953,1988,1935

2189281805,1965,2042,1835

2189282805,2000,2041,1680

2189283805,2000,2045,1609

2189284805,2010,2062,1591

2189285805,1990,2032,1568

2189286805,1978,1979,1562

2189298801,1945,2735,1682

2189299805,1956,2758,1651

2189300805,1968,2761,1629

2189301805,2001,2747,1670

2189302805,1947,2726,1744

2189303805,1908,2675,1776

2189304805,1904,2622,1839

2189305805,1952,2559,1865

2189317801,1958,3166,2127

2189318805,1962,3120,2100

2189319805,1942,3058,2130

2189320805,1955,2974,2173

2189321805,1931,2891,2192

2189322805,1923,2823,2224

2189323805,1925,2735,2246

2189324805,1935,2700,2275

2189336801,1943,2878,2544

2189337805,1935,2832,2624

2189338805,1931,2834,2720

2189339805,1919,2889,2810

2189340805,1900,2923,2897

2189341805,1899,3056,2960

2189342805,1869,3327,2997

2189343805,1856,3537,2883

2189355801,1873,3744,2013

2189356805,1894,3510,1959

2189357805,1903,3165,2028

2189358805,1883,2814,2072

2189359805,1923,2742,2085

2189360805,1899,2799,2162

2189361805,1863,2842,2094

2189362805,1899,2959,1955

2189374801,1938,1134,1399

2189375805,1966,833,1418

2189376805,2019,752,1473

2189377805,1973,794,1495

2189378805,1983,763,1463

2189379805,1994,814,1445

2189380805,2030,791,1345

2189381805,2038,829,1254

2189382805,2016,1029,1279

2189394801,2032,80,1444

2189395805,2026,51,1499

2189396805,2026,96,1509

2189397805,2057,136,1463

2189398805,2062,240,1451

2189399805,2037,545,1414

2189400805,2036,779,1364

2189401805,2030,843,1392

2189402805,2019,810,1360

2189414801,1925,1211,2191

2189415805,1919,1435,2160

2189416805,1899,1826,2139

2189417805,1867,2125,2128

2189418805,1883,2255,2106

2189419805,1913,2331,2094

2189420805,1904,2335,2135

2189421805,1895,2373,2165

2189433801,1841,3694,2670

2189434805,1839,3883,2621

2189435805,1856,4016,2579

2189436805,1859,4095,2595

2189437805,1847,4095,2597

2189438805,1856,4095,2602

2189439805,1877,4095,2640

2189440805,1851,4095,2698

2189451453,1907,4095,2466

2189452805,1919,4095,2375

2189453805,1923,4095,2334

2189454805,1894,4095,2346

2189455805,1897,4095,2321

2189456805,1872,4095,2315

2189457805,1866,4095,2330

2189469801,1911,3906,1711

2189470805,1917,3639,1680

2189471805,1919,3469,1627

2189472805,1920,3277,1605

2189473805,1931,3123,1616

2189474805,1919,2845,1584

2189475805,1920,2469,1605

2189476805,1984,2193,1650

2189488801,1999,1498,1133

2189489805,2015,1355,1113

2189490805,1947,1229,1104

2189491805,1943,958,1143

2189492805,2032,688,1145

2189493805,2072,481,1194

2189494805,2045,336,1261

2189495805,2032,277,1364

2189496805,2038,241,1299

2189507801,2015,578,1316

2189508805,2018,410,1392

2189509805,2057,272,1445

2189510805,2067,176,1552

2189511805,2032,155,1643

2189512805,2027,192,1713

2189513805,2005,235,1868

2189524801,1924,1699,2078

2189525805,1923,1591,2206

2189526805,1936,1443,2259

2189527805,1917,1427,2349

2189528805,1895,1504,2410

2189529805,1905,1607,2475

2189530805,1895,1703,2543

2189531805,1900,1777,2559

2189542450,1867,3623,2720

2189543805,1870,3360,2817

2189544805,1869,3318,2865

2189545805,1890,3381,2899

2189546805,1858,3459,2927

2189547805,1849,3509,2951

2189548805,1844,3578,2945

2189559801,1888,4095,2639

2189560805,1894,4095,2672

2189561805,1890,4095,2685

2189562805,1875,4095,2640

2189563805,1873,4095,2634

2189564805,1891,4085,2603

2189565805,1892,4000,2547

2189566805,1906,4047,2513

2189577450,1891,3453,1953

2189578805,1888,3127,1927

2189579805,1890,2987,1919

2189580805,1887,2805,1872

2189581805,1936,2621,1808

2189582817,1926,2462,1769

2189583805,1931,2429,1710

2189595801,1967,1405,1283

2189596805,1947,1270,1291

2189597805,1971,1072,1275

2189598805,2013,880,1233

2189599805,2013,734,1216

2189600805,2003,699,1185

2189601805,2003,801,1152

2189602805,2031,926,1103

2189603805,2023,963,1061

2189614801,2062,211,1347

2189615805,2068,139,1376

2189616805,2064,80,1440

2189617805,2043,131,1422

2189618805,2047,313,1439

2189619805,2031,497,1451

2189620805,2015,624,1461

2189621805,2018,736,1474

2189633801,1951,961,2214

2189634805,1959,1136,2237

2189635805,1957,1379,2246

2189636805,1913,1611,2291

2189637805,1891,1799,2327

2189638805,1907,1983,2320

2189639805,1921,2193,2352

2189640805,1907,2429,2382

2189651801,1886,2832,2838

2189652805,1882,3088,2862

2189653805,1873,3333,2828

2189654805,1866,3541,2834

2189655805,1882,3738,2799

2189656805,1891,3904,2817

2189657805,1879,4031,2800

2189669801,1880,4095,2690

2189670805,1856,4095,2627

2189671805,1890,4095,2576

2189672805,1904,4095,2531

2189673805,1888,4095,2481

2189674805,1903,4095,2441

2189675805,1901,4095,2382

2189676805,1903,4095,2406

2189688801,1938,3216,1775

2189689805,1927,3222,1719

2189690805,1909,3293,1680

2189691805,1913,3361,1626

2189692805,1918,3315,1609

2189693805,1921,3158,1516

2189694805,1942,2919,1505

2189695805,1924,2720,1471

2189707801,1997,1626,1071

2189708805,2006,1708,1059

2189709805,1994,1677,1049

2189710805,2001,1550,1035

2189711805,2023,1366,1040

2189712805,2034,1233,1066

2189713805,2019,1100,1090

2189714805,1967,959,1096

2189726801,2031,1054,1291

2189727805,2029,1017,1335

2189728805,2047,935,1389

2189729805,2030,875,1437

2189730805,2014,832,1498

2189731805,2006,783,1552

2189732805,2014,674,1631

2189733805,2013,570,1677

2189734805,2007,497,1728

2189746801,1936,1970,2331

2189747805,1930,1999,2384

2189748805,1920,1983,2454

2189749805,1921,1916,2505

2189750805,1915,1846,2549

2189751805,1915,1858,2586

2189752805,1920,1956,2614

2189753805,1904,2109,2650

2189765801,1888,3631,2928

2189766805,1882,3466,2954

2189767805,1869,3331,2973

2189768805,1883,3295,2955

2189769805,1888,3379,2943

2189770805,1885,3526,2938

2189771805,1869,3655,2927

2189772805,1874,3793,2911

2189784801,1895,3702,2526

2189785805,1906,3579,2495

2189786805,1904,3550,2437

2189787805,1894,3572,2395

2189788805,1902,3568,2341

2189789805,1904,3565,2287

2189790805,1916,3657,2241

2189791805,1901,3797,2185

2189803801,1973,2359,1600

2189804805,1946,2301,1502

2189805805,1963,2239,1431

2189806805,2015,2174,1402

2189807805,1971,2187,1355

2189808805,1983,2262,1328

2189809805,1968,2352,1285

2189810805,1954,2353,1239

2189822801,2047,859,1009

2189823805,2032,843,1006

2189824805,2060,900,1011

2189825805,2055,1008,1023

2189826805,2034,1151,1041

2189827805,2030,1198,1041

2189828805,2047,1193,1049

2189829805,2059,1146,1042

2189841801,2063,762,1553

2189842805,2007,961,1611

2189843805,1984,1168,1663

2189844805,1986,1296,1712

2189845805,1984,1378,1748

2189846805,1984,1439,1785

2189847805,1967,1502,1837

2189848805,1969,1580,1862

2189860801,1902,2320,2576

2189861805,1899,2491,2624

2189862805,1901,2609,2646

2189863805,1920,2719,2672

2189864805,1903,2834,2688

2189865805,1905,2895,2725

2189866805,1896,2911,2768

2189867805,1898,2832,2799

2189879801,1877,3985,2992

2189880805,1892,4095,2960

2189881805,1898,4095,2926

2189882805,1897,4095,2903

2189883805,1884,4095,2880

2189884805,1890,4023,2865

2189885805,1904,3831,2855

2189886805,1887,3705,2843

2189898801,1895,4095,2320

2189899805,1895,4095,2244

2189900805,1909,4016,2191

2189901805,1917,3666,2133

2189902805,1921,3386,2089

2189903805,1918,3190,2047

2189904805,1924,3083,2000

2189905805,1920,2947,1953

2189917801,1964,2522,1264

2189918805,1965,2298,1234

2189919805,1982,2096,1210

2189920805,1936,1923,1182

2189921805,1999,1795,1168

2189922805,1983,1653,1154

2189923805,1989,1518,1127

2189924805,2026,1425,1106

2189936801,2060,1067,933

2189937805,2064,945,972

2189938805,2064,862,1008

2189939805,2058,771,1054

2189940805,2046,682,1085

2189941805,2074,633,1136

2189942805,2065,690,1157

2189943805,2035,816,1199

2189944805,2034,944,1236

2189956801,1987,1069,1803

2189957805,2000,1039,1883

2189958805,1990,1070,1952

2189959805,1981,1199,2022

2189960805,1969,1367,2083

2189961805,1950,1549,2147

2189962805,1946,1703,2188

2189963805,1943,1837,2223

2189975801,1918,2269,2826

2189976805,1922,2414,2864

2189977805,1905,2592,2896

2189978805,1902,2773,2923

2189979805,1883,2923,2945

2189980805,1901,3066,2959

2189981805,1891,3248,2943

2189982805,1904,3443,2939

2189994801,1885,3517,2944

2189995805,1885,3686,2953

2189996805,1891,3821,2918

2189997805,1904,3972,2871

2189998805,1911,4089,2799

2189999805,1887,4095,2747

2190000805,1901,4095,2669

2190001805,1913,4095,2629

2190013801,1919,3203,2117

2190014805,1925,3251,2047

2190015805,1930,3315,1956

2190016805,1936,3362,1865

2190017805,1931,3342,1775

2190018805,1951,3219,1710

2190019805,1947,3043,1664

2190020805,1951,2880,1613

2190032801,1989,2087,1128

2190033805,2001,2123,1078

2190034805,2010,2095,1040

2190035805,2011,2000,973

2190036805,2000,1872,955

2190037805,2026,1727,942

2190038805,2032,1616,949

2190039805,2020,1479,960

2190040805,2013,1332,954

2190051801,2044,1435,1013

2190052805,2034,1341,1041

2190053805,2038,1326,1065

2190054805,2045,1267,1102

2190055805,2046,1221,1168

2190056805,2019,1143,1223

2190057805,2018,1050,1296

2190069801,1965,1866,1885

2190070805,1982,1857,1939

2190071805,1985,1870,1990

2190072805,1966,1879,2077

2190073805,1947,1851,2165

2190074805,1943,1793,2247

2190075805,1950,1739,2321

2190076805,1947,1743,2395

2190088801,1894,2985,2841

2190089805,1895,2987,2849

2190090805,1918,2949,2887

2190091805,1907,2886,2955

2190092805,1892,2811,3004

2190093805,1899,2809,3033

2190094805,1905,2851,3066

2190095805,1894,2945,3083

2190107801,1897,3648,2832

2190108840,1917,3468,2834

2190109805,1906,3317,2828

2190110805,1912,3247,2812

2190111805,1903,3243,2782

2190112805,1911,3239,2756

2190113805,1907,3244,2693

2190114805,1915,3266,2640

2190126801,1966,2704,1959

2190127805,1936,2591,1919

2190128805,1937,2537,1874

2190129805,1938,2495,1835

2190130805,1947,2453,1755

2190131805,1968,2430,1690

2190132805,1961,2433,1633

2190133805,1961,2497,1564

2190145801,2005,1523,1106

2190146805,2013,1469,1086

2190147805,2025,1434,1062

2190148805,2043,1409,1029

2190149805,2039,1437,997

2190150805,2030,1519,967

2190151805,2032,1600,939

2190152805,2055,1642,909

2190164801,2042,1030,1201

2190165805,2047,1072,1213

2190166805,2033,1169,1237

2190167805,2030,1308,1280

2190168805,2017,1495,1299

2190169805,2015,1521,1328

2190170805,2018,1589,1357

2190171805,2015,1612,1401

2190183801,1955,1823,2171

2190184805,1951,1979,2205

2190185805,1949,2155,2251

2190186805,1945,2277,2294

2190187805,1936,2348,2336

2190188805,1935,2437,2369

2190189805,1899,2515,2422

2190190805,1926,2559,2482

2190202801,1908,3095,2954

2190203805,1904,3212,2981

2190204805,1904,3309,2961

2190205805,1892,3388,2962

2190206805,1911,3486,2963

2190207805,1907,3502,2973

2190208805,1906,3481,2981

2190209805,1907,3362,3014

2190221801,1904,3632,2718

2190222805,1904,3670,2661

2190223805,1917,3687,2609

2190224805,1903,3627,2576

2190225805,1917,3473,2531

2190226805,1911,3299,2499

2190227805,1925,3152,2476

2190228805,1915,3027,2448

2190240801,1952,2831,1698

2190241805,1956,2753,1645

2190242805,1963,2621,1600

2190243805,1974,2459,1558

2190244805,1991,2311,1523

2190245805,1976,2199,1488

2190246805,1984,2096,1457

2190247805,1972,1985,1409

2190259801,2022,1765,954

2190260805,1988,1630,944

2190261805,2066,1509,946

2190262805,2059,1424,960

2190263805,2045,1357,965

2190264805,2032,1264,981

2190265805,2055,1191,973

2190266805,2064,1168,974

2190267805,2061,1201,981

2190279801,2017,1407,1334

2190280805,2011,1377,1392

2190281805,2006,1342,1462

2190282805,2014,1325,1520

2190283805,2009,1349,1568

2190284805,2004,1431,1611

2190285805,1988,1559,1662

2190286805,1983,1666,1713

2190298801,1945,2115,2426

2190299805,1936,2108,2479

2190300805,1932,2157,2525

2190301805,1923,2256,2576

2190302805,1931,2383,2605

2190303805,1939,2544,2635

2190304805,1925,2614,2674

2190305805,1913,2727,2707

2190316453,1921,2861,3037

2190317805,1910,2869,3058

2190318805,1904,2944,3054

2190319805,1915,3040,3030

2190320805,1914,3147,3012

2190321805,1912,3227,3015

2190322805,1907,3312,2993

2190323805,1914,3437,2956

2190335801,1917,2899,2641

2190336805,1926,2895,2583

2190337805,1925,2972,2511

2190338805,1924,3003,2465

2190339805,1936,3029,2397

2190340805,1936,3087,2345

2190341805,1918,3121,2288

2190342805,1930,3120,2222

2190354801,1968,2201,1590

2190355805,1975,2211,1520

2190356805,1994,2208,1456

2190357805,2015,2265,1400

2190358805,1999,2287,1349

2190359805,1983,2259,1298

2190360805,2000,2192,1259

2190361805,2010,2096,1219

2190373801,2046,1591,944

2190374805,2055,1659,947

2190375805,2047,1727,931

2190376805,2013,1744,937

2190377805,2032,1710,943

2190378805,2057,1653,961

2190379805,2054,1616,963

2190380805,2032,1559,1006

2190381805,2037,1483,1038

2190393801,1968,1962,1468

2190394805,1987,1970,1529

2190395805,1995,1966,1584

2190396805,1985,1969,1642

2190397805,1983,1958,1693

2190398805,1979,1945,1759

2190399805,1979,1897,1835

2190400805,1968,1833,1893

2190412801,1938,2717,2511

2190413805,1941,2739,2567

2190414805,1925,2734,2608

2190415805,1917,2691,2650

2190416805,1931,2640,2719

2190417805,1922,2607,2779

2190418805,1918,2596,2805

2190419805,1920,2640,2835

2190431801,1911,3248,2965

2190432805,1915,3173,2975

2190433805,1919,3062,2967

2190434805,1921,2963,2966

2190435805,1919,2929,2960

2190436805,1922,2922,2941

2190437805,1955,2934,2918

2190438805,1917,2960,2902

2190449801,1931,2864,2423

2190450805,1939,2733,2387

2190451805,1943,2612,2349

2190452805,1953,2539,2305

2190453805,1936,2496,2256

2190454805,1940,2463,2209

2190455805,1936,2436,2148

2190456805,1955,2431,2087

2190468801,2003,1893,1418

2190469805,2003,1815,1392

2190470805,2006,1766,1347

2190471805,2010,1738,1329

2190472805,2017,1705,1277

2190473805,2023,1710,1232

2190474805,2019,1746,1200

2190475805,2031,1831,1162

2190487801,2083,1392,1009

2190488805,2063,1389,1021

2190489805,2053,1406,1040

2190490805,2043,1430,1054

2190491805,2039,1520,1068

2190492805,2045,1616,1083

2190493805,2047,1715,1088

2190494805,2032,1777,1111

2190506801,1985,1748,1648

2190507805,1983,1842,1646

2190508805,1983,1955,1741

2190509805,1975,2081,1798

2190510805,1968,2205,1872

2190511805,1966,2288,1886

2190512805,1965,2362,1930

2190513805,1968,2405,1977

2190524801,1935,2531,2595

2190525805,1934,2633,2631

2190526805,1919,2757,2669

2190527805,1925,2867,2678

2190528805,1915,2941,2718

2190529805,1935,3009,2739

2190530805,1920,3058,2759

2190531805,1909,3114,2794

2190543801,1929,3078,2960

2190544805,1920,3150,2931

2190545805,1927,3195,2915

2190546805,1920,3216,2896

2190547805,1895,3235,2865

2190548805,1910,3243,2845

2190549805,1919,3194,2811

2190550805,1919,3105,2790

2190562801,1952,2740,2323

2190563805,1941,2723,2264

2190564805,1952,2718,2212

2190565805,1950,2704,2147

2190566805,1956,2643,2096

2190567805,1953,2522,2034

2190568805,1958,2414,1991

2190569805,1966,2310,1942

2190581801,2003,2064,1360

2190582805,2019,2054,1303

2190583805,2021,2000,1258

2190584805,2014,1922,1217

2190585805,2014,1818,1189

2190586805,2033,1726,1168

2190587805,2010,1650,1153

2190588805,2020,1597,1145

2190599801,2046,1854,1010

2190600805,2064,1840,1023

2190601805,2035,1792,1035

2190602805,2045,1729,1056

2190603805,2047,1680,1114

2190604805,2035,1650,1114

2190605805,2019,1631,1151

2190606805,2035,1567,1198

2190618801,1984,2240,1652

2190619805,1990,2213,1705

2190620805,1974,2207,1773

2190621805,1971,2192,1835

2190622805,1968,2151,1902

2190623805,1971,2160,1963

2190624805,1963,2147,2027

2190625805,1956,2214,2091

2190637801,1915,2801,2597

2190638805,1923,2793,2639

2190639805,1927,2752,2697

2190640805,1933,2725,2745

2190641805,1933,2701,2781

2190642805,1923,2736,2812

2190643805,1936,2799,2864

2190644805,1925,2841,2857

2190656801,1932,2859,2889

2190657805,1937,2789,2886

2190658805,1922,2743,2878

2190659805,1921,2736,2863

2190660805,1930,2729,2853

2190661805,1930,2768,2820

2190662805,1933,2798,2782

2190663805,1932,2818,2745

2190674801,1961,2299,2281

2190675805,1968,2233,2251

2190676805,1948,2198,2243

2190677805,1965,2195,2159

2190678805,1968,2205,2098

2190679805,1968,2213,2029

2190680805,1968,2223,1974

2190681805,1975,2242,1915

2190693801,2017,1648,1387

2190694805,2027,1671,1344

2190695805,2030,1681,1295

2190696805,2028,1697,1269

2190697805,2025,1741,1235

2190698805,2035,1767,1209

2190699805,2018,1829,1155

2190700805,2034,1869,1153

2190712801,2058,1651,1140

2190713805,2036,1712,1149

2190714805,2035,1777,1154

2190715805,2031,1866,1174

2190716805,2032,1962,1172

2190717805,2020,2033,1181

2190718805,2022,2077,1210

2190719805,2019,2071,1244

2190731801,1971,2304,1835

2190732805,1975,2406,1838

2190733805,1968,2512,1879

2190734805,1957,2591,1920

2190735805,1957,2637,1966

2190736805,1970,2655,2007

2190737805,1959,2672,2057

2190738805,1966,2673,2125

2190749801,1941,2906,2622

2190750805,1936,2993,2635

2190751805,1913,3062,2659

2190752805,1918,3088,2681

2190753805,1929,3089,2704

2190754805,1950,3085,2723

2190755805,1923,3056,2743

2190756805,1915,3014,2770

2190768801,1923,2996,2800

2190769805,1931,3019,2768

2190770805,1936,2953,2755

2190771805,1925,2909,2735

2190772805,1935,2866,2718

2190773805,1934,2738,2701

2190774805,1934,2693,2683

2190775805,1931,2608,2663

2190787801,1967,2395,2135

2190788805,1969,2343,2090

2190789805,1967,2288,2042

2190790805,1975,2218,2000

2190791805,1974,2113,1954

2190792805,1982,2011,1918

2190793805,1979,1935,1888

2190794805,1985,1881,1853

2190806801,2021,1872,1306

2190807805,2021,1819,1279

2190808805,2019,1743,1270

2190809805,2031,1671,1241

2190810805,2032,1616,1236

2190811805,2030,1593,1221

2190812805,2032,1584,1207

2190813805,2038,1581,1200

2190824801,2034,1947,1161

2190825805,2031,1904,1189

2190826805,2022,1865,1216

2190827805,2030,1848,1238

2190828805,2029,1847,1270

2190829805,2015,1872,1318

2190830805,2011,1904,1345

2190831805,2018,1936,1376

2190843801,1969,2415,1846

2190844805,1968,2415,1904

2190845805,1963,2446,1962

2190846805,1968,2437,2002

2190847805,1970,2454,2064

2190848805,1962,2445,2112

2190849805,1955,2553,2157

2190850805,1954,2645,2192

2190862801,1939,2799,2642

2190863805,1934,2795,2667

2190864805,1936,2786,2698

2190865805,1938,2785,2725

2190866805,1935,2805,2751

2190867805,1936,2890,2753

2190868805,1936,2946,2763

2190869805,1939,2998,2763

2190881801,1995,2579,2796

2190882805,1936,2541,2747

2190883805,1937,2535,2725

2190884805,1936,2577,2684

2190885805,1940,2597,2654

2190886805,1938,2715,2611

2190887805,1940,2623,2574

2190888805,1949,2613,2527

2190899801,1973,2031,2139

2190900805,1979,1987,2096

2190901805,1973,2015,2037

2190902805,1969,2027,1985

2190903805,1980,2038,1931

2190904805,1982,2047,1875

2190905805,1991,2079,1829

2190906805,1991,2058,1782

2190918801,2039,1681,1371

2190919805,2032,1677,1342

2190920805,2032,1776,1298

2190921805,2026,1809,1274

2190922805,2032,1833,1250

2190923805,2030,1856,1232

2190924805,2029,1921,1214

2190925805,2030,1886,1199

2190937801,1989,2042,1267

2190938805,2027,2115,1279

2190939805,2004,2183,1285

2190940805,2011,2245,1312

2190941805,2004,2288,1340

2190942805,2001,2291,1373

2190943805,2007,2276,1403

2190944805,1998,2250,1435

2190956801,1971,2734,1918

2190957805,1963,2800,1954

2190958805,1955,2849,1997

2190959805,1968,2836,2043

2190960805,1965,2825,2096

2190961805,1953,2802,2143

2190962805,1899,2785,2192

2190963805,1959,2768,2238

2190974801,1934,3078,2576

2190975805,1941,3071,2593

2190976805,1934,3058,2612

2190977805,1936,2974,2639

2190978805,1931,2964,2655

2190979805,1938,2916,2681

2190980805,1937,2847,2695

2190981805,1937,2793,2718

2190993801,1903,2713,2639

2190994805,1945,2651,2549

2190995805,1941,2580,2609

2190996805,1951,2506,2595

2190997805,1949,2437,2571

2190998805,1957,2382,2559

2190999805,1952,2278,2522

2191000805,1955,2224,2510

2191012801,1982,2038,2018

2191013805,1984,1984,1979

2191014805,1986,1909,1951

2191015805,1987,1819,1915

2191016805,1989,1757,1878

2191017805,1998,1716,1841

2191018805,2000,1699,1801

2191019805,2000,1715,1767

2191031801,2032,1728,1367

2191032805,2023,1681,1355

2191033805,2025,1650,1338

2191034805,2027,1639,1330

2191035805,2032,1667,1314

2191036805,2026,1705,1305

2191037805,2022,1739,1309

2191038805,2027,1783,1280

2191049801,2016,2064,1349

2191050805,2015,2055,1373

2191051805,2011,2064,1402

2191052805,2009,2114,1428

2191053805,2005,2155,1459

2191054805,1993,2219,1483

2191055805,2001,2271,1499

2191056805,1994,2352,1520

2191068801,1971,2607,1974

2191069805,1968,2642,2027

2191070805,1951,2675,2070

2191071805,1953,2722,2101

2191072805,1955,2762,2142

2191073805,1955,2841,2175

2191074805,1937,2897,2195

2191075805,1950,2963,2227

2191087801,1947,2802,2595

2191088805,1942,2805,2600

2191089805,1950,2823,2608

2191090805,1945,2850,2630

2191091805,1941,2880,2640

2191092805,1940,2921,2642

2191093805,1945,2919,2638

2191094805,1936,2914,2643

2191106801,1950,2375,2579

2191107805,1955,2382,2555

2191108805,1951,2407,2525

2191109805,1954,2421,2483

2191110805,1965,2407,2464

2191111805,1958,2373,2432

2191112805,1965,2350,2403

2191113805,1966,2302,2367

2191124801,1987,1854,2011

2191125805,1987,1878,1963

2191126805,1997,1919,1920

2191127805,1996,1918,1877

2191128805,2011,1906,1840

2191129805,2018,1887,1795

2191130805,2009,1877,1763

2191131805,2000,1839,1722

2191143801,2018,1849,1418

2191144805,2031,1846,1392

2191145805,2017,1903,1367

2191146805,2022,1926,1365

2191147805,2029,1947,1351

2191148805,2015,1947,1339

2191149805,2014,1930,1335

2191150805,2026,1906,1330

2191162801,1998,2381,1430

2191163805,2000,2418,1440

2191164805,1999,2447,1458

2191165805,1990,2467,1488

2191166805,1990,2465,1519

2191167805,1991,2448,1554

2191168805,1993,2432,1589

2191169805,1985,2432,1621

2191181801,1968,2960,2003

2191182805,1955,2958,2036

2191183805,1952,2929,2092

2191184805,1965,2894,2117

2191185805,1955,2860,2165

2191186805,1965,2839,2205

2191187805,1951,2841,2240

2191188805,1946,2822,2277

2191199801,1943,2960,2501

2191200805,1942,2913,2522

2191201805,1938,2843,2541

2191202805,1941,2784,2553

2191203805,1942,2733,2576

2191204805,1946,2684,2591

2191205805,1940,2637,2604

2191206805,1939,2604,2607

2191218801,1958,2331,2480

2191219805,1959,2263,2471

2191220805,1958,2197,2448

2191221805,1968,2141,2444

2191222805,1962,2090,2425

2191223805,1962,2034,2397

2191224805,1965,1998,2371

2191225805,1968,2004,2347

2191237801,1982,1741,1947

2191238805,1967,1712,1920

2191239805,1997,1665,1898

2191240805,2002,1632,1870

2191241805,1999,1634,1834

2191242805,2010,1663,1805

2191243805,2015,1693,1766

2191244805,2000,1726,1733

2191256801,2030,1730,1475

2191257805,2014,1740,1461

2191258805,2027,1776,1456

2191259805,2018,1827,1446

2191260805,2015,1889,1442

2191261805,2011,1949,1425

2191262805,2017,2011,1418

2191263805,2018,2083,1405

2191274801,2002,2266,1527

2191275805,2000,2320,1557

2191276805,2000,2379,1575

2191277805,1986,2438,1596

2191278805,1994,2512,1614

2191279805,1989,2579,1631

2191280805,1986,2639,1647

2191281805,1986,2707,1663

2191293801,1963,2826,2061

2191294805,1963,2864,2081

2191295805,1961,2908,2110

2191296805,1963,2946,2134

2191297805,1953,2995,2157

2191298805,1958,3027,2172

2191299805,1961,3059,2198

2191300805,1949,3063,2219

2191312801,1938,2782,2485

2191313805,1957,2787,2490

2191314805,1934,2790,2487

2191315805,1947,2805,2481

2191316805,1935,2800,2495

2191317805,1951,2771,2491

2191318805,1929,2723,2492

2191319805,1951,2671,2505

2191330454,1952,2226,2434

2191331805,1966,2225,2401

2191332805,1958,2240,2374

2191333805,1967,2225,2349

2191334805,1968,2190,2330

2191335805,1972,2149,2306

2191336805,1967,2085,2293

2191348801,1998,1798,1966

2191349805,1997,1813,1924

2191350805,1998,1834,1899

2191351805,1999,1820,1872

2191352805,2003,1805,1827

2191353805,2001,1778,1813

2191354805,2003,1765,1788

2191355805,2002,1735,1763

2191367801,1997,1968,1525

2191368805,2011,1987,1511

2191369805,2014,2043,1494

2191370805,2015,2014,1494

2191371805,2007,2034,1482

2191372805,2010,2017,1488

2191373805,2013,2017,1488

2191374805,2012,2004,1490

2191386801,1996,2568,1566

2191387805,1989,2586,1590

2191388805,1997,2607,1606

2191389805,1995,2599,1631

2191390805,1993,2593,1653

2191391805,1984,2586,1687

2191392805,1983,2587,1725

2191393805,1982,2608,1741

2191405801,1963,2996,2028

2191406805,1965,2970,2055

2191407805,1968,2944,2096

2191408805,1965,2892,2128

2191409805,1955,2877,2157

2191410805,1954,2860,2179

2191411805,1963,2862,2206

2191412805,1951,2864,2224

2191424801,1949,2731,2402

2191425805,1958,2646,2418

2191426805,1959,2624,2430

2191427805,1968,2571,2442

2191428805,1949,2523,2448

2191429805,1949,2493,2453

2191430805,1953,2468,2450

2191431805,1957,2449,2453

2191443801,1971,2015,2345

2191444805,1968,1986,2335

2191445805,1974,1936,2325

2191446805,1971,1919,2306

2191447805,1983,1909,2279

2191448805,1982,1897,2256

2191449805,1985,1904,2230

2191450805,1984,1909,2197

2191462801,2002,1625,1921

2191463805,2011,1627,1904

2191464805,2007,1636,1882

2191465805,2011,1648,1856

2191466805,2005,1691,1823

2191467805,2000,1744,1805

2191468805,2005,1789,1772

2191469805,2002,1809,1755

2191481801,2005,1906,1605

2191482805,2003,1966,1595

2191483805,2013,2037,1582

2191484805,2007,2110,1583

2191485805,1999,2173,1570

2191486805,2000,2224,1554

2191487805,2006,2267,1554

2191488805,2007,2315,1552

2191500801,1988,2617,1687

2191501805,1981,2686,1707

2191502805,1972,2743,1708

2191503805,1985,2753,1727

2191504805,1975,2822,1744

2191505805,1971,2871,1757

2191506805,1977,2893,1777

2191507805,1979,2896,1795

2191519801,1953,3001,2065

2191520805,1967,3026,2089

2191521805,1954,3035,2099

2191522805,1968,3046,2127

2191523805,1968,3038,2137

2191524805,1965,3002,2159

2191525805,1954,2950,2190

2191526805,1966,2910,2209

2191538801,1957,2677,2341

2191539805,1958,2655,2342

2191540805,1958,2621,2342

2191541805,1956,2537,2349

2191542805,1965,2501,2351

2191543805,1959,2438,2358

2191544805,1966,2371,2364

2191545805,1966,2307,2367

2191557801,1978,2033,2240

2191558805,1985,1991,2223

2191559805,1979,1875,2212

2191560805,2022,1883,2192

2191561805,1996,1835,2189

2191562805,1961,1789,2160

2191563805,1987,1747,2163

2191564805,1997,1696,2143

2191576801,2011,1751,1877

2191577805,2006,1725,1867

2191578805,2007,1712,1850

2191579805,2013,1702,1840

2191580805,2001,1694,1825

2191581805,2017,1687,1810

2191582805,2011,1694,1793

2191583805,2002,1744,1778

2191595801,2002,2124,1655

2191596805,2001,2134,1645

2191597805,2000,2142,1661

2191598805,2000,2160,1662

2191599805,2003,2190,1668

2191600805,2000,2227,1662

2191601805,2000,2286,1666

2191602805,1997,2349,1665

2191614801,1978,2703,1770

2191615805,1976,2708,1791

2191616805,1977,2721,1808

2191617805,1971,2758,1836

2191618805,1969,2796,1842

2191619805,1969,2837,1858

2191620805,1972,2891,1862

2191621805,1977,2926,1872

2191633801,1962,2855,2102

2191634805,1971,2847,2125

2191635805,1965,2866,2139

2191636805,1959,2868,2145

2191637805,1958,2870,2158

2191638805,1965,2875,2174

2191639805,1967,2891,2175

2191640805,1965,2892,2181

2191652801,1958,2399,2294

2191653805,1964,2381,2299

2191654805,1971,2368,2291

2191655805,1968,2354,2290

2191656805,1968,2353,2288

2191657805,1974,2340,2266

2191658805,1966,2352,2274

2191659805,1971,2290,2266

2191671801,1987,1829,2173

2191672805,1983,1829,2167

2191673805,1993,1840,2143

2191674805,1990,1853,2128

2191675805,1995,1847,2110

2191676805,2000,1831,2093

2191677805,2000,1806,2083

2191678805,2001,1788,2056

2191690801,2003,1781,1877

2191691805,2004,1856,1867

2191692805,2002,1858,1850

2191693805,2000,1883,1832

2191694805,1995,1894,1822

2191695805,2013,1902,1805

2191696805,2000,1906,1805

2191697805,1998,1905,1794

2191709801,1987,2352,1698

2191710805,1984,2383,1712

2191711805,1997,2407,1707

2191712805,1986,2439,1712

2191713805,1996,2448,1717

2191714805,1985,2469,1725

2191715805,1989,2483,1725

2191716805,1990,2478,1735

2191728801,1979,2932,1823

2191729805,1973,2945,1826

2191730805,1974,2930,1855

2191731805,1971,2926,1872

2191732805,1969,2905,1883

2191733805,1969,2886,1891

2191734805,1974,2877,1906

2191735805,1972,2877,1933

2191747801,1969,2926,2065

2191748805,1963,2875,2095

2191749805,1968,2817,2106

2191750805,1969,2785,2118

2191751805,1957,2736,2131

2191752805,1959,2690,2144

2191753805,1968,2662,2160

2191754805,1963,2657,2164

2191766801,1981,2301,2210

2191767805,1973,2237,2208

2191768805,1978,2179,2227

2191769805,1967,2143,2227

2191770805,1978,2114,2224

2191771805,1975,2070,2222

2191772805,1984,2045,2221

2191773805,1980,2030,2208

2191785801,1995,1719,2128

2191786805,1999,1695,2125

2191787805,1995,1680,2112

2191788805,1995,1663,2107

2191789805,2000,1666,2093

2191790805,1998,1680,2080

2191791805,1997,1712,2070

2191792805,1998,1738,2038

2191804801,2005,1770,1920

2191805805,2000,1786,1913

2191806805,2010,1822,1913

2191807805,2000,1863,1886

2191808805,2001,1922,1883

2191809805,1995,1974,1865

2191810805,1999,2017,1853

2191811805,1996,2068,1840

2191823801,1991,2357,1811

2191824805,1982,2413,1801

2191825805,1983,2480,1795

2191826805,1994,2527,1792

2191827805,1985,2597,1791

2191828805,1970,2642,1775

2191829805,1987,2679,1797

2191830805,1983,2711,1794

2191842801,1973,2897,1881

2191843805,1973,2937,1888

2191844805,1968,2963,1889

2191845805,1969,2992,1895

2191846805,1973,2963,1893

2191847805,1969,3022,1906

2191848805,1974,3021,1917

2191849805,1969,2993,1920

2191861801,1983,2815,2045

2191862805,1968,2801,2055

2191863805,1968,2798,2061

2191864805,2027,2767,2073

2191865805,1965,2736,2069

2191866805,1967,2702,2079

2191867805,1973,2647,2096

2191868805,1969,2587,2099

2191880801,1987,2227,2142

2191881805,2019,2213,2143

2191882805,1984,2167,2146

2191883805,1973,2125,2147

2191884805,1980,2071,2143

2191885805,1981,2019,2153

2191886805,1983,1968,2150

2191887805,1990,1927,2151

2191899801,2000,1808,2077

2191900805,2000,1778,2078

2191901805,1999,1755,2069

2191902805,2000,1698,2067

2191903805,2002,1714,2065

2191904805,2006,1693,2064

2191905805,1997,1680,2059

2191906805,2003,1674,2046

2191918801,1989,1969,1936

2191919805,1998,1981,1930

2191920805,1997,1984,1933

2191921805,1997,1991,1925

2191922805,1994,2002,1931

2191923805,1993,2011,1919

2191924805,1998,2053,1919

2191925805,1995,2082,1909

2191937801,1980,2543,1855

2191938805,1984,2551,1856

2191939805,1986,2557,1853

2191940805,1981,2587,1859

2191941805,1978,2599,1866

2191942805,1972,2640,1866

2191943805,1981,2683,1858

2191944805,1985,2725,1863

2191956801,1973,2879,1904

2191957805,1973,2864,1907

2191958805,1976,2871,1913

2191959805,1969,2880,1920

2191960805,1973,2885,1924

2191961805,1977,2896,1913

2191962805,1961,2913,1930

2191963805,1973,2923,1936

2191975801,1968,2603,2026

2191976805,1974,2576,2023

2191977805,1967,2559,2034

2191978805,1977,2537,2032

2191979805,1982,2521,2032

2191980805,1980,2515,2031

2191981805,1975,2510,2037

2191982805,1975,2491,2033

2191994801,1980,2005,2103

2191995805,1973,1999,2110

2191996805,1991,1981,2107

2191997805,1962,1968,2103

2191998805,1987,1968,2095

2191999805,1989,1971,2096

2192000805,1991,1942,2095

2192001805,1993,1926,2093

2192013801,2001,1721,2087

2192014805,2002,1757,2083

2192015805,2003,1779,2078

2192016805,2064,1806,2064

2192017805,2000,1818,2047

2192018805,1998,1831,2054

2192019805,2000,1840,2045

2192020805,1990,1834,2039

2192032801,1987,2093,1984

2192033805,2003,2137,1981

2192034805,1984,2170,1967

2192035805,1991,2211,1962

2192036805,1984,2240,1963

2192037805,1993,2258,1951

2192038805,1987,2273,1957

2192039805,1987,2288,1954

2192051801,1968,2707,1894

2192052805,1980,2736,1891

2192053805,1984,2762,1889

2192054805,1984,2783,1887

2192055805,1983,2781,1886

2192056805,1977,2798,1887

2192057805,1973,2782,1886

2192058805,1985,2778,1898

2192070801,1979,2964,1877

2192071805,1977,2954,1881

2192072805,1969,2926,1888

2192073805,1974,2896,1888

2192074805,1979,2855,1904

2192075805,1973,2826,1909

2192076805,1977,2896,1917

2192077805,1969,2779,1917

2192089801,1977,2575,1957

2192090805,1981,2519,1967

2192091805,1977,2469,1968

2192092805,1980,2416,1971

2192093805,1982,2359,1986

2192094805,1981,2274,1993

2192095805,1975,2303,2000

2192096805,1979,2245,2000

2192108801,1973,1955,2037

2192109805,1988,1909,2061

2192110805,1998,1877,2076

2192111805,1997,1845,2067

2192112805,1991,1822,2075

2192113805,1987,1801,2080

2192114805,1995,1794,2085

2192115805,2000,1805,2080

2192127801,2001,1751,2105

2192128805,1999,1745,2097

2192129805,1997,1744,2105

2192130805,1999,1758,2097

2192131805,1993,1777,2106

2192132805,1999,1809,2096

2192133805,2010,1858,2083

2192134805,1990,1899,2034

2192146801,1984,2138,2054

2192147805,1985,2164,2042

2192148805,1980,2203,2044

2192149805,1982,2241,2032

2192150805,1973,2298,2030

2192151805,1979,2356,2015

2192152805,1977,2437,2005

2192153805,1967,2443,1995

2192164801,1975,2645,1957

2192165805,1975,2643,1941

2192166805,1983,2723,1955

2192167805,1984,2765,1936

2192168805,1983,2800,1929

2192169805,1968,2829,1984

2192170805,1981,2864,1905

2192171805,1980,2887,1898

2192183801,1973,2832,1883

2192184805,1973,2832,1894

2192185805,1981,2845,1872

2192186805,1970,2848,1867

2192187805,1981,2847,1864

2192188805,1981,2845,1861

2192189805,1979,2832,1861

2192190805,1975,2813,1859

2192202801,1984,2451,1911

2192203805,1989,2432,1904

2192204805,1986,2416,1907

2192205805,1981,2401,1907

2192206805,1985,2369,1913

2192207805,1996,2343,1907

2192208805,1991,2250,1925

2192209805,2005,2256,1943

2192220453,1997,1970,2016

2192221805,1984,1954,2010

2192222805,1991,1962,2017

2192223805,1997,1942,2028

2192224805,1991,1919,2031

2192225805,2030,1901,2031

2192226805,2000,1875,2039

2192238801,1994,1875,2112

2192239805,1992,1872,2105

2192240805,1997,1897,2112

2192241805,1989,1899,2117

2192242805,1994,1907,2113

2192243805,1991,1957,2117

2192244805,1995,1895,2126

2192245805,1997,1901,2128

2192257801,1984,2271,2107

2192258805,1981,2293,2091

2192259805,1979,2308,2091

2192260805,1984,2321,2087

2192261805,1975,2338,2080

2192262805,1977,2351,2083

2192263805,2001,2368,2082

2192264805,1982,2378,2069

2192276801,1979,2758,1977

2192277805,1973,2765,1957

2192278805,1975,2763,1961

2192279805,1968,2762,1961

2192280805,1973,2764,1952

2192281805,1970,2758,1936

2192282805,1974,2760,1936

2192283805,1981,2768,1938

2192295801,1978,2817,1845

2192296805,1987,2797,1842

2192297805,1982,2757,1850

2192298805,1998,2725,1844

2192299805,1983,2702,1846

2192300805,1968,2677,1842

2192301805,1984,2672,1847

2192302805,1991,2661,1839

2192314837,1991,2386,1859

2192315805,1987,2320,1861

2192316805,1988,2285,1869

2192317805,1989,2256,1873

2192318805,2023,2234,1874

2192319805,1980,2207,1872

2192320805,1990,2192,1890

2192321805,1993,2174,1893

2192332801,1998,1899,1986

2192333805,1999,1877,1977

2192334805,1999,1861,1991

2192335805,2000,1850,2025

2192336805,1987,1853,2023

2192337805,2000,1847,2032

2192338805,1995,1842,2037

2192339805,1964,1857,2044

2192351801,1995,1835,2140

2192352805,1991,1855,2153

2192353805,1968,1872,2154

2192354805,1973,1904,2154

2192355805,1986,1923,2158

2192356805,1989,1965,2161

2192357805,1989,2002,2162

2192358805,1999,2032,2155

2192370838,1977,2257,2166

2192371805,1978,2300,2156

2192372805,1937,2341,2155

2192373805,1978,2384,2131

2192374805,1987,2431,2135

2192375805,1959,2467,2117

2192376805,1962,2496,2110

2192377805,1978,2528,2097

2192388453,1970,2678,2013

2192389805,1967,2716,1936

2192390805,1969,2755,1984

2192391805,1973,2781,1982

2192392805,1969,2806,1961

2192393805,1968,2819,1936

2192394805,1978,2839,1910

2192406801,1983,2743,1837

2192407805,1973,2751,1839

2192408805,1982,2756,1821

2192409805,1984,2754,1810

2192410805,1983,2749,1808

2192411805,1985,2736,1806

2192412805,1987,2711,1787

2192413805,1988,2684,1794

2192425801,1995,2384,1778

2192426805,2000,2384,1799

2192427805,1961,2341,1808

2192428805,1991,2323,1807

2192429805,2001,2299,1799

2192430805,1994,2270,1855

2192431805,1988,2225,1826

2192432805,1994,2182,1846

2192444801,1998,1979,1954

2192445805,1998,1969,1962

2192446805,1998,1953,1968

2192447805,1987,1945,1988

2192448805,2001,1933,1995

2192449805,1983,1915,2027

2192450805,1991,1874,2032

2192451805,1994,1863,2043

2192463801,2006,1988,2155

2192464805,1987,1994,2160

2192465805,1987,1986,2167

2192466805,1988,1989,2176

2192467805,1984,1991,2177

2192468805,1994,2000,2194

2192469805,1985,2005,2202

2192470805,1988,2017,2208

2192482801,1985,2368,2192

2192483805,1983,2377,2187

2192484805,1968,2384,2183

2192485805,1974,2395,2175

2192486805,1970,2415,2175

2192487805,1979,2425,2165

2192488805,1970,2447,2161

2192489805,1970,2464,2149

2192501801,1981,2713,2000

2192502805,1971,2718,1995

2192503805,1975,2710,1987

2192504805,1978,2709,1973

2192505805,1978,2717,1961

2192506805,1977,2706,1951

2192507805,1969,2727,1941

2192508805,1981,2741,1930

2192520801,1953,2645,1795

2192521805,1982,2625,1790

2192522805,1991,2601,1789

2192523805,1984,2592,1781

2192524805,1986,2575,1774

2192525805,1987,2575,1781

2192526805,1998,2555,1767

2192527805,1986,2549,1766

2192539801,2005,2225,1776

2192540805,2032,2219,1749

2192541805,1998,2192,1783

2192542805,2000,2176,1793

2192543805,1991,2173,1802

2192544805,1998,2159,1807

2192545805,2000,2112,1810

2192546805,1996,2142,1814

2192558801,1989,1915,1995

2192559805,2000,1919,1988

2192560805,1994,1927,2009

2192561805,1986,1936,2016

2192562805,2002,1936,2030

2192563805,1995,1942,2039

2192564805,1990,1955,2045

2192565805,1994,1971,2070

2192577801,1962,2010,2192

2192578805,1981,2047,2213

2192579805,1978,2078,2215

2192580805,1952,2107,2213

2192581805,1962,2134,2227

2192582805,1969,2158,2233

2192583805,1971,2153,2226

2192584805,1986,2189,2256

2192596801,1965,2437,2224

2192597805,1975,2474,2210

2192598805,1936,2499,2195

2192599805,2011,2519,2189

2192600805,1973,2545,2180

2192601805,1955,2550,2171

2192602805,1968,2569,2162

2192603805,1934,2574,2151

2192615801,1975,2738,1968

2192616805,1935,2751,2000

2192617805,1971,2759,1955

2192618805,1957,2739,1939

2192619805,1970,2735,1934

2192620805,1980,2725,1914

2192621805,1979,2707,1902

2192622805,1956,2683,1894

2192634801,1990,2623,1744

2192635805,1984,2596,1740

2192636805,2032,2559,1737

2192637805,1990,2531,1728

2192638805,2016,2507,1782

2192639805,2032,2464,1730

2192640805,1991,2432,1726

2192641805,1991,2422,1719

2192653801,1974,2224,1744

2192654805,2000,2193,1747

2192655805,1984,2165,1765

2192656805,2017,2123,1775

2192657805,1991,2105,1806

2192658805,2001,2079,1797

2192659805,2002,2065,1811

2192660805,1973,2042,1889

2192672801,1984,1974,2000

2192673805,1991,1955,2006

2192674805,1999,1939,2000

2192675805,1981,1931,2057

2192676805,1999,1930,2079

2192677805,1968,1947,2087

2192678805,1986,1943,2097

2192679805,1981,1967,2114

2192691801,1978,2096,2253

2192692805,1975,2105,2258

2192693805,1971,2128,2270

2192694805,1951,2133,2273

2192695805,1968,2162,2322

2192696805,2077,2192,2274

2192697805,1987,2219,2279

2192698805,1976,2254,2273

2192710801,1991,2441,2246

2192711805,1979,2470,2230

2192712805,1962,2482,2163

2192713805,1958,2513,2209

2192714805,1968,2527,2240

2192715805,1970,2573,2185

2192716805,1971,2595,2160

2192717805,1968,2618,2149

2192729801,1986,2640,1963

2192730805,1981,2646,1951

2192731805,1978,2653,1923

2192732805,1936,2671,1904

2192733805,1975,2677,1894

2192734805,1983,2692,1872

2192735805,1980,2688,1863

2192736805,1983,2671,1821

2192748801,1998,2478,1713

2192749805,1993,2478,1711

2192750805,1979,2463,1692

2192751805,1970,2467,1687

2192752805,2001,2460,1687

2192753805,2000,2427,1680

2192754805,2000,2410,1680

2192755805,1999,2395,1681

2192767801,2003,2176,1742

2192768805,2000,2163,1745

2192769805,2000,2154,1759

2192770805,2000,2154,1770

2192771805,2000,2134,1786

2192772805,1998,2119,1799

2192773805,2003,2096,1808

2192774805,1998,2069,1837

2192786801,1998,2043,2030

2192787805,1991,2043,2044

2192788805,1997,2063,2064

2192789805,2017,2055,2069

2192790805,1987,2055,2099

2192791805,1983,2045,2114

2192792805,1987,2035,2141

2192793805,1986,2037,2156

2192805801,1971,2242,2283

2192806805,1974,2253,2285

2192807805,1977,2258,2292

2192808805,1966,2272,2291

2192809805,1971,2266,2318

2192810805,1973,2271,2305

2192811805,1970,2284,2314

2192812805,1977,2291,2304

2192824801,1969,2538,2225

2192825805,1970,2533,2216

2192826805,1952,2538,2207

2192827805,1972,2531,2187

2192828805,1967,2537,2181

2192829805,1976,2543,2176

2192830805,1968,2545,2155

2192831805,1973,2555,2143

2192843801,1974,2611,1911

2192844805,1981,2608,1903

2192845805,1983,2589,1891

2192846805,1990,2576,1859

2192847805,1983,2570,1858

2192848805,1983,2549,1842

2192849805,1997,2546,1819

2192850805,1970,2550,1814

2192862801,1981,2387,1671

2192863805,2000,2372,1680

2192864805,2003,2351,1667

2192865805,2000,2334,1673

2192866805,1998,2320,1666

2192867805,2000,2323,1663

2192868805,2000,2305,1664

2192869805,1996,2301,1663

2192881801,2006,2110,1758

2192882805,2002,2100,1771

2192883805,2000,2093,1785

2192884805,1986,2097,1799

2192885805,2000,2091,1814

2192886805,2001,2096,1825

2192887805,1997,2098,1840

2192888805,1954,2097,1858

2192900801,1991,2053,2096

2192901805,1986,2075,2111

2192902805,1999,2082,2122

2192903805,1983,2101,2136

2192904805,2011,2122,2153

2192905805,1980,2128,2161

2192906805,1984,2153,2183

2192907805,1946,2173,2194

2192919801,1972,2287,2319

2192920805,1968,2297,2323

2192921805,1985,2325,2321

2192922805,1963,2354,2320

2192923805,1969,2369,2323

2192924805,1968,2389,2320

2192925805,1974,2391,2320

2192926805,1958,2407,2320

2192938801,1971,2531,2215

2192939805,1968,2549,2193

2192940805,2013,2575,2183

2192941805,1971,2577,2163

2192942805,1962,2577,2153

2192943805,1975,2585,2129

2192944805,1974,2576,2119

2192945805,1945,2575,2097

2192957801,1985,2575,1872

2192958805,1985,2576,1853

2192959805,1998,2555,1839

2192960805,2001,2534,1811

2192961805,1984,2526,1799

2192962805,1985,2505,1786

2192963805,1993,2482,1774

2192964805,2028,2470,1757

2192976801,2002,2368,1641

2192977805,2006,2349,1641

2192978805,1968,2324,1643

2192979805,1984,2303,1647

2192980805,2003,2285,1643

2192981805,2002,2270,1648

2192982805,2010,2242,1649

2192983805,2018,2225,1654

2192995801,2000,2156,1769

2192996805,2002,2138,1789

2192997805,2001,2126,1805

2192998805,1982,2114,1824

2192999805,2001,2096,1840

2193000805,1999,2094,1865

2193001805,1999,2079,1878

2193002805,1998,2094,1902

2193014801,1983,2149,2127

2193015805,1971,2155,2148

2193016805,1982,2150,2224

2193017805,2025,2151,2187

2193018805,2005,2159,2205

2193019805,1978,2161,2218

2193020805,1978,2178,2236

2193021805,1977,2193,2242

2193033801,1969,2320,2340

2193034805,1971,2331,2341

2193035805,1957,2339,2342

2193036805,1944,2351,2342

2193037805,1971,2371,2336

2193038805,1968,2384,2339

2193039805,1963,2405,2321

2193040805,1968,2427,2320

2193052801,1973,2486,2189

2193053805,1968,2480,2173

2193054805,1970,2485,2162

2193055805,2038,2512,2142

2193056805,1974,2510,2122

2193057805,1969,2525,2097

2193058805,1978,2557,2081

2193059805,1975,2540,2063

2193071801,1985,2448,1832

2193072805,1994,2448,1808

2193073805,2000,2451,1795

2193074805,1991,2450,1778

2193075805,1999,2448,1757

2193076805,1995,2449,1745

2193077805,2000,2446,1730

2193078805,2000,2443,1715

2193090801,2000,2288,1637

2193091805,2005,2282,1637

2193092805,2003,2287,1631

2193093805,1997,2283,1633

2193094805,2015,2270,1630

2193095805,2005,2267,1642

2193096805,1968,2263,1648

2193097805,2001,2245,1647

2193109801,2000,2176,1809

2193110805,2000,2178,1823

2193111805,1999,2190,1837

2193112805,1993,2182,1858

2193113805,1990,2183,1876

2193114805,1987,2183,1900

2193115805,1995,2168,1920

2193116805,1997,2170,1944

2193127801,1984,2225,2153

2193128805,1986,2223,2173

2193129805,1955,2239,2189

2193130805,1977,2256,2199

2193131805,1970,2263,2225

2193132805,1981,2256,2235

2193133805,1971,2256,2249

2193134805,1974,2263,2271

2193146801,1968,2395,2338

2193147805,1966,2402,2339

2193148805,1972,2417,2341

2193149805,1981,2403,2343

2193150805,1968,2406,2331

2193151805,1971,2406,2337

2193152805,1975,2406,2325

2193153805,1964,2405,2320

2193165801,1980,2493,2162

2193166805,1979,2480,2146

2193167805,1982,2483,2126

2193168805,1975,2470,2118

2193169805,1986,2466,2098

2193170805,1982,2446,2077

2193171805,1983,2447,2061

2193172805,1983,2446,2031

2193183453,1991,2442,1824

2193184805,1993,2416,1798

2193185805,1966,2406,1783

2193186805,1985,2387,1773

2193187805,1995,2369,1752

2193188805,2000,2372,1739

2193189805,2000,2354,1728

2193201801,1997,2275,1620

2193202805,2007,2277,1625

2193203805,2002,2269,1629

2193204805,2010,2242,1635

2193205805,2006,2245,1633

2193206805,2002,2227,1638

2193207805,2003,2227,1641

2193208805,2006,2222,1646

2193220801,2000,2199,1797

2193221824,2000,2191,1810

2193222805,1994,2185,1835

2193223805,1979,2176,1853

2193224805,1997,2180,1871

2193225805,1997,2186,1904

2193226805,1989,2192,1909

2193227805,1993,2207,1931

2193239801,1965,2240,2165

2193240805,1985,2240,2189

2193241805,1969,2245,2192

2193242805,1973,2255,2224

2193243805,1968,2269,2235

2193244805,1973,2288,2247

2193245805,1982,2290,2260

2193246805,1969,2311,2275

2193258801,1970,2357,2353

2193259805,1968,2369,2347

2193260805,1968,2377,2352

2193261805,1975,2390,2343

2193262805,1968,2405,2342

2193263805,1965,2418,2339

2193264805,1972,2423,2323

2193265805,1965,2431,2320

2193277801,1970,2415,2162

2193278805,1968,2426,2141

2193279805,1982,2437,2128

2193280805,1980,2434,2112

2193281805,1982,2446,2084

2193282805,1979,2446,2065

2193283805,1982,2439,2035

2193284805,2053,2435,2011

2193295801,1999,2363,1815

2193296805,1995,2371,1797

2193297805,1996,2350,1776

2193298805,2001,2357,1762

2193299805,1997,2375,1745

2193300805,1995,2363,1730

2193301805,1998,2357,1713

2193302805,2000,2352,1695

2193314801,2005,2288,1630

2193315805,2002,2288,1626

2193316805,2006,2290,1632

2193317805,2007,2288,1630

2193318805,2005,2279,1641

2193319805,2019,2270,1642

2193320805,2002,2265,1648

2193321805,2006,2256,1651

2193333801,1998,2273,1822

2193334805,1986,2267,1836

2193335805,1986,2272,1854

2193336805,1987,2272,1868

2193337805,1968,2269,1891

2193338805,1991,2262,1916

2193339805,1990,2256,1932

2193340805,1981,2256,1955

2193351453,1979,2314,2158

2193352805,1977,2336,2179

2193353805,1969,2332,2201

2193354805,1982,2331,2213

2193355805,1978,2337,2229

2193356805,1979,2321,2242

2193357805,1979,2324,2262

2193369801,1965,2480,2341

2193370805,1978,2397,2339

2193371805,1973,2392,2337

2193372805,1968,2384,2338

2193373805,1973,2382,2340

2193374805,1968,2374,2334

2193375805,1968,2372,2333

2193376805,1968,2371,2323

2193388801,1975,2407,2166

2193389840,1984,2389,2149

2193390805,1982,2380,2137

2193391805,2022,2375,2116

2193392805,1980,2367,2096

2193393805,1982,2357,2080

2193394805,1982,2363,2061

2193395805,1979,2351,2041

2193407801,2000,2334,1807

2193408805,2005,2320,1797

2193409805,1997,2314,1782

2193410805,1995,2304,1761

2193411805,2000,2298,1747

2193412805,1997,2291,1735

2193413805,2000,2299,1722

2193414805,2000,2298,1710

2193426801,2001,2269,1638

2193427805,2001,2263,1637

2193428805,2009,2259,1645

2193429805,2002,2253,1651

2193430805,2005,2256,1648

2193431805,2002,2267,1658

2193432805,1995,2275,1659

2193433805,2000,2282,1670

2193445808,1993,2271,1839

2193446805,1998,2281,1863

2193447805,2009,2272,1872

2193448805,1993,2287,1873

2193449805,1995,2294,1883

2193450805,1986,2311,1922

2193451805,1984,2315,1947

2193452805,1990,2309,1957

2193464801,1970,2327,2191

2193465805,1974,2338,2210

2193466805,1979,2349,2224

2193467805,2001,2355,2238

2193468805,1965,2352,2243

2193469805,1967,2369,2251

2193470805,1968,2383,2264

2193471805,1975,2382,2274

2193483801,1968,2359,2333

2193484805,1969,2370,2326

2193485805,1967,2372,2320

2193486805,1994,2387,2325

2193487805,1968,2384,2313

2193488805,1973,2387,2301

2193489805,1999,2384,2288

2193490805,1969,2391,2285

2193502801,1975,2349,2127

2193503805,1985,2352,2101

2193504805,1983,2352,2096

2193505805,2009,2353,2064

2193506805,1985,2343,2044

2193507805,1983,2344,2021

2193508805,1969,2330,2003

2193509805,1988,2325,1994

2193521801,2000,2305,1776

2193522805,1999,2308,1759

2193523805,2000,2314,1744

2193524805,2023,2304,1731

2193525805,1997,2303,1718

2193526805,2000,2285,1710

2193527805,2000,2288,1708

2193528805,2005,2277,1703

2193540801,2003,2318,1645

2193541805,1989,2318,1650

2193542805,2000,2313,1655

2193543805,1991,2306,1660

2193544805,2001,2304,1673

2193545805,2002,2293,1679

2193546805,1999,2291,1689

2193547805,2000,2289,1698

2193559801,1991,2358,1871

2193560805,2022,2346,1895

2193561805,1986,2348,1915

2193562805,1984,2347,1925

2193563805,1989,2351,1949

2193564805,1990,2338,1975

2193565805,1987,2335,1987

2193566805,1990,2335,2005

2193578801,1977,2372,2213

2193579805,1971,2370,2233

2193580805,1968,2358,2238

2193581805,1979,2339,2250

2193582805,1971,2362,2270

2193583805,1971,2353,2277

2193584805,1979,2367,2285

2193585805,1977,2366,2293

2193597801,1984,2343,2317

2193598805,1969,2338,2313

2193599805,1975,2327,2306

2193600805,1977,2326,2300

2193601805,1979,2324,2292

2193602805,1971,2327,2283

2193603805,1978,2309,2275

2193604805,1977,2327,2259

2193616801,1990,2274,2085

2193617805,1984,2274,2069

2193618805,1982,2271,2045

2193619805,1989,2279,2030

2193620805,1981,2275,2003

2193621805,1983,2275,1989

2193622805,2019,2288,1966

2193623805,1983,2288,1943

2193635801,2000,2253,1758

2193636805,2002,2267,1747

2193637805,2000,2273,1729

2193638805,2004,2276,1717

2193639805,2000,2283,1712

2193640805,2001,2292,1703

2193641805,2000,2293,1693

2193642805,1997,2295,1683

2193653801,2006,2301,1675

2193654805,2003,2314,1680

2193655805,2000,2320,1680

2193656805,2011,2330,1680

2193657805,2003,2339,1695

2193658805,1997,2352,1701

2193659805,2000,2355,1712

2193660805,1997,2352,1723

2193672801,1983,2382,1904

2193673805,1985,2389,1917

2193674805,1986,2394,1936

2193675805,1977,2405,1951

2193676805,1982,2411,1971

2193677805,1984,2406,1986

2193678805,1983,2405,2005

2193679805,1983,2397,2019

2193691801,1978,2398,2211

2193692805,1971,2407,2225

2193693805,1979,2399,2235

2193694805,1972,2309,2247

2193695805,1968,2394,2256

2193696805,1978,2413,2262

2193697805,1969,2386,2272

2193698805,1977,2373,2283

2193709453,1987,2348,2295

2193710805,1976,2336,2291

2193711805,1973,2325,2288

2193712805,1977,2334,2281

2193713805,1979,2323,2269

2193714805,1973,2314,2266

2193715805,1968,2299,2255

2193727801,1959,2273,2096

2193728805,1987,2278,2071

2193729805,1975,2269,2059

2193730805,1993,2270,2032

2193731805,1995,2250,2015

2193732805,1981,2240,2000

2193733805,1985,2237,1979

2193734805,1990,2237,1968

2193746801,1979,2268,1776

2193747805,1999,2262,1765

2193748805,1998,2267,1760

2193749805,1998,2304,1744

2193750805,2000,2270,1732

2193751805,1997,2266,1728

2193752805,2002,2271,1712

2193753805,2003,2263,1712

2193765801,2000,2346,1683

2193766805,1997,2343,1693

2193767805,1998,2345,1697

2193768805,2003,2346,1703

2193769805,2000,2348,1712

2193770805,1994,2352,1724

2193771805,2000,2362,1732

2193772805,1998,2365,1743

2193784801,1985,2405,1907

2193785805,2043,2411,1927

2193786805,1985,2418,1937

2193787805,1985,2410,1957

2193788805,1984,2414,1981

2193789805,1985,2362,1991

2193790805,1968,2416,2007

2193791805,1982,2427,2028

2193803801,1973,2397,2208

2193804805,1985,2384,2219

2193805805,1981,2373,2227

2193806805,1973,2370,2237

2193807805,1973,2372,2242

2193808805,1981,2374,2250

2193809805,1990,2381,2266

2193810805,1971,2372,2255

2193821801,1968,2283,2277

2193822805,1979,2281,2274

2193823805,1974,2283,2269

2193824805,1969,2278,2262

2193825805,1973,2275,2250

2193826805,1977,2279,2241

2193827805,1999,2277,2239

2193828805,1973,2274,2229

2193840801,1981,2207,2079

2193841805,1988,2212,2054

2193842805,1975,2095,2032

2193843805,1991,2218,2015

2193844805,1994,2229,1997

2193845805,1985,2224,1984

2193846805,1989,2230,1966

2193847805,1989,2299,1950

2193859801,1999,2246,1781

2193860805,2005,2256,1773

2193861805,2001,2257,1761

2193862805,1936,2271,1745

2193863805,2005,2287,1744

2193864805,2004,2293,1741

2193865805,2004,2298,1722

2193866805,1996,2312,1715

2193877453,2010,2363,1714

2193878805,2000,2373,1722

2193879805,2021,2385,1725

2193880805,2000,2397,1732

2193881805,1999,2406,1733

2193882805,2000,2413,1734

2193883805,1997,2409,1747

2193895801,1984,2448,1902

2193896805,1985,2454,1914

2193897805,1984,2458,1926

2193898805,1968,2457,1937

2193899805,1987,2459,1957

2193900805,1986,2415,1974

2193901805,1932,2464,1991

2193902805,1984,2455,2000

2193914801,1978,2407,2179

2193915805,1985,2417,2184

2193916805,1972,2416,2192

2193917805,1939,2403,2209

2193918805,1984,2391,2215

2193919805,1979,2380,2223

2193920805,1975,2371,2225

2193921805,1970,2358,2244

2193933801,1979,2288,2255

2193934805,1975,2285,2251

2193935805,1974,2265,2247

2193936805,1976,2259,2245

2193937805,1981,2254,2230

2193938805,1978,2240,2224

2193939805,1991,2231,2223

2193940805,1985,2227,2213

2193952801,1984,2205,2064

2193953805,1986,2198,2042

2193954805,1997,2192,2035

2193955805,2023,2192,2013

2193956805,1991,2182,2000

2193957805,1995,2181,1987

2193958805,1997,2185,1973

2193959805,1987,2191,1958

2193971801,2001,2257,1792

2193972805,1999,2256,1782

2193973805,1998,2258,1782

2193974805,2002,2263,1771

2193975805,1998,2266,1766

2193976805,2000,2288,1758

2193977805,2000,2291,1748

2193978805,2000,2297,1743

2193989801,1996,2387,1728

2193990805,2003,2387,1737

2193991805,1998,2397,1744

2193992805,1990,2404,1746

2193993805,1997,2415,1750

2193994805,1991,2417,1759

2193995805,1997,2402,1766

2193996805,2004,2427,1774

2194008801,1987,2458,1916

2194009805,1985,2464,1927

2194010805,1986,2453,1943

2194011805,1975,2455,1959

2194012805,1982,2463,1975

2194013805,1979,2463,1987

2194014805,1981,2473,2000

2194015805,1974,2453,2014

2194027801,1979,2382,2170

2194028805,1975,2403,2187

2194029805,1979,2384,2188

2194030805,1971,2359,2194

2194031805,1975,2371,2203

2194032805,1981,2394,2205

2194033805,1989,2352,2219

2194034805,1981,2350,2224

2194045453,1986,2240,2240

2194046805,1978,2231,2240

2194047805,1975,2234,2224

2194048805,1979,2286,2223

2194049805,1982,2224,2219

2194050805,1984,2225,2208

2194051805,1982,2212,2196

2194063801,1984,2160,2079

2194064805,1991,2176,2066

2194065805,1984,2175,2053

2194066805,1984,2176,2032

2194067805,1986,2199,2021

2194068805,1983,2193,2001

2194069805,1985,2192,1989

2194070805,1995,2250,1973

2194082801,2000,2256,1830

2194083805,2000,2273,1821

2194084805,1998,2256,1808

2194085805,1999,2287,1799

2194086805,2003,2261,1781

2194087805,1995,2363,1783

2194088805,1975,2318,1785

2194089805,2001,2292,1770

2194101801,1998,2419,1744

2194102805,1996,2432,1744

2194103805,1990,2452,1747

2194104805,1991,2445,1759

2194105805,1987,2533,1769

2194106805,1986,2419,1771

2194107805,2063,2463,1781

2194108805,1984,2462,1791

2194120801,1986,2505,1909

2194121805,1991,2494,1919

2194122805,1984,2487,1933

2194123805,1989,2489,1951

2194124805,1984,2497,1968

2194125805,1985,2481,1978

2194126805,1981,2473,1981

2194127805,1985,2480,2036

2194139801,1976,2399,2138

2194140805,2001,2381,2164

2194141805,1971,2384,2159

2194142805,1974,2356,2179

2194143805,1979,2352,2189

2194144805,1970,2341,2188

2194145805,1985,2320,2192

2194146805,1984,2301,2197

2194157801,1983,2232,2208

2194158805,1979,2224,2211

2194159805,1986,2212,2205

2194160805,1970,2209,2203

2194161805,1971,2227,2194

2194162805,1983,2178,2192

2194163805,1983,2189,2190

2194164805,1980,2189,2185

2194176801,2034,2158,2061

2194177805,1988,2154,2047

2194178805,1989,2155,2033

2194179805,1991,2151,2029

2194180805,1983,2166,2016

2194181805,1986,2160,2002

2194182805,1990,2167,1993

2194183805,1990,2172,1979

2194195801,1993,2263,1841

2194196805,1999,2275,1839

2194197805,1997,2278,1825

2194198805,1995,2290,1826

2194199805,2000,2306,1810

2194200805,1989,2307,1807

2194201805,1991,2319,1796

2194202805,1993,2339,1787

2194213453,1995,2437,1778

2194214805,1991,2445,1775

2194215805,1999,2444,1779

2194216805,1991,2448,1783

2194217805,1992,2463,1786

2194218805,1990,2467,1799

2194219805,1989,2481,1799

2194231801,1987,2496,1903

2194232805,1984,2496,1905

2194233805,1973,2495,1921

2194234805,1983,2496,1935

2194235805,1982,2487,1949

2194236805,1985,2483,1958

2194237805,1985,2485,1966

2194238805,1972,2483,1978

2194250801,1981,2365,2119

2194251805,1984,2369,2128

2194252805,1981,2365,2151

2194253805,1974,2351,2141

2194254805,1984,2352,2145

2194255805,1985,2335,2154

2194256805,1980,2338,2182

2194257805,1975,2327,2143

2194269801,1978,2190,2194

2194270805,1987,2195,2195

2194271805,1977,2192,2192

2194272805,1979,2192,2185

2194273805,1981,2190,2175

2194274805,1981,2177,2176

2194275805,1984,2181,2165

2194276805,1985,2165,2162

2194288801,1987,2144,2063

2194289805,1993,2160,2063

2194290805,1993,2162,2039

2194291805,1991,2174,2032

2194292805,1984,2177,2018

2194293805,1993,2179,2005

2194294805,1968,2183,2000

2194295805,1991,2186,1984

2194307801,1991,2297,1863

2194308805,1997,2315,1858

2194309805,1995,2311,1846

2194310805,1986,2322,1840

2194311805,1986,2331,1839

2194312805,2001,2347,1827

2194313805,1984,2355,1825

2194314805,2000,2352,1816

2194325801,1990,2455,1792

2194326805,1997,2478,1796

2194327805,1994,2489,1797

2194328805,1989,2487,1801

2194329805,1989,2492,1802

2194330805,2018,2497,1808

2194331805,1993,2495,1811

2194332805,1989,2493,1817

2194344801,1995,2512,1914

2194345805,1983,2519,1911

2194346805,1984,2507,1924

2194347805,1994,2499,1935

2194348805,1984,2474,1951

2194349805,1981,2478,1961

2194350805,1986,2451,1963

2194351805,1989,2462,1974

2194363801,1981,2365,2095

2194364805,1978,2357,2110

2194365805,1979,2345,2112

2194366805,1983,2326,2123

2194367805,1975,2304,2131

2194368805,1981,2299,2133

2194369805,1979,2288,2146

2194370805,1984,2277,2148

2194381453,1980,2189,2170

2194382805,1984,2175,2171

2194383805,1987,2160,2170

2194384805,1980,2191,2167

2194385805,1987,2144,2176

2194386805,1981,2093,2163

2194387805,1982,2141,2160

2194399801,1984,2139,2086

2194400805,1994,2150,2081

2194401805,1985,2145,2070

2194402805,1989,2137,2059

2194403805,1985,2140,2027

2194404805,1985,2151,2039

2194405805,1990,2159,2021

2194406805,1979,2193,2013

2194418801,1993,2336,1907

2194419805,1995,2294,1893

2194420805,1993,2303,1886

2194421805,1989,2313,1875

2194422805,1998,2357,1870

2194423805,1990,2347,1860

2194424805,1990,2354,1859

2194425805,1986,2370,1846

2194437801,2000,2471,1821

2194438805,1989,2478,1815

2194439805,1983,2494,1813

2194440805,1994,2494,1820

2194441805,1985,2498,1822

2194442805,1982,2512,1817

2194443805,1998,2512,1826

2194444805,1990,2505,1823

2194456801,1987,2506,1904

2194457805,1985,2496,1906

2194458805,1991,2509,1904

2194459805,1981,2486,1934

2194460805,1980,2491,1935

2194461805,1983,2491,1934

2194462805,1990,2478,1951

2194463805,1986,2479,1955

2194475801,2015,2347,2070

2194476805,1986,2342,2083

2194477805,1984,2327,2087

2194478805,1981,2320,2093

2194479805,1984,2304,2099

2194480805,1984,2300,2112

2194481805,1984,2288,2114

2194482805,1988,2282,2117

2194493801,1984,2175,2156

2194494805,1985,2162,2160

2194495805,1984,2166,2151

2194496805,1941,2159,2147

2194497805,1987,2166,2159

2194498805,1984,2146,2159

2194499805,1983,2140,2151

2194500805,1989,2133,2157

2194512801,1979,2154,2083

2194513805,1990,2160,2075

2194514805,1985,2147,2069

2194515805,1989,2175,2054

2194516805,1987,2176,2039

2194517805,1989,2181,2030

2194518805,1990,2181,2032

2194519805,1987,2187,2016

2194531801,1995,2327,1917

2194532805,1989,2335,1907

2194533805,1987,2341,1895

2194534805,1987,2353,1889

2194535805,1983,2365,1890

2194536805,1984,2371,1874

2194537805,1989,2384,1866

2194538805,1986,2385,1872

2194549453,1992,2498,1826

2194550805,1993,2496,1829

2194551805,1991,2508,1829

2194552805,1984,2510,1831

2194553805,1988,2512,1823

2194554805,1985,2506,1832

2194555805,1977,2512,1825

2194567801,1994,2514,1887

2194568805,1991,2512,1887

2194569805,1991,2499,1893

2194570805,1986,2496,1904

2194571805,1985,2491,1906

2194572805,1988,2480,1917

2194573805,1983,2462,1929

2194574805,1983,2449,1940

2194586801,1983,2345,2039

2194587817,1989,2337,2042

2194588805,1986,2315,2059

2194589805,1981,2275,2064

2194590805,2012,2294,2077

2194591805,1985,2275,2079

2194592805,1984,2267,2090

2194593805,1985,2260,2095

2194605801,1986,2160,2139

2194606805,1987,2151,2111

2194607805,1997,2144,2147

2194608805,1971,2143,2134

2194609805,1979,2129,2145

2194610805,1986,2128,2155

2194611805,1986,2145,2128

2194612805,1985,2135,2154

2194624801,1993,2150,2095

2194625805,1993,2146,2100

2194626805,1987,2161,2083

2194627805,1991,2165,2067

2194628805,1984,2177,2086

2194629805,1985,2185,2055

2194630805,1991,2199,2046

2194631805,1984,2192,2047

2194643801,1983,2324,1948

2194644805,1987,2346,1926

2194645805,1989,2338,1932

2194646805,1984,2357,1947

2194647805,1987,2377,1914

2194648805,1997,2375,1953

2194649805,1970,2406,1897

2194650805,1984,2417,1904

2194662801,1987,2503,1844

2194663805,1991,2497,1791

2194664805,1994,2514,1850

2194665805,1978,2516,1815

2194666805,1986,2522,1829

2194667805,1963,2518,1807

2194668805,1988,2529,1825

2194669805,1987,2592,1838

2194681801,1994,2485,1886

2194682805,1986,2486,1885

2194683805,1991,2485,1883

2194684805,1991,2476,1888

2194685805,1984,2480,1907

2194686805,1991,2439,1916

2194687805,1970,2445,1909

2194688805,1987,2436,1932

2194700801,1987,2304,2031

2194701805,1982,2310,2036

2194702805,1984,2299,2099

2194703805,1989,2275,2047

2194704805,1983,2270,2063

2194705805,1989,2253,2118

2194706805,1991,2250,2079

2194707805,1982,2231,2077

2194719801,1983,2150,2125

2194720805,1990,2155,2160

2194721805,1987,2141,2122

2194722805,1985,2131,2124

2194723805,1984,2134,2131

2194724805,1985,2128,2109

2194725805,1999,2128,2084

2194726805,1987,2126,2135

2194738801,1986,2192,2089

2194739805,1989,2192,2095

2194740805,1984,2197,2078

2194741805,1989,2195,2081

2194742805,1993,2208,2069

2194743805,1984,2207,2064

2194744805,1986,2224,2055

2194745805,1987,2229,2063

2194757801,1985,2366,1946

2194758805,1985,2384,1947

2194759805,1983,2382,1929

2194760805,1990,2387,1933

2194761805,1984,2403,1922

2194762805,1992,2416,1906

2194763805,1984,2422,1909

2194764805,1994,2425,1901

2194776801,2017,2512,1843

2194777805,1989,2507,1855

2194778805,1988,2507,1851

2194779805,1985,2507,1839

2194780805,1988,2513,1842

2194781805,1996,2513,1851

2194782805,1990,2515,1840

2194783805,1983,2513,1840

2194795801,2057,2467,1881

2194796805,1991,2453,1893

2194797805,1989,2448,1900

2194798805,2010,2433,1904

2194799805,2011,2423,1911

2194800805,1982,2430,1909

2194801805,1989,2411,1924

2194802805,1988,2393,1922

2194814801,1984,2263,2026

2194815805,1989,2252,2032

2194816805,1983,2241,2032

2194817805,1994,2238,2036

2194818805,1981,2230,2055

2194819805,1987,2227,2057

2194820805,1984,2225,2068

2194821805,1988,2211,2067

2194833801,1988,2133,2131

2194834805,1990,2137,2128

2194835805,1985,2143,2134

2194836805,1989,2143,2130

2194837805,1983,2149,2127

2194838805,1988,2143,2128

2194839805,1984,2147,2134

2194840805,1978,2147,2131

2194851801,1983,2192,2106

2194852805,1985,2211,2099

2194853805,1985,2221,2103

2194854805,1987,2224,2081

2194855805,1986,2239,2077

2194856805,1987,2254,2073

2194857805,1982,2257,2068

2194858805,1991,2270,2064

2194870801,1987,2383,1963

2194871805,1985,2403,1955

2194872805,1990,2415,2012

2194873805,1986,2420,1937

2194874805,1986,2438,1935

2194875805,1987,2469,1921

2194876805,1987,2445,1917

2194877805,1975,2450,1915

2194889801,1988,2512,1856

2194890805,1984,2515,1849

2194891805,1985,2517,1841

2194892805,1984,2522,1847

2194893805,1985,2517,1841

2194894805,2000,2507,1840

2194895805,1990,2510,1844

2194896805,1988,2497,1839

2194907453,1985,2454,1863

2194908805,1994,2445,1867

2194909805,1990,2435,1876

2194910805,1990,2430,1887

2194911805,1991,2419,1891

2194912805,1987,2368,1895

2194913805,1989,2386,1904

2194925801,1987,2288,1947

2194926805,1979,2273,2000

2194927805,1986,2256,2000

2194928805,1972,2250,2000

2194929805,1989,2243,2032

2194930805,1988,2269,2044

2194931805,1986,2211,2035

2194932805,1990,2202,2083

2194944801,1988,2159,2112

2194945805,1984,2151,2128

2194946805,1982,2147,2126

2194947805,1984,2147,2128

2194948805,1985,2144,2129

2194949805,1995,2143,2143

2194950805,1985,2141,2130

2194951805,1987,2144,2135

2194963801,1984,2211,2110

2194964805,1983,2218,2107

2194965805,1984,2235,2111

2194966805,1984,2234,2098

2194967805,1987,2245,2095

2194968805,1984,2176,2095

2194969805,1977,2256,2086

2194970805,1983,2279,2078

2194982801,1981,2390,1978

2194983805,2010,2399,1967

2194984805,1986,2405,1968

2194985805,1987,2415,1959

2194986805,1982,2421,1951

2194987805,1985,2434,1939

2194988805,1987,2448,1937

2194989805,1978,2457,1926

2195001801,1990,2487,1859

2195002805,1996,2497,1847

2195003805,1985,2491,1855

2195004805,1989,2497,1843

2195005805,1987,2502,1845

2195006805,1995,2498,1847

2195007805,1986,2494,1840

2195008805,1984,2497,1840

2195019801,1991,2429,1859

2195020805,1995,2430,1870

2195021805,1994,2410,1867

2195022805,1987,2407,1867

2195023805,1986,2405,1873

2195024805,1998,2394,1873

2195025805,1994,2385,1879

2195026805,1990,2383,1890

2195038801,1981,2256,1989

2195039805,1990,2244,1990

2195040805,1991,2240,2000

2195041805,1990,2237,2001

2195042805,1990,2231,2015

2195043805,1989,2224,2029

2195044805,1968,2214,2033

2195045805,1989,2213,2041

2195057801,1991,2163,2123

2195058805,1985,2160,2122

2195059805,2000,2169,2122

2195060805,1993,2163,2128

2195061805,1986,2168,2138

2195062805,1988,2172,2137

2195063805,1985,2166,2141

2195064805,1993,2176,2139

2195075453,1984,2227,2128

2195076805,1980,2236,2124

2195077805,1982,2253,2123

2195078805,1979,2256,2113

2195079805,1982,2268,2122

2195080805,1986,2282,2105

2195081805,1981,2278,2097

2195093801,1989,2384,2010

2195094805,1984,2395,2000

2195095805,1991,2413,1990

2195096805,1989,2422,1975

2195097805,1984,2425,1973

2195098805,1987,2428,1959

2195099805,1981,2442,1955

2195100805,1984,2447,1941

2195112801,2007,2486,1867

2195113805,1998,2493,1862

2195114805,1987,2492,1855

2195115805,2000,2479,1847

2195116805,1990,2480,1842

2195117805,1990,2486,1841

2195118805,1988,2480,1839

2195119805,1991,2477,1838

2195131801,1998,2384,1842

2195132805,1993,2405,1851

2195133805,1995,2401,1855

2195134805,1991,2390,1856

2195135805,1991,2385,1859

2195136805,1985,2377,1857

2195137805,1996,2320,1871

2195138805,1995,2361,1872

2195150801,1984,2271,1966

2195151805,1995,2251,1977

2195152805,1991,2246,1987

2195153805,1986,2226,1994

2195154805,1989,2228,2012

2195155805,1990,2227,2016

2195156805,1991,2213,2030

2195157805,1987,2207,2021

2195169801,1967,2177,2102

2195170805,1987,2179,2128

2195171805,1985,2177,2133

2195172805,1981,2169,2136

2195173805,1984,2167,2140

2195174805,1984,2183,2145

2195175805,1987,2185,2150

2195176805,1984,2193,2142

2195187801,1983,2243,2138

2195188805,1983,2256,2135

2195189805,1993,2259,2135

2195190805,1982,2267,2126

2195191805,1982,2273,2126

2195192805,1982,2284,2119

2195193805,1989,2290,2117

2195194805,1984,2304,2118

2195206801,1985,2390,2013

2195207805,1981,2406,2005

2195208805,1984,2406,2027

2195209805,1981,2419,2000

2195210805,2017,2418,1975

2195211805,1991,2430,1968

2195212805,1984,2439,1953

2195213805,1986,2445,1947

2195225837,2031,2470,1877

2195226805,1984,2465,1853

2195227805,1994,2469,1853

2195228805,1989,2461,1846

2195229805,1990,2469,1841

2195230805,1987,2466,1835

2195231805,1968,2468,1834

2195232805,1995,2469,1829

2195243453,1994,2398,1838

2195244805,1998,2391,1829

2195245805,1991,2388,1835

2195246805,1993,2384,1843

2195247805,1997,2379,1845

2195248805,1991,2371,1861

2195249805,1994,2363,1872

2195261801,1985,2259,1947

2195262805,1987,2262,1952

2195263805,1985,2257,1968

2195264805,1982,2249,1975

2195265805,1984,2244,1984

2195266805,1983,2242,1988

2195267805,1986,2234,2001

2195268805,1993,2230,2012

2195280801,1984,2193,2117

2195281836,1946,2194,2116

2195282805,1983,2202,2128

2195283805,1984,2194,2128

2195284805,1984,2193,2132

2195285805,1983,2209,2137

2195286805,1977,2167,2136

2195287805,1984,2203,2146

2195299801,1989,2259,2151

2195300805,1979,2270,2128

2195301805,1974,2282,2145

2195302805,1985,2277,2138

2195303805,1981,2291,2137

2195304805,1977,2293,2128

2195305805,1983,2305,2129

2195306805,1985,2311,2125

2195318801,1984,2389,2026

2195319805,1981,2397,2014

2195320805,1994,2403,2000

2195321805,1981,2413,1995

2195322805,1984,2414,1991

2195323805,1987,2416,1975

2195324805,1986,2422,1968

2195325805,1990,2433,1966

2195337801,1989,2458,1866

2195338805,1987,2448,1855

2195339805,1984,2449,1843

2195340805,1993,2451,1842

2195341805,1987,2446,1836

2195342805,1991,2438,1839

2195343805,1990,2423,1828

2195344805,1993,2444,1823

2195356801,1998,2378,1827

2195357805,1995,2377,1821

2195358805,1998,2374,1831

2195359805,1993,2362,1835

2195360805,1986,2350,1842

2195361805,1997,2352,1850

2195362805,1991,2344,1854

2195363805,1990,2335,1849

2195375801,1994,2263,1967

2195376805,1994,2247,1965

2195377805,1981,2245,1971

2195378805,1985,2247,1994

2195379805,1990,2231,2000

2195380805,1996,2241,2000

2195381805,1987,2231,2016

2195382805,1987,2227,2022

2195394801,1979,2205,2123

2195395805,1986,2210,2128

2195396805,1984,2210,2141

2195397805,1978,2224,2141

2195398805,1989,2221,2143

2195399805,1993,2222,2146

2195400805,1983,2226,2158

2195401805,1984,2234,2160

2195413801,1983,2273,2156

2195414805,1982,2288,2144

2195415805,1986,2288,2146

2195416805,1984,2304,2138

2195417805,1983,2303,2130

2195418805,1983,2311,2134

2195419805,1983,2321,2129

2195420805,1975,2327,2125

2195432801,1984,2384,2015

2195433805,1983,2401,2011

2195434805,1988,2405,1998

2195435805,1984,2415,1986

2195436805,1983,2416,1968

2195437805,1984,2416,1968

2195438805,1986,2415,1953

2195439805,1987,2426,1939

2195451801,1995,2435,1840

2195452805,1996,2435,1840

2195453805,1993,2435,1835

2195454805,1993,2430,1829

2195455805,1997,2422,1821

2195456805,1991,2427,1824

2195457805,1987,2419,1826

2195458805,1986,2412,1808

2195470801,1995,2373,1823

2195471805,1997,2365,1821

2195472805,1995,2351,1831

2195473805,1990,2358,1831

2195474805,1993,2340,1840

2195475805,1996,2342,1844

2195476805,1998,2329,1863

2195477805,1997,2328,1868

2195489801,1987,2266,1962

2195490805,1994,2259,1970

2195491805,1991,2252,1984

2195492805,1985,2250,2000

2195493805,1986,2247,2002

2195494805,1991,2235,2019

2195495805,1984,2234,2019

2195496805,1981,2227,2035

2195508801,1983,2235,2135

2195509805,1990,2238,2142

2195510805,1981,2238,2154

2195511805,1981,2238,2161

2195512805,1985,2231,2160

2195513805,1990,2240,2160

2195514805,1986,2245,2162

2195515805,1975,2243,2171

2195527801,1980,2303,2154

2195528805,1981,2306,2155

2195529805,1981,2304,2141

2195530805,1983,2307,2141

2195531805,1990,2308,2135

2195532805,1982,2320,2127

2195533805,1980,2326,2117

2195534805,1983,2331,2113

2195546801,1984,2386,1994

2195547805,1984,2400,1986

2195548805,1985,2395,1973

2195549805,1995,2390,1968

2195550805,1984,2400,1949

2195551805,1989,2406,1941

2195552805,1984,2411,1933

2195553805,1986,2416,1926

2195565801,1990,2414,1836

2195566805,1993,2407,1830

2195567805,1993,2409,1821

2195568805,1986,2406,1821

2195569805,1999,2404,1814

2195570805,1996,2406,1808

2195571805,2001,2404,1814

2195572805,1991,2402,1806

2195584801,2000,2351,1830

2195585805,1998,2345,1840

2195586805,1994,2338,1837

2195587805,1995,2333,1840

2195588805,2000,2326,1846

2195589805,2000,2323,1856

2195590805,1999,2329,1872

2195591805,2000,2327,1872

2195603801,1986,2263,1975

2195604805,1991,2261,1991

2195605805,1987,2266,2002

2195606805,1992,2259,2005

2195607805,1989,2259,2019

2195608805,1989,2259,2032

2195609805,1983,2256,2044

2195610805,1987,2258,2062

2195622801,1979,2250,2154

2195623805,1985,2251,2163

2195624805,1984,2256,2159

2195625805,1985,2256,2160

2195626805,1989,2256,2161

2195627805,1991,2257,2161

2195628805,1984,2265,2166

2195629805,1977,2273,2175

2195641801,1983,2315,2149

2195642805,1973,2317,2143

2195643805,1978,2319,2135

2195644805,1984,2320,2137

2195645805,1971,2326,2123

2195646805,1984,2335,2116

2195647805,1983,2340,2109

2195648805,1978,2336,2099

2195660801,1984,2384,1982

2195661805,1990,2390,1972

2195662805,1994,2388,1969

2195663805,1987,2395,1949

2195664805,1987,2393,1936

2195665805,1990,2386,1926

2195666805,1993,2398,1924

2195667805,1988,2398,1918

2195679801,1995,2407,1826

2195680805,1989,2396,1822

2195681805,1989,2391,1813

2195682805,1998,2391,1809

2195683805,1994,2385,1808

2195684805,1998,2383,1808

2195685805,1997,2381,1808

2195686805,2000,2384,1803

2195698801,1993,2342,1827

2195699805,1989,2343,1837

2195700805,1997,2334,1843

2195701805,1995,2332,1857

2195702805,1993,2321,1858

2195703805,1986,2327,1871

2195704805,1997,2320,1872

2195705805,1997,2314,1887

2195717801,1989,2272,2000

2195718805,1988,2276,2013

2195719805,1985,2274,2018

2195720805,1982,2273,2035

2195721805,1988,2271,2042

2195722805,1990,2269,2053

2195723805,1983,2270,2065

2195724805,1987,2268,2086

2195736801,1995,2266,2161

2195737805,1982,2263,2166

2195738805,1981,2267,2176

2195739805,1949,2272,2172

2195740805,1975,2274,2168

2195741805,1983,2280,2173

2195742805,1987,2285,2178

2195743805,1981,2289,2171

2195755801,1985,2315,2144

2195756805,1981,2309,2133

2195757805,1984,2323,2137

2195758805,1984,2327,2119

2195759805,1983,2323,2119

2195760805,1986,2339,2103

2195761805,1989,2335,2097

2195762805,1983,2345,2094

2195774801,1989,2370,1965

2195775805,1994,2371,1951

2195776805,1985,2380,1945

2195777805,1995,2384,1939

2195778805,1986,2383,1926

2195779805,2021,2379,1905

2195780805,1968,2384,1921

2195781805,1991,2384,1892

2195793801,1999,2379,1813

2195794805,1997,2381,1813

2195795805,1990,2378,1808

2195796805,1995,2380,1815

2195797805,1999,2383,1803

2195798805,1970,2378,1805

2195799805,2000,2373,1802

2195800805,2000,2371,1804

2195812801,1998,2345,1840

2195813805,1984,2338,1847

2195814805,1998,2337,1855

2195815805,1980,2336,1859

2195816805,1991,2331,1886

2195817805,1990,2326,1874

2195818805,1990,2323,1895

2195819805,1990,2325,1899

2195831801,1989,2293,2015

2195832805,1987,2291,2029

2195833805,1988,2287,2043

2195834805,1966,2288,2059

2195835805,1989,2285,2067

2195836805,1985,2288,2047

2195837805,1988,2274,2083

2195838805,1984,2284,2086

2195850801,1963,2281,2161

2195851805,1981,2283,2170

2195852805,1995,2282,2183

2195853805,1984,2285,2167

2195854805,1987,2275,2178

2195855805,1977,2279,2173

2195856805,1978,2287,2176

2195857805,1981,2287,2173

2195869801,1984,2307,2128

2195870805,1981,2320,2121

2195871805,1983,2323,2118

2195872805,1978,2320,2108

2195873805,1981,2314,2103

2195874805,2002,2320,2085

2195875805,1983,2324,2085

2195876805,1987,2329,2065

2195888801,1993,2357,1940

2195889805,2014,2357,1941

2195890805,1978,2362,1936

2195891805,1989,2358,1919

2195892805,1987,2362,1906

2195893805,1991,2362,1897

2195894805,1987,2365,1900

2195895805,1989,2370,1879

2195907801,1998,2367,1813

2195908840,1999,2373,1791

2195909805,2014,2368,1810

2195910805,1998,2367,1804

2195911805,1994,2367,1797

2195912805,2000,2374,1808

2195913805,1999,2370,1806

2195914805,1995,2367,1798

2195926801,1994,2347,1853

2195927805,1987,2336,1866

2195928805,1996,2341,1871

2195929805,1997,2342,1873

2195930805,1995,2340,1882

2195931805,1991,2336,1898

2195932805,1983,2336,1913

2195933805,1991,2333,1918

2195945801,1984,2306,2039

2195946805,1985,2306,2043

2195947805,1984,2304,2053

2195948805,1986,2297,2064

2195949805,1984,2298,2081

2195950805,1987,2297,2083

2195951805,1990,2301,2097

2195952805,1981,2297,2107

2195964801,1982,2289,2193

2195965805,1975,2290,2173

2195966805,1971,2290,2165

2195967805,1978,2288,2170

2195968805,1994,2287,2167

2195969805,2014,2288,2167

2195970805,1981,2290,2170

2195971805,1983,2287,2171

2195982801,1984,2319,2123

2195983805,1979,2307,2114

2195984805,1983,2313,2110

2195985805,1983,2311,2096

2195986805,1983,2311,2098

2195987805,1984,2319,2078

2195988805,1985,2314,2067

2195989805,1987,2316,2060

2196001801,1991,2351,1936

2196002805,1984,2347,1926

2196003805,2013,2351,1920

2196004805,1987,2352,1910

2196005805,1996,2354,1895

2196006805,1991,2353,1893

2196007805,1991,2355,1888

2196008805,1985,2352,1878

2196020801,1994,2377,1810

2196021805,2002,2376,1807

2196022805,2000,2375,1813

2196023805,1994,2369,1810

2196024805,2000,2368,1808

2196025805,1997,2367,1808

2196026805,1990,2368,1802

2196027805,1997,2363,1808

2196038453,1985,2352,1855

2196039805,1994,2354,1866

2196040805,1989,2352,1872

2196041805,1999,2357,1877

2196042805,1970,2347,1889

2196043805,1968,2349,1899

2196044805,1984,2345,1907

2196056801,1984,2321,2026

2196057805,1995,2319,2033

2196058805,1986,2311,2034

2196059805,1984,2309,2045

2196060805,1977,2306,2060

2196061805,1963,2306,2082

2196062805,1983,2299,2085

2196063805,1987,2309,2097

2196075801,2033,2291,2160

2196076842,1983,2289,2160

2196077805,1981,2287,2170

2196078805,1981,2286,2170

2196079805,2005,2284,2171

2196080805,2023,2285,2163

2196081805,1983,2288,2162

2196082805,1963,2288,2169

2196094801,1985,2292,2123

2196095805,1984,2290,2111

2196096805,1981,2299,2106

2196097805,1985,2303,2103

2196098805,1983,2298,2095

2196099805,1973,2295,2081

2196100805,1985,2303,2075

2196101805,1978,2307,2063

2196113801,1989,2330,1945

2196114805,1988,2338,1936

2196115805,2018,2335,1932

2196116805,1981,2345,1917

2196117805,1985,2345,1909

2196118805,2000,2343,1898

2196119805,2000,2343,1891

2196120805,2012,2352,1878

2196132830,1991,2366,1799

2196133805,1995,2369,1819

2196134805,1995,2366,1810

2196135805,2013,2366,1819

2196136805,2000,2366,1808

2196137805,2000,2374,1808

2196138805,1994,2368,1809

2196139805,1990,2377,1807

2196151801,1998,2362,1866

2196152805,1993,2369,1872

2196153805,1990,2358,1879

2196154805,1994,2367,1886

2196155805,1990,2363,1894

2196156805,1985,2361,1904

2196157805,1993,2357,1917

2196158805,1987,2358,1923

2196170801,1974,2334,2035

2196171805,1984,2331,2046

2196172805,1985,2321,2064

2196173805,2000,2320,2064

2196174805,1993,2333,2080

2196175805,2003,2311,2086

2196176805,1984,2316,2089

2196177805,1985,2316,2101

2196189801,1989,2288,2151

2196190805,1977,2290,2163

2196191805,1982,2291,2160

2196192805,1981,2288,2160

2196193805,1983,2291,2162

2196194805,1979,2284,2162

2196195805,1983,2277,2160

2196196805,1975,2281,2161

2196208801,1986,2291,2109

2196209805,1979,2288,2096

2196210805,1991,2288,2085

2196211805,1984,2288,2083

2196212805,1984,2288,2075

2196213805,1984,2288,2064

2196214805,1981,2291,2057

2196215805,1984,2295,2043

2196227801,1991,2330,1933

2196228805,1961,2323,1931

2196229805,1984,2325,1914

2196230805,1985,2334,1903

2196231805,1987,2335,1903

2196232805,1997,2337,1889

2196233805,1993,2335,1884

2196234805,1998,2343,1874

2196246801,2000,2367,1823

2196247805,1995,2369,1820

2196248805,1999,2368,1822

2196249805,2000,2369,1818

2196250805,1991,2371,1814

2196251805,2026,2380,1805

2196252805,1993,2371,1819

2196253805,1999,2375,1824

2196265801,1997,2375,1889

2196266805,1987,2377,1890

2196267805,1991,2371,1903

2196268805,1987,2365,1904

2196269805,1982,2359,1914

2196270805,2010,2364,1921

2196271805,1997,2369,1930

2196272805,1988,2359,1943

2196284801,1983,2331,2053

2196285805,1982,2326,2064

2196286805,1979,2329,2071

2196287805,1982,2322,2081

2196288805,1981,2323,2080

2196289805,1979,2326,2096

2196290805,1991,2314,2094

2196291805,1986,2310,2103

2196303801,2005,2281,2157

2196304805,1981,2275,2157

2196305805,2036,2279,2159

2196306805,1988,2278,2159

2196307805,1975,2281,2160

2196308805,1983,2284,2155

2196309805,1975,2277,2157

2196310805,1989,2278,2150

2196322801,1911,2276,2096

2196323805,1989,2271,2084

2196324805,1987,2281,2077

2196325805,1981,2283,2071

2196326805,1985,2288,2059

2196327805,1983,2283,2052

2196328805,1977,2288,2035

2196329805,1983,2288,2031

2196341801,1991,2324,1918

2196342805,1994,2331,1910

2196343805,1993,2321,1907

2196344805,1968,2332,1902

2196345805,1991,2333,1885

2196346805,1997,2343,1888

2196347805,1995,2342,1872

2196348805,1995,2342,1872

2196360801,1999,2368,1827

2196361805,1989,2383,1825

2196362805,1997,2378,1818

2196363805,1997,2384,1831

2196364805,1997,2383,1835

2196365805,1998,2384,1831

2196366805,1989,2383,1840

2196367805,2001,2384,1844

2196379801,1994,2384,1902

2196380805,1984,2384,1902

2196381805,1990,2385,1904

2196382805,1989,2382,1917

2196383805,1985,2378,1931

2196384805,1987,2374,1936

2196385805,1997,2370,1947

2196386805,1989,2368,1951

2196398801,1997,2333,2064

2196399805,1985,2319,2077

2196400805,1983,2328,2081

2196401805,1985,2329,2087

2196402805,1991,2317,2096

2196403805,1984,2317,2096

2196404805,1981,2309,2105

2196405805,1994,2309,2107

2196417801,1984,2275,2148

2196418805,1987,2267,2149

2196419805,1983,2270,2153

2196420805,1967,2277,2155

2196421805,1987,2267,2145

2196422805,1974,2265,2144

2196423805,1983,2267,2143

2196424805,1982,2265,2135

2196436801,1984,2263,2077

2196437805,1984,2274,2067

2196438805,1987,2273,2064

2196439805,1963,2279,2047

2196440805,2026,2279,2032

2196441805,1994,2282,2032

2196442805,1989,2275,2021

2196443805,1989,2281,2015

2196455801,1995,2326,1911

2196456805,1987,2323,1904

2196457805,1994,2321,1901

2196458805,1937,2333,1889

2196459805,1991,2334,1891

2196460805,1993,2337,1877

2196461805,1987,2349,1869

2196462805,1991,2346,1863

2196474801,1991,2379,1833

2196475805,1987,2386,1830

2196476805,2017,2387,1828

2196477805,1984,2391,1834

2196478805,1991,2397,1840

2196479805,1986,2394,1839

2196480805,1995,2397,1843

2196481805,1998,2399,1843

2196493801,1987,2387,1905

2196494805,1987,2384,1920

2196495805,1982,2389,1927

2196496805,1986,2384,1935

2196497805,1984,2380,1942

2196498805,1986,2374,1946

2196499805,1991,2378,1963

2196500805,1986,2368,1969

2196512801,1987,2329,2067

2196513805,1984,2320,2077

2196514805,1983,2320,2083

2196515805,1978,2320,2093

2196516805,1984,2318,2098

2196517805,1985,2313,2096

2196518805,1982,2305,2110

2196519805,1984,2311,2113

2196531801,1983,2271,2142

2196532805,1979,2262,2141

2196533805,1983,2258,2133

2196534805,1985,2263,2142

2196535805,1983,2260,2131

2196536805,1979,2256,2130

2196537805,1989,2253,2127

2196538805,2123,2258,2128

2196550801,1983,2272,2061

2196551805,1985,2265,2039

2196552805,1985,2254,2051

2196553805,1990,2273,2032

2196554805,1985,2275,2029

2196555805,1993,2274,2017

2196556805,1995,2283,2011

2196557805,1981,2279,2000

2196569801,1987,2334,1904

2196570805,1987,2333,1904

2196571805,1990,2338,1898

2196572805,1962,2335,1894

2196573805,1994,2349,1879

2196574805,1987,2347,1877

2196575805,1990,2355,1872

2196576805,1990,2355,1870

2196588801,1999,2395,1845

2196589805,1989,2401,1847

2196590805,1993,2390,1846

2196591805,1987,2399,1846

2196592805,1991,2394,1854

2196593805,1999,2399,1854

2196594805,1962,2403,1856

2196595805,1995,2397,1850

2196607801,1990,2395,1922

2196608805,1991,2385,1931

2196609805,1994,2384,1943

2196610805,1994,2385,1941

2196611805,1988,2375,1959

2196612805,1991,2381,1958

2196613805,1984,2372,1968

2196614805,1987,2369,1983

2196626801,1978,2326,2076

2196627805,1979,2305,2071

2196628805,1985,2307,2083

2196629805,1980,2314,2085

2196630805,1984,2305,2093

2196631805,1983,2298,2101

2196632805,1982,2295,2106

2196633805,1978,2298,2111

2196645801,1968,2256,2128

2196646805,1986,2257,2128

2196647805,1987,2256,2125

2196648805,1983,2241,2128

2196649805,1985,2253,2128

2196650805,1986,2256,2121

2196651805,1982,2251,2123

2196652805,1961,2273,2114

2196664801,1993,2261,2035

2196665805,1990,2269,2032

2196666805,1983,2271,2032

2196667805,2012,2273,2020

2196668805,1989,2273,2017

2196669805,1985,2280,2006

2196670805,1986,2285,1998

2196671805,1982,2291,1990

2196683801,1989,2343,1906

2196684805,1990,2350,1901

2196685805,1995,2349,1890

2196686805,1989,2358,1893

2196687805,1985,2366,1882

2196688805,1990,2361,1879

2196689805,2001,2363,1875

2196690805,1994,2365,1865

2196702801,1990,2411,1854

2196703805,1990,2413,1843

2196704805,2013,2412,1855

2196705805,1999,2416,1851

2196706805,2005,2416,1856

2196707805,1997,2419,1863

2196708805,1991,2415,1869

2196709805,1998,2416,1867

2196721801,1983,2396,1938

2196722805,1984,2390,1943

2196723805,1982,2387,1994

2196724805,1991,2379,1956

2196725805,1987,2374,1968

2196726805,1984,2374,1967

2196727805,1979,2369,1968

2196728805,1987,2370,1986

2196740801,1985,2317,2070

2196741805,1984,2307,2074

2196742805,1983,2299,2087

2196743805,1984,2303,2086

2196744805,1978,2291,2095

2196745805,1987,2288,2100

2196746805,1983,2286,2099

2196747805,1984,2285,2102

2196759801,1985,2252,2128

2196760805,1983,2242,2125

2196761805,1982,2243,2116

2196762805,1977,2240,2122

2196763805,1986,2242,2113

2196764805,1985,2242,2111

2196765805,1979,2244,2101

2196766805,1981,2243,2109

2196777801,1982,2258,2047

2196778805,1991,2268,2035

2196779805,1968,2271,2028

2196780805,1994,2273,2016

2196781805,1986,2272,2015

2196782805,1984,2277,2005

2196783805,1999,2269,1998

2196784805,1970,2285,1991

2196796801,1982,2348,1907

2196797805,1994,2352,1902

2196798805,1989,2366,1899

2196799805,1989,2359,1892

2196800805,1990,2368,1902

2196801805,1997,2368,1886

2196802805,1990,2375,1883

2196803805,1999,2374,1872

2196815801,1991,2414,1861

2196816805,1989,2413,1859

2196817805,1986,2417,1868

2196818805,1998,2417,1862

2196819805,1987,2416,1872

2196820805,1987,2416,1865

2196821805,1999,2416,1869

2196822805,2000,2424,1874

2196833453,1986,2368,1925

2196834805,1987,2394,1936

2196835805,1986,2384,1947

2196836805,1991,2390,1949

2196837805,1985,2384,1967

2196838805,1986,2377,1968

2196839805,1984,2370,1965

2196851801,1984,2313,2064

2196852805,1982,2317,2054

2196853805,1985,2304,2067

2196854805,1968,2303,2064

2196855805,1981,2294,2073

2196856805,1985,2289,2087

2196857805,1983,2288,2096

2196858805,1984,2285,2098

2196870801,1985,2250,2114

2196871805,1980,2237,2116

2196872805,1985,2243,2112

2196873805,1974,2240,2113

2196874805,1985,2238,2111

2196875805,1985,2238,2109

2196876805,1981,2236,2108

2196877805,1983,2237,2112

2196889801,1981,2258,2043

2196890805,1987,2263,2099

2196891805,1984,2267,2039

2196892805,2019,2271,2022

2196893805,1990,2275,2030

2196894805,1987,2274,2013

2196895805,1989,2288,2011

2196896805,2000,2291,1999

2196908801,1989,2351,1930

2196909805,1997,2353,1920

2196910805,1987,2367,1917

2196911805,1979,2366,1906

2196912805,1986,2368,1903

2196913805,1991,2367,1895

2196914805,1989,2376,1890

2196915805,1994,2375,1877

2196927829,1989,2416,1869

2196928805,1990,2417,1869

2196929805,1990,2420,1863

2196930805,1987,2418,1867

2196931805,1998,2418,1866

2196932805,1993,2420,1868

2196933805,1997,2425,1872

2196934805,1994,2416,1874

2196946801,1990,2390,1939

2196947805,2000,2394,1937

2196948805,1986,2381,1947

2196949805,2019,2382,1948

2196950805,1984,2381,1955

2196951805,1990,2373,1967

2196952805,1993,2366,1971

2196953805,1987,2367,1974

2196965801,1984,2298,2058

2196966805,1982,2292,2063

2196967805,1987,2293,2070

2196968805,1985,2287,2071

2196969805,1985,2286,2074

2196970805,1979,2277,2076

2196971805,1987,2298,2087

2196972805,1983,2269,2091

2196984801,1989,2240,2111

2196985805,1984,2235,2109

2196986805,1985,2238,2112

2196987805,2001,2237,2109

2196988805,1985,2231,2102

2196989805,1990,2239,2097

2196990805,1984,2234,2096

2196991805,1986,2236,2101

2197003801,1991,2266,2037

2197004805,1987,2261,2032

2197005805,1990,2272,2032

2197006805,1991,2282,2023

2197007805,1979,2287,2016

2197008805,1989,2289,2003

2197009805,1999,2298,2002

2197010805,1994,2299,1987

2197022801,1985,2362,1925

2197023805,1986,2358,1917

2197024805,1995,2368,1909

2197025805,1993,2368,1911

2197026805,1987,2382,1904

2197027805,1991,2381,1894

2197028805,1991,2384,1891

2197029805,1990,2388,1893

2197041801,2000,2421,1870

2197042805,2013,2427,1875

2197043805,1990,2418,1872

2197044805,1996,2418,1872

2197045805,1991,2426,1873

2197046805,1990,2423,1878

2197047805,1994,2423,1879

2197048805,1997,2417,1879

2197060801,1987,2384,1939

2197061805,1968,2384,1943

2197062805,1983,2378,1946

2197063805,2031,2371,1954

2197064805,1980,2364,1954

2197065805,1984,2369,1965

2197066805,1984,2358,1973

2197067805,1984,2355,1981

2197079801,1985,2293,2064

2197080805,1982,2287,2065

2197081805,1989,2277,2065

2197082805,2027,2277,2064

2197083805,1989,2272,2078

2197084805,1987,2275,2077

2197085805,1985,2258,2081

2197086805,1979,2254,2086

2197098801,1970,2237,2112

2197099805,1991,2241,2103

2197100805,1984,2240,2103

2197101805,2002,2234,2105

2197102805,1989,2237,2105

2197103805,1971,2237,2098

2197104805,1985,2237,2093

2197105805,1981,2247,2099

2197117801,1987,2274,2005

2197118805,1988,2278,2032

2197119805,1993,2291,2026

2197120805,1987,2288,2021

2197121805,1985,2288,2007

2197122805,1986,2295,2016

2197123805,1989,2302,2000

2197124805,1983,2306,1991

2197135801,1990,2368,1930

2197136805,1985,2368,1906

2197137805,1991,2377,1918

2197138805,1989,2374,1913

2197139805,1994,2384,1907

2197140805,1987,2384,1901

2197141805,1987,2390,1904

2197142805,1989,2395,1891

2197154801,1991,2416,1872

2197155805,1989,2417,1874

2197156805,1987,2431,1878

2197157805,1993,2416,1873

2197158805,1989,2417,1876

2197159805,1987,2416,1873

2197160805,1986,2415,1876

2197161805,1984,2414,1878

2197173801,1998,2383,1936

2197174805,1999,2371,1949

2197175805,1990,2373,1949

2197176805,1990,2363,1957

2197177805,1984,2363,1960

2197178805,1984,2336,1968

2197179805,1994,2356,1973

2197180805,2000,2339,1977

2197191453,1984,2297,2039

2197192805,1985,2302,2055

2197193805,1987,2278,2062

2197194805,1982,2281,2067

2197195805,1982,2269,2038

2197196805,1990,2275,2066

2197197805,1981,2263,2082

2197209801,2047,2231,2103

2197210805,1987,2239,2102

2197211805,1989,2223,2099

2197212805,1961,2235,2096

2197213805,1987,2234,2101

2197214805,1982,2221,2091

2197215805,1994,2241,2098

2197216805,1993,2246,2096

2197228801,1991,2281,2046

2197229805,1985,2279,2045

2197230805,1987,2283,2055

2197231805,1993,2285,2032

2197232805,1990,2287,2032

2197233805,1984,2301,2026

2197234805,1988,2302,2014

2197235805,1984,2312,2011

2197247801,1997,2368,1936

2197248805,1988,2372,1935

2197249805,1986,2370,1904

2197250805,1962,2379,1927

2197251805,1999,2393,1927

2197252805,1991,2394,1904

2197253805,1991,2399,1908

2197254805,1989,2389,1905

2197266801,1999,2423,1875

2197267805,1993,2421,1877

2197268805,1996,2416,1822

2197269805,2009,2416,1878

2197270805,1990,2418,1811

2197271805,1991,2419,1878

2197272805,1963,2419,1886

2197273805,1994,2416,1929

2197285801,1983,2365,1928

2197286805,1985,2372,1931

2197287805,1985,2366,1908

2197288805,1986,2367,1955

2197289805,1991,2325,1942

2197290805,1985,2355,1949

2197291805,2001,2352,1965

2197292805,1984,2351,1954

2197303801,1984,2293,2026

2197304805,1984,2288,2039

2197305805,1985,2277,2051

2197306805,1986,2278,2033

2197307805,1989,2273,2059

2197308805,1985,2266,2061

2197309805,1989,2256,2064

2197310805,1985,2268,2065

2197322801,1991,2241,2103

2197323805,1987,2238,2110

2197324805,1994,2233,2098

2197325805,1968,2240,2097

2197326805,1984,2241,2103

2197327805,1983,2237,2102

2197328805,1978,2242,2081

2197329805,1990,2231,2093

2197341801,1979,2283,2055

2197342805,1985,2279,2022

2197343805,1989,2289,2043

2197344805,1989,2292,2032

2197345805,1997,2291,2001

2197346805,1985,2307,2026

2197347805,1983,2315,2017

2197348805,1984,2307,1975

2197359453,1983,2365,1954

2197360805,1987,2367,1936

2197361805,1991,2377,1936

2197362805,1985,2375,1924

2197363805,1985,2381,1921

2197364805,1989,2394,1926

2197365805,1982,2390,1905

2197377801,2000,2415,1886

2197378805,1989,2420,1877

2197379805,1990,2417,1881

2197380805,2007,2414,1885

2197381805,1988,2419,1887

2197382805,1991,2411,1887

2197383805,1994,2411,1879

2197384805,1987,2416,1877

2197396801,1983,2415,1914

2197397805,2011,2375,1925

2197398805,1986,2369,1930

2197399805,1999,2362,1924

2197400805,1990,2362,1933

2197401805,1984,2355,1936

2197402805,1979,2352,1946

2197403805,1987,2346,1953

2197415801,1990,2276,2021

2197416805,1985,2285,2021

2197417805,1975,2282,2027

2197418805,1970,2278,2035

2197419805,1987,2277,2043

2197420805,1987,2262,2047

2197421805,1935,2267,2045

2197422805,1987,2263,2064

2197434801,1979,2249,2096

2197435805,1989,2238,2099

2197436805,1984,2247,2096

2197437805,1987,2243,2099

2197438805,1984,2245,2097

2197439805,1986,2248,2095

2197440805,1984,2249,2102

2197441805,1983,2199,2101

2197453801,1985,2295,2055

2197454805,1985,2288,2063

2197455805,1984,2297,2039

2197456805,1995,2298,2047

2197457805,1994,2306,2034

2197458805,1984,2301,2033

2197459805,1987,2316,2032

2197460805,1989,2317,2029

2197471801,1994,2368,1949

2197472805,1997,2374,1951

2197473805,2017,2379,1943

2197474805,1989,2379,1936

2197475805,1984,2367,1935

2197476805,1990,2384,1929

2197477805,1988,2353,1920

2197478805,1983,2394,1916

2197490801,1999,2416,1891

2197491805,1985,2410,1878

2197492805,2000,2384,1879

2197493805,1997,2417,1879

2197494805,1987,2382,1874

2197495805,1989,2415,1877

2197496805,1986,2403,1883

2197497805,1987,2407,1887

2197509801,1965,2368,1915

2197510805,1998,2334,1918

2197511805,1988,2361,1927

2197512805,1987,2355,1927

2197513805,1984,2351,1936

2197514805,1989,2349,1936

2197515805,1989,2347,1951

2197516805,1985,2340,1951

2197527453,1982,2293,2011

2197528805,1999,2288,2014

2197529805,1986,2281,2011

2197530805,1986,2266,2031

2197531805,1986,2275,2059

2197532805,1982,2273,2042

2197533805,1990,2272,2064

2197545801,1984,2249,2099

2197546805,1986,2276,2080

2197547805,1986,2249,2096

2197548805,2078,2246,2109

2197549805,1982,2244,2123

2197550805,1981,2247,2139

2197551805,1987,2247,2095

2197552805,1981,2243,2083

2197564801,1990,2263,2070

2197565805,1990,2283,2070

2197566805,1990,2285,2064

2197567805,1988,2291,2065

2197568805,1984,2298,2039

2197569805,1969,2303,2026

2197570805,1982,2310,2115

2197571805,1991,2314,2027

2197583801,1975,2368,1958

2197584805,1982,2366,1904

2197585805,1984,2371,1907

2197586805,1986,2370,1954

2197587805,1985,2380,1891

2197588805,1987,2387,1938

2197589805,1987,2384,1910

2197590805,1983,2393,1951

2197602801,1988,2413,1879

2197603805,1985,2411,1901

2197604805,1988,2405,1847

2197605805,1991,2411,1869

2197606805,1987,2407,1879

2197607805,1987,2402,1852

2197608805,1988,2405,1887

2197609805,1985,2403,1895

2197621801,2000,2364,1909

2197622805,1994,2361,1909

2197623805,1997,2362,1905

2197624805,1989,2352,1988

2197625805,1990,2352,1937

2197626805,1984,2350,1904

2197627805,1989,2343,1935

2197628805,1988,2342,1931

2197639801,1979,2290,2001

2197640805,1987,2290,1986

2197641805,1985,2289,2017

2197642805,1985,2282,2019

2197643805,1993,2278,2054

2197644805,1985,2276,2090

2197645805,1984,2266,2015

2197646805,1990,2272,2039

2197658801,1979,2255,2100

2197659805,1983,2249,2064

2197660805,1985,2250,2098

2197661805,1983,2255,2035

2197662805,1985,2256,2081

2197663805,1982,2253,2085

2197664805,1984,2256,2092

2197665805,1991,2256,2117

2197677801,1984,2288,2064

2197678805,1984,2288,2064

2197679805,1984,2295,2064

2197680805,1987,2298,2054

2197681805,1997,2302,2064

2197682805,1984,2314,2043

2197683805,1984,2317,2032

2197684805,1985,2318,2033

2197695453,2027,2357,1979

2197696805,2000,2366,1965

2197697805,1989,2369,1952

2197698805,1989,2366,1957

2197699805,1997,2379,1941

2197700805,1990,2384,1950

2197701805,1982,2384,1936

2197713801,1990,2405,1893

2197714805,1999,2405,1875

2197715805,1984,2401,1881

2197716805,1996,2394,1878

2197717805,1986,2405,1889

2197718805,1984,2394,1877

2197719805,1993,2392,1875

2197720805,1994,2401,1877

2197732801,2000,2369,1904

2197733805,1991,2366,1902

2197734805,1989,2358,1904

2197735805,1989,2359,1913

2197736805,1990,2355,1910

2197737805,1987,2352,1918

2197738805,1973,2352,1930

2197739805,1991,2341,1935

2197751801,1982,2297,2001

2197752805,1987,2288,2004

2197753805,1980,2286,2011

2197754805,1988,2283,2015

2197755805,1998,2283,2025

2197756805,1994,2276,2025

2197757805,1989,2273,2032

2197758805,1986,2271,2037

2197770801,1985,2258,2091

2197771805,1981,2256,2094

2197772805,1990,2256,2097

2197773805,1985,2257,2101

2197774805,1984,2256,2096

2197775805,1983,2256,2097

2197776805,1986,2257,2098

2197777805,1983,2259,2109

2197789801,1983,2288,2071

2197790805,1980,2295,2074

2197791805,1979,2302,2074

2197792805,1984,2305,2064

2197793805,1984,2305,2064

2197794805,1989,2311,2059

2197795805,1994,2309,2044

2197796805,1990,2317,2043

2197807801,1985,2359,1983

2197808805,1999,2377,1966

2197809805,1987,2363,1962

2197810805,1991,2367,1964

2197811805,1989,2373,1943

2197812805,1991,2383,1941

2197813805,1989,2382,1943

2197814805,1994,2384,1934

2197826801,1996,2486,1857

2197827805,1987,2393,1885

2197828805,1991,2396,1879

2197829805,1986,2395,1879

2197830805,1990,2391,1883

2197831805,1984,2397,1870

2197832805,1999,2395,1877

2197833805,1987,2395,1872

2197845801,1994,2368,1899

2197846805,1991,2356,1902

2197847805,1990,2354,1938

2197848805,1992,2358,1927

2197849805,1984,2351,1920

2197850805,1990,2348,1923

2197851805,1988,2343,1968

2197852805,1987,2337,1931

2197863453,1986,2303,1986

2197864805,1959,2295,2009

2197865805,1993,2288,2007

2197866805,1984,2288,1990

2197867805,1985,2289,2015

2197868805,1985,2288,2032

2197869805,1984,2286,2034

2197881801,1986,2262,2101

2197882805,1980,2258,2149

2197883805,1989,2258,2043

2197884805,1985,2263,2151

2197885805,1988,2262,2100

2197886805,1981,2259,2097

2197887805,1979,2265,2102

2197888805,1981,2272,2099

2197900801,1983,2288,2097

2197901805,1984,2291,2074

2197902805,1977,2291,2090

2197903805,1975,2301,2065

2197904805,1989,2304,2019

2197905805,1987,2310,2065

2197906805,1985,2307,2032

2197907805,1982,2317,2054

2197919801,1984,2369,1986

2197920805,1987,2358,1985

2197921805,1985,2358,1966

2197922805,1988,2359,1966

2197923805,1991,2363,1951

2197924805,1987,2368,1946

2197925805,1994,2373,1939

2197926805,1989,2377,1961

2197938801,1993,2385,1889

2197939805,1995,2396,1865

2197940805,1989,2384,1886

2197941805,1984,2387,1881

2197942805,1990,2383,1847

2197943805,1991,2385,1831

2197944805,1985,2384,1843

2197945805,1994,2384,1882

2197957801,2000,2357,1897

2197958805,1993,2358,1889

2197959805,1989,2357,1854

2197960805,1995,2352,1905

2197961805,1998,2351,1913

2197962805,1989,2351,1833

2197963805,1997,2346,1907

2197964805,1971,2339,1927

2197975801,1985,2301,1989

2197976805,1975,2303,1999

2197977805,1989,2299,2000

2197978805,1979,2290,2000

2197979805,1982,2291,2016

2197980805,1989,2293,2025

2197981805,1986,2288,2014

2197982805,1983,2288,2001

2197994801,1987,2271,2094

2197995805,1985,2271,2089

2197996805,1987,2267,2096

2197997805,1985,2274,2096

2197998805,1984,2274,2099

2197999805,1983,2271,2099

2198000805,1981,2272,2096

2198001805,1981,2273,2096

2198013801,1987,2293,2090

2198014805,1984,2294,2081

2198015805,1985,2303,2079

2198016805,1986,2303,2071

2198017805,1961,2304,2077

2198018805,1979,2306,2060

2198019805,1970,2313,2062

2198020805,1984,2320,2054

2198031453,1983,2352,1991

2198032805,1969,2352,1982

2198033805,1986,2359,1971

2198034805,1990,2351,1968

2198035805,1997,2357,1954

2198036805,1994,2353,1956

2198037805,1991,2368,1951

2198049801,1995,2379,1894

2198050805,1993,2381,1891

2198051805,1986,2384,1891

2198052805,1988,2383,1879

2198053805,1984,2383,1882

2198054805,1988,2382,1885

2198055805,1993,2384,1874

2198056805,1995,2384,1877

2198068801,1985,2364,1887

2198069805,1991,2358,1887

2198070805,1987,2361,1904

2198071805,1991,2362,1898

2198072805,1990,2353,1905

2198073805,1995,2352,1910

2198074805,1989,2347,1913

2198075805,1991,2347,1931

2198087801,1994,2313,1984

2198088805,1987,2307,1992

2198089805,1993,2312,1989

2198090805,1991,2302,1987

2198091805,1988,2305,2003

2198092805,1987,2302,2015

2198093805,1989,2292,2021

2198094805,1986,2297,2026

2198106801,1984,2273,2091

2198107805,1983,2276,2106

2198108805,1984,2285,2089

2198109805,1985,2275,2085

2198110805,1984,2270,2097

2198111805,1984,2278,2099

2198112805,1986,2273,2099

2198113805,2007,2287,2107

2198125801,1989,2291,2093

2198126805,1982,2295,2084

2198127805,1965,2297,2080

2198128805,1983,2304,2071

2198129805,1981,2306,2073

2198130805,1985,2306,2058

2198131805,1983,2306,2064

2198132805,1983,2313,2058

2198143801,1985,2342,1989

2198144805,1990,2352,1982

2198145805,1990,2349,1972

2198146805,1994,2354,1971

2198147805,1993,2352,1966

2198148805,1984,2353,1961

2198149805,1983,2352,1951

2198150805,1985,2358,1943

2198162801,1994,2384,1891

2198163805,1985,2378,1875

2198164805,1991,2379,1874

2198165805,1990,2381,1903

2198166805,1988,2384,1885

2198167805,1989,2374,1879

2198168805,1995,2384,1875

2198169805,1986,2375,1883

2198181801,1997,2357,1891

2198182805,1988,2355,1884

2198183805,1991,2355,1900

2198184805,2006,2358,1919

2198185805,1989,2355,1901

2198186805,1991,2352,1905

2198187805,1997,2354,1909

2198188805,1989,2348,1912

2198199453,1989,2243,1982

2198200805,1990,2308,1986

2198201805,1985,2318,1991

2198202805,1983,2307,2000

2198203805,1989,2305,2010

2198204805,1985,2307,2015

2198205805,1983,2301,2011

2198217801,1989,2288,2085

2198218805,1986,2287,2078

2198219805,1987,2286,2087

2198220805,1981,2288,2084

2198221805,1989,2287,2102

2198222805,1987,2279,2096

2198223805,1990,2283,2100

2198224805,1984,2281,2101

2198236801,1986,2295,2096

2198237805,2013,2291,2095

2198238805,1986,2298,2090

2198239805,1988,2299,2077

2198240805,1982,2298,2074

2198241805,1985,2303,2075

2198242805,1986,2302,2069

2198243805,1981,2306,2065

2198255801,1989,2334,1982

2198256805,1996,2339,1988

2198257805,1986,2347,1983

2198258805,1991,2346,1979

2198259805,1985,2343,1962

2198260805,1988,2351,1968

2198261805,1986,2349,1961

2198262805,1985,2357,1947

2198274801,1998,2367,1893

2198275805,1993,2370,1885

2198276805,1993,2368,1888

2198277805,2013,2370,1891

2198278805,1981,2373,1872

2198279805,1982,2378,1881

2198280805,1989,2378,1876

2198281805,1985,2368,1879

2198293801,1995,2357,1892

2198294805,1996,2356,1905

2198295805,1984,2358,1894

2198296805,2001,2358,1889

2198297805,1994,2354,1901

2198298805,1991,2354,1914

2198299805,1987,2355,1914

2198300805,1986,2348,1922

2198311801,1985,2320,2027

2198312805,2000,2318,1975

2198313805,1990,2320,1987

2198314805,1985,2318,2000

2198315805,1987,2314,2001

2198316805,1985,2309,2006

2198317805,1985,2309,2012

2198318805,1985,2305,2021

2198330801,1983,2290,2082

2198331805,1986,2289,2081

2198332805,1988,2281,2101

2198333805,1981,2287,2092

2198334805,1985,2288,2093

2198335805,1984,2287,2096

2198336805,1986,2279,2096

2198337805,1989,2283,2096

2198349801,1984,2286,2085

2198350805,1990,2293,2089

2198351805,1988,2293,2081

2198352805,1989,2300,2075

2198353805,1987,2304,2077

2198354805,1984,2295,2071

2198355805,1981,2305,2066

2198356805,1982,2307,2062

2198367453,1990,2323,1999

2198368805,1996,2333,1990

2198369805,1985,2333,1982

2198370805,1981,2339,1973

2198371805,1985,2338,1974

2198372805,1991,2340,1968

2198373805,1985,2340,1964

2198385801,1996,2363,1902

2198386805,1989,2369,1902

2198387805,1991,2368,1888

2198388805,1997,2373,1891

2198389805,1990,2363,1878

2198390805,1983,2367,1883

2198391805,1994,2373,1872

2198392805,1999,2373,1882

2198404801,1993,2367,1887

2198405805,1993,2366,1889

2198406805,1993,2358,1903

2198407805,1994,2363,1901

2198408805,1990,2362,1893

2198409805,1986,2362,1903

2198410805,2001,2357,1907

2198411805,1986,2354,1905

2198423801,1984,2323,1970

2198424805,1988,2323,1984

2198425805,1995,2323,1979

2198426805,1986,2321,1995

2198427805,1989,2301,1987

2198428805,1986,2317,2006

2198429805,1988,2310,2010

2198430805,1990,2310,2016

2198442801,1981,2289,2074

2198443805,1971,2293,2080

2198444805,1983,2288,2087

2198445805,2005,2290,2095

2198446805,1987,2286,2092

2198447805,1970,2284,2095

2198448805,1983,2282,2090

2198449805,1982,2283,2096

2198461836,2002,2290,2085

2198462805,1998,2291,2091

2198463805,1984,2294,2082

2198464805,1983,2288,2082

2198465805,1984,2293,2077

2198466805,1984,2294,2075

2198467805,1984,2299,2069

2198468805,1984,2301,2064

2198479801,1990,2323,2000

2198480805,1983,2335,1991

2198481805,1985,2325,1984

2198482805,1989,2331,1979

2198483805,1995,2331,1974

2198484805,1982,2336,1973

2198485805,1991,2341,1964

2198486805,1987,2341,1961

2198498801,1995,2364,1906

2198499805,1995,2365,1894

2198500805,1985,2365,1877

2198501805,1990,2368,1883

2198502805,1997,2363,1890

2198503805,1994,2368,1895

2198504805,1997,2371,1885

2198505805,1995,2368,1889

2198517824,1991,2360,1890

2198518805,1991,2367,1889

2198519805,1991,2365,1890

2198520805,1989,2361,1899

2198521805,1995,2363,1904

2198522805,1989,2363,1906

2198523805,1997,2357,1911

2198524805,1988,2355,1914

2198535451,1981,2339,1975

2198536805,1981,2326,1979

2198537805,1991,2326,1991

2198538805,1987,2327,1999

2198539805,1995,2327,1998

2198540805,1988,2325,2000

2198541805,1985,2319,2003

2198553801,1986,2298,2070

2198554805,1988,2288,2071

2198555805,1968,2293,2067

2198556805,1983,2292,2079

2198557805,1986,2290,2087

2198558805,1983,2291,2080

2198559805,1984,2295,2094

2198560805,1983,2285,2091

2198572801,2015,2287,2087

2198573805,1978,2291,2085

2198574805,1984,2289,2081

2198575805,1989,2290,2081

2198576805,1985,2290,2081

2198577805,1981,2293,2078

2198578805,1981,2297,2074

2198579805,1986,2295,2078

2198591801,1989,2319,2001

2198592805,1987,2320,1997

2198593805,1990,2320,1992

2198594805,1984,2325,1987

2198595805,1997,2327,1984

2198596805,1986,2330,1972

2198597805,1991,2331,1968

2198598805,1990,2330,1970

2198610801,1989,2366,1898

2198611805,1994,2361,1904

2198612805,1995,2366,1897

2198613805,1995,2364,1890

2198614805,1990,2367,1900

2198615805,1993,2364,1889

2198616805,1990,2370,1885

2198617805,1993,2368,1891

2198629801,1989,2369,1936

2198630805,1990,2364,1893

2198631805,1985,2369,1902

2198632805,1989,2368,1905

2198633805,1987,2368,1902

2198634805,1998,2365,1907

2198635805,1986,2365,1905

2198636805,1989,2368,1910

2198648801,1990,2342,1968

2198649805,1984,2333,1979

2198650805,1987,2333,1992

2198651805,1986,2340,1986

2198652805,1983,2336,2018

2198653805,1990,2322,2005

2198654805,1968,2318,2000

2198655805,1987,2318,2007

2198667801,1984,2294,2078

2198668805,1986,2291,2078

2198669805,1984,2294,2074

2198670805,1987,2289,2083

2198671805,1988,2293,2085

2198672805,1985,2287,2089

2198673805,1985,2283,2087

2198674805,1985,2288,2088

2198686801,1987,2289,2083

2198687805,1984,2291,2081

2198688805,1989,2283,2083

2198689805,1984,2288,2074

2198690805,1986,2289,2070

2198691805,1981,2292,2066

2198692805,1986,2288,2064

2198693805,1987,2298,2067

2198705801,1988,2317,1994

2198706805,1984,2317,1993

2198707805,1978,2322,1984

2198708805,1990,2320,1975

2198709805,1990,2323,1971

2198710805,1983,2322,1973

2198711805,1999,2331,1959

2198712805,1986,2335,1967

2198724801,1989,2361,1906

2198725805,1985,2358,1903

2198726805,1994,2359,1890

2198727805,1989,2363,1899

2198728805,1993,2363,1895

2198729805,1989,2368,1890

2198730805,1989,2371,1889

2198731805,1987,2373,1889

2198743801,2000,2368,1902

2198744805,1989,2366,1899

2198745805,1987,2363,1904

2198746805,1981,2368,1904

2198747805,1987,2368,1907

2198748805,1988,2363,1908

2198749805,1993,2359,1920

2198750805,1984,2358,1920

2198762801,1985,2342,1984

2198763805,1997,2331,1988

2198764805,1986,2332,1992

2198765805,1990,2329,1993

2198766805,1993,2325,2000

2198767805,1985,2327,2016

2198768805,1987,2325,2013

2198769805,1986,2317,2019

2198781801,1983,2298,2077

2198782805,1987,2292,2080

2198783805,1981,2288,2079

2198784805,1987,2298,2086

2198785805,1982,2291,2089

2198786805,1984,2289,2080

2198787805,1983,2288,2095

2198788805,1981,2288,2095

2198800801,1985,2287,2081

2198801805,1987,2288,2075

2198802805,1985,2288,2070

2198803805,2001,2289,2013

2198804805,1981,2291,2064

2198805805,1980,2288,2064

2198806805,1983,2293,2059

2198807805,1984,2288,2047

2198819801,1989,2319,1993

2198820805,1984,2320,1981

2198821805,1984,2320,1972

2198822805,1987,2325,1970

2198823805,1990,2329,1973

2198824805,1984,2325,1963

2198825805,1984,2333,1961

2198826805,1982,2334,1951

2198837801,1999,2355,1907

2198838805,1988,2359,1897

2198839805,1984,2365,1901

2198840805,1995,2363,1903

2198841805,1987,2375,1902

2198842805,1991,2371,1891

2198843805,1993,2368,1901

2198844805,1991,2365,1891

2198856801,1991,2375,1907

2198857805,1988,2381,1904

2198858805,1986,2376,1859

2198859805,1995,2369,1906

2198860805,1997,2368,1910

2198861805,1991,2367,1921

2198862805,1987,2362,1919

2198863805,1990,2367,1921

2198875801,1988,2338,1983

2198876805,1983,2342,1977

2198877805,1991,2336,1987

2198878805,1989,2331,1989

2198879805,1984,2327,2000

2198880805,1983,2323,2015

2198881805,1983,2326,2016

2198882805,1988,2320,2026

2198893453,1986,2298,2074

2198894805,1985,2295,2074

2198895805,1981,2291,2069

2198896805,1983,2288,2075

2198897805,1983,2286,2077

2198898805,1984,2288,2077

2198899805,1999,2291,2080

2198911801,1994,2283,2080

2198912805,1984,2279,2077

2198913805,1988,2285,2079

2198914805,1987,2279,2078

2198915805,1991,2282,2065

2198916805,1991,2285,2064

2198917805,1987,2288,2066

2198918805,2000,2291,2059

2198930801,1989,2315,1996

2198931805,1987,2320,1977

2198932805,1986,2320,1995

2198933805,1970,2320,1982

2198934805,1991,2320,1978

2198935805,1997,2320,1981

2198936805,1990,2321,1957

2198937805,1991,2329,1953

2198949801,1995,2356,1907

2198950805,1993,2359,1906

2198951805,1983,2361,1905

2198952805,1985,2368,1901

2198953805,1995,2365,1893

2198954805,1989,2368,1899

2198955805,1991,2357,1895

2198956805,1985,2364,1901

2198968801,1994,2381,1904

2198969805,1991,2368,1903

2198970805,1987,2378,1904

2198971805,1990,2384,1914

2198972805,1984,2368,1911

2198973805,1987,2374,1911

2198974805,1993,2367,1920

2198975805,1990,2365,1922

2198987801,1989,2348,1974

2198988805,1995,2341,1986

2198989805,1989,2337,1991

2198990805,1989,2347,1998

2198991805,1985,2330,2000

2198992805,1973,2329,2000

2198993805,1985,2323,2011

2198994805,1985,2327,2007

2199005801,1987,2299,2064

2199006805,1986,2289,2065

2199007805,1984,2288,2077

2199008805,1959,2288,2067

2199009805,1986,2290,2067

2199010805,1982,2293,2074

2199011805,1986,2288,2082

2199012805,1981,2279,2089

2199024801,1984,2285,2078

2199025805,1986,2279,2080

2199026805,1985,2275,2062

2199027805,1984,2283,2064

2199028805,1997,2279,2055

2199029805,1986,2279,2057

2199030805,1987,2288,2062

2199031805,1984,2288,2062

2199043801,1987,2311,1996

2199044805,1985,2317,1990

2199045805,1990,2314,1988

2199046805,1989,2326,1981

2199047805,1987,2325,1973

2199048805,1995,2321,1959

2199049805,1988,2331,1968

2199050805,1989,2330,1959

2199061451,1986,2352,1914

2199062805,1989,2355,1908

2199063805,1994,2367,1911

2199064805,1986,2365,1906

2199065805,2002,2359,1904

2199066805,1990,2367,1900

2199067805,1986,2374,1904

2199079801,1990,2379,1903

2199080805,1988,2382,1895

2199081805,1990,2379,1904

2199082805,1995,2381,1905

2199083805,1995,2368,1910

2199084805,1985,2371,1905

2199085805,1995,2355,1919

2199086805,1990,2387,1920

2199098801,1984,2346,1967

2199099805,1991,2351,1977

2199100805,1992,2333,1975

2199101805,1991,2354,1989

2199102805,1989,2320,1984

2199103805,1983,2321,1995

2199104805,1987,2346,2006

2199105805,1991,2343,2000

2199117801,1995,2295,2064

2199118805,1984,2304,2064

2199119805,1983,2288,2085

2199120805,1985,2288,2071

2199121805,1985,2286,2064

2199122805,1985,2287,2077

2199123805,1983,2291,2074

2199124805,1984,2288,2069

2199136801,1999,2275,2066

2199137805,1986,2273,2064

2199138805,1984,2278,2065

2199139805,1989,2283,2064

2199140805,1984,2286,2061

2199141805,1991,2281,2057

2199142805,1985,2284,2064

2199143805,1981,2287,2065

2199155801,1990,2305,2003

2199156805,1989,2309,1989

2199157805,1984,2319,1993

2199158805,1991,2319,1987

2199159805,1989,2319,1968

2199160805,1984,2320,1974

2199161805,1987,2321,1970

2199162805,1987,2330,1970

2199173801,1990,2369,1922

2199174805,1989,2356,1914

2199175805,2000,2365,1911

2199176805,1985,2357,1919

2199177805,1984,2367,1910

2199178805,1987,2369,1905

2199179805,1993,2375,1907

2199180805,1984,2369,1908

2199192801,1988,2374,1906

2199193805,1991,2381,1904

2199194805,1995,2373,1919

2199195805,2019,2383,1910

2199196805,2000,2375,1908

2199197805,1981,2370,1911

2199198805,1989,2371,1915

2199199805,1993,2369,1920

2199211801,1995,2351,1974

2199212805,1994,2343,1982

2199213805,1984,2349,1978

2199214805,1984,2347,1986

2199215805,1985,2337,1991

2199216805,1989,2338,1998

2199217805,1982,2336,2000

2199218805,1990,2332,1995

2199229453,1986,2299,2047

2199230805,1988,2295,2063

2199231805,1984,2299,2057

2199232805,1986,2294,2060

2199233805,1979,2288,2064

2199234805,1985,2289,2060

2199235805,1987,2288,2064

2199247801,1986,2282,2071

2199248805,1985,2278,2068

2199249805,1990,2285,2066

2199250805,2000,2276,2069

2199251805,1986,2277,2063

2199252805,1985,2275,2071

2199253805,1994,2285,2064

2199254805,1985,2278,2064

2199266801,1987,2300,2006

2199267805,1986,2310,2011

2199268805,1985,2312,2001

2199269805,2014,2313,1990

2199270805,1986,2311,1991

2199271805,1987,2320,1985

2199272805,1990,2316,1968

2199273805,1894,2323,1981

2199285801,1994,2353,1923

2199286805,1970,2362,1919

2199287805,1997,2357,1925

2199288805,1968,2368,1915

2199289805,1986,2363,1912

2199290805,1984,2369,1911

2199291805,1989,2371,1915

2199292805,1995,2368,1907

2199304801,1981,2381,1903

2199305805,1996,2382,1909

2199306805,1986,2375,1904

2199307805,1990,2371,1913

2199308805,1984,2381,1907

2199309805,1986,2383,1908

2199310805,1997,2375,1920

2199311805,1979,2373,1919

2199323801,1996,2352,1965

2199324805,1986,2343,1972

2199325805,1987,2354,1973

2199326805,1986,2349,2019

2199327805,1985,2349,1987

2199328805,1986,2338,1984

2199329805,1987,2336,1991

2199330805,1987,2323,2003

2199341801,1983,2297,2043

2199342805,1964,2298,2042

2199343805,1985,2298,2054

2199344805,1985,2293,2047

2199345805,1985,2292,2061

2199346805,1986,2291,2064

2199347805,1987,2286,2065

2199348805,1984,2286,2064

2199360801,1983,2274,2075

2199361805,1987,2277,2069

2199362805,1986,2282,2071

2199363805,1989,2274,2063

2199364805,1982,2273,2067

2199365805,1986,2277,2063

2199366805,1990,2279,2065

2199367805,1989,2273,2060

2199379838,1989,2303,2005

2199380805,1995,2313,2001

2199381805,1986,2309,2000

2199382805,1984,2319,1999

2199383805,1991,2323,1997

2199384805,1990,2320,1985

2199385805,1987,2323,1979

2199386805,1988,2333,1973

2199397453,1990,2350,1927

2199398805,1996,2357,1930

2199399805,1991,2355,1919

2199400805,1995,2359,1921

2199401805,1990,2361,1919

2199402805,1984,2363,1914

2199403805,1991,2370,1924

2199415801,1985,2379,1902

2199416805,1993,2376,1911

2199417805,1989,2383,1906

2199418805,1985,2384,1909

2199419805,1967,2377,1907

2199420805,1986,2387,1909

2199421805,1994,2382,1914

2199422805,1995,2373,1910

2199434801,1985,2355,1959

2199435830,1985,2348,1968

2199436805,1985,2351,1970

2199437805,1968,2350,1969

2199438805,1968,2343,1977

2199439805,1990,2346,1979

2199440805,1998,2335,1983

2199441805,1984,2336,1986

2199453801,1985,2303,2043

2199454805,1993,2276,2043

2199455805,1987,2272,2053

2199456805,1980,2282,2047

2199457805,1983,2258,2046

2199458805,1993,2322,2062

2199459805,1984,2288,2060

2199460805,1989,2304,2064

2199472801,1987,2279,2069

2199473805,1981,2288,2065

2199474805,1986,2272,2066

2199475805,2018,2286,2069

2199476805,1983,2275,2064

2199477805,1985,2272,2066

2199478805,1982,2274,2065

2199479805,1977,2275,2059

2199491810,1989,2299,2006

2199492805,1991,2304,2007

2199493805,1987,2306,2005

2199494805,2000,2306,2010

2199495805,1936,2290,1999

2199496805,1989,2256,1995

2199497805,1989,2305,1982

2199498805,1989,2298,1985

2199510801,2027,2353,1936

2199511805,1984,2343,1936

2199512805,1983,2358,1927

2199513805,1989,2370,1927

2199514805,1994,2352,1922

2199515805,1988,2369,1919

2199516805,1986,2423,1921

2199517805,2032,2375,1917

2199529801,1986,2379,1906

2199530805,1990,2394,1906

2199531805,1990,2369,1911

2199532805,2003,2391,1907

2199533805,1988,2437,1917

2199534805,1987,2394,1911

2199535805,1994,2373,1913

2199536805,1978,2389,1926

2199548801,1982,2347,1966

2199549805,2000,2350,1964

2199550805,1987,2325,1968

2199551805,1991,2343,1970

2199552805,1984,2339,1973

2199553805,1987,2325,1978

2199554805,1984,2274,1987

2199555805,1971,2325,1989

2199567801,1998,2293,2039

2199568805,1984,2321,2041

2199569805,1984,2299,2044

2199570805,1984,2291,2038

2199571805,1984,2283,2047

2199572805,2059,2289,2058

2199573805,1984,2298,2059

2199574805,1984,2273,2064

2199586801,1987,2279,2062

2199587805,1989,2273,2064

2199588805,1989,2277,2064

2199589805,1968,2278,2064

2199590805,1989,2282,2065

2199591805,1998,2279,2064

2199592805,1983,2288,2064

2199593805,1983,2283,2062

2199605801,1986,2308,2001

2199606805,1984,2313,2005

2199607805,1991,2310,2000

2199608805,1991,2319,2000

2199609805,1979,2321,1989

2199610805,1983,2320,1991

2199611805,1987,2331,1983

2199612805,1985,2335,1977

2199624801,1989,2367,1935

2199625805,1983,2365,1929

2199626805,1987,2361,1931

2199627805,1998,2368,1917

2199628805,1982,2381,1922

2199629805,1983,2375,1922

2199630805,1987,2368,1919

2199631805,1991,2382,1920

2199643801,1997,2384,1915

2199644805,1985,2368,1910

2199645805,1985,2383,1914

2199646805,1982,2379,1919

2199647805,1986,2375,1913

2199648805,1986,2378,1921

2199649805,1991,2368,1919

2199650805,1985,2370,1931

2199662801,1992,2346,1968

2199663805,1991,2348,1968

2199664805,1986,2339,1971

2199665805,1989,2333,1979

2199666805,1989,2334,1981

2199667805,1985,2324,1984

2199668805,1982,2331,1994

2199669805,1986,2322,1997

2199681801,1986,2309,2038

2199682805,1985,2288,2042

2199683805,1985,2288,2029

2199684805,1981,2252,2043

2199685805,1985,2285,2062

2199686805,1981,2286,2060

2199687805,1983,2283,2064

2199688805,1968,2287,2064

2199700801,1986,2257,2064

2199701805,1982,2278,2059

2199702805,1984,2282,2071

2199703805,1984,2277,2061

2199704805,2000,2285,2064

2199705805,1985,2285,2063

2199706805,1978,2287,2041

2199707805,1983,2287,2041

2199719801,1983,2424,2007

2199720805,1982,2318,2005

2199721805,1985,2327,1999

2199722805,2002,2322,2001

2199723805,1989,2323,1995

2199724805,1965,2329,1984

2199725805,1984,2340,1973

2199726805,1988,2330,1971

2199738801,1994,2365,1931

2199739805,1989,2370,1922

2199740805,1989,2375,1926

2199741805,1965,2370,1924

2199742805,1991,2374,1924

2199743805,1988,2368,1925

2199744805,1979,2368,1927

2199745805,1993,2375,1921

2199757801,1988,2367,1917

2199758805,1996,2376,1914

2199759805,1990,2375,1913

2199760805,1963,2374,1914

2199761805,1993,2368,1921

2199762805,1998,2403,1926

2199763805,1995,2368,1930

2199764805,1988,2367,1927

2199776801,1993,2336,1968

2199777805,1985,2336,1974

2199778805,1907,2308,1975

2199779805,1990,2335,1980

2199780805,1942,2327,1983

2199781805,1995,2335,1987

2199782805,1986,2310,1998

2199783805,2013,2319,1993

2199795801,2000,2293,2047

2199796805,1982,2293,2045

2199797805,2007,2289,2039

2199798805,1970,2285,2059

2199799805,1984,2287,2059

2199800805,2000,2287,2062

2199801805,1980,2288,2064

2199802805,1935,2285,2061

2199814801,2060,2290,2059

2199815805,1983,2288,2062

2199816805,1984,2283,2064

2199817805,1987,2291,2047

2199818805,1985,2289,2058

2199819805,1970,2288,2062

2199820805,1996,2288,2058

2199821805,1994,2294,2046

2199833801,1958,2317,2032

2199834805,1988,2319,1995

2199835805,1971,2323,1997

2199836805,1950,2325,1995

2199837805,1989,2327,1984

2199838805,1990,2327,1984

2199839805,1985,2346,1982

2199840805,1984,2338,1974

2199852801,2014,2362,1935

2199853805,1987,2367,1929

2199854805,1993,2369,1929

2199855805,1989,2379,1926

2199856805,1987,2372,1930

2199857805,1987,2374,1920

2199858805,1993,2373,1920

2199859805,2023,2379,1918

2199871801,1991,2381,1920

2199872805,1989,2370,1920

2199873805,1983,2365,1915

2199874805,2018,2367,1920

2199875805,1986,2363,1917

2199876805,1977,2369,1925

2199877805,1993,2365,1920

2199878805,1986,2362,1930

2199890801,1994,2331,1970

2199891805,1989,2330,1982

2199892805,1995,2327,1973

2199893805,2000,2322,1986

2199894805,1990,2320,1987

2199895805,1981,2309,1986

2199896805,1997,2321,2001

2199897805,2017,2318,2007

2199909801,1915,2287,2034

2199910805,1987,2285,2042

2199911805,1989,2287,2054

2199912805,1995,2278,2059

2199913805,1986,2284,2064

2199914805,1972,2285,2058

2199915805,1987,2278,2064

2199916805,1972,2282,2066

2199928801,1983,2283,2064

2199929805,1984,2287,2061

2199930805,1986,2291,2061

2199931805,1977,2298,2062

2199932805,1985,2292,2047

2199933805,1989,2287,2046

2199934805,1983,2288,2047

2199935805,1980,2296,2038

2199947801,1986,2320,1998

2199948805,1994,2322,1999

2199949805,1952,2333,1996

2199950805,1959,2325,1985

2199951805,1983,2334,1979

2199952805,1986,2341,1980

2199953805,1988,2335,1979

2199954805,1986,2347,1978

2199966801,1994,2371,1931

2199967805,1994,2368,1921

2199968805,1996,2369,1930

2199969805,2005,2368,1918

2199970805,1997,2375,1926

2199971805,1998,2373,1916

2199972805,1984,2378,1919

2199973805,1979,2383,1917

2199985801,1990,2371,1926

2199986805,1995,2371,1917

2199987805,1995,2369,1920

2199988805,1954,2369,1925

2199989805,1986,2371,1925

2199990805,1995,2357,1933

2199991805,1991,2365,1930

2199992805,1963,2367,1936

2200004801,1997,2325,1971

2200005805,1993,2325,1973

2200006805,1988,2325,1982

2200007805,2034,2327,1997

2200008805,1985,2315,1983

2200009805,1987,2317,1994

2200010805,1986,2317,1996

2200011805,1990,2315,2001

2200023801,1991,2285,2047

2200024805,1983,2285,2057

2200025805,2038,2279,2059

2200026805,1966,2287,2063

2200027805,1987,2283,2058

2200028805,1984,2289,2063

2200029805,1984,2283,2060

2200030805,1984,2288,2065

2200042801,1986,2290,2064

2200043805,1986,2287,2059

2200044805,1982,2287,2058

2200045805,1983,2288,2062

2200046805,1982,2293,2046

2200047805,1987,2299,2055

2200048805,1995,2299,2046

2200049805,1981,2295,2037

2200061801,1984,2327,1998

2200062805,1983,2339,1997

2200063805,1987,2334,1985

2200064805,1969,2331,1981

2200065805,1989,2342,1980

2200066805,1989,2337,1978

2200067805,1983,2339,1973

2200068805,1993,2345,1964

2200080801,1995,2366,1929

2200081805,1984,2368,1921

2200082805,1988,2370,1915

2200083805,1999,2362,1926

2200084805,1987,2368,1920

2200085805,1984,2369,1920

2200086805,1989,2374,1916

2200087805,1994,2367,1919

2200099801,1991,2370,1920

2200100805,1990,2363,1922

2200101805,1984,2356,1919

2200102805,1986,2357,1920

2200103805,1993,2361,1930

2200104805,1989,2363,1927

2200105805,1983,2355,1933

2200106805,1989,2354,1933

2200118801,1985,2321,1978

2200119805,1990,2323,1973

2200120805,2000,2320,1984

2200121805,1989,2322,1991

2200122805,1989,2320,1990

2200123805,1984,2315,2000

2200124805,1987,2310,2002

2200125805,1994,2306,2006

2200136801,1987,2290,2043

2200137805,1991,2288,2042

2200138805,1984,2289,2047

2200139805,1979,2288,2064

2200140805,1983,2285,2062

2200141805,1979,2291,2062

2200142805,1985,2288,2066

2200143805,1984,2282,2058

2200155801,1984,2291,2055

2200156805,1988,2288,2062

2200157805,1985,2295,2059

2200158805,1987,2299,2055

2200159805,1980,2300,2047

2200160805,1983,2294,2038

2200161805,1982,2298,2041

2200162805,1986,2307,2032

2200174801,2000,2326,1999

2200175805,1987,2326,1995

2200176805,1981,2333,1984

2200177805,1994,2335,1982

2200178805,1987,2330,1981

2200179805,1994,2346,1979

2200180805,1995,2346,1983

2200181805,1990,2352,1968

2200192453,1986,2362,1937

2200193805,1986,2369,1925

2200194805,1991,2365,1924

2200195805,1985,2366,1917

2200196805,1987,2345,1923

2200197805,1987,2374,1927

2200198805,1985,2369,1913

2200210801,1993,2368,1921

2200211805,1982,2371,1918

2200212805,1991,2366,1922

2200213805,1971,2367,1922

2200214805,1987,2357,1927

2200215805,1990,2358,1922

2200216805,2005,2357,1930

2200217805,1989,2355,1935

2200229801,1991,2320,1968

2200230805,1985,2324,1968

2200231805,1987,2324,1981

2200232805,1995,2324,1984

2200233805,1985,2315,1984

2200234805,1987,2315,1994

2200235805,1988,2319,1992

2200236805,1986,2313,1990

2200248801,1989,2291,2032

2200249805,1973,2293,2045

2200250805,1985,2289,2047

2200251805,1978,2291,2047

2200252805,1985,2289,2065

2200253805,1988,2286,2054

2200254805,1987,2287,2056

2200255805,1987,2286,2062

2200267801,1987,2295,2058

2200268805,1973,2295,2046

2200269805,1979,2299,2062

2200270805,1982,2299,2047

2200271805,1994,2299,2046

2200272805,1981,2295,2037

2200273805,1981,2305,2037

2200274805,1984,2294,2045

2200286801,1965,2322,1995

2200287805,1988,2343,1997

2200288805,1982,2327,1993

2200289805,1995,2297,1985

2200290805,1984,2336,1985

2200291805,1985,2332,1978

2200292805,1991,2332,1977

2200293805,1995,2350,1968

2200304801,1979,2359,1931

2200305805,1989,2358,1936

2200306805,1989,2368,1932

2200307805,1975,2372,1929

2200308805,1987,2368,1919

2200309805,1985,2368,1920

2200310805,1997,2363,1925

2200311805,1987,2367,1917

2200323801,1986,2365,1920

2200324805,1986,2360,1911

2200325805,1986,2362,1926

2200326805,1987,2359,1920

2200327805,1993,2362,1931

2200328805,1987,2359,1927

2200329805,1984,2353,1936

2200330805,1987,2361,1934

2200342801,2000,2329,1973

2200343805,1989,2334,1973

2200344805,1983,2320,1984

2200345805,1986,2327,1983

2200346805,1987,2327,1988

2200347805,1984,2319,1996

2200348805,1987,2323,1995

2200349805,1989,2316,1993

2200360453,1982,2288,2032

2200361805,1987,2289,2037

2200362805,1980,2286,2042

2200363805,1968,2288,2055

2200364805,1983,2318,2042

2200365805,1991,2291,2055

2200366805,1984,2288,2047

2200378801,1986,2290,2067

2200379805,1989,2288,2070

2200380805,1988,2295,2055

2200381805,1981,2292,2047

2200382805,1984,2295,2059

2200383805,1989,2301,2055

2200384805,1987,2305,2047

2200385805,1990,2309,2046

2200397801,1990,2333,2009

2200398805,1989,2320,2009

2200399805,1990,2325,2000

2200400805,1953,2320,1998

2200401805,1985,2337,1989

2200402805,1988,2335,1987

2200403805,1992,2342,1989

2200404805,1984,2343,1975

2200416801,1987,2358,1936

2200417805,1990,2365,1936

2200418805,1993,2367,1935

2200419805,1986,2366,1936

2200420805,1993,2362,1923

2200421805,1989,2368,1922

2200422805,1968,2367,1926

2200423805,1984,2357,1921

2200435801,1987,2358,1921

2200436805,1986,2362,1920

2200437805,1988,2357,1923

2200438805,1961,2366,1920

2200439805,1990,2358,1923

2200440805,1995,2356,1932

2200441805,1979,2359,1927

2200442805,1994,2357,1929

2200454801,1993,2344,1968

2200455805,1995,2330,1978

2200456805,1985,2329,1981

2200457805,1986,2315,1983

2200458805,1990,2327,1983

2200459805,1989,2339,1987

2200460805,2066,2321,1990

2200461805,1981,2322,1999

2200472801,1984,2295,2037

2200473805,1984,2294,2044

2200474805,1986,2301,2042

2200475805,1985,2291,2046

2200476805,1987,2301,2055

2200477805,1986,2290,2053

2200478805,1984,2299,2059

2200479805,1984,2302,2047

2200491801,1986,2297,2061

2200492805,1987,2295,2059

2200493805,1984,2293,2059

2200494805,1984,2291,2047

2200495805,1984,2302,2053

2200496805,1984,2293,2059

2200497805,1979,2301,2057

2200498805,1984,2302,2041

2200510801,1984,2305,2001

2200511805,1982,2324,2000

2200512805,1995,2325,1997

2200513805,1987,2323,2003

2200514805,1985,2329,1986

2200515805,1983,2337,1979

2200516805,1990,2331,1984

2200517805,1989,2341,1974

2200528453,1987,2365,1938

2200529805,1984,2366,1937

2200530805,1984,2358,1925

2200531805,1984,2355,1930

2200532805,1991,2362,1924

2200533805,1984,2368,1927

2200534805,1985,2365,1922

2200546801,2021,2359,1919

2200547805,1988,2368,1918

2200548805,1995,2366,1921

2200549805,1992,2363,1920

2200550805,1995,2367,1911

2200551805,1987,2355,1923

2200552805,1989,2362,1919

2200553805,1994,2358,1923

2200565801,1982,2336,1959

2200566805,2015,2327,1968

2200567805,1985,2331,1965

2200568805,1997,2325,1969

2200569805,1991,2325,1975

2200570805,1984,2320,1979

2200571805,2002,2320,1987

2200572805,1990,2325,1994

2200584801,1985,2309,2032

2200585805,1985,2292,2021

2200586805,1984,2304,2037

2200587805,2021,2297,2046

2200588805,1984,2299,2045

2200589805,1993,2295,2053

2200590805,1983,2303,2047

2200591805,1985,2300,2043

2200603801,1998,2299,2059

2200604805,1985,2299,2053

2200605805,1987,2299,2058

2200606805,1990,2295,2047

2200607805,1985,2298,2059

2200608805,1983,2294,2055

2200609805,1984,2301,2047

2200610805,1984,2301,2047

2200622801,1984,2334,2005

2200623805,1990,2321,2010

2200624805,1988,2329,2001

2200625805,1989,2335,1997

2200626805,1985,2334,2000

2200627805,1997,2330,1995

2200628805,1984,2334,1983

2200629805,1983,2333,1980

2200640801,1990,2352,1939

2200641805,1984,2362,1939

2200642805,2019,2352,1939

2200643805,1988,2354,1931

2200644805,1993,2359,1926

2200645805,1988,2358,1922

2200646805,1987,2352,1926

2200647805,1985,2366,1921

2200659801,2038,2362,1921

2200660805,1984,2356,1920

2200661805,1990,2365,1920

2200662805,1989,2363,1920

2200663805,1994,2359,1922

2200664805,1990,2355,1930

2200665805,2000,2362,1927

2200666805,1991,2352,1928

2200678801,1988,2336,1964

2200679805,2005,2337,1968

2200680805,1984,2326,1968

2200681805,1984,2325,1971

2200682805,1984,2325,1976

2200683805,1984,2316,1983

2200684805,1983,2324,1984

2200685805,1989,2318,1983

2200696453,1985,2311,2026

2200697805,1984,2304,2034

2200698805,1991,2297,2035

2200699805,1990,2302,2039

2200700805,1991,2395,2038

2200701805,1993,2289,2046

2200702805,1984,2305,2045

2200714801,1987,2291,2061

2200715805,1980,2299,2059

2200716805,1985,2288,2057

2200717805,1982,2303,2058

2200718805,1985,2294,2064

2200719805,1983,2304,2054

2200720805,1981,2305,2058

2200721805,1986,2304,2047

2200733801,1983,2311,2013

2200734805,1987,2315,2005

2200735805,1998,2321,2003

2200736805,2043,2322,1953

2200737805,1985,2330,1993

2200738805,1985,2327,1994

2200739805,1985,2327,1989

2200740805,1985,2334,1982

2200752801,1987,2359,1951

2200753805,1985,2352,1946

2200754805,1989,2352,1945

2200755805,1989,2339,1936

2200756805,1989,2352,1931

2200757805,1989,2354,1918

2200758805,1989,2359,1925

2200759805,1987,2359,1915

2200771801,1995,2359,1916

2200772805,2000,2357,1925

2200773805,1990,2362,1918

2200774805,1958,2358,1935

2200775805,1994,2354,1934

2200776805,1990,2355,1920

2200777805,1987,2355,1925

2200778805,1991,2353,1931

2200790801,1990,2337,1970

2200791805,1984,2328,1966

2200792805,1993,2340,1955

2200793805,1995,2359,1970

2200794805,1989,2337,1970

2200795805,1986,2320,1970

2200796805,1989,2334,1989

2200797805,1989,2325,1955

2200808801,1991,2313,2026

2200809805,1985,2303,2032

2200810805,1994,2307,2036

2200811805,1984,2302,2035

2200812805,2000,2297,2032

2200813805,1972,2303,2039

2200814805,1987,2295,2039

2200815805,1981,2295,2011

2200827801,1985,2293,2062

2200828805,1985,2290,2112

2200829805,1984,2295,2057

2200830805,1985,2302,2064

2200831805,1985,2302,2061

2200832805,1985,2301,2058

2200833805,1985,2298,2059

2200834805,1993,2304,2042

2200846801,1994,2327,2011

2200847805,1997,2320,1995

2200848805,1984,2318,1997

2200849805,1985,2322,2009

2200850805,1993,2327,1999

2200851805,1995,2331,1995

2200852805,1985,2323,1997

2200853805,1987,2335,1995

2200864453,1989,2348,1954

2200865805,1990,2352,1932

2200866805,1988,2355,1899

2200867805,1989,2347,1936

2200868805,1999,2361,1936

2200869805,1989,2352,1931

2200870805,2000,2354,1927

2200882801,1985,2363,1921

2200883805,1989,2352,1901

2200884805,1987,2363,1920

2200885805,2000,2362,1905

2200886805,1997,2353,1925

2200887805,1995,2353,1920

2200888805,1991,2355,1920

2200889805,1987,2362,1925

2200901801,1995,2341,1954

2200902805,1986,2342,1953

2200903805,1997,2342,1955

2200904805,1989,2338,1966

2200905805,1998,2336,1968

2200906805,1990,2336,1978

2200907805,1991,2331,1977

2200908805,1998,2337,1982

2200920801,1987,2315,2055

2200921805,1986,2309,2032

2200922805,1989,2301,2027

2200923805,1983,2301,2033

2200924805,1984,2303,2032

2200925805,1987,2303,2037

2200926805,1988,2301,2033

2200927805,1984,2292,2037

2200939801,1987,2291,2055

2200940805,1982,2298,2056

2200941805,1989,2301,2061

2200942805,1986,2291,2057

2200943805,1989,2305,2059

2200944805,1995,2292,2057

2200945805,1983,2289,2053

2200946805,1987,2295,2058

2200958801,1989,2315,2023

2200959805,1987,2320,2007

2200960805,1984,2315,2007

2200961805,1985,2320,2003

2200962805,1997,2313,1999

2200963805,1991,2326,1997

2200964805,1981,2327,1994

2200965805,1985,2333,1990

2200976801,1986,2349,1951

2200977805,1999,2351,1938

2200978805,1986,2352,1943

2200979805,1987,2352,1939

2200980805,1995,2352,1939

2200981805,1989,2352,1937

2200982805,1989,2352,1933

2200983805,1987,2351,1936

2200995801,1985,2359,1934

2200996805,1987,2357,1926

2200997805,1986,2359,1915

2200998805,1983,2363,1901

2200999805,1991,2352,1921

2201000805,1985,2354,1920

2201001805,1962,2352,1927

2201002805,1982,2350,1949

2201014801,1987,2341,1965

2201015805,1989,2349,1937

2201016805,1989,2337,1977

2201017805,1987,2343,1974

2201018805,1984,2329,1981

2201019805,1986,2338,1969

2201020805,1990,2334,1983

2201021805,1984,2335,1974

2201032453,1987,2313,2021

2201033805,1985,2308,2019

2201034805,1983,2309,2032

2201035805,1984,2306,2035

2201036805,1987,2304,2032

2201037805,1983,2303,1999

2201038805,1988,2309,1994

2201050801,1994,2297,2061

2201051805,1987,2290,2032

2201052805,1991,2301,2000

2201053805,1979,2299,2112

2201054805,1991,2294,2055

2201055805,1996,2303,2096

2201056805,1983,2299,2003

2201057805,1985,2303,1999

2201069801,1986,2319,2017

2201070805,1984,2317,2032

2201071805,1987,2312,2020

2201072805,1983,2318,2013

2201073805,1989,2310,1999

2201074805,1991,2318,2018

2201075805,1991,2314,2015

2201076805,1988,2320,1984

2201088801,1984,2351,1952

2201089805,1994,2343,1956

2201090805,1989,2346,1936

2201091805,1991,2352,1942

2201092805,2039,2351,1958

2201093805,1988,2349,1950

2201094805,1997,2353,1934

2201095805,1991,2351,1927

2201107801,1997,2354,1922

2201108805,1988,2361,1927

2201109805,1995,2355,1925

2201110805,1989,2356,1926

2201111805,1985,2353,1862

2201112805,1989,2359,1895

2201113805,1990,2354,1925

2201114805,1987,2352,1920

2201126801,1992,2349,1954

2201127805,1990,2346,1867

2201128805,2031,2350,1971

2201129805,1994,2343,1964

2201130805,1989,2350,1963

2201131805,1983,2342,1968

2201132805,1986,2337,1965

2201133805,1986,2333,1981

2201144801,1983,2314,2015

2201145805,1993,2313,2005

2201146805,1989,2309,2027

2201147805,1987,2315,2070

2201148805,1985,2304,2032

2201149805,1984,2316,2033

2201150805,1985,2307,2035

2201151805,1983,2307,2042

2201163801,1989,2292,2064

2201164805,1987,2299,2047

2201165805,1982,2299,2058

2201166805,1990,2289,2043

2201167805,1983,2293,2054

2201168805,1989,2294,2044

2201169805,1983,2295,2045

2201170805,1981,2299,2045

2201182801,1994,2305,2017

2201183805,1987,2309,2004

2201184805,1984,2311,2013

2201185805,1988,2315,2003

2201186805,1986,2318,2001

2201187805,1993,2315,1991

2201188805,1975,2323,1999

2201189805,1985,2330,1995

2201200453,1990,2333,1955

2201201805,1989,2343,1985

2201202805,1989,2347,1946

2201203805,1995,2352,1949

2201204805,1993,2347,1943

2201205805,1989,2347,1942

2201206805,1985,2353,1943

2201218801,1998,2359,1934

2201219805,1987,2352,1921

2201220805,1985,2363,1916

2201221805,1995,2363,1936

2201222805,1994,2354,1929

2201223805,1991,2359,1913

2201224805,1990,2359,1920

2201225805,1987,2355,1923

2201237801,1987,2343,1963

2201238840,1987,2350,1951

2201239805,1993,2348,1955

2201240805,1995,2347,1963

2201241805,1990,2337,1963

2201242805,1987,2350,1956

2201243805,1989,2338,1971

2201244805,1986,2341,1967

2201256801,1987,2313,2011

2201257805,1989,2320,2015

2201258805,1991,2315,2021

2201259805,1985,2318,2028

2201260805,1985,2317,2032

2201261805,1988,2318,2032

2201262805,1987,2313,2028

2201263805,1986,2302,2039

2201275801,1987,2291,2096

2201276805,1988,2299,2054

2201277805,1982,2302,2052

2201278805,1984,2301,2047

2201279805,1984,2295,2054

2201280805,1985,2294,2045

2201281805,1984,2298,2002

2201282805,1988,2297,2043

2201294805,1986,2311,2035

2201295805,1984,2316,2023

2201296805,1990,2317,2013

2201297805,1983,2309,2012

2201298805,1985,2316,2022

2201299805,1986,2315,2003

2201300805,1984,2316,2012

2201301805,1990,2323,1998

2201313801,1995,2337,1940

2201314805,1987,2349,1968

2201315805,1987,2342,1953

2201316805,1990,2350,1941

2201317805,1987,2340,1955

2201318805,1991,2345,1943

2201319805,1985,2341,1934

2201320805,1990,2347,1939

2201332801,1993,2363,1917

2201333805,1970,2363,1980

2201334805,1970,2365,1929

2201335805,1997,2363,1930

2201336805,1990,2353,1933

2201337805,1986,2361,1930

2201338805,1990,2357,1947

2201339805,1995,2367,1930

2201351801,1984,2349,1958

2201352805,1988,2352,1923

2201353805,1994,2346,1959

2201354805,1987,2352,1968

2201355805,1983,2350,1958

2201356805,1989,2336,1969

2201357805,1990,2337,1979

2201358805,1983,2334,1974

2201370801,1983,2313,2023

2201371805,1986,2316,2017

2201372805,1990,2312,2025

2201373805,1984,2317,2027

2201374805,1985,2315,2038

2201375805,1987,2309,2033

2201376805,1990,2305,2034

2201377805,1991,2305,2032

2201389801,1986,2290,2047

2201390805,1987,2288,2015

2201391805,1991,2298,2054

2201392805,1987,2291,2055

2201393805,1984,2302,2042

2201394805,1983,2303,2039

2201395805,1994,2305,2047

2201396805,1982,2299,2045

2201408801,1989,2307,2025

2201409805,1983,2315,2015

2201410805,1985,2317,2141

2201411805,2000,2305,2011

2201412805,1989,2320,2020

2201413805,1991,2323,2000

2201414805,1982,2320,1968

2201415805,1987,2319,1992

2201427801,1987,2339,1958

2201428805,1968,2339,1959

2201429805,1995,2341,1950

2201430805,1988,2349,1947

2201431805,1989,2352,1934

2201432805,1987,2352,1939

2201433805,1989,2346,1965

2201434805,1990,2352,1936

2201446801,1990,2355,1927

2201447805,1991,2365,1920

2201448805,1987,2353,1933

2201449805,1988,2353,1927

2201450805,1991,2359,1933

2201451805,1987,2365,1933

2201452805,1993,2355,1927

2201453805,1986,2359,1930

2201465801,1990,2346,1962

2201466805,1987,2346,1966

2201467805,1988,2340,1967

2201468805,1989,2346,1967

2201469805,1983,2334,1969

2201470805,1986,2341,1970

2201471805,1989,2335,1975

2201472805,1990,2340,1984

2201484801,1985,2309,2017

2201485805,1988,2314,2017

2201486805,1989,2320,2018

2201487805,1990,2306,2038

2201488805,2003,2314,2031

2201489805,1986,2306,2032

2201490805,1983,2303,2037

2201491805,1992,2304,2039

2201502801,1991,2303,2046

2201503805,1985,2303,2047

2201504805,1995,2294,2064

2201505805,1987,2299,2054

2201506805,1987,2292,2047

2201507805,1982,2301,2043

2201508805,1990,2304,2053

2201509805,1979,2293,2043

2201521801,1984,2313,2016

2201522805,1989,2317,2014

2201523805,1992,2314,2000

2201524805,1990,2307,2003

2201525805,1989,2319,2000

2201526805,1984,2314,2005

2201527805,1984,2325,2001

2201528805,1989,2322,1998

2201540801,1984,2346,1955

2201541805,1989,2350,1952

2201542805,1991,2352,1956

2201543805,1989,2342,1943

2201544805,1994,2352,1967

2201545805,2000,2354,1946

2201546805,1995,2353,1939

2201547805,1991,2347,1955

2201558453,1987,2364,1921

2201559805,1985,2365,1931

2201560805,1995,2362,1933

2201561805,1993,2356,1938

2201562805,1990,2365,1929

2201563805,1990,2358,1930

2201564805,1990,2352,1939

2201576801,1989,2351,1968

2201577805,1987,2343,1945

2201578805,1984,2351,1955

2201579805,1986,2343,1966

2201580805,1984,2346,1966

2201581805,1982,2341,1968

2201582805,1985,2345,1971

2201583805,1983,2336,1985

2201595801,1984,2318,1951

2201596805,1988,2316,2017

2201597805,1986,2320,2016

2201598805,1984,2318,2027

2201599805,1985,2307,2019

2201600805,1984,2307,2020

2201601805,1991,2309,2030

2201602805,1989,2304,2033

2201614801,1989,2300,2039

2201615805,1985,2289,2052

2201616805,1985,2292,2039

2201617805,1985,2298,2043

2201618805,1985,2294,2045

2201619805,1988,2290,2033

2201620805,1984,2304,2042

2201621805,1988,2293,2040

2201633801,1984,2311,2013

2201634805,1982,2305,2012

2201635805,1998,2311,2012

2201636805,1986,2309,2003

2201637805,1987,2309,2007

2201638805,1988,2316,2004

2201639805,1987,2317,2003

2201640805,1985,2320,2000

2201652801,1990,2347,1959

2201653805,1987,2336,1959

2201654805,1995,2350,1957

2201655805,1989,2346,1959

2201656805,2000,2352,1955

2201657805,1994,2343,1943

2201658805,1992,2349,1951

2201659805,1989,2352,1947

2201670801,1989,2357,1925

2201671805,1985,2359,1925

2201672805,1983,2366,1929

2201673805,1986,2363,1930

2201674805,1995,2354,1934

2201675805,1993,2363,1929

2201676805,1989,2352,1930

2201677805,1993,2359,1934

2201689801,1991,2349,1952

2201690805,1983,2352,1965

2201691805,1987,2348,1969

2201692805,1994,2349,1968

2201693805,1988,2341,1969

2201694805,1991,2341,1971

2201695805,1985,2335,1968

2201696805,1986,2339,1978

2201708801,1993,2311,2007

2201709805,1989,2319,2017

2201710805,1981,2318,2023

2201711805,1992,2307,2017

2201712805,1987,2306,2030

2201713805,1989,2315,2027

2201714805,1988,2313,2031

2201715805,1986,2310,2030

2201726453,1991,2291,2041

2201727805,1987,2299,2045

2201728805,1985,2289,2047

2201729805,1993,2295,2041

2201730805,1980,2299,2047

2201731805,1987,2295,2039

2201732805,1987,2289,2045

2201744801,1993,2307,2026

2201745805,1987,2308,2022

2201746805,1983,2309,2009

2201747805,1984,2313,2010

2201748805,1986,2314,2015

2201749805,1989,2320,2006

2201750805,1995,2319,2006

2201751805,1984,2317,2000

2201763801,1980,2335,1968

2201764805,1985,2341,1967

2201765805,1982,2341,1965

2201766805,1990,2343,1955

2201767805,1986,2353,1953

2201768805,1984,2342,1955

2201769805,1995,2352,1945

2201770805,1989,2351,1947

2201782801,1989,2366,1925

2201783805,1984,2366,1932

2201784805,1993,2355,1923

2201785805,1984,2366,1936

2201786805,1984,2353,1909

2201787805,1990,2352,1933

2201788805,1984,2357,1930

2201789805,1991,2363,1930

2201801801,1989,2349,1950

2201802805,1984,2349,1955

2201803805,1989,2350,1962

2201804805,1991,2352,1966

2201805805,1994,2341,1958

2201806805,1986,2338,1967

2201807805,1989,2347,1968

2201808805,1990,2335,1968

2201820801,1989,2326,2000

2201821805,1990,2313,2023

2201822805,1989,2310,2010

2201823805,1985,2319,2019

2201824805,1990,2318,2027

2201825805,1988,2310,2021

2201826805,1984,2306,2032

2201827805,1988,2307,2026

2201838801,1991,2301,2033

2201839805,1985,2298,2033

2201840805,1986,2297,2043

2201841805,1994,2297,2041

2201842805,1989,2291,2041

2201843805,1984,2292,2028

2201844805,1984,2297,2046

2201845805,1983,2299,2047

2201857801,1985,2304,2021

2201858805,1990,2313,2019

2201859805,1990,2314,1990

2201860805,1987,2313,2021

2201861805,1989,2315,2013

2201862805,1985,2315,2011

2201863805,1987,2320,2027

2201864805,1991,2318,2005

2201876801,1985,2337,1957

2201877805,1991,2346,1967

2201878805,1988,2341,1970

2201879805,1991,2347,1967

2201880805,1988,2345,1953

2201881805,1986,2348,1954

2201882805,1988,2355,1965

2201883805,1988,2352,1946

2201894453,1999,2349,1930

2201895805,1991,2358,1935

2201896805,1989,2363,1933

2201897805,1984,2359,1935

2201898805,1993,2357,1926

2201899805,1984,2365,1936

2201900805,1984,2360,1936

2201912801,1995,2357,1950

2201913805,1998,2348,1949

2201914805,1993,2342,1959

2201915805,1992,2351,1936

2201916805,1991,2342,1967

2201917805,1983,2334,1958

2201918805,1989,2355,1968

2201919805,1997,2332,1967

2201931801,1987,2320,2011

2201932805,1987,2318,2007

2201933805,1986,2320,2003

2201934805,1985,2320,2011

2201935805,1986,2316,2016

2201936805,1984,2319,2011

2201937805,1984,2315,2022

2201938805,1989,2306,2029

2201950801,1993,2293,2038

2201951805,1991,2306,2035

2201952805,1989,2291,2038

2201953805,1984,2288,2043

2201954805,1981,2290,2035

2201955805,1985,2291,2045

2201956805,1990,2297,2039

2201957805,1990,2299,2037

2201969801,1989,2303,2029

2201970805,1989,2307,2018

2201971805,1991,2313,2022

2201972805,1985,2305,1991

2201973805,1987,2320,2006

2201974805,1990,2317,2011

2201975805,1990,2325,2003

2201976805,1990,2319,2006

2201988801,1990,2339,1967

2201989805,1990,2350,1962

2201990805,1995,2341,1961

2201991805,1986,2341,1964

2201992805,1984,2352,1958

2201993805,1989,2347,1958

2201994805,1988,2352,1952

2201995805,1995,2350,1955

2202006801,1991,2366,1936

2202007805,1990,2355,1931

2202008805,1990,2367,1936

2202009805,1990,2367,1936

2202010805,1987,2353,1935

2202011805,1986,2358,1936

2202012805,1984,2359,1936

2202013805,1986,2354,1930

2202025801,1987,2352,1940

2202026805,1997,2350,1952

2202027805,1983,2345,1930

2202028805,1993,2343,1953

2202029805,1996,2349,1950

2202030805,1987,2337,1964

2202031805,1987,2342,1959

2202032805,1993,2345,1970

2202044801,1993,2315,2001

2202045805,1993,2320,2005

2202046805,1983,2309,2007

2202047805,1984,2315,2010

2202048805,1977,2311,2015

2202049805,1994,2304,2018

2202050805,1987,2307,2006

2202051805,1990,2307,2017

2202062453,1995,2300,2038

2202063805,1998,2309,2042

2202064805,1986,2296,2043

2202065805,1987,2306,2033

2202066805,1990,2295,2037

2202067805,1984,2300,2034

2202068805,1991,2275,2035

2202080801,1984,2298,2044

2202081805,1989,2282,2029

2202082805,1984,2301,2027

2202083805,1987,2295,2017

2202084805,1991,2306,2018

2202085805,1989,2309,2001

2202086805,1984,2314,2016

2202087805,1987,2316,2011

2202099801,1991,2337,1981

2202100805,1984,2332,1973

2202101805,1984,2343,1971

2202102805,1983,2415,1965

2202103805,1990,2343,1968

2202104805,1985,2343,1962

2202105805,1985,2342,1954

2202106805,1987,2341,1965

2202118801,1987,2360,1934

2202119805,1989,2355,1935

2202120805,1991,2333,1940

2202121805,1987,2359,1942

2202122805,1992,2357,1936

2202123805,1985,2323,1936

2202124805,1989,2359,1933

2202125805,1994,2339,1936

2202137801,1986,2357,1951

2202138805,1985,2361,1951

2202139805,1981,2352,1957

2202140805,1982,2323,1965

2202141805,1985,2341,1964

2202142805,1987,2402,1957

2202143805,1974,2352,1963

2202144805,1984,2335,1967

2202156801,1996,2320,1991

2202157805,1985,2319,2000

2202158805,1987,2324,2001

2202159805,1987,2315,2014

2202160805,1986,2307,2013

2202161805,1982,2319,2006

2202162805,1989,2311,2019

2202163805,1989,2309,2016

2202174801,1989,2291,2039

2202175805,1986,2334,2031

2202176805,1984,2304,2033

2202177805,1985,2293,2028

2202178805,1983,2302,2039

2202179805,1988,2304,2038

2202180805,1987,2295,2038

2202181805,1985,2299,2040

2202193801,1987,2304,2032

2202194805,1986,2314,2021

2202195805,1984,2304,1969

2202196805,1985,2307,2023

2202197805,1984,2309,2027

2202198805,1991,2315,2014

2202199805,1984,2315,2015

2202200805,1987,2319,2013

2202212801,1989,2333,1973

2202213805,1997,2338,1977

2202214805,1989,2338,1970

2202215805,1986,2338,1968

2202216805,1984,2347,1971

2202217805,1984,2339,1965

2202218805,1984,2352,1967

2202219805,1985,2342,1955

2202230453,1997,2361,1936

2202231805,1984,2363,1936

2202232805,1986,2362,1935

2202233805,1987,2359,1931

2202234805,1987,2356,1935

2202235805,1994,2352,1941

2202236805,1984,2362,1938

2202248801,1991,2359,1947

2202249805,1997,2352,1946

2202250805,1985,2345,1947

2202251805,1994,2347,1957

2202252805,1985,2340,1957

2202253805,1989,2342,1958

2202254805,1991,2350,1956

2202255805,1993,2345,1958

2202267801,1981,2319,1990

2202268842,1984,2314,1990

2202269805,1987,2323,1999

2202270805,1985,2325,2002

2202271805,1980,2315,1998

2202272805,1993,2311,2009

2202273805,1979,2318,2011

2202274805,1985,2318,2017

2202286801,1985,2296,2035

2202287805,1973,2294,2033

2202288805,1986,2306,2032

2202289805,1987,2292,2031

2202290805,1988,2305,2032

2202291805,1988,2295,2042

2202292805,1988,2297,2037

2202293805,2014,2294,2039

2202305801,1994,2293,2032

2202306805,1983,2306,2018

2202307805,1989,2309,2022

2202308805,1987,2308,2027

2202309805,1994,2311,2019

2202310805,1990,2313,2011

2202311805,1984,2313,2015

2202312805,1985,2314,2011

2202324801,1989,2325,1968

2202325805,1987,2335,1981

2202326805,1989,2327,1971

2202327805,1987,2341,1981

2202328805,1990,2338,1969

2202329805,1984,2351,1968

2202330805,1989,2342,1965

2202331805,1991,2343,1968

2202342801,1988,2356,1942

2202343805,1985,2358,1939

2202344805,1979,2352,1933

2202345805,1989,2359,1947

2202346805,1990,2353,1943

2202347805,1985,2352,1936

2202348805,1991,2362,1939

2202349805,1995,2358,1940

2202361801,1969,2356,1945

2202362805,1989,2352,1947

2202363805,1987,2343,1957

2202364805,1984,2353,1959

2202365805,1987,2348,1951

2202366805,1990,2346,1952

2202367805,1990,2320,1959

2202368805,1984,2350,1966

2202380817,1990,2349,1991

2202381805,1984,2364,1984

2202382805,1989,2299,1998

2202383805,1981,2316,2006

2202384805,1987,2316,2001

2202385805,1989,2293,2018

2202386805,1987,2292,2004

2202387805,1990,2310,2015

2202398453,1987,2294,2031

2202399805,1986,2306,2037

2202400805,1994,2304,2034

2202401805,1989,2315,2036

2202402805,1989,2301,2039

2202403805,1985,2293,2033

2202404805,1987,2294,2043

2202416801,1993,2303,2038

2202417805,1987,2285,2027

2202418805,1986,2352,2027

2202419805,1989,2311,2029

2202420805,1984,2257,2019

2202421805,1988,2299,2023

2202422805,1984,2301,2021

2202423805,1974,2282,2017

2202435801,1987,2337,1987

2202436817,1984,2329,1979

2202437805,1986,2330,1975

2202438805,1988,2334,1978

2202439805,1989,2319,1968

2202440805,1991,2320,1969

2202441805,1991,2277,1971

2202442805,1986,2359,1968

2202454801,2000,2353,1936

2202455805,1959,2379,1938

2202456805,1987,2372,1935

2202457805,1994,2352,1941

2202458805,1990,2338,1941

2202459805,1991,2363,1941

2202460805,1996,2339,1939

2202461805,1990,2363,1937

2202473801,1997,2347,1943

2202474805,1993,2301,1939

2202475805,1989,2288,1945

2202476805,1983,2329,1954

2202477805,1985,2355,1947

2202478805,1985,2403,1953

2202479805,1994,2394,1955

2202480805,1987,2416,1963

2202492801,1988,2326,1981

2202493805,1984,2307,1998

2202494805,1985,2302,1987

2202495805,1984,2319,2016

2202496805,1986,2333,2000

2202497805,1986,2330,2005

2202498805,1986,2325,2005

2202499805,1988,2314,2011

2202510801,1987,2310,2031

2202511805,2000,2322,2027

2202512805,1999,2310,2030

2202513805,1986,2304,2034

2202514805,1994,2305,2035

2202515805,1984,2288,2033

2202516805,1989,2288,2032

2202517805,1987,2295,2035

2202529801,1986,2307,2031

2202530805,1985,2306,2030

2202531805,1987,2310,2025

2202532805,1979,2304,2022

2202533805,1988,2304,2019

2202534805,1987,2309,2023

2202535805,1987,2315,2023

2202536805,1991,2305,2025

2202548801,1987,2332,1982

2202549805,1984,2332,1984

2202550805,1998,2337,1974

2202551805,1988,2333,1973

2202552805,1986,2331,1971

2202553805,1987,2335,1972

2202554805,1986,2336,1967

2202555805,1997,2343,1962

2202566453,1989,2311,1945

2202567805,1987,2352,1938

2202568805,1987,2354,1946

2202569805,1987,2353,1937

2202570805,1989,2339,1942

2202571805,1986,2355,1936

2202572805,1982,2351,1931

2202584801,1987,2350,1948

2202585805,1991,2351,1943

2202586805,1986,2351,1942

2202587805,1987,2340,1955

2202588805,1991,2351,1943

2202589805,1991,2350,1951

2202590805,1995,2351,1953

2202591805,1987,2347,1957

2202603801,1993,2318,1985

2202604805,1989,2329,1985

2202605805,1987,2327,1995

2202606805,1990,2323,1997

2202607805,1986,2320,1999

2202608805,1989,2322,2000

2202609805,1984,2319,2001

2202610805,1991,2317,2000

2202622801,1986,2304,2032

2202623805,1987,2308,2030

2202624805,1987,2306,2032

2202625805,1995,2313,2032

2202626805,1990,2305,2034

2202627805,1987,2302,2035

2202628805,1984,2305,2032

2202629805,1984,2304,2038

2202641801,1983,2262,2029

2202642805,1989,2310,2027

2202643805,1987,2310,2019

2202644805,1998,2308,2032

2202645805,1984,2307,2025

2202646805,1985,2305,2027

2202647805,1988,2304,2018

2202648805,1997,2311,2013

2202660801,2018,2323,1959

2202661805,1985,2333,1984

2202662805,1981,2330,1984

2202663805,1987,2298,1983

2202664805,1985,2333,1978

2202665805,1989,2332,1975

2202666805,1987,2339,1968

2202667805,1991,2340,1968

2202678801,1987,2382,1949

2202679805,1984,2352,1941

2202680805,1988,2356,1949

2202681805,1989,2367,1936

2202682805,1989,2353,1936

2202683805,1987,2352,1938

2202684805,1993,2380,1940

2202685805,1990,2352,1939

2202697801,1991,2382,1946

2202698805,1990,2355,1945

2202699805,1988,2357,1974

2202700805,1987,2327,1951

2202701805,1991,2365,1946

2202702805,1987,2352,1950

2202703805,1990,2339,1951

2202704805,2012,2335,1952

2202716836,1984,2330,1985

2202717805,1988,2410,1987

2202718805,1987,2315,1987

2202719805,1994,2404,1982

2202720805,1989,2320,1996

2202721805,1984,2342,1997

2202722805,1989,2310,1995

2202723805,1987,2320,2001

2202734453,1991,2309,2032

2202735805,1990,2421,2029

2202736805,1989,2283,2027

2202737805,1984,2299,2032

2202738805,1978,2304,2032

2202739805,1989,2286,2032

2202740805,1988,2303,2033

2202752801,1991,2315,2032

2202753805,1984,2302,2035

2202754805,1967,2264,2025

2202755805,1984,2332,2031

2202756805,1987,2295,2026

2202757805,1991,2315,2019

2202758805,1985,2318,2031

2202759805,1990,2461,2029

2202771801,1991,2331,1991

2202772805,1979,2330,2019

2202773805,1990,2338,1984

2202774805,1999,2341,1971

2202775805,1983,2330,1979

2202776805,1984,2343,1982

2202777805,1989,2339,1979

2202778805,1989,2334,1968

2202790801,1993,2354,1945

2202791805,1986,2353,1945

2202792805,1993,2355,1947

2202793805,1984,2355,1966

2202794805,1991,2288,1939

2202795805,1993,2346,1935

2202796805,1990,2352,1942

2202797805,1983,2353,1937

2202809801,1993,2352,1943

2202810805,1994,2369,1951

2202811805,1989,2355,1943

2202812805,1994,2346,1942

2202813805,1991,2345,1946

2202814805,1993,2346,1963

2202815805,1995,2334,1950

2202816805,1986,2352,1948

2202828836,1991,2321,1988

2202829805,1984,2337,1984

2202830805,1993,2327,1988

2202831805,1988,2320,1981

2202832805,1987,2321,1997

2202833805,1985,2320,2000

2202834805,1985,2320,1999

2202835805,1987,2320,2002

2202846801,1965,2311,2017

2202847805,1994,2311,2027

2202848805,1986,2303,2032

2202849805,1989,2304,2031

2202850805,1989,2304,2031

2202851805,1990,2301,2032

2202852805,1960,2301,2027

2202853805,1987,2298,2035

2202865801,1988,2305,2034

2202866805,1993,2310,2032

2202867805,1985,2307,2030

2202868805,1989,2313,2031

2202869805,1991,2313,2030

2202870805,1991,2314,2022

2202871805,1989,2309,2022

2202872805,1984,2311,2019

2202884801,1987,2321,1989

2202885805,1991,2321,1986

2202886805,1990,2331,1991

2202887805,1986,2334,1981

2202888805,1994,2330,1984

2202889805,1987,2330,1987

2202890805,1989,2341,1979

2202891805,2000,2336,1971

2202902450,1996,2344,1952

2202903805,1990,2342,1945

2202904805,1985,2349,1948

2202905805,1989,2354,1942

2202906805,1986,2350,1937

2202907805,1993,2351,1947

2202908805,1989,2352,1940

2202920801,1997,2343,1939

2202921805,1989,2363,1936

2202922805,1989,2349,1937

2202923805,1997,2320,1950

2202924805,1989,2351,1945

2202925805,1991,2350,1939

2202926805,1987,2343,1954

2202927805,1986,2390,1952

2202939801,1992,2327,1978

2202940841,1985,2337,1974

2202941805,1982,2325,1984

2202942805,1984,2329,1980

2202943805,1985,2325,1995

2202944805,1985,2331,1994

2202945805,1987,2326,1993

2202946805,1987,2341,1987

2202958801,1961,2361,2021

2202959805,1983,2304,2027

2202960805,1985,2303,2032

2202961805,1975,2311,2027

2202962805,1986,2310,2032

2202963805,1994,2321,2032

2202964805,1987,2307,2032

2202965805,1984,2306,2032

2202977801,1984,2295,2033

2202978805,1984,2304,2033

2202979805,1984,2310,2031

2202980805,1984,2304,2023

2202981805,1987,2308,2030

2202982805,1983,2308,2030

2202983805,1986,2307,2023

2202984805,1957,2305,2021

2202996832,1987,2321,1949

2202997805,1990,2325,1990

2202998805,1981,2332,1990

2202999805,1986,2331,1988

2203000805,1989,2325,1984

2203001805,1971,2326,1977

2203002805,1994,2339,1983

2203003805,1966,2337,1971

2203015801,1996,2347,1948

2203016805,1986,2349,1955

2203017805,2001,2351,1953

2203018805,1989,2352,1951

2203019805,1990,2352,1942

2203020805,2005,2347,1947

2203021805,1995,2348,1937

2203022805,2000,2342,1936

2203034801,1938,2339,1941

2203035805,1987,2351,1948

2203036805,1993,2345,1949

2203037805,1985,2352,1950

2203038805,1989,2349,1949

2203039805,1985,2351,1943

2203040805,1987,2347,1947

2203041805,1984,2349,1956

2203053801,1990,2330,1977

2203054805,1987,2327,1981

2203055805,1985,2324,1990

2203056805,1985,2319,1991

2203057805,1985,2326,1984

2203058805,1980,2320,1996

2203059805,1987,2322,2000

2203060805,1982,2311,1995

2203072801,1990,2304,2025

2203073805,1989,2309,2022

2203074805,1988,2306,2023

2203075805,1980,2310,2026

2203076805,1987,2305,2025

2203077805,1968,2301,2022

2203078805,1987,2304,2026

2203079805,1985,2305,2032

2203091801,1984,2305,2021

2203092805,1989,2295,2023

2203093805,1984,2309,2031

2203094805,1991,2301,2025

2203095805,1990,2309,2026

2203096805,1993,2305,2021

2203097805,1988,2305,2026

2203098805,1988,2307,2017

2203110801,1989,2334,1997

2203111805,1987,2320,1985

2203112805,2000,2327,1985

2203113805,1987,2327,1993

2203114805,1986,2325,1981

2203115805,2039,2329,1978

2203116805,1987,2332,1981

2203117805,1987,2341,1974

2203129801,1985,2350,1951

2203130805,1986,2346,1936

2203131805,1989,2352,1948

2203132805,1995,2346,1943

2203133805,2000,2352,1946

2203134805,1981,2359,1941

2203135805,1990,2357,1943

2203136805,1994,2352,1945

2203148801,1987,2355,1950

2203149805,1987,2347,1942

2203150805,1989,2352,1949

2203151805,1986,2350,1953

2203152805,1988,2347,1951

2203153805,1985,2343,1949

2203154805,1987,2350,1954

2203155805,1990,2346,1956

2203167801,1994,2325,1985

2203168805,1989,2330,1984

2203169805,1993,2334,1989

2203170805,1986,2283,1986

2203171805,1987,2325,1984

2203172805,1985,2324,1988

2203173805,1984,2323,1999

2203174805,1984,2315,2000

2203186801,1989,2306,2025

2203187805,1983,2315,2017

2203188805,1983,2313,2028

2203189805,1984,2310,2032

2203190805,1985,2303,2032

2203191805,1983,2304,2026

2203192805,1985,2305,2034

2203193805,1995,2305,2034

2203205801,1983,2306,2021

2203206805,1991,2305,2027

2203207805,1986,2311,2029

2203208805,1984,2383,2019

2203209805,1984,2306,2026

2203210805,1987,2317,2021

2203211805,1990,2309,2012

2203212805,1985,2321,2014

2203224801,1990,2323,1979

2203225805,1986,2335,1980

2203226805,1990,2338,1984

2203227805,1994,2329,1983

2203228805,1985,2330,1981

2203229805,1986,2338,1977

2203230805,1990,2350,1969

2203231805,1990,2336,1968

2203243801,1989,2353,1947

2203244805,1984,2327,1943

2203245805,1987,2349,1945

2203246805,1987,2347,1942

2203247805,1988,2354,1939

2203248805,1990,2345,1946

2203249805,1985,2346,1949

2203250805,1994,2352,1937

2203262801,1985,2346,1941

2203263805,1990,2355,1939

2203264805,1988,2353,1948

2203265805,1990,2347,1951

2203266805,1984,2342,1955

2203267805,1989,2346,1962

2203268805,1987,2341,1956

2203269805,1987,2343,1957

2203281801,1984,2329,1985

2203282805,1987,2336,1987

2203283805,1984,2320,1997

2203284805,1989,2330,1987

2203285805,1989,2323,1993

2203286805,1993,2320,1991

2203287805,1990,2320,2000

2203288805,1987,2323,2001

2203300801,1994,2315,2031

2203301805,1989,2315,2021

2203302805,1994,2308,2031

2203303805,1984,2303,2031

2203304805,1984,2302,2026

2203305805,1990,2307,2031

2203306805,1987,2308,2028

2203307805,1982,2295,2032

2203319801,1993,2302,2026

2203320805,1986,2307,2023

2203321805,1985,2310,2018

2203322805,1981,2309,2023

2203323805,1991,2316,2014

2203324805,1984,2309,2013

2203325805,1987,2313,2015

2203326805,1985,2318,2010

2203338801,1987,2334,1983

2203339805,1987,2335,1982

2203340805,1983,2324,1975

2203341805,1984,2336,1973

2203342805,1987,2330,1981

2203343805,1984,2331,1973

2203344805,1985,2334,1970

2203345805,2000,2333,1975

2203357801,1990,2346,1942

2203358805,1984,2346,1949

2203359805,1984,2350,1939

2203360805,1987,2352,1943

2203361805,1987,2352,1945

2203362805,1988,2352,1947

2203363805,1987,2349,1943

2203364805,1987,2345,1941

2203376801,1988,2346,1953

2203377805,1986,2349,1954

2203378805,1990,2345,1954

2203379805,1989,2343,1954

2203380805,1991,2337,1957

2203381805,1990,2349,1953

2203382805,1986,2339,1963

2203383805,1984,2343,1963

2203395801,1987,2326,1986

2203396805,1983,2330,1992

2203397805,1991,2327,1998

2203398805,1986,2300,1997

2203399805,1984,2314,2001

2203400805,1986,2317,2000

2203401805,1984,2321,2005

2203402805,1987,2318,2003

2203414801,1989,2305,2021

2203415805,1987,2304,2029

2203416805,1994,2308,2033

2203417805,1983,2309,2029

2203418805,1991,2310,2028

2203419805,1984,2309,2027

2203420805,1990,2300,2031

2203421805,1984,2303,2021

2203433801,1984,2317,2023

2203434805,1986,2307,2023

2203435805,1986,2320,2018

2203436805,1983,2306,2017

2203437805,1985,2308,2013

2203438805,1985,2309,2011

2203439805,1988,2314,2017

2203440805,1983,2320,2005

2203452801,1984,2326,1968

2203453805,1985,2331,1981

2203454805,1988,2327,1973

2203455805,1986,2327,1971

2203456805,1990,2331,1970

2203457805,1984,2335,1973

2203458805,1983,2335,1968

2203459805,1989,2338,1965

2203471801,1994,2345,1951

2203472805,1991,2352,1954

2203473805,2002,2342,1943

2203474805,2007,2351,1945

2203475805,1990,2350,1949

2203476805,1989,2349,1945

2203477805,1987,2346,1939

2203478805,1986,2359,1941

2203490801,1984,2343,1945

2203491805,1991,2341,1951

2203492805,1987,2345,1955

2203493805,1993,2347,1953

2203494805,1986,2339,1965

2203495805,1990,2348,1962

2203496805,1987,2343,1958

2203497805,1987,2339,1968

2203509801,1984,2329,1998

2203510805,1990,2320,1999

2203511805,1997,2370,1999

2203512805,1992,2321,1995

2203513805,1991,2320,2001

2203514805,1984,2319,2005

2203515805,1984,2323,2003

2203516805,1987,2320,2001

2203528801,1987,2309,2025

2203529805,1979,2311,2031

2203530805,1991,2304,2032

2203531805,1984,2309,2032

2203532805,1985,2306,2021

2203533805,1990,2305,2023

2203534805,1989,2308,2038

2203535805,1989,2302,2023

2203547801,1981,2310,2030

2203548805,1984,2311,2028

2203549805,1987,2320,2010

2203550805,1984,2309,2017

2203551805,1984,2311,2009

2203552805,1990,2314,2011

2203553805,1987,2311,2013

2203554805,1982,2309,2005

2203566801,1990,2342,1979

2203567805,1992,2341,1975

2203568805,1989,2336,1978

2203569805,2000,2341,1962

2203570805,1987,2339,1968

2203571805,1988,2340,1970

2203572805,1985,2327,1959

2203573805,1986,2341,1959

2203585801,1989,2353,1950

2203586805,1989,2351,1953

2203587805,1985,2352,1946

2203588805,1995,2352,1946

2203589805,1988,2349,1946

2203590805,1988,2346,1940

2203591805,1985,2345,1950

2203592805,1984,2355,1951

2203604801,1993,2352,1959

2203605805,1987,2352,1957

2203606805,1987,2351,1961

2203607805,1991,2339,1962

2203608805,1983,2341,1957

2203609805,1987,2345,1968

2203610805,1984,2341,1968

2203611805,1987,2335,1971

2203623801,1987,2320,1994

2203624805,1990,2320,1984

2203625805,1983,2327,1995

2203626805,1987,2325,2007

2203627805,1993,2314,2000

2203628805,1985,2309,2006

2203629805,1987,2320,2011

2203630805,1988,2314,2010

2203641801,1985,2305,2025

2203642805,1984,2309,2019

2203643805,1984,2306,2035

2203644805,1987,2303,2026

2203645805,1991,2309,2029

2203646805,1988,2303,2032

2203647805,1986,2300,2028

2203648805,1984,2305,2030

2203660801,1989,2311,2018

2203661805,1991,2304,2019

2203662805,1994,2313,2012

2203663805,1991,2314,2018

2203664805,1981,2317,2017

2203665805,1986,2313,2012

2203666805,1984,2319,2007

2203667805,1985,2315,2003

2203679801,1987,2329,1980

2203680805,1983,2325,1981

2203681805,1987,2330,1992

2203682805,1996,2337,1969

2203683805,1984,2338,1968

2203684805,1985,2340,1968

2203685805,1987,2339,1959

2203686805,1987,2346,1968

2203697453,1990,2303,1952

2203698805,1997,2352,1945

2203699805,1991,2352,1950

2203700805,1993,2352,1958

2203701805,1987,2349,1943

2203702805,1991,2347,1940

2203703805,1997,2351,1942

2203715801,1984,2354,1958

2203716805,1985,2352,1959

2203717805,1986,2349,1961

2203718805,1986,2339,1955

2203719805,1995,2346,1957

2203720805,1993,2345,1961

2203721805,1991,2336,1968

2203722805,1988,2338,1962

2203734801,1984,2325,1984

2203735805,1995,2321,1991

2203736805,1989,2323,1997

2203737805,1987,2323,2005

2203738805,1987,2320,1985

2203739805,1994,2317,2000

2203740805,1991,2319,2000

2203741805,1987,2319,2009

2203753801,1984,2315,2022

2203754805,1987,2306,2021

2203755805,1986,2307,2023

2203756805,1984,2304,2028

2203757805,1983,2301,2023

2203758805,1979,2306,2015

2203759805,1983,2305,2029

2203760805,1982,2305,2029

2203772801,1984,2308,2026

2203773805,1984,2313,2011

2203774805,1989,2315,2014

2203775805,1987,2320,2016

2203776805,1985,2315,2015

2203777805,1983,2318,2013

2203778805,1987,2310,2017

2203779805,1987,2305,2017

2203791801,1995,2331,1987

2203792805,1991,2335,1986

2203793805,1987,2335,1971

2203794805,1996,2322,1976

2203795805,1975,2342,1981

2203796805,1988,2335,1968

2203797805,1987,2343,1990

2203798805,1986,2334,1966

2203809801,1988,2352,1937

2203810805,1993,2346,1954

2203811805,1993,2342,1946

2203812805,1997,2350,1943

2203813805,1990,2347,1949

2203814805,1991,2346,1943

2203815805,1993,2351,1938

2203816805,1995,2353,1946

2203828801,1987,2347,1957

2203829805,1987,2341,1960

2203830805,1987,2349,1953

2203831805,1991,2350,1968

2203832805,1987,2347,1957

2203833805,1991,2319,1957

2203834805,1984,2339,1962

2203835805,1983,2336,1968

2203847836,1995,2324,1991

2203848805,1988,2334,1993

2203849805,1987,2326,1999

2203850805,1987,2330,2009

2203851805,1989,2325,2000

2203852805,1985,2323,2001

2203853805,1990,2316,2012

2203854805,1988,2321,2009

2203865453,1996,2315,2001

2203866805,1991,2311,2026

2203867805,1994,2309,2025

2203868805,1979,2304,2029

2203869805,1984,2313,2030

2203870805,1982,2309,2022

2203871805,1990,2303,2032

2203883801,1983,2314,2022

2203884805,1989,2309,2023

2203885805,1984,2317,2013

2203886805,1987,2289,2025

2203887805,1989,2311,2018

2203888805,1985,2310,2017

2203889805,1983,2320,2010

2203890805,1989,2318,2003

2203902801,1987,2321,1996

2203903806,1984,2330,1983

2203904805,1984,2332,1983

2203905805,1984,2352,1978

2203906805,1987,2330,1968

2203907805,1991,2331,1979

2203908805,1986,2333,1975

2203909805,1989,2343,1974

2203921801,1994,2350,1951

2203922805,1990,2345,1951

2203923805,1990,2346,1949

2203924805,1995,2352,1955

2203925805,1987,2349,1954

2203926805,1988,2352,1956

2203927805,1990,2356,1953

2203928805,1990,2351,1943

2203940801,1991,2351,1955

2203941805,1984,2342,1953

2203942805,1990,2352,1957

2203943805,1987,2345,1963

2203944805,1990,2343,1962

2203945805,1986,2342,1965

2203946805,1983,2342,1968

2203947805,1986,2339,1961

2203959814,1985,2332,1995

2203960805,1987,2326,1990

2203961805,1985,2329,1993

2203962805,1984,2323,1995

2203963805,1984,2325,1980

2203964805,1989,2323,2001

2203965805,1984,2320,2000

2203966805,1987,2318,2000

2203978801,1985,2309,2014

2203979805,1987,2311,2020

2203980805,1989,2299,2023

2203981805,1989,2302,2027

2203982805,1983,2309,2019

2203983805,1982,2304,2022

2203984805,1990,2303,2031

2203985805,1984,2311,2030

2203997801,1985,2314,2017

2203998805,1995,2305,2017

2203999805,1990,2319,2011

2204000805,1984,2306,2028

2204001805,1984,2310,2012

2204002805,1985,2306,2013

2204003805,1993,2318,2015

2204004805,1985,2309,2009

2204016801,1985,2324,1987

2204017805,1990,2325,1979

2204018805,1986,2334,1982

2204019805,1987,2335,1968

2204020805,1990,2326,1975

2204021805,1990,2332,1968

2204022805,1991,2332,1968

2204023805,1989,2330,1968

2204035801,1997,2346,1959

2204036805,1986,2347,1943

2204037805,1985,2348,1942

2204038805,1987,2351,1947

2204039805,1991,2350,1955

2204040805,1989,2353,1965

2204041805,1983,2352,1963

2204042805,1991,2352,1946

2204054801,1985,2339,1965

2204055805,1990,2350,1959

2204056805,1988,2339,1957

2204057805,1985,2350,1963

2204058805,1993,2354,1962

2204059805,1986,2347,1946

2204060805,1997,2343,1955

2204061805,1982,2343,1968

2204073801,1989,2327,1989

2204074805,1993,2321,1995

2204075805,1987,2322,1984

2204076805,1985,2337,2001

2204077805,1987,2320,1998

2204078805,1990,2317,2005

2204079805,1990,2321,2016

2204080805,1984,2320,2001

2204092801,1984,2319,2027

2204093805,1985,2306,2019

2204094805,1986,2305,2010

2204095805,1980,2308,2019

2204096805,1991,2313,2032

2204097805,1988,2303,2019

2204098805,1985,2306,2023

2204099805,1979,2305,2019

2204111801,1984,2317,2014

2204112805,1986,2318,2020

2204113805,1987,2313,1998

2204114805,1989,2412,2007

2204115805,1991,2312,2021

2204116805,1987,2304,2001

2204117805,1983,2309,2003

2204118805,1984,2315,2009

2204130801,1990,2337,1986

2204131805,1986,2330,1973

2204132805,1994,2326,1975

2204133805,1988,2400,1982

2204134805,1991,2326,1979

2204135805,1987,2339,1994

2204136805,1991,2333,1973

2204137805,1987,2335,1966

2204149801,1991,2341,1949

2204150805,1986,2342,1945

2204151805,1991,2349,1952

2204152805,1988,2326,1948

2204153805,1991,2353,1954

2204154805,1990,2352,1955

2204155805,1982,2352,1953

2204156805,1988,2352,1951

2204168801,1987,2352,1963

2204169805,1987,2337,1968

2204170805,1994,2349,1967

2204171805,1986,2341,1967

2204172805,1986,2349,1967

2204173805,1995,2349,1970

2204174805,1991,2353,1968

2204175805,1987,2342,2007

2204187801,1988,2333,1997

2204188805,1990,2322,1931

2204189805,1985,2321,2001

2204190805,1987,2324,2000

2204191805,1990,2321,2000

2204192805,1991,2327,2002

2204193805,1996,2310,2006

2204194805,1989,2320,2013

2204206801,1984,2307,2021

2204207805,1987,2311,2018

2204208805,1985,2311,2026

2204209805,1988,2322,2019

2204210805,1987,2313,2023

2204211805,1991,2307,2023

2204212805,1986,2299,2000

2204213805,1985,2315,2025

2204225801,1987,2315,2019

2204226805,1983,2311,2014

2204227805,1985,2308,2015

2204228805,1986,2308,2010

2204229805,1990,2316,2000

2204230805,1985,2311,2017

2204231805,1983,2319,1953

2204232805,1985,2314,2000

2204244801,1984,2339,1973

2204245805,1990,2332,1939

2204246805,1987,2337,1968

2204247805,1985,2334,1974

2204248805,1983,2334,1959

2204249805,1985,2330,1959

2204250805,1991,2338,1973

2204251805,1986,2342,1963

2204263801,1987,2352,1950

2204264805,1994,2352,1957

2204265805,1984,2349,1935

2204266805,1991,2352,1949

2204267805,1993,2352,1962

2204268805,1989,2349,1954

2204269805,1993,2352,1947

2204270805,1989,2352,1926

2204282801,1993,2336,1963

2204283805,1989,2351,1959

2204284805,1985,2347,1968

2204285805,1986,2344,1956

2204286805,1989,2339,1962

2204287805,1987,2339,1958

2204288805,1985,2333,1975

2204289805,1993,2341,1957

2204301801,1987,2334,1991

2204302805,1986,2323,1998

2204303805,1987,2322,2001

2204304805,1993,2320,2000

2204305805,1986,2320,2001

2204306805,1987,2311,2005

2204307805,1984,2320,2010

2204308805,1986,2320,2000

2204320801,1990,2311,2022

2204321805,1991,2310,2015

2204322805,1989,2310,2022

2204323805,1987,2307,2017

2204324805,1986,2306,2017

2204325805,1988,2299,2017

2204326805,1991,2305,2021

2204327805,1989,2307,2021

2204339801,1986,2317,2010

2204340805,1993,2313,2006

2204341805,1984,2311,2011

2204342805,1984,2320,2010

2204343805,1988,2320,2013

2204344805,1991,2314,2000

2204345805,1993,2320,2011

2204346805,1987,2317,2005

2204358801,1987,2337,1983

2204359805,1990,2324,1982

2204360805,1984,2332,1972

2204361805,1993,2328,1971

2204362805,2000,2336,1970

2204363805,1987,2343,1953

2204364805,1991,2339,1968

2204365805,1989,2345,1959

2204377801,1989,2351,1923

2204378805,1991,2351,1948

2204379805,1990,2351,1947

2204380805,1987,2350,1956

2204381805,1989,2352,1953

2204382805,1987,2346,1956

2204383805,1989,2345,1947

2204384805,1987,2347,1950

2204396801,1990,2342,1966

2204397805,1987,2340,1968

2204398805,1995,2341,1968

2204399805,1987,2343,1958

2204400805,1991,2339,1970

2204401805,1985,2335,1968

2204402805,1982,2336,1969

2204403805,1986,2339,1922

2204415801,1991,2320,2065

2204416805,1994,2329,1997

2204417805,1979,2331,1997

2204418805,1981,2322,2002

2204419805,1979,2322,2000

2204420805,1987,2309,1999

2204421805,1987,2318,2002

2204422805,1993,2313,2000

2204434801,1987,2305,2003

2204435805,1987,2304,2029

2204436805,1985,2311,2029

2204437805,1985,2311,2023

2204438805,1996,2309,2018

2204439805,1986,2304,2017

2204440805,1984,2303,2019

2204441805,1985,2311,2002

2204453801,1990,2320,1968

2204454805,1985,2317,2054

2204455805,1984,2315,2006

2204456805,1984,2322,2004

2204457805,1987,2320,2014

2204458805,1994,2327,2017

2204459805,1985,2323,1998

2204460805,1989,2321,2010

2204472801,1984,2338,1941

2204473805,1979,2330,1970

2204474805,1984,2338,1968

2204475805,1986,2339,1968

2204476805,1992,2333,1984

2204477805,1995,2341,1969

2204478805,1985,2341,1984

2204479805,1991,2341,1948

2204491801,1987,2343,1947

2204492805,1985,2350,1911

2204493805,1995,2352,1921

2204494805,1985,2354,1960

2204495805,1990,2350,1959

2204496805,1991,2349,1937

2204497805,1988,2350,1942

2204498805,1986,2349,1909

2204510801,1991,2345,1963

2204511805,1986,2336,1963

2204512805,1994,2341,1965

2204513805,1995,2345,1971

2204514805,2000,2338,1977

2204515805,1995,2334,2006

2204516805,1987,2337,1962

2204517805,1991,2335,1985

2204529801,1991,2323,2001

2204530805,1994,2326,2003

2204531805,1987,2320,1997

2204532805,1998,2318,2007

2204533805,1983,2315,2013

2204534805,1989,2319,2000

2204535805,1987,2320,2022

2204536805,1982,2322,2013

2204548801,1993,2309,2018

2204549805,1989,2317,2064

2204550805,1985,2302,2028

2204551805,1978,2305,2023

2204552805,1986,2310,2032

2204553805,1996,2306,2032

2204554805,1980,2313,1987

2204555805,1998,2309,2074

2204567801,1988,2327,2010

2204568805,1964,2320,2007

2204569805,2001,2317,2004

2204570805,1999,2330,2001

2204571805,1983,2317,2019

2204572805,1968,2321,1984

2204573805,2000,2310,2003

2204574805,2003,2327,2000

2204586801,1999,2331,1968

2204587805,1986,2345,1979

2204588805,1998,2346,1969

2204589805,1998,2339,1968

2204590805,1990,2338,1968

2204591805,1985,2343,1975

2204592805,1992,2345,1954

2204593805,1999,2341,1956

2204604801,1993,2347,1949

2204605805,1994,2353,1952

2204606805,1993,2349,1954

2204607805,1995,2351,1946

2204608805,1990,2353,1948

2204609805,1998,2342,1957

2204610805,1991,2343,1958

2204611805,1990,2341,1949

2204623801,1990,2347,1963

2204624805,1991,2339,1959

2204625805,1991,2335,2014

2204626805,1985,2337,1968

2204627805,1993,2336,1995

2204628805,1986,2343,1974

2204629805,1991,2345,1973

2204630805,1987,2335,1975

2204642801,1994,2321,2000

2204643805,1984,2318,1998

2204644805,1985,2319,2001

2204645805,1987,2329,2000

2204646805,1991,2318,2003

2204647805,1989,2320,2007

2204648805,1990,2317,2002

2204649805,1984,2309,2007

2204660453,1987,2309,2017

2204661805,1990,2309,2021

2204662805,1987,2311,2019

2204663805,1987,2303,2026

2204664805,1989,2311,2022

2204665805,1991,2305,2019

2204666805,1984,2306,2021

2204678801,1990,2309,1991

2204679805,1993,2317,2006

2204680805,1989,2319,2005

2204681805,1995,2309,2001

2204682805,1983,2317,2017

2204683805,1986,2315,2000

2204684805,1983,2318,2002

2204685805,1989,2316,2003

2204697801,1986,2334,1966

2204698805,1993,2338,1982

2204699805,1987,2342,1978

2204700805,1991,2336,1969

2204701805,1990,2341,1968

2204702805,1994,2339,1968

2204703805,1983,2335,1963

2204704805,1987,2346,1968

2204716801,1986,2347,1968

2204717805,1988,2342,1961

2204718805,1986,2352,1959

2204719805,1997,2347,1950

2204720805,1988,2347,1947

2204721805,1998,2354,1954

2204722805,1989,2352,1951

2204723805,1989,2349,1953

2204735801,1987,2347,1937

2204736805,1990,2335,1968

2204737805,1987,2337,1969

2204738805,1983,2338,1968

2204739805,1986,2347,1969

2204740805,1985,2336,1967

2204741805,1985,2335,1965

2204742805,1989,2327,1971

2204754801,1989,2323,2000

2204755805,1985,2321,1983

2204756805,1986,2320,2000

2204757805,1983,2316,2000

2204758805,1990,2323,2000

2204759805,1987,2313,2000

2204760805,1988,2319,2003

2204761805,1989,2318,2003

2204772801,1993,2304,2106

2204773805,1991,2319,1998

2204774805,1984,2322,2037

2204775805,1989,2307,2019

2204776805,2011,2311,2010

2204777805,1989,2311,2037

2204778805,1991,2310,2019

2204779805,1979,2306,2010

2204791801,1983,2320,1986

2204792805,1986,2314,2007

2204793805,1991,2320,2000

2204794805,1989,2317,2016

2204795805,1983,2318,2005

2204796805,1981,2320,2002

2204797805,1991,2320,1995

2204798805,1990,2326,2000

2204810801,1995,2334,1981

2204811805,1993,2335,1984

2204812805,1991,2341,1971

2204813805,1997,2337,1972

2204814805,1993,2337,1970

2204815805,1991,2342,2027

2204816805,1991,2341,1952

2204817805,1996,2338,1968

2204828453,1985,2343,1952

2204829805,1995,2351,1962

2204830805,1987,2347,1954

2204831805,1989,2346,1963

2204832805,1990,2349,1950

2204833805,1986,2350,1973

2204834805,1990,2352,1955

2204846801,1983,2352,1961

2204847805,1984,2345,1926

2204848805,1985,2336,1966

2204849805,1999,2346,1968

2204850805,1988,2338,1968

2204851805,1989,2339,1963

2204852805,1995,2344,1966

2204853805,1989,2335,1970

2204865801,1985,2322,1999

2204866805,1990,2320,1995

2204867805,1984,2319,1994

2204868805,1987,2321,2000

2204869805,1987,2322,1962

2204870805,1984,2320,2000

2204871805,1990,2318,2000

2204872805,1987,2314,2015

2204884801,1990,2309,2022

2204885805,1983,2315,2020

2204886805,2013,2309,1983

2204887805,1984,2309,2015

2204888805,1985,2305,2031

2204889805,1989,2311,2022

2204890805,1985,2308,2083

2204891805,1989,2304,2025

2204903801,1986,2316,2000

2204904805,1989,2313,2010

2204905805,1991,2317,1999

2204906805,1985,2319,2009

2204907805,1989,2320,2011

2204908805,1987,2314,2009

2204909805,2006,2324,2016

2204910805,1986,2320,2000

2204922801,1985,2335,1983

2204923805,1972,2332,1981

2204924805,1994,2330,1975

2204925805,2002,2337,1979

2204926805,1970,2339,1972

2204927805,1967,2336,1969

2204928805,2002,2343,1970

2204929805,2029,2338,1968

2204940801,1991,2347,1954

2204941805,1968,2341,1951

2204942805,1986,2352,1954

2204943805,1991,2342,1952

2204944805,1988,2345,1952

2204945805,2000,2347,1953

2204946805,1975,2341,1956

2204947805,2090,2345,1953

2204959801,1984,2343,1963

2204960805,1996,2344,1957

2204961805,1984,2346,1966

2204962805,1967,2346,1977

2204963805,1994,2337,1968

2204964805,1999,2334,1971

2204965805,1995,2336,1974

2204966805,1991,2330,1989

2204978801,1984,2331,1995

2204979805,1993,2320,2000

2204980805,2003,2320,2000

2204981805,1984,2323,1995

2204982805,1991,2319,2029

2204983805,1987,2321,1999

2204984805,2014,2325,2005

2204985805,1987,2320,2003

2204996453,1987,2319,2013

2204997805,2007,2313,2028

2204998805,1983,2318,2020

2204999805,1990,2311,2019

2205000805,2015,2314,2015

2205001805,1995,2317,2021

2205002805,1989,2310,2025

2205014801,1984,2311,2011

2205015805,1985,2321,2011

2205016805,1989,2311,1995

2205017805,1994,2319,2000

2205018805,1986,2321,2011

2205019805,1985,2320,2007

2205020805,1989,2321,2012

2205021805,1984,2328,2005

2205033801,1983,2327,1986

2205034805,1990,2337,1984

2205035805,1978,2335,1981

2205036805,1995,2336,1979

2205037805,1964,2334,1981

2205038805,1988,2338,1972

2205039805,1966,2335,1971

2205040805,1996,2335,1971

2205052801,1988,2339,1962

2205053805,1983,2345,1953

2205054805,1991,2338,1953

2205055805,1991,2351,1955

2205056805,1993,2342,1958

2205057805,1984,2347,1955

2205058805,1989,2346,1942

2205059805,1988,2343,1962

2205071801,1987,2345,1965

2205072805,1998,2347,1962

2205073805,1987,2346,1966

2205074805,1991,2343,1968

2205075805,1988,2335,1966

2205076805,1986,2334,1968

2205077805,1990,2336,1968

2205078805,1985,2337,1968

2205090801,1989,2320,1990

2205091805,1985,2320,1994

2205092805,1993,2325,1997

2205093805,1990,2320,1996

2205094805,1985,2320,2000

2205095805,1987,2320,1998

2205096805,1983,2318,2003

2205097805,1985,2316,2007

2205108801,1984,2311,2019

2205109805,1998,2314,2011

2205110805,1989,2304,2016

2205111805,1990,2308,2022

2205112805,1983,2305,2022

2205113805,1988,2308,2021

2205114805,1986,2309,2025

2205115805,1986,2317,2016

2205127801,1987,2316,2013

2205128805,1989,2319,2016

2205129805,1981,2320,2023

2205130805,1986,2314,2014

2205131805,1989,2322,2015

2205132805,1985,2326,2005

2205133805,1991,2315,2010

2205134805,1989,2320,2001

2205146801,2000,2337,1984

2205147805,1998,2321,1982

2205148805,1983,2331,1979

2205149805,1987,2326,1978

2205150805,1985,2339,1973

2205151805,1989,2335,1973

2205152805,1991,2343,1973

2205153805,1989,2351,1971

2205164453,1993,2336,1965

2205165805,1991,2341,1955

2205166805,1989,2349,1961

2205167805,1981,2342,1956

2205168805,1986,2350,1950

2205169805,1987,2347,1955

2205170805,1995,2350,1958

2205182801,1987,2346,1954

2205183805,1979,2341,1956

2205184805,1997,2337,1958

2205185805,1986,2345,1962

2205186805,1984,2340,1959

2205187805,1989,2331,1965

2205188805,1983,2327,1965

2205189805,2001,2340,1968

2205201801,1989,2321,1986

2205202805,1987,2331,1994

2205203805,1984,2323,1993

2205204805,1982,2321,1990

2205205805,1985,2320,1997

2205206805,1987,2315,1997

2205207805,2000,2320,1995

2205208805,1990,2327,1997

2205220801,2016,2304,2015

2205221805,1984,2315,2017

2205222805,1990,2313,2013

2205223805,2006,2319,2027

2205224805,1987,2313,2013

2205225805,1995,2314,2020

2205226805,1999,2318,2028

2205227805,1989,2311,2020

2205239801,1987,2315,2035

2205240805,1989,2317,2011

2205241805,2003,2315,2009

2205242805,1981,2310,2010

2205243805,1977,2315,2003

2205244805,2004,2309,2005

2205245805,2000,2320,2012

2205246805,1991,2320,2000

2205258801,1987,2329,1978

2205259805,1986,2333,1979

2205260805,1991,2321,1973

2205261805,1989,2331,1970

2205262805,1983,2337,1978

2205263805,1993,2333,1979

2205264805,1991,2335,1970

2205265805,1984,2338,1968

2205276801,1975,2343,1955

2205277805,2008,2341,1953

2205278805,1994,2348,1953

2205279805,1982,2346,1961

2205280805,1994,2348,1957

2205281805,1985,2347,1957

2205282805,1990,2343,1962

2205283805,1978,2343,1958

2205295801,1985,2345,1957

2205296805,1985,2340,1963

2205297805,1984,2346,1937

2205298805,1994,2339,1970

2205299805,2009,2342,1959

2205300805,2034,2339,1969

2205301805,1989,2335,1968

2205302805,1986,2338,1963

2205314801,1985,2320,1986

2205315805,1985,2326,1982

2205316805,1990,2323,1988

2205317805,1985,2320,1985

2205318805,1993,2325,1997

2205319805,1980,2317,1997

2205320805,1990,2320,1990

2205321805,1987,2322,2007

2205332453,1979,2320,2010

2205333805,1984,2316,2015

2205334805,1990,2315,2019

2205335805,1985,2314,2023

2205336805,1985,2317,2016

2205337805,1982,2313,2022

2205338805,1985,2317,2019

2205350801,1988,2320,1991

2205351805,1985,2314,2011

2205352805,1986,2309,2016

2205353805,1997,2318,2015

2205354805,1986,2317,2004

2205355805,1975,2315,2007

2205356805,1990,2320,2003

2205357805,1991,2314,2000

2205369801,1984,2320,1983

2205370805,1987,2336,2001

2205371805,1991,2330,1989

2205372805,1971,2333,1989

2205373805,1987,2329,1985

2205374805,1985,2329,1975

2205375805,1984,2333,1975

2205376805,1988,2336,1975

2205388801,1999,2345,1885

2205389805,1993,2347,1961

2205390805,1986,2339,1966

2205391805,1985,2345,1951

2205392805,1981,2343,1958

2205393805,1983,2352,1957

2205394805,1987,2337,1950

2205395805,1987,2335,1962

2205407801,1991,2337,1961

2205408805,1994,2337,1958

2205409805,1997,2341,1949

2205410805,1958,2336,1962

2205411805,1989,2342,1963

2205412805,1991,2348,1968

2205413805,1991,2340,1963

2205414805,1995,2335,1963

2205426801,1986,2329,1988

2205427805,1989,2323,1989

2205428805,1986,2358,1998

2205429805,1993,2325,2000

2205430805,1989,2326,1989

2205431805,1999,2319,1991

2205432805,1994,2320,1999

2205433805,1983,2326,2000

2205444801,1984,2317,2016

2205445805,1988,2321,2007

2205446805,1988,2313,2019

2205447805,1994,2310,2015

2205448805,1986,2307,2020

2205449805,1986,2319,2022

2205450805,1986,2317,2014

2205451805,1989,2315,2032

2205463801,1983,2310,2011

2205464805,1997,2317,2012

2205465805,1985,2318,2021

2205466805,1986,2315,2012

2205467805,1986,2307,2007

2205468805,1936,2318,2002

2205469805,1990,2319,2002

2205470805,1990,2321,2006

2205482801,1984,2324,1986

2205483805,1987,2327,1994

2205484805,1984,2330,1977

2205485805,2000,2326,1982

2205486805,1991,2329,1989

2205487805,1989,2330,1977

2205488805,1995,2341,1979

2205489805,1991,2311,1955

2205500453,1995,2335,1968

2205501805,1986,2346,1958

2205502805,1984,2341,1968

2205503805,1982,2351,1961

2205504805,1987,2348,1959

2205505805,1990,2343,1963

2205506805,1983,2342,1955

2205518801,1987,2345,1966

2205519805,1987,2355,1963

2205520805,1986,2338,1954

2205521805,2010,2337,1968

2205522805,1983,2341,1958

2205523805,1984,2346,1965

2205524805,1984,2339,1965

2205525805,1985,2363,1966

2205537801,1987,2333,1981

2205538805,1985,2332,1982

2205539805,1989,2342,1984

2205540805,1991,2326,1986

2205541805,1999,2322,1989

2205542805,1987,2337,1991

2205543805,1983,2325,1997

2205544805,1989,2320,1986

2205556801,1989,2315,2006

2205557805,1985,2250,2002

2205558805,1983,2307,2014

2205559805,2017,2315,2017

2205560805,1986,2305,2021

2205561805,1991,2320,2018

2205562805,1982,2313,2020

2205563805,1985,2318,2021

2205575801,1985,2287,2008

2205576805,1986,2311,2013

2205577805,1986,2311,2006

2205578805,1993,2311,2014

2205579805,1991,2320,2008

2205580805,1981,2315,2012

2205581805,1984,2318,2011

2205582805,1990,2315,2003

2205594801,1991,2326,1987

2205595805,1988,2320,1991

2205596805,1992,2350,1987

2205597805,1994,2338,2071

2205598805,1986,2333,1977

2205599805,1986,2327,1975

2205600805,1994,2321,1978

2205601805,1997,2334,1986

2205612801,1982,2343,1963

2205613805,1986,2338,1965

2205614805,1993,2337,1965

2205615805,1990,2343,1958

2205616805,1987,2347,1963

2205617805,1984,2349,1958

2205618805,1990,2298,1955

2205619805,1989,2345,1963

2205631801,1997,2338,1961

2205632805,1985,2341,1951

2205633805,1985,2289,1947

2205634805,1989,2352,1966

2205635805,1988,2341,1963

2205636805,1993,2297,1987

2205637805,1984,2342,1963

2205638805,1987,2261,1969

2205650801,1994,2338,1982

2205651805,1987,2329,1985

2205652805,1984,2304,1985

2205653805,1987,2325,1990

2205654805,1990,2359,1987

2205655805,1987,2329,1989

2205656805,1982,2327,1987

2205657805,1991,2317,2000

2205668453,1984,2317,2015

2205669805,1985,2327,2014

2205670805,1987,2317,2013

2205671805,1986,2315,2012

2205672805,1991,2320,2000

2205673805,1993,2315,2018

2205674805,1989,2320,2019

2205686801,1987,2307,1997

2205687805,1997,2314,2010

2205688805,1986,2311,2015

2205689805,1984,2307,2031

2205690805,1984,2320,2017

2205691805,1989,2323,2014

2205692805,1991,2310,2010

2205693805,1983,2313,2017

2205705801,1987,2334,1991

2205706805,1986,2330,1994

2205707805,1987,2341,1984

2205708805,1987,2320,1986

2205709805,1991,2331,1994

2205710805,1991,2368,1979

2205711805,1983,2334,1984

2205712805,1989,2329,1983

2205724801,1987,2341,1968

2205725805,1991,2339,1968

2205726805,1997,2342,1967

2205727805,2006,2335,1965

2205728805,1988,2355,1968

2205729805,1991,2351,1962

2205730805,1995,2341,1967

2205731805,1990,2290,1968

2205743801,1984,2346,1964

2205744805,1983,2342,1957

2205745805,1985,2416,1954

2205746805,1975,2335,2027

2205747805,1985,2349,1961

2205748805,1987,2339,1968

2205749805,1984,2334,1966

2205750805,1988,2337,1965

2205762801,1991,2326,1980

2205763805,1987,2333,1987

2205764805,1993,2334,1984

2205765805,1988,2323,1970

2205766805,1991,2323,1985

2205767805,1995,2328,1985

2205768805,2000,2327,1999

2205769805,1987,2326,1994

2205780801,1993,2320,2013

2205781805,1990,2317,2012

2205782805,1989,2320,2007

2205783805,1987,2317,2015

2205784805,1985,2314,2014

2205785805,1988,2318,2013

2205786805,1985,2317,2007

2205787805,1988,2317,2018

2205799801,1988,2318,2014

2205800805,1987,2315,2004

2205801805,1995,2309,2045

2205802805,1991,2309,2011

2205803805,1996,2309,2015

2205804805,1991,2320,2007

2205805805,1991,2314,2002

2205806805,1985,2307,2008

2205818801,1991,2321,1995

2205819805,1987,2325,1987

2205820805,1978,2325,1989

2205821805,1995,2323,1989

2205822805,1992,2329,1984

2205823805,1998,2284,1985

2205824805,1980,2326,1983

2205825805,1994,2330,1974

2205836453,1985,2344,2011

2205837805,1986,2352,1965

2205838805,1984,2337,1963

2205839805,1992,2374,1968

2205840805,1983,2339,1935

2205841805,1990,2336,1963

2205842805,1991,2365,1959

2205854801,1997,2333,1959

2205855805,1997,2326,1959

2205856805,1985,2352,1967

2205857805,1931,2343,1959

2205858805,1997,2347,1962

2205859805,1994,2352,1965

2205860805,1991,2379,1966

2205861805,1988,2345,1970

2205873801,1989,2346,1969

2205874805,1987,2331,1990

2205875805,1990,2357,1979

2205876805,1984,2330,1973

2205877805,1990,2320,1986

2205878805,1985,2304,1988

2205879805,1988,2335,1985

2205880805,1989,2323,1984

2205892801,1984,2314,2013

2205893805,1990,2277,2013

2205894805,1986,2267,2015

2205895805,1968,2318,1996

2205896805,1983,2329,2014

2205897805,1994,2290,2012

2205898805,1987,2294,2016

2205899805,1982,2355,2007

2205911801,1986,2320,2012

2205912805,1995,2320,2013

2205913805,1986,2299,2009

2205914805,2022,2317,2010

2205915805,1991,2320,2014

2205916805,1989,2294,2006

2205917805,1987,2311,2010

2205918805,1984,2317,2034

2205930801,1990,2327,1995

2205931805,1996,2288,1990

2205932805,1989,2341,1987

2205933805,1989,2322,1985

2205934805,1983,2352,1991

2205935805,1984,2320,1983

2205936805,1985,2352,1984

2205937805,1986,2330,1973

2205948801,1990,2339,1975

2205949805,1989,2321,1968

2205950805,1990,2363,1974

2205951805,1986,2397,1961

2205952805,1986,2331,1961

2205953805,1990,2372,1967

2205954805,1995,2301,1955

2205955805,1990,2352,1965

2205967801,1989,2346,1967

2205968805,1985,2349,1962

2205969805,1994,2343,1954

2205970805,1991,2352,1968

2205971805,1998,2331,1967

2205972805,1969,2338,2000

2205973805,1991,2336,1962

2205974805,1985,2341,1967

2205986801,1985,2328,1975

2205987805,1993,2314,1973

2205988805,1995,2327,1986

2205989805,1993,2337,1988

2205990805,1986,2330,1993

2205991805,1989,2336,1987

2205992805,1991,2333,1987

2205993805,1986,2320,1994

2206004453,2000,2319,2010

2206005805,1995,2319,2000

2206006805,1999,2314,2011

2206007805,1995,2323,2010

2206008805,1987,2320,2005

2206009805,1985,2318,2005

2206010805,1989,2320,2013

2206022801,1987,2317,2011

2206023805,1989,2312,2013

2206024805,1987,2317,2017

2206025805,1984,2319,2012

2206026805,1989,2319,2015

2206027805,1985,2318,2014

2206028805,1990,2318,2006

2206029805,1987,2317,2001

2206041801,1993,2320,2009

2206042805,1990,2321,1996

2206043805,1984,2323,2003

2206044805,2016,2320,1975

2206045805,1993,2325,1995

2206046805,1989,2320,1991

2206047805,1983,2323,1987

2206048805,1985,2327,1993

2206060801,1989,2331,1971

2206061805,1997,2340,1965

2206062805,1993,2338,1968

2206063805,1969,2349,1982

2206064805,1989,2331,1965

2206065805,1989,2342,1967

2206066805,1987,2341,1968

2206067805,1984,2347,1963

2206079801,1992,2352,1963

2206080805,1987,2351,1958

2206081805,1995,2342,1957

2206082805,1991,2347,1958

2206083805,1990,2346,1959

2206084805,1983,2343,1967

2206085805,1994,2339,1968

2206086805,1988,2341,1967

2206098801,1991,2326,1984

2206099805,1995,2341,1975

2206100805,1987,2329,1981

2206101805,1990,2329,1984

2206102805,1995,2336,1985

2206103805,1989,2326,1984

2206104805,1987,2325,1998

2206105805,1987,2330,1986

2206116801,1985,2262,2000

2206117805,1987,2320,2002

2206118805,1984,2320,2003

2206119805,1984,2320,2000

2206120805,1982,2319,2003

2206121805,1987,2317,2012

2206122805,1986,2317,2002

2206123805,1990,2313,2012

2206135801,1984,2275,2005

2206136805,1992,2310,2006

2206137805,1990,2311,2006

2206138805,1981,2317,2011

2206139805,1990,2314,2015

2206140805,1975,2311,2007

2206141805,1982,2334,2015

2206142805,1985,2316,2007

2206154801,1989,2321,1997

2206155805,1980,2320,1992

2206156805,1988,2309,1995

2206157805,1983,2306,1997

2206158805,1986,2320,1987

2206159805,1985,2300,1990

2206160805,1985,2354,1983

2206161805,1988,2321,1989

2206172453,1989,2335,2000

2206173805,1989,2384,1968

2206174805,1986,2363,1965

2206175805,1994,2343,1967

2206176805,1995,2341,1987

2206177805,1989,2335,1973

2206178805,1990,2343,1963

2206190801,1997,2364,1963

2206191805,1994,2315,1958

2206192805,1991,2343,1959

2206193805,1978,2352,1963

2206194805,1989,2351,1967

2206195805,1993,2343,1968

2206196805,1989,2352,1961

2206197805,1991,2335,1966

2206209801,1998,2341,1973

2206210805,1990,2333,1979

2206211805,1982,2337,1973

2206212805,1984,2337,1983

2206213805,1991,2325,1982

2206214805,1997,2331,1989

2206215805,1998,2327,1981

2206216805,1997,2331,1983

2206228801,1983,2316,2001

2206229805,1985,2315,2003

2206230805,1989,2316,2003

2206231805,1989,2314,2001

2206232805,1986,2305,2011

2206233805,1986,2304,2000

2206234805,1985,2348,2003

2206235805,1989,2316,2007

2206247801,1987,2315,2017

2206248805,1990,2298,2011

2206249805,1989,2305,2007

2206250805,2000,2319,1984

2206251805,1986,2289,2009

2206252805,1985,2319,2013

2206253805,1985,2313,2007

2206254805,1986,2319,2014

2206266801,1985,2320,1997

2206267805,1989,2331,1995

2206268805,1995,2324,1989

2206269805,1994,2325,1995

2206270805,1987,2304,1986

2206271805,1983,2320,1989

2206272805,1981,2279,1987

2206273805,1993,2330,1983

2206284801,1990,2341,1970

2206285805,1983,2335,1974

2206286805,1991,2337,1955

2206287805,1989,2335,1967

2206288805,1989,2327,1967

2206289805,1987,2340,1961

2206290805,1968,2346,1966

2206291805,1985,2344,1968

2206303801,1984,2351,1962

2206304805,1990,2348,1965

2206305805,1997,2343,1961

2206306805,1995,2341,1968

2206307805,1992,2341,1968

2206308805,1963,2344,1966

2206309805,1979,2339,1965

2206310805,1984,2342,1964

2206322801,1989,2345,1979

2206323805,1986,2337,1978

2206324805,1986,2334,1972

2206325805,1992,2327,1987

2206326805,1986,2331,1982

2206327805,1982,2334,1984

2206328805,1989,2335,1983

2206329805,1987,2326,1984

2206340453,1985,2320,1999

2206341805,1985,2320,2001

2206342805,1987,2320,2000

2206343805,1989,2322,2014

2206344805,1986,2307,2005

2206345805,1984,2311,2013

2206346805,1984,2319,2010

2206358801,1991,2315,2007

2206359805,1987,2315,2013

2206360805,1994,2319,2011

2206361805,1997,2320,2011

2206362805,1988,2309,2003

2206363805,1982,2315,2014

2206364805,1984,2315,2010

2206365805,1984,2315,2002

2206377801,1991,2315,2001

2206378805,1994,2320,2001

2206379805,1991,2333,1992

2206380805,1984,2323,1995

2206381805,1994,2325,1999

2206382805,1988,2302,1987

2206383805,1987,2327,1987

2206384805,1985,2343,1987

2206396801,1987,2329,1979

2206397805,1991,2340,1968

2206398805,1989,2331,1969

2206399805,1982,2341,1963

2206400805,1993,2343,1964

2206401805,1993,2341,1975

2206402805,1984,2338,1965

2206403805,1991,2346,1970

2206415801,1991,2343,1955

2206416805,1985,2338,1955

2206417805,1983,2341,1971

2206418805,1985,2345,1958

2206419805,1990,2343,1970

2206420805,1985,2351,1955

2206421805,1987,2346,1961

2206422805,1995,2331,1964

2206434801,1982,2302,1969

2206435805,1985,2336,1977

2206436805,1985,2341,1978

2206437805,1990,2338,1977

2206438805,1979,2329,1984

2206439805,1991,2336,1957

2206440805,1985,2333,1979

2206441805,1987,2326,1983

2206452801,1985,2302,1997

2206453805,1989,2326,2000

2206454805,1986,2319,2001

2206455805,1988,2318,2000

2206456805,1997,2323,2005

2206457805,1987,2314,2003

2206458805,1991,2313,2000

2206459805,1986,2311,2000

2206471801,1982,2288,2003

2206472805,1987,2316,2014

2206473805,1990,2320,2017

2206474805,1982,2315,2009

2206475805,1994,2310,2013

2206476805,1984,2320,2012

2206477805,1991,2316,2011

2206478805,1985,2311,2009

2206490801,1989,2299,2007

2206491805,1990,2313,2000

2206492805,1993,2323,1997

2206493805,1989,2324,1999

2206494805,1984,2323,1997

2206495805,1994,2329,1993

2206496805,1994,2320,1989

2206497805,1981,2334,1989

2206508453,1990,2329,1969

2206509805,1994,2338,1969

2206510805,1991,2337,1982

2206511805,1978,2339,1968

2206512805,1999,2341,1983

2206513805,1990,2343,1968

2206514805,1984,2338,1975

2206526801,1962,2346,1963

2206527805,1998,2340,1962

2206528805,1988,2342,1957

2206529805,1991,2352,1967

2206530805,1989,2339,1963

2206531805,1991,2350,1968

2206532805,1985,2346,1962

2206533805,1986,2352,1961

2206545801,1984,2337,1936

2206546805,1994,2331,1971

2206547805,1984,2331,1979

2206548805,1991,2340,1979

2206549805,1987,2339,1979

2206550805,1983,2335,1984

2206551805,1987,2325,1977

2206552805,1984,2331,1988

2206564801,1985,2319,2001

2206565805,1985,2318,1997

2206566805,1987,2321,2000

2206567805,1987,2314,2002

2206568805,1984,2318,2006

2206569805,1987,2319,1999

2206570805,1997,2317,2005

2206571805,1986,2317,2000

2206583801,1995,2309,2015

2206584805,1990,2311,2001

2206585805,1986,2302,2010

2206586805,1984,2317,1992

2206587805,1985,2317,2007

2206588805,1986,2317,2015

2206589805,1990,2319,2016

2206590805,1987,2315,2001

2206602801,1982,2320,2004

2206603805,1987,2320,1998

2206604805,1987,2320,2000

2206605805,1983,2331,1993

2206606805,1982,2331,2000

2206607805,1991,2328,1990

2206608805,1989,2324,1989

2206609805,1984,2331,1997

2206620801,1986,2339,1968

2206621805,1992,2329,1979

2206622805,1990,2335,1970

2206623805,1982,2331,1974

2206624805,1980,2337,1968

2206625805,1994,2338,1969

2206626805,1987,2335,1968

2206627805,1987,2348,1968

2206639801,1991,2345,1967

2206640805,1990,2350,1962

2206641805,1989,2335,1957

2206642805,1986,2346,1956

2206643805,1990,2345,1969

2206644805,1984,2341,1967

2206645805,1984,2345,1962

2206646805,1985,2348,1958

2206658801,1990,2337,1975

2206659805,1979,2335,1968

2206660805,1979,2337,1974

2206661805,1982,2341,1972

2206662805,1978,2332,1977

2206663805,1989,2331,1979

2206664805,1983,2335,1973

2206665805,1990,2325,1984

2206676453,1987,2323,1995

2206677805,1993,2317,1995

2206678805,1993,2319,2000

2206679805,1983,2320,1997

2206680805,1988,2324,2000

2206681805,1984,2320,2005

2206682805,1984,2317,2002

2206694801,1995,2320,2011

2206695805,1984,2306,2009

2206696805,1985,2318,2017

2206697805,1979,2315,2006

2206698805,1984,2310,2011

2206699805,1979,2320,2006

2206700805,1984,2314,2001

2206701805,1984,2319,2010

2206713801,1990,2325,2006

2206714805,1989,2315,2002

2206715805,1984,2320,2000

2206716805,1983,2322,1995

2206717805,1991,2322,1999

2206718805,1994,2319,1998

2206719805,1988,2320,1996

2206720805,1984,2319,1998

2206732801,1981,2338,1978

2206733805,1991,2332,1982

2206734805,1995,2334,1971

2206735805,1985,2333,1968

2206736805,1984,2349,1968

2206737805,1985,2339,1974

2206738805,1993,2346,1968

2206739805,1988,2342,1967

2206751801,1991,2343,1966

2206752805,1991,2339,1968

2206753805,1987,2341,1959

2206754805,1985,2337,1968

2206755805,1984,2339,1965

2206756805,1986,2346,1962

2206757805,1992,2342,1968

2206758805,1993,2339,1963

2206770801,1997,2333,1969

2206771805,1991,2334,1961

2206772805,1983,2333,1975

2206773805,1987,2335,1972

2206774805,1991,2327,1980

2206775805,1989,2329,1984

2206776805,1968,2325,1983

2206777805,1985,2325,1984

2206788801,1983,2320,1999

2206789805,1986,2320,1991

2206790805,1989,2327,2000

2206791805,1985,2321,1998

2206792805,1987,2320,1997

2206793805,1983,2321,1997

2206794805,1984,2320,2000

2206795805,1982,2314,2001

2206807801,1990,2314,2015

2206808805,1990,2321,2018

2206809805,1983,2322,2014

2206810805,1986,2313,2015

2206811805,1988,2318,2011

2206812805,1994,2320,2013

2206813805,1996,2318,2015

2206814805,1990,2322,2014

2206826801,1977,2318,2000

2206827805,1984,2320,2003

2206828805,2000,2322,2000

2206829805,1985,2325,1998

2206830805,1983,2324,1994

2206831805,1985,2321,1993

2206832805,1993,2320,1991

2206833805,1989,2330,1996

2206844453,1989,2327,1979

2206845805,1986,2339,1974

2206846805,1985,2330,1974

2206847805,1989,2334,1968

2206848805,1987,2337,1968

2206849805,1983,2331,1977

2206850805,1989,2338,1977

2206862801,1990,2351,1957

2206863805,1997,2332,1962

2206864805,1991,2336,1971

2206865805,1984,2351,1968

2206866805,1994,2338,1968

2206867805,1994,2339,1967

2206868805,1994,2353,1961

2206869805,1987,2341,1964

2206881801,1985,2321,1966

2206882805,1994,2362,1971

2206883805,1989,2336,1973

2206884805,1984,2341,1977

2206885805,1990,2334,1968

2206886805,1985,2333,1977

2206887805,1985,2331,1970

2206888805,1991,2331,1975

2206900801,1988,2323,1993

2206901805,1984,2320,2003

2206902805,1983,2317,1999

2206903805,1977,2320,2000

2206904805,1983,2313,1999

2206905805,1989,2317,1997

2206906805,1984,2323,2001

2206907805,1993,2309,2003

2206919801,1988,2318,2009

2206920805,1989,2317,2009

2206921805,1987,2318,2004

2206922805,1989,2310,2015

2206923805,1983,2318,2005

2206924805,1986,2318,2016

2206925805,1984,2310,2012

2206926805,1990,2318,2011

2206938827,1978,2314,2005

2206939805,1986,2324,1990

2206940805,1986,2323,2013

2206941805,1978,2320,1993

2206942805,1985,2334,1995

2206943805,1989,2322,2005

2206944805,1985,2330,1997

2206945805,2000,2323,1985

2206957801,1984,2340,1980

2206958805,1987,2341,1979

2206959805,1986,2338,1981

2206960805,1987,2331,1975

2206961805,1989,2338,1971

2206962805,1990,2337,1970

2206963805,1991,2325,1971

2206964805,1990,2341,1977

2206976801,1989,2346,1958

2206977805,1996,2338,1965

2206978805,1994,2336,1959

2206979805,1990,2342,1958

2206980805,1988,2341,1971

2206981805,1982,2343,1959

2206982805,1983,2343,1968

2206983805,1979,2345,1965

2206995801,1984,2334,1999

2206996805,1983,2335,1968

2206997805,1987,2336,1978

2206998805,1987,2295,1978

2206999805,1988,2331,1971

2207000805,1983,2327,1975

2207001805,1988,2329,1981

2207002805,1984,2333,1982

2207014801,1988,2317,1996

2207015805,1985,2321,2000

2207016805,1987,2321,1998

2207017805,1983,2333,1998

2207018805,1980,2317,1990

2207019805,1993,2322,1994

2207020805,1982,2320,2003

2207021805,1987,2315,2000

2207033801,2000,2320,2005

2207034805,1989,2315,2022

2207035805,1991,2319,2017

2207036805,1997,2338,2005

2207037805,1987,2311,2007

2207038805,1989,2319,2015

2207039805,1988,2322,2007

2207040805,1984,2317,2013

2207052801,1988,2321,1999

2207053805,1998,2326,2000

2207054805,1985,2326,2000

2207055805,1989,2315,2033

2207056805,1985,2324,1995

2207057805,1994,2325,2001

2207058805,1984,2326,1997

2207059805,1983,2330,1997

2207071801,1987,2337,1974

2207072805,1998,2340,1981

2207073805,1987,2336,1978

2207074805,1990,2352,1968

2207075805,1991,2338,1968

2207076805,1991,2336,1970

2207077805,1983,2337,1974

2207078805,1987,2336,1969

2207090801,1990,2345,1969

2207091805,1986,2343,1963

2207092805,1983,2338,1958

2207093805,1984,2334,1966

2207094805,1989,2343,1959

2207095805,1977,2333,1967

2207096805,1994,2340,1964

2207097805,1984,2335,1959

2207109801,1982,2338,1980

2207110805,1986,2336,1972

2207111805,1983,2336,1971

2207112805,1985,2362,1977

2207113805,1999,2341,1977

2207114805,1985,2329,1982

2207115805,1985,2334,1987

2207116805,1984,2335,1973

2207128801,1991,2331,1993

2207129805,1989,2329,1995

2207130805,1997,2320,1999

2207131805,1991,2323,2000

2207132805,1988,2318,1997

2207133805,1985,2313,2015

2207134805,1985,2313,2000

2207135805,1989,2319,2000

2207147801,1989,2310,2009

2207148805,1991,2316,2003

2207149805,1990,2314,2013

2207150805,1989,2313,2006

2207151805,1985,2323,2013

2207152805,1990,2317,2006

2207153805,1984,2320,2011

2207154805,1991,2320,2004

2207166801,1994,2320,2003

2207167805,1984,2331,1998

2207168805,1994,2320,1996

2207169805,1987,2319,1991

2207170805,1990,2320,1990

2207171805,1991,2326,1993

2207172805,1990,2329,1996

2207173805,1991,2326,1996

2207185801,1990,2337,1969

2207186805,1991,2334,1974

2207187805,1991,2332,1978

2207188805,1995,2335,1970

2207189805,1985,2333,1973

2207190805,1987,2337,1971

2207191805,1988,2333,1971

2207192805,1984,2335,1969

2207204801,1989,2339,1959

2207205805,1985,2347,1964

2207206805,1985,2342,1968

2207207805,1987,2343,1963

2207208805,1988,2348,1962

2207209805,1992,2336,1965

2207210805,1987,2340,1968

2207211805,1986,2341,1954

2207223801,1985,2337,1979

2207224805,1991,2331,1971

2207225805,1990,2336,1972

2207226805,1993,2334,1971

2207227805,1995,2324,1979

2207228805,1990,2334,1993

2207229805,1997,2332,1988

2207230805,1986,2331,1981

2207242801,1995,2320,1995

2207243805,1983,2314,2033

2207244805,1987,2327,1999

2207245805,1985,2319,2000

2207246805,1990,2318,2000

2207247805,1986,2315,2000

2207248805,1986,2319,2009

2207249805,1986,2320,1999

2207261801,1991,2319,2007

2207262805,1991,2319,2005

2207263805,1984,2319,2013

2207264805,1984,2307,2002

2207265805,1983,2313,2013

2207266805,1986,2324,2006

2207267805,1981,2315,1999

2207268805,1989,2319,2000

2207280801,1991,2317,1986

2207281805,1989,2320,1989

2207282805,1995,2327,1999

2207283805,1990,2325,1994

2207284805,1991,2333,1999

2207285805,1986,2321,1993

2207286805,1991,2323,1995

2207287805,1981,2323,1995

2207299801,1989,2339,1979

2207300805,1986,2335,1974

2207301805,1985,2340,1973

2207302805,1981,2342,1964

2207303805,1968,2345,1968

2207304805,1984,2340,1968

2207305805,1994,2338,1972

2207306805,1989,2337,1968

2207318801,1991,2343,1966

2207319805,2000,2342,1968

2207320805,1989,2336,1968

2207321805,1991,2337,1962

2207322805,1987,2337,1963

2207323805,1987,2346,1974

2207324805,1990,2338,1968

2207325805,1998,2345,1968

2207337801,1991,2342,1984

2207338805,1997,2322,1979

2207339805,1999,2333,1981

2207340805,1985,2331,1977

2207341805,1985,2337,1985

2207342805,1988,2332,1983

2207343805,1989,2324,1987

2207344805,1985,2326,1984

2207356801,1991,2319,1999

2207357805,1983,2323,1999

2207358805,1997,2319,1999

2207359805,1985,2413,2009

2207360805,1985,2321,2000

2207361805,1991,2323,2006

2207362805,1996,2320,2004

2207363805,1991,2322,2001

2207375801,1991,2317,2006

2207376805,1978,2313,2004

2207377805,1989,2317,2007

2207378805,1986,2331,2007

2207379805,1987,2321,2012

2207380805,1989,2317,2006

2207381805,1987,2318,2009

2207382805,1994,2315,2000

2207394801,1984,2331,1993

2207395805,1994,2321,1997

2207396805,1994,2331,2000

2207397805,1992,2323,1990

2207398805,1996,2320,2000

2207399805,1983,2330,1995

2207400805,1999,2321,1986

2207401805,1987,2327,1986

2207413801,1983,2341,1971

2207414805,2000,2342,1970

2207415805,1985,2333,1971

2207416805,1989,2334,1968

2207417805,1993,2348,1971

2207418805,1991,2343,1968

2207419805,1999,2338,1968

2207420805,1986,2339,1971

2207432801,1988,2343,1966

2207433805,1985,2341,1962

2207434805,1993,2345,1968

2207435805,2000,2267,1964

2207436805,1994,2337,1967

2207437805,1985,2342,1965

2207438805,1989,2337,1971

2207439805,1985,2331,1968

2207451801,1990,2331,1975

2207452805,1991,2327,1979

2207453805,1991,2334,1982

2207454805,1991,2337,1978

2207455805,1993,2336,1985

2207456805,1990,2329,1982

2207457805,1986,2326,1985

2207458805,1986,2320,1984

2207470801,1989,2320,1997

2207471805,1985,2311,1997

2207472805,1985,2319,2001

2207473805,1984,2320,2000

2207474805,1985,2320,2000

2207475805,1983,2320,2002

2207476805,1988,2321,2000

2207477805,1988,2326,2002

2207489801,1988,2320,1998

2207490805,1988,2311,2007

2207491805,1990,2318,2012

2207492805,1987,2318,2010

2207493805,1987,2317,2009

2207494805,1987,2320,2022

2207495805,1983,2315,2007

2207496805,1993,2317,2005

2207508801,1984,2330,1995

2207509805,1996,2324,1995

2207510805,1990,2325,1997

2207511805,1984,2320,1991

2207512805,1986,2321,1999

2207513805,1988,2320,1995

2207514805,1990,2334,2000

2207515805,1984,2327,1981

2207527801,1978,2334,1974

2207528805,1984,2342,1968

2207529805,2000,2337,1968

2207530805,1997,2335,1973

2207531805,1990,2341,1979

2207532805,1986,2339,1981

2207533805,1987,2339,1971

2207534805,1977,2338,1971

2207546801,1993,2341,1961

2207547805,1985,2339,1968

2207548805,1997,2346,1967

2207549805,1985,2347,1974

2207550805,1987,2343,1971

2207551805,1984,2341,1969

2207552805,1991,2336,1968

2207553805,1987,2347,1979

2207565801,2000,2329,1979

2207566805,1985,2331,1984

2207567805,1939,2326,1979

2207568805,1984,2323,1984

2207569805,2002,2327,1977

2207570805,1959,2327,1974

2207571805,1983,2332,1989

2207572805,2001,2320,1987

2207583801,1987,2331,1995

2207584805,2030,2313,2000

2207585805,2000,2314,1991

2207586805,2005,2319,2003

2207587805,1989,2324,2000

2207588805,1984,2320,2001

2207589805,2032,2310,2005

2207590805,1984,2320,2000

2207602801,1986,2316,2015

2207603805,1998,2316,2000

2207604805,1990,2320,1999

2207605805,1997,2320,2005

2207606805,1984,2322,2007

2207607805,2011,2320,2009

2207608805,1982,2323,2001

2207609805,2002,2320,1987

2207621801,1986,2331,1989

2207622805,1968,2327,1969

2207623805,1984,2325,2000

2207624805,1985,2330,1990

2207625805,1966,2320,1977

2207626805,1987,2329,1989

2207627805,1986,2331,1990

2207628805,2005,2327,1967

2207639453,1993,2339,1971

2207640805,1989,2331,1974

2207641805,1989,2331,1968

2207642805,1983,2333,2003

2207643805,1987,2315,1968

2207644805,1991,2335,1977

2207645805,2032,2341,1958

2207657801,1989,2352,1963

2207658805,1984,2336,1968

2207659805,1997,2339,1979

2207660805,1987,2336,1965

2207661805,1990,2339,1968

2207662805,1987,2331,1954

2207663805,1984,2338,1968

2207664805,1981,2345,1959

2207676801,1989,2333,1979

2207677805,1987,2332,1968

2207678805,1986,2329,1947

2207679805,1990,2335,1982

2207680805,1992,2325,1983

2207681805,1986,2327,1963

2207682805,1985,2323,1984

2207683805,1991,2336,1978

2207695801,1981,2329,1991

2207696805,1984,2323,1999

2207697805,1981,2321,1992

2207698805,1990,2320,2000

2207699805,1986,2320,2000

2207700805,1990,2317,1999

2207701805,1986,2318,1996

2207702805,1993,2323,2005

2207714801,1991,2319,2004

2207715805,1967,2313,1990

2207716805,1990,2320,2001

2207717805,1990,2319,2002

2207718805,1989,2318,2017

2207719805,1984,2320,1904

2207720805,1990,2320,2005

2207721805,1993,2311,1978

2207733801,1992,2325,1999

2207734805,1990,2322,2000

2207735805,1984,2319,1990

2207736805,1988,2325,1991

2207737805,1984,2321,1997

2207738805,1991,2321,2021

2207739805,1994,2331,1989

2207740805,1986,2328,1984

2207751801,1985,2338,1973

2207752805,1991,2339,1969

2207753805,1986,2335,1968

2207754805,1991,2335,1968

2207755805,1991,2336,1971

2207756805,1987,2349,1971

2207757805,1999,2338,1968

2207758805,1997,2339,1975

2207770801,1997,2342,1962

2207771805,1999,2349,1961

2207772805,1985,2335,1959

2207773805,1988,2339,1927

2207774805,1985,2347,1967

2207775805,1989,2342,1968

2207776805,1989,2343,1969

2207777805,1993,2336,1972

2207789801,1984,2433,1975

2207790805,1987,2336,1975

2207791805,1991,2337,1978

2207792805,1996,2335,1984

2207793805,1991,2336,1979

2207794805,1991,2322,1984

2207795805,1985,2331,1989

2207796805,1990,2327,1979

2207807453,1982,2334,1990

2207808805,1982,2323,2000

2207809805,1987,2327,2000

2207810805,1986,2321,1999

2207811805,1988,2321,1997

2207812805,1983,2320,2001

2207813805,1993,2325,1996

2207825801,1967,2319,2002

2207826805,1985,2311,2007

2207827805,1984,2318,2005

2207828805,1975,2320,2000

2207829805,1988,2317,2006

2207830805,1984,2320,2001

2207831805,1981,2311,2005

2207832805,1994,2315,2005

2207844801,2019,2323,1999

2207845805,2001,2322,1987

2207846805,1990,2320,1995

2207847805,1971,2318,1988

2207848805,1979,2322,1997

2207849805,1989,2318,1995

2207850805,2007,2320,1997

2207851805,1995,2326,1993

2207863801,1963,2333,2022

2207864805,1992,2337,1970

2207865805,1987,2327,1973

2207866805,2005,2329,1981

2207867805,2029,2334,1969

2207868805,2032,2331,1969

2207869805,1993,2344,1969

2207870805,1991,2342,1962

2207882801,1997,2337,1984

2207883805,1955,2339,1968

2207884805,2029,2342,1962

2207885805,1957,2336,1967

2207886805,1984,2347,1969

2207887805,1946,2343,1971

2207888805,1926,2335,1966

2207889805,1971,2339,1959

2207901801,1984,2331,1969

2207902805,1968,2336,2031

2207903805,2010,2330,1968

2207904805,2015,2333,1978

2207905805,1984,2329,1952

2207906805,2041,2341,1967

2207907805,1974,2324,1983

2207908805,1978,2327,1985

2207919801,1984,2318,1994

2207920805,1984,2320,2006

2207921805,1993,2320,1984

2207922805,1971,2317,1988

2207923805,2037,2333,1997

2207924805,1989,2320,2000

2207925805,1972,2315,2000

2207926805,1975,2315,2005

2207938801,1987,2318,2007

2207939805,2001,2314,2010

2207940805,1968,2317,2000

2207941805,1968,2327,2046

2207942805,1973,2299,2016

2207943805,1979,2320,2001

2207944805,2014,2320,1987

2207945805,1997,2318,1982

2207957801,1979,2327,2000

2207958805,1949,2320,1979

2207959805,1974,2321,1999

2207960805,1974,2322,1990

2207961805,1989,2321,1984

2207962805,1993,2322,2013

2207963805,1977,2327,1997

2207964805,1962,2321,1984

2207975453,1991,2336,1981

2207976805,1985,2336,1974

2207977805,1989,2335,1979

2207978805,1995,2331,1975

2207979805,1987,2338,1982

2207980805,1986,2337,2007

2207981805,1991,2333,1959

2207993801,1991,2342,1971

2207994805,1987,2339,1936

2207995805,1987,2342,1966

2207996805,1986,2337,1968

2207997805,1983,2346,1966

2207998805,1989,2334,2010

2207999805,1991,2346,1958

2208000805,1989,2339,1965

2208012801,1988,2337,1970

2208013805,1985,2334,1969

2208014805,1990,2330,1949

2208015805,1925,2333,1975

2208016805,1986,2334,2019

2208017805,1997,2336,1970

2208018805,1991,2327,1978

2208019805,1985,2320,1982

2208031801,1991,2319,1995

2208032805,1998,2317,2000

2208033805,1988,2330,1975

2208034805,1984,2323,2000

2208035805,1980,2317,2002

2208036805,1986,2320,1999

2208037805,1979,2320,1998

2208038805,1987,2322,2032

2208050801,1998,2320,2005

2208051805,1983,2316,2001

2208052805,1991,2320,2000

2208053805,1985,2321,2000

2208054805,1989,2320,2003

2208055805,1986,2320,2001

2208056805,1986,2318,2003

2208057805,1985,2319,1999

2208069801,1986,2321,1999

2208070805,1989,2321,1994

2208071805,1984,2320,1992

2208072805,1985,2330,2000

2208073805,1989,2327,1990

2208074805,1994,2324,1993

2208075805,1990,2320,1994

2208076805,1990,2320,1989

2208087801,2032,2331,1978

2208088805,1994,2332,1971

2208089805,1993,2325,1975

2208090805,1989,2333,1975

2208091805,1990,2335,1974

2208092805,1987,2335,1975

2208093805,1984,2336,1967

2208094805,1991,2334,1975

2208106801,2032,2346,1968

2208107805,1997,2346,1967

2208108805,1988,2345,1968

2208109805,1995,2337,1968

2208110805,1989,2335,1971

2208111805,1950,2341,1969

2208112805,1984,2339,2000

2208113805,1997,2334,1968

2208125838,1983,2334,1982

2208126805,1986,2331,1977

2208127805,1983,2327,1984

2208128805,1990,2323,1978

2208129805,1987,2327,2011

2208130805,1985,2329,1982

2208131805,1989,2336,1979

2208132805,1989,2323,1984

2208143453,1991,2318,2017

2208144805,1998,2316,1993

2208145805,2001,2320,2015

2208146805,1975,2330,2000

2208147805,1988,2316,1999

2208148805,1968,2326,2000

2208149805,1987,2323,1999

2208161801,1983,2320,2010

2208162805,1982,2320,2013

2208163805,1997,2315,2002

2208164805,1996,2314,2000

2208165805,1997,2315,2006

2208166805,1991,2317,1994

2208167805,2003,2320,2003

2208168805,1975,2319,2064

2208180801,2013,2333,1969

2208181828,1986,2320,1995

2208182805,1987,2325,1993

2208183805,1959,2321,1986

2208184805,1985,2322,1990

2208185805,2013,2320,1991

2208186805,1973,2323,1994

2208187805,1988,2321,1989

2208199801,1987,2334,1975

2208200805,1973,2329,1970

2208201805,2005,2327,1981

2208202805,1966,2331,1978

2208203805,1991,2331,1975

2208204805,1994,2343,1977

2208205805,2000,2335,1975

2208206805,1986,2340,1968

2208218801,1989,2340,1971

2208219805,1987,2343,1971

2208220805,1971,2338,1968

2208221805,1991,2339,1968

2208222805,1997,2342,1966

2208223805,2000,2336,1955

2208224805,1979,2338,1989

2208225805,1986,2334,1974

2208237804,1994,2334,1975

2208238805,2005,2326,1975

2208239805,1994,2331,1971

2208240805,1953,2335,1974

2208241805,1998,2339,1984

2208242805,1995,2327,1981

2208243805,1987,2330,1983

2208244805,1990,2334,1979

2208256801,1984,2320,1922

2208257805,1987,2320,1995

2208258805,2032,2326,2003

2208259805,1986,2325,1995

2208260805,1995,2319,1999

2208261805,1986,2321,1999

2208262805,2011,2327,1998

2208263805,1966,2321,2000

2208275801,1987,2328,2007

2208276805,2010,2320,2011

2208277805,1983,2320,2009

2208278805,1983,2319,2003

2208279805,1983,2310,2038

2208280805,1979,2316,1936

2208281805,1995,2320,2002

2208282805,1986,2323,1969

2208294801,1988,2320,2000

2208295805,1994,2330,1998

2208296805,1992,2322,2000

2208297805,1962,2326,1995

2208298805,1989,2329,2000

2208299805,1987,2326,1991

2208300805,1991,2321,1995

2208301805,1991,2318,1986

2208313801,1990,2339,1970

2208314805,1985,2337,1979

2208315805,1987,2338,1972

2208316805,1984,2341,1969

2208317805,1987,2333,1975

2208318805,1987,2339,1967

2208319805,1989,2336,1975

2208320805,1983,2336,1970

2208332801,1985,2340,1963

2208333805,1990,2342,1973

2208334805,1990,2343,1968

2208335805,1979,2336,1967

2208336805,1990,2325,1968

2208337805,1991,2340,1956

2208338805,1990,2337,1966

2208339805,1986,2352,1968

2208351801,1985,2337,1992

2208352805,1985,2335,1965

2208353805,1984,2338,1981

2208354805,1969,2333,1984

2208355805,1991,2338,1983

2208356805,1993,2337,1983

2208357805,1985,2323,1990

2208358805,1986,2331,1983

2208370801,1984,2321,1994

2208371805,1987,2320,1995

2208372805,1972,2323,2000

2208373805,1989,2320,2000

2208374805,1984,2326,1997

2208375805,1986,2314,2000

2208376805,1987,2311,1998

2208377805,1984,2329,1997

2208389801,1983,2317,2001

2208390805,1986,2322,2003

2208391805,1991,2323,1984

2208392805,1984,2319,2000

2208393805,1981,2318,2000

2208394805,1984,2324,1995

2208395805,1984,2317,2003

2208396805,1991,2320,2001

2208408801,1984,2319,1995

2208409805,1991,2326,1998

2208410805,1993,2321,2018

2208411805,1984,2322,1994

2208412805,1986,2322,1994

2208413805,1987,2322,1993

2208414805,1985,2329,1987

2208415805,1986,2323,1987

2208427801,2079,2338,1978

2208428805,1989,2336,1979

2208429805,1993,2334,1985

2208430805,2031,2336,1975

2208431805,1989,2336,1975

2208432805,2000,2329,1977

2208433805,1989,2336,1975

2208434805,1993,2333,1969

2208446801,1988,2333,1968

2208447805,1987,2331,1973

2208448805,1987,2333,1968

2208449805,1998,2335,1968

2208450805,1991,2331,1968

2208451805,1986,2340,1967

2208452805,1983,2331,1951

2208453805,1994,2339,1967

2208465801,1993,2331,1984

2208466805,1985,2326,1982

2208467805,1989,2323,1995

2208468805,2016,2321,1977

2208469805,1985,2329,1981

2208470805,1982,2334,1986

2208471805,1984,2320,1979

2208472805,1989,2338,1984

2208484801,1983,2327,2000

2208485805,1985,2325,1997

2208486805,1984,2321,2000

2208487805,2001,2330,1998

2208488805,1994,2319,1997

2208489805,1990,2320,1998

2208490805,1984,2319,2001

2208491805,1987,2320,1997

2208503801,1984,2314,2009

2208504805,1995,2316,2001

2208505805,1986,2315,2003

2208506805,1954,2318,1998

2208507805,1987,2320,2001

2208508805,1984,2320,2013

2208509805,1986,2317,2000

2208510805,1987,2319,2000

2208522801,1999,2321,2000

2208523805,1984,2321,1995

2208524805,1989,2329,1999

2208525805,1991,2320,2002

2208526805,1993,2323,1984

2208527805,1995,2319,1994

2208528805,1981,2334,1984

