2208529805,1990,2321,1981

2208541801,1989,2330,1982

2208542805,1983,2331,1974

2208543805,1987,2335,1979

2208544805,2053,2341,1971

2208545805,1984,2333,1975

2208546805,1986,2337,1978

2208547805,1990,2337,1970

2208548805,1985,2333,1969

2208560801,1999,2341,1970

2208561805,1991,2323,1977

2208562805,1991,2337,1969

2208563805,2022,2330,1982

2208564805,1995,2337,1978

2208565805,2028,2341,1973

2208566805,1989,2337,1969

2208567805,1989,2327,1971

2208579801,1990,2331,1953

2208580805,1990,2333,1987

2208581805,1991,2326,1981

2208582805,1998,2330,1981

2208583805,1984,2337,1984

2208584805,1984,2327,1982

2208585805,1987,2327,1984

2208586805,1979,2334,1991

2208598801,2015,2318,1994

2208599805,1985,2320,2000

2208600805,1984,2320,2000

2208601805,1995,2317,2000

2208602805,1984,2320,1999

2208603805,1987,2313,1997

2208604805,1991,2320,2000

2208605805,1987,2320,2009

2208617801,1990,2319,2001

2208618805,1990,2318,2000

2208619805,1987,2418,2005

2208620805,1985,2317,2007

2208621805,1985,2320,2006

2208622805,1996,2320,2000

2208623805,1996,2318,2003

2208624805,1987,2313,2000

2208636801,1991,2327,1999

2208637805,1987,2326,1995

2208638805,1991,2320,1993

2208639805,1984,2322,1998

2208640805,1990,2319,1991

2208641805,1987,2325,1989

2208642805,1982,2329,1986

2208643805,1994,2327,1983

2208655801,1986,2330,1968

2208656805,1989,2334,1969

2208657805,1989,2332,1973

2208658805,2010,2337,1973

2208659805,1989,2329,1973

2208660805,1997,2335,1969

2208661805,1987,2334,1973

2208662805,1988,2334,1973

2208674801,1995,2337,1982

2208675805,1985,2336,1970

2208676805,1988,2338,1974

2208677805,2029,2345,1921

2208678805,1995,2350,1970

2208679805,1989,2347,1968

2208680805,1984,2341,1969

2208681805,1991,2337,1973

2208693801,1991,2335,1982

2208694805,1982,2331,1980

2208695805,1990,2331,1979

2208696805,1986,2331,1989

2208697805,1983,2330,1986

2208698805,1982,2334,1983

2208699805,1991,2331,1989

2208700805,1985,2325,1983

2208712801,1993,2326,1989

2208713805,1991,2346,1994

2208714805,1985,2320,1999

2208715805,2023,2326,1981

2208716805,1985,2320,2004

2208717805,1987,2318,2000

2208718805,1986,2318,2004

2208719805,1984,2323,2000

2208731801,1995,2322,2004

2208732805,1984,2325,2000

2208733805,1986,2320,2011

2208734805,1968,2319,2003

2208735805,1983,2318,2000

2208736805,1987,2317,2007

2208737805,1984,2320,2001

2208738805,1990,2320,2000

2208750801,1986,2331,2013

2208751805,1988,2320,1999

2208752805,1984,2325,1998

2208753805,1997,2321,1983

2208754805,1987,2327,1983

2208755805,1987,2334,1977

2208756805,1991,2320,1990

2208757805,1998,2323,1991

2208769801,1989,2333,1978

2208770805,1991,2338,1967

2208771805,1993,2327,1975

2208772805,1973,2334,1979

2208773805,1991,2336,1974

2208774805,1983,2342,1969

2208775805,1985,2336,1969

2208776805,1990,2341,1971

2208788801,1994,2339,1970

2208789805,1985,2339,1966

2208790805,1991,2338,1974

2208791805,1973,2339,1973

2208792805,1985,2335,1969

2208793805,1985,2342,1969

2208794805,1985,2338,1969

2208795805,1984,2336,1973

2208807801,1990,2327,1979

2208808805,1986,2333,1975

2208809805,1985,2336,1984

2208810805,1979,2334,1986

2208811805,1994,2333,1984

2208812805,1984,2333,1990

2208813805,1985,2323,1983

2208814805,1991,2321,1990

2208826801,1989,2320,1998

2208827805,1993,2322,1994

2208828805,1988,2326,2000

2208829805,1989,2321,1978

2208830805,1983,2320,1997

2208831805,1984,2318,2005

2208832805,1988,2317,2013

2208833805,1994,2320,1996

2208845801,1987,2320,2003

2208846805,1985,2320,2001

2208847805,1992,2323,2005

2208848805,2030,2319,2004

2208849805,1973,2325,2002

2208850805,1992,2321,1999

2208851805,1994,2318,2000

2208852805,1990,2317,2000

2208864801,1990,2321,1995

2208865805,1999,2327,1989

2208866805,1986,2325,1984

2208867805,1987,2326,1979

2208868805,1986,2326,1989

2208869805,1989,2330,1991

2208870805,1991,2326,1989

2208871805,1989,2322,1993

2208882801,1986,2340,1974

2208883805,1995,2323,1979

2208884805,1997,2338,1981

2208885805,1986,2329,1975

2208886805,1983,2338,1974

2,2334,1985

2264496805,1983,2326,1983

2264497805,1983,2334,1992,1983

2264497805,1983,2334,1992,1983

2264497805,1983,2334,1992,1983

2264497805,1983,2334,1992,1983

2264497805,1983,2334,1992,1983

2264497805,1983,2334,1992,1983

2264497805,1983,2334,1992

2264509801,1985,2324,1985

226

2264509801,1985,2324,1985

226

2264509801,1985,2324,1985

226

2264509801,1985,2324,1985

226

2264509801,1985,2324,1985

226

2264509801,1985,2324,1985

226

2264509801,1985,2324,1985

226

2264509801,1985,2324,1985

226

2264509801,1985,2324,1985

226

2264509801,1985,2324,1985

226

2264509801,1985,2324,1985

226

2264509801,1985,2324,1985

226

2264509801,1985,2324,1985

226

2264509801,1985,2324,1985

226

2264509801,1985,2324,1985

226

2264509801,1985,2324,1985

226

2264509801,1985,2324,1985

226

2264509801,1985,2324,1985

226

2264509801,1985,2324,1985

226

2264509801,1985,2324,1985

226

2264509801,1985,2324,1985

226

2264509801,1985,2324,1985

226

2264509801,1985,2324,1985

226

2264509801,1985,2324,1985

226

2264509801,1985,2324,1985

226

2264509801,1985,2324,1985

226

2264509801,1985,2324,1985

226

2264509801,1985,2324,1985

226

2264509801,1985,2324,1985

226

2264509801,1985,2324,1985

226

2264509801,1985,2324,1985

226

2264509801,1985,2987

2264511805,1986,2323,1990

2264512805,2034,2331,1987

2264513805,1995,2329,1969

2264514805,1968,2362,1988

2264515805,1978,2326,1986

2264516805,1982,2334,1982

2264528801,1983,2318,1989

2264529805,1983,2331,1971

2264530805,1985,2321,1986

2264531805,2023,2333,1984

2264532805,1995,2331,1985

2264533805,1998,2323,1991

2264534805,1999,2330,1991

2264535805,1985,2331,1984

2264547801,1994,2317,1996

2264548805,1986,2331,1998

2264549805,1988,2333,1990

2264550805,2018,2331,1982

2264551805,1985,2320,1973

2264552805,1986,2324,1989

2264553805,1988,2320,1989

2264554805,1983,2332,1982

2264566801,1984,2333,1990

2264567805,1983,2334,1982

2264568805,1987,2326,1991

2264569805,2001,2323,1988

2264570805,1971,2334,1987

2264571805,1985,2323,1995

2264572805,1986,2336,1984

2264573805,1989,2333,1984

2264585801,1989,2324,1984

2264586805,1988,2332,1985

2264587805,1992,2333,1975

2264588805,2027,2329,1987

2264589805,1979,2336,1989

2264590805,1990,2327,1991

2264591805,1982,2327,1984

2264592805,1985,2324,1985

2264604801,2015,2333,1983

2264605805,1993,2330,1985

2264606805,1995,2336,1987

2264607805,1983,2333,1987

2264608805,1991,2329,1997

2264609805,1982,2325,1987

2264610805,1988,2335,1981

2264611805,1997,2326,1993

2264623801,1991,2334,1988

2264624805,1982,2330,1984

2264625805,1981,2320,1986

2264626805,2029,2331,1993

2264627805,1981,2321,1984

2264628805,1991,2322,1982

2264629805,1983,2339,1985

2264630805,1984,2327,1982

2264642801,1968,2318,1983

2264643805,1997,2342,1981

2264644805,1993,2325,1985

2264645805,1994,2327,1987

2264646805,1983,2324,1962

2264647805,1983,2329,1981

2264648805,1989,2331,1997

2264649805,1990,2323,1989

2264661801,1973,2327,1989

2264662805,1997,2337,1994

2264663805,1997,2322,1984

2264664805,1987,2325,1973

2264665805,1991,2331,1979

2264666805,1978,2331,1984

2264667805,1989,2331,1990

2264668805,1990,2333,1985

2264680801,2005,2331,1986

2264681805,1995,2327,1987

2264682805,1989,2325,1992

2264683805,1985,2343,1989

2264684805,1977,2325,1982

2264685805,1987,2335,1978

2264686805,1984,2327,1980

2264687805,1985,2320,1990

2264699801,1982,2335,1990

2264700805,1998,2323,1986

2264701805,1984,2320,1983

2264702805,1970,2323,1985

2264703841,1985,2320,1993

2264704805,1994,2322,1985

2264705805,1994,2326,1989

2264706805,1984,2324,1985

2264718801,1990,2322,1984

2264719805,1997,2330,1989

2264720805,1990,2321,1984

2264721805,1990,2327,1990

2264722805,1990,2322,1993

2264723805,1991,2337,1997

2264724805,1991,2329,1988

2264725805,1984,2319,2000

2264737801,1990,2331,1975

2264738805,1995,2319,1989

2264739805,1986,2329,1982

2264740805,2035,2331,1984

2264741805,1990,2329,1985

2264742805,1985,2329,1987

2264743805,1984,2321,1981

2264744805,1979,2330,1987

2264756801,1991,2331,1991

2264757805,1991,2319,2005

2264758805,1988,2320,1990

2264759805,2015,2323,1985

2264760805,1981,2330,1978

2264761805,1987,2323,1991

2264762805,1985,2331,1985

2264763805,1990,2330,1990

2264775801,1987,2323,2016

2264776805,1995,2334,1966

2264777805,1987,2325,1990

2264778805,2000,2334,1985

2264779805,1985,2330,1984

2264780805,1984,2320,1993

2264781805,1986,2331,2000

2264782805,1984,2325,1982

2264794801,1986,2327,1963

2264795805,1987,2326,1983

2264796805,1987,2322,1979

2264797805,1967,2320,1983

2264798805,1968,2323,1984

2264799805,1973,2320,1987

2264800805,2001,2333,1988

2264801805,2000,2320,1989

2264813801,1986,2330,1985

2264814805,1975,2325,1978

2264815805,1983,2327,1979

2264816805,1998,2331,1984

2264817805,1974,2321,1983

2264818805,1977,2322,1986

2264819805,1969,2327,1983

2264820805,2000,2331,1985

2264832801,1987,2331,1982

2264833805,1981,2332,1985

2264834805,1982,2333,1984

2264835805,1989,2325,1982

2264836805,1991,2325,1979

2264837805,1989,2329,1990

2264838805,1991,2323,1981

2264839805,1978,2325,1985

2264851801,1984,2325,1983

2264852805,1989,2335,1989

2264853805,1990,2322,1991

2264854805,2013,2329,1986

2264855805,1987,2335,1982

2264856805,1986,2326,1983

2264857805,1989,2339,1983

2264858805,1987,2322,1982

2264870801,1986,2326,1986

2264871805,1990,2320,1986

2264872805,1995,2331,1988

2264873805,1978,2336,1987

2264874805,1987,2327,1979

2264875805,1983,2319,1982

2264876805,1982,2326,1994

2264877805,1989,2325,1982

2264889801,1987,2327,1982

2264890805,1979,2320,1986

2264891805,1979,2330,1981

2264892805,1975,2320,1985

2264893805,1987,2320,1977

2264894805,1985,2329,1990

2264895805,1987,2320,1984

2264896805,1994,2325,1984

2264908801,1993,2334,1983

2264909805,1991,2325,1991

2264910805,1994,2326,1984

2264911805,1968,2327,1984

2264912805,1993,2320,1984

2264913805,1983,2333,1984

2264914805,1982,2334,1989

2264915805,1987,2322,1984

2264927801,1986,2332,1984

2264928805,1986,2318,1983

2264929805,1983,2321,1985

2264930805,1968,2331,2006

2264931805,1998,2331,1983

2264932805,1984,2323,1987

2264933805,1986,2327,1991

2264934805,1974,2320,1986

2264946801,1991,2333,1982

2264947805,1989,2335,1985

2264948805,1993,2320,1990

2264949805,1965,2320,1987

2264950805,1986,2320,1988

2264951805,1985,2331,1983

2264952805,1991,2327,1995

2264953805,1993,2329,1987

2264965801,1985,2327,1982

2264966805,1982,2326,1985

2264967805,1993,2328,1996

2264968805,1966,2320,2007

2264969805,1984,2331,1988

2264970805,1986,2320,1985

2264971805,1990,2327,1983

2264972805,1984,2331,1985

2264984801,1986,2322,1993

2264985805,1987,2322,1983

2264986805,1985,2323,1998

2264987805,2001,2321,1989

2264988805,1987,2322,1981

2264989805,1984,2329,1989

2264990805,1983,2327,1993

2264991805,1987,2318,1981

2265003801,1999,2322,1980

2265004805,1990,2326,1986

2265005805,2000,2338,1981

2265006805,1970,2335,1983

2265007805,1983,2329,1993

2265008805,1984,2325,1979

2265009805,1988,2336,1995

2265010805,1990,2320,1993

2265022801,1984,2335,1998

2265023805,1990,2334,1988

2265024805,1983,2322,1981

2265025805,1987,2336,1997

2265026805,1992,2330,1987

2265027805,1983,2326,1993

2265028805,1994,2330,1989

2265029805,1983,2324,1978

2265041801,1990,2330,1985

2265042805,1984,2327,1980

2265043805,1988,2324,1990

2265044805,1983,2329,1981

2265045805,1977,2322,1985

2265046805,1979,2331,1983

2265047805,1989,2327,1990

2265048805,1990,2326,1977

2265060801,1983,2329,1977

2265061805,1985,2325,1984

2265062805,1986,2326,1985

2265063805,1969,2319,1983

2265064805,1986,2323,1984

2265065805,1985,2322,1981

2265066805,1976,2327,1983

2265067805,1984,2331,1978

2265079801,1991,2332,1985

2265080805,1989,2321,1990

2265081805,1991,2324,1991

2265082805,1978,2323,1984

2265083805,1981,2311,1995

2265084805,1993,2334,1993

2265085805,1984,2334,1986

2265086805,1987,2325,1991

2265098801,1995,2315,1984

2265099805,1989,2327,1989

2265100805,1989,2327,1979

2265101805,1937,2331,1990

2265102805,1979,2327,1987

2265103805,1985,2334,1986

2265104805,1994,2336,1984

2265105805,1992,2335,1994

2265117801,2003,608,2643

2265118805,2069,635,2667

2265119805,2071,443,2649

2265120805,2031,473,2804

2265121805,1931,771,2971

2265122805,1819,809,3021

2265123805,1856,1421,2943

2265124805,1766,1920,2640

2265125805,1892,2370,2177

2265136453,1900,2577,1710

2265137805,2074,2349,1469

2265138805,2086,2617,1583

2265139805,1983,2444,1776

2265140805,1959,2699,1903

2265141805,1826,3043,1946

2265142805,1876,3301,1690

2265153801,1858,2358,1712

2265154805,1951,2224,1603

2265155805,2032,2334,1517

2265156805,2031,2333,1475

2265157805,2041,2532,1753

2265158805,1886,2819,1891

2265159805,1913,3131,1744

2265171801,1847,1247,2128

2265172805,1923,1145,2058

2265173805,1989,1006,1986

2265174805,2034,1232,2087

2265175805,1887,1791,2254

2265176805,1871,1994,2288

2265177805,1899,2266,2143

2265178805,1943,2623,1777

2265190801,1975,221,2630

2265191805,2096,288,2581

2265192805,1985,661,2674

2265193805,1904,957,2766

2265194805,1855,1138,2736

2265195805,1886,1744,2509

2265196805,2000,1691,2235

2265197805,2035,1947,2075

2265209801,2032,635,2751

2265210805,1986,896,2795

2265211805,1891,1280,2851

2265212805,1871,1931,2688

2265213805,1897,2112,2428

2265214805,1974,2475,2187

2265215805,1986,2624,2109

2265216805,1936,2292,2221

2265228801,1926,2291,2343

2265229805,1872,2709,2294

2265230805,1872,3036,2115

2265231805,1941,3297,1828

2265232805,1994,3524,1639

2265233805,1969,3440,1648

2265234805,1949,3366,1827

2265235805,1871,3183,1991

2265247801,1911,3774,1600

2265248805,1953,3917,1478

2265249805,1990,4046,1310

2265250805,2015,4095,1150

2265251805,2064,4095,1219

2265252805,1966,4095,1424

2265253805,1910,3641,1545

2265254805,1912,3325,1552

2265266801,1952,4095,1141

2265267805,2018,4095,935

2265268805,2064,4095,934

2265269805,2000,3979,1092

2265270805,1939,3371,1335

2265271805,1895,2927,1495

2265272805,1911,2550,1491

2265273805,2000,2015,1462

2265285801,2000,3050,1234

2265286805,1985,2805,1347

2265287805,1961,2359,1610

2265288805,1901,1852,1878

2265289805,1872,1411,2031

2265290805,1943,991,2018

2265291805,2033,715,1977

2265292805,2046,619,2079

2265303801,2007,1691,1983

2265304805,2022,1299,2160

2265305805,1968,912,2451

2265306805,1917,627,2685

2265307805,1939,446,2727

2265308805,2013,302,2686

2265309805,2065,197,2657

2265310805,2034,133,2707

2265322801,2015,1072,2672

2265323805,1967,780,2917

2265324805,1922,539,3071

2265325805,1946,389,3087

2265326805,1981,336,2934

2265327805,2000,345,2850

2265328805,1987,589,2878

2265329805,1902,991,2913

2265330840,1831,1375,2986

2265342801,1888,1611,2720

2265343805,1897,1654,2611

2265344805,1939,1712,2419

2265345805,1966,1902,2323

2265346805,1921,2214,2347

2265347805,1872,2599,2318

2265348805,1851,3026,2186

2265349805,1879,3239,1973

2265361801,1922,2705,1792

2265362805,1984,2829,1619

2265363805,1983,3106,1546

2265364805,1959,3374,1530

2265365805,1918,3629,1559

2265366805,1911,3714,1456

2265367805,1978,3966,1281

2265368805,2033,3942,1166

2265380801,2023,2745,1163

2265381805,2020,2987,1165

2265382805,1973,3267,1207

2265383805,1929,3525,1205

2265384805,1954,3667,1079

2265385805,2011,3890,928

2265386841,2014,4043,893

2265387805,2023,3760,997

2265399801,1982,2045,1481

2265400805,1943,2400,1591

2265401805,1935,2524,1594

2265402805,1970,2642,1547

2265403805,2000,2721,1439

2265404805,2009,2579,1471

2265405805,1987,2416,1652

2265406805,1927,1999,1871

2265418801,1932,1685,2346

2265419805,1929,1808,2341

2265420805,1962,1890,2276

2265421805,2004,1875,2237

2265422805,2009,1675,2309

2265423805,1969,1547,2494

2265424805,1936,1141,2673

2265425805,1935,816,2747

2265437801,1901,2366,2751

2265438805,1947,2411,2635

2265439805,1984,2345,2586

2265440805,2000,2159,2661

2265441805,1943,1845,2846

2265442810,1906,1555,2960

2265443805,1904,1325,2949

2265444805,1954,1078,2859

2265456801,1933,3676,2254

2265457805,1947,3424,2208

2265458805,1953,3055,2281

2265459805,1936,2784,2395

2265460805,1879,2586,2445

2265461805,1893,2391,2361

2265462805,1935,2295,2221

2265463805,1979,2222,2149

2265475801,2005,3681,1451

2265476805,1985,3338,1531

2265477805,1930,3068,1633

2265478805,1904,2869,1642

2265479805,1947,2720,1515

2265480805,1989,2627,1408

2265481805,2007,2626,1360

2265482805,1983,2826,1395

2265494801,1984,2626,1157

2265495805,1942,2319,1264

2265496805,1948,2106,1265

2265497805,2002,1942,1180

2265498815,2026,1903,1107

2265499805,2033,2017,1136

2265500805,1995,2283,1227

2265501805,1955,2527,1274

2265513801,1955,979,1696

2265514805,1968,782,1711

2265515805,1999,718,1649

2265516805,2032,845,1646

2265517805,2023,1086,1719

2265518805,1974,1344,1827

2265519805,1941,1610,1887

2265520805,1955,1831,1840

2265521805,2000,2015,1761

2265533801,2032,339,2498

2265534805,2032,603,2492

2265535805,1994,886,2581

2265536805,1949,1213,2672

2265537805,1923,1520,2695

2265538805,1940,1791,2639

2265539805,1979,2013,2547

2265540805,1993,2106,2544

2265552801,1968,1383,2897

2265553805,1927,1810,2946

2265554804,1887,2201,2985

2265555805,1839,2555,2931

2265556805,1899,2837,2789

2265557805,1941,2939,2674

2265558805,1951,3011,2666

2265559805,1931,2819,2738

2265571801,1904,3183,2439

2265572805,1870,3430,2417

2265573805,1875,3657,2289

2265574805,1911,3839,2128

2265575805,1952,3971,2015

2265576805,1965,3843,2000

2265577805,1923,3661,2047

2265578805,1902,3364,2075

2265590801,1936,3991,1495

2265591805,1940,4087,1371

2265592805,1988,4095,1206

2265593805,1956,4095,1136

2265594805,2000,3885,1161

2265595805,1974,3523,1231

2265596805,1936,3171,1251

2265597805,1954,2882,1210

2265609801,1975,3760,901

2265610816,2007,3487,823

2265611805,2022,3154,832

2265612805,1974,2816,940

2265613805,1963,2477,1052

2265614805,1955,2094,1113

2265615805,1984,1790,1107

2265616805,2027,1519,1104

2265628801,2009,2178,1350

2265629805,2010,1858,1441

2265630805,1987,1517,1615

2265631805,2000,1136,1756

2265632805,1968,795,1840

2265633805,2000,577,1866

2265634805,2032,528,1891

2265635805,2017,586,1994

2265647801,1973,1200,2438

2265648805,1981,943,2603

2265649805,1957,656,2735

2265650805,1975,450,2799

2265651805,1990,430,2795

2265652805,2004,489,2822

2265653805,1989,677,2901

2265654805,1951,913,2999

2265655805,1919,1244,3037

2265667801,1908,1221,3152

2265668805,1914,1247,3130

2265669805,1936,1299,3080

2265670805,1954,1495,3024

2265671805,1923,1803,3067

2265672805,1901,2101,3080

2265673805,1861,2511,3023

2265674805,1876,2900,2880

2265686801,1904,2302,2446

2265687805,1937,2416,2373

2265688805,1935,2751,2316

2265689805,1919,2974,2299

2265690805,1889,3261,2256

2265691805,1878,3498,2133

2265692805,1904,3699,1949

2265693805,1942,3856,1774

2265705801,1994,2831,1392

2265706805,2000,3102,1345

2265707805,1971,3352,1322

2265708805,1937,3599,1278

2265709805,1962,3821,1152

2265710805,1991,3910,986

2265711805,2017,4064,898

2265712805,2017,4048,864

2265724801,2025,2621,993

2265725805,1984,2864,1018

2265726805,1974,3037,994

2265727805,1983,3104,923

2265728805,2016,3095,835

2265729805,2032,3009,811

2265730805,2011,2849,877

2265731805,1985,2559,990

2265732805,1966,2198,1086

2265744801,1969,2221,1666

2265745805,1967,2267,1633

2265746805,1997,2215,1616

2265747805,2001,2128,1665

2265748805,1986,1874,1787

2265749805,1957,1530,1936

2265750805,1962,1216,2037

2265751805,1981,937,2119

2265763801,1920,2176,2583

2265764805,1969,2099,2575

2265765805,1965,1913,2641

2265766805,1933,1650,2774

2265767805,1936,1409,2887

2265768805,1934,1196,2970

2265769805,1957,1037,3006

2265770805,1974,947,3049

2265782801,1948,2674,2825

2265783805,1938,2441,2869

2265784805,1922,2237,2974

2265785805,1898,2064,3033

2265786805,1904,1919,3045

2265787805,1929,1813,3008

2265788805,1954,1799,2973

2265789805,1931,1879,2973

2265801801,1961,3009,2166

2265802805,1922,2797,2205

2265803805,1904,2644,2236

2265804805,1926,2512,2176

2265805805,1952,2439,2112

2265806805,1955,2486,2060

2265807805,1940,2642,2025

2265808805,1923,2902,1983

2265820801,1975,2609,1269

2265821805,1959,2455,1273

2265822805,1974,2338,1232

2265823805,2000,2322,1165

2265824805,2007,2433,1135

2265825805,1991,2640,1126

2265826805,1947,2851,1105

2265827805,1981,3068,1009

2265839801,1985,1635,1088

2265840805,2020,1601,1074

2265841805,2042,1679,1053

2265842805,2016,1831,1083

2265843805,2010,2017,1121

2265844805,1995,2203,1136

2265845805,2000,2380,1087

2265846805,2001,2525,1031

2265858801,1998,944,1889

2265859805,2013,1199,1897

2265860805,2001,1401,1956

2265861805,1966,1614,2009

2265862805,1966,1823,2041

2265863805,1968,2007,2008

2265864805,1982,2151,1989

2265865805,1982,2207,2005

2265877801,1968,1425,2896

2265878805,1946,1707,2928

2265879805,1923,1947,2951

2265880805,1891,2202,2935

2265881805,1916,2384,2877

2265882805,1953,2480,2837

2265883805,1958,2457,2849

2265884805,1942,2349,2921

2265896801,1905,2647,3035

2265897805,1894,2911,2997

2265898805,1889,3130,2913

2265899805,1905,3239,2801

2265900805,1931,3217,2736

2265901805,1942,3103,2727

2265902805,1926,2951,2770

2265903805,1901,2795,2804

2265915801,1902,3706,2083

2265916805,1914,3853,1969

2265917805,1936,3826,1854

2265918805,1970,3685,1781

2265919805,1966,3457,1772

2265920805,1934,3229,1792

2265921805,1921,2992,1808

2265922805,1943,2759,1767

2265934801,1987,3751,937

2265935805,2017,3490,879

2265936805,2014,3248,850

2265937805,2015,2992,897

2265938805,1995,2736,954

2265939805,1982,2463,981

2265940805,1993,2229,983

2265941805,2018,2077,951

2265942805,2029,2013,951

2265954801,2035,2365,841

2265955805,2017,2096,944

2265956805,1997,1817,1067

2265957805,2006,1584,1141

2265958805,2009,1431,1175

2265959805,2027,1362,1207

2265960805,2022,1397,1262

2265961805,2000,1477,1328

2265973801,1982,1397,1962

2265974805,1967,1184,2107

2265975805,1968,1071,2199

2265976805,1977,1030,2242

2265977805,1989,1063,2287

2265978805,1990,1170,2341

2265979805,1975,1314,2406

2265980805,1953,1526,2448

2265992801,1925,1277,3133

2265993805,1937,1249,3172

2265994805,1954,1318,3162

2265995805,1955,1436,3161

2265996805,1947,1637,3166

2265997805,1927,1865,3200

2265998805,1905,2146,3186

2265999805,1910,2416,3127

2266011801,1902,1925,3179

2266012805,1917,2064,3078

2266013805,1938,2230,2993

2266014805,1921,2457,2945

2266015805,1904,2743,2890

2266016805,1898,2978,2803

2266017805,1904,3225,2678

2266018805,1937,3350,2578

2266030801,1955,2567,2034

2266031805,1955,2782,1936

2266032805,1939,3046,1866

2266033805,1934,3306,1776

2266034805,1938,3531,1663

2266035805,1967,3657,1551

2266036805,1979,3665,1441

2266037805,1986,3645,1391

2266049801,2019,2782,931

2266050805,2005,2960,899

2266051805,2000,3126,855

2266052805,2018,3199,788

2266053805,2023,3211,731

2266054805,2032,3157,710

2266055805,2024,3024,710

2266056805,2023,2810,752

2266057805,2007,2551,810

2266069801,2009,2617,934

2266070805,2011,2641,949

2266071805,2011,2615,959

2266072805,2011,2481,1008

2266073805,2005,2303,1102

2266074805,1995,2053,1217

2266075805,1983,1799,1310

2266076805,1999,1603,1382

2266087801,1961,2348,1968

2266088805,1955,2352,2013

2266089805,1968,2278,2072

2266090805,1974,2112,2154

2266091805,1970,1891,2274

2266092805,1946,1669,2400

2266093805,1942,1485,2494

2266094805,1955,1360,2557

2266106801,1931,2523,2959

2266107805,1943,2377,3008

2266108805,1962,2182,3049

2266109805,1935,1987,3159

2266110805,1919,1839,3231

2266111805,1928,1725,3271

2266112805,1950,1635,3283

2266113805,1955,1555,3282

2266125801,1927,2666,2915

2266126805,1936,2487,2928

2266127805,1927,2335,2934

2266128805,1909,2210,2938

2266129805,1914,2123,2896

2266130805,1923,2081,2825

2266131805,1942,2122,2761

2266132805,1930,2257,2704

2266144801,1963,2584,1887

2266145805,1957,2423,1879

2266146805,1947,2303,1840

2266147805,1965,2239,1775

2266148805,1986,2252,1685

2266149805,1983,2358,1605

2266150805,1980,2531,1552

2266151805,1970,2717,1486

2266162801,2015,2242,947

2266163805,2015,2107,961

2266164805,2013,1991,950

2266165805,2026,1988,915

2266166805,2032,2074,863

2266167805,2022,2215,849

2266168805,2031,2368,828

2266169805,2019,2526,809

2266180801,2032,1689,1004

2266181805,2014,1600,1073

2266182805,2013,1595,1122

2266183805,2016,1664,1123

2266184805,2025,1808,1150

2266185805,2013,1968,1177

2266186805,2006,2119,1217

2266187805,1997,2275,1264

2266198450,1983,1364,1995

2266199805,1962,1392,2128

2266200805,1965,1483,2185

2266201805,1968,1637,2216

2266202805,1968,1801,2255

2266203805,1959,1963,2292

2266204805,1950,2159,2355

2266215801,1957,1519,3008

2266216805,1937,1535,3096

2266217805,1921,1658,3137

2266218805,1936,1803,3152

2266219805,1937,1986,3129

2266220805,1937,2178,3126

2266221805,1936,2365,3145

2266233801,1933,1889,3216

2266234805,1922,1989,3218

2266235805,1906,2139,3172

2266236805,1915,2309,3089

2266237805,1927,2512,2997

2266238805,1921,2704,2931

2266239805,1925,2900,2881

2266240805,1910,3033,2825

2266252801,1933,2362,2282

2266253805,1936,2487,2176

2266254805,1936,2669,2064

2266255805,1961,2853,1943

2266256805,1950,3038,1843

2266257805,1949,3163,1775

2266258805,1953,3205,1702

2266259805,1968,3166,1611

2266271801,2000,2518,1087

2266272805,1998,2699,985

2266273805,2023,2843,912

2266274805,2015,2970,871

2266275805,2011,2992,832

2266276805,2009,2957,797

2266277805,2029,2853,768

2266278805,2027,2716,749

2266279805,2031,2543,742

2266291801,2030,2655,839

2266292805,2028,2690,865

2266293842,2019,2661,913

2266294805,2011,2576,945

2266295805,2013,2458,978

2266296805,2015,2294,1030

2266297805,2014,2109,1099

2266298805,2006,1896,1200

2266309801,1983,2541,1794

2266310805,1975,2480,1857

2266311805,1954,2467,1945

2266312805,1953,2362,2010

2266313805,1965,2218,2085

2266314805,1955,2028,2163

2266315805,1957,1843,2261

2266316805,1942,1695,2375

2266328801,1930,2571,2887

2266329805,1922,2480,2940

2266330805,1931,2352,2993

2266331805,1938,2180,3025

2266332805,1946,2013,3082

2266333805,1937,1872,3169

2266334805,1934,1798,3227

2266335805,1924,1767,3281

2266347801,1921,2596,3018

2266348805,1925,2421,2998

2266349821,1935,2240,2975

2266350805,1943,2113,2962

2266351805,1933,2026,2960

2266352805,1931,1999,2954

2266353805,1920,2030,2918

2266354805,1927,2108,2863

2266366801,1959,2368,2039

2266367805,1962,2224,1991

2266368805,1968,2134,1951

2266369805,1968,2086,1923

2266370805,1965,2107,1875

2266371805,1968,2146,1826

2266372805,1962,2267,1735

2266373805,1979,2405,1631

2266385801,2021,2062,1014

2266386805,2027,2009,995

2266387805,2026,1990,998

2266388805,2023,2031,975

2266389805,2017,2121,940

2266390805,2031,2270,898

2266391805,2033,2433,845

2266392805,2030,2588,810

2266393805,2031,2704,779

2266405838,2019,1866,1072

2266406805,2006,1955,1103

2266407805,2007,2106,1122

2266408805,2006,2275,1121

2266409805,2006,2431,1125

2266410805,2015,2523,1159

2266411805,1998,2607,1185

2266412805,1994,2642,1232

2266424801,1962,2034,2125

2266425805,1951,2207,2161

2266426805,1953,2356,2179

2266427805,1954,2484,2204

2266428805,1957,2576,2256

2266429805,1943,2624,2319

2266430805,1927,2622,2366

2266431805,1927,2554,2416

2266443801,1933,2409,3050

2266444805,1939,2527,3025

2266445805,1936,2631,3037

2266446805,1930,2701,3052

2266447805,1917,2704,3057

2266448805,1922,2640,3088

2266449805,1936,2535,3093

2266450805,1936,2369,3119

2266462801,1929,2722,2881

2266463805,1937,2781,2826

2266464805,1934,2805,2783

2266465805,1923,2749,2751

2266466805,1931,2624,2705

2266467805,1937,2480,2672

2266468805,1943,2335,2631

2266469805,1950,2205,2615

2266481801,1970,2837,1773

2266482805,1971,2781,1723

2266483805,1964,2659,1679

2266484805,1970,2512,1637

2266485805,1982,2365,1587

2266486805,1985,2238,1551

2266487805,1998,2123,1525

2266488805,1984,2022,1509

2266500801,2029,2640,859

2266501805,2019,2480,843

2266502805,2032,2352,842

2266503805,2036,2212,848

2266504805,2036,2091,853

2266505805,2032,1991,894

2266506805,2031,1938,912

2266507805,2035,1952,910

2266508805,2031,2031,855

2266520801,2007,2187,1104

2266521805,2010,2055,1177

2266522805,2019,1949,1246

2266523805,2006,1899,1328

2266524805,1991,1909,1392

2266525805,1993,1990,1446

2266526805,1991,2113,1469

2266527805,1997,2237,1493

2266539801,1967,1939,2271

2266540805,1958,1885,2354

2266541805,1954,1903,2431

2266542805,1938,1971,2493

2266543805,1940,2086,2533

2266544805,1942,2209,2549

2266545805,1954,2335,2579

2266546805,1937,2471,2609

2266557453,1938,1893,3115

2266558805,1935,1901,3171

2266559805,1932,1973,3200

2266560805,1925,2077,3210

2266561805,1922,2185,3184

2266562805,1927,2315,3149

2266563805,1935,2461,3115

2266564805,1927,2590,3095

2266576801,1933,1963,2929

2266577805,1936,2064,2880

2266578805,1936,2178,2814

2266579805,1933,2305,2719

2266580805,1938,2447,2639

2266581805,1943,2576,2555

2266582805,1942,2668,2496

2266583805,1937,2688,2439

2266595801,1973,2182,1814

2266596805,1965,2318,1723

2266597805,1974,2455,1630

2266598805,1984,2581,1520

2266599805,1995,2657,1451

2266600805,1987,2703,1395

2266601805,1990,2677,1347

2266602805,1985,2607,1303

2266614801,2017,2472,911

2266615805,2025,2612,862

2266616805,2027,2698,823

2266617805,2032,2735,799

2266618805,2021,2717,802

2266619805,2032,2671,814

2266620805,2026,2589,811

2266621805,2032,2467,816

2266622805,2028,2335,848

2266634801,2011,2768,1141

2266635805,1999,2754,1186

2266636805,1990,2721,1253

2266637805,1986,2634,1307

2266638805,1984,2523,1382

2266639805,1985,2378,1457

2266640805,1983,2233,1545

2266641805,1980,2129,1585

2266652453,1960,2747,2174

2266653805,1943,2705,2263

2266654805,1937,2615,2352

2266655805,1939,2495,2402

2266656805,1937,2343,2473

2266657805,1954,2207,2534

2266658805,1943,2097,2624

2266669801,1927,2647,2938

2266670805,1934,2618,2967

2266671805,1936,2529,3005

2266672805,1926,2413,3044

2266673805,1933,2265,3081

2266674805,1936,2128,3185

2266675805,1939,2001,3131

2266676805,1941,1936,3152

2266687453,1942,2537,2813

2266688805,1937,2442,2775

2266689805,1936,2327,2759

2266690805,1946,2193,2737

2266691805,1942,2054,2710

2266692805,1955,2030,2679

2266693805,1954,1888,2640

2266705801,1984,2453,1855

2266706805,1975,2352,1808

2266707805,1975,2223,1779

2266708805,1983,2163,1744

2266709805,1979,1993,1707

2266710805,1984,1934,1649

2266711805,1986,1895,1610

2266712805,1990,1906,1567

2266724801,2027,2353,995

2266725805,2029,2240,986

2266726805,2030,2133,991

2266727805,2026,2151,979

2266728805,2029,2034,976

2266729805,2032,2047,965

2266730805,2028,2095,960

2266731805,2021,2192,958

2266732805,2018,2329,933

2266744801,2003,2213,1188

2266745805,2007,2176,1238

2266746805,2004,2163,1278

2266747805,2003,2219,1322

2266748805,1998,2301,1370

2266749805,1995,2409,1407

2266750805,1984,2539,1431

2266751805,1983,2660,1456

2266763801,1953,2150,2224

2266764805,1961,2171,2277

2266765805,1951,2252,2327

2266766805,1948,2361,2374

2266767805,1941,2479,2407

2266768805,1939,2574,2432

2266769805,1938,2667,2464

2266770805,1943,2715,2493

2266781453,1938,1997,2996

2266782805,1939,2078,3019

2266783805,1938,2171,3027

2266784805,1933,2283,3038

2266785805,1927,2368,3026

2266786805,1937,2465,2995

2266787805,1949,2525,2987

2266788805,1936,2544,2989

2266800801,1941,2002,2838

2266801805,1943,2111,2797

2266802805,1937,2208,2736

2266803805,1952,2318,2672

2266804805,1950,2382,2640

2266805805,1958,2431,2533

2266806805,1952,2416,2483

2266807805,1951,2368,2450

2266819801,1970,2226,1831

2266820805,1978,2331,1758

2266821805,1987,2426,1681

2266822805,1978,2480,1602

2266823805,1987,2493,1520

2266824805,1997,2448,1490

2266825805,2000,2382,1457

2266826805,1989,2281,1424

2266838801,2011,2620,989

2266839805,2012,2686,945

2266840805,2023,2698,930

2266841805,2030,2692,918

2266842805,2025,2607,912

2266843805,2018,2513,933

2266844805,2021,2425,941

2266845805,2031,2331,959

2266846805,2021,2254,979

2266858801,2000,2864,1197

2266859805,1999,2795,1239

2266860805,1989,2701,1302

2266861805,1986,2602,1363

2266862805,1981,2493,1426

2266863805,1987,2386,1486

2266864805,1988,2319,1555

2266865805,1986,2288,1616

2266876453,1949,2783,2127

2266877805,1950,2646,2206

2266878805,1949,2528,2288

2266879805,1939,2412,2362

2266880805,1936,2301,2416

2266881805,1937,2219,2473

2266882805,1939,2161,2521

2266893801,1939,2512,2837

2266894805,1943,2397,2878

2266895805,1936,2281,2913

2266896805,1936,2166,2955

2266897805,1947,2045,2983

2266898805,1947,1943,3003

2266899805,1947,1904,3024

2266900805,1945,1890,3025

2266911453,1947,2114,2775

2266912805,1954,2071,2751

2266913805,1942,1955,2741

2266914805,1950,1840,2718

2266915805,1957,1773,2703

2266916805,1963,1691,2672

2266917805,1958,1734,2640

2266929801,1984,2093,1951

2266930805,1978,1989,1911

2266931805,1985,1887,1872

2266932805,1988,1817,1842

2266933805,1987,1813,1806

2266934805,1989,1821,1759

2266935805,1986,1874,1707

2266936805,1997,1943,1647

2266948801,2019,2179,1135

2266949805,2029,2122,1134

2266950805,2021,2096,1131

2266951805,2019,2147,1119

2266952805,2018,2163,1093

2266953805,2017,2254,1088

2266954805,2018,2346,1063

2266955805,2012,2474,1040

2266967801,2001,2366,1187

2266968805,2001,2374,1216

2266969805,1995,2409,1286

2266970805,2001,2499,1313

2266971805,2000,2545,1343

2266972805,1990,2669,1366

2266973805,1995,2785,1391

2266974805,1985,2869,1375

2266986801,1959,2368,2099

2266987805,1963,2399,2102

2266988805,1962,2481,2175

2266989805,1957,2573,2213

2266990805,1945,2656,2241

2266991805,1952,2745,2281

2266992805,1945,2781,2315

2266993805,1942,2795,2345

2267005801,1946,2158,2871

2267006805,1946,2239,2847

2267007805,1913,2326,2857

2267008805,1941,2375,2871

2267009805,1937,2436,2863

2267010805,1939,2448,2866

2267011805,1949,2426,2866

2267012805,1942,2378,2871

2267024801,1959,2047,2749

2267025805,1951,2133,2703

2267026805,1953,2180,2661

2267027805,1951,2203,2621

2267028805,1961,2211,2573

2267029805,1965,2176,2522

2267030805,1963,2126,2489

2267031805,1967,2023,2463

2267043801,1980,2239,1891

2267044805,1969,2281,1815

2267045805,1984,2315,1759

2267046805,1995,2325,1705

2267047805,2000,2259,1668

2267048805,1987,2198,1627

2267049805,1993,2111,1596

2267050805,2000,2031,1575

2267061801,1973,2623,1136

2267062805,2013,2649,1150

2267063805,2015,2657,1078

2267064805,2019,2634,1085

2267065805,2009,2559,1072

2267066805,2014,2481,1083

2267067805,2011,2412,1090

2267068805,2014,2357,1123

2267080801,2002,2962,1195

2267081805,2000,2923,1223

2267082805,2000,2849,1280

2267083805,2001,2749,1301

2267084805,1989,2663,1360

2267085805,1990,2588,1420

2267086805,1987,2523,1472

2267087805,1968,2487,1520

2267099801,1959,2765,2013

2267100805,1956,2666,2081

2267101805,1957,2550,2163

2267102805,1945,2467,2218

2267103805,1951,2382,2274

2267104805,1946,2320,2318

2267105805,1953,2283,2434

2267106805,1947,2299,2419

2267117453,1943,2337,2705

2267118805,1947,2182,2773

2267119805,1943,2082,2800

2267120805,1953,1990,2848

2267121805,1947,1927,2865

2267122805,1945,1889,2883

2267123805,1947,1904,2896

2267135801,1960,1869,2737

2267136805,1965,1776,2702

2267137805,1963,1708,2711

2267138805,1964,1661,2701

2267139805,1965,1643,2674

2267140805,1968,1664,2631

2267141805,1965,1719,2620

2267142805,1963,1799,2550

2267154801,1988,1784,2026

2267155805,1979,1751,1984

2267156805,1986,1754,1943

2267157805,1981,1794,1904

2267158805,1979,1873,1860

2267159805,1983,1968,1789

2267160805,1991,2069,1731

2267161805,1990,2175,1682

2267173801,2011,2160,1356

2267174805,2006,2199,1255

2267175805,2011,2278,1263

2267176805,2008,2379,1231

2267177805,2008,2473,1201

2267178805,2014,2592,1177

2267179805,2007,2688,1152

2267180805,2009,2774,1123

2267192801,1999,2594,1301

2267193805,1999,2672,1321

2267194805,1999,2757,1299

2267195805,1994,2852,1344

2267196805,1991,2935,1408

2267197805,1998,3008,1418

2267198805,1981,3054,1416

2267199805,1995,3037,1430

2267211801,1955,2625,2015

2267212805,1957,2707,2063

2267213805,1962,2779,2055

2267214805,1953,2821,2111

2267215805,1949,2838,2160

2267216805,1945,2826,2179

2267217805,1953,2767,2230

2267218805,1950,2699,2273

2267229801,1949,2275,2678

2267230805,1947,2333,2645

2267231805,1954,2373,2691

2267232805,1949,2384,2701

2267233805,1947,2365,2707

2267234805,1959,2318,2718

2267235805,1951,2240,2751

2267236805,1953,2147,2750

2267248801,1960,2032,2673

2267249805,1968,2067,2635

2267250805,1963,2064,2607

2267251805,1959,2032,2574

2267252805,1968,1982,2547

2267253805,1966,1924,2520

2267254805,1968,1849,2499

2267255805,1971,1758,2483

2267267801,1983,2183,1959

2267268805,1989,2183,1916

2267269805,2025,2160,1873

2267270805,1985,2126,1844

2267271805,1999,2078,1811

2267272805,2028,2011,1779

2267273805,2005,1957,1753

2267274805,2008,1924,1731

2267285453,2007,2624,1289

2267286805,1984,2609,1269

2267287805,2005,2578,1264

2267288805,2000,2528,1223

2267289805,2005,2480,1247

2267290805,2013,2431,1244

2267291805,1996,2403,1211

2267303801,2007,2991,1236

2267304805,2010,2944,1222

2267305805,1975,2877,1302

2267306805,1985,2804,1341

2267307805,2000,2732,1378

2267308805,2044,2673,1403

2267309805,1978,2645,1445

2267310805,1988,2637,1488

2267322801,1959,2769,1897

2267323805,2010,2672,1955

2267324805,1966,2574,2001

2267325805,1959,2496,2064

2267326805,1959,2435,2113

2267327805,1954,2412,2163

2267328805,1957,2399,2225

2267329805,1951,2418,2242

2267341801,1955,2119,2608

2267342805,1957,2032,2633

2267343805,1934,1968,2688

2267344805,1955,1930,2685

2267345805,1961,1919,2707

2267346805,1956,1920,2730

2267347805,1955,1959,2732

2267348805,1984,2005,2723

2267360801,1968,1635,2704

2267361805,1968,1616,2671

2267362805,1971,1605,2659

2267363805,1969,1642,2624

2267364805,1974,1710,2599

2267365805,1966,1767,2556

2267366805,1965,1855,2507

2267367805,1969,1918,2480

2267379801,1981,1747,2090

2267380805,1981,1805,2046

2267381805,1997,1885,1997

2267382805,1985,1986,1947

2267383805,1995,2095,1886

2267384805,1968,2176,1838

2267385805,1986,2257,1783

2267386805,1990,2313,1741

2267397801,2002,2290,1453

2267398805,1995,2384,1419

2267399805,2000,2474,1390

2267400805,2001,2576,1357

2267401805,2000,2661,1325

2267402805,2002,2747,1296

2267403805,1996,2801,1289

2267404805,2000,2847,1263

2267416801,1999,2816,1346

2267417805,1995,2901,1386

2267418805,1997,2970,1356

2267419805,1990,3035,1360

2267420805,2000,3087,1369

2267421805,1997,3088,1391

2267422805,1990,3071,1414

2267423805,1984,3027,1451

2267435801,1968,2815,1889

2267436805,1936,2832,1938

2267437805,1968,2861,1953

2267438805,1945,2834,1995

2267439805,2010,2811,2003

2267440805,1951,2737,2058

2267441805,1959,2647,2114

2267442805,1926,2545,2168

2267453453,1961,2319,2497

2267454805,1952,2333,2512

2267455805,1952,2322,2569

2267456805,1955,2285,2546

2267457805,1966,2215,2576

2267458805,1942,2134,2679

2267459805,1969,2032,2625

2267471801,1959,1968,2623

2267472805,1982,1968,2555

2267473805,1968,1968,2577

2267474805,2015,1913,2571

2267475805,2053,1856,2550

2267476805,1968,1786,2554

2267477805,1959,1727,2512

2267478805,1975,1674,2536

2267490801,1988,2096,2147

2267491805,2021,2085,2069

2267492805,1968,2064,1987

2267493805,1995,2018,2002

2267494805,1953,1987,1929

2267495805,1963,1951,1963

2267496805,1969,1919,1946

2267497805,1989,1909,1910

2267509801,2001,2582,1469

2267510805,1995,2539,1462

2267511805,2000,2514,1456

2267512805,1995,2472,1439

2267513805,2009,2448,1397

2267514805,2003,2448,1424

2267515805,1987,2462,1373

2267516805,1990,2509,1389

2267528801,2002,2873,1328

2267529805,1989,2822,1377

2267530805,1985,2773,1430

2267531805,2004,2731,1412

2267532805,2016,2720,1422

2267533805,1991,2739,1460

2267534805,1991,2770,1478

2267535805,1999,2829,1497

2267547801,1971,2593,1872

2267548805,1971,2524,1900

2267549805,1970,2499,1961

2267550805,1968,2477,1984

2267551805,1973,2485,2029

2267552805,1963,2503,2064

2267553805,1962,2529,2087

2267554805,1965,2555,2112

2267565801,1965,2011,2460

2267566805,1964,1968,2480

2267567805,1966,1936,2511

2267568805,1962,1943,2532

2267569805,1959,1963,2543

2267570805,1971,1983,2559

2267571805,1968,2019,2556

2267572805,1961,2061,2575

2267584801,1982,1609,2606

2267585805,1973,1619,2623

2267586805,1969,1667,2581

2267587805,1968,1712,2580

2267588805,1974,1771,2546

2267589805,1971,1840,2519

2267590805,1968,1887,2493

2267591805,1975,1920,2469

2267603801,1981,1842,2187

2267604805,1978,1925,2140

2267605805,1973,2010,2100

2267606805,1973,2105,2039

2267607805,1978,2185,1997

2267608805,1971,2243,1947

2267609805,1984,2274,1906

2267610805,1982,2294,1878

2267621453,1987,2410,1598

2267622805,1983,2529,1563

2267623805,1990,2624,1524

2267624805,1973,2704,1487

2267625805,1990,2768,1463

2267626805,1997,2797,1442

2267627805,1997,2825,1408

2267639801,1999,2897,1376

2267640805,1986,2969,1373

2267641805,1989,3031,1371

2267642805,1995,3066,1370

2267643805,1994,3090,1375

2267644805,1984,3088,1389

2267645805,1993,3057,1402

2267646805,1993,2995,1424

2267658801,1953,2846,1744

2267659805,1975,2859,1777

2267660805,1971,2855,1811

2267661805,1970,2819,1834

2267662805,1967,2771,1863

2267663805,1946,2699,1906

2267664805,1979,2608,1947

2267665805,1938,2501,2000

2267677801,1963,2304,2346

2267678805,1949,2271,2352

2267679805,1964,2224,2383

2267680805,1968,2150,2414

2267681805,1963,2065,2433

2267682805,1950,1974,2476

2267683805,2000,1901,2505

2267684805,1983,1827,2522

2267696801,1975,1878,2517

2267697805,1941,1843,2545

2267698805,1983,1795,2545

2267699805,1978,1715,2544

2267700805,1996,1674,2551

2267701805,2023,1625,2543

2267702805,1969,1606,2545

2267703805,1997,1607,2527

2267715801,2002,2000,2184

2267716805,1966,1966,2167

2267717805,1922,1952,2144

2267718805,1983,1921,2123

2267719805,1968,1925,2107

2267720805,1966,1943,2075

2267721805,1985,1975,2039

2267722805,1976,2041,1997

2267733801,1995,2502,1632

2267734805,1993,2474,1629

2267735805,1990,2467,1614

2267736805,1950,2473,1596

2267737805,1946,2476,1585

2267738805,1994,2517,1555

2267739805,1989,2559,1548

2267740805,1968,2640,1515

2267752801,1994,2810,1411

2267753805,1986,2786,1425

2267754805,1995,2771,1437

2267755805,1999,2771,1441

2267756805,1995,2793,1456

2267757805,1998,2831,1454

2267758805,1993,2891,1462

2267759805,1984,2933,1472

2267771801,1953,2544,1776

2267772805,1979,2525,1799

2267773805,1973,2527,1840

2267774805,1975,2530,1855

2267775805,1971,2559,1883

2267776805,1968,2577,1904

2267777805,1975,2595,1925

2267778805,1969,2608,1946

2267789453,1981,2000,2315

2267790805,1970,1983,2351

2267791805,1968,1996,2365

2267792805,1969,2003,2379

2267793805,1959,2031,2385

2267794805,1968,2054,2399

2267795805,1965,2076,2413

2267807801,1971,1634,2587

2267808805,1984,1664,2559

2267809805,1973,1712,2571

2267810805,1965,1761,2557

2267811805,1943,1804,2550

2267812805,1997,1850,2529

2267813805,1967,1879,2503

2267814805,1953,1901,2493

2267826801,1974,1900,2293

2267827805,1978,1969,2257

2267828805,1973,2041,2225

2267829805,1981,2125,2192

2267830805,1983,2180,2162

2267831805,1975,2224,2128

2267832805,1974,2241,2082

2267833805,1977,2253,2045

2267845801,1986,2576,1719

2267846805,1991,2651,1680

2267847805,1986,2706,1654

2267848805,1984,2750,1624

2267849805,1983,2770,1594

2267850805,1988,2773,1573

2267851805,1973,2770,1553

2267852805,1987,2750,1567

2267864801,2000,3025,1392

2267865805,1993,3043,1404

2267866805,2001,3043,1401

2267867805,1968,3025,1406

2267868805,1990,2992,1409

2267869805,1991,2933,1431

2267870805,1994,2899,1458

2267871805,1986,2847,1463

2267883801,1978,2807,1679

2267884805,1983,2763,1683

2267885805,1982,2715,1731

2267886805,1983,2646,1758

2267887805,1973,2559,1825

2267888805,1973,2483,1840

2267889805,1979,2414,1882

2267890805,1975,2347,1910

2267901801,1968,2234,2199

2267902805,1974,2181,2223

2267903805,1969,2113,2255

2267904805,1968,2035,2302

2267905805,1973,1961,2341

2267906805,1977,1889,2354

2267907805,1969,1838,2395

2267908805,1978,1808,2414

2267920801,1999,1806,2515

2267921805,1975,1759,2511

2267922805,1975,1707,2569

2267923805,1984,1671,2541

2267924805,1991,1639,2549

2267925805,1967,1634,2547

2267926805,1979,1652,2544

2267927805,1979,1681,2528

2267939801,1974,1945,2301

2267940805,1983,1923,2288

2267941805,1970,1914,2268

2267942805,1978,1941,2245

2267943805,1973,1983,2225

2267944805,1971,2032,2189

2267945805,1975,2093,2162

2267946805,1974,2159,2128

2267957453,1982,2452,1806

2267958805,1978,2444,1766

2267959805,1988,2472,1749

2267960805,1983,2490,1728

2267961805,1977,2535,1698

2267962805,1987,2591,1677

2267963805,1982,2658,1648

2267975801,2000,2779,1467

2267976805,1996,2777,1461

2267977805,1991,2771,1461

2267978805,2020,2790,1458

2267979805,1994,2816,1454

2267980805,1995,2849,1441

2267981805,1991,2890,1441

2267982805,1989,2933,1449

2267994801,1985,2576,1648

2267995805,1991,2545,1678

2267996805,1981,2549,1694

2267997805,1986,2555,1714

2267998805,1984,2589,1729

2267999805,1971,2595,1747

2268000805,1983,2604,1761

2268001805,1989,2606,1787

2268013801,1962,2032,2183

2268014805,1979,2045,2211

2268015805,1977,2068,2229

2268016805,1954,2087,2242

2268017805,1969,2098,2257

2268018805,1977,2094,2286

2268019805,1968,2085,2293

2268020805,1979,2062,2320

2268032801,1975,1774,2517

2268033805,1973,1824,2515

2268034805,1969,1846,2512

2268035805,1964,1877,2507

2268036805,1975,1895,2509

2268037805,1980,1897,2503

2268038805,1971,1900,2501

2268039805,1977,1867,2506

2268051801,1968,2091,2338

2268052805,1973,2144,2314

2268053805,1918,2176,2288

2268054805,1971,2205,2257

2268055805,1973,2218,2241

2268056805,1969,2218,2213

2268057805,1968,2213,2188

2268058805,1980,2191,2171

2268069801,1977,2634,1813

2268070805,1984,2668,1803

2268071805,1973,2704,1776

2268072805,1981,2715,1741

2268073805,1983,2714,1721

2268074805,1974,2703,1698

2268075805,1985,2678,1680

2268076805,1985,2668,1663

2268088801,1989,2978,1445

2268089805,1991,2975,1432

2268090805,1973,2945,1431

2268091805,1986,2922,1439

2268092805,1997,2864,1435

2268093805,2000,2831,1441

2268094805,1991,2777,1455

2268095805,1995,2747,1456

2268107801,1992,2711,1587

2268108805,1985,2663,1610

2268109805,1991,2591,1643

2268110805,1983,2527,1680

2268111805,1999,2461,1702

2268112805,1978,2398,1735

2268113805,1983,2359,1771

2268114805,1983,2336,1795

2268125453,1973,2198,2082

2268126805,1971,2103,2134

2268127805,1978,2031,2164

2268128805,1971,1973,2192

2268129805,1969,1927,2224

2268130805,1990,1881,2265

2268131805,1973,1872,2287

2268143801,1968,1815,2482

2268144805,1982,1779,2496

2268145805,1979,1746,2523

2268146805,1968,1712,2519

2268147805,1990,1697,2535

2268148805,1975,1712,2550

2268149805,1980,1719,2544

2268150805,1970,1762,2544

2268162801,1976,1968,2418

2268163805,1968,1942,2406

2268164805,1968,1945,2395

2268165805,1959,1985,2367

2268166805,1968,2022,2338

2268167805,1967,2078,2320

2268168805,1968,2131,2289

2268169805,1959,2191,2263

2268181801,1967,2427,1916

2268182805,1974,2448,1886

2268183805,1978,2496,1863

2268184805,1986,2529,1827

2268185805,1987,2597,1802

2268186805,1977,2652,1770

2268187805,1985,2707,1708

2268188805,1987,2767,1712

2268200801,1996,2743,1491

2268201805,1994,2768,1473

2268202805,1990,2793,1471

2268203805,1998,2829,1476

2268204805,1999,2864,1443

2268205805,1999,2893,1434

2268206805,2000,2917,1417

2268207805,1991,2906,1419

2268219801,1994,2575,1574

2268220805,1990,2576,1587

2268221805,1981,2589,1601

2268222805,1987,2607,1616

2268223805,1993,2594,1633

2268224805,1986,2581,1664

2268225805,1997,2555,1673

2268226805,1984,2514,1706

2268237801,1980,2121,2055

2268238805,1975,2130,2082

2268239805,1970,2133,2112

2268240805,1978,2138,2130

2268241805,1974,2128,2160

2268242805,1982,2114,2181

2268243805,1977,2077,2214

2268244805,1977,2031,2233

2268256801,1973,1889,2489

2268257805,1978,1947,2496

2268258805,1971,1977,2498

2268259805,1967,1928,2502

2268260805,1968,1941,2501

2268261805,1979,1917,2513

2268262805,1969,1888,2512

2268263805,1972,1862,2526

2268275801,1968,2160,2416

2268276805,1968,2176,2394

2268277805,1958,2190,2375

2268278805,1967,2197,2357

2268279805,1970,2193,2335

2268280805,1969,2188,2315

2268281805,1963,2173,2300

2268282805,1970,2166,2288

2268293453,1970,2605,1951

2268294805,1968,2634,1905

2268295805,1981,2635,1878

2268296805,1983,2640,1855

2268297805,1993,2624,1826

2268298805,1981,2597,1808

2268299805,1973,2599,1785

2268311801,2023,2891,1483

2268312805,2005,2853,1473

2268313805,1999,2833,1461

2268314805,2000,2816,1455

2268315805,1998,2775,1454

2268316805,1999,2741,1447

2268317805,1997,2710,1458

2268318805,1999,2688,1451

2268330801,2000,2656,1488

2268331805,1995,2615,1508

2268332805,1999,2543,1547

2268333805,1967,2491,1558

2268334805,1997,2448,1591

2268335805,1987,2402,1617

2268336805,1990,2382,1647

2268337805,1986,2368,1665

2268349801,1988,2123,2001

2268350805,1978,2081,2029

2268351805,1980,2021,2073

2268352805,1997,1985,2113

2268353805,1978,1972,2141

2268354805,1982,1954,2176

2268355805,1978,1945,2165

2268356805,1971,1953,2223

2268368801,1982,1810,2482

2268369805,1978,1793,2493

2268370805,1975,1792,2518

2268371805,1927,1794,2544

2268372805,1975,1825,2530

2268373805,1971,1840,2531

2268374805,1968,1898,2546

2268375805,1969,1931,2539

2268387801,1968,1993,2480

2268388805,1965,2009,2459

2268389805,1969,2071,2433

2268390805,1968,2111,2416

2268391805,1968,2160,2393

2268392805,1965,2215,2369

2268393805,1968,2275,2343

2268394805,1968,2316,2318

2268405801,1971,2420,2016

2268406805,1971,2466,1985

2268407805,1971,2514,1955

2268408805,1974,2550,1909

2268409805,1972,2618,1879

2268410805,1978,2657,1845

2268411805,1972,2704,1808

2268412805,1975,2722,1776

2268424801,1994,2715,1517

2268425805,1988,2750,1493

2268426805,2000,2771,1480

2268427805,1994,2737,1456

2268428805,2000,2832,1446

2268429805,2000,2829,1426

2268430805,2000,2832,1418

2268431805,1991,2818,1418

2268443801,1993,2576,1488

2268444805,2000,2608,1501

2268445805,2000,2590,1519

2268446805,1986,2582,1521

2268447805,1995,2569,1555

2268448805,1998,2527,1571

2268449805,1993,2491,1603

2268450805,1993,2442,1621

2268461453,1984,2203,1946

2268462805,1983,2199,1982

2268463805,1990,2202,2005

2268464805,1981,2189,2041

2268465805,1969,2159,2078

2268466805,1979,2126,2105

2268467805,1978,2079,2141

2268479801,1969,1977,2448

2268480805,1974,2032,2447

2268481805,1969,2003,2469

2268482805,1949,2000,2480

2268483805,1973,1974,2493

2268484805,1971,1959,2508

2268485805,1971,1934,2525

2268486805,1968,1911,2535

2268498801,1965,2160,2489

2268499805,1967,2176,2445

2268500805,1966,2189,2466

2268501805,1938,2181,2443

2268502805,1965,2173,2433

2268503805,1967,2160,2426

2268504805,1959,2160,2407

2268505805,1968,2161,2382

2268517801,1969,2545,2022

2268518805,1975,2544,1995

2268519805,1973,2543,1970

2268520805,1969,2529,1936

2268521805,1973,2514,1922

2268522805,1981,2511,1895

2268523805,1983,2512,1857

2268524805,1983,2530,1841

2268536801,1990,2737,1504

2268537805,1993,2708,1497

2268538805,1996,2675,1483

2268539805,1987,2655,1471

2268540805,1999,2640,1457

2268541805,2001,2642,1457

2268542805,1997,2640,1477

2268543805,2001,2645,1440

2268555801,2000,2505,1500

2268556805,2000,2471,1487

2268557805,1997,2431,1499

2268558805,2000,2411,1525

2268559805,2000,2356,1550

2268560805,1999,2435,1573

2268561805,2001,2396,1574

2268562805,1994,2396,1601

2268573801,1983,2163,1925

2268574805,1987,2108,1962

2268575805,1982,2071,1989

2268576805,1975,2070,2032

2268577805,1984,2059,2069

2268578805,1982,2063,2096

2268579805,1984,2071,2125

2268580805,1978,2091,2141

2268592801,1978,1885,2455

2268593805,1978,1872,2485

2268594805,1978,1899,2457

2268595805,1971,1955,2515

2268596805,1970,1943,2522

2268597805,1973,1975,2517

2268598805,1966,2010,2529

2268599805,1966,2032,2531

2268611801,1964,2067,2535

2268612805,1963,2097,2511

2268613805,1966,2142,2493

2268614805,1969,2176,2463

2268615805,1970,2224,2450

2268616805,1971,2265,2426

2268617805,1968,2278,2402

2268618805,1961,2322,2370

2268629453,1970,2385,2101

2268630805,1965,2468,2062

2268631805,1972,2497,2009

2268632805,1968,2511,1974

2268633805,1971,2575,1968

2268634805,1981,2591,1911

2268635805,1979,2676,1877

2268647801,2015,2650,1552

2268648805,1986,2683,1531

2268649805,2000,2702,1509

2268650805,1994,2725,1488

2268651805,2000,2815,1469

2268652805,2005,2754,1455

2268653805,2006,2732,1437

2268654805,1994,2725,1423

2268666801,2001,2577,1438

2268667805,2000,2583,1437

2268668805,1998,2585,1442

2268669805,1967,2574,1427

2268670805,1999,2545,1471

2268671805,2007,2555,1489

2268672805,1996,2480,1516

2268673805,1994,2430,1543

2268685801,1989,2278,1874

2268686805,1989,2293,1904

2268687805,1987,2246,1931

2268688805,1998,2215,1968

2268689805,1988,2182,2007

2268690805,1979,2149,2034

2268691805,1981,2101,2085

2268692805,1983,2058,2123

2268704801,1968,2085,2419

2268705805,1969,2064,2439

2268706805,1968,2034,2463

2268707805,1988,2014,2486

2268708805,1971,1988,2502

2268709805,1973,1970,2523

2268710805,1938,1959,2537

2268711805,1967,1953,2551

2268723801,1982,2171,2517

2268724805,1964,2163,2512

2268725805,1968,2159,2512

2268726805,1970,2149,2502

2268727805,1968,2136,2475

2268728805,1965,2155,2462

2268729805,1956,2154,2446

2268730805,1970,2174,2425

2268741801,1971,2446,2105

2268742805,1970,2445,2074

2268743805,1970,2401,2047

2268744805,1974,2429,2022

2268745805,1984,2432,1994

2268746805,1975,2436,1955

2268747805,1984,2455,1920

2268748805,1979,2477,1894

2268760801,2003,2607,1551

2268761805,2000,2582,1529

2268762805,1997,2576,1561

2268763805,2000,2603,1489

2268764805,1997,2576,1477

2268765805,1979,2582,1479

2268766805,1999,2592,1450

2268767805,2000,2613,1433

2268779801,2010,2458,1438

2268780805,2003,2444,1445

2268781805,2005,2427,1465

2268782805,2003,2417,1473

2268783805,2007,2430,1490

2268784805,2003,2432,1505

2268785805,1999,2431,1520

2268786805,2000,2437,1545

2268797453,1984,2182,1856

2268798805,1990,2167,1895

2268799805,1987,2160,1930

2268800805,1984,2158,1956

2268801805,1987,2174,1988

2268802805,1977,2180,2015

2268803805,1990,2179,2054

2268815801,1977,1999,2409

2268816805,1977,1999,2435

2268817805,1970,1984,2449

2268818805,1965,2032,2464

2268819805,1968,2057,2483

2268820805,1971,2035,2498

2268821805,1968,2096,2522

2268822805,1969,2103,2506

2268834801,1968,2107,2570

2268835805,1957,2135,2545

2268836805,1966,2158,2537

2268837805,1932,2192,2518

2268838805,1968,2224,2503

2268839805,1968,2251,2489

2268840805,1964,2269,2461

2268841805,1965,2321,2442

2268853801,1979,2455,2141

2268854805,1974,2434,2112

2268855805,1968,2469,2064

2268856805,1953,2509,2042

2268857805,1975,2517,2000

2268858805,1987,2517,1965

2268859805,1981,2529,1931

2268860805,1974,2519,1899

2268872801,1990,2624,1561

2268873805,2000,2641,1535

2268874805,1994,2643,1501

2268875805,1987,2640,1489

2268876805,2001,2643,1466

2268877805,2009,2621,1458

2268878805,2000,2607,1443

2268879805,2003,2576,1440

2268891819,2011,2559,1401

2268892805,2005,2546,1411

2268893805,2003,2533,1426

2268894805,2003,2501,1410

2268895805,2011,2473,1459

2268896805,2003,2479,1488

2268897805,2000,2412,1507

2268898805,2009,2384,1523

2268910801,1993,2284,1857

2268911805,1987,2299,1891

2268912805,1987,2268,1921

2268913805,2011,2217,1958

2268914805,1987,2165,1995

2268915805,1987,2165,2032

2268916805,1984,2135,2074

2268917805,1982,2117,2101

2268929801,1973,2097,2416

2268930805,1968,2129,2445

2268931805,1968,2062,2463

2268932805,1968,2043,2480

2268933805,1964,2032,2514

2268934805,1969,2039,2524

2268935805,1978,2023,2544

2268936805,1968,2045,2546

2268948801,1940,2130,2535

2268949805,1965,2169,2533

2268950805,1964,2149,2523

2268951805,1931,2137,2505

2268952805,1963,2128,2497

2268953805,1967,2163,2476

2268954805,1962,2202,2449

2268955805,1971,2235,2437

2268967801,1984,2337,2102

2268968805,1958,2335,2066

2268969805,1973,2357,2044

2268970805,1971,2384,2000

2268971805,1981,2403,1967

2268972805,1978,2426,1939

2268973805,1999,2473,1901

2268974805,1984,2492,1859

2268986801,2000,2496,1552

2268987805,2003,2494,1527

2268988805,1984,2542,1518

2268989805,1997,2540,1483

2268990805,2001,2522,1461

2268991805,1999,2577,1449

2268992805,2077,2603,1440

2268993805,2002,2613,1433

2269005801,2001,2452,1437

2269006805,2012,2473,1453

2269007805,2006,2483,1456

2269008805,2028,2473,1504

2269009805,2006,2480,1488

2269010805,2003,2476,1497

2269011805,1997,2470,1519

2269012805,1999,2450,1547

2269024801,1962,2275,1905

2269025805,1994,2283,1938

2269026805,1983,2295,1965

2269027805,1978,2282,1998

2269028805,2015,2278,2047

2269029805,1978,2272,2059

2269030805,1979,2246,2103

2269031805,1978,2224,2128

2269043801,1966,2165,2439

2269044805,1959,2177,2470

2269045805,1968,2171,2481

2269046805,1983,2171,2490

2269047805,1971,2155,2508

2269048805,1936,2146,2496

2269049805,1959,2118,2540

2269050805,1965,2113,2549

2269062801,1958,2231,2512

2269063805,1968,2234,2480

2269064805,2000,2234,2470

2269065805,1981,2229,2470

2269066805,1967,2218,2448

2269067805,1967,2215,2434

2269068805,1933,2215,2421

2269069805,1965,2205,2399

2269081801,1977,2416,2054

2269082805,1978,2416,2026

2269083805,1949,2411,1970

2269084805,1941,2403,1953

2269085805,1984,2394,1923

2269086805,1985,2384,1899

2269087805,1983,2387,1867

2269088805,1948,2393,1851

2269100801,2000,2527,1510

2269101805,1998,2518,1491

2269102805,2000,2505,1478

2269103805,2001,2493,1485

2269104805,2005,2485,1457

2269105805,2011,2480,1443

2269106805,2001,2486,1437

2269107805,2006,2497,1426

2269119801,1999,2461,1456

2269120805,2006,2434,1475

2269121805,2003,2416,1494

2269122805,1997,2395,1514

2269123805,2042,2387,1543

2269124805,2000,2394,1556

2269125805,1986,2399,1579

2269126805,2000,2407,1606

2269138801,1984,2218,1950

2269139805,1979,2227,1987

2269140805,1982,2222,2017

2269141805,1985,2224,2058

2269142805,1980,2228,2091

2269143805,1938,2231,2094

2269144805,1977,2238,2135

2269145805,1969,2243,2171

2269157801,1967,2103,2478

2269158805,1947,2105,2512

2269159805,1965,2107,2500

2269160805,1968,2128,2513

2269161805,1970,2142,2528

2269162805,1968,2158,2531

2269163805,1999,2167,2534

2269164805,1958,2176,2535

2269176801,1968,2101,2496

2269177805,1968,2177,2479

2269178805,1968,2194,2461

2269179805,1967,2224,2447

2269180805,1968,2254,2416

2269181805,1961,2267,2400

2269182805,1963,2274,2368

2269183805,1933,2282,2323

2269195801,1973,2358,2003

2269196805,1985,2390,1973

2269197805,1984,2416,1939

2269198805,1983,2432,1906

2269199805,1979,2443,1872

2269200805,1983,2448,1842

2269201805,1991,2448,1814

2269202805,1985,2448,1789

2269214801,2006,2467,1495

2269215805,2003,2542,1479

2269216805,2007,2550,1456

2269217805,2006,2559,1455

2269218805,2016,2543,1431

2269219805,2005,2541,1424

2269220805,2010,2515,1424

2269221805,2001,2509,1423

2269233801,2001,2515,1482

2269234805,2000,2509,1491

2269235805,2003,2498,1509

2269236805,2002,2474,1547

2269237805,2000,2458,1567

2269238805,1998,2432,1585

2269239805,1995,2397,1613

2269240805,1999,2385,1638

2269252801,1978,2338,1985

2269253805,1969,2320,2021

2269254805,1981,2298,2053

2269255805,1975,2269,2093

2269256805,1972,2252,2117

2269257805,1980,2226,2160

2269258805,1974,2211,2191

2269259805,1983,2196,2221

2269271801,1968,2172,2475

2269272805,1963,2146,2497

2269273805,1968,2129,2499

2269274805,1968,2115,2517

2269275805,1964,2112,2526

2269276805,1966,2111,2544

2269277805,1971,2096,2547

2269278805,1968,2108,2549

2269290801,1971,2157,2463

2269291805,1976,2150,2453

2269292805,1968,2145,2433

2269293805,1966,2158,2421

2269294805,1969,2163,2385

2269295805,1967,2171,2371

2269296805,1968,2194,2347

2269297805,1968,2219,2320

2269309801,1983,2305,1965

2269310805,1986,2317,1942

2269311805,1983,2320,1913

2269312805,1987,2346,1875

2269313805,1987,2338,1853

2269314805,1986,2384,1821

2269315805,2023,2414,1796

2269316805,1989,2429,1767

2269328801,2005,2458,1497

2269329805,2000,2462,1481

2269330805,2001,2476,1466

2269331805,2003,2495,1459

2269332805,2011,2511,1441

2269333805,2011,2529,1430

2269334805,1994,2537,1429

2269335805,2010,2544,1419

2269347801,2000,2456,1520

2269348805,2000,2480,1548

2269349805,1990,2480,1569

2269350805,2001,2481,1578

2269351805,1997,2486,1601

2269352805,1993,2499,1627

2269353805,2000,2480,1645

2269354805,1991,2475,1669

2269366801,1982,2327,2038

2269367805,1986,2321,2065

2269368805,1973,2327,2096

2269369805,1977,2336,2125

2269370805,1973,2323,2160

2269371805,1974,2311,2174

2269372805,1967,2298,2203

2269373805,1968,2269,2231

2269385801,1973,2193,2474

2269386805,1971,2203,2486

2269387805,1962,2199,2498

2269388805,1968,2196,2507

2269389805,1968,2187,2512

2269390805,1968,2174,2513

2269391805,1963,2150,2529

2269392805,1973,2129,2525

2269404801,1969,2207,2425

2269405805,1973,2213,2406

2269406805,1965,2217,2384

2269407805,1969,2209,2371

2269408805,1970,2206,2347

2269409805,1968,2183,2333

2269410805,1982,2178,2298

2269411805,1969,2187,2285

2269423801,1984,2368,1916

2269424805,1983,2368,1893

2269425805,1998,2352,1863

2269426805,1991,2353,1838

2269427805,1983,2352,1808

2269428805,1991,2349,1793

2269429805,1987,2352,1763

2269430805,1993,2354,1727

2269442801,2001,2503,1482

2269443805,2005,2494,1471

2269444805,2000,2482,1469

2269445805,2013,2479,1458

2269446805,2007,2474,1457

2269447805,2003,2466,1453

2269448805,2006,2485,1455

2269449805,2007,2496,1450

2269461801,1995,2476,1561

2269462805,1995,2461,1591

2269463805,2000,2438,1603

2269464805,1991,2443,1622

2269465805,2000,2434,1650

2269466805,1999,2433,1679

2269467805,1988,2432,1689

2269468805,1991,2442,1718

2269480801,1975,2289,2075

2269481805,1970,2286,2109

2269482805,1983,2288,2138

2269483805,1974,2273,2165

2269484805,1978,2265,2191

2269485805,1982,2272,2209

2269486805,1968,2272,2239

2269487805,1968,2279,2259

2269499801,1968,2127,2480

2269500805,1961,2127,2497

2269501805,1967,2132,2501

2269502805,1968,2143,2503

2269503805,1969,2147,2513

2269504805,1973,2161,2510

2269505805,1971,2171,2512

2269506805,1968,2156,2513

2269518801,1970,2130,2389

2269519805,1968,2151,2389

2269520805,1979,2173,2349

2269521805,1963,2192,2326

2269522805,1993,2202,2309

2269523805,1968,2214,2275

2269524805,1975,2229,2257

2269525805,1981,2232,2231

2269536801,1986,2278,1927

2269537805,1984,2323,1890

2269538805,1983,2350,1872

2269539805,1993,2373,1835

2269540805,1987,2384,1807

2269541805,1985,2410,1776

2269542805,1989,2413,1744

2269543805,1994,2416,1719

2269555801,2009,2496,1495

2269556805,2000,2519,1493

2269557805,2000,2531,1473

2269558805,2007,2543,1471

2269559805,2007,2543,1469

2269560805,2011,2544,1456

2269561805,1995,2537,1458

2269562805,2008,2523,1449

2269574801,1995,2542,1577

2269575805,1993,2549,1587

2269576805,2000,2533,1607

2269577805,1986,2523,1641

2269578805,1997,2509,1651

2269579805,1987,2483,1682

2269580805,1988,2468,1707

2269581805,1993,2455,1744

2269592453,1982,2391,2023

2269593805,1978,2384,2067

2269594805,1969,2368,2097

2269595805,1972,2343,2127

2269596805,1972,2320,2160

2269597805,1978,2301,2178

2269598805,1964,2272,2210

2269610801,1968,2208,2438

2269611805,1968,2196,2447

2269612805,1969,2178,2465

2269613805,1968,2157,2480

2269614805,1974,2144,2480

2269615805,1984,2127,2491

2269616805,1968,2115,2497

2269617805,1968,2101,2498

2269629801,1969,2147,2406

2269630805,1968,2141,2393

2269631805,1968,2133,2373

2269632805,1979,2128,2356

2269633805,1981,2122,2350

2269634805,1979,2128,2329

2269635805,1975,2140,2299

2269636805,1984,2133,2281

2269648801,1988,2285,1942

2269649805,1981,2283,1915

2269650805,1993,2283,1898

2269651805,1987,2285,1869

2269652805,1997,2293,1840

2269653805,1997,2304,1819

2269654805,1989,2330,1789

2269655805,1990,2352,1767

2269667801,1995,2480,1535

2269668805,1999,2451,1526

2269669805,2003,2465,1518

2269670805,2002,2479,1510

2269671805,2001,2481,1497

2269672805,2003,2507,1489

2269673805,1998,2519,1490

2269674805,2000,2535,1479

2269686801,2000,2497,1637

2269687805,1999,2499,1606

2269688805,1990,2496,1619

2269689805,1995,2516,1639

2269690805,1995,2513,1654

2269691805,1994,2507,1686

2269692805,1989,2476,1693

2269693805,1993,2519,1715

2269704801,1989,2354,2018

2269705805,1982,2350,2057

2269706805,1983,2345,2084

2269707805,1978,2349,2102

2269708805,1971,2331,2128

2269709805,1971,2327,2160

2269710805,1977,2328,2177

2269711805,1971,2326,2201

2269723801,1964,2155,2426

2269724805,1971,2149,2495

2269725805,1970,2153,2446

2269726805,1970,2157,2453

2269727805,1976,2160,2455

2269728805,1968,2176,2467

2269729805,1971,2160,2475

2269730805,1970,2145,2467

2269742801,1968,2113,2378

2269743805,1973,2128,2368

2269744805,1968,2158,2352

2269745805,1977,2153,2341

2269746805,1975,2153,2317

2269747805,1969,2171,2291

2269748805,1969,2165,2276

2269749805,1979,2165,2255

2269760453,1989,2260,1985

2269761805,1983,2290,1947

2269762805,1984,2319,1922

2269763805,1995,2320,1883

2269764805,1986,2335,1861

2269765805,2000,2357,1837

2269766805,1996,2352,1808

2269778801,2003,2495,1573

2269779805,2000,2513,1552

2269780805,2006,2523,1549

2269781805,1986,2534,1529

2269782805,2000,2533,1526

2269783805,1996,2536,1514

2269784805,2000,2521,1516

2269785805,2005,2519,1506

2269797801,1997,2579,1567

2269798805,1990,2571,1578

2269799805,1997,2576,1589

2269800805,1998,2555,1609

2269801805,1994,2544,1635

2269802805,1978,2526,1663

2269803805,1988,2515,1670

2269804805,1994,2499,1687

2269816801,1983,2429,1989

2269817805,1983,2402,2011

2269818805,1975,2386,2039

2269819805,1970,2353,2085

2269820805,1975,2337,2097

2269821805,1969,2319,2126

2269822805,1972,2298,2160

2269823805,1973,2287,2178

2269835801,1973,2176,2394

2269836805,1979,2159,2403

2269837805,1968,2138,2423

2269838805,1970,2125,2431

2269839805,1974,2106,2441

2269840805,1969,2097,2445

2269841805,1972,2103,2453

2269842805,1970,2096,2449

2269854801,1992,2075,2384

2269855805,1978,2071,2376

2269856805,1980,2089,2352

2269857805,1983,2081,2348

2269858805,1978,2094,2323

2269859805,1973,2097,2318

2269860805,1981,2114,2298

2269861805,1973,2127,2271

2269872801,1987,2237,2001

2269873805,1981,2238,1979

2269874805,1990,2251,1958

2269875805,1979,2257,1925

2269876805,1983,2288,1904

2269877805,1990,2293,1875

2269878805,1983,2315,1851

2269879805,1981,2347,1839

2269891801,1999,2463,1589

2269892805,2002,2474,1583

2269893805,2001,2480,1574

2269894805,1998,2495,1561

2269895805,1999,2517,1543

2269896805,1995,2535,1535

2269897805,2002,2549,1531

2269898805,1999,2567,1531

2269910838,1994,2537,1610

2269911805,1997,2550,1600

2269912805,2000,2544,1616

2269913805,1995,2559,1631

2269914805,1984,2570,1651

2269915805,1989,2575,1663

2269916805,1989,2559,1681

2269917805,1991,2555,1698

2269928453,1983,2405,1958

2269929805,1982,2401,1997

2269930805,1981,2397,2018

2269931805,1979,2384,2034

2269932805,1975,2373,2069

2269933805,1969,2372,2092

2269934805,1982,2370,2106

2269946801,1970,2171,2357

2269947805,1973,2172,2368

2269948805,1975,2173,2381

2269949805,1971,2190,2391

2269950805,1971,2162,2402

2269951805,1968,2155,2400

2269952805,1972,2144,2407

2269953805,1969,2134,2419

2269965801,1973,2095,2389

2269966835,1968,2096,2384

2269967805,1980,2103,2367

2269968805,1973,2141,2352

2269969805,1975,2109,2336

2269970805,1971,2113,2323

2269971805,1971,2106,2306

2269972805,1981,2114,2293

2269984801,1985,2246,2023

2269985805,1987,2270,1999

2269986805,1984,2283,1977

2269987805,1982,2296,1942

2269988805,1990,2302,1918

2269989805,1975,2310,1906

2269990805,1984,2310,1875

2269991805,1991,2320,1864

2270003801,1999,2518,1625

2270004805,2000,2512,1612

2270005805,2006,2519,1595

2270006805,2000,2517,1591

2270007805,2000,2515,1568

2270008805,2000,2533,1581

2270009805,2000,2541,1565

2270010805,2002,2530,1559

2270022801,1997,2607,1589

2270023805,1998,2592,1598

2270024805,1991,2572,1616

2270025805,1996,2559,1632

2270026805,1999,2546,1657

2270027805,1991,2541,1663

2270028805,1994,2533,1683

2270029805,1996,2518,1698

2270041801,1970,2415,1963

2270042805,1982,2402,1981

2270043805,1983,2376,2010

2270044805,1975,2357,2035

2270045805,1973,2335,2064

2270046805,1979,2321,2094

2270047805,1979,2309,2114

2270048805,1973,2314,2126

2270060801,1970,2144,2343

2270061805,1977,2128,2367

2270062805,1968,2123,2368

2270063805,1979,2095,2384

2270064805,1968,2097,2448

2270065805,1981,2098,2405

2270066805,1968,2101,2409

2270067805,1973,2096,2414

2270079801,1968,2047,2373

2270080805,1979,2064,2366

2270081805,1975,2059,2346

2270082805,1969,2067,2337

2270083805,1975,2090,2321

2270084805,1982,2101,2304

2270085805,1979,2116,2288

2270086805,1983,2128,2261

2270098801,1984,2228,2002

2270099805,1988,2256,1988

2270100805,1984,2272,1965

2270101805,1978,2288,1935

2270102805,1987,2320,1909

2270103805,1986,2336,1888

2270104805,1986,2355,1858

2270105805,1983,2375,1841

2270117801,2000,2499,1626

2270118805,1999,2516,1614

2270119805,1999,2531,1610

2270120805,2000,2546,1605

2270121805,1998,2558,1590

2270122805,2000,2579,1580

2270123805,1998,2578,1563

2270124805,1999,2591,1570

2270136801,1999,2601,1619

2270137805,1989,2602,1626

2270138805,1994,2594,1643

2270139805,1987,2589,1646

2270140805,1989,2586,1617

2270141805,1990,2581,1681

2270142805,1985,2605,1703

2270143805,1995,2549,1740

2270155801,1982,2411,1978

2270156805,1983,2396,1998

2270157805,1973,2383,1955

2270158805,1989,2369,2042

2270159805,1979,2352,2099

2270160805,1976,2327,2061

2270161805,1977,2342,2119

2270162805,1978,2288,2137

2270174801,1969,2160,2343

2270175805,1977,2158,2346

2270176805,1972,2134,2357

2270177805,1981,2114,2370

2270178805,1975,2103,2377

2270179805,1975,2090,2386

2270180805,1970,2014,2387

2270181805,1980,2059,2399

2270193801,1975,2087,2346

2270194805,1977,2091,2333

2270195805,1979,2087,2321

2270196805,1978,2080,2309

2270197805,1970,2079,2295

2270198805,1982,2094,2285

2270199805,1983,2096,2261

2270200805,1985,2099,2243

2270212801,1987,2270,1991

2270213805,1989,2275,1968

2270214805,1984,2287,1933

2270215805,1990,2288,1919

2270216805,1985,2314,1901

2270217805,1991,2333,1875

2270218805,1989,2342,1863

2270219805,1987,2360,1894

2270231801,1997,2518,1639

2270232805,1991,2513,1633

2270233805,1993,2529,1623

2270234805,2000,2545,1607

2270235805,2000,2546,1605

2270236805,2000,2554,1594

2270237805,1999,2574,1600

2270238805,1996,2576,1585

2270250801,1998,2569,1641

2270251805,1997,2547,1651

2270252805,1998,2555,1665

2270253805,1997,2543,1681

2270254805,1994,2545,1698

2270255805,1989,2544,1693

2270256805,1993,2544,1680

2270257805,1995,2533,1742

2270269801,1977,2357,1996

2270270805,1987,2342,2014

2270271805,1986,2335,2038

2270272805,1978,2331,2069

2270273805,1978,2320,2076

2270274805,1979,2305,2110

2270275805,1981,2304,2129

2270276805,1973,2285,2139

2270288801,1980,2112,2342

2270289805,1974,2109,2349

2270290805,1977,2111,2352

2270291805,1969,2113,2357

2270292805,1983,2101,2367

2270293805,1984,2097,2368

2270294805,1975,2096,2375

2270295805,1981,2083,2380

2270307801,1982,2096,2323

2270308805,1983,2096,2314

2270309805,1972,2113,2267

2270310805,1975,2185,2282

2270311805,1972,2130,2272

2270312805,1978,2134,2258

2270313805,1977,2128,2237

2270314805,1983,2146,2222

2270326801,1984,2305,1973

2270327805,1987,2325,1953

2270328805,1978,2345,1923

2270329805,1985,2354,1906

2270330805,1999,2369,1885

2270331805,1985,2368,1867

2270332805,1985,2384,1846

2270333805,1997,2401,1826

2270345801,2000,2571,1638

2270346805,1997,2559,1638

2270347805,2002,2579,1623

2270348805,1995,2576,1619

2270349805,1999,2581,1605

2270350805,1994,2583,1607

2270351805,2000,2574,1601

2270352805,1999,2573,1600

2270364801,1989,2581,1663

2270365805,2000,2576,1667

2270366805,1998,2553,1680

2270367805,1989,2533,1694

2270368805,1984,2529,1713

2270369805,1994,2512,1731

2270370805,1989,2489,1747

2270371805,1984,2487,1766

2270383801,1985,2341,2000

2270384805,1986,2326,2023

2270385805,1984,2311,2029

2270386805,1984,2284,2078

2270387805,1981,2270,2098

2270388805,1974,2245,2112

2270389805,1980,2229,2128

2270390805,1983,2231,2145

2270402801,1981,2093,2333

2270403805,1984,2081,2340

2270404805,1983,2071,2355

2270405805,1978,2071,2355

2270406805,1960,2063,2368

2270407805,1971,2062,2331

2270408805,1973,2072,2374

2270409805,1957,2061,2375

2270421801,1982,2081,2313

2270422805,1975,2091,2301

2270423805,1982,2099,2279

2270424805,1979,2113,2277

2270425805,1984,2118,2253

2270426805,1983,2135,2252

2270427805,1984,2190,2227

2270428805,1972,2173,2211

2270440801,1988,2302,1968

2270441805,1984,2331,1902

2270442805,1983,2352,1925

2270443805,1994,2377,1904

2270444805,1985,2393,1891

2270445805,1986,2409,1888

2270446805,1991,2426,1840

2270447805,1983,2445,1815

2270459801,1995,2547,1651

2270460805,1995,2576,1600

2270461805,1997,2588,1635

2270462805,1990,2602,1619

2270463805,1991,2599,1611

2270464805,2000,2608,1617

2270465805,1995,2613,1607

2270466805,2000,2607,1693

2270478801,1997,2553,1665

2270479805,1989,2547,1741

2270480805,1996,2551,1662

2270481805,1996,2549,1712

2270482805,1989,2531,1776

2270483805,1990,2525,1722

2270484805,1991,2559,1757

2270485805,1989,2482,1781

2270497801,1984,2323,2015

2270498805,1985,2314,2032

2270499805,1981,2295,2057

2270500805,1986,2287,2077

2270501805,1983,2271,2097

2270502805,1981,2254,2098

2270503805,1980,2235,2140

2270504805,1983,2208,2162

2270516801,1984,2103,2331

2270517805,1977,2096,2345

2270518805,1981,2093,2346

2270519805,1969,2080,2345

2270520805,1983,2070,2384

2270521805,1981,2063,2359

2270522805,1982,2043,2368

2270523805,1973,2042,2374

2270535801,1978,2128,2295

2270536805,1978,2130,2282

2270537805,1979,2128,2266

2270538805,1983,2135,2256

2270539805,1979,2141,2238

2270540805,1965,2143,2208

2270541805,1983,2146,2223

2270542805,1968,2179,2192

2270554801,1991,2358,1954

2270555805,1990,2359,1927

2270556805,1986,2375,1920

2270557805,1990,2384,1897

2270558805,1993,2399,1868

2270559805,1991,2413,1856

2270560805,1989,2430,1833

2270561805,1994,2446,1818

2270573801,1994,2559,1649

2270574805,2000,2559,1647

2270575805,1989,2575,1632

2270576805,1994,2558,1631

2270577805,2003,2581,1627

2270578805,1989,2586,1627

2270579805,1997,2594,1618

2270580805,1987,2599,1616

2270592801,1985,2516,1681

2270593805,1996,2512,1709

2270594805,1988,2507,1715

2270595805,1989,2480,1729

2270596805,1990,2487,1750

2270597805,1991,2486,1762

2270598805,1991,2479,1775

2270599805,1984,2470,1791

2270611801,1984,2274,2032

2270612805,1981,2279,2054

2270613805,1984,2258,2074

2270614805,1975,2247,2096

2270615805,1975,2247,2108

2270616805,1982,2234,2125

2270617805,1982,2221,2144

2270618805,1984,2214,2161

2270630801,1973,2090,2336

2270631805,1978,2082,2335

2270632805,1985,2085,2337

2270633805,1978,2091,2345

2270634805,1984,2087,2331

2270635805,1983,2086,2352

2270636805,1973,2090,2343

2270637805,1983,2079,2356

2270649801,1985,2134,2279

2270650805,1980,2145,2263

2270651805,1978,2161,2256

2270652805,1977,2176,2246

2270653805,1982,2187,2225

2270654805,1979,2195,2209

2270655805,1978,2207,2188

2270656805,1983,2213,2179

2270667801,1984,2368,1967

2270668805,1990,2395,1938

2270669805,1985,2403,1916

2270670805,1989,2413,1905

2270671805,1984,2431,1879

2270672805,1977,2444,1857

2270673805,1982,2434,1846

2270674805,1990,2450,1824

2270686801,1995,2575,1664

2270687805,2026,2586,1651

2270688805,2000,2590,1647

2270689805,2025,2581,1623

2270690805,1978,2577,1627

2270691805,2003,2586,1621

2270692805,2015,2581,1619

2270693805,1979,2578,1618

2270705801,1994,2537,1667

2270706805,2002,2521,1690

2270707805,2002,2503,1707

2270708805,1999,2485,1723

2270709805,2000,2475,1706

2270710805,1985,2453,1744

2270711805,1999,2445,1814

2270712805,1971,2435,1790

2270723453,2054,2306,1989

2270724805,2021,2284,2046

2270725805,1959,2266,2036

2270726805,1978,2251,2063

2270727805,1983,2229,2092

2270728805,1984,2218,2113

2270729805,1994,2202,2131

2270741801,1981,2107,2300

2270742805,1972,2101,2281

2270743805,1972,2095,2320

2270744805,1984,2083,2325

2270745805,1947,2077,2331

2270746805,1936,2078,2331

2270747805,1974,2065,2339

2270748805,1950,2068,2352

2270760801,1981,2134,2242

2270761805,1983,2128,2300

2270762805,1997,2130,2283

2270763805,1959,2152,2277

2270764805,1991,2160,2256

2270765805,1968,2160,2213

2270766805,1983,2180,2226

2270767805,1981,2192,2215

2270779801,1984,2350,2042

2270780805,1979,2359,1989

2270781805,2010,2371,1946

2270782805,1981,2363,1935

2270783805,1989,2402,1903

2270784805,2005,2416,1901

2270785805,1989,2438,1878

2270786805,1984,2447,1841

2270798801,2001,2540,1681

2270799805,1995,2545,1667

2270800805,1985,2545,1632

2270801805,2031,2569,1648

2270802805,1981,2576,1622

2270803805,1987,2581,1622

2270804805,1995,2586,1631

2270805805,2012,2593,1635

2270817801,1990,2505,1680

2270818805,1994,2507,1705

2270819805,1999,2497,1703

2270820805,1984,2490,1707

2270821805,1995,2484,1680

2270822805,2005,2480,1764

2270823805,1984,2464,1744

2270824805,1995,2459,1763

2270835801,1977,2302,1967

2270836805,1987,2296,1963

2270837805,1985,2288,2006

2270838805,1984,2273,2023

2270839805,1986,2265,2073

2270840805,1985,2245,2116

2270841805,1982,2238,2026

2270842805,1979,2227,2106

2270854801,1978,2113,2289

2270855805,1981,2112,2266

2270856805,1969,2110,2306

2270857805,1978,2113,2313

2270858805,1974,2107,2324

2270859805,1979,2105,2327

2270860805,1979,2101,2337

2270861805,1968,2095,2378

2270873801,1982,2149,2303

2270874805,1981,2165,2304

2270875805,1985,2170,2299

2270876805,1968,2188,2273

2270877805,1968,2192,2256

2270878805,1954,2183,2255

2270879805,1963,2198,2230

2270880805,1974,2214,2213

2270891453,1973,2353,2020

2270892805,1984,2374,1994

2270893805,1982,2381,1971

2270894805,1979,2391,1951

2270895805,1984,2401,1930

2270896805,1981,2416,1911

2270897805,1983,2416,1893

2270909801,1987,2541,1693

2270910805,1990,2555,1687

2270911805,1997,2550,1680

2270912805,1998,2557,1680

2270913805,1999,2555,1665

2270914805,1997,2553,1654

2270915805,2000,2547,1650

2270916805,1999,2550,1648

2270928801,2001,2517,1659

2270929805,2000,2515,1661

2270930805,1997,2497,1674

2270931805,1997,2495,1688

2270932805,1994,2479,1693

2270933805,2000,2468,1707

2270934805,1993,2450,1728

2270935805,1974,2435,1741

2270947801,1960,2313,1950

2270948805,1981,2294,1971

2270949805,1982,2271,1987

2270950805,1963,2261,2000

2270951805,1979,2247,2029

2270952805,1987,2227,2046

2270953805,1975,2227,2071

2270954805,1977,2213,2094

2270966801,2032,2112,2272

2270967805,1973,2113,2288

2270968805,1975,2113,2299

2270969805,1979,2096,2309

2270970805,1981,2100,2315

2270971805,1975,2107,2325

2270972805,1983,2097,2326

2270973805,1982,2101,2311

2270985801,1998,2133,2316

2270986805,1977,2153,2307

2270987805,1989,2160,2299

2270988805,1979,2170,2279

2270989805,1974,2176,2275

2270990805,1971,2192,2261

2270991805,1979,2201,2247

2270992805,2047,2224,2227

2271003801,1986,2321,2033

2271004805,1938,2341,2018

2271005805,2001,2365,2000

2271006805,2003,2379,1980

2271007805,1967,2389,1959

2271008805,1973,2413,1939

2271009805,1991,2421,1921

2271010805,1987,2435,1899

2271022801,1989,2514,1706

2271023805,2010,2519,1695

2271024805,2006,2539,1738

2271025805,2011,2535,1668

2271026805,2000,2537,1660

2271027805,1991,2555,1651

2271028805,1999,2552,1651

2271029805,1990,2559,1643

2271041801,2006,2465,1661

2271042805,1991,2505,1666

2271043805,2011,2498,1675

2271044805,2027,2485,1686

2271045805,1996,2478,1689

2271046805,1968,2469,1705

2271047805,2000,2454,1717

2271048805,1973,2447,1722

2271059453,1993,2326,1934

2271060805,1982,2313,1941

2271061805,1991,2300,1962

2271062805,1979,2296,1945

2271063805,1984,2279,2000

2271064805,1989,2272,2030

2271065805,1965,2254,2035

2271077801,1968,2151,2250

2271078805,2000,2160,2261

2271079805,1995,2141,2275

2271080805,1983,2144,2277

2271081805,1983,2135,2294

2271082805,1967,2128,2299

2271083805,1978,2124,2310

2271084805,1987,2122,2320

2271096801,1977,2159,2321

2271097805,1968,2159,2317

2271098805,1973,2176,2307

2271099805,1982,2170,2307

2271100805,1977,2177,2294

2271101805,1980,2179,2279

2271102805,1974,2192,2278

2271103805,1953,2207,2257

2271115801,1974,2343,2064

2271116805,2000,2351,2039

2271117805,1973,2353,2020

2271118805,1988,2363,2003

2271119805,1983,2368,1984

2271120805,1987,2379,1968

2271121805,1985,2384,1948

2271122805,2019,2391,1924

2271134801,1995,2515,1717

2271135805,1998,2512,1761

2271136805,1990,2509,1709

2271137805,1966,2517,1683

2271138805,1996,2513,1684

2271139805,1997,2513,1670

2271140805,1998,2526,1664

2271141805,2000,2519,1660

2271153801,1995,2498,1655

2271154805,1984,2489,1648

2271155805,2009,2475,1661

2271156805,1981,2466,1673

2271157805,1995,2467,1680

2271158805,2010,2448,1697

2271159805,1997,2445,1706

2271160805,1996,2442,1747

2271172801,1989,2309,1923

2271173805,1985,2294,1943

2271174805,1996,2293,1955

2271175805,2032,2285,1986

2271176805,1995,2270,2003

2271177805,1985,2262,2032

2271178805,1978,2258,2038

2271179805,1984,2246,2069

2271191801,1981,2142,2259

2271192805,1950,2135,2277

2271193805,1974,2139,2281

2271194805,2000,2137,2294

2271195805,1981,2139,2299

2271196805,1978,2135,2306

2271197805,1974,2136,2323

2271198805,1981,2139,2320

2271210801,1971,2161,2326

2271211805,1978,2174,2304

2271212805,1975,2176,2301

2271213805,1951,2187,2288

2271214805,1979,2203,2288

2271215805,1983,2215,2277

2271216805,1984,2224,2256

2271217805,1983,2225,2251

2271229801,1984,2349,2055

2271230805,1986,2353,2018

2271231805,1985,2367,2003

2271232805,1987,2381,1987

2271233805,1983,2397,1968

2271234805,1983,2399,1947

2271235805,1983,2416,1919

2271236805,1987,2427,1905

2271248801,2000,2503,1709

2271249805,1997,2517,1703

2271250805,2000,2512,1687

2271251805,1993,2525,1680

2271252805,1991,2522,1665

2271253805,2000,2521,1654

2271254805,1999,2517,1655

2271255805,1998,2513,1648

2271267801,2000,2492,1654

2271268805,2001,2485,1664

2271269805,1990,2472,1675

2271270805,2032,2463,1686

2271271805,1999,2448,1691

2271272805,1995,2448,1711

2271273805,1995,2430,1721

2271274805,1991,2417,1744

2271286801,1970,2310,1943

2271287805,1983,2309,1957

2271288805,1987,2289,1982

2271289805,1965,2278,1995

2271290805,1982,2276,2021

2271291805,1981,2257,2039

2271292805,1971,2244,2063

2271293805,1987,2231,2090

2271305801,1985,2160,2261

2271306805,1971,2149,2278

2271307805,1981,2153,2288

2271308805,1984,2147,2311

2271309805,1983,2147,2307

2271310805,1982,2129,2320

2271311805,1975,2141,2326

2271312805,1981,2142,2336

2271324801,1975,2175,2306

2271325805,1978,2177,2304

2271326805,1985,2182,2291

2271327805,2038,2192,2285

2271328805,1974,2205,2285

2271329805,1982,2206,2265

2271330805,1983,2215,2254

2271331805,1971,2234,2239

2271343801,1987,2346,2031

2271344805,1979,2351,2000

2271345805,1984,2357,1984

2271346805,1971,2375,1968

2271347805,1987,2384,1946

2271348805,1984,2389,1920

2271349805,1989,2411,1905

2271350805,1986,2422,1900

2271362801,2002,2482,1700

2271363805,1999,2480,1689

2271364805,1999,2496,1690

2271365805,1994,2495,1675

2271366805,1995,2509,1663

2271367805,1994,2503,1653

2271368805,2000,2515,1649

2271369805,2000,2507,1645

2271381801,1996,2459,1680

2271382805,1995,2448,1678

2271383805,2000,2458,1683

2271384805,1968,2446,1703

2271385805,1998,2449,1714

2271386805,1989,2439,1725

2271387805,1998,2435,1739

2271388805,1985,2427,1748

2271400801,1984,2305,1960

2271401805,1985,2300,1982

2271402805,1986,2289,2004

2271403805,1966,2288,2019

2271404805,1991,2271,2034

2271405805,1977,2268,2064

2271406805,1977,2253,2097

2271407805,1983,2245,2098

2271419801,1979,2173,2276

2271420805,1983,2173,2287

2271421805,1979,2171,2299

2271422805,1981,2167,2304

2271423805,1980,2174,2315

2271424805,1982,2159,2315

2271425805,1977,2158,2331

2271426805,1972,2160,2323

2271438801,1975,2203,2297

2271439805,1978,2209,2289

2271440805,1981,2221,2275

2271441805,1970,2224,2265

2271442805,1980,2218,2238

2271443805,1970,2230,2250

2271444805,1981,2225,2229

2271445805,1984,2241,2215

2271457801,1984,2359,2000

2271458805,1983,2357,1975

2271459805,1982,2379,1966

2271460805,1984,2382,1942

2271461805,1983,2378,1915

2271462805,2001,2385,1910

2271463805,1987,2407,1892

2271464805,2015,2406,1872

2271476801,2001,2480,1697

2271477805,1987,2491,1683

2271478805,1998,2484,1670

2271479805,1970,2480,1663

2271480805,1996,2496,1664

2271481805,1998,2492,1654

2271482805,1999,2482,1651

2271483805,1995,2497,1648

2271495801,1995,2459,1686

2271496805,1995,2448,1694

2271497805,1997,2439,1711

2271498805,1987,2432,1722

2271499805,1991,2430,1723

2271500805,1994,2411,1741

2271501805,1991,2416,1751

2271502805,1989,2407,1775

2271514801,1986,2290,1989

2271515805,1991,2291,2007

2271516805,1985,2275,2032

2271517805,2035,2270,2043

2271518805,1977,2258,2064

2271519805,1985,2262,2082

2271520805,1987,2249,2102

2271521805,1983,2250,2123

2271533801,1976,2178,2289

2271534840,1973,2167,2302

2271535805,1982,2162,2295

2271536805,1961,2161,2312

2271537805,1981,2163,2307

2271538805,1974,2175,2326

2271539805,1972,2178,2330

2271540805,1971,2177,2325

2271552801,1981,2194,2283

2271553805,1979,2206,2270

2271554805,1983,2249,2258

2271555805,1970,2228,2254

2271556805,1981,2235,2239

2271557805,1981,2238,2224

2271558805,1971,2255,2192

2271559805,1983,2231,2189

2271571801,1984,2353,1981

2271572805,1987,2369,1966

2271573805,1981,2379,1945

2271574805,1991,2384,1920

2271575805,1997,2394,1904

2271576805,1997,2396,1877

2271577805,1977,2405,1869

2271578805,1985,2415,1858

2271590801,2007,2480,1703

2271591805,1994,2480,1687

2271592805,1995,2495,1664

2271593805,1990,2487,1658

2271594805,2000,2493,1662

2271595805,1995,2491,1650

2271596805,1998,2489,1653

2271597805,1990,2485,1652

2271608801,1999,2462,1688

2271609805,1996,2448,1703

2271610805,2000,2448,1712

2271611805,1990,2419,1729

2271612805,1995,2433,1737

2271613805,1991,2418,1751

2271614805,1990,2419,1758

2271615805,1999,2405,1777

2271627801,1985,2319,1985

2271628805,1988,2310,2000

2271629805,1991,2301,2030

2271630805,1979,2320,2032

2271631805,1993,2286,2066

2271632805,1978,2267,2086

2271633805,1982,2257,2097

2271634805,1983,2243,2119

2271646801,1979,2176,2278

2271647805,1975,2178,2289

2271648805,1981,2186,2302

2271649805,1979,2178,2299

2271650805,1977,2176,2307

2271651805,1975,2171,2316

2271652805,1978,2167,2320

2271653805,1968,2162,2327

2271664453,1977,2202,2288

2271665805,1975,2212,2256

2271666805,1979,2213,2270

2271667805,1973,2224,2256

2271668805,1984,2219,2240

2271669805,1974,2224,2227

2271670805,1982,2192,2215

2271682801,1981,2333,2000

2271683805,1984,2334,1995

2271684805,1984,2347,1973

2271685805,2062,2352,1959

2271686805,1990,2362,1951

2271687805,1986,2364,1925

2271688805,1988,2378,1895

2271689805,1988,2375,1889

2271701801,1996,2448,1723

2271702805,1995,2459,1695

2271703805,1993,2454,1693

2271704805,2005,2459,1628

2271705805,2000,2467,1681

2271706805,1998,2471,1676

2271707805,1994,2477,1667

2271708805,1995,2476,1663

2271720801,1999,2451,1698

2271721805,1998,2438,1696

2271722805,2000,2443,1707

2271723805,1991,2443,1729

2271724805,1994,2436,1728

2271725805,1998,2426,1745

2271726805,1999,2433,1756

2271727805,2000,2423,1773

2271739801,1986,2320,1974

2271740805,1986,2314,1989

2271741805,1989,2270,2014

2271742805,2006,2295,2027

2271743805,1983,2273,2043

2271744805,1984,2288,2067

2271745805,1979,2288,2091

2271746805,1974,2275,2103

2271758801,1974,2202,2260

2271759805,1979,2194,2276

2271760805,1979,2192,2284

2271761805,2000,2188,2297

2271762805,1979,2193,2301

2271763805,1983,2188,2307

2271764805,1972,2191,2311

2271765805,1973,2181,2309

2271776801,1979,2193,2290

2271777805,1971,2201,2279

2271778805,1978,2210,2272

2271779805,1975,2222,2259

2271780805,1990,2222,2246

2271781805,1979,2231,2235

2271782805,1977,2231,2221

2271783805,1977,2227,2209

2271795801,1985,2329,2000

2271796805,1986,2334,1987

2271797805,1984,2329,1957

2271798805,1985,2351,1955

2271799805,1987,2358,1938

2271800805,1985,2368,1915

2271801805,1987,2375,1901

2271802805,1995,2378,1885

2271814801,1997,2459,1711

2271815805,2000,2462,1701

2271816805,2000,2458,1698

2271817805,1996,2468,1685

2271818805,1997,2467,1679

2271819805,2000,2465,1669

2271820805,1998,2466,1670

2271821805,1995,2464,1674

2271832453,2002,2480,1687

2271833805,1991,2458,1696

2271834805,1996,2455,1706

2271835805,1998,2448,1712

2271836805,2000,2445,1723

2271837805,1997,2438,1740

2271838805,1993,2429,1759

2271850801,1968,2352,1936

2271851805,1984,2350,1957

2271852805,1981,2340,1972

2271853805,2032,2325,1989

2271854805,1983,2316,2011

2271855805,1981,2308,2029

2271856805,1982,2288,2043

2271857805,1979,2286,2070

2271869801,1977,2215,2245

2271870805,1974,2211,2254

2271871805,1973,2206,2257

2271872805,1968,2193,2270

2271873805,1975,2192,2273

2271874805,1970,2189,2287

2271875805,1983,2183,2289

2271876805,1981,2181,2298

2271888801,1978,2192,2288

2271889805,1977,2212,2271

2271890805,1978,2193,2269

2271891805,1979,2194,2266

2271892805,1977,2198,2246

2271893805,1974,2211,2242

2271894805,1980,2211,2222

2271895805,1984,2185,2215

2271907801,1996,2303,2033

2271908805,1987,2311,2006

2271909805,1984,2300,1992

2271910805,2011,2329,1962

2271911805,1986,2340,1957

2271912805,1980,2353,1935

2271913805,1998,2363,1920

2271914805,1993,2355,1903

2271926801,1985,2447,1747

2271927805,1997,2439,1724

2271928805,2005,2449,1711

2271929805,2000,2455,1705

2271930805,2001,2512,1694

2271931805,2001,2445,1697

2271932805,1998,2475,1674

2271933805,1999,2478,1677

2271944801,2000,2466,1695

2271945805,1995,2421,1705

2271946805,1998,2512,1701

2271947805,2000,2460,1715

2271948805,1997,2451,1726

2271949805,1998,2466,1739

2271950805,1991,2428,1749

2271951805,1995,2404,1761

2271963801,1993,2355,1941

2271964805,1983,2351,1955

2271965805,1983,2343,1981

2271966805,1983,2330,1997

2271967805,1979,2325,2006

2271968805,1983,2321,2023

2271969805,1983,2304,2038

2271970805,1984,2305,2064

2271982801,1984,2234,2233

2271983805,1979,2209,2247

2271984805,1982,2193,2258

2271985805,1981,2189,2263

2271986805,1975,2205,2269

2271987805,1968,2190,2283

2271988805,1981,2196,2283

2271989805,1979,2129,2295

2272000453,1979,2150,2283

2272001805,1985,2199,2267

2272002805,1975,2175,2272

2272003805,1981,2211,2261

2272004805,1975,2205,2274

2272005805,1981,2218,2244

2272006805,1980,2211,2229

2272018801,1984,2294,2064

2272019805,1984,2293,2035

2272020805,1984,2342,2022

2272021805,1973,2313,2005

2272022805,1975,2320,1990

2272023805,1979,2346,1967

2272024805,1985,2334,1951

2272025805,1982,2331,1936

2272037801,1995,2431,1758

2272038805,1991,2441,1757

2272039805,1993,2439,1744

2272040805,1975,2448,1728

2272041805,1999,2455,1712

2272042805,1987,2450,1712

2272043805,1991,2448,1706

2272044805,1997,2455,1696

2272056801,2000,2463,1689

2272057805,2000,2461,1708

2272058805,1999,2466,1712

2272059805,1989,2469,1715

2272060805,1998,2453,1719

2272061805,1997,2445,1724

2272062805,1991,2448,1743

2272063805,1996,2437,1749

2272075801,1984,2369,1919

2272076805,1988,2354,1937

2272077805,1985,2349,1965

2272078805,1967,2339,1975

2272079805,1989,2326,1995

2272080805,1989,2323,2011

2272081805,1997,2319,2037

2272082805,1985,2307,2047

2272094801,1974,2221,2225

2272095805,1977,2217,2237

2272096805,1979,2208,2235

2272097805,1983,2201,2243

2272098805,1979,2194,2256

2272099805,1979,2192,2266

2272100805,1979,2194,2275

2272101805,1978,2195,2286

2272112801,1982,2181,2288

2272113805,1983,2192,2278

2272114805,1983,2185,2270

2272115805,1978,2190,2263

2272116805,1978,2198,2249

2272117805,1981,2197,2250

2272118805,1985,2208,2233

2272119805,1983,2266,2227

2272131801,1985,2284,2060

2272132805,1984,2295,2044

2272133805,1987,2295,2003

2272134805,1985,2305,2001

2272135805,1989,2301,1983

2272136805,2000,2321,1970

2272137805,1984,2335,1953

2272138805,1984,2339,1935

2272150801,1999,2463,1764

2272151805,1994,2432,1751

2272152805,1990,2433,1734

2272153805,2000,2448,1728

2272154805,1995,2448,1719

2272155805,1994,2450,1712

2272156805,1989,2456,1714

2272157805,1995,2457,1708

2272168453,2005,2469,1702

2272169805,2000,2480,1697

2272170805,1998,2469,1717

2272171805,2000,2477,1714

2272172805,1993,2467,1712

2272173805,1999,2470,1741

2272174805,1994,2461,1731

2272186801,1990,2389,1901

2272187805,1986,2383,1915

2272188805,2000,2370,1936

2272189805,1965,2368,1946

2272190805,1995,2357,1968

2272191805,1984,2352,1981

2272192805,1987,2338,2032

2272193805,1995,2339,2025

2272205801,1981,2223,2193

2272206805,1981,2237,2205

2272207805,1979,2253,2219

2272208805,2026,2224,2224

2272209805,1984,2223,2237

2272210805,1979,2218,2254

2272211805,1984,2207,2255

2272212805,1983,2204,2259

2272224801,1987,2174,2271

2272225805,1982,2181,2271

2272226805,1981,2211,2272

2272227805,1977,2191,2255

2272228805,1968,2193,2250

2272229805,1977,2195,2243

2272230805,1983,2195,2241

2272231805,1984,2194,2226

2272243801,1987,2286,2069

2272244805,1981,2299,2042

2272245805,1981,2311,2032

2272246805,1918,2302,2017

2272247805,1991,2263,2000

2272248805,1973,2287,1984

2272249805,1922,2320,1981

2272250805,1975,2293,1952

2272262801,2000,2424,1785

2272263805,1983,2431,1771

2272264805,2012,2406,1766

2272265805,2000,2437,1747

2272266805,1991,2431,1737

2272267805,1994,2448,1736

2272268805,1992,2450,1725

2272269805,2003,2445,1714

2272280801,1998,2474,1707

2272281805,2000,2479,1706

2272282805,2013,2467,1757

2272283805,1998,2486,1712

2272284805,1993,2458,1719

2272285805,1990,2447,1729

2272286805,1996,2475,1744

2272287805,2000,2462,1747

2272299801,1987,2384,1904

2272300805,1989,2352,1917

2272301805,1991,2368,1954

2272302805,1986,2358,1953

2272303805,1975,2317,1957

2272304805,1985,2347,1979

2272305805,1984,2327,1995

2272306805,1979,2327,2015

2272318801,1963,2230,2187

2272319805,1982,2203,2198

2272320805,1975,2315,2209

2272321805,1981,2237,2224

2272322805,1981,2209,2230

2272323805,1974,2207,2235

2272324805,1977,2224,2243

2272325805,1974,2214,2247

2272336453,1982,2170,2279

2272337805,1979,2184,2273

2272338805,1984,2176,2265

2272339805,1977,2181,2256

2272340805,1979,2179,2288

2272341805,1978,2187,2244

2272342805,1979,2194,2231

2272354801,1984,2253,2098

2272355805,1990,2259,2090

2272356805,1985,2266,2070

2272357805,1989,2282,2045

2272358805,1977,2286,2036

2272359805,1986,2305,2022

2272360805,1941,2314,1977

2272361805,2000,2320,1991

2272373801,1997,2403,1807

2272374805,1991,2402,1792

2272375805,1986,2418,1791

2272376805,1962,2432,1775

2272377805,1996,2434,1762

2272378805,1985,2477,1753

2272379805,1953,2442,1745

2272380805,1989,2451,1739

2272392801,2000,2482,1710

2272393805,2000,2480,1710

2272394805,2000,2480,1725

2272395805,1999,2480,1721

2272396805,1995,2480,1727

2272397805,2000,2473,1733

2272398805,2000,2475,1737

2272399805,2000,2469,1746

2272411801,1994,2391,1890

2272412805,1984,2392,1905

2272413805,1984,2385,1918

2272414805,1995,2384,1947

2272415805,1993,2371,1953

2272416805,1986,2358,1973

2272417805,1986,2346,1978

2272418805,1984,2338,1991

2272430801,1984,2224,2173

2272431805,1977,2243,2177

2272432805,1984,2237,2192

2272433805,1981,2235,2203

2272434805,1985,2219,2211

2272435805,1983,2213,2224

2272436805,1956,2204,2230

2272437805,1983,2193,2237

2272448801,1981,2190,2266

2272449805,1983,2176,2260

2272450805,1984,2183,2256

2272451805,1975,2181,2256

2272452805,1975,2178,2249

2272453805,1979,2175,2250

2272454805,1983,2183,2239

2272455805,1974,2192,2243

2272467801,1983,2255,2096

2272468805,1985,2267,2074

2272469805,1990,2269,2064

2272470805,1988,2275,2056

2272471805,1987,2288,2034

2272472805,1984,2288,2015

2272473805,1985,2305,2000

2272474805,1987,2311,1948

2272486801,1994,2409,1815

2272487805,1987,2419,1805

2272488805,1991,2419,1793

2272489805,1991,2433,1781

2272490805,1995,2434,1772

2272491805,1994,2434,1762

2272492805,1998,2446,1755

2272493805,1997,2449,1756

2272504453,1993,2480,1722

2272505805,1999,2475,1712

2272506805,1998,2483,1718

2272507805,1996,2474,1724

2272508805,2000,2477,1738

2272509805,1997,2465,1742

2272510805,1996,2470,1740

2272522801,1989,2411,1900

2272523805,1985,2401,1873

2272524805,1994,2397,1890

2272525805,1988,2391,1906

2272526805,1993,2385,1927

2272527805,1989,2368,1939

2272528805,1991,2368,1898

2272529805,1986,2364,1963

2272541801,1979,2259,2139

2272542805,1983,2254,2151

2272543805,1981,2235,2160

2272544805,1966,2231,2186

2272545805,1978,2233,2192

2272546805,1984,2225,2192

2272547805,1984,2224,2213

2272548805,1984,2214,2208

2272560801,1984,2168,2261

2272561805,1979,2169,2257

2272562805,1978,2176,2253

2272563805,1982,2185,2250

2272564805,1978,2180,2250

2272565805,1979,2179,2239

2272566805,1981,2183,2236

2272567805,1968,2181,2227

2272579801,1991,2248,2103

2272580805,1991,2258,2092

2272581805,1990,2266,2085

2272582805,1982,2275,2071

2272583805,1984,2287,2055

2272584805,1983,2288,2030

2272585805,1984,2305,2018

2272586805,1983,2304,2001

2272598801,1993,2407,1854

2272599805,1995,2411,1813

2272600805,1999,2416,1810

2272601805,1994,2432,1792

2272602805,1988,2439,1791

2272603805,1998,2434,1782

2272604805,1975,2447,1791

2272605805,1993,2446,1765

2272616801,2000,2480,1723

2272617805,1986,2480,1717

2272618805,1997,2487,1726

2272619805,1994,2489,1731

2272620805,1995,2484,1726

2272621805,1996,2480,1733

2272622805,2000,2480,1744

2272623805,1989,2466,1743

2272635801,1989,2425,1867

2272636805,1987,2384,1886

2272637805,1993,2401,1895

2272638805,1985,2385,1909

2272639805,1986,2384,1919

2272640805,1989,2368,1936

2272641805,1997,2359,1949

2272642805,1985,2350,1965

2272654801,1982,2261,2126

2272655805,1984,2254,2153

2272656805,1977,2245,2160

2272657805,1981,2238,2176

2272658805,1978,2229,2181

2272659805,1971,2213,2188

2272660805,1977,2218,2195

2272661805,1981,2205,2207

2272672453,1985,2176,2251

2272673805,1983,2170,2250

2272674805,1975,2176,2255

2272675805,1983,2176,2241

2272676805,1982,2174,2245

2272677805,1978,2176,2239

2272678805,1979,2181,2237

2272690801,1981,2235,2126

2272691805,1979,2244,2117

2272692805,1979,2252,2100

2272693805,1981,2254,2096

2272694805,1986,2260,2076

2272695805,1982,2275,2062

2272696805,1984,2280,2054

2272697805,1984,2287,2032

2272709801,1974,2366,1868

2272710805,1991,2395,1854

2272711805,1995,2401,1833

2272712805,1990,2412,1836

2272713805,1998,2418,1822

2272714805,1984,2416,1845

2272715805,2000,2428,1801

2272716805,2000,2439,1785

2272728801,2000,2477,1734

2272729805,2000,2481,1734

2272730805,1996,2483,1736

2272731805,1995,2487,1727

2272732805,1999,2475,1735

2272733805,1984,2480,1735

2272734805,1984,2475,1741

2272735805,1990,2480,1746

2272747801,1990,2388,1856

2272748805,1986,2416,1871

2272749805,1993,2425,1878

2272750805,1983,2384,1891

2272751805,1984,2379,1906

2272752805,1997,2359,1914

2272753805,1985,2369,1936

2272754805,1999,2352,1943

2272766801,1979,2258,2112

2272767805,1979,2274,2128

2272768805,1984,2256,2144

2272769805,1978,2235,2144

2272770805,1981,2226,2165

2272771805,1970,2224,2171

2272772805,1979,2231,2189

2272773805,1978,2217,2177

2272784801,1979,2170,2246

2272785805,1982,2152,2240

2272786805,1992,2187,2240

2272787805,1978,2167,2246

2272788805,1990,2180,2242

2272789805,1982,2181,2233

2272790805,1984,2178,2224

2272791805,1981,2183,2227

2272803801,1986,2241,2130

2272804805,1975,2253,2115

2272805805,1988,2263,2105

2272806805,1991,2259,2096

2272807805,1984,2338,2079

2272808805,1987,2285,2069

2272809805,1991,2279,2047

2272810805,1994,2289,2035

2272822801,1991,2394,1871

2272823805,1986,2401,1857

2272824805,1995,2408,1851

2272825805,1988,2411,1833

2272826805,1991,2419,1827

2272827805,1990,2429,1812

2272828805,1986,2418,1801

2272829805,1998,2438,1794

2272840453,2002,2479,1742

2272841805,1997,2475,1730

2272842805,1993,2480,1740

2272843805,1995,2481,1737

2272844805,1988,2485,1731

2272845805,1997,2477,1739

2272846805,1995,2480,1741

2272858801,1990,2432,1839

2272859805,2000,2419,1843

2272860805,1984,2411,1857

2272861805,1993,2399,1874

2272862805,1996,2400,1860

2272863805,1986,2384,1894

2272864805,1987,2375,1904

2272865805,1990,2367,1920

2272877801,1980,2279,2085

2272878805,1979,2262,2098

2272879805,1989,2256,2112

2272880805,1989,2250,2128

2272881805,1979,2239,2131

2272882805,1984,2247,2150

2272883805,1981,2224,2158

2272884805,1985,2221,2163

2272896801,1981,2184,2235

2272897805,1983,2167,2240

2272898805,1980,2174,2234

2272899805,1977,2173,2236

2272900805,1990,2173,2233

2272901805,1983,2175,2235

2272902805,1983,2173,2236

2272903805,1983,2171,2231

2272915801,1985,2235,2135

2272916805,1989,2242,2128

2272917805,1983,2243,2112

2272918805,1988,2254,2106

2272919805,1979,2255,2095

2272920805,1985,2266,2090

2272921805,1987,2283,2069

2272922805,1981,2289,2043

2272934801,1994,2389,1895

2272935805,1984,2393,1872

2272936805,1989,2397,1862

2272937805,1997,2407,1853

2272938805,1991,2417,1839

2272939805,1999,2423,1823

2272940805,1989,2448,1812

2272941805,1991,2434,1809

2272952801,1991,2479,1745

2272953805,1994,2470,1745

2272954805,1997,2481,1743

2272955805,1991,2479,1734

2272956805,1997,2480,1745

2272957805,1990,2480,1743

2272958805,1985,2479,1747

2272959805,1987,2474,1754

2272971801,1993,2425,1839

2272972805,1991,2416,1850

2272973805,1989,2413,1857

2272974805,1989,2401,1872

2272975805,1990,2386,1888

2272976805,1983,2397,1889

2272977805,1991,2384,1909

2272978805,1999,2373,1923

2272990801,1987,2271,2085

2272991805,1983,2262,2096

2272992805,1983,2265,2109

2272993805,1968,2250,2118

2272994805,1979,2252,2133

2272995805,1982,2242,2145

2272996805,1987,2237,2146

2272997805,1983,2217,2155

2273008453,1987,2178,2227

2273009805,1982,2177,2227

2273010805,1982,2181,2229

2273011805,1985,2178,2227

2273012805,1978,2182,2240

2273013805,1984,2177,2237

2273014805,1981,2183,2224

2273026801,1986,2226,2159

2273027805,1986,2238,2143

2273028805,1982,2237,2135

2273029805,1986,2233,2129

2273030805,1982,2255,2112

2273031805,1986,2258,2097

2273032805,1978,2263,2096

2273033805,1988,2271,2070

2273045801,1987,2373,1907

2273046805,1990,2393,1908

2273047805,1982,2383,1898

2273048805,1987,2397,1873

2273049805,1991,2400,1865

2273050805,2001,2406,1865

2273051805,1987,2411,1842

2273052805,1995,2418,1830

2273064801,1995,2478,1753

2273065805,1991,2478,1744

2273066805,1994,2470,1746

2273067805,1998,2469,1743

2273068805,1991,2471,1744

2273069805,1991,2479,1742

2273070805,1995,2465,1751

2273071805,1997,2471,1738

2273083801,2001,2425,1822

2273084805,1988,2415,1837

2273085805,1991,2415,1851

2273086805,1987,2405,1863

2273087805,1987,2400,1869

2273088805,1987,2384,1882

2273089805,1989,2384,1897

2273090805,1989,2375,1911

2273102801,1985,2283,2066

2273103805,1997,2272,2078

2273104805,1977,2261,2094

2273105805,1981,2253,2112

2273106805,1981,2247,2114

2273107805,1991,2241,2121

2273108805,1984,2239,2147

2273109805,1982,2233,2145

2273120801,1985,2190,2224

2273121805,1973,2192,2206

2273122805,1983,2185,2250

2273123805,1983,2182,2229

2273124805,1985,2183,2228

2273125805,1979,2178,2243

2273126805,1982,2181,2238

2273127805,1979,2189,2226

2273139801,1981,2224,2158

2273140805,1979,2237,2144

2273141805,1983,2238,2143

2273142805,1989,2252,2127

2273143805,1981,2258,2121

2273144805,1987,2256,2108

2273145805,1982,2272,2093

2273146805,1981,2282,2079

2273158801,1983,2377,1919

2273159805,1995,2384,1901

2273160805,1989,2388,1886

2273161805,1998,2397,1879

2273162805,1989,2402,1873

2273163805,1981,2417,1862

2273164805,1993,2416,1851

2273165805,1997,2423,1840

2273176453,1990,2461,1762

2273177805,1995,2476,1751

2273178805,1991,2470,1749

2273179805,1990,2474,1746

2273180805,1993,2448,1750

2273181805,1998,2467,1744

2273182805,1993,2467,1749

2273194801,1998,2423,1809

2273195805,1994,2419,1818

2273196805,1997,2422,1826

2273197805,1996,2402,1834

2273198805,1986,2413,1846

2273199805,1987,2391,1862

2273200805,1989,2385,1872

2273201805,1987,2387,1881

2273213801,1989,2293,2030

2273214805,1983,2286,2038

2273215805,1978,2274,2061

2273216805,1983,2306,2071

2273217805,1984,2261,2081

2273218805,1983,2258,2102

2273219805,1987,2255,2107

2273220805,1975,2244,2121

2273232801,1985,2193,2219

2273233805,1976,2191,2218

2273234805,1982,2191,2197

2273235805,1982,2177,2219

2273236805,1979,2189,2259

2273237805,1981,2189,2224

2273238805,1983,2186,2242

2273239805,1983,2192,2221

2273251801,1977,2235,2164

2273252805,1984,2240,2156

2273253805,1983,2245,2147

2273254805,1984,2256,2129

2273255805,1984,2256,2122

2273256805,1984,2257,2114

2273257805,1984,2290,2101

2273258805,1981,2277,2094

2273270801,1985,2365,1936

2273271805,1987,2376,1917

2273272805,1982,2384,1908

2273273805,1993,2384,1902

2273274805,1986,2391,1885

2273275805,1990,2399,1873

2273276805,1996,2415,1871

2273277805,1987,2413,1854

2273288801,1995,2455,1770

2273289805,1990,2461,1766

2273290805,1999,2465,1762

2273291805,1989,2463,1761

2273292805,1995,2462,1755

2273293805,1986,2453,1763

2273294805,1990,2455,1751

2273295805,2000,2465,1756

2273307801,1990,2426,1809

2273308805,1997,2417,1824

2273309805,1996,2412,1829

2273310805,1989,2414,1843

2273311805,1986,2398,1854

2273312805,1991,2406,1861

2273313805,1991,2387,1870

2273314805,1999,2381,1873

2273326801,1987,2299,2027

2273327805,1985,2274,2042

2273328805,1986,2267,2065

2273329805,1983,2267,2067

2273330805,1979,2257,2087

2273331805,1982,2257,2098

2273332805,1983,2256,2111

2273333805,1982,2251,2123

2273344453,1980,2197,2202

2273345805,1980,2197,2207

2273346805,1980,2186,2208

2273347805,1979,2192,2208

2273348805,1975,2189,2221

2273349805,1975,2202,2223

2273350805,1980,2185,2218

2273362801,1979,2222,2177

2273363805,1980,2224,2167

2273364805,1982,2234,2167

2273365805,1968,2241,2156

2273366805,1982,2253,2151

2273367805,1979,2256,2133

2273368805,1989,2260,2127

2273369805,1982,2267,2119

2273381801,1990,2357,1968

2273382805,1987,2363,1944

2273383805,1983,2378,1937

2273384805,1984,2371,1923

2273385805,1987,2384,1911

2273386805,1987,2394,1904

2273387805,1990,2406,1883

2273388805,1986,2407,1873

2273400801,1991,2455,1776

2273401805,1995,2451,1776

2273402805,1997,2466,1763

2273403805,1995,2466,1769

2273404805,1997,2469,1763

2273405805,1995,2466,1763

2273406805,1994,2460,1759

2273407805,1991,2453,1761

2273419801,1998,2431,1809

2273420805,1987,2423,1811

2273421805,1995,2419,1822

2273422805,1987,2414,1834

2273423805,1985,2409,1842

2273424805,1989,2397,1850

2273425805,1991,2412,1861

2273426805,1986,2379,1875

2273438801,1995,2290,2013

2273439805,1986,2298,2029

2273440805,1986,2283,2042

2273441805,1982,2272,2066

2273442805,1982,2270,2067

2273443805,1983,2266,2086

2273444805,1985,2250,2099

2273445805,1984,2239,2102

2273456801,1984,2209,2192

2273457805,1983,2201,2203

2273458805,1979,2205,2204

2273459805,1984,2197,2210

2273460805,1983,2194,2207

2273461805,1982,2193,2215

2273462805,1984,2199,2213

2273463805,1994,2197,2218

2273475801,1984,2239,2180

2273476805,1984,2235,2165

2273477805,1984,2245,2160

2273478805,1979,2253,2150

2273479805,1979,2253,2139

2273480805,1983,2258,2130

2273481805,1978,2261,2119

2273482805,1983,2260,2117

2273494801,1986,2347,1959

2273495805,1977,2358,1941

2273496805,1982,2368,1941

2273497805,1993,2375,1930

2273498805,1991,2384,1918

2273499805,1990,2387,1904

2273500805,1989,2402,1897

2273501805,1986,2402,1885

2273512453,2000,2452,1795

2273513805,2006,2447,1789

2273514805,1991,2453,1777

2273515805,1994,2452,1769

2273516805,1997,2589,1766

2273517805,1990,2454,1771

2273518805,1991,2465,1762

2273530801,1995,2453,1795

2273531805,1994,2426,1799

2273532805,1997,2416,1808

2273533805,1985,2395,1811

2273534805,1990,2409,1827

2273535805,2018,2400,1844

2273536805,1990,2399,1839

2273537805,1995,2393,1843

2273549801,1991,2317,1986

2273550805,1986,2295,2003

2273551805,1984,2294,2015

2273552805,1984,2288,2023

2273553805,2000,2287,2035

2273554805,1984,2279,2064

2273555805,1988,2263,2067

2273556805,1985,2259,2091

2273568801,1975,2207,2182

2273569805,1981,2205,2190

2273570805,1978,2197,2201

2273571805,1984,2195,2197

2273572805,1983,2205,2208

2273573805,1984,2198,2198

2273574805,1981,2202,2208

2273575805,1973,2207,2215

2273587801,1987,2222,2193

2273588805,1971,2226,2170

2273589805,1983,2241,2165

2273590805,1984,2267,2169

2273591805,1984,2243,2149

2273592805,1978,2263,2143

2273593805,1979,2251,2128

2273594805,1986,2259,2114

2273606801,1991,2347,1990

2273607805,1988,2352,1964

2273608805,1984,2365,1947

2273609805,1984,2373,1935

2273610805,1987,2383,1930

2273611805,1991,2381,1917

2273612805,1993,2385,1898

2273613805,1986,2385,1895

2273624801,1999,2448,1791

2273625805,1986,2446,1785

2273626805,1995,2447,1775

2273627805,1984,2448,1771

2273628805,1989,2448,1773

2273629805,1996,2449,1770

2273630805,1987,2450,1773

2273631805,1994,2450,1769

2273643801,1993,2430,1791

2273644805,1991,2421,1805

2273645805,1988,2417,1810

2273646805,2000,2416,1819

2273647805,1985,2407,1841

2273648805,1989,2402,1833

2273649805,1994,2397,1845

2273650805,1989,2387,1847

2273662801,1984,2314,2001

2273663805,1990,2305,2005

2273664805,1989,2303,2018

2273665805,1991,2288,2032

2273666805,1991,2288,2028

2273667805,1988,2288,2062

2273668805,1983,2275,2080

2273669805,1985,2267,2081

2273680453,1985,2224,2145

2273681805,1975,2215,2187

2273682805,1973,2221,2189

2273683805,1994,2210,2197

2273684805,1979,2202,2199

2273685805,1978,2209,2199

2273686805,1977,2208,2215

2273698801,1986,2224,2193

2273699805,1975,2226,2180

2273700805,1984,2243,2170

2273701805,1986,2197,2166

2273702805,1984,2241,2160

2273703805,1985,2247,2154

2273704805,1975,2251,2128

2273705805,1984,2256,2128

2273717801,1984,2331,2000

2273718805,1994,2337,1985

2273719805,1984,2347,1972

2273720805,1984,2354,1979

2273721805,1989,2352,1961

2273722805,1989,2369,1937

2273723805,1987,2372,1934

2273724805,1992,2375,1918

2273736801,1994,2419,1808

2273737805,1995,2436,1795

2273738805,1989,2445,1751

2273739805,1998,2443,1787

2273740805,2002,2443,1802

2273741805,1987,2443,1779

2273742805,2000,2447,1776

2273743805,1999,2445,1783

2273755801,1995,2423,1794

2273756805,1997,2427,1795

2273757805,1997,2416,1846

2273758805,1984,2414,1810

2273759805,2000,2409,1807

2273760805,1995,2411,1819

2273761805,1987,2304,1839

2273762805,1995,2397,1889

2273774801,1991,2321,1977

2273775805,1981,2312,2000

2273776805,1984,2309,2003

2273777805,1987,2305,2011

2273778805,1983,2301,2031

2273779805,1986,2288,2032

2273780805,1987,2260,2055

2273781805,1987,2275,2092

2273792801,1980,2230,2160

2273793805,1985,2223,2161

2273794805,1981,2224,2177

2273795805,1982,2217,2179

2273796805,1991,2222,2218

2273797805,1981,2219,2199

2273798805,1986,2213,2210

2273799805,1982,2215,2174

2273811801,1975,2231,2186

2273812805,1985,2231,2141

2273813805,1984,2237,2171

2273814805,1984,2245,2177

2273815805,1984,2241,2149

2273816805,1979,2252,2154

2273817805,1982,2256,2141

2273818805,1979,2256,2129

2273830801,1990,2334,1999

2273831805,1989,2352,2000

2273832805,1990,2347,1969

2273833805,1983,2352,1962

2273834805,1979,2355,1946

2273835805,1985,2362,1931

2273836805,1985,2370,1904

2273837805,1982,2381,1942

2273848453,1984,2427,1808

2273849805,1994,2422,1799

2273850805,1991,2426,1830

2273851805,1989,2430,1786

2273852805,1989,2439,1786

2273853805,1993,2435,1777

2273854805,1985,2438,1827

2273866801,1987,2435,1787

2273867805,1999,2417,1801

2273868805,1985,2421,1807

2273869805,1988,2416,1803

2273870805,2000,2416,1805

2273871805,1995,2401,1815

2273872805,1987,2427,1827

2273873805,1980,2402,1828

2273885801,1979,2349,1961

2273886805,1986,2326,1969

2273887805,1984,2316,1979

2273888805,1986,2313,1995

2273889805,1987,2307,1997

2273890805,1983,2302,2017

2273891805,1986,2304,2032

2273892805,1984,2288,2032

2273904801,1979,2233,2160

2273905805,1982,2233,2165

2273906805,1983,2228,2176

2273907805,1980,2225,2180

2273908805,1980,2221,2197

2273909805,1978,2213,2191

2273910805,1975,2219,2192

2273911805,1982,2213,2191

2273923801,1985,2233,2180

2273924805,1975,2235,2180

2273925805,1982,2231,2175

2273926805,1983,2245,2173

2273927805,1985,2237,2160

2273928805,1973,2243,2194

2273929805,1985,2258,2155

2273930805,1985,2263,2135

2273942801,1987,2326,2014

2273943805,1995,2331,2022

2273944805,2000,2331,1963

2273945805,1990,2341,1972

2273946805,1987,2347,1971

2273947805,1984,2357,1951

2273948805,1988,2363,1941

2273949805,1989,2369,1933

2273960801,2000,2417,1819

2273961805,1984,2421,1813

2273962805,1994,2425,1808

2273963805,1977,2432,1793

2273964805,1999,2428,1800

2273965805,1993,2427,1791

2273966805,1993,2434,1792

2273967805,1991,2443,1821

2273979801,1995,2429,1788

2273980805,1998,2418,1817

2273981805,1991,2418,1802

2273982805,1977,2419,1801

2273983805,1984,2402,1809

2273984805,1983,2414,1813

2273985805,2006,2413,1833

2273986805,2003,2402,1838

2273998801,1993,2337,1955

2273999805,1942,2334,1998

2274000805,1973,2320,1990

2274001805,1984,2319,1998

2274002805,1983,2306,2009

2274003805,1994,2307,2017

2274004805,1956,2305,2039

2274005805,1952,2290,2036

2274016453,1952,2247,2141

2274017805,1970,2239,2157

2274018805,1972,2234,2162

2274019805,1991,2227,2163

2274020805,1966,2226,2167

2274021805,1984,2231,2182

2274022805,1965,2223,2185

2274034801,1981,2236,2185

2274035805,1968,2220,2179

2274036805,1978,2226,2182

2274037805,1981,2233,2182

2274038805,1987,2253,2165

2274039805,1975,2251,2214

2274040805,1995,2253,2161

2274041805,1961,2249,2159

2274053801,1981,2319,2153

2274054805,2025,2322,2021

2274055805,1984,2326,2003

2274056805,2035,2331,2000

2274057805,1966,2338,1966

2274058805,1970,2339,1984

2274059805,1983,2350,1961

2274060805,1995,2345,1927

2274072801,1985,2416,1835

2274073805,1942,2417,1820

2274074805,2035,2417,1829

2274075805,1995,2416,1808

2274076805,1983,2426,1805

2274077805,2002,2423,1765

2274078805,2000,2432,1790

2274079805,2015,2429,1830

2274091801,1997,2430,1791

2274092805,1998,2420,1788

2274093805,1985,2429,1795

2274094805,2031,2417,1802

2274095805,1994,2415,1810

2274096805,1984,2406,1817

2274097805,1989,2407,1824

2274098805,1984,2415,1831

2274110801,1982,2352,1950

2274111805,1986,2331,1963

2274112805,1989,2321,1967

2274113805,1982,2330,1975

2274114805,1989,2320,1980

2274115805,1986,2311,2007

2274116805,1990,2311,2026

2274117805,2005,2299,2032

2274128801,1984,2247,2149

2274129805,1968,2247,2121

2274130805,1979,2243,2159

2274131805,2041,2242,2111

2274132805,1984,2235,2159

2274133805,1972,2235,2144

2274134805,1975,2225,2173

2274135805,1979,2227,2192

2274147801,1981,2226,2188

2274148805,1984,2238,2170

2274149805,1981,2237,2177

2274150805,1984,2252,2179

2274151805,2041,2230,2147

2274152805,1979,2237,2157

2274153805,1975,2251,2208

2274154805,2016,2247,2150

2274166801,1991,2315,2028

2274167805,1985,2311,2019

2274168805,2033,2317,1984

2274169805,1989,2327,2000

2274170805,1985,2331,1983

2274171805,1989,2341,1977

2274172805,1986,2343,1957

2274173805,1991,2353,1955

2274184453,1991,2405,1841

2274185805,1985,2412,1838

2274186805,2000,2413,1831

2274187805,1994,2410,1826

2274188805,1998,2416,1801

2274189805,1987,2421,1808

2274190805,1995,2419,1794

2274202801,1994,2419,1789

2274203805,1983,2421,1787

2274204805,1996,2417,1790

2274205805,2013,2422,1797

2274206805,1995,2416,1799

2274207805,1995,2423,1799

2274208805,1993,2412,1816

2274209805,2010,2416,1822

2274221801,2003,2359,1913

2274222805,1986,2348,1946

2274223805,1975,2343,1953

2274224805,2003,2343,1962

2274225805,2001,2335,2025

2274226805,1959,2323,1975

2274227805,1990,2320,1995

2274228805,1985,2315,2007

2274240801,1998,2250,2129

2274241805,1986,2254,2143

2274242805,1975,2251,2150

2274243805,2016,2240,2146

2274244805,1985,2236,2160

2274245805,1979,2233,2162

2274246805,1985,2228,2174

2274247805,1985,2234,2150

2274259801,1925,2229,2192

2274260805,1975,2224,2181

2274261805,1998,2229,2177

2274262805,1971,2239,2171

2274263805,1973,2236,2173

2274264805,1975,2248,2163

2274265805,1981,2238,2155

2274266805,1979,2245,2151

2274278801,1972,2299,2033

2274279805,1977,2318,2029

2274280805,1968,2320,2013

2274281805,1990,2318,2005

2274282805,1981,2320,1995

2274283805,1985,2328,1971

2274284805,1985,2338,1968

2274285805,1983,2343,1960

2274296801,1989,2394,1862

2274297805,1996,2399,1841

2274298805,1984,2398,1839

2274299805,1994,2421,1823

2274300805,1988,2415,1825

2274301805,1995,2409,1817

2274302805,1993,2416,1920

2274303805,1994,2421,1808

2274315801,2047,2423,1791

2274316805,1981,2423,1790

2274317805,1966,2418,1790

2274318805,2005,2416,1803

2274319805,1998,2418,1802

2274320805,1997,2416,1811

2274321805,2000,2421,1823

2274322805,1988,2413,1824

2274334801,1985,2356,1928

2274335805,1987,2358,1946

2274336805,2010,2351,1950

2274337805,1993,2330,1955

2274338805,1989,2336,1979

2274339805,1986,2303,1989

2274340805,1987,2323,2000

2274341805,1985,2318,2010

2274352453,1979,2263,2106

2274353805,1983,2254,2128

2274354805,1922,2253,2135

2274355805,1977,2249,2131

2274356805,1982,2245,2149

2274357805,1968,2246,2155

2274358805,1979,2240,2163

2274370801,1984,2229,2188

2274371805,1989,2230,2182

2274372805,1981,2222,2182

2274373805,1963,2227,2181

2274374805,1983,2235,2181

2274375805,1973,2239,2166

2274376805,1986,2239,2163

2274377805,1985,2240,2160

2274389801,1984,2287,2059

2274390805,1993,2298,2073

2274391805,1983,2323,2039

2274392805,1951,2318,2032

2274393805,1984,2313,2013

2274394805,1997,2313,1996

2274395805,1983,2322,1987

2274396805,2032,2330,1978

2274408801,1989,2393,1857

2274409805,1996,2397,1857

2274410805,1988,2398,1849

2274411805,2031,2405,1842

2274412805,1994,2414,1831

2274413805,1995,2406,1828

2274414805,1991,2416,1819

2274415805,1998,2411,1814

2274427801,2043,2427,1791

2274428805,1999,2433,1801

2274429805,2007,2427,1887

2274430805,1994,2416,1794

2274431805,2000,2417,1808

2274432805,1982,2416,1808

2274433805,1980,2417,1827

2274434805,1989,2414,1828

2274446801,1991,2369,1920

2274447805,2028,2352,1935

2274448805,1984,2362,1946

2274449805,1983,2351,1954

2274450805,1985,2335,2004

2274451805,2013,2338,1973

2274452805,1991,2332,1987

2274453805,1985,2320,2027

2274464801,1985,2269,2112

2274465805,1984,2268,2122

2274466805,1980,2253,2125

2274467805,1981,2258,2133

2274468805,1985,2252,2160

2274469805,1983,2251,2147

2274470805,1983,2240,2150

2274471805,1983,2238,2157

2274483801,1982,2235,2182

2274484805,1978,2233,2175

2274485805,1984,2232,2158

2274486805,1984,2229,2161

2274487805,1990,2231,2170

2274488805,1991,2234,2167

2274489805,1985,2228,2156

2274490805,1979,2231,2157

2274502801,1985,2291,2061

2274503805,1986,2294,2037

2274504805,1987,2299,2042

2274505805,1990,2304,2019

2274506805,1993,2309,2008

2274507805,1983,2317,2003

2274508805,1990,2318,1999

2274509805,1984,2331,1991

2274520453,1989,2381,1875

2274521805,1984,2384,1863

2274522805,1997,2402,1861

2274523805,1993,2389,1856

2274524805,2000,2401,1840

2274525805,1994,2402,1837

2274526805,2016,2413,1826

2274538801,2008,2430,1797

2274539805,1999,2421,1792

2274540805,2000,2421,1799

2274541805,1963,2418,1808

2274542805,1997,2416,1803

2274543805,1997,2416,1813

2274544805,1991,2413,1814

2274545805,2015,2429,1819

2274557801,1987,2371,1902

2274558805,1986,2365,1942

2274559805,1989,2358,1926

2274560805,1997,2354,1936

2274561805,1985,2352,1937

2274562805,1995,2352,1955

2274563805,1984,2347,1968

2274564805,1989,2335,1970

2274576801,1978,2266,2103

2274577805,1982,2270,2111

2274578805,1985,2266,2109

2274579805,2042,2259,2096

2274580805,1974,2255,2128

2274581805,1981,2260,2139

2274582805,1982,2245,2140

2274583805,1982,2243,2153

2274595801,1983,2226,2176

2274596805,1979,2231,2177

2274597805,1979,2224,2173

2274598805,2007,2226,2161

2274599805,1975,2226,2165

2274600805,1981,2231,2163

2274601805,1984,2241,2165

2274602805,1985,2245,2155

2274614801,1989,2288,2065

2274615805,1983,2289,2055

2274616805,1955,2301,2057

2274617805,1979,2298,2038

2274618805,1984,2304,2027

2274619805,1985,2309,2014

2274620805,1985,2307,2000

2274621805,1984,2320,1987

2274632801,2023,2382,1889

2274633805,1994,2384,1871

2274634805,1991,2389,1868

2274635805,1984,2385,1856

2274636805,1991,2400,1831

2274637805,1995,2399,1831

2274638805,1999,2413,1835

2274639805,1983,2372,1875

2274651801,1987,2427,1810

2274652805,2000,2426,1798

2274653805,1999,2427,1803

2274654805,1989,2426,1813

2274655805,1999,2423,1813

2274656805,1994,2427,1822

2274657805,1996,2409,1819

2274658805,1995,2421,1822

2274670801,1985,2378,1909

2274671805,1977,2368,1921

2274672805,1987,2352,1931

2274673805,1994,2352,1937

2274674805,1993,2355,1948

2274675805,1985,2353,1965

2274676805,1985,2347,1967

2274677805,1990,2331,1977

2274688453,1987,2287,2083

2274689805,1990,2277,2100

2274690805,1982,2270,2107

2274691805,1982,2263,2110

2274692805,1982,2259,2143

2274693805,1981,2211,2129

2274694805,1983,2254,2134

2274706801,1933,2229,2129

2274707805,1982,2230,2175

2274708805,1983,2226,2161

2274709805,2002,2231,2172

2274710805,1985,2234,2173

2274711805,1981,2231,2167

2274712805,1983,2234,2160

2274713805,1984,2231,2165

2274725801,1989,2271,2079

2274726805,1991,2278,2074

2274727805,1985,2283,2059

2274728805,1979,2282,2055

2274729805,1967,2298,2042

2274730805,1984,2295,2032

2274731805,1985,2304,2021

2274732805,1982,2306,2007

2274744801,2000,2370,1907

2274745805,1987,2377,1881

2274746805,1990,2385,1872

2274747805,1977,2386,1870

2274748805,1990,2391,1863

2274749805,1989,2391,1856

2274750805,1995,2404,1846

2274751805,1987,2407,1840

2274763801,1998,2430,1810

2274764805,1991,2426,1807

2274765805,2000,2421,1808

2274766805,2028,2432,1802

2274767805,1994,2430,1808

2274768805,2000,2427,1811

2274769805,1985,2426,1817

2274770805,1991,2416,1820

2274782801,1995,2380,1884

2274783805,2000,2373,1904

2274784805,1969,2365,1905

2274785805,2007,2357,1909

2274786805,1998,2352,1927

2274787805,1990,2354,1952

2274788805,2000,2349,1968

2274789805,1991,2342,1968

2274800801,1981,2279,2081

2274801805,1985,2277,2082

2274802805,1979,2281,2087

2274803805,1985,2277,2102

2274804805,1990,2270,2103

2274805805,1970,2270,2109

2274806805,1979,2257,2126

2274807805,1983,2265,2134

2274819801,1981,2227,2173

2274820805,1980,2224,2170

2274821805,1971,2227,2224

2274822805,1970,2227,2139

2274823805,1986,2229,2163

2274824805,1985,2225,2165

2274825805,1984,2227,2160

2274826805,1986,2245,2157

2274838801,1984,2273,2075

2274839805,1991,2283,2066

2274840805,1983,2291,2058

2274841805,1986,2286,2047

2274842805,1984,2291,2037

2274843805,1989,2297,2030

2274844805,1989,2311,2015

2274845805,1982,2313,2007

2274856453,1986,2368,1913

2274857805,1995,2375,1903

2274858805,1989,2381,1887

2274859805,1997,2386,1883

2274860805,1991,2384,1874

2274861805,1994,2387,1867

2274862805,1995,2397,1859

2274874801,1999,2416,1808

2274875805,1994,2420,1805

2274876805,1957,2421,1799

2274877805,1983,2422,1808

2274878805,1985,2431,1809

2274879805,1998,2425,1813

2274880805,2000,2419,1840

2274881805,1990,2430,1811

2274893801,1989,2394,1893

2274894805,1984,2377,1898

2274895805,1990,2375,1907

2274896805,1963,2378,1927

2274897805,1985,2370,1921

2274898805,1984,2358,1934

2274899805,1986,2355,1942

2274900805,1990,2359,1949

2274912801,1987,2294,2065

2274913805,1985,2279,2075

2274914805,1984,2278,2087

2274915805,1981,2275,2079

2274916805,1982,2269,2102

2274917805,1985,2267,2106

2274918805,1982,2257,2114

2274919805,1985,2256,2117

2274931801,1975,2235,2160

2274932805,1981,2223,2166

2274933805,1972,2231,2160

2274934805,1963,2235,2165

2274935805,1989,2224,2160

2274936805,1995,2234,2159

2274937805,1986,2238,2157

2274938805,1984,2236,2155

2274950801,1963,2273,2085

2274951805,1987,2275,2079

2274952805,2015,2288,2069

2274953805,1982,2285,2064

2274954805,1987,2293,2051

2274955805,1987,2296,2035

2274956805,1985,2303,2028

2274957805,1982,2308,2021

2274968801,2006,2365,1914

2274969805,1983,2364,1904

2274970805,1990,2370,1899

2274971805,1986,2385,1891

2274972805,1984,2384,1874

2274973805,1990,2384,1874

2274974805,1998,2388,1870

2274975805,1991,2395,1855

2274987801,1979,2416,1827

2274988805,1991,2426,1817

2274989805,1989,2416,1789

2274990805,1987,2427,1819

2274991805,1994,2433,1809

2274992805,1989,2435,1819

2274993805,1990,2420,1818

2274994805,1986,2429,1818

2275006801,1989,2385,1887

2275007805,1991,2378,1904

2275008805,1992,2378,1904

2275009805,1985,2374,1917

2275010805,1995,2375,1931

2275011805,1988,2357,1935

2275012805,1991,2355,1951

2275013805,1985,2358,1951

2275024453,1987,2288,2047

2275025805,1983,2291,2068

2275026805,1985,2288,2070

2275027805,1986,2275,2065

2275028805,1987,2278,2089

2275029805,1983,2269,2097

2275030805,1985,2263,2097

2275042801,1985,2231,2097

2275043805,1983,2225,2150

2275044805,1981,2229,2160

2275045805,2000,2234,2162

2275046805,1984,2231,2167

2275047805,1985,2224,2154

2275048805,1982,2231,2154

2275049805,1989,2237,2155

2275061801,1982,2258,2095

2275062805,1984,2259,2117

2275063805,1982,2273,2085

2275064805,1962,2273,2064

2275065805,1981,2279,2066

2275066805,1985,2285,2061

2275067805,1982,2288,2059

2275068805,1986,2291,2029

2275080801,1987,2355,1933

2275081805,1997,2371,1914

2275082805,1987,2368,1909

2275083805,1967,2372,1904

2275084805,1991,2379,1893

2275085805,1986,2383,1874

2275086805,1989,2384,1886

2275087805,1990,2391,1870

2275099801,1987,2425,1819

2275100805,1990,2427,1823

2275101805,1998,2416,1822

2275102805,1968,2425,1829

2275103805,1991,2416,1823

2275104805,1997,2426,1822

2275105805,1991,2416,1805

2275106805,2000,2419,1823

2275118801,1991,2390,1846

2275119805,1993,2386,1889

2275120805,1991,2389,1904

2275121805,1983,2369,1901

2275122805,1990,2369,1919

2275123805,1986,2358,1922

2275124805,1987,2357,1935

2275125805,1984,2365,1945

2275136801,1985,2298,2053

2275137805,1984,2293,2046

2275138805,1987,2292,2059

2275139805,1983,2261,2070

2275140805,1983,2277,2083

2275141805,1987,2270,2091

2275142805,1983,2268,2096

2275143805,1980,2244,2103

2275155801,1985,2231,2156

2275156805,1984,2229,2160

2275157805,1984,2228,2149

2275158805,1983,2232,2160

2275159805,1986,2234,2155

2275160805,1981,2230,2159

2275161805,1986,2234,2160

2275162805,1982,2237,2155

2275174801,1981,2267,2093

2275175805,1988,2270,2093

2275176805,1984,2274,2080

2275177805,1983,2275,2067

2275178805,1979,2288,2065

2275179805,1982,2288,2054

2275180805,1984,2295,2046

2275181805,1982,2297,2033

2275192453,1990,2357,1939

2275193805,1987,2361,1932

2275194805,1992,2362,1923

2275195805,1987,2369,1916

2275196805,1991,2382,1873

2275197805,1984,2378,1893

2275198805,1993,2378,1878

2275210801,1987,2421,1831

2275211805,2000,2415,1831

2275212805,1991,2441,1828

2275213805,1994,2426,1813

2275214805,1981,2427,1825

2275215805,1984,2431,1818

2275216805,2043,2427,1817

2275217805,1989,2401,1821

2275229801,1984,2386,1872

2275230805,1987,2384,1876

2275231805,1989,2384,1878

2275232805,1935,2382,1846

2275233805,1989,2397,1909

2275234805,1984,2315,1906

2275235805,1995,2379,1963

2275236805,1991,2352,1921

2275248801,1986,2304,2030

2275249805,1987,2306,2038

2275250805,1989,2300,2047

2275251805,1988,2285,2112

2275252805,1982,2276,2067

2275253805,1989,2276,2075

2275254805,1987,2272,2062

2275255805,1982,2262,2091

2275267801,1985,2239,2141

2275268805,1991,2203,2151

2275269805,1982,2288,2148

2275270805,1971,2238,2155

2275271805,1983,2224,2151

2275272805,1981,2227,2148

2275273805,1983,2231,2160

2275274805,1983,2224,2157

2275286801,1991,2261,2093

2275287805,1989,2269,2098

2275288805,1989,2275,2092

2275289805,1983,2274,2097

2275290805,1985,2284,2071

2275291805,1981,2279,2071

2275292805,1984,2290,2057

2275293805,1984,2299,2036

2275304801,1994,2350,1943

2275305805,1993,2400,1938

2275306805,1995,2362,1898

2275307805,1994,2377,1921

2275308805,1987,2381,1903

2275309805,1990,2366,1909

2275310805,1985,2383,1890

2275311805,1994,2398,1890

2275323801,1994,2417,1840

2275324805,1986,2419,1830

2275325805,1997,2419,1808

2275326805,1987,2421,1824

2275327805,1995,2417,1824

2275328805,1991,2418,1853

2275329805,1991,2422,1829

2275330805,1997,2400,1834

2275342801,1975,2384,1872

2275343805,1994,2399,1875

2275344805,1991,2390,1885

2275345805,1984,2378,1898

2275346805,1990,2384,1903

2275347805,1983,2377,1911

2275348805,1986,2368,1919

2275349805,1991,2370,1920

2275360453,1984,2311,2009

2275361805,1981,2313,2029

2275362805,1982,2295,2033

2275363805,1983,2287,2047

2275364805,1982,2286,2067

2275365805,1990,2276,2068

2275366805,1981,2283,2075

2275378801,2054,2245,2128

2275379805,1984,2240,2139

2275380805,1979,2242,2141

2275381805,2038,2229,2147

2275382805,1982,2240,2139

2275383805,1978,2241,2149

2275384805,1946,2245,2147

2275385805,1983,2237,2149

2275397801,1961,2261,2112

2275398805,1990,2259,2104

2275399805,1980,2256,2098

2275400805,1985,2261,2087

2275401805,1981,2278,2087

2275402805,1987,2278,2080

2275403805,1980,2285,2064

2275404805,1979,2294,2061

2275416801,1984,2343,1955

2275417805,1990,2351,1950

2275418805,1991,2357,1943

2275419805,2000,2359,1937

2275420805,1977,2363,1917

2275421805,1989,2375,1913

2275422805,1986,2374,1927

2275423805,1991,2374,1900

2275435801,1985,2416,1835

2275436805,1983,2419,1840

2275437805,1993,2421,1833

2275438805,2020,2419,1831

2275439805,1997,2426,1825

2275440805,1990,2422,1837

2275441805,1987,2416,1837

2275442805,2000,2425,1838

2275454801,1986,2406,1868

2275455805,1978,2391,1889

2275456805,1997,2391,1875

2275457805,1987,2394,1889

2275458805,1989,2381,1901

2275459805,1989,2369,1904

2275460805,1989,2373,1909

2275461805,1987,2363,1911

2275472801,1986,2416,2032

2275473805,1985,2317,2023

2275474805,1987,2295,2026

2275475805,1984,2288,2023

2275476805,1993,2291,2065

2275477805,1989,2288,2061

2275478805,1983,2283,2058

2275479805,1984,2317,2075

2275491801,1984,2251,2133

2275492805,1980,2243,2139

2275493805,1985,2238,2134

2275494805,1981,2243,2154

2275495805,1983,2247,2150

2275496805,1986,2231,2147

2275497805,1983,2250,2143

2275498805,1983,2234,2159

2275510801,1981,2256,2113

2275511805,1983,2262,2102

2275512805,2005,2349,2096

2275513805,1985,2284,2090

2275514805,1987,2272,2090

2275515805,1984,2266,2069

2275516805,1988,2320,2070

2275517805,1984,2297,2057

2275528453,1990,2341,1971

2275529805,1990,2352,1955

2275530805,1989,2355,1936

2275531805,2000,2357,1946

2275532805,1987,2357,1931

2275533805,1993,2322,1923

2275534805,1985,2369,1919

2275546801,1998,2409,1840

2275547805,1995,2421,1840

2275548805,1995,2519,1841

2275549805,1994,2407,1846

2275550805,1996,2413,1837

2275551805,1987,2384,1840

2275552805,1986,2418,1835

2275553805,1994,2418,1830

2275565801,2000,2391,1863

2275566805,1997,2378,1862

2275567805,1987,2320,1870

2275568805,1974,2388,1883

2275569805,1985,2389,1889

2275570805,1989,2474,1904

2275571805,1990,2379,1934

2275572805,1979,2391,1906

2275584801,1990,2320,2009

2275585805,1984,2318,2013

2275586805,1989,2291,2017

2275587805,1989,2301,2023

2275588805,1986,2299,2041

2275589805,1978,2293,2055

2275590805,1975,2288,2047

2275591805,1984,2280,2054

2275603801,1986,2250,2128

2275604805,1983,2250,2134

2275605805,1982,2275,2129

2275606805,1962,2245,2143

2275607805,1984,2250,2141

2275608805,1993,2237,2139

2275609805,2000,2243,2143

2275610805,1980,2238,2139

2275622801,1983,2261,2096

2275623805,1982,2257,2113

2275624805,1979,2269,2107

2275625805,1979,2269,2118

2275626805,1984,2270,2090

2275627805,1988,2282,2077

2275628805,1985,2288,2081

2275629805,1984,2288,2064

2275641801,1995,2336,1963

2275642805,1987,2349,1943

2275643805,1986,2359,1953

2275644805,2000,2362,1938

2275645805,1994,2359,1936

2275646805,1984,2363,1925

2275647805,1994,2364,1915

2275648805,1995,2471,1909

2275660801,1984,2411,1839

2275661805,1989,2415,1843

2275662805,1995,2406,1849

2275663805,1983,2416,1840

2275664805,1994,2416,1840

2275665805,1995,2416,1837

2275666805,1997,2409,1839

2275667805,1987,2414,1840

2275679801,1991,2391,1870

2275680805,1993,2391,1872

2275681805,1986,2383,1872

2275682805,1987,2384,1903

2275683805,1991,2379,1891

2275684805,1987,2381,1904

2275685805,1988,2369,1914

2275686805,1987,2363,1913

2275698801,1991,2304,2015

2275699805,1989,2304,2010

2275700805,1983,2298,2030

2275701805,1999,2301,2043

2275702805,1999,2294,2063

2275703805,1985,2291,2045

2275704805,1986,2288,2066

2275705805,1988,2274,2069

2275717801,1993,2251,2128

2275718805,1986,2247,2132

2275719805,1979,2255,2128

2275720805,1989,2247,2135

2275721805,1981,2251,2133

2275722805,1984,2243,2139

2275723805,1984,2238,2134

2275724805,1984,2230,2138

2275736801,1993,2259,2108

2275737805,1975,2271,2093

2275738805,1984,2275,2095

2275739805,1986,2269,2087

2275740805,1984,2283,2081

2275741805,1991,2278,2069

2275742805,1970,2266,2065

2275743805,1981,2223,2061

2275755801,1994,2351,1955

2275756805,1985,2354,1947

2275757805,1989,2352,1939

2275758805,1990,2355,1936

2275759805,1984,2368,1935

2275760805,1983,2371,1922

2275761805,1986,2370,1911

2275762805,1988,2367,1904

2275774801,1988,2407,1843

2275775805,1989,2416,1855

2275776805,1991,2416,1840

2275777805,2004,2421,1840

2275778805,1997,2416,1841

2275779805,1994,2410,1840

2275780805,1953,2417,1840

2275781805,1990,2411,1838

2275793801,1990,2384,1882

2275794805,1995,2387,1883

2275795805,1991,2375,1890

2275796805,1968,2378,1893

2275797805,1993,2425,1901

2275798805,1984,2370,1904

2275799805,2000,2370,1914

2275800805,1985,2368,1923

2275812801,1968,2303,2022

2275813805,1981,2298,2025

2275814805,1978,2306,2034

2275815805,1991,2301,2047

2275816805,1983,2290,2042

2275817805,1987,2291,2055

2275818805,1968,2281,2067

2275819805,1991,2277,2089

2275831801,1983,2235,2145

2275832805,1993,2250,2138

2275833805,1982,2240,2137

2275834805,1984,2244,2135

2275835805,1988,2251,2138

2275836805,1983,2227,2129

2275837805,1986,2245,2140

2275838805,1982,2240,2131

2275850801,1987,2256,2096

2275851805,1986,2274,2089

2275852805,1987,2274,2082

2275853805,1982,2288,2074

2275854805,1979,2285,2073

2275855805,1983,2293,2065

2275856805,1984,2295,2058

2275857805,1982,2299,2061

2275869821,1998,2357,1951

2275870805,1985,2358,1942

2275871805,1986,2356,1927

2275872805,1990,2368,1930

2275873805,1993,2368,1921

2275874805,1984,2373,1910

2275875805,1987,2384,1904

2275876805,1991,2373,1904

2275888801,1991,2406,1856

2275889805,1990,2403,1847

2275890805,1990,2410,1841

2275891805,1989,2416,1840

2275892805,1990,2403,1840

2275893805,1995,2407,1840

2275894805,1994,2414,1842

2275895805,1991,2404,1844

2275907801,1984,2378,1879

2275908805,1987,2384,1900

2275909805,1989,2371,1898

2275910805,1987,2375,1906

2275911805,1989,2367,1905

2275912805,1986,2358,1921

2275913805,2000,2365,1929

2275914805,1997,2359,1964

2275926801,1984,2299,2023

2275927805,1984,2301,2042

2275928805,1986,2286,2043

2275929805,1984,2287,2047

2275930805,1982,2285,2053

2275931805,1984,2285,2064

2275932805,1977,2274,2078

2275933805,1983,2267,2087

2275945801,1954,2237,2132

2275946805,1979,2256,2128

2275947805,1979,2243,2128

2275948805,1977,2250,2128

2275949805,1981,2254,2128

2275950805,1981,2250,2139

2275951805,1982,2242,2135

2275952805,1984,2245,2127

2275964801,1984,2275,2081

2275965805,1986,2275,2080

2275966805,1986,2288,2083

2275967805,1983,2295,2070

2275968805,1983,2289,2070

2275969805,1985,2303,2062

2275970805,1987,2306,2045

2275971805,1993,2305,2040

2275983801,1987,2362,1946

2275984805,1985,2359,1935

2275985805,1989,2357,1934

2275986805,1990,2368,1922

2275987805,1990,2368,1919

2275988805,1987,2381,1906

2275989805,1989,2383,1905

2275990805,1991,2384,1893

2276002801,1997,2403,1843

2276003805,1998,2413,1841

2276004805,1995,2404,1842

2276005805,2000,2416,1843

2276006805,1987,2425,1845

2276007805,1987,2402,1846

2276008805,1995,2401,1844

2276009805,1987,2391,1840

2276021801,1987,2375,1897

2276022805,1989,2374,1902

2276023805,1994,2373,1904

2276024805,1994,2341,1907

2276025805,1993,2363,1921

2276026805,1985,2357,1926

2276027805,1989,2389,1931

2276028805,1985,2346,1941

2276040801,1981,2301,2034

2276041805,1979,2290,2041

2276042805,1985,2293,2053

2276043805,1985,2289,2059

2276044805,1982,2281,2058

2276045805,1984,2277,2074

2276046805,1982,2276,2077

2276047805,1983,2269,2086

2276059801,1983,2215,2132

2276060805,1983,2254,2128

2276061805,1984,2249,2133

2276062805,1986,2253,2127

2276063805,1984,2253,2128

2276064805,1981,2241,2129

2276065805,1985,2256,2130

2276066805,1985,2245,2131

2276078801,1987,2274,2075

2276079805,1975,2284,2079

2276080805,1986,2288,2064

2276081805,1986,2291,2062

2276082805,1983,2291,2047

2276083805,1984,2295,2039

2276084805,1982,2307,2037

2276085805,1984,2306,2032

2276097801,1986,2363,1936

2276098805,1987,2368,1930

2276099805,1989,2357,1920

2276100805,1983,2369,1920

2276101805,1987,2365,1915

2276102805,1984,2371,1901

2276103805,1994,2361,1899

2276104805,1985,2385,1890

2276116801,1985,2405,1843

2276117805,1994,2402,1845

2276118805,1995,2403,1849

2276119805,1995,2406,1846

2276120805,1988,2401,1846

2276121805,1995,2391,1840

2276122805,1997,2415,1840

2276123805,1990,2391,1853

2276135801,1997,2377,1903

2276136805,1986,2367,1904

2276137805,1990,2365,1915

2276138805,1994,2363,1924

2276139805,1983,2359,1921

2276140805,1987,2357,1936

2276141805,2021,2352,1937

2276142805,1987,2350,1953

2276154801,1984,2293,2039

2276155805,1959,2289,2044

2276156805,1986,2283,2064

2276157805,1985,2288,2064

2276158805,1967,2283,2071

2276159805,1988,2277,2080

2276160805,1982,2276,2083

2276161805,1985,2273,2091

2276173801,1986,2255,2128

2276174805,1979,2251,2128

2276175805,1984,2247,2134

2276176805,1980,2259,2128

2276177805,1985,2249,2128

2276178805,1983,2249,2128

2276179805,1983,2257,2128

2276180805,1983,2256,2121

2276192801,1986,2288,2079

2276193805,1979,2288,2065

2276194805,1990,2287,2064

2276195805,1984,2298,2041

2276196805,1984,2299,2044

2276197805,1983,2305,2037

2276198805,1988,2314,2027

2276199805,1984,2310,2016

2276211801,1989,2357,1921

2276212805,1995,2359,1925

2276213805,1981,2367,1926

2276214805,1979,2371,1906

2276215805,1989,2373,1907

2276216805,1987,2369,1899

2276217805,1991,2377,1899

2276218805,1994,2380,1888

2276230801,1987,2405,1857

2276231805,1995,2405,1850

2276232805,1995,2401,1847

2276233805,1994,2394,1855

2276234805,2000,2399,1842

2276235805,1991,2394,1855

2276236805,1993,2404,1852

2276237805,1986,2409,1853

2276249801,1993,2369,1900

2276250805,1990,2368,1916

2276251805,1990,2354,1920

2276252805,1990,2354,1927

2276253805,1987,2352,1936

2276254805,1993,2352,1933

2276255805,1989,2345,1952

2276256805,1987,2341,1955

2276268801,1986,2288,2047

2276269805,1985,2288,2047

2276270805,1985,2286,2062

2276271805,1981,2279,2067

2276272805,1985,2293,2079

2276273805,1982,2266,2081

2276274805,1982,2275,2090

2276275805,1985,2273,2101

2276287801,1988,2250,2131

2276288805,1985,2247,2131

2276289805,1978,2255,2128

2276290805,1979,2257,2127

2276291805,1981,2254,2127

2276292805,1983,2256,2128

2276293805,1981,2265,2125

2276294805,1975,2257,2112

2276306801,1989,2294,2064

2276307805,1983,2297,2063

2276308805,1989,2299,2043

2276309805,1990,2303,2047

2276310805,1971,2303,2034

2276311805,1979,2305,2020

2276312805,1988,2315,2021

2276313805,1985,2320,2015

2276325801,1986,2366,1923

2276326805,1987,2369,1920

2276327805,1993,2373,1905

2276328805,1991,2379,1862

2276329805,1991,2382,1895

2276330805,1991,2379,1898

2276331805,1998,2381,1889

2276332805,1991,2389,1890

2276344801,1989,2398,1856

2276345805,1991,2397,1846

2276346805,1987,2393,1851

2276347805,1984,2397,1850

2276348805,1990,2400,1846

2276349805,1988,2409,1858

2276350805,1994,2400,1849

2276351805,1981,2386,1855

2276363801,1991,2368,1918

2276364805,1991,2368,1924

2276365805,1994,2352,1927

2276366805,1993,2352,1931

2276367805,1985,2349,1939

2276368805,1986,2352,1955

2276369805,1991,2338,1959

2276370805,1995,2340,1961

2276382801,1983,2292,2047

2276383805,1979,2291,2065

2276384805,1983,2279,2081

2276385805,1987,2325,2078

2276386805,1983,2279,2078

2276387805,1983,2272,2087

2276388805,1982,2279,2092

2276389805,1981,2275,2064

2276401801,1981,2263,2129

2276402805,1984,2257,2123

2276403805,1983,2257,2128

2276404805,1985,2259,2125

2276405805,1987,2259,2118

2276406805,1987,2266,2117

2276407805,1980,2275,2113

2276408805,1984,2256,2113

2276420801,1988,2295,2061

2276421805,1987,2303,2045

2276422805,1985,2301,2044

2276423805,1991,2309,2032

2276424805,1975,2310,2019

2276425805,1989,2311,2016

2276426805,1992,2269,2010

2276427805,1983,2319,2001

2276439801,1991,2369,1922

2276440805,1986,2379,1911

2276441805,1985,2373,1914

2276442805,1983,2368,1903

2276443805,1998,2381,1891

2276444805,2017,2367,1889

2276445805,1990,2381,1883

2276446805,1988,2384,1885

2276458801,1995,2400,1854

2276459805,1995,2399,1851

2276460805,1999,2400,1842

2276461805,1987,2411,1855

2276462805,1991,2400,1852

2276463805,1999,2399,1865

2276464805,1987,2373,1865

2276465805,1993,2389,1872

2276477801,1984,2365,1920

2276478805,1987,2355,1934

2276479805,1999,2350,1933

2276480805,1991,2368,1939

2276481805,1986,2337,1943

2276482805,1984,2350,1950

2276483805,1994,2320,1968

2276484805,1983,2333,1966

2276496801,1985,2287,2070

2276497805,1984,2285,2074

2276498805,1986,2277,2078

2276499805,1993,2290,2075

2276500805,1985,2278,2082

2276501805,1982,2276,2096

2276502805,1984,2273,2095

2276503805,1985,2268,2097

2276514801,1982,2256,2121

2276515805,1979,2255,2124

2276516805,1983,2259,2124

2276517805,1977,2247,2128

2276518805,1982,2257,2115

2276519805,1985,2258,2119

2276520805,1983,2258,2120

2276521805,1984,2256,2112

2276533801,1985,2298,2063

2276534805,1985,2293,2047

2276535805,1988,2299,2033

2276536805,1984,2302,2033

2276537805,1987,2306,2022

2276538805,1985,2319,2023

2276539805,1987,2321,2013

2276540805,1984,2322,2007

2276552801,1995,2367,1916

2276553805,1983,2368,1907

2276554805,1987,2384,1906

2276555805,1987,2375,1898

2276556805,1990,2389,1895

2276557805,1988,2381,1882

2276558805,1985,2378,1883

2276559805,1991,2385,1878

2276570453,1990,2391,1855

2276571805,1991,2399,1863

2276572805,1989,2395,1859

2276573805,2000,2394,1863

2276574805,1999,2390,1861

2276575805,1991,2401,1856

2276576805,1995,2399,1857

2276588801,1984,2368,1904

2276589805,1984,2361,1918

2276590805,1983,2352,1922

2276591805,1995,2363,1923

2276592805,1998,2354,1936

2276593805,1989,2352,1945

2276594805,1983,2337,1955

2276595805,1989,2335,1957

2276607801,1985,2304,2042

2276608805,1986,2289,2059

2276609805,1994,2297,2057

2276610805,1981,2289,2062

2276611805,1985,2288,2078

2276612805,1982,2279,2080

2276613805,1985,2273,2091

2276614805,1983,2282,2085

2276626801,1986,2255,2121

2276627805,1978,2266,2117

2276628805,1984,2256,2118

2276629805,1981,2260,2116

2276630805,1983,2265,2121

2276631805,1991,2257,2119

2276632805,1983,2256,2117

2276633805,1986,2263,2112

2276645801,1984,2290,2067

2276646805,1984,2295,2058

2276647805,1992,2299,2047

2276648805,1995,2294,2037

2276649805,1985,2310,2027

2276650805,1983,2319,2029

2276651805,1984,2304,2021

2276652805,1986,2320,2011

2276664801,1989,2361,1921

2276665805,1989,2369,1918

2276666805,1981,2371,1913

2276667805,1989,2368,1907

2276668805,1985,2373,1904

2276669805,1991,2379,1902

2276670805,1995,2397,1889

2276671805,1984,2387,1889

2276682801,1999,2407,1862

2276683805,1995,2399,1856

2276684805,1984,2394,1858

2276685805,2000,2395,1862

2276686805,1981,2386,1867

2276687805,1984,2394,1857

2276688805,1985,2389,1858

2276689805,1989,2402,1872

2276701801,1991,2367,1911

2276702805,1986,2362,1921

2276703805,1986,2358,1933

2276704805,1984,2357,1931

2276705805,1993,2348,1936

2276706805,1990,2322,1940

2276707805,1985,2352,1954

2276708805,1988,2341,1965

2276720801,1985,2291,2045

2276721805,1987,2289,2045

2276722805,1983,2288,2064

2276723805,1990,2287,2063

2276724805,1974,2279,2079

2276725805,1986,2288,2081

2276726805,1989,2277,2078

2276727805,1983,2279,2064

2276738453,1985,2257,2120

2276739805,1986,2256,2115

2276740805,1982,2254,2117

2276741805,1983,2256,2112

2276742805,1984,2257,2116

2276743805,1980,2258,2110

2276744805,1984,2266,2115

2276756801,1979,2289,2077

2276757805,1990,2285,2064

2276758805,1981,2288,2064

2276759805,1987,2301,2043

2276760805,1986,2304,1993

2276761805,1983,2301,2034

2276762805,1994,2319,2030

2276763805,1987,2307,2019

2276775801,1984,2357,1938

2276776805,1997,2359,1936

2276777805,1994,2362,1921

2276778805,1987,2349,1922

2276779805,1987,2366,1913

2276780805,1989,2368,1909

2276781805,1991,2389,1901

2276782805,1992,2370,1901

2276794801,1986,2402,1868

2276795805,1985,2402,1867

2276796805,1989,2402,1866

2276797805,1995,2425,1863

2276798805,1985,2396,1860

2276799805,1993,2389,1859

2276800805,1990,2395,1860

2276801805,1999,2392,1865

2276813801,1997,2366,1910

2276814805,1993,2368,1916

2276815805,1978,2356,1920

2276816805,1986,2384,1925

2276817805,1984,2363,1936

2276818805,1991,2352,1945

2276819805,1984,2349,1942

2276820805,1985,2347,1953

2276832801,1981,2294,2029

2276833805,1987,2301,2042

2276834805,1987,2288,2045

2276835805,1983,2318,2063

2276836805,1995,2293,2064

2276837805,1977,2288,2070

2276838805,1984,2282,2071

2276839805,1987,2281,2086

2276851801,1980,2258,2113

2276852805,1983,2267,2114

2276853805,1986,2261,2115

2276854805,1987,2260,2113

2276855805,1984,2257,2121

2276856805,1985,2260,2111

2276857805,1983,2263,2101

2276858805,1984,2268,2106

2276870801,1982,2289,2061

2276871805,1981,2288,2054

2276872805,1984,2295,2054

2276873805,1989,2292,2038

2276874805,1991,2303,2031

2276875805,1984,2305,2020

2276876805,1986,2303,2019

2276877805,1983,2307,2010

2276889801,1986,2359,1937

2276890805,1991,2352,1930

2276891805,1990,2368,1921

2276892805,1991,2352,1918

2276893805,1989,2369,1906

2276894805,1987,2368,1904

2276895805,1991,2376,1903

2276896805,1989,2373,1894

2276908801,1987,2391,1860

2276909805,1998,2403,1861

2276910805,1986,2391,1858

2276911805,1984,2403,1859

2276912805,1989,2395,1872

2276913805,1991,2388,1862

2276914805,1996,2385,1870

2276915805,1989,2399,1867

2276927801,1998,2374,1930

2276928805,1983,2359,1925

2276929805,1990,2364,1933

2276930805,1990,2352,1936

2276931805,1985,2355,1949

2276932805,1987,2351,1973

2276933805,1985,2341,1957

2276934805,1990,2343,1967

2276946801,1985,2299,2045

2276947805,1981,2293,2046

2276948805,1986,2288,2062

2276949805,1980,2192,2064

2276950805,1987,2288,2077

2276951805,1984,2285,2073

2276952805,1984,2287,2082

2276953805,1988,2282,2082

2276965801,1989,2258,2112

2276966805,1981,2261,2103

2276967805,1983,2256,2117

2276968805,1984,2262,2117

2276969805,1985,2255,2115

2276970805,1984,2259,2111

2276971805,1982,2269,2109

2276972805,1983,2265,2107

2276984801,1985,2291,2047

2276985805,1985,2293,2047

2276986805,1991,2299,2020

2276987805,1984,2302,2032

2276988805,1983,2297,2027

2276989805,1984,2311,2021

2276990805,1985,2311,2006

2276991805,1994,2315,1981

2277003801,1991,2356,1927

2277004805,1999,2358,1901

2277005805,1989,2363,1915

2277006805,1991,2367,1910

2277007805,1984,2370,1883

2277008805,1990,2375,1899

2277009805,1985,2365,1895

2277010805,1995,2373,1888

2277022801,1992,2391,1862

2277023805,1994,2387,1866

2277024805,1995,2386,1797

2277025805,1988,2389,1867

2277026805,1991,2388,1894

2277027805,1995,2390,1874

2277028805,1989,2388,1871

2277029805,1985,2386,1889

2277041801,1986,2364,1928

2277042805,1981,2358,1933

2277043805,1988,2347,1936

2277044805,1986,2352,1947

2277045805,1983,2352,1948

2277046805,1986,2345,1958

2277047805,1984,2342,1961

2277048805,1988,2334,2021

2277060801,1987,2295,2047

2277061805,1993,2291,2031

2277062805,1987,2292,1996

2277063805,1991,2288,2061

2277064805,1988,2279,2069

2277065805,1985,2277,2043

2277066805,1981,2277,2091

2277067805,1983,2282,2083

2277079801,1985,2270,2113

2277080805,1983,2263,2109

2277081805,1991,2270,2112

2277082805,1984,2261,2109

2277083805,1993,2263,2138

2277084805,1984,2261,2064

2277085805,1984,2269,2107

2277086805,1986,2270,2095

2277098801,1991,2290,2046

2277099805,1995,2307,2020

2277100805,1993,2301,2025

2277101805,1982,2315,2021

2277102805,1981,2304,1990

2277103805,1983,2305,2007

2277104805,1985,2320,2001

2277105805,1985,2315,2000

2277117801,1993,2366,1918

2277118805,1991,2367,1919

2277119805,1990,2368,1919

2277120805,1986,2373,1904

2277121805,1985,2371,1902

2277122805,1987,2372,1889

2277123805,1991,2380,1894

2277124805,1987,2381,1889

2277136801,1991,2394,1878

2277137805,1995,2397,1934

2277138805,1996,2395,1872

2277139805,1991,2386,1871

2277140805,1984,2387,1873

2277141805,2027,2385,1908

2277142805,1995,2385,1878

2277143805,1990,2385,1855

2277155801,1986,2352,1939

2277156805,1991,2353,1949

2277157805,2006,2349,1946

2277158805,1982,2342,1958

2277159805,1991,2348,1954

2277160805,1985,2339,1969

2277161805,1988,2340,1965

2277162805,1988,2342,1976

2277174801,1982,2287,2055

2277175805,2023,2290,2064

2277176805,1982,2288,2063

2277177805,1979,2287,2072

2277178805,1997,2287,2085

2277179805,1987,2277,2061

2277180805,1984,2277,2083

2277181805,1986,2283,2042

2277193801,1985,2267,2109

2277194805,1984,2272,2103

2277195805,1965,2263,2107

2277196805,1979,2261,2101

2277197805,1979,2265,2101

2277198805,1984,2273,2107

2277199805,1982,2273,2096

2277200805,1984,2270,2095

2277212801,1986,2301,2032

2277213805,1991,2302,2047

2277214805,1983,2306,2006

2277215805,1985,2305,2019

2277216805,1990,2314,2009

2277217805,1985,2319,1991

2277218805,1987,2320,2000

2277219805,2023,2322,2001

2277231801,1990,2368,1920

2277232805,1987,2363,1911

2277233805,1990,2367,1909

2277234805,1904,2373,1907

2277235805,2015,2379,1907

2277236805,1986,2374,1901

2277237805,1984,2374,1887

2277238805,1977,2378,1887

2277250801,1989,2397,1915

2277251805,1977,2385,1873

2277252805,1998,2384,1868

2277253805,1984,2384,1877

2277254805,1989,2389,1881

2277255805,1989,2385,1839

2277256805,1986,2386,1878

2277257805,1961,2384,1887

2277269801,1984,2355,1942

2277270805,1985,2351,1943

2277271805,1989,2350,1952

2277272805,1994,2339,1954

2277273805,1995,2343,1968

2277274805,1987,2338,1973

2277275805,1988,2334,1983

2277276805,1991,2334,1990

2277288801,1983,2289,2052

2277289805,1970,2289,2064

2277290805,1988,2285,2066

2277291805,1981,2288,2079

2277292805,1996,2287,2089

2277293805,1986,2286,2083

2277294805,1986,2303,2085

2277295805,1987,2267,2096

2277307801,1985,2259,2097

2277308805,1982,2265,2114

2277309805,1987,2269,2101

2277310805,1982,2281,2106

2277311805,1987,2265,2101

2277312805,1980,2263,2099

2277313805,1983,2271,2091

2277314805,1984,2266,2092

2277326801,1984,2309,2030

2277327805,1975,2309,2026

2277328805,1987,2306,2017

2277329805,1999,2309,2009

2277330805,1991,2314,1968

2277331805,1971,2320,2037

2277332805,1984,2323,1988

2277333805,2000,2326,1985

2277345801,1984,2371,1920

2277346805,1985,2367,1915

2277347805,1979,2369,1900

2277348805,1983,2374,1901

2277349805,1979,2379,1876

2277350805,1993,2371,1892

2277351805,1984,2384,1889

2277352805,1969,2382,1887

2277364801,1993,2395,1891

2277365805,1990,2386,1879

2277366805,1983,2387,1872

2277367805,1995,2386,1876

2277368805,1981,2395,1871

2277369805,2007,2393,1852

2277370805,1984,2384,1883

2277371805,1993,2382,1897

2277383801,1991,2352,1965

2277384805,1981,2350,1955

2277385805,1984,2342,1949

2277386805,1937,2314,1970

2277387805,1993,2346,1967

2277388805,1995,2336,1983

2277389805,1984,2327,1987

2277390805,1990,2332,1990

2277402801,1989,2287,2061

2277403805,2000,2286,2071

2277404805,1942,2288,2075

2277405805,1957,2281,2080

2277406805,1991,2283,2087

2277407805,1984,2273,2063

2277408805,1986,2269,2094

2277409805,1986,2268,2088

2277421801,1979,2266,2096

2277422805,1999,2258,2098

2277423805,1985,2268,2097

2277424805,1980,2259,2096

2277425805,1985,2266,2098

2277426805,1981,2273,2094

2277427805,1986,2274,2086

2277428805,1993,2283,2069

2277440801,1987,2306,2022

2277441805,1911,2316,2017

2277442805,1978,2304,2005

2277443805,1988,2318,2001

2277444805,1991,2318,1995

2277445805,1958,2321,2016

2277446805,1994,2325,1985

2277447805,1990,2337,1976

2277459801,2064,2378,1916

2277460805,1995,2368,1911

2277461805,1983,2372,1903

2277462805,1984,2379,1904

2277463805,1965,2375,1859

2277464805,1965,2379,1901

2277465805,1990,2385,1894

2277466805,1995,2383,1899

2277478801,1991,2384,1879

2277479805,1990,2382,1872

2277480805,1987,2387,1882

2277481805,1987,2375,1883

2277482805,2000,2385,1889

2277483805,1990,2379,1889

2277484805,1991,2381,1899

2277485805,2000,2384,1900

2277497801,2006,2347,1957

2277498805,2000,2352,1962

2277499805,1994,2342,1967

2277500805,1985,2339,1973

2277501805,1985,2330,2000

2277502805,1987,2325,1987

2277503805,1987,2323,1993

2277504805,1998,2321,2000

2277516801,2015,2285,2030

2277517805,1989,2276,2066

2277518805,1986,2288,2070

2277519805,1985,2279,2079

2277520805,1983,2272,2082

2277521805,1961,2293,2082

2277522805,1985,2266,2090

2277523805,1989,2267,2093

2277535801,1981,2271,2096

2277536805,1982,2270,2093

2277537805,1987,2277,2089

2277538805,1979,2279,2093

2277539805,1989,2272,2089

2277540805,1978,2275,2086

2277541805,1984,2282,2093

2277542805,1984,2271,2082

2277554801,1985,2310,2021

2277555805,1989,2317,2009

2277556805,1984,2316,2011

2277557805,1969,2327,1996

2277558805,1984,2329,1988

2277559805,1987,2330,1985

2277560805,1985,2327,1979

2277561805,1986,2330,1975

2277573801,1994,2372,1916

2277574805,1988,2378,1903

2277575805,1987,2373,1903

2277576805,1996,2381,1895

2277577805,1987,2383,1891

2277578805,1993,2384,1890

2277579805,1993,2384,1888

2277580805,1995,2384,1893

2277592801,1989,2382,1879

2277593805,2002,2385,1885

2277594805,1999,2387,1889

2277595805,1987,2386,1885

2277596805,1996,2375,1898

2277597805,1989,2382,1900

2277598805,2000,2371,1895

2277599805,2001,2371,1898

2277611801,1994,2343,1967

2277612805,1991,2333,1967

2277613805,1984,2339,1978

2277614805,1989,2327,1981

2277615805,1969,2334,1983

2277616805,1983,2325,1998

2277617805,1984,2320,1996

2277618805,1975,2317,2007

2277630801,2017,2285,2071

2277631805,1972,2279,2064

2277632805,1986,2275,2077

2277633805,1975,2273,2010

2277634805,1984,2273,2087

2277635805,1967,2271,2090

2277636805,1989,2266,2096

2277637805,1983,2274,2093

2277649801,1984,2271,2095

2277650805,1978,2269,2089

2277651805,1996,2263,2091

2277652805,2027,2277,2084

2277653805,1986,2277,2083

2277654805,1983,2271,2080

2277655805,1979,2279,2063

2277656805,1983,2273,2077

2277668801,1995,2320,2009

2277669805,1977,2320,2001

2277670805,1994,2323,2000

2277671805,1934,2321,1991

2277672805,1993,2327,1994

2277673805,1988,2320,1974

2277674805,1993,2330,1982

2277675805,1987,2343,1984

2277687801,1990,2361,1907

2277688805,1990,2371,1904

2277689805,1988,2368,1902

2277690805,1966,2378,1889

2277691805,1989,2379,1888

2277692805,1987,2381,1895

2277693805,1998,2384,1881

2277694805,1987,2387,1893

2277706801,1993,2384,1866

2277707805,1989,2385,1890

2277708805,1985,2375,1890

2277709805,1992,2379,1891

2277710805,2010,2382,1895

2277711805,2000,2377,1902

2277712805,1986,2369,1898

2277713805,1995,2367,1904

2277724801,2027,2349,1968

2277725805,1987,2338,1971

2277726805,1988,2336,1975

2277727805,1986,2331,1979

2277728805,1987,2330,1984

2277729805,1997,2322,1988

2277730805,1982,2320,1993

2277731805,1985,2317,2000

2277743801,2002,2283,2062

2277744805,1955,2291,2062

2277745805,1952,2272,2074

2277746805,1981,2277,2082

2277747805,1984,2277,2087

2277748805,1985,2274,2089

2277749805,1953,2276,2085

2277750805,1983,2283,2095

2277762801,1983,2258,2096

2277763805,1983,2267,2096

2277764805,1984,2281,2087

2277765805,1983,2273,2081

2277766805,2003,2275,2084

2277767805,1984,2277,2084

2277768805,2037,2286,2082

2277769805,1996,2286,2073

2277780453,1980,2315,2019

2277781805,1996,2323,2006

2277782805,1984,2319,2000

2277783805,1987,2327,1990

2277784805,1982,2323,1984

2277785805,1985,2320,1985

2277786805,2000,2334,1972

2277798801,1998,2369,1918

2277799805,1983,2365,1915

2277800805,1952,2377,1903

2277801805,2061,2373,1904

2277802805,1986,2381,1899

2277803805,2043,2383,1900

2277804805,1987,2379,1894

2277805805,1998,2378,1883

2277817801,1970,2384,1885

2277818805,1992,2379,1889

2277819805,1995,2379,1890

2277820805,2010,2381,1891

2277821805,1985,2387,1894

2277822805,1990,2383,1891

2277823805,1993,2375,1895

2277824805,1994,2368,1905

2277836801,1991,2335,1957

2277837805,1990,2336,1962

2277838805,1985,2333,1971

2277839805,1950,2334,1975

2277840805,1994,2335,1978

2277841805,1990,2326,1982

2277842805,1985,2325,1983

2277843805,1985,2319,2000

2277855801,1993,2288,2059

2277856805,1984,2282,2064

2277857805,1991,2286,2068

2277858805,2031,2275,2079

2277859805,1980,2282,2081

2277860805,1985,2274,2085

2277861805,1981,2279,2079

2277862805,1983,2281,2090

2277874801,1971,2277,2093

2277875805,1984,2259,2082

2277876805,1968,2272,2075

2277877805,1982,2282,2083

2277878805,1986,2274,2082

2277879805,1989,2286,2082

2277880805,1984,2283,2074

2277881805,1987,2288,2071

2277892801,1984,2312,2011

2277893805,1984,2309,2016

2277894805,1977,2310,2002

2277895805,1986,2320,2000

2277896805,1988,2327,1985

2277897805,1991,2321,1989

2277898805,1984,2335,1983

2277899805,1991,2338,1989

2277911801,1984,2373,1919

2277912805,1983,2369,1916

2277913805,1994,2374,1963

2277914805,1989,2379,1904

2277915805,1993,2372,1904

2277916805,1993,2387,1902

2277917805,1993,2379,1904

2277918805,1997,2379,1897

2277930801,1988,2382,1890

2277931805,1979,2383,1895

2277932805,1990,2384,1889

2277933805,1985,2375,1890

2277934805,1991,2378,1887

2277935805,1985,2375,1901

2277936805,1986,2374,1889

2277937805,1994,2375,1907

2277948453,1987,2351,1942

2277949805,1989,2340,1957

2277950805,1982,2336,1963

2277951805,1985,2329,1968

2277952805,1989,2333,1973

2277953805,1997,2341,1983

2277954805,1987,2320,1987

2277966801,1983,2286,2059

2277967805,1987,2291,2059

2277968805,1985,2283,2064

2277969805,2014,2277,2067

2277970805,1978,2279,2067

2277971805,1981,2276,2075

2277972805,1991,2283,2069

2277973805,1979,2274,2086

2277985801,1986,2267,2112

2277986805,1987,2273,2093

2277987805,1982,2274,2083

2277988805,1963,2275,2093

2277989805,1979,2270,2079

2277990805,1979,2277,2081

2277991805,1979,2282,2082

2277992805,1985,2287,2074

2278004801,1990,2313,2025

2278005805,1985,2315,2032

2278006805,1985,2315,2010

2278007805,1971,2325,2010

2278008805,1983,2320,1998

2278009805,1987,2322,2000

2278010805,1982,2323,1990

2278011805,1988,2336,1985

2278023801,1990,2367,1918

2278024805,1993,2367,1918

2278025805,1996,2369,1925

2278026805,1963,2375,1908

2278027805,1989,2377,1904

2278028805,1984,2369,1909

2278029805,1994,2377,1900

2278030805,2001,2371,1886

2278042801,1986,2387,1887

2278043805,1995,2384,1886

2278044805,1983,2384,1887

2278045805,1973,2371,1895

2278046805,1995,2384,1899

2278047805,1982,2385,1903

2278048805,1989,2379,1900

2278049805,2015,2373,1906

2278061801,1993,2349,1953

2278062805,1980,2347,1959

2278063805,1982,2336,1967

2278064805,2001,2337,1968

2278065805,1980,2330,1969

2278066805,1976,2327,1988

2278067805,1988,2327,1988

2278068805,1977,2329,1991

2278080801,1982,2287,2059

2278081805,1989,2295,2064

2278082805,1978,2290,2055

2278083805,1975,2288,2073

2278084805,1985,2285,2071

2278085805,1989,2278,2072

2278086805,1988,2283,2095

2278087805,1985,2275,2081

2278099801,1988,2266,2093

2278100805,1984,2274,2081

2278101805,1991,2273,2089

2278102805,1959,2274,2083

2278103805,1990,2270,2078

2278104805,1984,2288,2077

2278105805,1982,2279,2073

2278106805,1982,2279,2064

2278118801,1992,2307,2018

2278119805,1987,2318,2002

2278120805,1987,2320,2003

2278121805,1967,2318,1999

2278122805,1983,2321,1993

2278123805,1990,2321,1997

2278124805,1986,2330,1985

2278125805,1983,2326,1977

2278137801,1991,2365,1922

2278138805,1986,2367,1910

2278139805,1984,2367,1907

2278140805,1982,2371,1904

2278141805,1993,2374,1904

2278142805,1986,2369,1904

2278143805,1987,2384,1899

2278144805,1994,2377,1898

2278156801,1983,2377,1883

2278157805,1995,2384,1891

2278158805,1991,2379,1893

2278159805,1941,2379,1898

2278160805,1993,2378,1897

2278161805,1989,2379,1907

2278162805,1987,2372,1907

2278163805,1990,2368,1907

2278175801,1990,2339,1965

2278176805,1986,2339,1964

2278177805,1993,2338,1968

2278178805,1968,2333,1974

2278179805,1987,2329,1974

2278180805,1985,2320,1990

2278181805,1984,2320,1987

2278182805,1985,2320,1999

2278194801,1987,2288,2059

2278195805,1989,2292,2064

2278196805,1977,2294,2067

2278197805,1983,2285,2075

2278198805,1968,2285,2068

2278199805,1985,2285,2074

2278200805,1990,2282,2080

2278201805,1986,2277,2074

2278213801,1987,2281,2076

2278214805,1990,2271,2085

2278215805,1984,2288,2079

2278216805,1979,2270,2077

2278217805,1985,2275,2079

2278218805,1982,2277,2078

2278219805,1989,2281,2071

2278220805,1983,2288,2069

2278232801,1983,2314,2004

2278233805,1988,2320,2002

2278234805,1985,2316,1995

2278235805,1987,2326,1994

2278236805,1984,2325,1984

2278237805,1994,2320,1978

2278238805,1990,2334,1984

2278239805,1985,2327,1977

2278251801,1989,2358,1913

2278252805,1982,2369,1915

2278253805,1994,2373,1904

2278254805,2000,2376,1877

2278255805,1987,2368,1910

2278256805,1987,2372,1905

2278257805,1995,2383,1834

2278258805,1996,2371,1896

2278270801,1997,2371,1891

2278271805,1995,2375,1904

2278272805,1989,2379,1901

2278273805,2000,2369,1935

2278274805,1999,2372,1902

2278275805,1992,2379,1904

2278276805,1987,2361,1920

2278277805,1987,2367,1910

2278289801,2000,2336,1970

2278290805,1985,2332,1971

2278291805,1986,2334,1975

2278292805,1939,2323,1985

2278293805,1984,2323,1996

2278294805,2000,2313,1995

2278295805,1983,2320,1973

2278296805,1986,2313,2000

2278308801,1987,2286,2064

2278309805,1985,2283,2070

2278310805,1984,2293,2064

2278311805,2029,2281,2080

2278312805,1988,2275,2077

2278313805,1977,2278,2080

2278314805,1985,2281,2091

2278315805,1991,2283,2080

2278327801,1993,2281,2076

2278328805,1987,2272,2077

2278329805,1983,2276,2076

2278330805,1982,2282,2075

2278331805,1985,2279,2069

2278332805,1980,2283,2064

2278333805,1984,2287,2065

2278334805,1989,2287,2058

2278346801,1985,2320,2000

2278347805,1985,2321,2000

2278348805,1987,2320,1997

2278349805,1968,2324,1987

2278350805,1987,2329,1975

2278351805,1986,2343,1978

2278352805,1984,2336,1967

2278353805,1988,2334,1966

2278365801,1993,2369,1911

2278366805,1997,2369,1915

2278367805,1995,2384,1909

2278368805,1990,2368,1911

2278369805,1987,2368,1904

2278370805,1986,2377,1904

2278371805,1990,2379,1902

2278372805,1989,2373,1897

2278384801,1994,2370,1903

2278385805,1998,2371,1904

2278386805,1989,2377,1900

2278387805,1977,2368,1900

2278388805,1989,2372,1904

2278389805,1991,2359,1915

2278390805,1989,2363,1913

2278391805,1991,2359,1920

2278403801,1987,2336,1974

2278404805,1984,2335,1969

2278405805,1986,2325,1974

2278406805,2029,2322,1986

2278407805,1989,2324,1993

2278408805,1989,2321,2000

2278409805,1985,2318,2005

2278410805,1986,2304,2001

2278422801,1983,2286,2060

2278423805,1984,2285,2068

2278424805,1983,2277,2064

2278425805,1981,2291,2069

2278426805,1987,2288,2081

2278427805,1983,2294,2075

2278428805,1987,2271,2087

2278429805,1981,2279,2079

2278441801,1981,2277,2074

2278442805,1979,2277,2073

2278443805,1982,2287,2071

2278444805,1993,2287,2045

2278445805,1985,2291,2078

2278446805,1987,2288,2069

2278447805,1990,2294,2063

2278448805,1981,2288,2063

2278460801,1987,2329,1998

2278461805,1983,2318,1995

2278462805,1994,2322,1994

2278463805,1991,2330,2007

2278464805,1984,2331,1968

2278465805,1984,2334,1971

2278466805,1982,2346,1968

2278467805,1992,2333,1966

2278479801,1985,2373,1904

2278480805,1985,2374,1904

2278481805,1988,2368,1909

2278482805,1984,2369,1904

2278483805,1968,2373,1909

2278484805,1986,2380,1898

2278485805,1995,2385,1900

2278486805,1985,2374,1891

2278498801,1987,2369,1901

2278499805,1989,2363,1901

2278500805,1987,2380,1915

2278501805,2047,2378,1909

2278502805,1993,2368,1904

2278503805,1999,2354,1913

2278504805,2010,2367,1927

2278505805,1987,2363,1920

2278517801,1987,2334,1983

2278518805,1985,2352,1984

2278519805,1989,2285,1984

2278520805,1983,2321,2000

2278521805,1983,2318,1997

2278522805,1985,2345,2014

2278523805,1989,2311,2064

2278524805,1984,2358,2018

2278536801,1985,2282,2062

2278537805,1987,2275,2067

2278538805,1986,2304,2065

2278539805,1998,2285,2076

2278540805,1986,2209,2074

2278541805,1984,2271,2077

2278542805,1982,2279,2042

2278543805,1984,2271,2080

2278555801,1989,2279,2079

2278556805,1987,2220,2071

2278557805,1981,2288,2066

2278558805,1981,2286,2067

2278559805,1984,2275,2062

2278560805,1991,2273,2059

2278561805,2029,2290,2045

2278562805,1991,2298,2047

2278574801,1981,2330,1990

2278575805,1980,2378,1994

2278576805,1986,2281,1981

2278577805,1952,2335,1976

2278578805,1987,2335,1968

2278579805,1995,2325,1968

2278580805,1977,2338,1957

2278581805,1984,2347,1965

2278593801,1989,2384,1911

2278594805,1991,2375,1911

2278595805,1998,2377,1902

2278596805,2058,2377,1904

2278597805,1993,2288,1904

2278598805,1986,2378,1899

2278599805,1990,2377,1898

2278600805,1991,2385,1895

2278612801,1983,2370,1904

2278613805,1987,2371,1907

2278614805,1995,2373,1912

2278615805,1993,2368,1941

2278616805,2000,2358,1917

2278617805,1987,2357,1918

2278618805,1998,2365,1901

2278619805,1989,2359,1929

2278631801,1984,2327,1981

2278632805,1991,2288,1987

2278633805,1984,2321,1990

2278634805,2027,2319,1997

2278635805,1987,2310,2003

2278636805,1982,2311,2012

2278637805,1984,2320,1984

2278638805,1981,2304,2013

2278650801,1986,2291,2064

2278651805,1985,2275,2069

2278652805,1984,2279,2065

2278653805,1984,2286,2074

2278654805,1985,2226,2079

2278655805,1982,2278,2078

2278656805,1987,2272,2083

2278657805,1993,2282,2078

2278669801,1990,2290,2075

2278670805,1989,2282,2068

2278671805,1984,2288,2068

2278672805,1985,2295,2062

2278673805,1988,2287,2064

2278674805,1993,2289,2033

2278675805,1985,2303,2031

2278676805,1984,2310,2036

2278688801,1988,2329,1987

2278689805,1984,2334,1987

2278690805,1982,2331,1978

2278691805,1985,2333,1966

2278692805,1989,2342,1968

2278693805,1986,2346,1963

2278694805,1986,2349,1965

2278695805,1982,2349,1955

2278707801,1987,2369,1910

2278708805,1985,2371,1907

2278709805,1984,2368,1901

2278710805,1973,2371,1897

2278711805,1986,2378,1906

2278712805,1984,2373,1902

2278713805,1999,2377,1901

2278714805,1993,2384,1899

2278726801,1995,2379,1907

2278727805,1994,2370,1909

2278728805,1985,2400,1911

2278729805,1973,2367,1920

2278730805,1990,2359,1915

2278731805,1986,2359,1920

2278732805,1985,2363,1925

2278733805,1985,2358,1935

2278745801,1990,2379,1983

2278746805,1986,2318,1986

2278747805,1988,2298,2006

2278748805,1989,2323,2002

2278749805,1997,2317,2003

2278750805,1986,2318,2017

2278751805,1983,2317,2013

2278752805,1984,2319,2019

2278764801,1985,2283,2065

2278765805,1989,2289,2070

2278766805,1997,2283,2077

2278767805,1982,2285,2074

2278768805,1987,2285,2073

2278769805,1985,2276,2080

2278770805,1979,2279,2081

2278771805,1984,2274,2076

2278783801,1979,2299,2067

2278784805,1986,2285,2063

2278785805,1986,2293,2064

2278786805,1968,2293,2055

2278787805,1989,2290,2054

2278788805,1983,2299,2042

2278789805,1985,2291,2046

2278790805,1987,2293,2042

2278802801,1991,2333,1984

2278803805,1983,2329,1984

2278804805,1986,2338,1971

2278805805,1987,2343,1967

2278806805,1987,2345,1966

2278807805,1987,2341,1956

2278808805,1984,2352,1952

2278809805,1989,2349,1937

2278821801,1996,2367,1907

2278822805,1991,2375,1906

2278823805,1995,2378,1911

2278824805,1991,2375,1904

2278825805,1987,2373,1904

2278826805,1991,2380,1904

2278827805,2001,2378,1898

2278828805,1988,2365,1892

2278840801,1984,2374,1916

2278841805,1990,2365,1920

2278842805,1985,2447,1923

2278843805,1986,2365,1922

2278844805,1990,2359,1921

2278845805,1990,2345,1928

2278846805,2000,2359,1939

2278847805,1994,2353,1939

2278859801,1994,2329,2000

2278860805,1985,2334,1998

2278861805,1982,2311,2001

2278862805,1989,2319,2003

2278863805,1987,2310,2002

2278864805,1982,2311,2019

2278865805,1979,2309,2021

2278866805,1984,2291,2029

2278878801,1985,2286,2067

2278879805,1997,2309,2080

2278880805,1991,2275,2074

2278881805,1950,2289,2077

2278882805,1988,2223,2078

2278883805,1984,2294,2079

2278884805,1975,2282,2071

2278885805,1987,2277,2075

2278897801,1990,2292,2064

2278898805,1984,2346,2061

2278899805,1985,2282,2062

2278900805,1982,2298,2041

2278901805,1982,2295,2043

2278902805,1989,2295,2039

2278903805,1982,2305,2033

2278904805,1975,2301,2030

2278916801,1989,2324,1946

2278917805,1991,2331,1972

2278918805,1983,2401,1969

2278919805,1986,2339,1985

2278920805,1983,2330,1953

2278921805,1983,2343,1957

2278922805,1997,2355,1955

2278923805,1985,2348,1946

2278934801,1995,2358,1909

2278935805,1987,2352,1891

2278936805,2034,2370,1904

2278937805,1989,2369,1907

2278938805,1985,2378,1895

2278939805,1996,2379,1905

2278940805,1989,2369,1895

2278941805,1993,2371,1899

2278953801,1985,2365,1915

2278954805,1995,2369,1915

2278955805,1991,2349,1918

2278956805,1990,2352,1919

2278957805,1994,2353,1931

2278958805,1893,2352,1923

2278959805,1983,2347,1936

2278960805,1989,2352,1931

2278972801,1988,2320,1994

2278973805,1984,2318,2000

2278974805,1995,2320,2000

2278975805,1967,2307,2003

2278976805,1985,2298,2019

2278977805,1983,2307,2017

2278978805,1982,2309,2020

2278979805,1983,2313,2032

2278990453,1977,2288,2068

2278991805,1983,2261,2074

2278992805,1983,2288,2073

2278993805,1981,2292,2077

2278994805,1985,2284,2071

2278995805,1991,2288,2075

2278996805,1989,2281,2063

2279008801,1982,2285,2061

2279009805,1983,2292,2062

2279010805,1989,2288,2062

2279011805,1984,2288,2044

2279012805,1977,2224,2058

2279013805,1980,2288,2042

2279014805,1985,2291,2043

2279015805,1983,2297,2039

2279027801,1990,2325,1990

2279028805,1982,2333,1979

2279029805,1994,2336,1979

2279030805,1987,2334,1969

2279031805,1991,2338,1967

2279032805,1987,2345,1970

2279033805,1987,2343,1963

2279034805,1987,2363,1943

2279046801,2000,2365,1918

2279047805,1995,2372,1910

2279048805,1985,2369,1914

2279049805,1987,2377,1904

2279050805,1989,2373,1904

2279051805,1988,2370,1904

2279052805,1942,2370,1904

2279053805,1987,2389,1904

2279065801,1986,2366,1918

2279066805,1986,2363,1916

2279067805,1985,2366,1920

2279068805,1999,2361,1930

2279069805,1989,2357,1927

2279070805,1987,2362,1929

2279071805,1959,2352,1930

2279072805,1991,2352,1941

2279084801,1982,2323,1999

2279085805,1982,2321,1991

2279086805,1984,2322,1991

2279087805,1990,2325,1998

2279088805,1988,2317,2001

2279089805,1991,2288,2011

2279090805,1987,2308,2018

2279091805,1983,2371,2022

2279102801,1979,2238,2061

2279103805,1985,2291,2065

2279104805,1984,2286,2064

2279105805,1984,2286,2068

2279106805,1986,2278,2074

2279107805,1982,2286,2067

2279108805,1987,2293,2070

2279109805,1981,2288,2075

2279121801,1983,2250,2063

2279122805,1987,2288,2061

2279123805,1989,2298,2058

2279124805,1987,2291,2069

2279125805,1985,2293,2045

2279126805,1981,2297,1998

2279127805,1986,2298,2044

2279128805,1996,2299,2032

2279140801,1994,2323,1985

2279141805,1978,2333,1985

2279142805,1987,2337,1977

2279143805,1983,2336,1968

2279144805,1988,2337,1968

2279145805,1985,2342,1968

2279146805,1997,2335,1961

2279147805,1989,2343,1955

2279158453,1995,2368,1910

2279159805,1993,2366,1910

2279160805,1984,2365,1917

2279161805,1984,2368,1904

2279162805,1991,2371,1909

2279163805,1990,2367,1909

2279164805,1993,2368,1904

2279176801,1986,2367,1921

2279177805,2000,2366,1913

2279178805,1985,2368,1917

2279179805,1987,2366,1920

2279180805,1989,2369,1920

2279181805,1997,2363,1919

2279182805,2002,2359,1926

2279183805,1991,2359,1936

2279195801,1991,2333,1987

2279196805,1991,2330,1987

2279197805,1987,2325,1991

2279198805,1987,2323,2000

2279199805,1985,2321,1997

2279200805,1968,2315,2001

2279201805,1997,2309,2000

2279202805,1972,2320,2004

2279214801,1983,2290,2055

2279215805,1979,2295,2063

2279216805,1989,2291,2063

2279217805,1977,2292,2064

2279218805,1984,2284,2063

2279219805,1980,2281,2071

2279220805,1990,2288,2078

2279221805,1994,2285,2075

2279233801,1991,2291,2070

2279234805,1983,2288,2054

2279235805,1993,2299,2060

2279236805,1988,2290,2047

2279237805,1987,2293,2059

2279238805,1986,2290,2047

2279239805,1979,2294,2055

2279240805,1990,2288,2042

2279252801,1998,2335,1994

2279253805,1984,2329,1982

2279254805,1993,2337,1983

2279255805,1985,2292,1979

2279256805,1995,2339,1966

2279257805,1986,2335,1967

2279258805,1987,2347,1962

2279259805,1984,2348,1958

2279270801,1986,2367,1910

2279271805,1987,2362,1907

2279272805,1993,2369,1917

2279273805,1991,2371,1904

2279274805,1991,2365,1914

2279275805,1987,2369,1913

2279276805,1987,2359,1909

2279277805,1987,2368,1904

2279289801,1988,2368,1917

2279290805,1993,2370,1914

2279291805,1985,2361,1917

2279292805,1995,2357,1922

2279293805,1997,2354,1930

2279294805,1989,2367,1927

2279295805,1988,2362,1929

2279296805,1987,2359,1933

2279308801,1989,2326,1985

2279309805,1986,2367,1990

2279310805,1989,2321,1989

2279311805,2005,2320,2007

2279312805,1987,2320,2002

2279313805,1985,2325,2000

2279314805,1995,2319,2001

2279315805,1981,2309,2000

2279326453,1981,2289,2054

2279327805,1981,2304,2063

2279328805,1984,2288,2063

2279329805,1982,2288,2061

2279330805,1984,2288,2070

2279331805,1985,2289,2069

2279332805,1984,2290,2067

2279344801,1984,2285,2065

2279345805,1983,2292,2074

2279346805,1983,2289,2063

2279347805,1985,2294,2064

2279348805,1983,2295,2064

2279349805,1984,2288,2058

2279350805,1985,2294,2058

2279351805,1990,2302,2039

2279363801,1984,2318,2000

2279364805,1990,2324,1998

2279365805,1990,2320,1997

2279366805,1984,2331,1986

2279367805,1993,2324,1975

2279368805,2012,2338,1973

2279369805,1987,2337,1969

2279370805,2016,2346,1967

2279382801,1985,2365,1922

2279383805,1989,2363,1917

2279384805,1991,2373,1922

2279385805,1984,2368,1910

2279386805,1986,2357,1913

2279387805,1991,2367,1915

2279388805,1991,2373,1911

2279389805,1997,2369,1905

2279401801,1985,2400,1913

2279402805,1990,2325,1921

2279403805,1987,2367,1910

2279404805,1986,2369,1918

2279405805,1991,2354,1921

2279406805,1989,2321,1921

2279407805,1985,2366,1929

2279408805,1997,2358,1925

2279420801,1985,2334,1977

2279421805,1989,2322,1982

2279422805,1984,2324,1984

2279423805,1985,2326,1991

2279424805,1989,2320,2000

2279425805,1984,2318,2000

2279426805,1987,2317,2005

2279427805,1983,2319,2005

2279438801,1984,2298,2045

2279439805,1985,2299,2044

2279440805,1987,2292,2059

2279441805,2000,2286,2059

2279442805,1982,2294,2055

2279443805,1985,2290,2067

2279444805,1990,2285,2064

2279445805,1983,2286,2061

2279457801,1987,2309,2064

2279458805,1979,2288,2055

2279459805,1985,2295,2053

2279460805,1981,2298,2059

2279461805,1988,2287,2062

2279462805,1985,2291,2056

2279463805,1987,2295,2047

2279464805,1985,2299,2041

2279476801,1983,2319,1999

2279477805,1991,2324,1990

2279478805,1986,2332,1987

2279479805,1993,2320,1977

2279480805,1984,2339,1981

2279481805,1986,2322,1979

2279482805,1987,2333,1979

2279483805,1985,2329,1968

2279494453,1988,2352,1925

2279495805,1995,2366,1921

2279496805,1985,2361,1917

2279497805,1991,2366,1920

2279498805,1994,2368,1922

2279499805,1991,2365,1915

2279500805,1991,2370,1907

2279512801,1987,2375,1914

2279513805,1987,2371,1921

2279514805,1989,2361,1919

2279515805,1984,2366,1913

2279516805,1987,2361,1914

2279517805,1995,2369,1918

2279518805,1987,2354,1925

2279519805,1991,2367,1923

2279531801,1984,2341,1967

2279532805,1993,2337,1979

2279533805,1984,2331,1987

2279534805,1990,2324,1977

2279535805,1984,2322,1983

2279536805,1991,2325,1985

2279537805,1986,2322,1989

2279538805,1984,2320,1998

2279550801,1997,2299,2045

2279551805,1991,2299,2039

2279552805,1990,2292,2047

2279553805,1985,2290,2047

2279554805,1991,2289,2053

2279555805,1982,2292,2054

2279556805,1984,2291,2063

2279557805,1984,2282,2064

2279569801,1990,2289,2063

2279570805,1987,2287,2064

2279571805,1991,2287,2062

2279572805,1984,2299,2063

2279573805,1987,2288,2047

2279574805,1985,2294,2060

2279575805,1987,2301,2045

2279576805,1989,2301,2046

2279588801,1982,2318,1991

2279589805,1987,2317,1991

2279590805,1982,2326,1997

2279591805,1987,2325,1991

2279592805,1981,2323,1984

2279593805,1984,2334,1983

2279594805,1984,2330,1981

2279595805,1982,2325,1973

2279607801,1990,2357,1926

2279608805,1989,2359,1922

2279609805,1990,2369,1919

2279610805,1983,2363,1919

2279611805,1994,2361,1913

2279612805,1991,2370,1905

2279613805,1997,2373,1920

2279614805,1985,2368,1917

2279626801,1984,2366,1920

2279627805,1986,2376,1908

2279628805,1991,2375,1922

2279629805,1995,2367,1925

2279630805,1995,2365,1921

2279631805,1989,2367,1927

2279632805,1984,2352,1929

2279633805,1994,2352,1934

2279645801,1987,2335,1971

2279646805,1987,2323,1981

2279647805,1986,2338,1979

2279648805,1989,2320,1991

2279649805,1983,2323,1995

2279650805,1986,2322,2001

2279651805,1986,2322,1999

2279652805,1981,2322,2000

2279664801,1984,2297,2045

2279665805,1984,2295,2043

2279666805,1987,2290,2042

2279667805,1988,2288,2062

2279668805,1985,2287,2047

2279669805,1986,2288,2065

2279670805,1991,2287,2058

2279671805,1984,2290,2058

2279683801,1985,2286,2063

2279684805,1988,2290,2046

2279685805,1979,2290,2063

2279686805,1984,2289,2055

2279687805,1983,2294,2055

2279688805,1983,2299,2044

2279689805,1986,2256,2034

2279690805,1989,2301,2045

2279702801,1985,2321,1997

2279703805,1983,2318,1994

2279704805,1991,2320,1984

2279705805,1985,2327,1978

2279706805,1991,2329,1985

2279707805,1981,2333,1974

2279708805,1984,2321,1979

2279709805,1986,2348,1975

2279721801,1986,2359,1921

2279722805,1990,2357,1921

2279723837,1990,2367,1923

2279724805,1987,2365,1921

2279725805,1987,2363,1919

2279726805,1988,2365,1915

2279727805,1987,2372,1914

2279728805,1994,2365,1911

2279740801,1990,2366,1918

2279741805,1997,2363,1932

2279742805,1984,2367,1920

2279743805,1991,2361,1929

2279744805,1995,2357,1927

2279745805,1987,2357,1934

2279746805,1994,2359,1933

2279747805,1987,2351,1938

2279759801,1987,2335,1974

2279760805,1981,2327,1982

2279761805,1984,2325,1986

2279762805,1989,2323,1989

2279763805,1985,2319,1999

2279764805,1985,2320,2000

2279765805,1986,2313,2002

2279766805,1983,2313,2000

2279778801,1985,2288,2044

2279779839,1987,2295,2057

2279780805,1985,2291,2061

2279781805,1978,2294,2045

2279782805,1989,2293,2061

2279783805,1981,2288,2065

2279784805,1981,2284,2062

2279785805,1988,2290,2062

2279797801,1983,2295,2060

2279798805,1985,2295,2064

2279799805,1985,2300,2058

2279800805,1991,2294,2045

2279801805,1985,2297,2054

2279802805,1984,2290,2037

2279803805,1987,2295,2033

2279804805,1982,2294,2035

2279816801,1978,2323,1995

2279817805,1985,2331,1993

2279818805,1987,2333,1979

2279819805,1996,2325,1982

2279820805,1982,2345,1989

2279821805,1986,2341,1974

2279822805,1981,2338,1983

2279823805,1987,2349,1966

2279835837,1985,2355,1965

2279836805,1985,2370,1920

2279837805,1985,2362,1924

2279838805,1985,2421,1910

2279839805,1986,2369,1878

2279840805,1985,2368,1916

2279841805,1995,2347,1918

2279842805,1985,2365,1919

2279853801,1995,2368,1915

2279854805,1985,2365,1925

2279855805,1990,2354,1920

2279856805,1989,2356,1928

2279857805,1990,2362,1934

2279858805,1990,2364,1936

2279859805,1987,2362,1936

2279860805,1988,2353,1933

2279872801,1983,2329,1974

2279873805,1979,2331,1984

2279874805,1987,2326,1987

2279875805,1985,2325,1993

2279876805,1987,2322,1995

2279877805,1985,2320,2001

2279878805,1986,2321,2000

2279879805,1985,2320,2010

2279891801,1981,2297,2055

2279892805,1991,2294,2044

2279893805,1985,2303,2047

2279894805,1987,2370,2062

2279895805,1989,2291,2062

2279896805,1995,2288,2064

2279897805,1986,2288,2059

2279898805,1990,2292,2062

2279909453,1981,2286,2062

2279910805,1983,2299,2054

2279911805,1985,2293,1991

2279912805,1982,2293,2045

2279913805,1985,2291,2039

2279914805,1986,2304,2045

2279915805,1983,2303,2039

2279927801,1984,2317,2000

2279928805,1987,2325,1985

2279929805,1984,2330,1987

2279930805,1991,2330,1985

2279931805,1994,2326,1981

2279932805,1985,2334,1984

2279933805,1990,2337,1970

2279934805,1985,2335,1968

2279946801,1994,2358,1931

2279947805,1994,2366,1936

2279948805,1993,2355,1923

2279949805,1989,2365,1921

2279950805,1994,2365,1926

2279951805,1990,2354,1929

2279952805,1995,2345,1918

2279953805,1990,2369,1920

2279965801,1989,2368,1915

2279966805,1991,2367,1922

2279967805,1991,2365,1918

2279968805,1999,2359,1927

2279969805,1993,2363,1921

2279970805,2000,2359,1931

2279971805,1984,2362,1936

2279972805,1984,2365,1930

2279984801,1997,2332,1983

2279985805,1987,2336,1982

2279986805,1994,2325,1988

2279987805,1984,2327,1986

2279988805,1985,2322,1995

2279989805,1986,2319,1995

2279990805,1984,2336,1994

2279991805,1984,2316,2000

2280003801,1983,2295,2047

2280004805,1981,2295,2039

2280005805,1984,2299,2045

2280006805,1984,2299,2039

2280007805,1983,2288,2045

2280008805,1989,2289,2055

2280009805,1982,2261,2055

2280010805,1987,2289,2054

2280021801,1984,2294,2064

2280022805,1985,2283,2058

2280023805,1984,2298,2047

2280024805,1991,2299,2046

2280025805,1978,2288,2044

2280026805,1985,2299,2042

2280027805,1991,2297,2032

2280028805,1985,2304,2034

2280040801,1991,2325,2032

2280041805,1984,2326,1995

2280042805,1986,2325,1987

2280043805,1983,2320,1987

2280044805,1983,2339,1980

2280045805,1990,2256,1982

2280046805,1987,2334,1973

2280047805,1982,2334,1968

2280059801,1986,2358,1925

2280060805,1987,2362,1931

2280061805,1990,2365,1924

2280062805,1983,2354,1923

2280063805,1990,2354,1923

2280064805,1999,2370,1919

2280065805,1990,2354,1936

2280066805,1991,2368,1916

2280077453,1995,2357,1911

2280078805,1990,2359,1922

2280079805,1987,2355,1936

2280080805,1987,2364,1927

2280081805,1990,2363,1931

2280082805,1990,2355,1930

2280083805,1986,2365,1931

2280095801,1984,2341,1974

2280096805,1984,2337,1975

2280097805,1984,2333,1975

2280098805,1985,2437,1982

2280099805,1981,2320,1981

2280100805,1985,2321,1984

2280101805,1986,2325,1993

2280102805,1988,2327,1991

2280114801,1982,2290,2039

2280115805,1984,2297,2039

2280116805,1983,2294,2043

2280117805,1982,2294,2038

2280118805,1991,2289,2047

2280119805,1975,2290,2047

2280120805,1984,2314,2061

2280121805,1985,2289,2057

2280133801,1984,2289,2064

2280134805,1984,2295,2045

2280135805,1989,2288,2062

2280136805,1968,2299,2047

2280137805,1970,2304,2042

2280138805,1990,2299,2043

2280139805,1994,2297,2036

2280140805,1989,2301,2035

2280152801,1990,2320,1998

2280153805,1983,2320,1999

2280154805,1985,2326,2000

2280155805,2066,2330,1989

2280156805,1985,2326,1943

2280157805,1990,2333,1984

2280158805,1989,2333,1982

2280159805,1987,2339,1979

2280171801,1986,2355,1936

2280172805,1985,2354,1935

2280173805,1988,2358,1933

2280174805,1982,2351,1933

2280175805,1986,2359,1921

2280176805,1989,2368,1933

2280177805,1984,2389,1925

2280178805,1983,2361,1919

2280189801,1990,2370,1918

2280190805,1991,2363,1922

2280191805,1993,2361,1920

2280192805,1995,2359,1903

2280193805,1984,2354,1925

2280194805,1994,2368,1933

2280195805,1984,2352,1929

2280196805,1984,2357,1933

2280208801,1984,2335,1968

2280209805,1986,2337,1971

2280210805,1987,2330,1978

2280211805,1988,2333,1979

2280212805,1988,2327,1981

2280213805,1985,2329,1991

2280214805,1985,2320,1990

2280215805,1981,2320,2003

2280227801,1985,2304,2054

2280228805,2004,2297,2037

2280229805,1977,2298,2064

2280230805,1991,2295,2043

2280231805,1988,2297,2039

2280232805,1984,2297,2042

2280233805,1981,2290,2055

2280234805,1984,2287,2043

2280245453,1990,2299,2045

2280246805,1987,2295,2069

2280247805,1989,2290,2053

2280248805,1985,2293,2054

2280249805,1979,2297,2046

2280250805,1983,2289,2043

2280251805,1982,2294,2071

2280263801,1989,2318,2006

2280264805,1987,2313,2001

2280265805,1985,2315,2000

2280266805,1987,2317,1987

2280267805,1993,2323,2000

2280268805,1986,2323,1991

2280269805,1984,2327,1994

2280270805,1983,2333,1983

2280282801,1983,2343,1942

2280283805,1984,2354,1941

2280284805,1986,2350,1936

2280285805,1991,2352,1936

2280286805,1986,2355,1959

2280287805,1989,2363,1925

2280288805,1990,2364,1926

2280289805,1951,2356,1923

2280301801,1999,2367,1921

2280302805,1991,2368,1887

2280303805,1998,2366,1921

2280304805,1987,2363,1926

2280305805,1987,2367,1933

2280306805,1987,2358,1920

2280307805,1991,2361,1920

2280308805,1993,2350,1926

2280320801,1985,2341,1980

2280321805,1950,2337,1969

2280322805,1968,2342,1973

2280323805,1986,2333,1979

2280324805,1985,2329,1968

2280325805,1986,2327,1985

2280326805,1989,2324,1991

2280327805,1985,2326,2000

2280339801,1966,2303,2035

2280340805,1995,2297,2032

2280341805,1983,2303,2044

2280342805,2007,2294,2035

2280343805,1970,2288,2039

2280344805,1980,2288,2042

2280345805,1984,2291,2041

2280346805,1990,2291,2064

2280357801,1987,2293,2043

2280358805,1983,2300,2073

2280359805,1984,2290,2054

2280360805,1983,2299,2058

2280361805,1983,2293,2059

2280362805,1982,2290,2064

2280363805,1983,2289,2041

2280364805,1985,2299,2043

2280376801,1983,2317,2003

2280377805,1980,2318,2009

2280378805,1990,2321,1997

2280379805,1994,2320,2004

2280380805,2000,2330,2003

2280381805,1984,2323,1994

2280382805,1975,2330,1990

2280383805,1984,2321,2000

2280395801,1979,2352,1936

2280396805,1984,2352,1936

2280397805,1995,2352,1968

2280398805,1989,2320,1935

2280399805,1994,2354,1933

2280400805,1991,2357,1936

2280401805,1986,2358,1923

2280402805,1994,2358,1866

2280413453,1983,2366,1927

2280414805,1990,2365,1925

2280415805,1995,2358,1925

2280416805,1995,2371,1890

2280417805,1993,2363,1926

2280418805,1995,2368,1875

2280419805,1987,2357,1824

2280431801,1985,2346,1957

2280432805,1984,2339,1963

2280433805,1987,2333,1969

2280434805,1983,2339,1974

2280435805,1989,2337,1968

2280436805,1979,2329,1980

2280437805,1982,2321,1978

2280438805,1963,2323,1984

2280450801,1990,2304,2023

2280451805,1986,2305,2063

2280452805,1986,2298,1987

2280453805,1981,2301,2037

2280454805,1985,2295,2042

2280455805,1987,2298,2046

2280456805,1985,2300,2045

2280457805,1951,2297,2027

2280469801,1995,2291,2054

2280470805,1989,2288,2039

2280471805,1998,2299,2047

2280472805,1963,2287,2114

2280473805,1984,2288,2059

2280474805,1989,2299,2053

2280475805,1983,2295,2043

2280476805,1986,2301,2041

2280488801,2000,2315,2006

2280489805,1985,2319,2014

2280490805,1990,2320,2010

2280491805,1991,2317,2001

2280492805,2000,2317,2003

2280493805,1979,2320,1991

2280494805,1993,2288,1997

2280495805,1973,2325,1981

2280507801,1986,2351,1939

2280508805,1986,2354,1936

2280509805,1989,2357,1937

2280510805,1993,2350,1937

2280511805,1983,2352,1934

2280512805,1991,2352,1888

2280513805,1986,2355,1935

2280514805,1990,2359,1936

2280526801,1981,2359,1900

2280527805,1999,2353,1923

2280528805,1981,2359,1925

2280529805,1991,2362,1920

2280530805,1990,2368,1933

2280531805,1997,2361,1930

2280532805,1983,2360,1927

2280533805,1989,2353,1937

2280545801,1991,2342,1958

2280546805,2031,2339,1968

2280547805,1993,2341,1967

2280548805,1984,2342,1969

2280549805,1990,2337,1982

2280550805,1984,2329,1973

2280551805,1988,2328,1979

2280552805,1983,2320,1984

2280564801,1984,2304,2027

2280565805,1984,2303,2037

2280566805,1985,2302,2028

2280567805,1989,2301,2032

2280568805,1985,2297,2034

2280569805,1979,2289,2035

2280570805,1985,2289,2047

2280571805,1983,2295,2034

2280583801,1984,2294,2027

2280584805,1989,2289,2022

2280585805,1987,2288,2047

2280586805,2003,2286,2045

2280587805,1989,2290,2026

2280588805,1981,2291,2041

2280589805,1989,2302,2035

2280590805,1988,2298,2032

2280602801,1990,2328,2039

2280603805,1987,2319,2002

2280604805,1984,2326,1998

2280605805,1982,2321,2000

2280606805,1988,2323,1993

2280607805,1997,2320,1990

2280608805,1984,2324,1984

2280609805,1979,2330,1986

2280621801,1999,2362,1948

2280622805,2002,2358,1941

2280623805,1991,2347,1939

2280624805,1990,2355,1931

2280625805,1991,2353,1936

2280626805,2027,2357,1939

2280627805,1991,2359,1931

2280628805,1999,2366,1931

2280640801,1987,2359,1883

2280641805,1968,2352,1926

2280642841,1990,2359,1925

2280643805,1995,2358,1931

2280644805,1973,2361,1923

2280645805,1989,2359,1910

2280646805,1988,2357,1925

2280647805,1984,2354,1934

2280659801,1986,2340,1979

2280660805,1953,2335,1967

2280661805,2027,2331,1975

2280662805,1983,2327,1983

2280663805,1983,2332,1987

2280664805,1980,2328,1978

2280665805,1994,2327,1986

2280666805,1961,2320,1989

2280678801,1985,2309,2038

2280679805,1969,2303,2038

2280680805,1979,2302,2014

2280681805,2013,2293,2038

2280682805,1968,2295,2003

2280683805,1983,2298,2037

2280684805,1978,2301,2043

2280685805,1958,2291,2002

2280697801,1989,2288,2046

2280698839,1990,2289,2061

2280699805,1985,2294,2054

2280700805,1999,2294,2035

2280701805,1917,2296,2002

2280702805,2010,2304,2033

2280703805,1987,2298,2033

2280704805,1988,2297,2043

2280716801,1988,2317,2029

2280717805,1985,2322,2000

2280718805,2000,2319,1985

2280719805,1973,2323,2005

2280720805,1987,2327,1984

2280721805,1975,2334,2000

2280722805,1983,2335,1977

2280723805,1987,2329,1983

2280735801,1987,2348,1943

2280736805,1979,2352,1936

2280737805,1985,2353,1936

2280738805,1966,2352,1936

2280739805,1984,2365,1931

2280740805,1986,2357,1933

2280741805,1987,2360,1926

2280742805,1993,2354,1919

2280754801,1990,2365,1926

2280755805,1995,2361,1934

2280756805,2002,2363,1935

2280757805,1990,2360,1936

2280758805,2000,2357,1924

2280759805,1984,2358,1935

2280760805,1988,2357,1936

2280761805,1993,2352,1933

2280772801,1985,2341,1967

2280773805,1982,2341,1970

2280774805,1994,2332,1975

2280775805,1989,2336,1974

2280776805,1985,2327,1983

2280777805,1986,2326,1989

2280778805,1994,2323,1990

2280779805,2004,2324,1989

2280791801,1992,2299,2032

2280792805,1984,2304,2031

2280793805,1985,2304,2033

2280794805,1985,2303,2030

2280795805,1983,2298,2043

2280796805,1981,2299,2039

2280797805,1983,2299,2041

2280798805,1975,2300,2039

2280810801,1983,2291,2038

2280811805,1983,2302,2047

2280812805,1984,2295,2038

2280813805,1979,2297,2041

2280814805,1989,2292,2038

2280815805,1977,2302,2039

2280816805,1981,2298,2033

2280817805,1997,2304,2035

2280828453,1985,2318,2005

2280829805,1987,2311,2004

2280830805,1989,2309,1994

2280831805,1983,2330,1995

2280832805,2023,2323,1988

2280833805,1990,2322,1984

2280834805,1984,2297,1985

2280846801,1991,2351,1943

2280847805,1995,2354,1942

2280848805,1991,2346,1936

2280849805,1994,2349,1947

2280850805,1991,2355,1936

2280851805,1995,2356,1936

2280852805,1984,2359,1935

2280853805,1984,2357,1990

2280865801,2035,2359,1941

2280866805,1989,2359,1927

2280867805,1994,2361,1938

2280868805,1987,2363,1933

2280869805,1995,2359,1935

2280870805,1987,2352,1928

2280871805,1985,2352,1936

2280872805,1989,2352,1933

2280884801,1987,2342,1968

2280885805,1995,2338,1970

2280886805,1989,2327,1966

2280887805,1993,2335,1969

2280888805,1986,2326,1981

2280889805,1993,2333,1983

2280890805,1992,2328,1984

2280891805,1985,2320,1989

2280903801,1965,2307,2014

2280904805,1984,2300,2028

2280905805,1983,2301,2027

2280906805,2001,2293,2031

2280907805,1997,2310,2034

2280908805,1983,2308,2045

2280909805,1978,2305,2041

2280910805,1957,2302,2035

2280922801,2025,2293,2042

2280923805,1987,2293,2045

2280924805,1983,2291,2042

2280925805,1974,2299,2042

2280926805,1989,2294,2038

2280927805,1984,2288,2034

2280928805,1989,2304,2032

2280929805,1987,2303,2032

2280940801,1990,2323,2007

2280941805,1950,2319,2003

2280942805,1979,2322,2003

2280943805,1985,2320,1995

2280944805,1971,2321,1997

2280945805,1977,2326,1989

2280946805,1981,2323,1983

2280947805,1981,2323,1984

2280959801,1983,2349,1921

2280960805,1989,2353,1931

2280961805,1979,2354,1955

2280962805,1983,2352,1943

2280963805,1985,2358,1942

2280964805,1984,2350,1935

2280965805,2028,2358,1938

2280966805,1993,2351,1931

2280978801,1990,2356,1927

2280979805,1989,2355,1930

2280980805,2007,2359,1922

2280981805,1989,2362,1930

2280982805,1969,2358,1932

2280983805,2003,2357,1927

2280984805,1991,2352,1923

2280985805,1990,2352,1942

2280996453,1986,2337,1970

2280997805,2000,2343,1986

2280998805,1987,2336,1971

2280999805,1983,2335,1977

2281000805,1966,2332,1978

2281001805,1964,2322,1977

2281002805,1978,2326,1984

2281014801,1987,2310,2013

2281015805,1992,2305,2025

2281016805,1979,2309,2028

2281017805,1977,2307,2026

2281018805,1988,2308,2025

2281019805,2014,2299,2031

2281020805,1988,2301,2034

2281021805,1991,2300,2037

2281033801,1981,2293,2047

2281034805,1983,2295,2044

2281035805,1971,2294,2035

2281036805,1977,2294,2032

2281037805,1989,2293,2014

2281038805,1985,2290,2039

2281039805,1985,2299,2046

2281040805,1984,2303,2035

2281052801,1988,2313,2007

2281053805,1968,2317,2000

2281054805,1984,2319,2003

2281055805,2061,2316,2000

2281056805,1985,2318,2000

2281057805,1983,2320,1989

2281058805,1983,2329,1993

2281059805,2038,2324,1991

2281071801,1984,2350,1942

2281072805,1988,2351,1930

2281073805,1991,2347,1956

2281074805,2032,2349,1979

2281075805,1988,2352,1920

2281076805,1995,2362,1915

2281077805,1989,2354,1936

2281078805,1991,2351,1933

2281090801,1986,2358,1929

2281091805,1991,2357,1930

2281092805,1987,2359,1933

2281093805,1987,2359,1927

2281094805,1995,2357,1934

2281095805,1989,2362,1932

2281096805,1990,2365,1931

2281097805,1985,2352,1933

2281108801,1990,2346,1966

2281109805,1990,2339,1973

2281110805,1985,2342,1970

2281111805,1971,2341,1969

2281112805,1981,2336,1971

2281113805,1984,2334,1969

2281114805,1985,2327,1979

2281115805,1997,2337,1983

2281127801,1978,2304,2019

2281128805,1993,2320,2020

2281129805,1987,2308,2032

2281130805,1987,2299,2029

2281131805,1970,2304,2031

2281132805,1983,2302,2031

2281133805,1986,2304,2006

2281134805,1985,2298,2033

2281146801,1984,2299,2047

2281147805,1987,2299,2056

2281148805,1983,2295,2054

2281149805,1984,2301,2037

2281150805,1990,2288,2042

2281151805,1982,2293,2039

2281152805,1983,2299,2035

2281153805,1989,2292,2032

2281164453,1982,2319,2019

2281165805,1984,2317,2006

2281166805,1987,2315,2002

2281167805,1996,2321,2005

2281168805,1981,2325,2001

2281169805,1991,2320,1998

2281170805,1989,2320,1989

2281182801,1986,2349,1963

2281183805,1991,2348,1949

2281184805,1987,2342,1952

2281185805,1962,2351,1952

2281186805,1986,2349,1949

2281187805,1990,2352,1945

2281188805,1993,2350,1936

2281189805,1989,2352,1946

2281201801,2011,2358,1923

2281202805,1987,2357,1930

2281203805,1994,2362,1931

2281204805,2032,2357,1931

2281205805,1994,2359,1934

2281206805,1991,2354,1929

2281207805,1991,2354,1930

2281208805,1992,2352,1935

2281220801,1975,2350,1967

2281221805,1983,2343,1963

2281222805,1989,2344,1967

2281223805,2023,2338,1968

2281224805,1984,2335,1965

2281225805,1984,2336,1977

2281226805,1987,2326,1968

2281227805,1983,2322,1983

2281239801,1978,2307,2019

2281240805,1989,2307,2020

2281241805,1989,2301,2017

2281242805,1984,2299,2033

2281243805,1981,2305,2023

2281244805,1984,2301,2022

2281245805,1987,2307,2032

2281246805,1986,2294,2036

2281258801,2003,2303,2045

2281259805,1974,2300,2038

2281260805,1991,2292,2038

2281261805,1951,2294,2045

2281262805,1982,2297,2043

2281263805,1989,2289,2035

2281264805,1981,2297,2036

2281265805,1978,2297,2043

2281277801,1986,2314,2015

2281278805,1997,2320,2005

2281279805,1986,2314,2005

2281280805,1974,2314,2003

2281281805,1993,2327,2000

2281282805,1984,2321,1994

2281283805,1986,2319,1994

2281284805,1987,2320,1988

2281296801,1983,2349,1946

2281297805,1990,2351,1952

2281298805,1982,2347,1951

2281299805,1959,2346,1946

2281300805,1999,2352,1939

2281301805,1981,2352,1943

2281302805,1985,2352,1943

2281303805,1985,2354,1931

2281315801,1986,2359,1934

2281316805,1993,2355,1929

2281317805,1990,2350,1925

2281318805,1956,2354,1936

2281319805,2003,2352,1930

2281320805,1993,2357,1935

2281321805,1984,2352,1936

2281322805,1959,2350,1935

2281334801,1984,2342,1971

2281335805,1986,2339,1963

2281336805,2001,2339,1968

2281337805,2007,2342,1976

2281338805,1974,2327,1967

2281339805,2015,2335,1975

2281340805,1986,2322,1976

2281341805,1973,2322,1981

2281353801,1986,2306,2000

2281354805,1985,2310,2019

2281355805,1984,2312,2018

2281356805,1985,2295,2027

2281357805,1983,2300,2032

2281358805,1987,2302,2029

2281359805,1981,2304,2033

2281360805,1969,2305,2037

2281372801,1984,2298,2039

2281373805,1984,2298,2053

2281374805,1990,2303,2036

2281375805,1989,2304,2039

2281376805,1989,2299,2042

2281377805,1990,2304,2035

2281378805,1985,2297,2042

2281379805,1991,2297,2038

2281391801,1993,2317,2007

2281392805,1989,2321,2000

2281393805,1985,2320,1999

2281394805,1991,2325,2000

2281395805,1991,2320,2000

2281396805,1986,2328,1997

2281397805,1990,2321,1995

2281398805,1984,2330,1987

2281410801,1984,2350,1955

2281411805,1990,2352,1950

2281412805,1987,2341,1951

2281413805,1981,2352,1946

2281414805,1987,2346,1941

2281415805,1991,2355,1971

2281416805,1994,2357,1937

2281417805,1993,2359,1938

2281429801,1991,2355,1931

2281430805,1995,2355,1936

2281431805,1983,2359,1931

2281432805,1936,2361,1935

2281433805,1985,2352,1933

2281434805,1985,2348,1942

2281435805,1990,2353,1938

2281436805,1988,2349,1939

2281448801,1985,2343,1968

2281449805,1995,2339,1967

2281450805,1985,2341,1973

2281451805,2023,2326,1967

2281452805,1983,2330,1985

2281453805,1984,2328,1979

2281454805,1989,2331,1986

2281455805,1988,2321,1993

2281467801,1984,2309,2016

2281468805,1985,2311,2026

2281469805,1980,2307,2031

2281470805,1943,2299,2029

2281471805,1986,2307,2023

2281472805,1984,2302,2029

2281473805,1986,2304,2037

2281474805,1983,2295,2028

2281486801,1984,2294,2034

2281487805,1983,2303,2041

2281488805,1986,2297,2037

2281489805,2021,2303,2057

2281490805,1984,2299,2037

2281491805,1989,2303,2042

2281492805,1984,2303,2032

2281493805,1981,2299,2038

2281505801,1986,2322,2003

2281506805,1991,2319,1998

2281507805,1985,2325,2000

2281508805,1978,2326,1994

2281509805,1983,2331,1994

2281510805,1982,2324,1986

2281511805,1986,2326,1952

2281512805,1984,2332,1984

2281524801,1994,2345,1949

2281525805,1997,2349,1950

2281526805,1983,2348,1945

2281527805,1967,2354,1917

2281528805,1992,2352,1936

2281529805,1985,2352,1938

2281530805,1986,2352,1936

2281531805,1985,2351,1936

2281543801,1993,2352,1930

2281544805,1983,2355,1935

2281545805,1989,2352,1937

2281546805,1991,2352,1942

2281547805,1988,2352,1931

2281548805,1984,2358,1938

2281549805,1995,2359,1922

2281550805,1984,2350,1936

2281562801,1957,2337,1968

2281563805,1986,2332,1971

2281564805,1983,2327,1979

2281565805,2023,2325,1974

2281566805,1984,2329,1981

2281567805,1986,2323,1994

2281568805,1975,2327,2002

2281569805,1983,2334,1983

2281581801,1995,2303,2019

2281582805,1979,2307,2030

2281583805,1986,2301,2027

2281584805,1963,2306,2032

2281585805,1984,2306,2035

2281586805,1984,2301,2030

2281587805,1977,2291,2015

2281588805,1984,2303,2033

2281600801,1986,2299,2042

2281601805,1989,2304,2032

2281602805,1979,2231,2039

2281603805,2032,2304,2034

2281604805,1992,2299,2032

2281605805,1983,2309,2032

2281606805,1987,2320,2035

2281607805,1984,2301,2022

2281619801,1990,2320,2005

2281620805,1991,2322,1997

2281621805,1984,2320,1994

2281622805,1984,2327,1998

2281623805,1991,2323,1993

2281624805,1987,2321,1986

2281625805,1987,2333,1985

2281626805,1985,2317,1978

2281638801,1990,2342,1949

2281639805,1988,2416,1945

2281640805,1994,2363,1937

2281641805,1959,2347,1943

2281642805,1986,2332,1939

2281643805,1993,2354,1936

2281644805,1989,2363,1936

2281645805,1985,2347,1936

2281657801,1989,2363,1936

2281658805,1987,2352,1942

2281659805,1993,2359,1930

2281660805,1997,2354,1935

2281661805,1987,2352,1943

2281662805,1995,2353,1936

2281663805,1975,2352,1947

2281664805,1984,2350,1946

2281676801,1986,2338,1979

2281677805,1989,2337,1971

2281678805,1984,2333,1979

2281679805,2000,2335,1977

2281680805,1986,2334,1982

2281681805,1991,2326,1987

2281682805,1990,2320,1991

2281683805,1991,2320,1990

2281695801,1985,2315,2032

2281696805,1993,2307,2025

2281697805,1987,2305,2026

2281698805,1985,2299,2044

2281699805,1984,2309,2031

2281700805,1983,2299,2031

2281701805,1986,2309,2038

2281702805,1984,2303,2032

2281713801,1984,2299,2037

2281714805,1987,2309,2047

2281715805,1986,2304,2038

2281716805,1986,2304,2032

2281717805,1989,2315,2022

2281718805,1982,2306,2029

2281719805,1982,2305,2032

2281720805,1982,2305,2031

2281732801,1991,2320,2007

2281733805,1990,2319,2000

2281734805,2000,2315,1997

2281735805,1989,2339,1994

2281736805,1986,2323,1985

2281737805,1973,2335,1984

2281738805,1984,2326,1986

2281739805,1987,2343,1980

2281751801,1995,2346,1917

2281752805,1987,2346,1949

2281753805,1984,2352,1942

2281754805,2005,2353,1937

2281755805,1985,2352,1938

2281756805,1983,2352,1941

2281757805,1974,2365,1930

2281758805,1998,2364,1939

2281769453,1980,2308,1932

2281770805,1983,2350,1936

2281771805,1991,2352,1933

2281772805,1990,2357,1936

2281773805,1987,2359,1946

2281774805,1989,2365,1949

2281775805,1983,2352,1941

2281787801,1990,2339,1967

2281788805,1994,2335,1974

2281789805,1989,2331,1938

2281790805,1982,2333,1983

2281791805,1984,2317,1982

2281792805,1989,2334,1985

2281793805,1984,2329,1985

2281794805,1987,2336,1994

2281806801,1979,2306,2015

2281807805,1987,2309,2020

2281808805,1986,2307,2021

2281809805,1971,2299,2021

2281810805,1983,2305,2029

2281811805,1993,2303,2032

2281812805,1931,2299,2097

2281813805,1987,2295,2032

2281825801,1989,2304,2038

2281826805,1989,2304,2035

2281827805,2000,2303,2037

2281828805,1987,2299,2032

2281829805,1985,2297,2030

2281830805,1985,2297,2032

2281831805,1965,2304,2000

2281832805,1984,2225,2031

2281844801,1983,2313,2006

2281845805,1988,2278,2000

2281846805,1986,2320,1999

2281847805,1973,2326,1999

2281848805,1986,2331,1998

2281849805,1985,2288,1986

2281850805,1983,2331,2003

2281851805,1999,2314,1984

2281863801,1985,2352,1956

2281864805,1991,2397,1949

2281865805,1991,2336,1952

2281866805,1995,2355,1941

2281867805,1995,2352,1951

2281868805,1986,2334,1943

2281869805,1986,2362,1941

2281870805,1984,2355,1942

2281881801,1984,2353,1935

2281882805,1984,2367,1936

2281883805,1984,2351,1942

2281884805,1991,2351,1941

2281885805,1997,2387,1936

2281886805,1985,2354,1938

2281887805,1995,2341,1936

2281888805,1984,2352,1937

2281900801,1991,2387,1974

2281901805,1984,2358,1973

2281902805,1991,2307,1947

2281903805,1984,2333,1979

2281904805,1984,2330,1981

2281905805,1986,2335,1982

2281906805,1991,2327,1987

2281907805,1987,2325,1995

2281919801,1989,2317,2015

2281920805,1985,2307,2026

2281921805,1999,2306,2028

2281922805,1989,2302,2032

2281923805,1985,2305,2020

2281924805,1983,2307,2029

2281925805,1984,2303,2029

2281926805,1984,2306,2030

2281937453,1985,2302,2034

2281938805,1987,2302,2032

2281939805,1987,2302,2032

2281940805,1983,2289,2034

2281941805,1994,2295,2037

2281942805,1984,2305,2032

2281943805,1987,2310,2027

2281955801,1994,2323,2005

2281956805,1983,2320,2000

2281957805,1986,2320,2000

2281958805,2002,2320,1989

2281959805,1995,2334,1997

2281960805,1987,2326,1989

2281961805,1985,2327,1991

2281962805,1984,2315,1990

2281974801,1985,2345,1951

2281975805,1990,2343,1950

2281976805,1984,2316,1951

2281977805,1949,2351,1961

2281978805,1987,2352,1949

2281979805,1989,2351,1950

2281980805,1990,2351,1946

2281981805,1990,2349,1939

2281993801,1988,2350,1935

2281994805,1977,2355,1936

2281995805,1987,2359,1938

2281996805,1975,2353,1926

2281997805,1991,2354,1937

2281998805,1987,2359,1934

2281999805,1988,2350,1938

2282000805,1997,2358,1939

2282012801,1987,2338,1962

2282013805,1998,2347,1967

2282014805,1987,2334,1975

2282015805,1941,2338,1979

2282016805,1987,2337,1979

2282017805,1994,2317,1979

2282018805,1984,2333,1985

2282019805,1984,2327,1985

2282031801,1990,2303,2014

2282032805,1989,2310,2010

2282033805,1984,2311,2017

2282034805,1980,2311,2026

2282035805,1984,2322,2025

2282036805,1978,2310,2025

2282037805,1974,2304,2031

2282038805,1983,2302,2019

2282050801,1981,2299,2034

2282051805,1985,2302,2032

2282052805,1981,2302,2034

2282053805,2000,2301,2034

2282054805,1977,2305,2026

2282055805,1984,2306,2032

2282056805,1986,2306,2032

2282057805,1979,2303,2029

2282069801,1978,2344,1998

2282070805,1989,2313,2001

2282071805,1990,2307,1998

2282072805,1991,2320,1998

2282073805,1984,2325,1995

2282074805,1987,2320,1993

2282075805,2015,2320,1986

2282076805,1990,2327,1989

2282088801,1984,2347,1957

2282089805,1997,2339,1955

2282090805,1994,2342,1953

2282091805,1955,2347,1948

2282092805,1993,2344,1949

2282093805,1981,2351,1944

2282094805,1991,2346,1939

2282095805,1988,2351,1942

2282107801,1986,2345,1936

2282108805,1985,2349,1936

2282109805,1990,2350,1940

2282110805,1982,2347,1939

2282111805,1986,2352,1936

2282112805,1985,2368,1943

2282113805,2000,2352,1947

2282114805,1991,2354,1948

2282126801,1990,2338,1970

2282127805,1983,2333,1971

2282128805,1984,2339,1975

2282129805,1978,2330,1970

2282130805,1985,2323,1979

2282131805,1987,2336,1985

2282132805,2003,2334,1987

2282133805,1991,2319,1991

2282145801,1984,2305,2019

2282146805,1984,2309,2023

2282147805,1984,2307,2017

2282148805,2015,2310,2021

2282149805,1984,2313,2019

2282150805,1965,2305,2032

2282151805,1967,2306,2024

2282152805,1975,2352,2032

2282164801,1985,2303,2026

2282165805,1986,2274,2031

2282166805,1989,2301,2032

2282167805,1990,2299,2031

2282168805,1981,2378,2037

2282169805,1989,2309,2025

2282170805,1984,2304,2031

2282171805,1987,2295,2021

2282183801,1989,2319,2000

2282184805,1984,2320,2000

2282185805,1985,2321,1991

2282186805,1982,2320,1996

2282187805,1983,2315,1986

2282188805,1989,2324,1985

2282189805,1984,2327,1994

2282190805,1983,2326,1984

2282202801,1991,2349,1947

2282203805,2003,2343,1951

2282204805,1987,2350,1946

2282205805,1987,2350,1943

2282206805,1985,2342,1944

2282207805,1987,2339,1942

2282208805,1989,2351,1935

2282209805,1990,2351,1942

2282221801,1987,2352,1937

2282222805,1991,2354,1937

2282223805,1987,2352,1942

2282224805,1984,2356,1945

2282225805,1986,2348,1943

2282226805,1990,2341,1949

2282227805,1971,2345,1970

2282228805,1989,2343,1947

2282240801,1981,2343,1975

2282241805,1983,2335,1979

2282242805,1986,2330,1983

2282243805,1965,2325,1981

2282244805,1990,2321,1979

2282245805,1987,2332,1993

2282246805,1983,2320,1962

2282247805,1990,2321,2000

2282259801,1990,2298,2017

2282260805,1983,2303,2031

2282261805,1982,2304,2023

2282262805,1968,2313,2025

2282263805,1984,2309,2023

2282264805,1984,2301,2032

2282265805,1988,2300,2033

2282266805,1983,2303,2031

2282278801,1985,2302,2031

2282279805,1982,2297,2032

2282280805,1986,2295,2032

2282281805,2032,2298,2032

2282282805,1990,2306,2032

2282283805,2001,2305,2033

2282284805,1984,2310,2019

2282285805,1986,2305,2023

2282297801,1979,2317,1998

2282298805,1985,2322,2000

2282299805,1985,2320,1995

2282300805,2000,2326,1982

2282301805,1989,2322,1981

2282302805,1985,2333,1984

2282303805,1985,2335,1975

2282304805,1985,2334,1984

2282316801,1986,2352,1955

2282317805,1983,2349,1951

2282318805,1988,2352,1939

2282319805,1987,2352,1946

2282320805,1985,2351,1943

2282321805,1997,2353,1941

2282322805,1985,2352,1936

2282323805,1989,2336,1943

2282335801,1986,2358,1942

2282336805,1989,2355,1951

2282337805,1989,2353,1943

2282338805,1995,2351,1936

2282339805,1985,2346,1941

2282340805,1994,2349,1942

2282341805,1987,2348,1943

2282342805,1982,2352,1952

2282354801,1993,2353,1970

2282355805,1989,2327,1984

2282356805,1987,2331,1984

2282357805,1986,2333,1989

2282358805,2000,2323,1987

2282359805,1984,2321,1991

2282360805,1985,2326,1987

2282361805,1984,2315,1996

2282373801,1982,2302,2021

2282374805,1993,2305,2027

2282375805,1990,2310,2019

2282376805,1981,2313,2022

2282377805,1985,2303,2029

2282378805,1983,2306,2021

2282379805,1987,2304,2034

2282380805,1994,2302,2032

2282392801,1982,2406,2027

2282393805,1984,2304,2030

2282394805,1984,2304,2026

2282395805,1981,2310,2022

2282396805,1981,2304,2032

2282397805,1995,2305,2026

2282398805,1989,2305,2026

2282399805,1986,2304,2022

2282411801,1985,2317,1992

2282412805,1987,2321,1993

2282413805,1987,2321,1989

2282414805,1976,2327,1984

2282415805,1981,2315,1981

2282416805,1994,2326,1981

2282417805,1969,2325,1978

2282418805,1990,2327,1986

2282430801,1985,2331,1956

2282431805,1990,2345,1955

2282432805,1988,2352,1949

2282433805,1983,2343,1954

2282434805,1995,2346,1943

2282435805,1990,2352,1936

2282436805,1995,2352,1936

2282437805,1988,2353,1946

2282449801,1989,2418,1947

2282450805,1994,2352,1945

2282451805,1996,2346,1942

2282452805,1992,2349,1942

2282453805,1990,2347,1949

2282454805,1990,2345,1942

2282455805,1979,2352,1921

2282456805,1985,2347,1956

2282468801,1993,2335,1978

2282469805,1989,2329,1974

2282470805,1984,2325,1982

2282471805,1987,2327,1983

2282472805,1986,2323,1987

2282473805,1986,2322,1998

2282474805,1990,2325,1993

2282475805,1975,2297,1997

2282487801,1983,2314,2016

2282488805,1984,2311,2027

2282489805,1985,2311,2024

2282490805,1984,2309,2032

2282491805,1985,2302,2027

2282492805,1986,2304,2021

2282493805,1983,2299,2026

2282494805,1984,2302,2032

2282506801,1989,2308,2032

2282507805,1990,2307,2023

2282508805,1980,2314,2032

2282509805,1987,2305,2023

2282510805,1984,2304,2021

2282511805,1985,2314,2020

2282512805,1955,2309,2018

2282513805,1984,2315,2026

2282525801,1979,2326,1989

2282526805,1999,2329,1996

2282527805,1986,2329,1987

2282528805,1986,2281,1984

2282529805,1986,2331,1986

2282530805,1985,2333,1979

2282531805,1991,2336,1983

2282532805,1995,2336,1973

2282544801,1984,2352,1937

2282545805,1985,2362,1948

2282546805,1999,2337,1943

2282547805,1990,2350,1955

2282548805,1984,2390,1941

2282549805,1984,2340,1943

2282550805,2001,2352,1936

2282551805,1983,2363,1942

2282563801,1983,2352,1940

2282564805,1995,2351,1950

2282565805,1993,2358,1950

2282566805,1985,2351,1951

2282567805,1986,2352,1942

2282568805,1994,2346,1953

2282569805,1994,2337,1956

2282570805,1989,2349,1958

2282582801,1993,2331,1989

2282583805,1986,2329,1981

2282584805,1985,2327,1993

2282585805,1987,2325,1991

2282586805,1983,2331,1998

2282587805,1985,2333,2000

2282588805,1979,2323,1998

2282589805,1991,2317,2002

2282601801,1987,2309,2023

2282602805,1977,2306,2025

2282603805,1987,2311,2030

2282604805,1984,2313,2027

2282605805,1984,2304,2032

2282606805,1986,2313,2031

2282607805,1967,2295,2031

2282608805,1989,2299,2027

2282620801,1990,2301,2019

2282621805,1985,2309,2029

2282622805,1987,2305,2030

2282623805,1986,2315,2026

2282624805,1988,2309,2015

2282625805,1984,2310,2020

2282626805,1985,2317,2021

2282627805,1997,2313,2011

2282639801,1990,2320,1985

2282640805,1988,2329,1988

2282641805,1990,2327,1984

2282642805,1984,2325,1986

2282643805,1983,2334,1970

2282644805,1984,2337,1969

2282645805,1984,2326,1973

2282646805,1994,2329,1970

2282658801,1986,2345,1946

2282659805,1982,2352,1955

2282660805,1984,2352,1941

2282661805,1986,2352,1949

2282662805,2000,2352,1946

2282663805,1985,2351,1939

2282664805,1988,2352,1941

2282665805,1988,2354,1939

2282677801,1993,2348,1951

2282678805,1995,2355,1951

2282679805,1993,2353,1947

2282680805,1994,2352,1955

2282681805,1993,2347,1947

2282682805,2000,2347,1959

2282683805,1990,2335,1954

2282684805,1987,2343,1965

2282696801,1984,2331,1991

2282697805,1984,2325,1988

2282698805,1982,2327,1983

2282699805,1985,2320,1990

2282700805,1987,2321,1991

2282701805,1986,2323,1983

2282702805,1985,2326,2000

2282703805,1986,2321,2005

2282715801,1991,2306,2032

2282716805,1984,2307,2034

2282717805,1988,2306,2030

2282718805,1983,2306,2027

2282719805,1989,2304,2030

2282720805,1985,2304,2029

2282721805,1983,2301,2030

2282722805,1991,2309,2031

2282734801,1993,2306,2021

2282735805,1983,2304,2033

2282736805,1984,2314,2032

2282737805,1985,2306,2013

2282738805,1982,2311,2018

2282739805,1988,2314,2022

2282740805,1990,2317,2019

2282741805,1993,2307,2009

2282753801,1985,2339,1986

2282754805,1991,2323,1981

2282755805,1990,2323,1984

2282756805,1991,2330,1977

2282757805,1986,2330,1983

2282758805,1994,2323,1981

2282759805,1994,2331,1971

2282760805,1991,2338,1968

2282772801,1983,2351,1951

2282773805,1990,2352,1943

2282774805,1967,2347,1941

2282775805,1995,2350,1947

2282776805,1985,2352,1943

2282777805,1989,2352,1950

2282778805,1984,2352,1943

2282779805,1989,2365,1915

2282791801,1990,2347,1951

2282792805,1990,2342,1950

2282793805,1984,2346,1957

2282794805,1988,2346,1957

2282795805,1985,2345,1949

2282796805,1991,2349,1957

2282797805,1987,2346,1957

2282798805,1987,2346,1968

2282810801,1987,2323,1993

2282811805,1987,2337,1995

2282812805,1998,2323,1997

2282813805,1985,2319,1998

2282814805,1984,2319,1999

2282815805,1984,2320,2001

2282816805,1998,2317,2009

2282817805,1989,2320,2007

2282829801,1984,2313,2027

2282830805,1985,2310,2030

2282831805,1983,2305,2033

2282832805,1982,2305,2028

2282833805,1986,2308,2029

2282834805,1990,2301,2031

2282835805,1986,2311,2032

2282836805,1982,2309,2027

2282848801,1984,2311,2047

2282849805,1985,2313,2015

2282850805,1980,2305,2022

2282851805,1983,2314,2030

2282852805,1984,2312,2013

2282853805,1991,2311,2012

2282854805,1981,2315,2006

2282855805,1989,2317,2006

2282867801,1987,2339,1982

2282868805,1985,2331,1986

2282869805,1984,2331,1975

2282870805,1984,2334,1974

2282871805,1988,2339,1975

2282872805,1990,2337,1967

2282873805,1985,2320,1965

2282874805,1993,2335,1972

2282886801,1983,2352,1950

2282887805,1989,2352,1955

2282888805,1997,2346,1951

2282889805,1989,2352,1950

2282890805,1997,2357,1946

2282891805,1984,2350,1940

2282892805,1989,2349,1940

2282893805,1989,2347,1939

2282905801,1980,2352,1957

2282906805,1991,2346,1957

2282907805,1990,2350,1959

2282908805,1996,2350,1965

2282909805,1986,2351,1964

2282910805,1990,2345,1963

2282911805,2029,2348,1930

2282912805,1990,2349,1969

2282924801,1995,2321,1987

2282925805,1989,2321,1989

2282926805,1987,2322,1999

2282927805,1995,2320,2000

2282928805,1993,2317,2003

2282929805,1984,2322,2003

2282930805,1987,2324,2002

2282931805,1982,2320,2003

2282943801,1986,2309,2023

2282944805,1987,2304,2019

2282945805,1979,2309,2027

2282946805,1984,2304,2029

2282947805,1985,2310,2033

2282948805,1989,2307,2029

2282949805,1978,2309,2030

2282950805,1981,2304,2031

2282962801,1993,2311,2027

2282963805,1991,2314,2022

2282964805,1985,2306,2014

2282965805,1991,2307,2020

2282966805,1986,2304,2014

2282967805,1989,2307,2006

2282968805,1994,2319,2009

2282969805,1986,2317,2001

2282981801,1987,2336,1978

2282982805,1995,2326,1978

2282983805,1984,2327,1979

2282984805,1991,2341,1971

2282985805,2004,2331,1968

2282986805,1995,2343,1970

2282987805,1989,2339,1968

2282988805,1987,2335,1966

2283000801,1987,2350,1945

2283001805,1991,2349,1947

2283002805,1987,2357,1948

2283003805,1984,2353,1943

2283004805,1984,2347,1946

2283005805,1985,2352,1941

2283006805,1984,2352,1950

2283007805,1998,2354,1943

2283019801,1985,2349,1963

2283020805,1993,2342,1954

2283021805,1987,2352,1963

2283022805,1986,2338,1957

2283023805,1989,2347,1963

2283024805,1990,2339,1968

2283025805,1995,2337,1965

2283026805,1994,2343,1967

2283038801,1984,2332,1995

2283039805,1988,2320,1989

2283040805,1986,2321,2000

2283041805,1981,2323,2001

2283042805,1984,2319,2003

2283043805,1987,2318,2005

2283044805,1991,2317,2000

2283045805,1982,2313,2008

2283057801,1985,2317,2030

2283058805,1986,2311,2031

2283059805,1984,2304,2027

2283060805,1979,2304,2032

2283061805,1985,2310,2028

2283062805,1984,2308,2032

2283063805,1984,2325,2033

2283064805,1984,2299,2032

2283076801,1984,2317,2012

2283077805,1985,2309,2012

2283078805,1987,2314,2011

2283079805,1985,2314,2011

2283080805,1990,2314,2017

2283081805,1983,2311,2009

2283082805,1984,2263,2003

2283083805,1991,2320,2001

2283095801,1991,2341,1967

2283096805,1988,2327,1974

2283097805,1991,2333,1981

2283098805,1990,2325,1971

2283099805,1987,2343,1974

2283100805,1988,2342,1966

2283101805,1990,2343,1965

2283102805,1984,2341,1950

2283114801,1995,2352,1945

2283115805,1985,2352,1946

2283116805,1991,2350,1949

2283117805,1985,2352,1939

2283118805,1995,2352,1946

2283119805,1989,2352,1951

2283120805,2000,2358,1943

2283121805,1990,2355,1939

2283133801,1985,2345,1953

2283134805,2000,2339,1955

2283135805,1994,2346,1954

2283136805,1989,2346,1967

2283137805,1993,2343,1963

2283138805,1987,2342,1968

2283139805,1991,2346,1973

2283140805,1997,2336,1966

2283152801,1986,2324,1999

2283153805,1983,2318,1992

2283154805,1987,2320,2000

2283155805,1950,2320,2002

2283156805,1990,2320,2003

2283157805,1984,2320,2003

2283158805,1978,2314,2006

2283159805,1989,2320,2011

2283171801,1986,2304,2021

2283172805,1986,2306,2058

2283173805,1986,2300,2025

2283174805,1983,2299,2032

2283175805,1989,2303,2027

2283176805,1986,2313,2031

2283177805,1989,2304,2022

2283178805,1984,2310,2031

2283190801,1985,2319,2011

2283191805,1985,2313,2014

2283192805,1984,2317,1983

2283193805,1984,2319,2006

2283194805,1985,2314,2011

2283195805,1985,2318,2003

2283196805,1991,2288,2005

2283197805,1989,2322,2002

2283209801,1985,2333,1974

2283210805,1985,2336,1976

2283211805,1985,2338,1968

2283212805,1994,2338,1970

2283213805,1988,2334,1968

2283214805,1995,2333,1968

2283215805,1994,2343,1963

2283216805,1987,2343,1965

2283228801,1984,2352,1971

2283229805,1987,2346,1947

2283230805,1999,2350,1941

2283231805,1991,2352,1946

2283232805,1998,2358,1945

2283233805,1985,2351,1943

2283234805,1991,2343,1942

2283235805,1991,2345,1943

2283247801,1985,2347,1960

2283248805,1987,2347,1954

2283249805,1988,2337,1965

2283250805,1987,2341,1961

2283251805,1991,2343,1968

2283252805,1987,2330,1965

2283253805,1995,2295,1970

2283254805,1997,2335,1957

2283266801,1994,2315,1991

2283267805,1984,2314,2000

2283268805,1994,2320,2005

2283269805,2024,2310,2012

2283270805,1987,2315,2000

2283271805,1985,2308,2002

2283272805,1990,2320,2011

2283273805,1985,2308,2015

2283285801,1993,2309,2015

2283286805,2000,2300,2029

2283287805,1981,2298,2023

2283288805,1986,2303,2030

2283289805,1988,2309,2024

2283290805,1984,2305,2031

2283291805,1983,2305,2025

2283292805,1982,2302,2032

2283304801,1991,2309,1970

2283305805,1987,2306,2007

2283306805,1985,2305,2058

2283307805,1984,2315,2013

2283308805,1987,2311,2005

2283309805,1983,2312,2009

2283310805,1984,2294,1998

2283311805,1987,2323,1999

2283323801,1989,2339,1973

2283324805,1985,2335,1969

2283325805,1989,2335,1965

2283326805,1984,2343,1963

2283327805,1981,2338,1967

2283328805,1987,2335,1962

2283329805,1997,2287,1963

2283330805,1989,2350,1963

2283342801,1988,2352,1939

2283343805,1995,2351,1953

2283344805,1985,2350,1942

2283345805,1991,2352,1951

2283346805,1987,2329,1943

2283347805,1996,2342,1946

2283348805,1984,2353,1942

2283349805,1986,2350,1949

2283361801,1986,2342,1955

2283362805,1983,2341,1970

2283363805,1991,2338,1961

2283364805,1991,2320,1968

2283365805,1991,2333,1967

2283366805,1991,2339,1968

2283367805,1985,2331,1971

2283368805,1993,2335,1977

2283380801,1985,2320,2000

2283381805,1985,2328,2023

2283382805,1981,2329,2000

2283383805,1995,2331,2005

2283384805,1988,2307,2005

2283385805,1986,2311,2007

2283386805,1990,2311,2010

2283387805,2021,2312,2014

2283399801,1985,2315,2026

2283400805,1987,2315,2031

2283401805,1990,2314,2018

2283402805,1982,2299,2035

2283403805,1985,2302,2025

2283404805,1983,2306,2031

2283405805,1983,2295,2030

2283406805,1988,2304,2023

2283418801,1987,2319,2005

2283419805,1984,2311,1998

2283420805,1989,2318,2003

2283421805,1986,2318,2001

2283422805,1990,2319,2007

2283423805,1987,2325,1999

2283424805,1982,2405,1998

2283425805,1991,2320,2000

2283437801,1986,2339,1970

2283438805,1989,2341,1963

2283439805,1985,2335,1968

2283440805,1994,2349,1967

2283441805,1985,2335,1961

2283442805,1988,2341,1966

2283443805,1987,2320,1954

2283444805,1987,2333,1962

2283456801,1985,2349,1951

2283457805,1985,2345,1968

2283458805,1989,2350,1947

2283459805,1984,2350,1945

2283460805,1986,2351,1952

2283461805,1999,2356,1952

2283462805,1991,2349,1945

2283463805,1983,2352,1947

2283475801,1979,2339,1968

2283476805,1985,2343,1970

2283477805,1985,2341,1968

2283478805,1979,2278,1971

2283479805,1984,2334,1968

2283480805,1994,2334,1969

2283481805,1978,2342,1972

2283482805,1984,2331,1975

2283494801,1984,2321,2022

2283495805,1990,2322,2001

2283496805,1991,2313,2004

2283497805,1990,2313,2001

2283498805,1990,2311,2006

2283499805,1989,2308,2007

2283500805,1986,2311,2007

2283501805,1984,2306,2016

2283513801,1983,2308,2025

2283514805,1986,2305,2023

2283515805,1987,2307,2021

2283516805,1986,2309,2025

2283517805,1984,2305,1985

2283518805,1985,2305,2023

2283519805,1983,2314,2027

2283520805,1988,2303,2026

2283532801,1989,2317,2007

2283533805,1986,2320,2010

2283534805,1985,2320,2007

2283535805,1987,2316,2000

2283536805,1989,2319,2000

2283537805,1984,2327,2000

2283538805,1985,2320,2001

2283539805,1971,2325,2032

2283551801,1985,2326,1966

2283552805,1970,2335,1965

2283553805,1991,2337,1966

2283554805,2007,2350,1957

2283555805,1950,2353,1966

2283556805,1973,2350,1965

2283557805,1975,2339,1955

2283558805,1991,2349,1956

2283570801,1984,2343,1952

2283571805,1971,2351,1946

2283572805,1989,2350,1947

2283573805,1936,2347,1953

2283574805,2003,2351,1957

2283575805,2039,2347,1949

2283576805,2018,2349,1945

2283577805,1989,2346,1959

2283589801,1989,2349,1973

2283590805,1924,2342,1968

2283591805,1991,2340,1968

2283592805,1977,2336,1970

2283593805,1994,2333,1968

2283594805,1990,2325,1979

2283595805,1985,2334,1987

2283596805,1984,2327,1974

2283608801,1984,2316,2047

2283609805,1954,2314,2007

2283610805,1994,2313,2000

2283611805,1983,2309,2005

2283612805,1985,2308,2032

2283613805,1983,2313,2018

2283614805,1982,2313,2017

2283615805,1986,2307,2032

2283627801,1993,2315,2025

2283628805,1983,2301,2018

2283629805,1981,2306,2021

2283630805,1992,2307,2027

2283631805,1985,2314,2023

2283632805,1986,2300,2032

2283633805,1995,2311,2028

2283634805,1984,2310,2030

2283646801,1986,2318,2007

2283647805,1979,2320,1998

2283648805,1983,2314,1968

2283649805,1984,2320,1998

2283650805,1984,2320,1984

2283651805,1982,2321,1984

2283652805,1984,2323,1989

2283653805,1985,2320,1991

2283665801,1994,2331,1968

2283666805,1978,2336,1978

2283667805,1984,2336,1962

2283668805,1989,2343,1966

2283669805,1989,2338,1947

2283670805,1994,2348,1900

2283671805,1988,2350,1959

2283672805,1987,2339,1959

2283684801,1987,2348,1950

2283685805,1985,2352,1948

2283686805,1973,2345,1949

2283687805,1993,2352,1950

2283688805,1985,2352,1949

2283689805,2022,2345,1953

2283690805,1984,2352,1955

2283691805,1949,2347,1964

2283703801,1985,2342,1968

2283704805,1993,2337,1968

2283705805,1984,2330,1970

2283706805,1983,2337,1971

2283707805,1984,2336,1977

2283708805,1990,2325,1974

2283709805,1984,2327,1971

2283710805,1991,2331,1982

2283722801,1983,2320,2001

2283723805,1987,2320,1987

2283724805,1993,2319,2010

2283725805,1989,2310,2018

2283726805,1982,2310,2003

2283727805,1993,2307,2019

2283728805,1980,2315,2016

2283729805,1982,2305,2022

2283741801,2003,2313,2022

2283742805,1986,2315,2021

2283743805,1986,2304,2023

2283744805,1984,2320,2032

2283745805,1994,2301,1981

2283746805,1984,2305,2019

2283747805,1990,2305,2026

2283748805,1984,2307,2017

2283760801,1986,2317,2001

2283761805,1968,2320,1999

2283762805,1984,2312,1990

2283763805,1978,2319,1996

2283764805,1986,2320,2011

2283765805,1984,2319,1979

2283766805,1987,2334,1991

2283767805,1987,2321,1985

2283779801,1988,2346,1973

2283780805,1977,2341,1962

2283781805,1990,2339,1963

2283782805,1986,2338,1963

2283783805,1989,2342,1973

2283784805,1989,2345,1968

2283785805,1987,2346,1958

2283786805,1985,2337,1964

2283798801,1992,2349,1949

2283799805,1995,2350,1955

2283800805,1985,2351,1959

2283801805,1985,2339,1953

2283802805,1984,2346,1968

2283803805,1987,2341,1954

2283804805,1986,2340,1952

2283805805,2006,2341,1966

2283817801,1990,2339,1970

2283818805,1984,2342,1968

2283819805,1995,2331,1970

2283820805,1989,2329,1979

2283821805,1984,2332,1979

2283822805,1984,2331,1984

2283823805,1988,2327,1978

2283824805,1981,2330,1983

2283836801,1985,2320,2002

2283837805,1987,2313,2010

2283838805,1989,2305,2009

2283839805,1982,2305,2007

2283840805,1954,2317,2061

2283841805,1981,2311,2019

2283842805,1990,2317,2031

2283843805,1974,2311,2016

2283855801,1990,2316,2002

2283856805,1984,2301,2023

2283857805,1991,2310,2023

2283858805,1990,2309,2023

2283859805,1982,2307,2019

2283860805,1990,2306,2019

2283861805,1981,2304,2019

2283862805,1984,2307,2019

2283874801,1985,2320,2000

2283875805,1988,2320,2003

2283876805,1987,2322,1989

2283877805,1999,2323,1999

2283878805,1985,2329,1990

2283879805,1983,2320,1989

2283880805,1982,2327,1991

2283881805,2000,2315,1997

2283893801,1984,2339,1968

2283894805,1997,2341,1963

2283895805,1943,2336,1967

2283896805,1993,2341,1965

2283897805,1984,2347,1958

2283898805,1988,2349,1953

2283899805,1983,2351,1960

2283900805,1986,2351,1958

2283912801,1989,2351,1952

2283913805,1986,2352,1955

2283914805,2000,2355,1942

2283915805,2025,2349,1953

2283916805,2000,2349,1943

2283917805,1990,2347,1947

2283918805,1982,2348,1959

2283919805,1989,2337,1991

2283931801,1998,2337,1945

2283932805,1969,2330,1972

2283933805,1988,2336,1968

2283934805,2033,2355,1979

2283935805,1987,2326,1979

2283936805,2020,2333,1989

2283937805,1987,2320,1977

2283938805,1971,2329,1996

2283950801,1989,2316,2010

2283951805,1983,2316,2009

2283952805,1985,2311,2003

2283953805,2005,2311,2007

2283954805,1978,2316,1995

2283955805,1973,2317,2003

2283956805,1986,2315,2017

2283957805,1989,2311,2047

2283969801,1981,2315,2062

2283970805,1999,2309,2041

2283971805,1989,2304,1991

2283972805,2032,2303,2018

2283973805,1968,2309,1984

2283974805,1969,2307,2016

2283975805,1985,2315,2022

2283976805,1986,2310,2012

2283988801,1986,2322,2007

2283989805,1972,2321,1995

2283990805,1994,2325,1986

2283991805,1974,2321,1991

2283992805,1999,2331,1991

2283993805,1963,2326,1968

2283994805,1980,2321,1984

2283995805,1965,2330,1987

2284007801,1998,2341,1966

2284008805,1987,2342,1989

2284009805,2009,2352,1946

2284010805,1989,2338,1969

2284011805,1981,2346,1943

2284012805,1999,2351,1917

2284013805,1997,2359,1959

2284014805,1979,2352,1955

2284026801,1989,2352,1957

2284027805,1993,2343,1946

2284028805,1988,2346,1952

2284029805,1991,2342,1952

2284030805,1991,2347,1959

2284031805,1993,2352,1957

2284032805,1978,2349,1958

2284033805,1993,2341,1950

2284045801,1989,2332,1967

2284046805,2011,2336,1980

2284047805,1990,2333,1979

2284048805,1995,2327,1985

2284049805,1989,2327,1987

2284050805,1989,2332,1991

2284051805,1984,2327,1987

2284052805,1977,2322,1974

2284064801,1987,2318,2015

2284065805,1990,2311,2020

2284066805,1985,2316,2015

2284067805,1994,2317,2016

2284068805,1993,2306,2037

2284069805,1983,2310,1984

2284070805,1989,2307,2016

2284071805,1987,2307,2022

2284083801,1986,2304,2014

2284084805,1985,2301,2021

2284085805,1986,2309,2019

2284086805,1990,2318,2015

2284087805,1985,2313,1999

2284088805,1989,2311,2017

2284089805,1985,2314,2019

2284090805,1977,2309,2016

2284102801,1999,2320,2000

2284103805,1984,2318,1998

2284104805,1991,2331,1993

2284105805,1985,2334,1995

2284106805,1982,2325,1997

2284107805,1958,2322,1984

2284108805,1986,2325,1981

2284109805,1989,2325,1975

2284121801,1978,2347,1959

2284122805,1986,2347,1982

2284123805,1984,2342,1968

2284124805,1985,2348,1958

2284125805,1984,2339,1953

2284126805,1991,2336,1953

2284127805,1987,2346,1950

2284128805,1989,2352,1955

2284140801,1970,2352,1954

2284141805,1984,2339,1953

2284142805,1989,2337,1956

2284143805,1984,2352,1958

2284144805,1983,2350,1956

2284145805,1987,2352,1952

2284146805,1988,2339,1958

2284147805,1984,2350,1956

2284159801,1987,2331,2003

2284160805,1971,2333,1971

2284161805,1989,2333,1985

2284162805,1989,2325,1981

2284163805,1984,2329,1987

2284164805,1989,2333,1985

2284165805,1985,2323,1986

2284166805,1986,2320,1991

2284178801,1985,2314,2018

2284179805,1988,2317,2014

2284180805,1984,2306,2000

2284181805,1987,2319,2013

2284182805,1987,2308,2012

2284183805,1994,2305,2017

2284184805,1983,2311,2017

2284185805,1989,2309,2019

2284197801,1997,2311,2003

2284198805,1995,2304,2019

2284199805,1986,2315,2013

2284200805,2031,2309,2018

2284201805,1984,2318,2013

2284202805,1985,2311,2019

2284203805,1990,2318,2010

2284204805,1986,2305,2013

2284216801,1887,2317,2042

2284217805,1988,2323,1998

2284218805,1968,2322,1987

2284219805,1997,2320,1994

2284220805,2002,2322,1986

2284221805,1984,2330,1978

2284222805,1982,2330,1978

2284223805,1998,2327,1983

2284235801,1989,2335,1957

2284236805,1976,2341,1959

2284237805,1967,2339,1963

2284238805,1988,2342,1955

2284239805,1991,2348,1965

2284240805,1990,2341,1961

2284241805,1984,2346,1954

2284242805,1983,2337,1949

2284254801,1980,2352,1936

2284255805,1987,2352,1967

2284256805,1984,2338,1961

2284257805,1995,2343,1957

2284258805,1972,2338,1955

2284259805,2032,2351,1952

2284260805,1989,2346,1968

2284261805,2003,2343,1963

2284273801,1983,2337,1980

2284274805,1981,2321,1987

2284275805,1984,2329,1942

2284276805,1980,2320,1984

2284277805,1967,2327,1985

2284278805,2022,2321,1987

2284279805,1987,2326,2022

2284280805,2000,2331,1990

2284292801,1984,2318,2006

2284293805,1968,2307,2005

2284294805,1987,2306,2010

2284295805,1997,2306,2013

2284296805,1985,2320,1968

2284297805,1968,2310,2015

2284298805,1989,2309,2018

2284299805,1968,2314,2015

2284311801,1981,2306,2018

2284312805,1966,2317,2018

2284313805,1985,2309,2021

2284314805,1968,2305,2015

2284315805,2011,2307,2007

2284316805,1952,2307,2012

2284317805,1990,2303,2006

2284318805,2006,2320,2007

2284330801,1985,2323,1993

2284331805,1967,2326,1995

2284332805,1987,2336,1988

2284333805,1982,2331,1983

2284334805,1989,2333,1978

2284335805,1968,2338,1965

2284336805,1987,2327,1984

2284337805,1984,2333,2000

2284349801,1989,2341,1959

2284350805,1983,2339,1952

2284351820,1985,2361,1957

2284352805,2013,2341,1944

2284353805,1990,2341,1973

2284354805,1993,2347,1959

2284355805,1990,2339,1951

2284356805,1991,2348,1954

2284368801,1996,2339,1958

2284369805,1993,2347,1967

2284370805,1986,2342,1955

2284371805,1982,2348,1953

2284372805,1986,2337,1971

2284373805,1984,2339,1970

2284374805,1984,2343,1957

2284375805,1985,2347,1962

2284387801,1986,2330,1977

2284388805,1998,2333,1982

2284389805,1984,2333,1981

2284390805,1968,2333,1990

2284391805,1977,2321,1994

2284392805,1985,2315,1982

2284393805,1990,2330,2000

2284394805,1984,2322,1997

2284406801,1985,2320,2014

2284407821,1986,2313,2005

2284408805,1983,2310,2010

2284409805,2014,2309,2015

2284410805,1981,2310,2017

2284411805,1989,2314,2013

2284412805,1984,2311,2013

2284413805,1984,2319,2015

2284425801,1988,2309,2018

2284426805,1982,2310,2031

2284427805,1983,2317,2032

2284428805,1967,2315,2014

2284429805,1987,2320,2009

2284430805,1985,2309,2007

2284431805,1990,2317,2010

2284432805,1989,2320,2009

2284444801,2002,2333,1987

2284445805,1987,2318,1995

2284446805,1984,2322,1982

2284447805,1982,2326,1981

2284448805,1989,2333,1983

2284449805,1989,2327,1975

2284450805,1991,2331,1983

2284451805,1986,2333,1968

2284463836,1989,2343,1955

2284464805,1997,2341,1957

2284465805,1983,2343,1954

2284466805,1990,2338,1962

2284467805,1993,2341,1962

2284468805,1989,2352,1965

2284469805,1990,2349,1958

2284470805,1983,2339,1954

2284481801,1987,2340,1957

2284482805,1993,2340,1952

2284483805,1987,2338,1962

2284484805,2000,2331,1961

2284485805,1997,2347,1953

2284486805,1994,2341,1957

2284487805,1997,2341,1963

2284488805,1985,2347,1961

