2340050805,2014,2330,1989

2340051805,1990,2324,1991

2340052805,1974,2318,1984

2340053805,1991,2321,1981

2340054805,2001,2337,1978

2340055805,1984,2325,1986

2340056805,1984,2333,1979

2340068801,1995,2336,1938

2340069805,1981,2338,1959

2340070805,1993,2334,1965

2340071805,1997,2341,1964

2340072805,1995,2337,1957

2340073805,1979,2347,1963

2340074805,1984,2349,1952

2340075805,1989,2349,1955

2340087801,1995,2349,1964

2340088805,1982,2343,1962

2340089805,1986,2335,1943

2340090805,1991,2342,1965

2340091805,1984,2337,1968

2340092805,1991,2352,1964

2340093805,1989,2337,1959

2340094805,1989,2346,1967

2340106801,1990,2321,1983

2340107805,2007,2324,1987

2340108805,1990,2326,1984

2340109805,1987,2329,1989

2340110805,1984,2324,1986

2340111805,1981,2335,1990

2340112805,1990,2322,1990

2340113805,1993,2330,2000

2340125801,1983,2313,2013

2340126805,1983,2311,2010

2340127805,1984,2320,2023

2340128805,1990,2315,2008

2340129805,1985,2315,2013

2340130805,1977,2311,2014

2340131805,1984,2304,2021

2340132805,1987,2309,2017

2340144801,1988,2305,2011

2340145805,1998,2309,2000

2340146805,1977,2319,2013

2340147805,1986,2309,2006

2340148805,1983,2273,2002

2340149805,1987,2319,2005

2340150805,1984,2320,2002

2340151805,1993,2318,2006

2340163801,1987,2323,1987

2340164805,1983,2326,1999

2340165805,1987,2327,1986

2340166805,2004,2322,1980

2340167805,1997,2352,1985

2340168805,1985,2329,1984

2340169805,1985,2329,1999

2340170805,1998,2324,1975

2340182801,1987,2347,1958

2340183805,1987,2337,1958

2340184805,1990,2350,1961

2340185805,1994,2350,1954

2340186805,1985,2349,1955

2340187805,1995,2373,1953

2340188805,1995,2348,1956

2340189805,1995,2347,1953

2340200801,1989,2341,1962

2340201805,1990,2333,1960

2340202805,1984,2341,1962

2340203805,1988,2331,1962

2340204805,1997,2347,1968

2340205805,1988,2336,1970

2340206805,1990,2321,1968

2340207805,2000,2342,1971

2340219801,1990,2322,1983

2340220805,1985,2338,1984

2340221805,1987,2318,1977

2340222805,1991,2325,1983

2340223805,1987,2336,1993

2340224805,1985,2319,1995

2340225805,1981,2321,1989

2340226805,1985,2318,1987

2340238801,1986,2320,2003

2340239805,1985,2320,2013

2340240805,1990,2323,2016

2340241805,1985,2318,2018

2340242805,1985,2315,2027

2340243805,1984,2317,2003

2340244805,1991,2321,2011

2340245805,1983,2313,2019

2340256453,1988,2309,2011

2340257805,1990,2320,2015

2340258805,1983,2318,2016

2340259805,1986,2317,2003

2340260805,1990,2320,2011

2340261805,1985,2310,2005

2340262805,1988,2311,2004

2340274801,1986,2324,1997

2340275805,1987,2321,1987

2340276805,1991,2329,1986

2340277805,2013,2325,1984

2340278805,1985,2325,1991

2340279805,1989,2327,1977

2340280805,1994,2327,1984

2340281805,1984,2334,1983

2340293801,1981,2341,1967

2340294805,1990,2342,1959

2340295805,1989,2338,1966

2340296805,1987,2340,1967

2340297805,1984,2338,1962

2340298805,1981,2342,1959

2340299805,1985,2350,2020

2340300805,1991,2342,1956

2340312801,1991,2342,1951

2340313805,1991,2351,1957

2340314805,2016,2349,1962

2340315805,2005,2333,1963

2340316805,1991,2352,1968

2340317805,1989,2322,1965

2340318805,1990,2339,1984

2340319805,2023,2336,1969

2340331801,1998,2327,1983

2340332805,1986,2325,1990

2340333805,1986,2330,1985

2340334805,1989,2343,1989

2340335805,1990,2330,1994

2340336805,1989,2322,1994

2340337805,1985,2325,1994

2340338805,1983,2316,1998

2340350801,1986,2319,1969

2340351805,1989,2319,2010

2340352805,1995,2310,2014

2340353805,1987,2307,2004

2340354805,1990,2320,2006

2340355805,1984,2307,2013

2340356805,1986,2316,2011

2340357805,1981,2320,2017

2340368801,1986,2320,2018

2340369805,1983,2315,2010

2340370805,1987,2315,2007

2340371805,2000,2318,2015

2340372805,1990,2317,2011

2340373805,1985,2315,2000

2340374805,1987,2311,2014

2340375805,1984,2318,2007

2340387801,1982,2330,1990

2340388805,1985,2323,1994

2340389805,1991,2338,1981

2340390805,1993,2333,1987

2340391805,1981,2320,1984

2340392805,1985,2331,1990

2340393805,1986,2320,1981

2340394805,1989,232,1984,2325,1984

2388535805,1991,2329,1990

2388536805,1983,2329,1983

2388537805,1987,2324,1982,1983

2388537805,1987,2324,1982

2388538805,1991,2333,1984

2388550801,1988,2320,2058

2388551805,1989,2321,1990

2388552805,1989,2326,1985

2388553805,1986,2346,1987

2388554805,1990,2329,1985

2388555805,1987,2325,1991

2388556805,1999,2289,1991

2388557805,1984,2336,1990

2388569801,1981,2320,1990

2388570805,1983,2329,1984

2388571805,1984,2330,1990

2388572805,1993,2330,1985

2388573805,1994,2333,1988

2388574805,1984,2320,1994

2388575805,1985,2323,1991

2388576805,1987,2331,1990

2388587801,1986,2325,1985

2388588805,1993,2327,1987

2388589805,1987,2349,1981

2388590805,1987,2333,1984

2388591805,1983,2337,1984

2388592805,1987,2326,1979

2388593805,1984,2327,1994

2388594805,1991,2325,1983

2388606801,1984,2339,1987

2388607805,1989,2331,1991

2388608805,1987,2320,1983

2388609805,1987,2346,1983

2388610805,1983,2331,1984

2388611805,1995,2320,2027

2388612805,1985,2335,1993

2388613805,1990,2325,1984

2388625801,1966,2323,1989

2388626805,1984,2322,1985

2388627805,1984,2336,1997

2388628805,1979,2322,1984

2388629805,1984,2325,1943

2388630805,1989,2329,1983

2388631805,1986,2326,1990

2388632805,1989,2320,1987

2388643453,1986,2321,1979

2388644805,1984,2327,1983

2388645805,1985,2329,1984

2388646805,2015,2341,1995

2388647805,1959,2337,1992

2388648805,1986,2326,1993

2388649805,1985,2331,1990

2388661801,1987,2329,1985

2388662805,1994,2331,1987

2388663805,1987,2320,1981

2388664805,1984,2314,1985

2388665805,1992,2324,1984

2388666805,1989,2331,1968

2388667805,1994,2345,1975

2388668805,1998,2326,1991

2388680801,1982,2327,1968

2388681810,1995,2335,1984

2388682805,1985,2337,1984

2388683805,1983,2361,1994

2388684805,1989,2330,1982

2388685805,1982,2320,1989

2388686805,1986,2320,1983

2388687805,1985,2329,1984

2388699801,1997,2329,1990

2388700805,1993,2323,1985

2388701805,1987,2327,1984

2388702805,1984,2345,1980

2388703805,1984,2337,1986

2388704805,1986,2326,1986

2388705805,1989,2351,1990

2388706805,1987,2324,1981

2388718801,1993,2336,1984

2388719805,1989,2335,1994

2388720805,1985,2320,1981

2388721805,1984,2342,1979

2388722805,1983,2326,1991

2388723805,1986,2335,1984

2388724805,1985,2331,1985

2388725805,1999,2329,1982

2388737801,1989,2325,1990

2388738805,1983,2333,1982

2388739805,1987,2321,1989

2388740805,1984,2328,1991

2388741805,1987,2331,1969

2388742805,1991,2331,1987

2388743805,1990,2326,1981

2388744805,1990,2322,1978

2388756801,1995,2327,1984

2388757805,1987,2327,1984

2388758805,1986,2327,1983

2388759805,1988,2330,1983

2388760805,1986,2322,2038

2388761805,1991,2332,1991

2388762805,2007,2329,1991

2388763805,1989,2330,1972

2388775801,1987,2331,1985

2388776805,1983,2325,1984

2388777805,1995,2320,1989

2388778805,1981,2327,1984

2388779805,1981,2330,1989

2388780805,1989,2330,1991

2388781805,1985,2323,1983

2388782805,1994,2339,1985

2388794801,1988,2329,1990

2388795805,1987,2316,1985

2388796805,1991,2333,1975

2388797805,1990,2333,1984

2388798805,1991,2320,1989

2388799805,1990,2327,1987

2388800805,1989,2317,1990

2388801805,1991,2318,1988

2388813801,1989,2320,1991

2388814805,1989,2327,1986

2388815805,1989,2324,1983

2388816805,1985,2326,1984

2388817805,1988,2325,1984

2388818805,1995,2336,1989

2388819805,1987,2321,1981

2388820805,1987,2330,1983

2388832801,1989,2327,1988

2388833805,1981,2329,1983

2388834805,1989,2325,1985

2388835805,1988,2321,1984

2388836805,1993,2338,1984

2388837805,1993,2329,1989

2388838805,1991,2333,1985

2388839805,1982,2327,1984

2388851801,1991,2321,1987

2388852805,1991,2330,1978

2388853805,1986,2320,1981

2388854805,1983,2323,1983

2388855805,1984,2330,1968

2388856805,1994,2331,1946

2388857805,1990,2281,1999

2388858805,1990,2330,1989

2388870801,1984,2327,1991

2388871805,1994,2321,1985

2388872805,1989,2332,1968

2388873805,1990,2327,1993

2388874805,1989,2327,1984

2388875805,1979,2338,1959

2388876805,1987,2327,1982

2388877805,1985,2320,1982

2388889801,1982,2333,1984

2388890805,1994,2323,1995

2388891805,1990,2323,1981

2388892805,1985,2328,1982

2388893805,1989,2320,1989

2388894805,1986,2320,1979

2388895805,1989,2326,1987

2388896805,1987,2333,1987

2388908801,1985,2320,1978

2388909805,1987,2319,2030

2388910805,1979,2325,1979

2388911805,2002,2323,1989

2388912805,1986,2329,1965

2388913805,1986,2323,1989

2388914805,1988,2331,1991

2388915805,1988,2325,2000

2388927801,1987,2328,1985

2388928805,1978,2335,1946

2388929805,1989,2330,1987

2388930805,1979,2333,1984

2388931805,1990,2320,1967

2388932805,1981,2320,1985

2388933805,1995,2338,1986

2388934805,1987,2330,1982

2388945801,1990,2330,1984

2388946805,1988,2331,1984

2388947805,1982,2326,1985

2388948805,1981,2323,2007

2388949805,1996,2320,1953

2388950805,1979,2327,1979

2388951805,1989,2329,2012

2388952805,1984,2326,1971

2388964801,1984,2318,1991

2388965805,1985,2327,2000

2388966805,1987,2325,1986

2388967805,1985,2327,1991

2388968805,1989,2335,1984

2388969805,1987,2325,1987

2388970805,1990,2321,2042

2388971805,1989,2336,1987

2388983801,1983,2327,1988

2388984805,1989,2320,1983

2388985805,1997,2327,2001

2388986805,1988,2324,1991

2388987805,1984,2330,1987

2388988805,1988,2331,2000

2388989805,1987,2330,1979

2388990805,1984,2327,1986

2389001453,1994,2331,1983

2389002805,1986,2331,1986

2389003805,1989,2320,1984

2389004805,1985,2333,1985

2389005805,1990,2327,1985

2389006805,1981,2332,1989

2389007805,1904,2321,1985

2389019801,1990,2317,1984

2389020805,1989,2321,1985

2389021805,1986,2320,1982

2389022805,1986,2320,1985

2389023805,1986,2321,1994

2389024805,1998,2334,1983

2389025805,1983,2329,1997

2389026805,1990,2327,1984

2389038801,1986,2320,1981

2389039805,1983,2319,1982

2389040805,1984,2327,1980

2389041805,1989,2325,1982

2389042805,1989,2323,1985

2389043805,1987,2331,1983

2389044805,1985,2326,1983

2389045805,1991,2324,1969

2389057801,1993,2330,1997

2389058805,1985,2334,1979

2389059805,1993,2323,1991

2389060805,1983,2334,1990

2389061805,1985,2323,1987

2389062805,1986,2326,1990

2389063805,1983,2329,1983

2389064805,1987,2327,1985

2389076801,1991,2319,1982

2389077805,1990,2330,1995

2389078805,1978,2328,1983

2389079805,1989,2333,1979

2389080805,1986,2327,1983

2389081805,1984,2326,1997

2389082805,1991,2317,1983

2389083805,1986,2322,1986

2389095801,1993,2329,1989

2389096805,1995,2331,1989

2389097805,1994,2327,1986

2389098805,1983,2332,1984

2389099805,1986,2333,1987

2389100805,1987,2320,1966

2389101805,1984,2325,1973

2389102805,1981,2312,1985

2389113801,1991,2334,1973

2389114805,1987,2320,1982

2389115805,1987,2327,1997

2389116805,1987,2325,1984

2389117805,1961,2335,1989

2389118805,1993,2325,1986

2389119805,1991,2325,1981

2389120805,1983,2321,1987

2389132801,1984,2325,1996

2389133805,1991,2330,1986

2389134805,1987,2326,1985

2389135805,1969,2320,1981

2389136805,1990,2325,1983

2389137805,1983,2330,1982

2389138805,1970,2327,1986

2389139805,1982,2335,1990

2389151801,1986,2324,1988

2389152805,1986,2326,1985

2389153805,2003,2335,1989

2389154805,1990,2323,1993

2389155805,1989,2334,1991

2389156805,1983,2320,1985

2389157805,1989,2320,1983

2389158805,1986,2330,1991

2389169453,1975,2325,1970

2389170805,2007,2327,1994

2389171805,2012,2326,1975

2389172805,2015,2324,1957

2389173805,1983,2325,1987

2389174805,1968,2323,1985

2389175805,1990,2322,1987

2389187801,1982,2327,1991

2389188805,1971,2325,1970

2389189805,1994,2336,1994

2389190805,2031,2326,1977

2389191805,1911,2321,2002

2389192805,1968,2333,1936

2389193805,1984,2326,1982

2389194805,1970,2331,1971

2389206801,1989,2320,1995

2389207805,1981,2325,1978

2389208805,1986,2320,1987

2389209805,2002,2337,1989

2389210805,1979,2334,1991

2389211805,1984,2331,1988

2389212805,1987,2339,1987

2389213805,1965,2327,1982

2389225801,1993,2331,2000

2389226805,1983,2324,1984

2389227805,1975,2329,1953

2389228805,1979,2324,1993

2389229805,2010,2331,1993

2389230805,1974,2334,1927

2389231805,1986,2332,1988

2389232805,1947,2321,1947

2389244801,1982,2321,1987

2389245805,2026,2325,1994

2389246805,1969,2321,1995

2389247805,1975,2326,1984

2389248805,1975,2321,2032

2389249805,1968,2337,1950

2389250805,1986,2326,1985

2389251805,1985,2330,1949

2389263801,1989,2338,1991

2389264805,1984,2325,1983

2389265805,1915,2339,2007

2389266805,1953,2335,1987

2389267805,1994,2324,1984

2389268805,1975,2328,1972

2389269805,1991,2361,1995

2389270805,1984,2326,1994

2389281801,1978,2323,1984

2389282805,1990,2330,2026

2389283805,1984,2325,1978

2389284805,2047,2333,1999

2389285805,1985,2327,1971

2389286805,1981,2323,1985

2389287805,1986,2333,1985

2389288805,1990,2320,1971

2389300801,1981,2333,1990

2389301805,2035,2326,1953

2389302805,1986,2325,1984

2389303805,1987,2320,1943

2389304805,1998,2320,1983

2389305805,1985,2336,1979

2389306805,1978,2326,1986

2389307805,1984,2319,1987

2389319801,1981,2335,1987

2389320805,1989,2334,1987

2389321805,1990,2319,1988

2389322805,1990,2327,1991

2389323805,1984,2325,2011

2389324805,2008,2335,1987

2389325805,1984,2327,1982

2389326805,1983,2320,1981

2389337453,1984,2325,1989

2389338805,1991,2329,1983

2389339805,1992,2334,2000

2389340805,1992,2321,1993

2389341805,1986,2321,1991

2389342805,1985,2322,1983

2389343805,1987,2326,1989

2389355801,1986,2329,1987

2389356805,1983,2323,1982

2389357805,1979,2338,1995

2389358805,1989,2326,1984

2389359805,1985,2320,1987

2389360805,1988,2321,1983

2389361805,1996,2326,1996

2389362805,1989,2323,1988

2389374801,1986,2326,1983

2389375841,1993,2326,1988

2389376805,1984,2331,1995

2389377805,1989,2324,1990

2389378805,1994,2320,1990

2389379805,1987,2320,1985

2389380805,1987,2333,1984

2389381805,1998,2334,1988

2389393801,2000,2332,1988

2389394805,1997,2330,1995

2389395805,1980,2323,2035

2389396805,1981,2331,1991

2389397805,1988,2321,1990

2389398805,1990,2320,1987

2389399805,1991,2325,1986

2389400805,1986,2327,1986

2389412801,1987,2321,1990

2389413805,1988,2329,2079

2389414805,1987,2334,1985

2389415805,1987,2320,1987

2389416805,1989,2324,1982

2389417805,2010,2325,1971

2389418805,1988,2321,1983

2389419805,1984,2337,1993

2389431819,1989,2320,1965

2389432805,1984,2321,1985

2389433805,1991,2323,1978

2389434805,1981,2320,1987

2389435805,1982,2321,1981

2389436805,1989,2324,1989

2389437805,1988,2331,1989

2389438805,1983,2330,1985

2389450801,1990,2325,1988

2389451805,1995,2329,1982

2389452805,1989,2322,1988

2389453805,2000,2335,1987

2389454805,1973,2327,1987

2389455805,1984,2327,1978

2389456805,1987,2323,1963

2389457805,1997,2331,1990

2389469801,1997,2329,2026

2389470805,2000,2327,1986

2389471805,1975,2331,1989

2389472805,2005,2423,1970

2389473805,2015,2019,2014

2389474805,2014,1739,2016

2389475805,2016,1474,2047

2389476805,2023,1069,2112

2389488801,1979,1638,2343

2389489805,1950,2178,2329

2389490805,1918,2378,2287

2389491805,1966,2620,2198

2389492805,1936,2754,2144

2389493805,1967,2559,2091

2389494805,1988,2667,2087

2389495805,1911,2623,2191

2389507801,1980,4095,1571

2389508805,1966,4095,1607

2389509805,1937,4095,1599

2389510805,1926,4095,1489

2389511805,1963,4095,1455

2389512805,1942,4095,1431

2389513805,1966,3581,1552

2389514805,1932,3202,1712

2389526801,1949,4095,1509

2389527805,1927,3999,1535

2389528805,1925,3840,1485

2389529805,1925,3536,1425

2389530805,1963,2946,1490

2389531805,1942,2496,1643

2389532805,1908,2299,1787

2389533805,1904,2090,1857

2389545801,1917,2128,1840

2389546805,1898,1884,1819

2389547805,1970,1411,1823

2389548805,2038,1008,1933

2389549805,1994,830,2093

2389550805,1956,628,2229

2389551805,1936,602,2243

2389552805,1935,611,2199

2389564801,2020,528,2256

2389565805,2066,357,2288

2389566805,2045,240,2401

2389567805,2023,165,2512

2389568805,1991,132,2620

2389569805,1989,144,2611

2389570805,2023,106,2523

2389571805,2058,336,2476

2389572805,2029,704,2475

2389584801,1994,705,2535

2389585805,1943,820,2654

2389586805,1905,960,2658

2389587805,1915,1017,2590

2389588805,1933,1323,2491

2389589805,1931,1762,2403

2389590805,1923,2171,2390

2389591805,1888,2502,2400

2389602801,1937,2357,2255

2389603805,1889,2512,2301

2389604805,1860,2638,2286

2389605805,1906,2901,2139

2389606805,1923,3196,2001

2389607805,1918,3439,1964

2389608805,1910,3653,1936

2389609805,1889,3835,1902

2389621801,1904,3547,1796

2389622805,1936,3760,1731

2389623805,1926,3918,1623

2389624805,1959,4044,1495

2389625805,1975,4095,1464

2389626805,1959,4095,1472

2389627805,1949,4095,1455

2389628805,1939,4095,1397

2389640801,1894,3279,1518

2389641805,1954,3513,1369

2389642805,1991,3613,1319

2389643805,1965,3655,1343

2389644805,1947,3547,1389

2389645805,1920,3563,1422

2389646805,1965,3472,1376

2389647805,1953,3095,1322

2389659801,1985,1981,1691

2389660805,2017,2015,1679

2389661805,1978,1967,1737

2389662805,1957,1974,1823

2389663805,1927,1898,1846

2389664805,1961,1618,1827

2389665805,2000,1290,1819

2389666837,2017,946,1903

2389678801,2028,1319,2270

2389679805,1981,1412,2286

2389680805,1954,1411,2353

2389681805,1962,1188,2378

2389682805,1998,918,2369

2389683805,2019,687,2389

2389684805,2032,531,2467

2389685805,1999,479,2593

2389697801,1929,2299,2500

2389698805,1903,2142,2544

2389699805,1939,1916,2539

2389700805,1954,1747,2513

2389701805,1971,1649,2510

2389702805,1959,1627,2589

2389703805,1921,1603,2662

2389704805,1899,1533,2710

2389716801,1904,3407,2180

2389717805,1948,3226,2148

2389718805,1935,3088,2103

2389719805,1958,3011,2103

2389720805,1921,2931,2159

2389721805,1900,2831,2206

2389722819,1903,2880,2181

2389723805,1907,3086,2096

2389735801,1936,3711,1534

2389736805,1958,3478,1517

2389737805,1966,3270,1515

2389738805,1989,3067,1584

2389739805,1951,3042,1627

2389740805,1936,3196,1589

2389741805,1947,3443,1475

2389742805,1966,3653,1375

2389754801,1989,2412,1326

2389755805,1985,2133,1386

2389756805,1977,2026,1456

2389757805,2016,2095,1488

2389758805,1944,2229,1460

2389759805,1967,2375,1378

2389760805,1985,2447,1319

2389761805,2006,2506,1321

2389773801,2013,691,1830

2389774805,1986,741,1917

2389775805,1967,874,1958

2389776805,1967,1007,1929

2389777805,2000,1133,1872

2389778805,2032,1218,1840

2389779805,2013,1438,1899

2389780805,1970,1609,1959

2389792801,1971,501,2601

2389793805,1958,670,2608

2389794805,1968,851,2545

2389795805,1981,1071,2489

2389796805,2000,1350,2480

2389797805,1965,1616,2502

2389798805,1936,1754,2559

2389799805,1931,1728,2582

2389811801,1939,1765,2811

2389812805,1919,2037,2709

2389813805,1927,2384,2613

2389814805,1954,2697,2588

2389815805,1904,2867,2591

2389816805,1889,2909,2615

2389817805,1897,2862,2593

2389818805,1920,2768,2539

2389830801,1904,3541,2177

2389831805,1936,3757,2058

2389832805,1940,3913,2039

2389833805,1914,4032,2021

2389834805,1904,4095,2027

2389835805,1907,4087,1981

2389836805,1941,3995,1918

2389837805,1938,3785,1900

2389849801,1984,4095,1307

2389850805,1975,4095,1302

2389851805,1967,4095,1311

2389852805,1919,4095,1314

2389853805,1942,4003,1279

2389854805,1968,3651,1235

2389855805,1973,3246,1253

2389856805,1979,2930,1291

2389868801,1986,3088,1095

2389869805,1965,2940,1150

2389870805,1952,2766,1175

2389871805,1965,2494,1171

2389872805,1965,2145,1191

2389873805,2007,1829,1248

2389874805,1994,1623,1335

2389875805,1986,1517,1424

2389887801,1963,1610,1703

2389888805,1990,1377,1759

2389889805,2006,1079,1792

2389890805,2046,811,1840

2389891805,2025,663,1937

2389892805,2000,591,2045

2389893805,1988,587,2133

2389894805,1979,623,2149

2389895805,2013,635,2144

2389906801,1963,960,2572

2389907805,1990,782,2604

2389908805,1993,704,2643

2389909805,1986,705,2724

2389910805,1963,753,2811

2389911805,1948,816,2848

2389912805,1951,909,2832

2389913805,1968,1127,2793

2389925801,1941,1730,2857

2389926805,1936,1775,2864

2389927805,1940,1834,2895

2389928805,1902,1909,2921

2389929805,1890,2032,2891

2389930805,1904,2263,2810

2389931805,1914,2585,2708

2389932805,1911,2893,2640

2389944801,1929,2885,2289

2389945805,1915,2928,2287

2389946805,1904,3019,2252

2389947805,1907,3257,2176

2389948805,1905,3506,2065

2389949805,1932,3713,1904

2389950805,1943,3863,1860

2389951805,1929,4032,1840

2389963801,1973,3013,1434

2389964805,1946,3191,1414

2389965805,1978,3444,1328

2389966805,1965,3649,1226

2389967805,1981,3823,1153

2389968805,1984,3871,1114

2389969805,1972,3882,1105

2389970805,1968,3905,1109

2389982801,1973,2352,1151

2389983805,1982,2478,1113

2389984805,2013,2515,1069

2389985805,2014,2529,1051

2389986805,2002,2527,1088

2389987805,1979,2514,1136

2389988805,1978,2443,1168

2389989805,1983,2257,1185

2390001801,1986,1568,1728

2390002805,2005,1630,1737

2390003805,2006,1677,1760

2390004805,1982,1734,1855

2390005805,1975,1693,1915

2390006805,1967,1550,1975

2390007805,1995,1323,2001

2390008805,2004,1113,2063

2390020801,1968,1786,2593

2390021805,1968,1891,2629

2390022805,1935,1912,2693

2390023805,1923,1809,2747

2390024805,1936,1663,2773

2390025805,1968,1519,2795

2390026805,1965,1443,2824

2390027805,1974,1302,2880

2390039801,1907,2885,2821

2390040805,1905,2826,2846

2390041805,1904,2687,2853

2390042805,1929,2573,2865

2390043805,1919,2494,2800

2390044805,1929,2429,2777

2390045805,1936,2384,2793

2390046805,1907,2339,2816

2390058801,1925,3613,2146

2390059805,1918,3418,2132

2390060805,1922,3285,2075

2390061805,1942,3168,2013

2390062805,1947,3024,1985

2390063805,1939,2935,1962

2390064805,1930,2912,1968

2390065805,1935,3019,1907

2390077801,1959,3118,1237

2390078805,1968,2975,1199

2390079805,1975,2778,1162

2390080805,1942,2589,1167

2390081805,1997,2515,1178

2390082805,1985,2591,1178

2390083805,1966,2673,1148

2390084805,1975,2770,1086

2390096801,2011,1807,1050

2390097805,2028,1626,1074

2390098805,2037,1548,1119

2390099805,2069,1583,1175

2390100805,2000,1696,1220

2390101805,1995,1762,1234

2390102805,2007,1825,1229

2390103805,2029,1878,1211

2390115801,2004,868,1859

2390116805,2002,910,1941

2390117805,1990,1043,2031

2390118805,1978,1168,2083

2390119805,1973,1279,2109

2390120805,1990,1404,2112

2390121805,1991,1575,2128

2390122805,1975,1726,2181

2390134801,1947,1275,2880

2390135805,1936,1440,2926

2390136805,1926,1600,2928

2390137805,1953,1794,2928

2390138805,1939,2012,2892

2390139805,1947,2220,2889

2390140805,1936,2333,2896

2390141805,1915,2326,2945

2390153801,1898,2459,3021

2390154805,1895,2682,2963

2390155805,1914,2909,2881

2390156805,1934,3136,2803

2390157805,1919,3257,2745

2390158805,1910,3281,2731

2390159805,1904,3243,2721

2390160805,1907,3181,2670

2390172801,1913,3568,2102

2390173805,1927,3765,1985

2390174805,1942,3919,1886

2390175805,1987,3901,1827

2390176805,1939,3801,1791

2390177805,1936,3706,1755

2390178805,1933,3567,1707

2390179805,1945,3322,1635

2390191801,1999,3471,1043

2390192805,1999,3391,979

2390193805,1998,3276,957

2390194805,1999,3139,967

2390195805,1973,3001,961

2390196805,1994,2794,937

2390197805,2033,2547,915

2390198805,2015,2333,928

2390199805,2015,2177,962

2390211801,2019,2274,962

2390212805,2002,2139,1029

2390213805,2003,1904,1072

2390214805,2005,1718,1116

2390215805,2029,1505,1168

2390216805,2019,1393,1232

2390217805,2010,1340,1314

2390218805,1999,1339,1398

2390230801,1978,1552,1966

2390231805,1975,1345,2047

2390232805,1984,1200,2115

2390233805,1994,1106,2159

2390234805,1996,1089,2287

2390235805,1967,1163,2369

2390236805,1955,1146,2443

2390237810,1955,1249,2483

2390248454,1936,1750,2912

2390249805,1935,1610,2973

2390250805,1950,1565,3007

2390251805,1950,1583,3045

2390252805,1937,1613,3103

2390253805,1929,1669,3157

2390254805,1920,1779,3182

2390255805,1931,1943,3143

2390267801,1927,2346,3005

2390268805,1920,2359,2967

2390269805,1959,2375,2933

2390270805,1909,2423,2928

2390271805,1905,2516,2905

2390272805,1903,2679,2843

2390273805,1907,2910,2750

2390274805,1919,3109,2650

2390286801,1943,2755,2037

2390287805,1947,2758,1993

2390288805,1947,2810,1938

2390289805,1940,2944,1889

2390290805,1946,3127,1792

2390291805,1951,3307,1664

2390292805,1963,3416,1557

2390293805,1978,3468,1489

2390305801,2014,2416,1068

2390306805,2009,2518,1041

2390307805,1997,2640,1010

2390308805,2010,2736,949

2390309805,2017,2799,865

2390310805,2032,2815,829

2390311805,2028,2818,815

2390312805,2015,2817,816

2390323801,2026,1825,1031

2390324805,2017,1938,1062

2390325805,2005,2039,1077

2390326805,2005,2101,1072

2390327805,2021,2137,1072

2390328805,2022,2159,1091

2390329805,2011,2171,1146

2390330805,1997,2133,1213

2390342801,1968,1713,2000

2390343805,1969,1842,2039

2390344805,1977,1893,2067

2390345805,1972,1960,2118

2390346805,1977,2026,2162

2390347805,1957,2005,2234

2390348805,1951,1920,2318

2390349805,1943,1763,2387

2390360450,1936,2076,2948

2390361805,1926,2247,2967

2390362805,1931,2371,2951

2390363805,1936,2443,2960

2390364805,1934,2460,2982

2390365805,1934,2383,3037

2390366805,1924,2304,3085

2390367805,1925,2225,3104

2390379801,1904,2990,2959

2390380805,1913,3089,2893

2390381805,1921,3093,2844

2390382805,1919,3026,2815

2390383805,1920,2896,2803

2390384805,1923,2796,2791

2390385805,1923,2733,2754

2390386805,1920,2642,2699

2390398801,1952,3387,1906

2390399805,1950,3318,1842

2390400805,1957,3110,1819

2390401805,1954,2977,1795

2390402805,1949,2880,1749

2390403805,1943,2755,1707

2390404805,1969,2634,1637

2390405804,1985,2513,1620

2390417801,2025,2739,911

2390418805,2006,2581,927

2390419805,1988,2480,929

2390420805,2003,2339,923

2390421805,2010,2202,906

2390422805,2021,2081,896

2390423805,2032,2027,895

2390424805,2020,2091,898

2390425805,2023,2124,891

2390437801,2010,1815,1061

2390438805,2016,1692,1109

2390439805,2026,1622,1142

2390440805,2023,1526,1189

2390441805,2023,1593,1250

2390442805,2002,1686,1296

2390443805,1995,1761,1344

2390444805,2018,1808,1375

2390455801,1969,1514,2087

2390456805,1969,1579,2163

2390457805,1984,1414,2220

2390458805,1977,1509,2278

2390459805,1961,1655,2358

2390460805,1949,1763,2417

2390461805,1966,1797,2465

2390473801,1931,1775,3066

2390474805,1932,1792,3088

2390475805,1935,1877,3121

2390476805,1968,1970,3145

2390477805,1926,2086,3167

2390478805,1926,2206,3184

2390479805,1920,2352,3152

2390480805,1914,2517,3142

2390492801,1916,2359,3043

2390493805,1923,2553,2994

2390494805,1927,2527,2941

2390495805,1921,2631,2893

2390496805,1914,2785,2839

2390497805,1915,2937,2765

2390498805,1911,3049,2682

2390499805,1927,3089,2608

2390511801,1957,2645,1964

2390512805,1959,2730,1888

2390513805,1957,2844,1821

2390514805,1919,2977,1744

2390515805,1957,3059,1626

2390516805,1969,3084,1551

2390517805,1986,3056,1472

2390518805,1978,2993,1423

2390530801,2020,2502,939

2390531805,2017,2624,912

2390532805,2010,2677,869

2390533805,1975,2690,830

2390534805,2034,2653,790

2390535805,2032,2594,767

2390536805,2031,2529,770

2390537805,2027,2423,781

2390538805,2019,2288,789

2390550801,2014,2290,1072

2390551805,2016,2285,1036

2390552805,2017,2241,1073

2390553805,2016,2192,1127

2390554805,2002,2106,1200

2390555805,1998,1981,1282

2390556805,2000,1833,1350

2390557805,2005,1723,1410

2390569801,1968,2221,2113

2390570805,1968,2192,2181

2390571805,1984,2129,2254

2390572805,1968,2022,2354

2390573805,1945,1886,2433

2390574805,1946,1805,2511

2390575805,1962,1749,2575

2390576805,1947,1749,2633

2390587454,1931,2470,3007

2390588805,1935,2432,3035

2390589805,1936,2335,3098

2390590805,1936,2224,3142

2390591805,1931,2143,3185

2390592805,1926,2120,3202

2390593805,1932,2113,3211

2390594805,1925,2123,3231

2390606801,1926,2627,2875

2390607805,1931,2551,2869

2390608805,1943,2463,2850

2390609805,1926,2418,2822

2390610805,1925,2391,2773

2390611805,1903,2384,2715

2390612805,1939,2398,2667

2390613805,1937,2448,2615

2390625801,1972,2480,1837

2390626805,1975,2426,1786

2390627805,1965,2380,1737

2390628805,1968,2334,1667

2390629805,1981,2322,1598

2390630805,1991,2362,1533

2390631805,1984,2447,1470

2390632805,1977,2571,1411

2390644801,2017,2103,949

2390645805,2027,2047,917

2390646805,2037,2032,880

2390647805,2043,2078,869

2390648805,2032,2157,854

2390649805,2027,2263,847

2390650805,2030,2342,821

2390651805,2032,2389,806

2390652805,2046,2426,770

2390664801,2019,1841,1175

2390665805,2012,1937,1216

2390666805,2011,2046,1259

2390667805,1995,2127,1306

2390668805,2000,2192,1343

2390669805,1999,2254,1378

2390670805,1991,2310,1421

2390671805,1999,2320,1460

2390682453,1968,1938,2251

2390683805,1964,2083,2313

2390684805,1950,2181,2367

2390685805,1951,2259,2420

2390686805,1947,2340,2461

2390687805,1940,2383,2496

2390688805,1941,2457,2533

2390699801,1927,2084,3107

2390700805,1931,2310,3110

2390701805,1934,2407,3111

2390702805,1930,2492,3119

2390703805,1920,2594,3135

2390704805,1920,2635,3130

2390705805,1923,2683,3113

2390706805,1902,2661,3101

2390717453,1920,2445,2992

2390718805,1936,2585,2911

2390719805,1936,2661,2851

2390720805,1919,2672,2800

2390721805,1929,2798,2741

2390722805,1903,2826,2688

2390723805,1926,2801,2617

2390735801,1968,2535,1943

2390736805,1965,2598,1862

2390737805,1968,2687,1789

2390738805,1957,2758,1725

2390739805,1968,2771,1648

2390740805,1973,2736,1583

2390741805,1987,2650,1499

2390742805,1984,2546,1457

2390754801,2030,2486,932

2390755805,2020,2549,887

2390756805,2019,2587,870

2390757805,2000,2529,833

2390758805,2032,2433,798

2390759805,2038,2313,791

2390760805,2035,2288,800

2390761805,2029,2220,822

2390762805,2033,2069,843

2390774801,2033,2416,1040

2390775805,2020,2352,1075

2390776805,2016,2268,1111

2390777805,2015,2232,1167

2390778805,2003,2160,1244

2390779805,1998,2039,1310

2390780805,1999,1961,1389

2390781805,1997,1906,1455

2390793801,1951,2356,2142

2390794805,1956,2288,2206

2390795805,1951,2223,2273

2390796805,1970,2117,2354

2390797805,1954,2047,2433

2390798805,1941,1999,2506

2390799805,2000,2017,2559

2390800805,1946,2074,2608

2390811453,1926,2449,2997

2390812805,1933,2359,3041

2390813805,1940,2268,3086

2390814805,1939,2187,3134

2390815805,1933,2137,3169

2390816805,1931,2154,3186

2390817805,1926,2189,3194

2390818805,1931,2243,3182

2390830801,1923,2333,2887

2390831805,1935,2243,2855

2390832805,1936,2193,2833

2390833805,1934,2205,2803

2390834805,1930,2224,2753

2390835805,1936,2269,2703

2390836805,1950,2320,2624

2390837805,1947,2384,2559

2390849801,1979,2129,1859

2390850805,1975,2135,1811

2390851805,1973,2148,1751

2390852805,1977,2187,1681

2390853805,1985,2227,1616

2390854805,1995,2302,1525

2390855805,1985,2391,1459

2390856805,1991,2474,1393

2390868801,2030,2066,977

2390869805,2034,2086,959

2390870805,2034,2128,929

2390871805,2027,2205,896

2390872805,2033,2297,863

2390873805,2037,2384,849

2390874805,2031,2444,825

2390875805,2032,2467,825

2390876805,2037,2451,827

2390888801,2015,2213,1190

2390889805,2001,2318,1226

2390890805,2000,2409,1254

2390891805,1999,2469,1297

2390892805,1982,2492,1353

2390893805,1988,2514,1391

2390894805,1984,2490,1440

2390895805,1997,2461,1489

2390906453,1949,2351,2218

2390907805,1956,2478,2262

2390908805,1951,2531,2304

2390909805,1937,2576,2361

2390910805,1947,2578,2420

2390911805,1947,2579,2470

2390912805,1936,2538,2511

2390923801,1929,2418,3007

2390924805,1932,2510,3009

2390925805,1931,2573,3015

2390926805,1942,2593,3031

2390927805,1939,2610,3041

2390928805,1927,2602,3050

2390929805,1936,2576,3056

2390930805,1936,2501,3060

2390941453,1920,2443,2913

2390942805,1936,2508,2833

2390943805,1936,2483,2793

2390944805,1936,2551,2743

2390945805,1930,2545,2702

2390946805,1937,2503,2658

2390947805,1943,2439,2611

2390959801,1968,2402,1937

2390960805,1975,2461,1856

2390961805,1975,2460,1807

2390962805,1977,2455,1744

2390963805,1969,2431,1682

2390964805,1979,2367,1627

2390965805,1984,2275,1585

2390966805,1997,2183,1549

2390978801,2025,2485,977

2390979805,2032,2465,944

2390980805,2029,2432,941

2390981805,2030,2381,923

2390982805,2032,2291,919

2390983805,2026,2213,912

2390984805,2029,2157,908

2390985805,2037,2128,922

2390986805,2034,2098,934

2390998801,2046,2480,1091

2390999805,2002,2406,1151

2391000805,2003,2331,1198

2391001805,2007,2281,1246

2391002805,2003,2255,1311

2391003805,2000,2204,1369

2391004805,2000,2193,1426

2391005805,1993,2196,1488

2391017801,1955,2421,2133

2391018805,1943,2368,2205

2391019805,1945,2320,2263

2391020805,1949,2279,2338

2391021805,1957,2239,2400

2391022805,1943,2242,2463

2391023805,1950,2297,2508

2391024805,1935,2367,2549

2391035453,1939,2356,2945

2391036805,1936,2273,2990

2391037805,1939,2209,3007

2391038805,1939,2175,3037

2391039805,1947,2179,3062

2391040805,1939,2209,3078

2391041805,1931,2282,3087

2391042805,1933,2389,3070

2391054801,1945,2079,2849

2391055805,1956,2029,2819

2391056805,1939,2035,2779

2391057805,1952,2078,2745

2391058805,1947,2132,2694

2391059805,1947,2192,2643

2391060805,1949,2240,2575

2391061805,1957,2302,2510

2391073801,1984,1958,1889

2391074805,1977,2000,1837

2391075805,1989,2091,1771

2391076805,1985,2130,1711

2391077805,1994,2183,1638

2391078805,1993,2234,1571

2391079805,1999,2304,1495

2391080805,2001,2365,1441

2391092801,2023,2149,1056

2391093805,2017,2216,1033

2391094805,2026,2279,1018

2391095805,2018,2353,971

2391096805,2032,2434,944

2391097805,2029,2499,932

2391098805,2023,2515,922

2391099805,2027,2491,926

2391100805,2023,2457,929

2391111801,2002,2457,1211

2391112805,2000,2526,1232

2391113805,1999,2611,1263

2391114805,2003,2674,1295

2391115805,1984,2677,1328

2391116805,1986,2672,1369

2391117805,1989,2645,1424

2391129801,1954,2605,2125

2391130805,1949,2681,2174

2391131805,1952,2721,2209

2391132805,1953,2736,2256

2391133805,1946,2706,2303

2391134805,1938,2672,2362

2391135805,1950,2615,2411

2391136805,1936,2548,2467

2391147801,1936,2547,2885

2391148805,1938,2576,2883

2391149805,1936,2570,2897

2391150805,1949,2538,2912

2391151805,1936,2496,2938

2391152805,1940,2448,2950

2391153805,1934,2386,2969

2391154805,1936,2294,2980

2391166801,1943,2335,2761

2391167805,1946,2320,2723

2391168805,1944,2289,2688

2391169805,1956,2245,2655

2391170805,1950,2182,2620

2391171805,1947,2099,2597

2391172805,1967,2025,2554

2391173805,1959,1943,2518

2391185801,1984,2222,1835

2391186805,1993,2192,1782

2391187805,1984,2143,1745

2391188805,1984,2084,1707

2391189805,1993,2007,1651

2391190805,2000,1952,1621

2391191805,1999,1943,1572

2391192805,1999,1955,1533

2391204801,2027,2321,1062

2391205805,2022,2285,1051

2391206805,2025,2220,1050

2391207805,2029,2182,1043

2391208805,2027,2177,1049

2391209805,2018,2181,1046

2391210805,2022,2207,1046

2391211805,2027,2253,1035

2391223801,2009,2485,1233

2391224805,2003,2429,1279

2391225805,2000,2416,1328

2391226805,1995,2416,1362

2391227805,1998,2427,1411

2391228805,1989,2443,1456

2391229805,1988,2490,1499

2391230805,1983,2570,1535

2391242801,1954,2466,2175

2391243805,1950,2445,2227

2391244805,1950,2441,2281

2391245805,1947,2449,2327

2391246805,1943,2480,2369

2391247805,1950,2528,2411

2391248805,1942,2605,2447

2391249805,1946,2642,2480

2391261801,1946,2202,2899

2391262805,1939,2197,2919

2391263805,1943,2224,2928

2391264805,1936,2266,2931

2391265805,1937,2318,2928

2391266805,1933,2358,2931

2391267805,1942,2379,2917

2391268805,1945,2379,2901

2391280801,1959,1936,2702

2391281805,1948,1998,2672

2391282805,1947,2071,2633

2391283805,1959,2106,2583

2391284805,1961,2131,2522

2391285805,1966,2144,2469

2391286805,1968,2160,2421

2391287805,1966,2171,2377

2391299801,1989,2054,1807

2391300805,1983,2102,1745

2391301805,1999,2160,1694

2391302805,2000,2188,1633

2391303805,1997,2219,1579

2391304805,1996,2254,1520

2391305805,2000,2227,1475

2391306805,1995,2193,1447

2391318801,2013,2422,1105

2391319805,2007,2475,1090

2391320805,2019,2521,1074

2391321805,2019,2549,1055

2391322805,2020,2539,1058

2391323805,1984,2503,1055

2391324805,2025,2467,1063

2391325805,2022,2422,1083

2391337801,2000,2809,1317

2391338805,1990,2826,1343

2391339805,1993,2813,1373

2391340805,1985,2761,1419

2391341805,1989,2713,1473

2391342805,1984,2670,1527

2391343805,1981,2628,1575

2391344805,1982,2595,1622

2391356801,1949,2781,2177

2391357805,1955,2713,2235

2391358805,1947,2655,2285

2391359805,1949,2590,2337

2391360805,1935,2533,2391

2391361805,1943,2467,2445

2391362805,1952,2416,2481

2391363805,1942,2384,2539

2391375801,1951,2329,2811

2391376805,1950,2258,2839

2391377805,1947,2188,2864

2391378805,1938,2096,2874

2391379805,1945,2067,2880

2391380805,1940,2006,2882

2391381805,1945,2011,2883

2391382805,1943,2029,2880

2391394801,1965,1910,2595

2391395805,1958,1851,2581

2391396805,1974,1808,2470

2391397805,1966,1775,2500

2391398805,1969,1778,2455

2391399805,1966,1819,2420

2391400805,1967,1855,2371

2391401805,1977,1829,2331

2391413801,1996,1875,1775

2391414805,1999,1899,1719

2391415805,1989,1897,1680

2391416805,1993,1943,1636

2391417805,2006,2000,1581

2391418805,2000,2065,1548

2391419805,2002,2122,1494

2391420805,2002,2197,1439

2391432801,2013,2269,1190

2391433805,2013,2320,1178

2391434805,2013,2385,1163

2391435805,2027,2448,1162

2391436805,2007,2510,1154

2391437805,2015,2590,1141

2391438805,2010,2655,1139

2391439805,2009,2706,1143

2391451801,1986,2667,1455

2391452805,1985,2717,1472

2391453805,1983,2759,1507

2391454805,1986,2819,1526

2391455805,1979,2875,1565

2391456805,1970,2914,1606

2391457805,1978,2921,1636

2391458805,1982,2891,1685

2391470801,1957,2641,2251

2391471805,1951,2679,2289

2391472805,1937,2715,2327

2391473805,1945,2715,2357

2391474805,1936,2704,2389

2391475805,1951,2671,2432

2391476805,1945,2624,2448

2391477805,1949,2575,2499

2391489801,1945,2299,2779

2391490805,1949,2306,2768

2391491805,1950,2287,2779

2391492805,1946,2249,2766

2391493805,1953,2211,2773

2391494805,1952,2160,2784

2391495805,1955,2102,2764

2391496805,1951,2010,2780

2391508801,1968,2000,2481

2391509805,1965,1995,2442

2391510805,1971,1967,2352

2391511805,1969,1941,2370

2391512805,1966,1904,2336

2391513805,1969,1850,2313

2391514805,1979,1804,2287

2391515805,1990,1761,2240

2391527801,1991,2135,1689

2391528805,1998,2122,1631

2391529805,2000,2105,1616

2391530805,2006,2025,1597

2391531805,1999,2042,1563

2391532805,2002,2032,1535

2391533805,2002,2041,1513

2391534805,2000,2062,1473

2391546801,2013,2539,1203

2391547841,2018,2512,1204

2391548805,2009,2481,1212

2391549805,2015,2479,1217

2391550805,2007,2481,1217

2391551805,2013,2496,1243

2391552805,2004,2541,1237

2391553805,2015,2559,1260

2391565801,1981,2758,1519

2391566805,1988,2728,1555

2391567805,1987,2710,1600

2391568805,1971,2705,1635

2391569805,1974,2703,1678

2391570805,1981,2711,1713

2391571805,1975,2738,1750

2391572805,1939,2783,1790

2391584801,1950,2512,2291

2391585805,1946,2472,2343

2391586805,1949,2455,2369

2391587805,1952,2433,2399

2391588805,1954,2446,2431

2391589805,1951,2467,2450

2391590805,1953,2519,2482

2391591805,1952,2507,2503

2391603812,1953,1984,2752

2391604805,1957,1969,2750

2391605805,1963,1975,2750

2391606805,1954,2001,2738

2391607805,1954,2041,2727

2391608805,1953,2047,2723

2391609805,1960,2128,2703

2391610805,1959,2041,2670

2391622801,1971,1749,2437

2391623805,1975,1782,2398

2391624805,1982,1840,2353

2391625805,1978,1843,2318

2391626805,1981,1903,2272

2391627805,1983,1931,2240

2391628805,1978,1959,2192

2391629805,1985,1959,2177

2391641801,2000,2083,1697

2391642805,1998,2138,1651

2391643805,1995,2203,1616

2391644805,1998,2251,1585

2391645805,2000,2288,1535

2391646805,2002,2310,1522

2391647805,2007,2320,1474

2391648805,2007,2315,1429

2391660801,2004,2678,1264

2391661805,2010,2730,1266

2391662805,2007,2766,1268

2391663805,2000,2800,1263

2391664805,2002,2797,1264

2391665805,2000,2767,1269

2391666805,2010,2752,1284

2391667805,2000,2736,1303

2391679801,1986,2990,1566

2391680805,1982,2996,1606

2391681805,1976,2960,1619

2391682805,1981,2915,1675

2391683805,1981,2870,1712

2391684805,1978,2823,1746

2391685805,1966,2783,1805

2391686805,1968,2738,1844

2391698801,1950,2655,2262

2391699805,1952,2599,2301

2391700805,1950,2521,2336

2391701805,1951,2466,2369

2391702805,1953,2399,2416

2391703805,1945,2341,2437

2391704805,1949,2273,2470

2391705805,1949,2227,2501

2391717801,1965,2027,2650

2391718805,1963,1968,2656

2391719805,1965,1909,2669

2391720805,1968,1862,2673

2391721805,1967,1797,2672

2391722805,1966,1777,2672

2391723805,1962,1773,2660

2391724805,1966,1776,2640

2391736801,1975,1744,2355

2391737805,1979,1717,2331

2391738805,1978,1687,2318

2391739805,1978,1708,2278

2391740805,1980,1707,2243

2391741805,1985,1744,2210

2391742805,1987,1787,2180

2391743805,1977,1838,2140

2391755801,1999,2029,1703

2391756805,1990,2055,1682

2391757805,1991,2096,1658

2391758805,2000,2151,1627

2391759805,1990,2214,1593

2391760805,1996,2263,1565

2391761805,1990,2305,1527

2391762805,1998,2394,1503

2391774801,2002,2591,1354

2391775805,2006,2636,1355

2391776805,2002,2685,1357

2391777805,1983,2809,1360

2391778805,1991,2795,1358

2391779805,2002,2847,1357

2391780805,2000,2902,1360

2391781805,1986,2942,1360

2391793801,1982,2821,1661

2391794805,1977,2852,1677

2391795805,1977,2873,1701

2391796805,1981,2918,1727

2391797805,1973,2926,1758

2391798805,1966,2939,1787

2391799805,1979,2927,1820

2391800805,1968,2895,1843

2391812801,1968,2480,2273

2391813805,1956,2503,2303

2391814805,1954,2494,2320

2391815805,1956,2485,2350

2391816805,1961,2455,2365

2391817805,1957,2416,2387

2391818805,1964,2352,2414

2391819805,1966,2313,2439

2391831801,1968,1987,2597

2391832805,1962,1983,2591

2391833805,1968,1969,2588

2391834805,1968,1948,2590

2391835805,1977,1903,2575

2391836805,1968,1873,2571

2391837805,1967,1907,2558

2391838805,1968,1771,2559

2391850801,1979,1881,2305

2391851805,1981,1872,2269

2391852805,1977,1878,2241

2391853805,1979,1867,2211

2391854805,1985,1850,2187

2391855805,1989,1825,2159

2391856805,1988,1809,2130

2391857805,1990,1793,2113

2391869801,1987,2291,1693

2391870805,1991,2304,1670

2391871805,1989,2306,1641

2391872805,1994,2311,1619

2391873805,1991,2300,1602

2391874805,1995,2298,1587

2391875805,2000,2304,1582

2391876805,1997,2353,1552

2391888801,2001,2809,1392

2391889805,1998,2784,1382

2391890805,1999,2769,1398

2391891805,1990,2752,1411

2391892805,1997,2757,1420

2391893805,1995,2768,1429

2391894805,1997,2793,1440

2391895805,1989,2815,1452

2391907801,1978,2830,1679

2391908805,1984,2801,1709

2391909805,1974,2768,1746

2391910805,1978,2755,1775

2391911805,1978,2726,1789

2391912805,1982,2714,1839

2391913805,1969,2733,1869

2391914805,1970,2736,1895

2391926801,1967,2315,2272

2391927805,1960,2271,2301

2391928805,1967,2241,2327

2391929805,1963,2224,2351

2391930805,1969,2207,2368

2391931805,1962,2219,2387

2391932805,1962,2256,2398

2391933805,1968,2209,2416

2391945801,1967,1755,2567

2391946805,1968,1744,2570

2391947805,1967,1763,2559

2391948805,1964,1779,2545

2391949805,1971,1795,2539

2391950805,1974,1809,2525

2391951805,1981,1798,2512

2391952805,1973,1833,2495

2391964801,1981,1755,2291

2391965805,1983,1791,2267

2391966805,1983,1842,2244

2391967805,1979,1862,2200

2391968805,1977,1945,2167

2391969805,1984,1973,2138

2391970805,1986,2007,2105

2391971805,1982,2032,2067

2391983801,1985,2320,1737

2391984805,1984,2384,1711

2391985805,1984,2439,1678

2391986805,1982,2498,1648

2391987805,1991,2528,1623

2391988805,1985,2557,1601

2391989805,1986,2589,1583

2391990805,1990,2579,1557

2392002801,1991,2897,1429

2392003805,1999,2949,1429

2392004805,1990,2970,1429

2392005805,1991,2947,1426

2392006805,1995,2975,1440

2392007805,1999,2955,1437

2392008805,1987,2928,1456

2392009805,1984,2905,1466

2392021801,1973,2939,1681

2392022805,1968,2916,1712

2392023805,1978,2875,1741

2392024805,1972,2817,1768

2392025805,1981,2770,1803

2392026805,1968,2719,1831

2392027805,1969,2670,1863

2392028805,1975,2621,1909

2392040801,1968,2364,2215

2392041805,1968,2309,2241

2392042805,1963,2245,2273

2392043805,1964,2174,2293

2392044805,1968,2128,2326

2392045805,1967,2066,2359

2392046805,1959,1983,2381

2392047805,1966,1981,2393

2392059801,1981,1807,2495

2392060805,1977,1766,2508

2392061805,1975,1730,2503

2392062805,1983,1696,2522

2392063805,1991,1666,2505

2392064805,1975,1647,2509

2392065805,1979,1653,2497

2392066805,1970,1673,2493

2392078801,1978,1815,2265

2392079805,1982,1814,2247

2392080805,1978,1810,2230

2392081805,1984,1835,2206

2392082805,1981,1863,2187

2392083805,1984,1906,2159

2392084805,1986,1956,2126

2392085805,1983,2007,2090

2392097801,1986,2339,1770

2392098805,1983,2352,1747

2392099805,1982,2390,1730

2392100805,1991,2435,1709

2392101805,1986,2507,1680

2392102805,1974,2550,1650

2392103805,1985,2608,1633

2392104805,1995,2673,1600

2392116801,1987,2813,1491

2392117805,2000,2841,1488

2392118805,1984,2874,1491

2392119805,1993,2897,1488

2392120805,1991,2946,1490

2392121805,1990,2966,1482

2392122805,1986,2999,1492

2392123805,1991,3014,1485

2392135801,1982,2731,1726

2392136805,1978,2743,1730

2392137805,1981,2747,1759

2392138805,1977,2743,1781

2392139805,1977,2743,1799

2392140805,1974,2726,1813

2392141805,1973,2707,1847

2392142805,1974,2671,1871

2392154801,1974,2204,2219

2392155805,1928,2198,2224

2392156805,1970,2198,2249

2392157805,1966,2190,2272

2392158805,1970,2155,2282

2392159805,1969,2123,2287

2392160805,1971,2043,2336

2392161805,1970,2029,2311

2392173801,1975,1811,2474

2392174805,1979,1829,2469

2392175805,1984,1817,2467

2392176805,1984,1811,2462

2392177805,1984,1791,2457

2392178805,1978,1776,2453

2392179805,1981,1744,2459

2392180805,1984,1728,2481

2392192801,1977,1985,2255

2392193805,1979,2003,2224

2392194805,1983,2017,2189

2392195805,1979,2031,2177

2392196805,1975,2032,2177

2392197805,1983,2035,2182

2392198805,1982,2000,2115

2392199805,2005,2045,2095

2392211801,1984,2557,1773

2392212805,1981,2558,1773

2392213805,1984,2586,1728

2392214805,1984,2571,1718

2392215805,1983,2580,1670

2392216805,1985,2593,1677

2392217805,1978,2598,1670

2392218805,1985,2627,1637

2392230801,1991,2907,1491

2392231805,1997,2902,1488

2392232805,1989,2893,1515

2392233805,1991,2867,1507

2392234805,2020,2851,1528

2392235805,2000,2850,1517

2392236805,1984,2842,1522

2392237805,1979,2846,1527

2392248801,1983,2729,1685

2392249805,1987,2681,1742

2392250805,1981,2640,1735

2392251805,1983,2602,1757

2392252805,1976,2571,1747

2392253805,1974,2527,1830

2392254805,1978,2505,1846

2392255805,1975,2500,1858

2392267801,1973,2106,2174

2392268805,1977,2064,2195

2392269805,1969,2022,2225

2392270805,1970,1995,2230

2392271805,1978,1977,2267

2392272805,1972,1959,2289

2392273805,1977,1971,2313

2392274805,1968,1965,2314

2392286801,1955,1695,2473

2392287805,1983,1691,2523

2392288805,1970,1697,2491

2392289805,1975,1724,2451

2392290805,1983,1745,2466

2392291805,1982,1776,2462

2392292805,1985,1801,2500

2392293805,1979,1822,2388

2392304453,1980,1859,2329

2392305805,1983,1911,2298

2392306805,1969,1954,2301

2392307805,1983,2014,2251

2392308805,1978,2064,2229

2392309805,1978,2113,2222

2392310805,1975,2157,2159

2392322801,1982,2421,1885

2392323805,1984,2462,1827

2392324805,1984,2518,1835

2392325805,1979,2585,1803

2392326805,1977,2625,1731

2392327805,1987,2682,1745

2392328805,1983,2713,1726

2392329805,1986,2752,1698

2392341801,1995,2864,1545

2392342805,1996,2896,1521

2392343805,1993,2928,1501

2392344805,1987,2937,1507

2392345805,1982,2959,1493

2392346805,1987,2961,1489

2392347805,1984,2955,1489

2392348805,1991,2933,1499

2392360801,1984,2723,1645

2392361805,1989,2717,1653

2392362805,1985,2709,1673

2392363805,1984,2693,1695

2392364805,1974,2663,1707

2392365805,1984,2615,1729

2392366805,1983,2572,1757

2392367805,1977,2525,1779

2392379801,1973,2194,2108

2392380805,1977,2176,2116

2392381805,1979,2151,2138

2392382805,1979,2107,2160

2392383805,1983,2059,2182

2392384805,1981,2018,2221

2392385805,1974,1966,2245

2392386805,1991,1921,2263

2392398801,1983,1841,2422

2392399805,1982,1837,2441

2392400805,1985,1806,2435

2392401805,1984,1789,2449

2392402805,1980,1769,2447

2392403805,1981,1750,2455

2392404805,1984,1739,2459

2392405805,1986,1728,2491

2392416801,1971,2025,2333

2392417805,1975,2043,2325

2392418805,1974,2032,2305

2392419805,1983,2043,2294

2392420805,1973,2055,2279

2392421805,1969,2064,2256

2392422805,1975,2066,2245

2392423805,1972,2106,2224

2392435801,1974,2542,1903

2392436805,1969,2547,1879

2392437805,1977,2551,1862

2392438805,1978,2557,1840

2392439805,1954,2573,1810

2392440805,1983,2595,1793

2392441805,1979,2613,1778

2392442805,1975,2643,1754

2392454837,1995,2844,1535

2392455805,1987,2826,1529

2392456805,1994,2803,1520

2392457805,2000,2800,1520

2392458805,1991,2800,1521

2392459805,2001,2817,1481

2392460805,1985,2819,1511

2392461805,1977,2827,1509

2392472453,1991,2640,1594

2392473805,1968,2593,1635

2392474805,1974,2553,1710

2392475805,1975,2535,1667

2392476805,1993,2514,1682

2392477805,1988,2498,1717

2392478805,1983,2492,1722

2392490801,1983,2103,2019

2392491805,1984,2083,2055

2392492805,1974,2055,2080

2392493805,1986,2032,2110

2392494805,1982,2020,2103

2392495805,1965,2013,2154

2392496805,1978,2001,2177

2392497805,1982,2011,2193

2392509801,1983,1769,2438

2392510841,1981,1767,2441

2392511805,1968,1772,2463

2392512805,1906,1788,2451

2392513805,2016,1808,2485

2392514805,1955,1841,2427

2392515805,1981,1862,2449

2392516805,2001,1873,2453

2392528801,1974,1965,2399

2392529805,1979,2007,2379

2392530805,1947,2059,2363

2392531805,1955,2128,2340

2392532805,1967,2147,2311

2392533805,1989,2192,2291

2392534805,1973,2217,2278

2392535805,1971,2256,2256

2392547801,1979,2519,1941

2392548805,2017,2567,1935

2392549805,1978,2621,1900

2392550805,1967,2644,1882

2392551805,1973,2672,1808

2392552805,1975,2701,1807

2392553805,1983,2711,1791

2392554805,1984,2721,1770

2392566838,1986,2863,1545

2392567805,1982,2881,1488

2392568805,2000,2884,1475

2392569805,1968,2881,1501

2392570805,1973,2871,1490

2392571805,1953,2859,1501

2392572805,1991,2829,1493

2392573805,1993,2795,1495

2392584801,1991,2672,1561

2392585805,1991,2657,1575

2392586805,1985,2640,1581

2392587805,1983,2612,1611

2392588805,1985,2571,1619

2392589805,1991,2523,1648

2392590805,1999,2480,1655

2392591805,1989,2431,1673

2392603801,1984,2181,1988

2392604805,1979,2159,1995

2392605805,1963,2126,2018

2392606805,1981,2092,2096

2392607805,1968,2033,2096

2392608805,1979,2000,2128

2392609805,1981,1955,2160

2392610805,1981,1939,2183

2392622825,1963,1891,2397

2392623805,1983,1862,2405

2392624805,1974,1853,2431

2392625805,1984,1834,2448

2392626805,1971,1822,2466

2392627805,1981,1813,2466

2392628805,1979,1813,2471

2392629805,1973,1811,2484

2392640453,1969,2064,2423

2392641805,1952,2065,2414

2392642805,1981,2063,2387

2392643805,1971,2079,2389

2392644805,1970,2084,2375

2392645805,1968,2102,2354

2392646805,1968,2130,2333

2392658801,1968,2493,2035

2392659805,1978,2495,1986

2392660805,1966,2506,1987

2392661805,2000,2513,1963

2392662805,1972,2529,1936

2392663805,1980,2559,1906

2392664805,1978,2576,1881

2392665805,1959,2624,1855

2392677801,1995,2756,1583

2392678816,1995,2741,1573

2392679805,1995,2747,1555

2392680805,1986,2736,1525

2392681805,1993,2739,1519

2392682805,1995,2745,1511

2392683805,1991,2764,1505

2392684805,2011,2770,1501

2392696801,1994,2545,1531

2392697805,1999,2518,1549

2392698805,2000,2512,1558

2392699805,1998,2509,1569

2392700805,1997,2491,1586

2392701805,1997,2483,1600

2392702805,1987,2480,1625

2392703805,1998,2477,1673

2392715801,1987,2099,1955

2392716805,1983,2095,1979

2392717805,1990,2095,2007

2392718805,1987,2073,2032

2392719805,1984,2077,2062

2392720805,1983,2074,2087

2392721805,1984,2074,2115

2392722805,1936,2061,2144

2392734801,1981,1873,2370

2392735805,1984,1886,2417

2392736805,1979,1904,2434

2392737805,1974,1920,2446

2392738805,1975,1946,2458

2392739805,1970,1950,2462

2392740805,1979,1952,2459

2392741805,1920,1955,2479

2392753801,1968,2103,2439

2392754805,1969,2147,2434

2392755805,1965,2175,2410

2392756805,1971,2209,2407

2392757805,1968,2226,2375

2392758805,1967,2239,2363

2392759805,1968,2255,2355

2392760805,1966,2269,2317

2392772801,1982,2567,2016

2392773805,1968,2602,1996

2392774805,1970,2620,1957

2392775805,1973,2626,1931

2392776805,1959,2634,1901

2392777805,1970,2646,1873

2392778805,1978,2638,1842

2392779805,1982,2633,1829

2392791801,1994,2786,1573

2392792805,1999,2778,1531

2392793805,1994,2784,1518

2392794805,1968,2753,1513

2392795805,2000,2743,1502

2392796805,2002,2707,1501

2392797805,1995,2687,1490

2392798805,1995,2666,1497

2392810801,2076,2557,1506

2392811805,1999,2539,1527

2392812805,1999,2487,1543

2392813805,2027,2451,1567

2392814805,1992,2416,1584

2392815805,1999,2384,1615

2392816805,2001,2354,1634

2392817805,1998,2336,1653

2392829801,2006,2121,1953

2392830805,1983,2085,1986

2392831805,1988,2061,2027

2392832805,1991,2034,2066

2392833805,1969,2005,2091

2392834805,1979,1997,2125

2392835805,1986,1985,2155

2392836805,1983,1982,2178

2392848801,1979,1904,2446

2392849805,1978,1906,2450

2392850805,1982,1897,2465

2392851805,1979,1902,2480

2392852805,1975,1904,2481

2392853805,1968,1927,2502

2392854805,1973,1955,2497

2392855805,1982,1978,2503

2392867801,1967,2114,2463

2392868805,1969,2128,2453

2392869805,2002,2160,2429

2392870805,1955,2190,2409

2392871805,1968,2222,2386

2392872805,1966,2267,2363

2392873805,1970,2301,2343

2392874805,1949,2326,2320

2392886801,1973,2498,2003

2392887805,1911,2519,1979

2392888805,1990,2559,1947

2392889805,1963,2595,1914

2392890805,1978,2608,1882

2392891805,1984,2644,1847

2392892805,1981,2669,1817

2392893805,2000,2685,1794

2392905801,1998,2672,1535

2392906805,1982,2686,1520

2392907805,1996,2702,1516

2392908805,1996,2717,1488

2392909805,1997,2711,1473

2392910805,2000,2709,1465

2392911805,2003,2704,1458

2392912805,2000,2680,1445

2392924801,2001,2487,1517

2392925805,2000,2478,1527

2392926805,1991,2466,1570

2392927805,1999,2439,1559

2392928805,1991,2421,1583

2392929805,1989,2399,1600

2392930805,2000,2381,1614

2392931805,1997,2342,1653

2392943801,1997,2154,1984

2392944805,1981,2145,2015

2392945805,1979,2127,2046

2392946805,1958,2107,2090

2392947805,1977,2090,2107

2392948805,1981,2070,2136

2392949805,1982,2034,2171

2392950805,1983,2006,2197

2392962801,1973,2031,2449

2392963805,1971,2033,2470

2392964805,1968,2069,2477

2392965805,1957,2005,2485

2392966805,1983,2002,2496

2392967805,1973,2000,2507

2392968805,1970,1999,2518

2392969805,1967,1989,2528

2392981801,1968,2240,2448

2392982805,1968,2237,2427

2392983805,1963,2254,2409

2392984805,1986,2247,2388

2392985805,1968,2263,2378

2392986805,1959,2269,2359

2392987805,1968,2288,2339

2392988805,1968,2294,2321

2393000801,1970,2534,1959

2393001805,1979,2524,1938

2393002805,1979,2542,1915

2393003805,1979,2539,1882

2393004805,1983,2535,1850

2393005805,1984,2553,1838

2393006805,1974,2579,1798

2393007805,1983,2597,1769

2393019801,1996,2623,1504

2393020805,1999,2608,1491

2393021805,1999,2596,1474

2393022805,2003,2587,1472

2393023805,2010,2582,1472

2393024805,1994,2597,1447

2393025805,2000,2598,1451

2393026805,2001,2602,1439

2393038801,2000,2383,1534

2393039805,1999,2371,1555

2393040805,2005,2353,1575

2393041805,1968,2352,1587

2393042805,1995,2349,1609

2393043805,1997,2336,1635

2393044805,1997,2342,1659

2393045805,1995,2339,1670

2393057801,1967,2091,2035

2393058805,1989,2093,2064

2393059805,1978,2085,2103

2393060805,1977,2097,2115

2393061805,1986,2093,2146

2393062805,1983,2098,2177

2393063805,1975,2099,2192

2393064805,1969,2096,2224

2393076801,1967,2032,2487

2393077805,1968,2034,2498

2393078805,1968,2071,2499

2393079805,1952,2086,2510

2393080805,1968,2101,2515

2393081805,1966,2101,2526

2393082805,1967,2118,2525

2393083805,1968,2119,2518

2393095801,1963,2258,2431

2393096805,1965,2278,2419

2393097805,1961,2317,2397

2393098805,1964,2327,2368

2393099805,1969,2343,2350

2393100805,1968,2352,2324

2393101805,1968,2355,2307

2393102805,1968,2378,2273

2393114801,1971,2551,1930

2393115805,1977,2569,1903

2393116805,1975,2577,1871

2393117805,1987,2581,1827

2393118805,1986,2581,1815

2393119805,1982,2578,1776

2393120805,1985,2573,1761

2393121805,1990,2559,1728

2393133801,2006,2626,1467

2393134805,2000,2621,1457

2393135805,2007,2601,1451

2393136805,1947,2580,1453

2393137810,1999,2570,1439

2393138805,2000,2542,1429

2393139805,2015,2518,1425

2393140805,1996,2503,1427

2393152801,1999,2416,1543

2393153805,1998,2390,1564

2393154805,2001,2364,1577

2393155805,2064,2338,1615

2393156805,1998,2310,1636

2393157805,1993,2295,1662

2393158805,1995,2267,1691

2393159805,1999,2267,1718

2393171801,1985,2153,2071

2393172805,1982,2126,2098

2393173805,1977,2107,2131

2393174805,1968,2091,2161

2393175805,1984,2080,2193

2393176805,1974,2071,2224

2393177805,1969,2073,2256

2393178805,1978,2095,2270

2393190801,1948,2070,2511

2393191805,1982,2070,2532

2393192805,1958,2064,2535

2393193805,1964,2075,2534

2393194805,1949,2084,2544

2393195805,1968,2036,2544

2393196805,1969,2112,2543

2393197805,1968,2133,2542

2393209801,1968,2240,2413

2393210805,1971,2244,2397

2393211805,1970,2263,2384

2393212805,1938,2287,2349

2393213805,1968,2343,2324

2393214805,1967,2343,2302

2393215805,1968,2367,2277

2393216805,1965,2387,2239

2393228801,1978,2461,1901

2393229805,1984,2485,1868

2393230805,1984,2468,1837

2393231805,2001,2519,1803

2393232805,1978,2547,1766

2393233805,1979,2544,1742

2393234805,1999,2570,1704

2393235805,1984,2576,1675

2393247801,2000,2537,1458

2393248805,2005,2539,1459

2393249814,2003,2583,1441

2393250805,2010,2549,1434

2393251805,2009,2544,1427

2393252805,2009,2545,1420

2393253805,2009,2538,1415

2393254805,2003,2524,1421

2393266801,2001,2390,1572

2393267805,2000,2387,1591

2393268805,2000,2390,1611

2393269805,1974,2383,1600

2393270805,1995,2364,1693

2393271805,2001,2352,1680

2393272805,1996,2326,1712

2393273805,1996,2301,1741

2393285801,1981,2194,2109

2393286805,1982,2199,2137

2393287805,1977,2194,2163

2393288805,1984,2175,2199

2393289805,1968,2160,2224

2393290805,1974,2143,2243

2393291805,1971,2128,2285

2393292805,1975,2123,2308

2393304801,1968,2160,2504

2393305805,1969,2160,2517

2393306805,1967,2158,2532

2393307805,1959,2146,2533

2393308805,1970,2144,2539

2393309805,1967,2133,2537

2393310805,1967,2135,2538

2393311805,1968,2135,2544

2393323801,1967,2299,2384

2393324805,1962,2291,2365

2393325805,1968,2295,2339

2393326805,1916,2300,2312

2393327805,1968,2301,2288

2393328805,1970,2297,2271

2393329805,1978,2309,2226

2393330805,1970,2318,2226

2393342801,1982,2465,1851

2393343805,1985,2464,1815

2393344805,1984,2462,1791

2393345805,2039,2451,1760

2393346805,1996,2450,1739

2393347805,1989,2460,1709

2393348805,1991,2479,1679

2393349805,1993,2483,1654

2393361801,2000,2494,1445

2393362805,2003,2480,1441

2393363805,2005,2465,1443

2393364805,1979,2470,1449

2393365805,1999,2468,1440

2393366805,2006,2469,1437

2393367805,2011,2480,1417

2393368805,2011,2477,1438

2393380801,1989,2352,1604

2393381805,1995,2337,1635

2393382805,1990,2335,1649

2393383805,1937,2329,1686

2393384805,1984,2325,1708

2393385805,1989,2335,1734

2393386805,2001,2325,1758

2393387805,1989,2321,1781

2393399801,1975,2178,2160

2393400805,1975,2182,2186

2393401805,1982,2190,2209

2393402805,1968,2189,2228

2393403805,1977,2187,2262

2393404805,1968,2191,2288

2393405805,1971,2193,2315

2393406805,1969,2199,2339

2393418801,1971,2144,2529

2393419805,1968,2160,2527

2393420805,1967,2165,2529

2393421805,2029,2185,2535

2393422805,1969,2195,2533

2393423805,1969,2199,2531

2393424805,1964,2199,2531

2393425805,1968,2205,2534

2393437801,1981,2288,2355

2393438805,1974,2304,2323

2393439805,1968,2325,2292

2393440805,1955,2333,2281

2393441805,1969,2334,2256

2393442805,1968,2351,2223

2393443805,1973,2338,2194

2393444805,1968,2343,2169

2393456801,1993,2458,1807

2393457805,1994,2480,1777

2393458805,1997,2475,1743

2393459805,2000,2480,1651

2393460805,1995,2471,1689

2393461805,1997,2465,1669

2393462805,1995,2469,1643

2393463805,2000,2460,1623

2393475801,2007,2521,1431

2393476805,2004,2512,1440

2393477805,2005,2500,1429

2393478805,1985,2490,1435

2393479805,2000,2474,1425

2393480805,2000,2467,1437

2393481805,2009,2448,1409

2393482805,2003,2431,1443

2393494801,2000,2411,1649

2393495805,1991,2388,1664

2393496805,1991,2371,1694

2393497805,2023,2352,1718

2393498805,1993,2330,1740

2393499805,1983,2309,1776

2393500805,1987,2304,1803

2393501805,1986,2304,1833

2393513801,1974,2231,2185

2393514805,1974,2212,2230

2393515805,1973,2195,2254

2393516805,1973,2191,2331

2393517805,1966,2192,2299

2393518805,1971,2174,2320

2393519805,1971,2175,2352

2393520805,1968,2187,2371

2393532801,1967,2159,2522

2393533805,1968,2155,2521

2393534805,1973,2144,2530

2393535805,1914,2150,2539

2393536805,1968,2161,2518

2393537805,1968,2162,2559

2393538805,1968,2171,2512

2393539805,1988,2194,2511

2393551801,1971,2236,2315

2393552805,1966,2252,2287

2393553805,1968,2257,2258

2393554805,1991,2267,2242

2393555805,1972,2288,2209

2393556805,1973,2311,2176

2393557805,1974,2311,2145

2393558805,1977,2341,2074

2393570801,1987,2385,1775

2393571805,1987,2400,1743

2393572805,1990,2416,1719

2393573805,2017,2432,1682

2393574805,2002,2443,1663

2393575805,1991,2459,1649

2393576805,1993,2467,1616

2393577805,2000,2478,1590

2393589801,2015,2463,1450

2393590805,2006,2480,1442

2393591805,2010,2496,1440

2393592805,2031,2494,1446

2393593805,2007,2493,1443

2393594805,2010,2496,1442

2393595805,2015,2490,1455

2393596805,2005,2492,1469

2393608801,1997,2403,1685

2393609805,1987,2407,1713

2393610805,1996,2406,1737

2393611805,2000,2413,1763

2393612805,1997,2401,1791

2393613805,1984,2384,1811

2393614805,2020,2366,1845

2393615805,1983,2354,1874

2393627801,1986,2279,2223

2393628805,1968,2308,2243

2393629805,1969,2265,2275

2393630805,1983,2253,2289

2393631805,1968,2240,2321

2393632805,1967,2224,2347

2393633805,1959,2209,2359

2393634805,1971,2199,2382

2393646801,1971,2195,2503

2393647805,1969,2187,2505

2393648805,1965,2189,2507

2393649805,2000,2175,2503

2393650805,1966,2176,2512

2393651805,1967,2174,2490

2393652805,1965,2167,2494

2393653805,1965,2162,2482

2393665801,1986,2250,2313

2393666805,1978,2249,2239

2393667805,1968,2260,2221

2393668805,1975,2257,2190

2393669805,1968,2256,2118

2393670805,1983,2257,2163

2393671805,1975,2264,2113

2393672805,1977,2282,2081

2393684801,1994,2401,1720

2393685805,1997,2394,1714

2393686805,1990,2384,1685

2393687805,1979,2384,1664

2393688805,2000,2394,1655

2393689805,1997,2407,1616

2393690805,1981,2414,1603

2393691805,1999,2439,1587

2393703801,2004,2459,1466

2393704805,1996,2462,1456

2393705805,2002,2452,1476

2393706805,1983,2462,1470

2393707805,2007,2461,1483

2393708805,2003,2452,1486

2393709805,2001,2465,1483

2393710805,2001,2481,1503

2393722801,1990,2395,1739

2393723805,1995,2415,1760

2393724805,1993,2385,1788

2393725805,1997,2386,1809

2393726805,1978,2410,1835

2393727805,1988,2363,1872

2393728805,1955,2387,1889

2393729805,1973,2384,1926

2393741801,1977,2256,2256

2393742805,1971,2245,2283

2393743805,1972,2241,2297

2393744805,1975,2243,2320

2393745805,1968,2186,2341

2393746805,1968,2242,2362

2393747805,1968,2241,2379

2393748805,1968,2256,2395

2393760801,1966,2165,2502

2393761805,1969,2205,2495

2393762805,1969,2162,2495

2393763805,2009,2189,2489

2393764805,1968,2208,2478

2393765805,1968,2253,2465

2393766805,1966,2190,2480

2393767805,1969,2182,2453

2393779801,1974,2240,2226

2393780805,1983,2242,2198

2393781805,1973,2221,2170

2393782805,1968,2269,2138

2393783805,1984,2233,2112

2393784805,1978,2268,2090

2393785805,1986,2281,2063

2393786805,1981,2285,2031

2393798801,1999,2390,1713

2393799805,1997,2411,1677

2393800805,1996,2399,1661

2393801805,2000,2425,1635

2393802805,2000,2426,1619

2393803805,1995,2444,1607

2393804805,1999,2426,1562

2393805805,2005,2416,1569

2393817801,2005,2512,1473

2393818805,2003,2511,1483

2393819805,2000,2507,1481

2393820805,1971,2501,1483

2393821805,2007,2498,1495

2393822805,2000,2477,1519

2393823805,2001,2471,1520

2393824805,2004,2474,1535

2393836801,1987,2459,1764

2393837805,1985,2447,1795

2393838805,1981,2422,1823

2393839805,2013,2416,1859

2393840805,1990,2395,1883

2393841805,1983,2383,1905

2393842805,1985,2383,1936

2393843805,1983,2366,1956

2393855801,1971,2281,2287

2393856805,1975,2256,2298

2393857805,2002,2243,2322

2393858805,1994,2231,2338

2393859805,1973,2215,2358

2393860805,1969,2205,2377

2393861805,1971,2205,2393

2393862805,1969,2210,2407

2393874801,1975,2148,2477

2393875805,1971,2147,2476

2393876805,1965,2137,2469

2393877805,1955,2134,2454

2393878805,1968,2138,2450

2393879805,1970,2138,2442

2393880805,1983,2149,2477

2393881805,1975,2164,2417

2393893801,1977,2192,2193

2393894805,1983,2195,2170

2393895805,1981,2206,2139

2393896805,1983,2218,2103

2393897805,1981,2239,2084

2393898805,1973,2252,2054

2393899805,1998,2266,2023

2393900805,1984,2290,1996

2393912801,1990,2362,1692

2393913805,2002,2377,1671

2393914805,1997,2393,1653

2393915805,2026,2413,1633

2393916805,2002,2421,1616

2393917805,2003,2434,1599

2393918805,1986,2454,1571

2393919805,1993,2459,1561

2393931801,2000,2512,1507

2393932805,2003,2509,1505

2393933805,2002,2531,1511

2393934805,2010,2512,1517

2393935805,1998,2523,1521

2393936805,2000,2534,1535

2393937805,2001,2530,1552

2393938805,2001,2520,1569

2393950801,1989,2576,1811

2393951805,1984,2461,1839

2393952805,1979,2459,1859

2393953805,1975,2446,1877

2393954805,1986,2436,1907

2393955805,1979,2432,1938

2393956805,1957,2409,1968

2393957805,1979,2370,2000

2393969801,1969,2286,2292

2393970805,1965,2277,2310

2393971805,1975,2275,2334

2393972805,1969,2256,2345

2393973805,1969,2237,2357

2393974805,1967,2223,2379

2393975805,1981,2208,2400

2393976805,1968,2180,2403

2393988801,1967,2128,2447

2393989805,1973,2142,2448

2393990805,1970,2137,2439

2393991805,2023,2131,2432

2393992805,1969,2123,2423

2393993805,1969,2127,2415

2393994805,1971,2112,2394

2393995805,1968,2128,2395

2394007801,1983,2205,2141

2394008805,1979,2195,2119

2394009805,1983,2202,2083

2394010805,1981,2214,2068

2394011805,1986,2217,2037

2394012805,1974,2227,2021

2394013805,2002,2230,1989

2394014805,1990,2274,1967

2394026801,1992,2386,1671

2394027805,1993,2384,1664

2394028805,1991,2384,1645

2394029805,1984,2399,1626

2394030805,2003,2400,1611

2394031805,2000,2416,1600

2394032805,1978,2430,1583

2394033805,1998,2448,1571

2394045801,2005,2508,1532

2394046805,1999,2448,1549

2394047805,2000,2509,1551

2394048805,2004,2514,1561

2394049805,1996,2483,1571

2394050805,1997,2457,1589

2394051805,2000,2534,1593

2394052805,2001,2530,1605

2394064801,1984,2448,1859

2394065805,1983,2453,1886

2394066805,1981,2398,1904

2394067805,1927,2423,1920

2394068805,1976,2383,1951

2394069805,1983,2425,1971

2394070805,1978,2413,1971

2394071805,1982,2421,2032

2394083801,1968,2242,2306

2394084805,1970,2231,2323

2394085805,1967,2176,2330

2394086805,1939,2224,2351

2394087805,1968,2231,2369

2394088805,1969,2213,2369

2394089805,1959,2212,2384

2394090805,1964,2229,2397

2394102801,1968,2112,2429

2394103805,1982,2129,2416

2394104805,1969,2119,2408

2394105805,1991,2133,2411

2394106805,1979,2142,2385

2394107805,1971,2129,2379

2394108805,1975,2133,2365

2394109805,1968,2137,2343

2394121801,1983,2207,2112

2394122805,1979,2215,2094

2394123805,1979,2223,2060

2394124805,1978,2238,2033

2394125805,1986,2234,2000

2394126805,1983,2253,1983

2394127805,1980,2266,1953

2394128805,1983,2263,1936

2394140801,1997,2402,1670

2394141805,1993,2433,1650

2394142805,2000,2447,1639

2394143805,1983,2459,1619

2394144805,2000,2464,1615

2394145805,2000,2469,1600

2394146805,1999,2465,1587

2394147805,1998,2470,1582

2394159801,1985,2567,1556

2394160805,1993,2559,1561

2394161805,2000,2559,1578

2394162805,2000,2555,1584

2394163805,1995,2541,1600

2394164805,1999,2539,1613

2394165805,1995,2535,1631

2394166805,1998,2532,1643

2394178801,1980,2478,1885

2394179805,1981,2469,1889

2394180805,1988,2446,1931

2394181805,1970,2426,1958

2394182805,1981,2414,1975

2394183805,1983,2397,2002

2394184805,1979,2384,2047

2394185805,1982,2367,2063

2394197801,1968,2233,2297

2394198805,1968,2222,2320

2394199805,1968,2205,2333

2394200805,2013,2185,2333

2394201805,1970,2181,2369

2394202805,1979,2164,2370

2394203805,1974,2160,2384

2394204805,1969,2160,2393

2394216801,1979,2095,2398

2394217805,1967,2083,2386

2394218805,1972,2073,2377

2394219805,1983,2083,2368

2394220805,1977,2087,2366

2394221805,1968,2090,2342

2394222805,1974,2099,2343

2394223805,1974,2122,2320

2394235801,1981,2210,2082

2394236805,1986,2187,2064

2394237805,1983,2195,2032

2394238805,1983,2218,2000

2394239805,1991,2241,1981

2394240805,1989,2251,1953

2394241805,1984,2272,1933

2394242805,1991,2288,1909

2394254801,2002,2416,1671

2394255805,1990,2429,1664

2394256805,2000,2451,1649

2394257805,1994,2465,1632

2394258805,1999,2480,1618

2394259805,1995,2490,1611

2394260805,1998,2505,1591

2394261805,2000,2517,1589

2394273801,1993,2531,1591

2394274805,2000,2630,1605

2394275805,1998,2571,1603

2394276805,1995,2576,1619

2394277805,1987,2576,1627

2394278805,1997,2573,1639

2394279805,2000,2579,1657

2394280805,1999,2559,1674

2394292801,1984,2449,1909

2394293805,1983,2461,1936

2394294805,1981,2447,1951

2394295805,1984,2438,1978

2394296805,1978,2422,2000

2394297805,1981,2416,2027

2394298805,1978,2390,2061

2394299805,1979,2373,2076

2394311801,1974,2232,2297

2394312805,1977,2222,2311

2394313805,1971,2206,2322

2394314805,1968,2191,2335

2394315805,1973,2174,2352

2394316805,1975,2164,2364

2394317805,1971,2138,2362

2394318805,1971,2129,2374

2394330801,1982,2097,2366

2394331805,1980,2096,2357

2394332805,1973,2095,2343

2394333805,1974,2123,2338

2394334805,1980,2093,2321

2394335805,1983,2087,2313

2394336805,1978,2085,2301

2394337805,1968,2083,2288

2394349801,1989,2219,2054

2394350805,1987,2223,2032

2394351805,2006,2234,2006

2394352805,1983,2239,1974

2394353805,1985,2234,1957

2394354805,1989,2246,1947

2394355805,1989,2269,1962

2394356805,1983,2277,1899

2394368801,2000,2448,1668

2394369805,1998,2464,1667

2394370805,2000,2463,1647

2394371805,1998,2464,1643

2394372805,1997,2481,1626

2394373805,2000,2486,1615

2394374805,2000,2510,1616

2394375805,2001,2516,1616

2394387801,2000,2571,1620

2394388805,2000,2559,1631

2394389805,2000,2569,1638

2394390805,2000,2559,1648

2394391805,1993,2555,1654

2394392805,1993,2567,1680

2394393805,1994,2571,1686

2394394805,1994,2559,1702

2394406801,1982,2433,1935

2394407805,1979,2413,1957

2394408805,1984,2401,1972

2394409805,1985,2403,2001

2394410805,1979,2381,2017

2394411805,1979,2379,2039

2394412805,1980,2369,2066

2394413805,1978,2358,2094

2394425801,1968,2175,2283

2394426805,1968,2172,2320

2394427805,1970,2160,2323

2394428805,1971,2153,2333

2394429805,1971,2151,2342

2394430805,1973,2146,2339

2394431805,1974,2129,2352

2394432805,1978,2139,2339

2394443801,1983,2056,2352

2394444805,1975,2077,2352

2394445805,1983,2071,2335

2394446805,1979,2087,2329

2394447805,1980,2093,2288

2394448805,1979,2095,2303

2394449805,1973,2106,2287

2394450805,1983,2101,2272

2394462801,1984,2211,2059

2394463805,1986,2224,2034

2394464805,1982,2247,2001

2394465805,1989,2262,1984

2394466805,1986,2267,1970

2394467805,1981,2291,1938

2394468805,1984,2301,1923

2394469805,1994,2310,1901

2394481801,2000,2472,1687

2394482805,2001,2485,1680

2394483805,1995,2498,1671

2394484805,1984,2511,1657

2394485805,1998,2517,1649

2394486805,2000,2529,1637

2394487805,2000,2531,1623

2394488805,1996,2541,1621

2394499453,2000,2599,1617

2394500805,1996,2609,1626

2394501805,1995,2595,1637

2394502805,1993,2597,1648

2394503805,1998,2592,1661

2394504805,1995,2576,1675

2394505805,1995,2559,1680

2394517801,1987,2480,1872

2394518805,1989,2461,1899

2394519805,1983,2439,1925

2394520805,1984,2432,1936

2394521805,1981,2414,1961

2394522805,1982,2393,1989

2394523805,1971,2368,2009

2394524805,1973,2361,2035

2394536801,1979,2208,2255

2394537805,1974,2188,2266

2394538805,1975,2181,2275

2394539805,1970,2160,2288

2394540805,1974,2154,2303

2394541805,1977,2133,2317

2394542805,1975,2126,2320

2394543805,1978,2112,2333

2394555801,1970,2079,2352

2394556805,1980,2064,2336

2394557805,1971,2064,2339

2394558805,1977,2066,2322

2394559805,1985,2077,2317

2394560805,1984,2064,2315

2394561805,1982,2094,2279

2394562805,1983,2079,2287

2394574801,1986,2192,2087

2394575805,1989,2213,2055

2394576805,1984,2219,2039

2394577805,1981,2239,2019

2394578805,1979,2248,2001

2394579805,1978,2258,1983

2394580805,1987,2285,1961

2394581805,1983,2298,1935

2394593801,1986,2459,1712

2394594805,1988,2467,1710

2394595805,1987,2480,1699

2394596805,1991,2470,1689

2394597805,1990,2505,1680

2394598805,1991,2515,1667

2394599805,1995,2542,1651

2394600805,1998,2541,1648

2394611801,1994,2582,1633

2394612805,2001,2586,1635

2394613805,2000,2582,1648

2394614805,1990,2576,1711

2394615805,1988,2582,1664

2394616805,1993,2576,1671

2394617805,1993,2581,1680

2394618805,1993,2576,1689

2394630801,1978,2434,1890

2394631805,1978,2432,1911

2394632805,1980,2416,1925

2394633805,1979,2416,1938

2394634805,1981,2403,1961

2394635805,1980,2394,1984

2394636805,1982,2378,2004

2394637805,1979,2359,2017

2394649801,1982,2185,2239

2394650805,1973,2171,2253

2394651805,1975,2162,2271

2394652805,1979,2160,2277

2394653805,1986,2157,2288

2394654805,1979,2147,2291

2394655805,1973,2135,2303

2394656805,1973,2123,2319

2394667453,1984,2065,2335

2394668805,1981,2073,2331

2394669805,1980,2077,2320

2394670805,1985,2085,2321

2394671805,1986,2087,2310

2394672805,1979,2094,2302

2394673805,1983,2095,2290

2394685801,1979,2192,2124

2394686805,1979,2211,2109

2394687805,1984,2226,2075

2394688805,1985,2245,2066

2394689805,1987,2259,2047

2394690805,1976,2264,2032

2394691805,1985,2267,1997

2394692805,1981,2283,1984

2394704801,1989,2467,1774

2394705805,1986,2480,1747

2394706805,1990,2493,1742

2394707805,1994,2499,1729

2394708805,1995,2513,1712

2394709805,1989,2521,1701

2394710805,1995,2523,1694

2394711805,1999,2516,1683

2394723801,1993,2605,1639

2394724805,1994,2606,1648

2394725805,2000,2599,1648

2394726805,1986,2595,1651

2394727805,1995,2590,1655

2394728805,1995,2574,1664

2394729805,1988,2570,1675

2394730805,1995,2559,1678

2394742801,1985,2463,1861

2394743805,1981,2446,1879

2394744805,1983,2427,1901

2394745805,1978,2407,1916

2394746805,1977,2384,1927

2394747805,1984,2369,1954

2394748805,1977,2435,1968

2394749805,1982,2352,1998

2394761801,1975,2190,2201

2394762805,1983,2165,2217

2394763805,1986,2155,2231

2394764805,1978,2185,2245

2394765805,1980,2128,2256

2394766805,1969,2112,2279

2394767805,1981,2122,2288

2394768805,1979,2107,2286

2394779801,1980,2059,2330

2394780805,1973,2064,2335

2394781805,1979,2060,2334

2394782805,1983,2061,2320

2394783805,1984,2063,2308

2394784805,1981,2075,2309

2394785805,1977,2076,2304

2394786805,1978,2087,2288

2394798801,1984,2192,2125

2394799805,1988,2201,2114

2394800805,1985,2222,2096

2394801805,1979,2236,2081

2394802805,1972,2256,2058

2394803805,1975,2265,2035

2394804805,1983,2288,2010

2394805805,1981,2304,1989

2394817801,1993,2449,1792

2394818805,1998,2475,1774

2394819805,1989,2489,1759

2394820805,1989,2495,1748

2394821805,1990,2508,1733

2394822805,1993,2529,1725

2394823805,1991,2539,1698

2394824805,1996,2544,1693

2394835453,1996,2592,1648

2394836805,2002,2576,1647

2394837805,1990,2581,1649

2394838805,1995,2588,1662

2394839805,1991,2594,1662

2394840805,1997,2581,1671

2394841805,1993,2587,1666

2394853801,1990,2466,1820

2394854805,1985,2445,1835

2394855805,1994,2433,1855

2394856805,1993,2425,1874

2394857805,1985,2416,1899

2394858805,1989,2404,1910

2394859805,1982,2341,1931

2394860805,1981,2375,1940

2394872801,1981,2192,2161

2394873805,1982,2193,2184

2394874805,1985,2186,2193

2394875805,1978,2177,2201

2394876805,1979,2166,2213

2394877805,1973,2155,2230

2394878805,1977,2144,2254

2394879805,1981,2139,2256

2394891801,1977,2085,2313

2394892805,1971,2079,2314

2394893805,1973,2093,2315

2394894805,1980,2077,2320

2394895805,1979,2090,2307

2394896805,1969,2093,2303

2394897805,1979,2102,2288

2394898805,1970,2096,2291

2394910801,1979,2219,2151

2394911805,1977,2229,2135

2394912805,1979,2237,2119

2394913805,1984,2252,2095

2394914805,1984,2257,2080

2394915805,1985,2270,2062

2394916805,1987,2282,2033

2394917805,1981,2290,2029

2394929801,1987,2474,1808

2394930805,1989,2481,1793

2394931805,1981,2481,1783

2394932805,1990,2496,1762

2394933805,1995,2501,1758

2394934805,1994,2509,1744

2394935805,1968,2527,1731

2394936805,1993,2527,1725

2394947801,1993,2592,1651

2394948805,2000,2585,1654

2394949805,1995,2555,1653

2394950805,1997,2577,1651

2394951805,1997,2574,1663

2394952805,1991,2555,1664

2394953805,1997,2551,1658

2394954805,1989,2549,1680

2394966801,1997,2453,1815

2394967805,1985,2429,1830

2394968805,1985,2417,1850

2394969805,1983,2397,1867

2394970805,1988,2391,1883

2394971805,1983,2367,1899

2394972805,1981,2362,1916

2394973805,1984,2343,1936

2394985801,1992,2192,2161

2394986805,1983,2163,2165

2394987805,1982,2165,2175

2394988805,1974,2180,2194

2394989805,1977,2139,2221

2394990805,1983,2135,2224

2394991805,1985,2128,2239

2394992805,1984,2133,2242

2395003453,1987,2071,2320

2395004805,1977,2074,2317

2395005805,1973,2081,2315

2395006805,1981,2082,2321

2395007805,1973,2089,2321

2395008805,1982,2091,2314

2395009805,1971,2099,2305

2395021801,1974,2182,2190

2395022805,1981,2202,2179

2395023805,1979,2213,2155

2395024805,1986,2207,2140

2395025805,1986,2243,2122

2395026805,1978,2259,2109

2395027805,1977,2270,2087

2395028805,1981,2291,2075

2395040801,1999,2442,1866

2395041805,1985,2453,1833

2395042805,1987,2467,1829

2395043805,1987,2487,1814

2395044805,1990,2488,1791

2395045805,1999,2495,1779

2395046805,1985,2512,1767

2395047805,1994,2523,1745

2395059801,1995,2575,1657

2395060805,1987,2579,1662

2395061805,1990,2576,1660

2395062805,1993,2602,1660

2395063805,1991,2583,1660

2395064805,1990,2576,1664

2395065805,2000,2567,1665

2395066805,2000,2559,1669

2395078801,1991,2438,1799

2395079805,1986,2432,1808

2395080805,1989,2430,1824

2395081805,1991,2432,1845

2395082805,1987,2405,1851

2395083805,1984,2393,1869

2395084805,1987,2370,1894

2395085805,1984,2365,1910

2395097801,1983,2202,2131

2395098805,1986,2193,2141

2395099805,1984,2185,2160

2395100805,1985,2240,2172

2395101805,1971,2162,2186

2395102805,1968,2153,2197

2395103805,1983,2141,2224

2395104805,1983,2128,2229

2395115801,1981,2096,2310

2395116805,1983,2093,2304

2395117805,1975,2105,2310

2395118805,1983,2099,2307

2395119805,1982,2102,2310

2395120805,1981,2112,2309

2395121805,1977,2109,2308

2395122805,1984,2109,2301

2395134801,1974,2223,2191

2395135805,1974,2226,2174

2395136805,1983,2237,2154

2395137805,1984,2249,2138

2395138805,1977,2259,2121

2395139805,1979,2273,2112

2395140805,1984,2283,2097

2395141805,1982,2283,2078

2395153801,1994,2449,1819

2395154805,1990,2464,1841

2395155805,1985,2466,1827

2395156805,1989,2476,1817

2395157805,1995,2483,1773

2395158805,1988,2484,1783

2395159805,1995,2492,1777

2395160805,1994,2506,1759

2395171453,1999,2567,1679

2395172805,1993,2556,1670

2395173805,1991,2545,1667

2395174805,1993,2544,1669

2395175805,2000,2541,1659

2395176805,1991,2541,1665

2395177805,1998,2531,1665

2395189801,1986,2453,1774

2395190805,1982,2437,1776

2395191805,1994,2416,1799

2395192805,1981,2359,1808

2395193805,1982,2394,1823

2395194805,2000,2387,1836

2395195805,1984,2343,1863

2395196805,1986,2370,1873

2395208801,1987,2219,2091

2395209805,1987,2209,2112

2395210805,1991,2192,2123

2395211805,1985,2192,2135

2395212805,1973,2176,2154

2395213805,1980,2173,2170

2395214805,1979,2160,2190

2395215805,1968,2158,2170

2395227801,1981,2105,2310

2395228805,1982,2097,2305

2395229805,1983,2099,2315

2395230805,1978,2103,2317

2395231805,1975,2112,2317

2395232805,1981,2116,2311

2395233805,1984,2014,2307

2395234805,1995,2124,2315

2395246801,1983,2213,2198

2395247805,1983,2220,2189

2395248805,1985,2233,2182

2395249805,1982,2244,2160

2395250805,1982,2258,2153

2395251805,1973,2283,2128

2395252805,1983,2275,2114

2395253805,1973,2301,2096

2395265801,1989,2465,1890

2395266805,1985,2451,1856

2395267805,1983,2467,1845

2395268805,1983,2453,1833

2395269805,1986,2480,1823

2395270805,1991,2496,1803

2395271805,1995,2507,1785

2395272805,1999,2506,1777

2395283801,1998,2549,1674

2395284805,1997,2550,1669

2395285805,2000,2530,1674

2395286805,1998,2551,1680

2395287805,1996,2559,1667

2395288805,1997,2544,1659

2395289805,1996,2533,1664

2395290805,1993,2530,1663

2395302801,1984,2443,1767

2395303805,1995,2435,1775

2395304805,1996,2429,1792

2395305805,1989,2411,1811

2395306805,1991,2402,1818

2395307805,1988,2375,1831

2395308805,1988,2370,1847

2395309805,1985,2352,1872

2395321801,1981,2235,2081

2395322805,1979,2220,2100

2395323805,1980,2213,2112

2395324805,1986,2201,2137

2395325805,1983,2175,2151

2395326805,1991,2174,2171

2395327805,1978,2170,2180

2395328805,1981,2150,2192

2395339453,1989,2128,2292

2395340805,1975,2128,2289

2395341805,1974,2128,2299

2395342805,1975,2125,2298

2395343805,1978,2122,2317

2395344805,1975,2111,2313

2395345805,1984,2126,2314

2395357801,1975,2160,2227

2395358805,1968,2219,2219

2395359805,1970,2233,2198

2395360805,1974,2362,2192

2395361805,1971,2241,2175

2395362805,1983,2253,2165

2395363805,1974,2239,2151

2395364805,1977,2279,2141

2395376801,1991,2416,1903

2395377805,1994,2492,1904

2395378805,1988,2433,1887

2395379805,1981,2467,1863

2395380805,1984,2442,1854

2395381805,1989,2457,1841

2395382805,1987,2474,1826

2395383805,1991,2471,1807

2395395801,1999,2529,1681

2395396805,1995,2514,1680

2395397805,1984,2532,1666

2395398805,1996,2513,1670

2395399805,1994,2522,1662

2395400805,1994,2519,1670

2395401805,1987,2517,1665

2395402805,1998,2520,1665

2395414801,1987,2425,1746

2395415805,2000,2416,1770

2395416805,1989,2407,1778

2395417805,1988,2407,1792

2395418805,1993,2394,1806

2395419805,1986,2383,1816

2395420805,1984,2477,1830

2395421805,1987,2368,1853

2395433801,1982,2225,2062

2395434805,1985,2213,2089

2395435805,1983,2205,2102

2395436805,1985,2206,2117

2395437805,1977,2202,2128

2395438805,1987,2195,2150

2395439805,1987,2192,2159

2395440805,1983,2186,2180

2395451801,1990,2129,2298

2395452805,1979,2131,2297

2395453805,1985,2128,2305

2395454805,1979,2138,2311

2395455805,1973,2145,2309

2395456805,1977,2147,2304

2395457805,1982,2151,2307

2395458805,1978,2144,2314

2395470801,1982,2218,2237

2395471805,1982,2237,2222

2395472805,1977,2240,2199

2395473805,1977,2244,2192

2395474805,1973,2269,2181

2395475805,1978,2272,2170

2395476805,1972,2275,2153

2395477805,1981,2293,2134

2395489801,1989,2421,1927

2395490805,1980,2423,1919

2395491805,1980,2439,1838

2395492805,1977,2446,1882

2395493805,1984,2450,1854

2395494805,1986,2466,1825

2395495805,1984,2470,1829

2395496805,1987,2469,1808

2395507453,2000,2522,1686

2395508805,2003,2529,1671

2395509805,2000,2526,1673

2395510805,1995,2524,1667

2395511805,1995,2527,1673

2395512805,1995,2512,1673

2395513805,2000,2506,1663

2395525801,1995,2459,1727

2395526805,1999,2439,1742

2395527805,2000,2435,1711

2395528805,1986,2424,1763

2395529805,1999,2407,1780

2395530805,1997,2394,1794

2395531805,1991,2393,1806

2395532805,1991,2377,1831

2395544801,1985,2269,2026

2395545805,1983,2256,2047

2395546805,1983,2249,2064

2395547805,1979,2238,2079

2395548805,1989,2224,2103

2395549805,1986,2213,2112

2395550805,1985,2186,2135

2395551805,1986,2192,2087

2395563801,1981,2159,2278

2395564805,1982,2143,2276

2395565805,1990,2139,2251

2395566805,1983,2144,2291

2395567805,1979,2144,2303

2395568805,1973,2153,2304

2395569805,1985,2047,2311

2395570805,1981,2158,2352

2395582801,1970,2224,2233

2395583805,1978,2228,2224

2395584805,1981,2238,2221

2395585805,1979,2246,2210

2395586805,1982,2251,2197

2395587805,1973,2260,2172

2395588805,1982,2269,2160

2395589805,1983,2278,2146

2395601801,2007,2390,1947

2395602805,1989,2401,1929

2395603805,1991,2416,1905

2395604805,1986,2421,1889

2395605805,1979,2427,1872

2395606805,1990,2435,1860

2395607805,1984,2441,1841

2395608805,1986,2451,1819

2395619801,1995,2495,1695

2395620805,1998,2489,1682

2395621805,1998,2496,1681

2395622805,1995,2501,1699

2395623805,2000,2501,1675

2395624805,1994,2496,1674

2395625805,1998,2502,1794

2395626805,1991,2496,1731

2395638801,1997,2427,1735

2395639805,1991,2416,1747

2395640805,1991,2410,1746

2395641805,1998,2415,1743

2395642805,1990,2403,1777

2395643805,1990,2389,1793

2395644805,1949,2389,1803

2395645805,1996,2381,1817

2395657801,1987,2257,2033

2395658805,1990,2259,2046

2395659805,1986,2246,2070

2395660805,1985,2229,2082

2395661805,1982,2239,2096

2395662805,1982,2231,2109

2395663805,1985,2229,2131

2395664805,1928,2213,2144

2395675453,1981,2164,2275

2395676805,1981,2174,2285

2395677805,1974,2160,2288

2395678805,1979,2161,2301

2395679805,1974,2170,2297

2395680805,1978,2167,2295

2395681805,1984,2161,2304

2395693801,1975,2211,2266

2395694805,2006,2224,2240

2395695805,1981,2234,2238

2395696805,1987,2240,2221

2395697805,1975,2254,2215

2395698805,1977,2250,2199

2395699805,1980,2261,2183

2395700805,1974,2263,2176

2395712801,2033,2377,1994

2395713805,1986,2384,1953

2395714805,1983,2397,1936

2395715805,1991,2405,1918

2395716805,1989,2416,1936

2395717805,1989,2416,1887

2395718805,1985,2427,1872

2395719805,1983,2426,1855

2395731801,1995,2487,1706

2395732805,2001,2496,1705

2395733805,1994,2484,1678

2395734805,1993,2490,1685

2395735805,2031,2489,1685

2395736805,1993,2487,1664

2395737805,1996,2486,1674

2395738805,2001,2481,1664

2395750801,1999,2445,1723

2395751805,1994,2429,1728

2395752805,1994,2421,1744

2395753805,1989,2407,1750

2395754805,1990,2405,1765

2395755805,1994,2391,1755

2395756805,1987,2382,1791

2395757805,1991,2373,1781

2395769801,1991,2285,2009

2395770805,1984,2277,2017

2395771805,1982,2256,2043

2395772805,1976,2251,2064

2395773805,1958,2250,2090

2395774805,1982,2242,2069

2395775805,1981,2225,2115

2395776805,1986,2220,2133

2395787801,1974,2176,2239

2395788805,1982,2170,2284

2395789805,1975,2176,2287

2395790805,1983,2167,2291

2395791805,1982,2171,2290

2395792805,1981,2173,2299

2395793805,1936,2173,2301

2395794805,2007,2167,2306

2395806801,1970,2220,2207

2395807805,1989,2219,2273

2395808805,1984,2230,2238

2395809805,1987,2242,2231

2395810805,1979,2245,2212

2395811805,1985,2255,2210

2395812805,1979,2257,2185

2395813805,1979,2273,2170

2395825801,1986,2361,1968

2395826805,2023,2374,1942

2395827805,1962,2363,1941

2395828805,1987,2387,1915

2395829805,1997,2391,1900

2395830805,1990,2411,1889

2395831805,1989,2409,1872

2395832805,1975,2420,1849

2395843453,1998,2467,1712

2395844805,2031,2464,1709

2395845805,1989,2467,1696

2395846805,1989,2467,1675

2395847805,1989,2480,1680

2395848805,2000,2470,1676

2395849805,2001,2482,1680

2395861801,1994,2435,1708

2395862805,1997,2435,1722

2395863805,1987,2431,1725

2395864805,1969,2422,1741

2395865805,2000,2423,1751

2395866805,1987,2406,1766

2395867805,1989,2420,1776

2395868805,1982,2399,1791

2395880801,1984,2295,1982

2395881805,1949,2291,1997

2395882805,1985,2286,2047

2395883805,1984,2290,2032

2395884805,1984,2279,2063

2395885805,1987,2272,2064

2395886805,1983,2269,2076

2395887805,1984,2247,2096

2395899801,1976,2195,2246

2395900805,1982,2197,2270

2395901805,1981,2192,2265

2395902805,1978,2185,2275

2395903805,1982,2192,2298

2395904805,1970,2187,2286

2395905805,1981,2176,2288

2395906805,1985,2186,2301

2395918801,1974,2224,2268

2395919805,1977,2229,2255

2395920805,2002,2235,2243

2395921805,1975,2236,2230

2395922805,1979,2236,2220

2395923805,1967,2250,2205

2395924805,1983,2255,2191

2395925805,1987,2258,2168

2395937801,1984,2353,1979

2395938805,1963,2363,1971

2395939805,1983,2363,1947

2395940805,1995,2370,1926

2395941805,1982,2383,1921

2395942805,1991,2382,1879

2395943805,1988,2385,1902

2395944805,1984,2393,1863

2395955801,1995,2459,1725

2395956805,1995,2463,1708

2395957805,1999,2466,1696

2395958805,1998,2462,1705

2395959805,1995,2465,1695

2395960805,1991,2466,1689

2395961805,1994,2467,1684

2395962805,1997,2467,1684

2395974801,2000,2433,1712

2395975805,1993,2427,1716

2395976805,1989,2437,1751

2395977805,1994,2419,1742

2395978805,1998,2410,1753

2395979805,1993,2412,1776

2395980805,2003,2413,1776

2395981805,2006,2388,1794

2395993801,1983,2313,1968

2395994805,1987,2302,2001

2395995805,1981,2265,2015

2395996805,1991,2301,2005

2395997805,1986,2270,2047

2395998805,1973,2272,2077

2395999805,1984,2271,2086

2396000805,1939,2258,2098

2396011453,1972,2203,2240

2396012805,1982,2204,2256

2396013805,1979,2192,2258

2396014805,1973,2198,2263

2396015805,1975,2201,2277

2396016805,1975,2192,2285

2396017805,1981,2187,2286

2396029801,1979,2210,2279

2396030805,1969,2205,2258

2396031805,1973,2218,2253

2396032805,1985,2218,2238

2396033805,1970,2224,2231

2396034805,1977,2224,2226

2396035805,1969,2231,2210

2396036805,1981,2242,2254

2396048801,1984,2322,2013

2396049805,1982,2334,2029

2396050805,2009,2336,1984

2396051805,1965,2354,1968

2396052805,1975,2352,1936

2396053805,1968,2366,1937

2396054805,1979,2364,1919

2396055805,1988,2383,1903

2396067801,1993,2442,1739

2396068805,2003,2448,1728

2396069805,1989,2449,1720

2396070805,1939,2463,1712

2396071805,1946,2455,1703

2396072805,1991,2458,1696

2396073805,2000,2463,1686

2396074805,2000,2458,1687

2396086801,1999,2446,1711

2396087805,1990,2436,1718

2396088805,2000,2445,1727

2396089805,1999,2439,1735

2396090805,2000,2423,1746

2396091805,1989,2416,1812

2396092805,2000,2430,1773

2396093805,1994,2415,1789

2396105801,1991,2335,1968

2396106805,1985,2320,1979

2396107805,1987,2320,2000

2396108805,1997,2319,2027

2396109805,2001,2291,2032

2396110805,1981,2292,2061

2396111805,1995,2283,2075

2396112805,1979,2272,2095

2396123801,1981,2223,2230

2396124805,1978,2214,2241

2396125805,1989,2217,2256

2396126805,2000,2207,2256

2396127805,1978,2205,2261

2396128805,1979,2193,2274

2396129805,1983,2192,2271

2396130805,1968,2194,2277

2396142801,1983,2211,2259

2396143805,1975,2218,2288

2396144805,1983,2224,2242

2396145805,1975,2224,2229

2396146805,1982,2222,2225

2396147805,1982,2224,2212

2396148805,1980,2234,2201

2396149805,1980,2237,2194

2396161801,1991,2323,2013

2396162805,1983,2342,1995

2396163805,1978,2338,1978

2396164805,1988,2337,1973

2396165805,1991,2349,1948

2396166805,1986,2348,1927

2396167805,1984,2351,1882

2396168805,2000,2365,1903

2396179453,1993,2434,1748

2396180805,2000,2441,1739

2396181805,2042,2447,1743

2396182805,1994,2441,1727

2396183805,1998,2440,1713

2396184805,1999,2447,1711

2396185805,2032,2454,1702

2396197801,1995,2450,1713

2396198805,1990,2447,1714

2396199805,1997,2439,1715

2396200805,1989,2442,1728

2396201805,1997,2432,1742

2396202805,1989,2432,1746

2396203805,1998,2418,1755

2396204805,1990,2416,1766

2396216801,1987,2345,1943

2396217805,1990,2335,1962

2396218805,1989,2337,1975

2396219805,1972,2320,1991

2396220805,1996,2320,2003

2396221805,1987,2311,2015

2396222805,1981,2307,2043

2396223805,1975,2306,2061

2396235801,1983,2225,2222

2396236805,1984,2224,2231

2396237805,1975,2218,2236

2396238805,1971,2214,2246

2396239805,1973,2209,2254

2396240805,1974,2210,2256

2396241805,1975,2213,2263

2396242805,1978,2194,2276

2396254801,1975,2195,2259

2396255805,1979,2210,2250

2396256805,1979,2212,2241

2396257805,1974,2221,2241

2396258805,1978,2218,2229

2396259805,1977,2234,2225

2396260805,1978,2227,2206

2396261805,1981,2235,2195

2396273801,1984,2301,2025

2396274805,1986,2309,2001

2396275805,1984,2337,1993

2396276805,1989,2335,1973

2396277805,1983,2336,1968

2396278805,1986,2350,1936

2396279805,1989,2350,1929

2396280805,1993,2352,1909

2396291801,1998,2423,1763

2396292805,1987,2432,1758

2396293805,1985,2438,1739

2396294805,1993,2442,1749

2396295805,1991,2438,1744

2396296805,1989,2448,1716

2396297805,1999,2450,1712

2396298805,1990,2447,1710

2396310801,1999,2448,1712

2396311805,1994,2461,1716

2396312805,1993,2437,1731

2396313805,1998,2454,1732

2396314805,1995,2439,1742

2396315805,1996,2448,1757

2396316805,1999,2421,1763

2396317805,1997,2422,1776

2396329801,1977,2351,1942

2396330805,1987,2352,1963

2396331805,1984,2345,1975

2396332805,1991,2336,1989

2396333805,1984,2329,2014

2396334805,1984,2319,2030

2396335805,1985,2310,2032

2396336805,1984,2304,2063

2396347453,1977,2240,2205

2396348805,1979,2243,2207

2396349805,1975,2224,2223

2396350805,1975,2224,2236

2396351805,1980,2219,2245

2396352805,1962,2218,2242

2396353805,1973,2215,2250

2396365801,1984,2205,2266

2396366805,1976,2201,2256

2396367805,1981,2220,2250

2396368805,1974,2202,2240

2396369805,1977,2195,2230

2396370805,1980,2210,2229

2396371805,1983,2209,2213

2396372805,1983,2208,2214

2396384801,1967,2291,2057

2396385805,1973,2294,2032

2396386805,1983,2303,2017

2396387805,1993,2310,2000

2396388805,1987,2308,1990

2396389805,1988,2319,1975

2396390805,1989,2323,1959

2396391805,1996,2331,1939

2396403801,1998,2416,1776

2396404805,1994,2417,1775

2396405805,1991,2419,1767

2396406805,1999,2428,1747

2396407805,2007,2433,1743

2396408805,1997,2433,1734

2396409805,1984,2438,1728

2396410805,1994,2448,1729

2396422801,2017,2452,1718

2396423805,1995,2451,1725

2396424805,1990,2451,1734

2396425805,1997,2439,1743

2396426805,2000,2448,1747

2396427805,1997,2433,1755

2396428805,1990,2432,1766

2396429805,1994,2432,1762

2396441801,2000,2361,1932

2396442805,1997,2352,1938

2396443805,1981,2352,1971

2396444805,1991,2347,1985

2396445805,1994,2339,1999

2396446805,1987,2323,2006

2396447805,1975,2327,2030

2396448805,2006,2325,2045

2396459801,1973,2243,2189

2396460805,1984,2235,2198

2396461805,1979,2233,2212

2396462805,1981,2226,2224

2396463805,1979,2226,2222

2396464805,1947,2219,2214

2396465805,1981,2219,2242

2396466805,1976,2212,2240

2396478801,1978,2188,2256

2396479805,1983,2198,2247

2396480805,1985,2203,2226

2396481805,1978,2214,2224

2396482805,1986,2207,2225

2396483805,1974,2209,2224

2396484805,1983,2210,2206

2396485805,1982,2223,2203

2396497801,1979,2283,2047

2396498805,1990,2287,2035

2396499805,1991,2297,2013

2396500805,1987,2295,1997

2396501805,1982,2316,1986

2396502805,1984,2321,1967

2396503805,1985,2321,1958

2396504805,1984,2336,1936

2396515453,1990,2407,1797

2396516805,2000,2413,1776

2396517805,1987,2422,1777

2396518805,2006,2430,1766

2396519805,1969,2426,1750

2396520805,1990,2439,1744

2396521805,1989,2437,1743

2396533801,2000,2462,1728

2396534805,1999,2456,1725

2396535805,1996,2467,1729

2396536805,2011,2457,1738

2396537805,2000,2452,1739

2396538805,1975,2448,1743

2396539805,1997,2448,1761

2396540805,1995,2448,1763

2396552801,1985,2385,1904

2396553805,1985,2382,1914

2396554805,1970,2369,1936

2396555805,1999,2367,1957

2396556805,1983,2352,1967

2396557805,2000,2353,1975

2396558805,1979,2337,1993

2396559805,1983,2332,2013

2396571801,1982,2251,2172

2396572805,1979,2249,2183

2396573805,1978,2235,2195

2396574805,1948,2230,2198

2396575805,1968,2224,2205

2396576805,1979,2222,2224

2396577805,1978,2215,2211

2396578805,1977,2211,2227

2396590801,1975,2189,2247

2396591805,1982,2196,2250

2396592805,1979,2196,2242

2396593805,1994,2192,2230

2396594805,1983,2190,2228

2396595805,1984,2198,2219

2396596805,1975,2197,2211

2396597805,1979,2221,2208

2396609801,1985,2275,2061

2396610805,1979,2285,2043

2396611805,1985,2285,2032

2396612805,1981,2290,2018

2396613805,1958,2290,1999

2396614805,1985,2309,1981

2396615805,1983,2312,1968

2396616805,1985,2322,1963

2396627801,1994,2401,1815

2396628805,1991,2404,1798

2396629805,1995,2412,1790

2396630805,1997,2416,1786

2396631805,2000,2427,1766

2396632805,2000,2441,1761

2396633805,1995,2430,1757

2396634805,1987,2437,1744

2396646801,2000,2454,1743

2396647805,1994,2457,1734

2396648805,1990,2453,1691

2396649805,1991,2461,1744

2396650805,1997,2470,1755

2396651805,1997,2458,1752

2396652805,1997,2450,1755

2396653805,1989,2461,1771

2396665801,1983,2415,1904

2396666805,1993,2374,1915

2396667805,1987,2381,1931

2396668805,1985,2366,1951

2396669805,1983,2357,1971

2396670805,1986,2351,1978

2396671805,1984,2340,1997

2396672805,1981,2338,2002

2396683453,1975,2254,2160

2396684805,1986,2247,2163

2396685805,1977,2240,2173

2396686805,1981,2241,2192

2396687805,1979,2235,2171

2396688805,1981,2224,2204

2396689805,1977,2224,2209

2396701801,1979,2189,2245

2396702805,1970,2189,2241

2396703805,1979,2193,2241

2396704805,1973,2192,2219

2396705805,1974,2196,2231

2396706805,1975,2193,2219

2396707805,1982,2193,2203

2396708805,1975,2203,2209

2396720801,1974,2256,2095

2396721805,1984,2271,2077

2396722805,1978,2277,2062

2396723805,1968,2278,2037

2396724805,1984,2283,2033

2396725805,1991,2297,2013

2396726805,1986,2299,1999

2396727805,1987,2309,1979

2396739801,1994,2397,1834

2396740805,1987,2402,1810

2396741805,1990,2414,1802

2396742805,1968,2418,1793

2396743805,1996,2416,1777

2396744805,2000,2422,1779

2396745805,1985,2425,1759

2396746805,2000,2432,1762

2396758801,1991,2471,1737

2396759805,1995,2491,1739

2396760805,1998,2469,1744

2396761805,1942,2455,1744

2396762805,1991,2465,1754

2396763805,1983,2464,1754

2396764805,1991,2449,1761

2396765805,1994,2448,1767

2396777801,1986,2389,1904

2396778805,1984,2379,1911

2396779805,1984,2379,1930

2396780805,1989,2372,1936

2396781805,1984,2367,1957

2396782805,1984,2356,1968

2396783805,1986,2352,1986

2396784805,1984,2339,1996

2396795801,1978,2261,2143

2396796805,1982,2258,2154

2396797805,1984,2250,2151

2396798805,1981,2234,2179

2396799805,1979,2240,2192

2396800805,1979,2236,2192

2396801805,1985,2224,2192

2396802805,1979,2222,2199

2396814801,1979,2192,2226

2396815805,1983,2183,2237

2396816805,1978,2186,2241

2396817805,1986,2192,2226

2396818805,1984,2181,2225

2396819805,1981,2192,2211

2396820805,1978,2192,2215

2396821805,1985,2197,2208

2396833801,1979,2256,2080

2396834805,1981,2255,2070

2396835805,1987,2259,2062

2396836805,1984,2274,2045

2396837805,1991,2288,2000

2396838805,1979,2291,2011

2396839805,1980,2305,1996

2396840805,1984,2313,1989

2396851453,1985,2384,1852

2396852805,1996,2392,1835

2396853805,1989,2410,1844

2396854805,1998,2405,1814

2396855805,1987,2419,1785

2396856805,1994,2426,1799

2396857805,1995,2428,1790

2396869801,1999,2467,1734

2396870805,1998,2463,1742

2396871805,1991,2463,1744

2396872805,1999,2468,1749

2396873805,1994,2461,1751

2396874805,1992,2476,1755

2396875805,1994,2466,1753

2396876805,1994,2465,1764

2396888801,1981,2411,1873

2396889805,1983,2395,1875

2396890805,1994,2389,1898

2396891805,1982,2385,1919

2396892805,1991,2383,1930

2396893805,1988,2370,1943

2396894805,1989,2373,1954

2396895805,1987,2361,1964

2396907801,1977,2263,2123

2396908805,1979,2259,2141

2396909805,1979,2255,2146

2396910805,1985,2243,2174

2396911805,1989,2247,2160

2396912805,1983,2229,2171

2396913805,1984,2230,2177

2396914805,1971,2220,2186

2396926801,1981,2192,2224

2396927805,1959,2189,2225

2396928805,1978,2191,2223

2396929805,1970,2191,2217

2396930805,1983,2183,2222

2396931805,1984,2196,2217

2396932805,1981,2193,2214

2396933805,1984,2192,2203

2396945801,1979,2255,2075

2396946805,1982,2244,2077

2396947805,1978,2263,2064

2396948805,1985,2277,2053

2396949805,1981,2278,2035

2396950805,1981,2289,2032

2396951805,1991,2298,2011

2396952805,1985,2304,1998

2396963801,1991,2384,1858

2396964805,1990,2390,1853

2396965805,1990,2400,1845

2396966805,1990,2397,1828

2396967805,1995,2410,1822

2396968805,1997,2415,1803

2396969805,1994,2416,1802

2396970805,1991,2431,1790

2396982801,1985,2469,1750

2396983805,2000,2469,1743

2396984805,1986,2471,1782

2396985805,1991,2469,1753

2396986805,1985,2457,1760

2396987805,1984,2454,1744

2396988805,1984,2469,1757

2396989805,1987,2485,1774

2397001801,1989,2406,1875

2397002805,1989,2399,1891

2397003805,1985,2407,1897

2397004805,1994,2384,1911

2397005805,1994,2379,1936

2397006805,1989,2377,1947

2397007805,1984,2370,1957

2397008805,1986,2358,1965

2397019453,1983,2246,2102

2397020805,1985,2263,2115

2397021805,1977,2226,2127

2397022805,1977,2227,2146

2397023805,1983,2238,2131

2397024805,1971,2193,2160

2397025805,1981,2242,2165

2397037801,1981,2189,2194

2397038805,1973,2185,2229

2397039805,1981,2180,2225

2397040805,1986,2183,2205

2397041805,1977,2176,2219

2397042805,1977,2192,2214

2397043805,1975,2194,2270

2397044805,1983,2246,2213

2397056801,1990,2238,2114

2397057805,1986,2240,2105

2397058805,1978,2310,2073

2397059805,1968,2258,2083

2397060805,1987,2271,2064

2397061805,1984,2224,2047

2397062805,1968,2285,2041

2397063805,1983,2228,2019

2397075801,1985,2370,1874

2397076805,1995,2386,1872

2397077805,1989,2399,1856

2397078805,2055,2401,1840

2397079805,1988,2407,1837

2397080805,1995,2417,1827

2397081805,1959,2419,1852

2397082805,1991,2401,1809

2397094801,1994,2466,1761

2397095805,1990,2483,1757

2397096805,1991,2426,1759

2397097805,2011,2463,1757

2397098805,1990,2451,1757

2397099805,1996,2466,1767

2397100805,1989,2468,1761

2397101805,1995,2448,1773

2397113801,1991,2407,1873

2397114805,1985,2405,1883

2397115805,1989,2393,1891

2397116805,1994,2390,1899

2397117805,1982,2470,1915

2397118805,1985,2383,1930

2397119805,1979,2370,1938

2397120805,1980,2356,1965

2397131801,1997,2275,2091

2397132805,1989,2265,2112

2397133805,1984,2269,2118

2397134805,1983,2258,2122

2397135805,1980,2240,2128

2397136805,1971,2240,2143

2397137805,1983,2235,2159

2397138805,1981,2224,2160

2397150801,1972,2193,2221

2397151805,1977,2193,2218

2397152805,1982,2183,2224

2397153805,1984,2185,2214

2397154805,1984,2187,2207

2397155805,1959,2191,2187

2397156805,1977,2192,2209

2397157805,1984,2196,2201

2397169801,1936,2255,2109

2397170805,1984,2263,2098

2397171805,1983,2276,2094

2397172805,1984,2269,2081

2397173805,1984,2265,2069

2397174805,1984,2271,2057

2397175805,1984,2291,2041

2397176805,1987,2294,2025

2397187453,1986,2377,1895

2397188805,1987,2384,1882

2397189805,1989,2395,1872

2397190805,1991,2397,1861

2397191805,1989,2400,1847

2397192805,1985,2410,1842

2397193805,1987,2416,1827

2397205801,2001,2455,1812

2397206805,1995,2465,1762

2397207805,1991,2466,1769

2397208805,1969,2462,1760

2397209805,1991,2455,1763

2397210805,1984,2472,1765

2397211805,1970,2461,1760

2397212805,1990,2459,1766

2397224801,1994,2418,1855

2397225805,1989,2411,1869

2397226805,1985,2403,1872

2397227805,1968,2400,1899

2397228805,1987,2398,1891

2397229805,1999,2378,1904

2397230805,1999,2377,1911

2397231805,1984,2369,1921

2397243801,1983,2280,2074

2397244805,1989,2272,2087

2397245805,1982,2250,2105

2397246805,1983,2256,2112

2397247805,1978,2256,2129

2397248805,1981,2246,2125

2397249805,1983,2239,2099

2397250805,1978,2240,2145

2397262801,1977,2189,2219

2397263805,1977,2194,2209

2397264805,1985,2192,2211

2397265805,1987,2183,2211

2397266805,1975,2149,2208

2397267805,1982,2192,2206

2397268805,1954,2192,2224

2397269805,1984,2199,2198

2397281801,1979,2240,2134

2397282805,1984,2256,2113

2397283805,1975,2254,2100

2397284805,1985,2255,2091

2397285805,1989,2273,2082

2397286805,1973,2278,2064

2397287805,1994,2290,2046

2397288805,1984,2294,2042

2397299801,1989,2380,1915

2397300805,1998,2393,1898

2397301805,2002,2386,1887

2397302805,1999,2416,1872

2397303805,2000,2413,1856

2397304805,2022,2403,1846

2397305805,1985,2420,1836

2397306805,1988,2428,1839

2397318801,1995,2455,1767

2397319805,1984,2459,1776

2397320805,1993,2471,1778

2397321805,1990,2460,1759

2397322805,2001,2468,1765

2397323805,1993,2459,1776

2397324805,1995,2459,1775

2397325805,1990,2437,1771

2397337801,1989,2411,1847

2397338805,1990,2413,1866

2397339805,1997,2363,1867

2397340805,1999,2393,1905

2397341805,1986,2386,1894

2397342805,1994,2359,1902

2397343805,1993,2372,1920

2397344805,1989,2353,1931

2397355453,1977,2320,2061

2397356805,1983,2276,2077

2397357805,1990,2271,2087

2397358805,1986,2323,2102

2397359805,1975,2250,2109

2397360805,1979,2250,2117

2397361805,1966,2247,2128

2397373801,1983,2192,2195

2397374805,1984,2192,2193

2397375805,1981,2190,2202

2397376805,2009,2193,2206

2397377805,1976,2198,2206

2397378805,1981,2203,2206

2397379805,1979,2189,2203

2397380805,1979,2189,2201

2397392801,1983,2245,2137

2397393805,1983,2247,2122

2397394805,1982,2242,2117

2397395805,1981,2259,2118

2397396805,1981,2261,2110

2397397805,1984,2273,2094

2397398805,1973,2269,2081

2397399805,1985,2294,2075

2397411801,1987,2375,1920

2397412805,1985,2367,1919

2397413805,1990,2383,1901

2397414805,1983,2385,1888

2397415805,1995,2413,1873

2397416805,1987,2399,1857

2397417805,2000,2415,1855

2397418805,1990,2413,1840

2397430801,2000,2461,1777

2397431805,1995,2463,1775

2397432805,1997,2465,1771

2397433805,2009,2470,1769

2397434805,2000,2467,1773

2397435805,1991,2461,1771

2397436805,1994,2455,1776

2397437805,1997,2448,1776

2397449801,1984,2409,1840

2397450805,1987,2401,1850

2397451805,1991,2410,1846

2397452805,1986,2388,1869

2397453805,1984,2384,1879

2397454805,1990,2382,1888

2397455805,1986,2383,1904

2397456805,1983,2378,1916

2397467801,1990,2286,2047

2397468805,1984,2285,2054

2397469805,1981,2279,2064

2397470805,1981,2267,2082

2397471805,1983,2258,2096

2397472805,1937,2256,2111

2397473805,1971,2257,2111

2397474805,1983,2241,2128

2397486801,1981,2209,2198

2397487805,1977,2194,2197

2397488805,1983,2205,2261

2397489805,1982,2194,2197

2397490805,1983,2194,2196

2397491805,1983,2192,2197

2397492805,1974,2192,2210

2397493805,1980,2203,2196

2397505801,1979,2240,2135

2397506805,1981,2247,2125

2397507805,1995,2257,2121

2397508805,1977,2257,2105

2397509805,1985,2270,2098

2397510805,1991,2276,2089

2397511805,1983,2289,2084

2397512805,1982,2286,2064

2397523453,1990,2366,1947

2397524805,1982,2368,1923

2397525805,1983,2372,1917

2397526805,1975,2384,1899

2397527805,1998,2393,1885

2397528805,1994,2397,1887

2397529805,1995,2405,1882

2397541801,1988,2458,1787

2397542805,1993,2451,1787

2397543805,1989,2463,1776

2397544805,1989,2448,1772

2397545805,1982,2461,1774

2397546805,1995,2457,1775

2397547805,1987,2445,1779

2397548805,1991,2451,1774

2397560801,1989,2416,1835

2397561805,1987,2417,1843

2397562805,1991,2411,1851

2397563805,1985,2401,1855

2397564805,1998,2397,1867

2397565805,1989,2387,1875

2397566805,2000,2377,1874

2397567805,1982,2378,1890

2397579801,1987,2302,2031

2397580805,1988,2286,2046

2397581805,1984,2274,2053

2397582805,1984,2274,2070

2397583805,1987,2272,2070

2397584805,1984,2261,2096

2397585805,1985,2251,2097

2397586805,1981,2251,2109

2397598801,1984,2213,2191

2397599805,1985,2199,2186

2397600805,1979,2203,2190

2397601805,1966,2199,2196

2397602805,1982,2202,2198

2397603805,1982,2208,2194

2397604805,1997,2201,2192

2397605805,1984,2207,2199

2397617801,1979,2263,2138

2397618805,1982,2247,2145

2397619805,1984,2252,2118

2397620805,1984,2246,2113

2397621805,1983,2263,2113

2397622805,1985,2273,2094

2397623805,1994,2270,2090

2397624805,1982,2258,2077

2397635801,1982,2365,1947

2397636805,1989,2363,1933

2397637805,2009,2365,1925

2397638805,1984,2384,1913

2397639805,1984,2377,1887

2397640805,2022,2394,1902

2397641805,1986,2394,1888

2397642805,1990,2398,1875

2397654801,1997,2482,1786

2397655805,1987,2448,1785

2397656805,1990,2451,1786

2397657805,1989,2450,1779

2397658805,1983,2453,1776

2397659805,1996,2448,1779

2397660805,1990,2458,1776

2397661805,1994,2447,1776

2397673801,1994,2407,1841

2397674805,1991,2401,1841

2397675805,1988,2414,1847

2397676805,1993,2398,1857

2397677805,1989,2386,1872

2397678805,1991,2402,1873

2397679805,1985,2384,1890

2397680805,1984,2370,1882

2397691453,1993,2301,2015

2397692805,1995,2289,2032

2397693805,1981,2282,2054

2397694805,1985,2284,2062

2397695805,1985,2279,2068

2397696805,1983,2270,2068

2397697805,1975,2259,2087

2397709801,1984,2210,2176

2397710805,1982,2206,2180

2397711805,1985,2205,2203

2397712805,1985,2218,2192

2397713805,1983,2207,2184

2397714805,1989,2215,2197

2397715805,1978,2210,2192

2397716805,1983,2224,2183

2397728801,1982,2232,2146

2397729805,1983,2310,2143

2397730805,1989,2252,2145

2397731805,1977,2245,2128

2397732805,1982,2251,2121

2397733805,1985,2266,2111

2397734805,1975,2256,2097

2397735805,1984,2270,2098

2397747801,1991,2352,1964

2397748805,1988,2362,1954

2397749805,1986,2366,1938

2397750805,1985,2372,1923

2397751805,1984,2380,1923

2397752805,1984,2385,1909

2397753805,1986,2384,1903

2397754805,1987,2393,1891

2397766801,1991,2451,1793

2397767805,1997,2466,1795

2397768805,1994,2448,1795

2397769805,1990,2447,1791

2397770805,1994,2443,1786

2397771805,2000,2435,1777

2397772805,1999,2439,1786

2397773805,1999,2433,1781

2397785801,1998,2414,1838

2397786805,1997,2409,1838

2397787805,1988,2399,1843

2397788805,1993,2402,1855

2397789805,1994,2379,1856

2397790805,1995,2386,1863

2397791805,1993,2382,1874

2397792805,1987,2373,1881

2397803801,1986,2301,2008

2397804805,1994,2301,2016

2397805805,1981,2297,2023

2397806805,1984,2282,2035

2397807805,1986,2274,2053

2397808805,1978,2274,2066

2397809805,1986,2269,2078

2397810805,1984,2259,2080

2397822801,1979,2217,2175

2397823805,1975,2207,2185

2397824805,1977,2215,2190

2397825805,1981,2214,2190

2397826805,1981,2206,2182

2397827805,1988,2213,2194

2397828805,1982,2211,2195

2397829805,1973,2230,2185

2397841801,1984,2242,2112

2397842805,1979,2251,2141

2397843805,1983,2247,2144

2397844805,1977,2258,2125

2397845805,1988,2257,2116

2397846805,1969,2256,2111

2397847805,1983,2265,2102

2397848805,1983,2277,2094

2397859453,1989,2337,1975

2397860805,1985,2355,1957

2397861805,1985,2352,1939

2397862805,1989,2361,1946

2397863805,1983,2371,1920

2397864805,1989,2378,1920

2397865805,1984,2385,1912

2397877801,2005,2439,1809

2397878805,2000,2433,1812

2397879805,1999,2441,1800

2397880805,1997,2441,1799

2397881805,1995,2443,1799

2397882805,1988,2442,1799

2397883805,1991,2444,1795

2397884805,1994,2445,1791

2397896801,1988,2431,1814

2397897805,2000,2419,1827

2397898805,1995,2409,1838

2397899805,1988,2411,1835

2397900805,2000,2406,1838

2397901805,1997,2391,1855

2397902805,1997,2398,1858

2397903805,1999,2394,1872

2397915801,1987,2315,1997

2397916805,1984,2305,2009

2397917805,1993,2295,2021

2397918805,1991,2288,2030

2397919805,1985,2288,2033

2397920805,1985,2277,2045

2397921805,1973,2271,2055

2397922805,1970,2274,2083

2397934801,1974,2223,2162

2397935805,1983,2218,2170

2397936805,1984,2223,2179

2397937805,1981,2213,2181

2397938805,1978,2224,2181

2397939805,1978,2214,2186

2397940805,1983,2215,2189

2397941805,1976,2221,2185

2397953801,1987,2229,2155

2397954805,1979,2249,2152

2397955805,1979,2253,2144

2397956805,1985,2246,2131

2397957805,1979,2253,2129

2397958805,1982,2263,2121

2397959805,1982,2273,2108

2397960805,1979,2278,2096

2397971801,1986,2326,1990

2397972805,1984,2351,1969

2397973805,1982,2352,1971

2397974805,1987,2359,1955

2397975805,1984,2366,1940

2397976805,1981,2378,1926

2397977805,1990,2373,1918

2397978805,1991,2377,1904

2397990801,1995,2430,1815

2397991805,1995,2429,1808

2397992805,1995,2432,1796

2397993805,1997,2432,1805

2397994805,1997,2443,1802

2397995805,2000,2430,1794

2397996805,1995,2429,1798

2397997805,1991,2435,1788

2398009801,1994,2416,1823

2398010805,1987,2407,1819

2398011805,1997,2411,1832

2398012805,1995,2415,1851

2398013805,1993,2401,1845

2398014805,1985,2384,1856

2398015805,1990,2382,1865

2398016805,1983,2381,1872

2398027453,1984,2321,1978

2398028805,1988,2319,1995

2398029805,1982,2310,2008

2398030805,1991,2298,2027

2398031805,1981,2289,2026

2398032805,1991,2289,2041

2398033805,1989,2293,2045

2398045801,1977,2231,2159

2398046805,1978,2227,2159

2398047805,1988,2230,2162

2398048805,1983,2223,2174

2398049805,1982,2224,2176

2398050805,1984,2224,2178

2398051805,1983,2229,2181

2398052805,1989,2221,2185

2398064801,1987,2237,2159

2398065805,1977,2236,2157

2398066805,1981,2253,2149

2398067805,1985,2254,2141

2398068805,1979,2242,2142

2398069805,1985,2255,2127

2398070805,1991,2256,2126

2398071805,1984,2279,2106

2398083801,1994,2331,1989

2398084805,1989,2330,1980

2398085805,1995,2346,1968

2398086805,1987,2349,1962

2398087805,1989,2360,1949

2398088805,1985,2362,1942

2398089805,1988,2363,1930

2398090805,1986,2380,1921

2398102801,1993,2416,1823

2398103805,1995,2429,1809

2398104805,1990,2419,1811

2398105805,1997,2437,1808

2398106805,1995,2431,1807

2398107805,1994,2430,1797

2398108805,1994,2425,1797

2398109805,2000,2435,1798

2398121801,2000,2409,1820

2398122805,1994,2415,1826

2398123805,1993,2403,1831

2398124805,1989,2414,1835

2398125805,1998,2399,1837

2398126805,1995,2391,1841

2398127805,1991,2390,1856

2398128805,1996,2391,1865

2398139801,1987,2325,1972

2398140805,1987,2325,1986

2398141805,1995,2311,1999

2398142805,1985,2315,2009

2398143805,1989,2303,2013

2398144805,1981,2294,2026

2398145805,1984,2294,2041

2398146805,1987,2285,2053

2398158801,1985,2231,2149

2398159805,1984,2225,2160

2398160805,1978,2235,2160

2398161805,1984,2237,2163

2398162805,1986,2224,2175

2398163805,1986,2224,2181

2398164805,1986,2229,2175

2398165805,1975,2230,2177

2398177801,1983,2245,2159

2398178805,1987,2245,2160

2398179805,1971,2251,2160

2398180805,1985,2255,2141

2398181805,1987,2258,2139

2398182805,1979,2265,2130

2398183805,1983,2268,2115

2398184805,1984,2267,2121

2398195453,1989,2320,2007

2398196805,1981,2338,1987

2398197805,1982,2343,1984

2398198805,1993,2345,1978

2398199805,1989,2351,1965

2398200805,1991,2357,1954

2398201805,1988,2357,1938

2398213801,1994,2411,1839

2398214805,1984,2416,1834

2398215805,2000,2416,1821

2398216805,1995,2424,1817

2398217805,1994,2432,1811

2398218805,1991,2423,1808

2398219805,1997,2423,1807

2398220805,1985,2427,1806

2398232801,1994,2416,1808

2398233805,1990,2420,1809

2398234805,1981,2411,1819

2398235805,1987,2407,1829

2398236805,1990,2401,1834

2398237805,1995,2403,1835

2398238805,1990,2410,1845

2398239805,2000,2390,1851

2398251801,1974,2320,1968

2398252805,1987,2323,1981

2398253805,1984,2320,1981

2398254805,1983,2315,1996

2398255805,1985,2309,2014

2398256805,1987,2300,2015

2398257805,1983,2298,2024

2398258805,1984,2288,2037

2398270801,1981,2253,2143

2398271805,1982,2243,2151

2398272805,1985,2234,2151

2398273805,1981,2240,2161

2398274805,1979,2229,2162

2398275805,1988,2231,2161

2398276805,1986,2239,2167

2398277805,1978,2231,2175

2398289801,1974,2239,2147

2398290805,1981,2240,2154

2398291805,1979,2256,2151

2398292805,1977,2246,2149

2398293805,1988,2251,2144

2398294805,1985,2254,2131

2398295805,1987,2275,2134

2398296805,1974,2265,2115

2398307801,1987,2320,2014

2398308805,1981,2326,2001

2398309805,1983,2345,1994

2398310805,1984,2343,1984

2398311805,1985,2343,1967

2398312805,1985,2351,1962

2398313805,1984,2353,1946

2398314805,1984,2352,1943

2398326801,1989,2411,1837

2398327805,1991,2403,1830

2398328805,1998,2416,1815

2398329805,1987,2410,1824

2398330805,2003,2416,1818

2398331805,2000,2413,1813

2398332805,1993,2423,1807

2398333805,1992,2427,1801

2398345801,1997,2417,1818

2398346805,1996,2409,1809

2398347805,1991,2406,1838

2398348805,1998,2410,1833

2398349805,1991,2393,1840

2398350805,1985,2391,1843

2398351805,1990,2390,1851

2398352805,1994,2394,1857

2398363453,1987,2343,1962

2398364805,1991,2326,1966

2398365805,1984,2335,1973

2398366805,1985,2320,1991

2398367805,1985,2329,1994

2398368805,1989,2315,2003

2398369805,1981,2309,2028

2398381801,1983,2259,2131

2398382805,1981,2254,2135

2398383805,1984,2252,2133

2398384805,1987,2245,2145

2398385805,1985,2239,2150

2398386805,1983,2239,2158

2398387805,1986,2224,2153

2398388805,1986,2240,2163

2398400801,1982,2239,2171

2398401805,1986,2243,2160

2398402805,1979,2240,2160

2398403805,1984,2238,2159

2398404805,1987,2257,2147

2398405805,1987,2250,2142

2398406805,1986,2255,2130

2398407805,1986,2260,2131

2398419801,1984,2317,2022

2398420805,1983,2321,2005

2398421805,1979,2323,2000

2398422805,1994,2362,1990

2398423805,1985,2331,1978

2398424805,1991,2342,1968

2398425805,1987,2347,1962

2398426805,1986,2353,1945

2398438801,1993,2406,1840

2398439805,1989,2400,1839

2398440805,1995,2416,1832

2398441805,1991,2415,1835

2398442805,1998,2405,1830

2398443805,1999,2409,1819

2398444805,1987,2417,1827

2398445805,1990,2416,1813

2398457801,1995,2410,1808

2398458805,1989,2419,1818

2398459805,1989,2402,1822

2398460805,1995,2407,1836

2398461805,1991,2405,1838

2398462805,1997,2402,1840

2398463805,1983,2402,1846

2398464805,1981,2393,1854

2398475801,1988,2345,1942

2398476805,1991,2339,1955

2398477805,1984,2330,1967

2398478805,1982,2335,1983

2398479805,1984,2319,1984

2398480805,1985,2323,2006

2398481805,1982,2319,2000

2398482805,1989,2319,2020

2398494801,1975,2256,2127

2398495805,1977,2251,2136

2398496805,1973,2254,2134

2398497805,1984,2243,2146

2398498805,1984,2241,2148

2398499805,1985,2244,2157

2398500805,1983,2241,2157

2398501805,1984,2241,2160

2398513801,1979,2247,2153

2398514805,1980,2258,2160

2398515805,1984,2246,2151

2398516805,1981,2272,2151

2398517805,1982,2255,2145

2398518805,1990,2253,2143

2398519805,1989,2251,2128

2398520805,1984,2256,2126

2398531453,1980,2303,2031

2398532805,1986,2311,2023

2398533805,1984,2311,2022

2398534805,1985,2330,1996

2398535805,1987,2335,1987

2398536805,1994,2337,1974

2398537805,1985,2335,1967

2398549801,1995,2386,1870

2398550805,1994,2394,1863

2398551805,1995,2401,1849

2398552805,1994,2409,1842

2398553805,1984,2401,1831

2398554805,1989,2405,1827

2398555805,1993,2406,1826

2398556805,1997,2414,1827

2398568801,1986,2417,1811

2398569805,1989,2411,1815

2398570805,1994,2407,1819

2398571805,1991,2407,1840

2398572805,1984,2415,1819

2398573805,1993,2415,1830

2398574805,1993,2411,1838

2398575805,1991,2398,1844

2398587801,1987,2352,1939

2398588805,1983,2371,1953

2398589805,1997,2337,1967

2398590805,1984,2334,1977

2398591805,1991,2329,1980

2398592805,1987,2329,1987

2398593805,1986,2323,2000

2398594805,1980,2319,2003

2398606801,1989,2261,2119

2398607805,1987,2263,2119

2398608805,1981,2258,2223

2398609805,1990,2256,2139

2398610805,1985,2243,2141

2398611805,1979,2250,2145

2398612805,1990,2247,2145

2398613805,1981,2244,2146

2398625801,1982,2231,2158

2398626805,1980,2239,2155

2398627805,1984,2244,2147

2398628805,1969,2243,2149

2398629805,1983,2253,2147

2398630805,1985,2249,2131

2398631805,1979,2248,2133

2398632805,1983,2259,2128

2398643801,1977,2304,2034

2398644805,1984,2300,2027

2398645805,1985,2311,2018

2398646805,1981,2320,2013

2398647805,1991,2317,1997

2398648805,1984,2326,1994

2398649805,1984,2334,1978

2398650805,1936,2330,1973

2398662801,1991,2384,1865

2398663805,2000,2393,1859

2398664805,1979,2400,1850

2398665805,1983,2403,1845

2398666805,1987,2399,1837

2398667805,1986,2401,1837

2398668805,1991,2411,1835

2398669805,1990,2407,1839

2398681801,1991,2420,1812

2398682805,1984,2409,1813

2398683805,1990,2407,1826

2398684805,1997,2413,1825

2398685805,1988,2413,1834

2398686805,1985,2409,1840

2398687805,1986,2395,1828

2398688805,1989,2399,1841

2398699453,1987,2360,1920

2398700805,1984,2352,1950

2398701805,1987,2355,1946

2398702805,1991,2339,1961

2398703805,1991,2336,1971

2398704805,1981,2340,1998

2398705805,1979,2329,1991

2398717801,1998,2273,2106

2398718805,1975,2262,2111

2398719805,1984,2260,2128

2398720805,1981,2261,2122

2398721805,1978,2247,2129

2398722805,1984,2251,2128

2398723805,1980,2256,2137

2398724805,1993,2256,2149

2398736801,1983,2244,2162

2398737805,1979,2243,2163

2398738805,1982,2251,2157

2398739805,1981,2250,2149

2398740805,1981,2252,2145

2398741805,1984,2246,2140

2398742805,1982,2253,2145

2398743805,1959,2245,2141

2398755801,1983,2293,2043

2398756805,1985,2304,2025

2398757805,1983,2303,2012

2398758805,1982,2304,2011

2398759805,1983,2320,1998

2398760805,1983,2320,1991

2398761805,1984,2318,1983

2398762805,1986,2326,1975

2398774801,1987,2388,1872

2398775805,1998,2381,1870

2398776805,1990,2385,1884

2398777805,2003,2395,1845

2398778805,2000,2393,1844

2398779805,1987,2402,1840

2398780805,1997,2401,1835

2398781805,1965,2400,1840

2398793801,1997,2410,1827

2398794805,1999,2416,1853

2398795805,1984,2415,1819

2398796805,1995,2403,1823

2398797805,2011,2411,1829

2398798805,1991,2395,1835

2398799805,1991,2406,1843

2398800805,1981,2402,1840

2398811801,1987,2351,1918

2398812805,1983,2353,1935

2398813805,1984,2342,1951

2398814805,1987,2345,2029

2398815805,1984,2333,1959

2398816805,1983,2327,1974

2398817805,1987,2337,1982

2398818805,1987,2330,2001

2398830801,1989,2282,2097

2398831805,1978,2277,2112

2398832805,1984,2275,2113

2398833805,1990,2261,2118

2398834805,1984,2258,2121

2398835805,1983,2262,2127

2398836805,1983,2255,2143

2398837805,1984,2250,2145

2398849801,1984,2251,2149

2398850805,1981,2236,2155

2398851805,1986,2234,2146

2398852805,1977,2250,2158

2398853805,1983,2243,2139

2398854805,1995,2247,2139

2398855805,1988,2249,2133

2398856805,1975,2249,2130

2398867453,1983,2290,2125

2398868805,1985,2298,2033

2398869805,1990,2304,2067

2398870805,1991,2308,2030

2398871805,1987,2303,2013

2398872805,1984,2319,2000

2398873805,1954,2317,1999

2398885801,1987,2370,1898

2398886805,1991,2384,1936

2398887805,1980,2384,1878

2398888805,1994,2384,1872

2398889805,1986,2384,1886

2398890805,1997,2401,1828

2398891805,1985,2399,1847

2398892805,1986,2386,1860

2398904801,1999,2415,1826

2398905805,1994,2416,1815

2398906805,1986,2412,1825

2398907805,1999,2411,1830

2398908805,1999,2415,1842

2398909805,1991,2413,1827

2398910805,1984,2409,1838

2398911805,1991,2410,1847

2398923801,1983,2359,1914

2398924805,1986,2358,1917

2398925805,1994,2356,1942

2398926805,1989,2359,1953

2398927805,1993,2345,1959

2398928805,1971,2346,1968

2398929805,1988,2339,1982

2398930805,1989,2338,1982

2398942801,1986,2282,2099

2398943805,1984,2277,2112

2398944805,1984,2277,2107

2398945805,1974,2270,2114

2398946805,1975,2260,2092

2398947805,1983,2252,2112

2398948805,1984,2262,2117

2398949805,1983,2256,2185

2398961801,1985,2243,2151

2398962805,1979,2239,2151

2398963805,1985,2240,2154

2398964805,1975,2239,2154

2398965805,1980,2246,2146

2398966805,1978,2251,2144

2398967805,1991,2244,2131

2398968805,1978,2251,2098

2398979801,1983,2291,2063

2398980805,1984,2288,2057

2398981805,1985,2299,2033

2398982805,1991,2312,2027

2398983805,1991,2306,2020

2398984805,1981,2308,2005

2398985805,1986,2315,2009

2398986805,1998,2315,1995

2398998801,2000,2382,1899

2398999805,2032,2377,1887

2399000805,1993,2381,1911

2399001805,1987,2382,1904

2399002805,1983,2384,1871

2399003805,1999,2396,1856

2399004805,1987,2398,1846

2399005805,1990,2394,1851

2399017801,1990,2416,1826

2399018805,2013,2416,1827

2399019805,1997,2417,1834

2399020805,1996,2402,1821

2399021805,1999,2406,1834

2399022805,1996,2415,1839

2399023805,1994,2399,1840

2399024805,1994,2397,1841

2399035453,1994,2370,1913

2399036805,1982,2374,1953

2399037805,1988,2353,1938

2399038805,1982,2352,2016

2399039805,1991,2351,1949

2399040805,1979,2354,1959

2399041805,1984,2341,1959

2399053801,1984,2286,2075

2399054805,1990,2277,2087

2399055805,1984,2287,2044

2399056805,1988,2280,2096

2399057805,1983,2276,2079

2399058805,1989,2274,2111

2399059805,1987,2256,2115

2399060805,1985,2257,2135

2399072801,1985,2246,2145

2399073842,1981,2241,2144

2399074805,1977,2241,2160

2399075805,1984,2240,2145

2399076805,1986,2249,2133

2399077805,1981,2243,2111

2399078805,1983,2256,2131

2399079805,1986,2254,2135

2399091801,1990,2284,2032

2399092805,1999,2297,2045

2399093805,1979,2286,2043

2399094805,1990,2291,2039

2399095805,1986,2293,2034

2399096805,1986,2306,2012

2399097805,1989,2313,2003

2399098805,1986,2320,2001

2399110801,1993,2372,1909

2399111805,1995,2378,1899

2399112805,1931,2382,1882

2399113805,2025,2384,1859

2399114805,1982,2381,1872

2399115805,1967,2389,1872

2399116805,1991,2400,1866

2399117805,2007,2387,1888

2399129801,1981,2414,1831

2399130805,1985,2411,1864

2399131805,1991,2413,1777

2399132805,1965,2416,1840

2399133805,1999,2416,1792

2399134805,1993,2413,1843

2399135805,1989,2403,1840

2399136805,1984,2410,1854

2399148801,2022,2379,1969

2399149805,1994,2365,1929

2399150805,1994,2359,1927

2399151805,1991,2352,1941

2399152805,1970,2352,1955

2399153805,2018,2347,1978

2399154805,1985,2341,1969

2399155805,1955,2335,1984

2399167801,1987,2282,2074

2399168805,1985,2277,2085

2399169805,1983,2278,2096

2399170805,1973,2271,2096

2399171805,1989,2260,2098

2399172805,1981,2262,2099

2399173805,1981,2257,2119

2399174805,2003,2269,2122

2399186801,1977,2238,2143

2399187805,1984,2238,2144

2399188805,1968,2246,2107

2399189805,1994,2251,2140

2399190805,1996,2241,2132

2399191805,1949,2245,2121

2399192805,1983,2250,2132

2399193805,1978,2240,2122

2399205801,1985,2288,2043

2399206805,1978,2288,2030

2399207805,1984,2290,2023

2399208805,2005,2309,2021

2399209805,1995,2306,2000

2399210805,1981,2307,2015

2399211805,1984,2311,1998

2399212805,1985,2321,1997

2399224801,1997,2362,1897

2399225805,1998,2378,1911

2399226805,1985,2378,1887

2399227805,1994,2384,1875

2399228805,2009,2385,1875

2399229805,1945,2384,1863

2399230805,1986,2398,1857

2399231805,1981,2399,1859

2399243801,1990,2406,1831

2399244805,1994,2406,1850

2399245805,1989,2412,1843

2399246805,1991,2414,1845

2399247805,1994,2405,1840

2399248805,1990,2401,1833

2399249805,1993,2409,1854

2399250805,2011,2409,1859

2399262801,2011,2361,1927

2399263805,1986,2357,1932

2399264805,1993,2350,1936

2399265805,1985,2352,1957

2399266805,1987,2339,1962

2399267805,1985,2339,1973

2399268805,1985,2338,1978

2399269805,1984,2338,1981

2399281801,1985,2285,2080

2399282805,1982,2286,2083

2399283805,1981,2269,2081

2399284805,1983,2273,2103

2399285805,1986,2265,2105

2399286805,1984,2262,2114

2399287805,1984,2267,2111

2399288805,1980,2257,2123

2399300801,1990,2233,2142

2399301805,2021,2243,2139

2399302805,1997,2247,2141

2399303805,1989,2248,2133

2399304805,1982,2258,2128

2399305805,1981,2245,2127

2399306805,1988,2255,2119

2399307805,1993,2254,2118

2399319801,2000,2291,2030

2399320805,1984,2301,2027

2399321805,1985,2309,2027

2399322805,1986,2299,2015

2399323805,1985,2306,1998

2399324805,1948,2309,2091

2399325805,1984,2318,1987

2399326805,1998,2323,1981

2399338801,1998,2379,1893

2399339805,1986,2384,1883

2399340805,1984,2381,1877

2399341805,1996,2386,1872

2399342805,1991,2393,1866

2399343805,1990,2396,1863

2399344805,1997,2398,1858

2399345805,1990,2399,1855

2399357801,1977,2416,1840

2399358805,1975,2417,1841

2399359805,1984,2408,1842

2399360805,1991,2406,1866

2399361805,1997,2402,1849

2399362805,1998,2402,1851

2399363805,1995,2404,1858

2399364805,1991,2400,1872

2399376801,1983,2368,1936

2399377805,1984,2357,1948

2399378805,1990,2352,1951

2399379805,1985,2348,1965

2399380805,1973,2340,1971

2399381805,2059,2338,1977

2399382805,1984,2331,1995

2399383805,1987,2327,1999

2399395801,1985,2273,2087

2399396805,1950,2272,2096

2399397805,1985,2266,2091

2399398805,1984,2281,2103

2399399805,1985,2254,2112

2399400805,1982,2257,2109

2399401805,1979,2258,2119

2399402805,1977,2253,2122

2399414801,1986,2237,2132

2399415805,1984,2240,2130

2399416805,1984,2251,2117

2399417805,1984,2243,2118

2399418805,2007,2255,2126

2399419805,1996,2255,2122

2399420805,1986,2265,2112

2399421805,1982,2259,2109

2399433801,1983,2303,2026

2399434805,1985,2301,2021

2399435805,1968,2314,2009

2399436805,1968,2311,2003

2399437805,1999,2319,1997

2399438805,1979,2320,1984

2399439805,1988,2321,1987

2399440805,1989,2341,1975

2399452801,2006,2384,1920

2399453805,1971,2379,1886

2399454805,2026,2390,1873

2399455805,2000,2391,1869

2399456805,1999,2385,1867

2399457805,1994,2390,1863

2399458805,1989,2397,1855

2399459805,1991,2403,1857

2399471801,2033,2416,1803

2399472805,1963,2405,1850

2399473805,1984,2409,1857

2399474805,1985,2410,1857

2399475805,1970,2399,1855

2399476805,2046,2404,1868

2399477805,1991,2406,1867

2399478805,1984,2389,1869

2399490801,1986,2358,1942

2399491805,1968,2346,1961

2399492805,1993,2347,1899

2399493805,1966,2338,1967

2399494805,2047,2337,1963

2399495805,1975,2338,1989

2399496805,1984,2324,1999

2399497805,1969,2331,2000

2399509801,1983,2273,2115

2399510805,1978,2267,2096

2399511805,1990,2267,2097

2399512805,1975,2265,2113

2399513805,1969,2256,2112

2399514805,1951,2263,2119

2399515805,1984,2266,2126

2399516805,2042,2251,2133

2399528801,1986,2243,2129

2399529805,1977,2255,2128

2399530805,2010,2243,2128

2399531805,2019,2247,2117

2399532805,2005,2256,2122

2399533805,1981,2274,2123

2399534805,1984,2265,2111

2399535805,1957,2267,2131

2399547801,1986,2299,2026

2399548805,1982,2303,2015

2399549805,1986,2310,2005

2399550805,1991,2320,1996

2399551805,1989,2321,1994

2399552805,1962,2326,1982

2399553805,1983,2325,1978

2399554805,1990,2345,1953

2399566801,1995,2386,1887

2399567805,1987,2379,1885

2399568805,1980,2384,1875

2399569805,1958,2399,1872

2399570805,1990,2397,1866

2399571805,2000,2395,1855

2399572805,1982,2403,1857

2399573805,1985,2400,1855

2399585801,1997,2413,1855

2399586805,1994,2403,1859

2399587805,1989,2406,1854

2399588805,1993,2416,1857

2399589805,1984,2403,1862

2399590805,1997,2395,1872

2399591805,1986,2386,1873

2399592805,1985,2391,1874

2399604801,1960,2338,1953

2399605805,1987,2349,1953

2399606805,1983,2327,1964

2399607805,1985,2330,1983

2399608805,1981,2331,1984

2399609805,1985,2318,1984

2399610805,1978,2320,2000

2399611805,1989,2315,2006

2399623801,1981,2267,2086

2399624805,1982,2256,2097

2399625805,1975,2265,2107

2399626805,1971,2259,2107

2399627805,1982,2256,2102

2399628805,1979,2256,2111

2399629805,1982,2260,2118

2399630805,1979,2252,2115

2399642801,1984,2256,2121

2399643805,1979,2252,2121

2399644805,1985,2265,2117

2399645805,2001,2256,2113

2399646805,1980,2253,2107

2399647805,1981,2254,2109

2399648805,1983,2261,2097

2399649805,1984,2267,2096

2399661801,2000,2299,2015

2399662805,1983,2310,2003

2399663805,1990,2323,1995

2399664805,1968,2322,1987

2399665805,1989,2333,1996

2399666805,1990,2336,1970

2399667805,1987,2341,1966

2399668805,1989,2343,1958

2399680801,2009,2391,1873

2399681805,1990,2385,1882

2399682805,1993,2394,1867

2399683805,1995,2389,1863

2399684805,1985,2398,1858

2399685805,1991,2409,1867

2399686805,1983,2402,1867

2399687805,1996,2403,1857

2399699801,1988,2401,1855

2399700805,1987,2413,1863

2399701805,2032,2405,1861

2399702805,1979,2394,1862

2399703805,1991,2395,1872

2399704805,1995,2390,1877

2399705805,1985,2387,1874

2399706805,1990,2384,1883

2399718801,1981,2347,1962

2399719805,1984,2336,1974

2399720805,1987,2337,1957

2399721805,2002,2334,1982

2399722805,1989,2323,1994

2399723805,1973,2319,2007

2399724805,1984,2315,2010

2399725805,1987,2307,2011

2399737801,1984,2265,2099

2399738805,1992,2225,2106

2399739805,1990,2267,2108

2399740805,1985,2259,2115

2399741805,1984,2271,2110

2399742805,1984,2250,2113

2399743805,1977,2256,2116

2399744805,1985,2249,2122

2399756801,1946,2256,2118

2399757805,1983,2254,2112

2399758805,1987,2253,2107

2399759805,1985,2257,2109

2399760805,1986,2262,2103

2399761805,1983,2269,2094

2399762805,1982,2262,2095

2399763805,1980,2269,2095

2399774801,1933,2311,2011

2399775805,1986,2318,2000

2399776805,1993,2327,1997

2399777805,1987,2320,1987

2399778805,1979,2325,1978

2399779805,1975,2337,1982

2399780805,1983,2340,1970

2399781805,1987,2343,1959

2399793801,1985,2383,1885

2399794805,1985,2386,1882

2399795805,1983,2389,1937

2399796805,1995,2385,1871

2399797805,1998,2400,1866

2399798805,1987,2401,1872

2399799805,1990,2399,1859

2399800805,1997,2402,1857

2399812801,1993,2395,1870

2399813805,1989,2407,1863

2399814805,1991,2394,1867

2399815805,1998,2394,1872

2399816805,1993,2394,1876

2399817805,1981,2391,1871

2399818805,1989,2387,1882

2399819805,1991,2382,1889

2399830453,1984,2352,1961

2399831805,1988,2345,1974

2399832805,1997,2335,1971

2399833805,1975,2331,1973

2399834805,1987,2330,1988

2399835805,1989,2323,1986

2399836805,1990,2320,2000

2399848801,1987,2277,2085

2399849805,1985,2276,2096

2399850805,1984,2279,2095

2399851805,1982,2259,2095

2399852805,1981,2271,2101

2399853805,1983,2256,2107

2399854805,1983,2247,2111

2399855805,1989,2256,2112

2399867801,1986,2250,2126

2399868805,1983,2251,2121

2399869805,1984,2267,2118

2399870805,1971,2254,2111

2399871805,1981,2256,2105

2399872805,1982,2262,2098

2399873805,1989,2263,2094

2399874805,1983,2256,2101

2399886801,2009,2306,2021

2399887805,1989,2309,2006

2399888805,1988,2320,2003

2399889805,1984,2323,1995

2399890805,1989,2326,1987

2399891805,1985,2322,1980

2399892805,1981,2331,1975

2399893805,1988,2341,1965

2399905801,1987,2390,1891

2399906805,1985,2384,1887

2399907805,1986,2384,1874

2399908805,2003,2395,1873

2399909805,2000,2399,1882

2399910805,1987,2397,1874

2399911805,1982,2396,1867

2399912805,1987,2399,1867

2399924801,1994,2400,1856

2399925805,1995,2394,1872

2399926805,1983,2401,1872

2399927805,1986,2398,1872

2399928805,1995,2397,1872

2399929805,1987,2391,1880

2399930805,1985,2381,1881

2399931805,1987,2397,1891

2399942801,1989,2349,1952

2399943805,2001,2343,1958

2399944805,1987,2347,1968

2399945805,1989,2339,1983

2399946805,1984,2325,1982

2399947805,1985,2322,1987

2399948805,1989,2320,1996

2399949805,1981,2315,2000

2399961801,1986,2281,2080

2399962805,1994,2265,2090

2399963805,1983,2266,2156

2399964805,1981,2261,2097

2399965805,1984,2263,2093

2399966805,1982,2260,2103

2399967805,1984,2266,2111

2399968805,1987,2255,2101

2399980801,1986,2279,2116

2399981805,1982,2255,2112

2399982805,1977,2275,2103

2399983805,1969,2257,2107

2399984805,1975,2262,2110

2399985805,1984,2261,2107

2399986805,1975,2256,2094

2399987805,1981,2269,2091

2399998453,1975,2309,2028

2399999805,1982,2311,2017

2400000805,1985,2315,2017

2400001805,1981,2320,2003

2400002805,1985,2327,1999

2400003805,1984,2320,1979

2400004805,1977,2330,1980

2400016801,1991,2384,1904

2400017805,1984,2393,1899

2400018805,1995,2388,1899

2400019805,1991,2375,1885

2400020805,1985,2390,1876

2400021805,1985,2393,1874

2400022805,1998,2391,1872

2400023805,1995,2393,1867

2400035801,1998,2399,1854

2400036805,1995,2398,1861

2400037805,1986,2402,1856

2400038805,2006,2395,1861

2400039805,2000,2393,1868

2400040805,1996,2388,1870

2400041805,1989,2385,1856

2400042805,1994,2386,1873

2400054801,1985,2342,1943

2400055805,1983,2341,1952

2400056805,1989,2346,1959

2400057805,2017,2345,1968

2400058805,1990,2333,1968

2400059805,1979,2336,1984

2400060805,1987,2320,1986

2400061805,1984,2316,1987

2400073801,1989,2282,2076

2400074805,1984,2275,2082

2400075805,1979,2271,2095

2400076805,1969,2270,2095

2400077805,1982,2271,2096

2400078805,1985,2265,2097

2400079805,1983,2257,2109

2400080805,1982,2263,2102

2400092801,1983,2267,2156

2400093805,1982,2250,2114

2400094805,1982,2263,2106

2400095805,1979,2261,2128

2400096805,1986,2262,2110

2400097805,1984,2263,2104

2400098805,1982,2286,2103

2400099805,1979,2258,2096

2400110801,1987,2315,2035

2400111805,1986,2305,2029

2400112805,1990,2319,2019

2400113805,1986,2320,2005

2400114805,1984,2321,2002

2400115805,1990,2322,1998

2400116805,1984,2326,1995

2400117805,1983,2321,1988

2400129801,1984,2384,1899

2400130805,1994,2385,1899

2400131805,1991,2379,1895

2400132805,1986,2383,1890

2400133805,1984,2384,1877

2400134805,1968,2385,1893

2400135805,1984,2389,1873

2400136805,1987,2386,1872

2400148801,1987,2393,1859

2400149805,1998,2368,1866

2400150805,1985,2398,1869

2400151805,1997,2394,1867

2400152805,1989,2392,1872

2400153805,1995,2384,1872

2400154805,1989,2384,1872

2400155805,1994,2394,1873

2400166453,1984,2362,1936

2400167805,1989,2351,1943

2400168805,1994,2350,1950

2400169805,1987,2338,1959

2400170805,1984,2327,1967

2400171805,1981,2325,1978

2400172805,1990,2327,1972

2400184801,1995,2285,2059

2400185805,1984,2269,2065

2400186805,1984,2274,2078

2400187805,1968,2281,2089

2400188805,1994,2281,2081

2400189805,1987,2273,2076

2400190805,1979,2274,2096

2400191805,1985,2263,2096

2400203801,1975,2257,2119

2400204805,1985,2222,2113

2400205805,1982,2253,2108

2400206805,1968,2259,2112

2400207805,1977,2259,2105

2400208805,1979,2258,2099

2400209805,1943,2251,2106

2400210805,1988,2352,2105

2400222801,1986,2299,2032

2400223805,1986,2303,2023

2400224805,2000,2310,2025

2400225805,1995,2311,2009

2400226805,1984,2320,2005

2400227805,1983,2327,1999

2400228805,1971,2320,2000

2400229805,1980,2323,1990

2400241801,1995,2363,1907

2400242805,1995,2373,1904

2400243805,1999,2386,1903

2400244805,2000,2381,1872

2400245805,1993,2386,1891

2400246805,1983,2383,1893

2400247805,1984,2383,1885

2400248805,2000,2385,1877

2400260801,1990,2391,1863

2400261805,1989,2401,1867

2400262805,1985,2379,1872

2400263805,1990,2397,1871

2400264805,1994,2394,1869

2400265805,1997,2398,1877

2400266805,1990,2390,1874

2400267805,1995,2381,1874

2400278801,1989,2351,1937

2400279805,1993,2352,1937

2400280805,1975,2352,1952

2400281805,1987,2379,1952

2400282805,1985,2337,1960

2400283805,1983,2331,1968

2400284805,1982,2329,1970

2400285805,1986,2320,1979

2400297801,1990,2303,2064

2400298805,1983,2291,2065

2400299805,1987,2319,2071

2400300805,1991,2288,2075

2400301805,1987,2289,2090

2400302805,1986,2275,2086

2400303805,1984,2264,2089

2400304805,1980,2263,2095

2400316801,1989,2257,2118

2400317805,1990,2273,2112

2400318805,1986,2261,2102

2400319805,2033,2261,2130

2400320805,1982,2283,2109

2400321805,1981,2262,2103

2400322805,1969,2273,2098

2400323805,1982,2274,2089

2400334453,1989,2308,2043

2400335805,1985,2219,2037

2400336805,1987,2299,2032

2400337805,1991,2320,2022

2400338805,1985,2320,2016

2400339805,1985,2311,1995

2400340805,1979,2302,2003

2400352801,1991,2363,1909

2400353805,1988,2363,1919

2400354805,1998,2382,1917

2400355805,1961,2373,1909

2400356805,1984,2372,1903

2400357805,1984,2374,1904

2400358805,1995,2381,1904

2400359805,1987,2372,1890

2400371801,1996,2384,1861

2400372805,1995,2389,1904

2400373805,1984,2407,1859

2400374805,1998,2391,1867

2400375805,1985,2394,1869

2400376805,1990,2411,1854

2400377805,2026,2390,1870

2400378805,1998,2384,1883

2400390801,1987,2361,1923

2400391805,1985,2313,1920

2400392805,1988,2353,1938

2400393805,1984,2348,1946

2400394805,1990,2335,1964

2400395805,1989,2341,1959

2400396805,1987,2332,1971

2400397805,1984,2320,1975

2400409801,1998,2289,2062

2400410805,1985,2287,2064

2400411805,1985,2277,2069

2400412805,1982,2290,2074

2400413805,1985,2273,2081

2400414805,1987,2276,2077

2400415805,1971,2287,2086

2400416805,1984,2303,2094

2400428801,1987,2267,2101

2400429805,1988,2262,2117

2400430805,1979,2259,2101

2400431805,1975,2258,2107

2400432805,1981,2267,2129

2400433805,1984,2297,2106

2400434805,1978,2267,2103

2400435805,1976,2270,2096

2400446801,1988,2291,2039

2400447805,1986,2296,2039

2400448805,1991,2301,2029

2400449805,1998,2307,2027

2400450805,1985,2307,2026

2400451805,1983,2309,2161

2400452805,1993,2273,2000

2400453805,1990,2320,2010

2400465801,1987,2370,1927

2400466805,1986,2369,1934

2400467805,1993,2361,1853

2400468805,1991,2394,1911

2400469805,1991,2379,1907

2400470805,2001,2373,1902

2400471805,1989,2382,1901

2400472805,1984,2378,1885

2400484801,1967,2384,1869

2400485805,1989,2355,1872

2400486805,1994,2403,1870

2400487805,1997,2389,1872

2400488805,1981,2375,1870

2400489805,1991,2382,1872

2400490805,1985,2379,1874

2400491805,1995,2379,1875

2400502453,1988,2363,1918

2400503805,1994,2345,1930

2400504805,1987,2330,1936

2400505805,1995,2338,1945

2400506805,1983,2352,1971

2400507805,1986,2355,1941

2400508805,1993,2340,1967

2400520801,1990,2295,2027

2400521805,1995,2303,2043

2400522805,1969,2286,2054

2400523805,1943,2288,2125

2400524805,1982,2262,2068

2400525805,1986,2286,2064

2400526805,1983,2279,2074

2400527805,1985,2268,2087

2400539801,1982,2270,2102

2400540805,1987,2270,2110

2400541805,1981,2257,2099

2400542805,1953,2274,2118

2400543805,1983,2267,2099

2400544805,1980,2262,2083

2400545805,1994,2262,2096

2400546805,1981,2278,2096

2400558801,1987,2295,2047

2400559805,1980,2306,2045

2400560805,1983,2302,2034

2400561805,1990,2305,2032

2400562805,1982,2313,2027

2400563805,1987,2315,2025

2400564805,1983,2310,2008

2400565805,1987,2318,2000

2400577801,1991,2355,1936

2400578805,1990,2367,1921

2400579805,1987,2371,1919

2400580805,1989,2363,1918

2400581805,1990,2374,1911

2400582805,1991,2374,1905

2400583805,1991,2372,1903

2400584805,1991,2382,1897

2400596801,1991,2393,1867

2400597805,1973,2384,1878

2400598805,1991,2386,1870

2400599805,1998,2384,1872

2400600805,1991,2384,1875

2400601805,1990,2382,1875

2400602805,1991,2387,1881

2400603805,1982,2385,1875

2400614801,1986,2363,1925

2400615805,1985,2359,1922

2400616805,1995,2354,1929

2400617805,1991,2366,1935

2400618805,1989,2345,1945

2400619805,1984,2351,1956

2400620805,1990,2337,1903

2400621805,1994,2337,1959

2400633801,1973,2274,2032

2400634805,1979,2301,2059

2400635805,1987,2289,2082

2400636805,1979,2297,2045

2400637805,1982,2290,2064

2400638805,1983,2293,2069

2400639805,1984,2278,2080

2400640805,1986,2290,2079

2400652801,1980,2259,2103

2400653805,1994,2271,2112

2400654805,1986,2265,2107

2400655805,1986,2265,2095

2400656805,1983,2269,2103

2400657805,1986,2271,2096

2400658805,1987,2283,2096

2400659805,1980,2268,2107

2400670453,1978,2294,2046

2400671805,1984,2272,2042

2400672805,1981,2303,2038

2400673805,1986,2262,2035

2400674805,1986,2305,2032

2400675805,1984,2311,2015

2400676805,1985,2311,2001

2400688801,2000,2348,1933

2400689805,1983,2351,1930

2400690805,1983,2386,1936

2400691805,1966,2361,1918

2400692805,1989,2351,1919

2400693805,1984,2368,1915

2400694805,1991,2381,1946

2400695805,1984,2377,1904

2400707801,1991,2390,1883

2400708835,1985,2400,1881

2400709805,1984,2383,1872

2400710805,1980,2382,1873

2400711805,1987,2391,1873

2400712805,1981,2393,1873

2400713805,1990,2375,1873

2400714805,1994,2391,1872

2400726801,1990,2363,1917

2400727805,1986,2358,1925

2400728805,1981,2359,1933

2400729805,1986,2357,1934

2400730805,2011,2351,1940

2400731805,1989,2353,1943

2400732805,1985,2338,1989

2400733805,1990,2339,1963

2400745801,1990,2310,2032

2400746805,1985,2299,2037

2400747805,1979,2290,2046

2400748805,1993,2283,2053

2400749805,1985,2270,2059

2400750805,1980,2267,2059

2400751805,1963,2293,2036

2400752805,1981,2302,2066

2400764801,1981,2265,2101

2400765805,1985,2270,2099

2400766805,1990,2264,2099

2400767805,2001,2278,2099

2400768805,1985,2271,2097

2400769805,1990,2256,2094

2400770805,1988,2272,2076

2400771805,1985,2270,2096

2400783801,1985,2297,2045

2400784805,1979,2298,2035

2400785805,1984,2381,2032

2400786805,2047,2305,2031

2400787805,1985,2307,2023

2400788805,1990,2318,2026

2400789805,1987,2310,2021

2400790805,1994,2320,2015

2400802801,1991,2349,1934

2400803805,1986,2361,1931

2400804805,1991,2359,1923

2400805805,2005,2353,1921

2400806805,1986,2368,1919

2400807805,1987,2367,1906

2400808805,1935,2365,1915

2400809805,1988,2374,1911

2400821801,1990,2503,1871

2400822805,1987,2384,1877

2400823805,1991,2382,1873

2400824805,2000,2395,1873

2400825805,1989,2380,1875

2400826805,1987,2386,1875

2400827805,2011,2382,1872

2400828805,1998,2385,1877

2400840801,1994,2363,1927

2400841805,1993,2353,1929

2400842805,1987,2351,1937

2400843805,1991,2344,1939

2400844805,1989,2341,1952

2400845805,1988,2352,1954

2400846805,1982,2334,1965

2400847805,1987,2343,1970

2400859801,1985,2315,2035

2400860805,1988,2293,2043

2400861805,1979,2288,2055

2400862805,1983,2288,2063

2400863805,1992,2288,2058

2400864805,1985,2281,2077

2400865805,1983,2285,2037

2400866805,1982,2275,2075

2400878801,1984,2250,2097

2400879805,1979,2275,2106

2400880805,1984,2282,2099

2400881805,1986,2276,2115

2400882805,1983,2259,2096

2400883805,1984,2269,2090

2400884805,1987,2273,2094

2400885805,1984,2281,2090

2400897801,1983,2295,2039

2400898805,1987,2294,2039

2400899805,1984,2287,2032

2400900805,2001,2306,2027

2400901805,1986,2318,2017

2400902805,1989,2342,2017

2400903805,1988,2317,2013

2400904805,1990,2320,2007

2400916801,1983,2365,1935

2400917805,1988,2363,1923

2400918805,1995,2364,1922

2400919805,1983,2366,1913

2400920805,1985,2367,1903

2400921805,1983,2371,1907

2400922805,1991,2371,1905

2400923805,1988,2367,1893

2400935801,1995,2430,1839

2400936805,2000,2384,1883

2400937805,1993,2379,1888

2400938805,1991,2387,1871

2400939805,1995,2377,1881

2400940805,1995,2383,1878

2400941805,1995,2384,1886

2400942805,1991,2384,1886

2400954801,1990,2347,1936

2400955805,1983,2352,1939

2400956805,1991,2359,1950

2400957805,1987,2343,1955

2400958805,1984,2334,1956

2400959805,1984,2330,1957

2400960805,1989,2339,1965

2400961805,1988,2338,1969

2400973801,1985,2245,2042

2400974805,1977,2287,2047

2400975805,1987,2291,2060

2400976805,1981,2285,2059

2400977805,1985,2281,2066

2400978805,1989,2289,2070

2400979805,1985,2282,2083

2400980805,1979,2283,2085

2400992801,1978,2272,2096

2400993805,1980,2247,2096

2400994805,1984,2273,2101

2400995805,1977,2281,2097

2400996805,1991,2275,2091

2400997805,1987,2281,2094

2400998805,1985,2278,2094

2400999805,1974,2274,2089

2401011801,1994,2304,2038

2401012805,1987,2302,2019

2401013805,1990,2302,1994

2401014805,1999,2305,2021

2401015805,1989,2319,2011

2401016805,1993,2320,2003

2401017805,1985,2320,1994

2401018805,1988,2327,1994

2401030801,1990,2354,1922

2401031805,1991,2369,1918

2401032805,1997,2359,1923

2401033805,1981,2369,1909

2401034805,1982,2367,1919

2401035805,1988,2363,1902

2401036805,1991,2370,1904

2401037805,1996,2370,1904

2401049801,1990,2387,1875

2401050805,1994,2394,1885

2401051805,1983,2374,1881

2401052805,1993,2379,1893

2401053805,1985,2358,1883

2401054805,1989,2359,1885

2401055805,1995,2377,1894

2401056805,1985,2379,1904

2401068801,1989,2355,1945

2401069805,1997,2347,1947

2401070805,1987,2339,1949

2401071805,1987,2348,1967

2401072805,1985,2335,1959

2401073805,1984,2334,1968

2401074805,1993,2342,1977

2401075805,1984,2325,1978

2401087801,1982,2301,2055

2401088805,1983,2288,2064

2401089805,1983,2288,2068

2401090805,1983,2290,2067

2401091805,1987,2302,2073

2401092805,1978,2285,2069

2401093805,1989,2288,2070

2401094805,1984,2279,2075

2401106801,1983,2272,2096

2401107805,1997,2271,2093

2401108805,1993,2269,2098

2401109805,1986,2275,2094

2401110805,1984,2275,2087

2401111805,1988,2279,2095

2401112805,1984,2273,2091

2401113805,1987,2274,2082

2401125801,1993,2305,2021

2401126805,1988,2304,2030

2401127805,1987,2307,2018

2401128805,1985,2319,2016

2401129805,1993,2309,2003

2401130805,1992,2317,1995

2401131805,1986,2320,2000

2401132805,1987,2321,1982

2401144801,1987,2353,1924

2401145805,1994,2362,1921

2401146805,1990,2367,1917

2401147805,1987,2370,1911

2401148805,1994,2363,1906

2401149805,1985,2366,1906

2401150805,2000,2368,1909

2401151805,1984,2383,1889

2401163801,1985,2384,1889

2401164805,1999,2374,1882

2401165805,1990,2375,1893

2401166805,1989,2384,1888

2401167805,1985,2375,1888

2401168805,1998,2384,1891

2401169805,1991,2369,1899

2401170805,1985,2381,1893

2401182801,1994,2352,1957

2401183805,1989,2347,1959

2401184805,1990,2337,1966

2401185805,1990,2343,1965

2401186805,1991,2337,1971

2401187805,1984,2341,1971

2401188805,1991,2335,1979

2401189805,1978,2325,1984

2401201801,1985,2293,2054

2401202805,1982,2289,2059

2401203805,1971,2283,2065

2401204805,1983,2294,2073

2401205805,1983,2290,2065

2401206805,1981,2283,2076

2401207805,1986,2285,2083

2401208805,1977,2277,2078

2401220801,1983,2270,2090

2401221805,1983,2269,2099

2401222805,1983,2271,2086

2401223805,1974,2277,2091

2401224805,1984,2282,2083

2401225805,1984,2287,2087

2401226805,1982,2285,2086

2401227805,1992,2288,2078

2401239801,1983,2318,2022

2401240805,1989,2310,2010

2401241805,1981,2311,2007

2401242805,1984,2320,2000

2401243805,1986,2317,2002

2401244805,1984,2320,1993

2401245805,1989,2331,1988

2401246805,1993,2335,1982

2401258801,1989,2367,1917

2401259805,2000,2365,1914

2401260805,1992,2365,1919

2401261805,1991,2367,1909

2401262805,1985,2375,1909

2401263805,1989,2368,1901

2401264805,1987,2369,1902

2401265805,1990,2381,1894

2401277801,1994,2379,1893

2401278805,1984,2385,1887

2401279805,1989,2372,1895

2401280805,1988,2381,1904

2401281805,1984,2378,1894

2401282805,1994,2384,1902

2401283805,1997,2384,1903

2401284805,1989,2372,1908

2401296801,1987,2343,1951

2401297805,1986,2339,1959

2401298805,1991,2338,1966

2401299805,1983,2334,1969

2401300805,1986,2327,1978

2401301805,1987,2335,1984

2401302805,1987,2333,1978

2401303805,1995,2322,2000

2401315801,1982,2271,2063

2401316805,1983,2286,2061

2401317805,1985,2288,2068

2401318805,1979,2289,2071

2401319805,1983,2283,2064

2401320805,1981,2286,2066

2401321805,1981,2283,2080

2401322805,1982,2283,2074

2401334801,1985,2289,2092

2401335840,1989,2277,2080

2401336805,1991,2287,2082

2401337805,1986,2277,2081

2401338805,1983,2271,2081

2401339805,1978,2287,2077

2401340805,1981,2281,2083

2401341805,1988,2279,2068

2401353801,1987,2315,2009

2401354805,1985,2319,2010

2401355805,1983,2320,2003

2401356805,1990,2323,2000

2401357805,1984,2321,1997

2401358805,1979,2325,1991

2401359805,1990,2337,1989

2401360805,1995,2334,1977

2401372801,1984,2369,1926

2401373805,1991,2351,1902

2401374805,1994,2365,1917

2401375805,1994,2368,1895

2401376805,1995,2369,1904

2401377805,1989,2366,1905

2401378805,1993,2369,1939

2401379805,1984,2378,1888

2401391801,1996,2379,1887

2401392805,1984,2377,1891

2401393805,1990,2379,1899

2401394805,1995,2369,1899

2401395805,1994,2377,1897

2401396805,1991,2347,1905

2401397805,1991,2379,1873

2401398805,1986,2372,1909

2401409801,1981,2343,1954

2401410805,1984,2351,1968

2401411805,1991,2352,1968

2401412805,1987,2326,1978

2401413805,1989,2335,1979

2401414805,1991,2329,1980

2401415805,1997,2332,1996

2401416805,1987,2320,1995

2401428801,1981,2287,2054

2401429805,1982,2289,2063

2401430805,1983,2292,2061

2401431805,1991,2289,2068

2401432805,1987,2288,2075

2401433805,1982,2288,2073

2401434805,1981,2277,2071

2401435805,1993,2279,2085

2401447801,1983,2274,2079

2401448805,1990,2282,2077

2401449805,1979,2285,2081

2401450805,1987,2271,2082

2401451805,1989,2278,2080

2401452805,1985,2278,2074

2401453805,1984,2290,2067

2401454805,1979,2285,2077

2401465453,1994,2303,2019

2401466805,1978,2305,2005

2401467805,1982,2320,2002

2401468805,1986,2321,1997

2401469805,1986,2321,2002

2401470805,1983,2327,1995

2401471805,1987,2330,1977

2401483801,1991,2355,1921

2401484805,1983,2357,1920

2401485805,1995,2361,1920

2401486805,1989,2369,1905

2401487805,1986,2370,1907

2401488805,1989,2361,1906

2401489805,1989,2374,1915

2401490805,1986,2366,1904

2401502801,1996,2373,1883

2401503840,1994,2378,1902

2401504805,1993,2379,1891

2401505805,1983,2379,1904

2401506805,1990,2379,1894

2401507805,1998,2374,1895

2401508805,1990,2369,1899

2401509805,1992,2367,1915

2401521801,1987,2354,1945

2401522805,1987,2349,1955

2401523805,1987,2339,1968

2401524805,1981,2342,1974

2401525805,1989,2343,1982

2401526805,1990,2343,1978

2401527805,1986,2329,1985

2401528805,1984,2320,1986

2401540801,1983,2293,2046

2401541805,1983,2290,2062

2401542805,1990,2293,2054

2401543805,1982,2304,2060

2401544805,1993,2288,2064

2401545805,1983,2288,2075

2401546805,1984,2289,2077

2401547805,1983,2281,2064

2401559837,1987,2279,2134

2401560805,1995,2273,2081

2401561805,1984,2273,2077

2401562805,1978,2277,2079

2401563805,1983,2269,2078

2401564805,1982,2288,2078

2401565805,1981,2220,2075

2401566805,1986,2286,2067

2401577801,1989,2309,2014

2401578805,1984,2306,2021

2401579805,1991,2315,2009

2401580805,1983,2314,2005

2401581805,1988,2314,2000

2401582805,1992,2320,1989

2401583805,1993,2319,1989

2401584805,1986,2331,1991

2401596801,1994,2352,1931

2401597805,1991,2355,1919

2401598805,1990,2357,1920

2401599805,1994,2366,1920

2401600805,1994,2368,1910

2401601805,2000,2353,1905

2401602805,1969,2368,1904

2401603805,1994,2374,1904

2401615832,1987,2367,1890

2401616805,1994,2383,1915

2401617805,1990,2378,1902

2401618805,1994,2369,1904

2401619805,1995,2369,1904

2401620805,1992,2377,1901

2401621805,1989,2363,1907

2401622805,1991,2366,1913

2401633453,1987,2352,1954

2401634805,1983,2348,1951

2401635805,1989,2339,1956

2401636805,1985,2344,1953

2401637805,1989,2335,1968

2401638805,1993,2327,1979

2401639805,1987,2337,1984

2401651801,1990,2290,2037

2401652805,1981,2303,2047

2401653805,1987,2301,2045

2401654805,1975,2289,2065

2401655805,1980,2290,2062

2401656805,1986,2288,2065

2401657805,1983,2288,2062

2401658805,1973,2285,2078

2401670801,1981,2273,2076

2401671815,1975,2277,2084

2401672805,1984,2282,2077

2401673805,1977,2277,2085

2401674805,1985,2279,2077

2401675805,1983,2287,2079

2401676805,1980,2281,2071

2401677805,1982,2276,2075

2401689801,1987,2303,2027

2401690805,1984,2301,2019

2401691805,1997,2313,2014

2401692805,1987,2305,2015

2401693805,1997,2310,2001

2401694805,1989,2320,2001

2401695805,1987,2318,1993

2401696805,1987,2329,1968

2401708801,1979,2352,1936

2401709805,1995,2354,1928

2401710805,1981,2363,1921

2401711805,1993,2286,1920

2401712805,1987,2359,1921

2401713805,1989,2355,1906

2401714805,1985,2365,1909

2401715805,1985,2371,1906

2401727828,1983,2379,1901

2401728805,1993,2379,1894

2401729805,1987,2383,1888

2401730805,2014,2375,1903

2401731805,1991,2378,1901

2401732805,1987,2377,1903

2401733805,1984,2372,1914

2401734805,1994,2372,1904

2401746801,1991,2352,1953

2401747805,1996,2351,1951

2401748805,1984,2352,1967

2401749805,1990,2359,1968

2401750805,1987,2333,1972

2401751805,1991,2332,1973

2401752805,1985,2330,1971

2401753805,1984,2335,1983

2401765801,1983,2295,2041

2401766805,1988,2299,2054

2401767805,1987,2291,2046

2401768805,1985,2283,2061

2401769805,1983,2298,2059

2401770805,1984,2294,2061

2401771805,1983,2285,2069

2401772805,1987,2288,2069

2401784801,1985,2281,2080

2401785805,1985,2283,2087

2401786805,1978,2275,2078

2401787805,1982,2284,2073

2401788805,1979,2284,2077

2401789805,1981,2277,2067

2401790805,1978,2287,2067

2401791805,1984,2283,2073

2401803801,1984,2306,2023

2401804805,1987,2304,1958

2401805805,1985,2315,2013

2401806805,1984,2321,2001

2401807805,1983,2323,1998

2401808805,1982,2321,1994

2401809805,1986,2375,1988

2401810805,1987,2328,1980

2401822801,1988,2359,1931

2401823805,1990,2362,1923

2401824805,1989,2363,1925

2401825805,1989,2367,1921

2401826805,1985,2368,1914

2401827805,1989,2362,1913

2401828805,1989,2369,1913

2401829805,1991,2375,1908

2401841801,1989,2371,1899

2401842805,2000,2377,1907

2401843805,1986,2370,1894

2401844805,1970,2367,1904

2401845805,1995,2377,1904

2401846805,1971,2363,1904

2401847805,1990,2373,1904

2401848805,1968,2370,1909

2401860801,1993,2339,1958

2401861805,1986,2343,1968

2401862805,1982,2349,1962

2401863805,1973,2331,1972

2401864805,1994,2332,1968

2401865805,1983,2323,1936

2401866805,1983,2285,1994

2401867805,1987,2322,1998

2401879801,1985,2288,2017

2401880805,1993,2293,2063

2401881805,1990,2288,2043

2401882805,1989,2295,2064

2401883805,1991,2288,2067

2401884805,1987,2290,2064

2401885805,1982,2281,2064

2401886805,1993,2287,2067

2401898801,1984,2272,2079

2401899805,1986,2281,2075

2401900805,1997,2277,2095

2401901805,1937,2263,2067

2401902805,1982,2281,2070

2401903805,1987,2279,2066

2401904805,1989,2289,2064

2401905805,1989,2289,2062

2401917801,1994,2315,2006

2401918805,1985,2321,2015

2401919805,1963,2310,1986

2401920805,1989,2313,1997

2401921805,1989,2326,1992

2401922805,1988,2320,1986

2401923805,1979,2328,1989

2401924805,1990,2330,1981

2401936801,1990,2359,1929

2401937805,1987,2368,1933

2401938805,1975,2359,1919

2401939805,1993,2362,1926

2401940805,1987,2366,1918

2401941805,1983,2373,1914

2401942805,1996,2391,1920

2401943805,1990,2367,1892

2401955801,2022,2372,1919

2401956805,1982,2368,1904

2401957805,1993,2364,1904

2401958805,1995,2466,1905

2401959805,1980,2370,1904

2401960805,2011,2371,1907

2401961805,1998,2373,1917

2401962805,1985,2375,1919

2401974801,1985,2342,1967

2401975805,1991,2338,1971

2401976805,1985,2337,1973

2401977805,1987,2329,1982

2401978805,2002,2336,1971

2401979805,2000,2329,1990

2401980805,1975,2320,1991

2401981805,1990,2328,1989

2401993801,1990,2294,2067

2401994805,1984,2289,2055

2401995805,1973,2293,2064

2401996805,2031,2288,2064

2401997805,1977,2288,2032

2401998805,1979,2288,2082

2401999805,1989,2278,2061

2402000805,1988,2286,2068

2402012801,1983,2286,2067

2402013805,2007,2287,2059

2402014805,1984,2287,2087

2402015805,1990,2288,2064

2402016805,1984,2290,2069

2402017805,1985,2288,2064

2402018805,1994,2289,2061

2402019805,1990,2290,2064

2402031801,1999,2310,2009

2402032805,1970,2319,1993

2402033805,1979,2321,1935

2402034805,2009,2320,1979

2402035805,2003,2320,1979

2402036805,1974,2333,1973

2402037805,1986,2327,1977

2402038805,1968,2335,1983

2402050801,1990,2357,1921

2402051805,2003,2363,1923

2402052805,1990,2365,1920

2402053805,1981,2365,1941

2402054805,1988,2374,1911

2402055805,1989,2370,1921

2402056805,1985,2367,1909

2402057805,1995,2372,1927

2402069801,1989,2373,1878

2402070805,1995,2369,1922

2402071805,1993,2375,1909

2402072805,1990,2372,1915

2402073805,1978,2361,1921

2402074805,1987,2367,1917

2402075805,1986,2373,1921

2402076805,1987,2368,1926

2402088801,1986,2339,1968

2402089805,1983,2336,1995

2402090805,1979,2333,1985

2402091805,1980,2320,1985

2402092805,1971,2331,1995

2402093805,1999,2334,2000

2402094805,2000,2317,2000

2402095805,1984,2320,2005

2402107801,1984,2294,2053

2402108805,1978,2289,2047

2402109805,1989,2287,2141

2402110805,1980,2292,2063

2402111805,1994,2282,2064

2402112805,1974,2287,2059

2402113805,1983,2288,2070

2402114805,1984,2288,2070

2402126801,1987,2282,2064

2402127805,1973,2285,2066

2402128805,1979,2289,2063

2402129805,1981,2287,2065

2402130805,1984,2283,2064

2402131805,1968,2289,2057

2402132805,1984,2291,2058

2402133805,1994,2294,2046

2402145801,1984,2319,2000

2402146805,1999,2315,1997

2402147805,1964,2326,1991

2402148805,1983,2330,1985

2402149805,1993,2325,1984

2402150805,1982,2323,1968

2402151805,1985,2334,1979

2402152805,2003,2340,1968

2402164801,1962,2361,1931

2402165805,1938,2359,1916

2402166805,2000,2363,1918

2402167805,1989,2330,1912

2402168805,1990,2367,1909

2402169805,1993,2363,1902

2402170805,1994,2373,1905

2402171805,1990,2369,1900

2402183801,1984,2364,1907

2402184805,1990,2374,1918

2402185805,1984,2365,1936

2402186805,1983,2368,1915

2402187805,1973,2363,1920

2402188805,1995,2365,1936

2402189805,1982,2361,1924

2402190805,1991,2363,1927

2402202801,1989,2333,1974

2402203805,1983,2331,1984

2402204805,1987,2325,1979

2402205805,1992,2331,1986

2402206805,1984,2322,1984

2402207805,1983,2320,2016

2402208805,1991,2287,2001

2402209805,1989,2318,2006

2402221801,1988,2288,2054

2402222805,1986,2288,2030

2402223805,1975,2285,2089

2402224805,1984,2286,2059

2402225805,1979,2283,1999

2402226805,1983,2281,2064

2402227805,2000,2291,2063

2402228805,1979,2283,2064

2402240801,1984,2289,2064

2402241805,1984,2288,2059

2402242805,1990,2292,2057

2402243805,1984,2288,2066

2402244805,1991,2288,2059

2402245805,1986,2298,2046

2402246805,1989,2293,2038

2402247805,1979,2291,2046

2402259801,1984,2320,1948

2402260805,1968,2322,1980

2402261805,1986,2327,1989

2402262805,1949,2323,1985

2402263805,1987,2333,1978

2402264805,1979,2334,1970

2402265805,1987,2327,1968

2402266805,1985,2335,1969

2402278801,1987,2356,1935

2402279805,1984,2361,1915

2402280805,1991,2366,1927

2402281805,1986,2356,1909

2402282805,1984,2367,1898

2402283805,1987,2368,1920

2402284805,1988,2375,1905

2402285805,1991,2365,1922

2402297801,1988,2355,1913

2402298805,1995,2363,1913

2402299805,1989,2367,1921

2402300805,1989,2366,1929

2402301805,1991,2365,1935

2402302805,1990,2355,1923

2402303805,2002,2352,1920

2402304805,1986,2362,1949

2402316801,1991,2330,2013

2402317805,1985,2323,1974

2402318805,1977,2336,1986

2402319805,1985,2323,1990

2402320805,1984,2319,2007

2402321805,1986,2318,2003

2402322805,1983,2320,2000

2402323805,1991,2314,2012

2402335801,1984,2295,2047

2402336805,1979,2288,2061

2402337805,1982,2288,2058

2402338805,1987,2288,2061

2402339805,1989,2282,2067

2402340805,1984,2286,2065

2402341805,1978,2285,2064

2402342805,1987,2288,2064

2402354801,1978,2289,2067

2402355805,1982,2290,2061

2402356805,1982,2288,2041

2402357805,1986,2294,2047

2402358805,1984,2285,2045

2402359805,1987,2299,2036

2402360805,1980,2289,2037

2402361805,1984,2302,2034

2402372801,1983,2333,1997

2402373805,1984,2327,1985

2402374805,1984,2322,1985

2402375805,1985,2325,1983

2402376805,1983,2343,1974

2402377805,1986,2336,1965

2402378805,1989,2332,1970

2402379805,1987,2345,1938

2402391801,1989,2366,1921

2402392805,1991,2369,1921

2402393805,1979,2369,1919

2402394805,1991,2367,1913

2402395805,1998,2366,1919

2402396805,1994,2371,1911

2402397805,1985,2367,1911

2402398805,1982,2366,1908

2402410801,1990,2361,1909

2402411805,1990,2379,1910

2402412805,1999,2370,1936

2402413805,1991,2353,1920

2402414805,1997,2359,1920

2402415805,1989,2368,1923

2402416805,1989,2358,1925

2402417805,1987,2355,1931

2402428453,2000,2333,1977

2402429805,1984,2330,1971

2402430805,1962,2334,1991

2402431805,1979,2320,1990

2402432805,1984,2323,1993

2402433805,1987,2321,2000

2402434805,2016,2320,2016

2402446801,1981,2320,2045

2402447805,1991,2300,2045

2402448805,1985,2288,2032

2402449805,1986,2290,2055

2402450805,1996,2288,2054

2402451805,1973,2298,2137

2402452805,1991,2288,2062

2402453805,1984,2290,2063

2402465801,1987,2292,2043

2402466805,1953,2289,2055

2402467805,1984,2288,1971

2402468805,1975,2302,2043

2402469805,1979,2294,2014

2402470805,1990,2288,2030

2402471805,1992,2293,2043

2402472805,1952,2294,2043

2402484801,1981,2320,2069

2402485805,1967,2325,1968

2402486805,1956,2329,1969

2402487805,1975,2326,1988

2402488805,1971,2330,1975

2402489805,1984,2332,1984

2402490805,1984,2337,1975

2402491805,1968,2335,1964

2402503801,1996,2356,1925

2402504805,1994,2355,1927

2402505805,1997,2358,1919

2402506805,1985,2368,1918

2402507805,2031,2367,1907

2402508805,1967,2377,1920

2402509805,1985,2359,1913

2402510805,2034,2370,1909

2402522801,1991,2370,1914

2402523805,1986,2366,1889

2402524805,2013,2358,1904

2402525805,1981,2364,1920

2402526805,2036,2367,1914

2402527805,1955,2359,1935

2402528805,1986,2358,1926

2402529805,2062,2352,1930

2402540801,1979,2339,1965

2402541805,1968,2327,1984

2402542805,1986,2331,1984

2402543805,1984,2325,1989

2402544805,1947,2320,1996

2402545805,1991,2332,1993

2402546805,1968,2320,2002

2402547805,2017,2319,2000

2402559801,1984,2295,2038

2402560805,2035,2298,2013

2402561805,1984,2299,2031

2402562805,1987,2299,2061

2402563805,1985,2288,2043

2402564805,2005,2290,2063

2402565805,1983,2289,2064

2402566805,1968,2289,2064

2402578801,1981,2288,2061

2402579805,1979,2285,2059

2402580805,1995,2291,2119

2402581805,1984,2287,2059

2402582805,1953,2292,2021

2402583805,1982,2291,2031

2402584805,1981,2303,2027

2402585805,2015,2289,2035

2402596453,2047,2317,1983

2402597805,1969,2325,2043

2402598805,1987,2323,1995

2402599805,1980,2328,1987

2402600805,2000,2326,1984

2402601805,1982,2331,1966

2402602805,1998,2325,1974

2402614801,1987,2352,1936

2402615805,1995,2353,1982

2402616805,1986,2358,1959

2402617805,1995,2365,1918

2402618805,1982,2365,1923

2402619805,1987,2363,1929

2402620805,1984,2367,1920

2402621805,1994,2367,1918

2402633801,1989,2369,1918

2402634805,1986,2359,1913

2402635805,1984,2359,1917

2402636805,1987,2359,1914

2402637805,1990,2359,1919

2402638805,1997,2366,1917

2402639805,1986,2355,1923

2402640805,2054,2361,1934

2402652801,1987,2333,1967

2402653805,1983,2333,1979

2402654805,1982,2329,1975

2402655805,1986,2320,1979

2402656805,1985,2320,1973

2402657805,1985,2326,1994

2402658805,1990,2321,1990

2402659805,1985,2319,1998

2402671801,1981,2300,2040

2402672805,1993,2293,2042

2402673805,1982,2297,2042

2402674805,1992,2299,2044

2402675805,1984,2299,2058

2402676805,1983,2295,2053

2402677805,1981,2291,2053

2402678805,1985,2288,2057

2402690801,1984,2291,2063

2402691805,1985,2287,2064

2402692805,1987,2288,2047

2402693805,1990,2293,2046

2402694805,1987,2288,2047

2402695805,1987,2288,2055

2402696805,1987,2296,2058

2402697805,1987,2291,2043

2402708801,1984,2317,2004

2402709805,1980,2315,2000

2402710805,1987,2328,2000

2402711805,1989,2327,1998

2402712805,2039,2322,1995

2402713805,1985,2336,1984

2402714805,1954,2327,1973

2402715805,1983,2334,1979

2402727801,2032,2352,1936

2402728805,1997,2357,1929

2402729805,1997,2357,1994

2402730805,1989,2364,1923

2402731805,1985,2359,1926

2402732805,1987,2357,1920

2402733805,1991,2355,1923

2402734805,1987,2359,1917

2402746801,1994,2361,1919

2402747805,1998,2368,1914

2402748805,2002,2367,1914

2402749805,1999,2365,1922

2402750805,1978,2361,1916

2402751805,1993,2358,1921

2402752805,1985,2358,1923

2402753805,1991,2355,1921

2402764453,2021,2342,1967

2402765805,1981,2339,1971

2402766805,2000,2338,1977

2402767805,2029,2339,1975

2402768805,1985,2339,1979

2402769805,1994,2321,1986

2402770805,1978,2319,1984

2402782801,1983,2297,2032

2402783805,1994,2301,2032

2402784805,1974,2305,2046

2402785805,1982,2291,2038

2402786805,2019,2295,2060

2402787805,2059,2288,2047

2402788805,1984,2295,2042

2402789805,1981,2299,2047

2402801801,1994,2299,2017

2402802805,1987,2288,2058

2402803805,1991,2288,2057

2402804805,1977,2293,2045

2402805805,1989,2293,2047

2402806805,1973,2289,2053

2402807805,1986,2297,2053

2402808805,1986,2291,2041

2402820801,1985,2316,2007

2402821805,1988,2317,2003

2402822805,1981,2320,1986

2402823805,1999,2321,2000

2402824805,1978,2319,1985

2402825805,1949,2327,1990

2402826805,1994,2322,1986

2402827805,1963,2322,1980

2402839801,1991,2349,1935

2402840805,1973,2355,1936

2402841805,1987,2357,1931

2402842805,1984,2356,1936

2402843805,1982,2358,1925

2402844805,1979,2359,1924

2402845805,1986,2355,1920

2402846805,2002,2362,1925

2402858836,1997,2369,1918

2402859805,1981,2368,1915

2402860805,1987,2358,1936

2402861805,2010,2361,1920

2402862805,1991,2362,1920

2402863805,1984,2354,1927

2402864805,1984,2367,1930

2402865805,1981,2364,1926

2402876801,1993,2344,1968

2402877805,2076,2343,1974

2402878805,1994,2334,1969

2402879805,2016,2327,1980

2402880805,1969,2338,1973

2402881805,1988,2331,1982

2402882805,1983,2327,1990

2402883805,1983,2321,1988

2402895801,1985,2299,2038

2402896805,1994,2319,2039

2402897805,1985,2304,2032

2402898805,1983,2298,2034

2402899805,1987,2304,2079

2402900805,1987,2294,2021

2402901805,1980,2289,2047

2402902805,1984,2293,2047

2402914836,1979,2290,2059

2402915805,1984,2290,2063

2402916805,1988,2294,2057

2402917805,1994,2290,2054

2402918805,1983,2293,2058

2402919805,1985,2301,2054

2402920805,1989,2288,2047

2402921805,1983,2299,2023

2402932451,1970,2318,2015

2402933805,1985,2317,2005

2402934805,1985,2313,2003

2402935805,1991,2321,2000

2402936805,1975,2320,1997

2402937805,1989,2327,1991

2402938805,1989,2329,1969

2402950801,1990,2355,1939

2402951805,1990,2353,1936

2402952805,1987,2351,1935

2402953805,1983,2352,1936

2402954805,1985,2352,1938

2402955805,1988,2355,1935

2402956805,1993,2356,1923

2402957805,2018,2361,1906

2402969801,1967,2365,1917

2402970825,1990,2363,1907

2402971805,1984,2369,1923

2402972805,1955,2368,1927

2402973805,1984,2361,1926

2402974805,1990,2357,1923

2402975805,1991,2358,1919

2402976805,1994,2363,1919

2402988801,1974,2339,1965

2402989805,1987,2334,1968

2402990805,1984,2331,1968

2402991805,1968,2343,1974

2402992805,1990,2334,1969

2402993805,1987,2330,1969

2402994805,1990,2330,1984

2402995805,1990,2325,1984

2403007801,1954,2304,2032

2403008805,1985,2298,2031

2403009805,1981,2298,2035

2403010805,1963,2301,2043

2403011805,1980,2304,2037

2403012805,1987,2303,2038

2403013805,1984,2295,2047

2403014805,1987,2291,2043

2403026820,1985,2261,2061

2403027805,1988,2291,2055

2403028805,1985,2292,2045

2403029805,1956,2287,2057

2403030805,1983,2291,2055

2403031805,1984,2293,2055

2403032805,1987,2288,2046

2403033805,1989,2304,2045

2403045801,1991,2314,2011

2403046805,1983,2320,2007

2403047805,1990,2319,1996

2403048805,1958,2320,2002

2403049805,1993,2321,1994

2403050805,1985,2329,1988

2403051805,1984,2320,1984

2403052805,1987,2326,1982

2403064801,2013,2352,1938

2403065805,1994,2354,1939

2403066805,1987,2353,1936

2403067805,2015,2356,1933

2403068805,1984,2356,1930

2403069805,1995,2352,1934

2403070805,1985,2358,1918

2403071805,1981,2357,1921

2403083801,2000,2362,1917

2403084805,1994,2367,1924

2403085805,1984,2357,1927

2403086805,2017,2363,1925

2403087805,1984,2359,1925

2403088805,1987,2355,1920

2403089805,1983,2352,1932

2403090805,1989,2352,1936

2403102801,1991,2342,1968

2403103805,1992,2347,1963

2403104805,1984,2328,1973

2403105805,1941,2325,1975

2403106805,1984,2321,1978

2403107805,1990,2320,1975

2403108805,1985,2323,1990

2403109805,1985,2320,1991

2403121801,1989,2307,2033

2403122805,1986,2302,2030

2403123805,1985,2296,2032

2403124805,1976,2303,2042

2403125805,1982,2301,2033

2403126805,1982,2304,2037

2403127805,1984,2289,2043

2403128805,1982,2291,2047

2403140801,1982,2301,2047

2403141805,1987,2288,2045

2403142805,1985,2295,2058

2403143805,2042,2298,2045

2403144805,1989,2299,2046

2403145805,1987,2298,2053

2403146805,1981,2302,2061

2403147805,1979,2299,2045

2403159801,1985,2319,2008

2403160805,1984,2321,1999

2403161805,1981,2320,2000

2403162805,1968,2322,1995

2403163805,1984,2322,1986

2403164805,1984,2336,1984

2403165805,1984,2326,1978

2403166805,1989,2335,1978

2403178801,1986,2349,1943

2403179805,1985,2352,1938

2403180805,1979,2352,1936

2403181805,1941,2352,1930

2403182805,1984,2362,1930

2403183805,1987,2355,1931

2403184805,1997,2361,1929

2403185805,1985,2366,1922

2403197801,1989,2358,1922

2403198805,1983,2368,1921

2403199805,2028,2353,1933

2403200805,1985,2352,1926

2403201805,1981,2356,1927

2403202805,1994,2352,1924

2403203805,1989,2355,1934

2403204805,1984,2352,1936

2403216801,1984,2331,1971

2403217805,1987,2329,1973

2403218805,1991,2323,1979

2403219805,2014,2340,1985

2403220805,1994,2327,1982

2403221805,1984,2323,1984

2403222805,1987,2331,1996

2403223805,1987,2327,1986

2403235801,1984,2304,2032

2403236805,1982,2304,2038

2403237805,1989,2300,2032

2403238805,2000,2293,2038

2403239805,1991,2291,2032

2403240805,1990,2303,2038

2403241805,1985,2294,2036

2403242805,1986,2299,2054

2403254801,1985,2295,2055

2403255805,1986,2295,2045

2403256805,1986,2292,2054

2403257805,1991,2298,2043

2403258805,1987,2301,2043

2403259805,1984,2304,2053

2403260805,1998,2299,2037

2403261805,1984,2302,2018

2403273801,1985,2319,1997

2403274805,1990,2327,1995

2403275805,1993,2318,1989

2403276805,1987,2320,1983

2403277805,1984,2317,1985

2403278805,1984,2333,1986

2403279805,1993,2331,1984

2403280805,1989,2297,1972

2403292801,1984,2353,1936

2403293805,1994,2271,1934

2403294805,1992,2352,1934

2403295805,2003,2353,1914

2403296805,1998,2361,1926

2403297805,1994,2374,1927

2403298805,1990,2357,1929

2403299805,1986,2355,1930

2403311801,1995,2352,1923

2403312805,1989,2363,1925

2403313805,1984,2325,1929

2403314805,1996,2355,1925

2403315805,1987,2353,1932

2403316805,1993,2359,1936

2403317805,1990,2357,1927

2403318805,1985,2349,1937

2403330801,1986,2331,1971

2403331805,1989,2335,1978

2403332805,1989,2330,1981

2403333805,2041,2330,2024

2403334805,1993,2323,1985

2403335805,1990,2320,1990

2403336805,1985,2321,2000

2403337805,1991,2320,2000

2403349801,1990,2305,2033

2403350805,1986,2299,2039

2403351805,1984,2291,2041

2403352805,1978,2299,1990

2403353805,1986,2304,2036

2403354805,1985,2296,2047

2403355805,1989,2293,2047

2403356805,1985,2291,2055

2403368801,1984,2289,2045

2403369805,1985,2299,2043

2403370805,1984,2304,2035

2403371805,1996,2302,2039

2403372805,1985,2302,2039

2403373805,1985,2304,2022

2403374805,1984,2298,2058

2403375805,1984,2306,2032

2403387801,1984,2321,1995

2403388805,1988,2320,1989

2403389805,1983,2320,1957

2403390805,2005,2329,1984

2403391805,1982,2325,1990

2403392805,1995,2333,1984

2403393805,1984,2323,2106

2403394805,1986,2323,1968

2403406801,1989,2352,1938

2403407805,1990,2361,1931

2403408805,2045,2352,1938

2403409805,1989,2355,1930

2403410805,1989,2352,1929

2403411805,1987,2353,1925

2403412805,1987,2356,1930

2403413805,1997,2361,1922

2403425801,1994,2354,1926

2403426805,1985,2371,1932

2403427805,1986,2339,1926

2403428805,1984,2365,1947

2403429805,1982,2358,1935

2403430805,1983,2294,1936

2403431805,1995,2351,1920

2403432805,1988,2352,1944

2403444801,1984,2351,1984

2403445805,1984,2295,1986

2403446805,1989,2304,1980

2403447805,1984,2329,2017

2403448805,1989,2322,1986

2403449805,1985,2288,1995

2403450805,1985,2317,1967

2403451805,1985,2320,2005

2403463801,1985,2291,2038

2403464805,1985,2300,2036

2403465805,1980,2283,2037

2403466805,2032,2302,2045

2403467805,1984,2295,2061

2403468805,1979,2301,2047

2403469805,1986,2295,2054

2403470805,1986,2298,2055

2403482801,1984,2302,2038

2403483805,1986,2302,2046

2403484805,1987,2289,2035

2403485805,1955,2306,2031

2403486805,1981,2293,2034

2403487805,1984,2303,2032

2403488805,1983,2314,2021

2403489805,1987,2303,2029

2403501801,1985,2331,1997

2403502805,1998,2328,1985

2403503805,1990,2327,1983

2403504805,1977,2326,1973

2403505805,1984,2336,1979

2403506805,1983,2332,1971

2403507805,1983,2336,1980

2403508805,1987,2348,1968

2403520801,1998,2359,1940

2403521805,1986,2358,1933

2403522805,1991,2361,1936

2403523805,2020,2359,1935

2403524805,1989,2363,1929

2403525805,1991,2359,1932

2403526805,1999,2359,1933

2403527805,1984,2355,1926

2403539801,1988,2359,1934

2403540805,1989,2355,1934

2403541805,1984,2368,1934

2403542805,1994,2358,1939

2403543805,1989,2352,1939

2403544805,1982,2352,1986

2403545805,1985,2353,1937

2403546805,1987,2341,1946

2403558801,1983,2337,1984

2403559805,1983,2320,1971

2403560805,1987,2345,1987

2403561805,2072,2320,1993

2403562805,1985,2320,1999

2403563805,1990,2334,2003

2403564805,1983,2326,2012

2403565805,1983,2316,2013

2403577801,1986,2299,2035

2403578805,1982,2264,2039

2403579805,1984,2302,2043

2403580805,2013,2305,2038

2403581805,1978,2293,2046

2403582805,1979,2298,2058

2403583805,1986,2294,2055

2403584805,1973,2301,2032

2403596801,1979,2304,2036

2403597805,1984,2300,2039

2403598805,1984,2295,2032

2403599805,1985,2304,2031

2403600805,1982,2301,2034

2403601805,1983,2303,2026

2403602805,1983,2320,2029

2403603805,1986,2348,2026

2403615801,1987,2325,1990

2403616805,1990,2397,1984

2403617805,1985,2352,1983

2403618805,1986,2337,1982

2403619805,1984,2301,1971

2403620805,1989,2335,1968

2403621805,1979,2331,1965

2403622805,1987,2329,1963

2403634801,1985,2352,1934

2403635805,1987,2352,1929

2403636805,1983,2363,1934

2403637805,1978,2355,1936

2403638805,1987,2355,1921

2403639805,1986,2365,1936

2403640805,1984,2352,1935

2403641805,1988,2353,1914

2403653801,1994,2352,1903

2403654805,1986,2352,1943

2403655805,1997,2352,1936

2403656805,1986,2352,1942

2403657805,1985,2365,1945

2403658805,1974,2343,1948

2403659805,1985,2341,1939

2403660805,1986,2363,1949

2403671801,1991,2321,1981

2403672805,1980,2325,1985

2403673805,1990,2329,1991

2403674805,1987,2327,1993

2403675805,1994,2320,1992

2403676805,1989,2324,1989

2403677805,1987,2311,1999

2403678805,1990,2318,2004

2403690801,1984,2304,2032

2403691805,1983,2305,2032

2403692805,1987,2343,2057

2403693805,1987,2304,2039

2403694805,1984,2294,2038

2403695805,1991,2289,2039

2403696805,1979,2293,2043

2403697805,1983,2359,2032

2403709801,1984,2300,2038

2403710805,1985,2302,2034

2403711805,1983,2303,2029

2403712805,1978,2303,2032

2403713805,1983,2304,2025

2403714805,1981,2305,2021

2403715805,1988,2302,2027

2403716805,1984,2267,2010

2403727453,1984,2327,1993

2403728805,1986,2322,1979

2403729805,1991,2334,1981

2403730805,2003,2329,1983

2403731805,1987,2325,1981

2403732805,1989,2325,1975

2403733805,1985,2353,1972

2403745801,1983,2347,1945

2403746805,1985,2341,1941

2403747805,1984,2352,1927

2403748805,1985,2358,1933

2403749805,1984,2326,1930

2403750805,1985,2340,1938

2403751805,1982,2356,1933

2403752805,1991,2398,1933

2403764801,1987,2358,1937

2403765805,1986,2354,1937

2403766805,1989,2390,1936

2403767805,2000,2354,1939

2403768805,1982,2350,1939

2403769805,1997,2375,1939

2403770805,1995,2344,1946

2403771805,1988,2349,1945

2403783801,1987,2339,1982

2403784805,1987,2323,1999

2403785805,1988,2331,1984

2403786805,1997,2322,1990

2403787805,1984,2346,1997

2403788805,1987,2323,1995

2403789805,1991,2316,1999

2403790805,1991,2320,2007

2403802801,2000,2235,2031

2403803805,1987,2305,2032

2403804805,1985,2292,2034

2403805805,1962,2301,2039

2403806805,1977,2292,2032

2403807805,1977,2303,2035

2403808805,1994,2291,2043

2403809805,1984,2289,2041

2403821801,1983,2304,2016

2403822805,1984,2291,2032

2403823805,1985,2221,2033

2403824805,1987,2304,2029

2403825805,1986,2307,2032

2403826805,1986,2311,2020

2403827805,1987,2306,2032

2403828805,1989,2310,2021

2403839801,1989,2323,1984

2403840805,1989,2352,1984

2403841805,1985,2336,1984

2403842805,1986,2330,1986

2403843805,1987,2326,1981

2403844805,1987,2326,1982

2403845805,1998,2335,1968

2403846805,1993,2307,1969

2403858801,1994,2346,1945

2403859805,1984,2358,1943

2403860805,1990,2382,1938

2403861805,1997,2352,1935

2403862805,1995,2358,1936

2403863805,1984,2354,1882

2403864805,1998,2363,1936

2403865805,1986,2346,1936

2403877801,1995,2363,1941

2403878805,1987,2363,1925

2403879805,1993,2366,1936

2403880805,1983,2355,1937

2403881805,1984,2350,1935

2403882805,1981,2367,1946

2403883805,1983,2352,1947

2403884805,1982,2351,1954

2403895453,1990,2331,1984

2403896805,1987,2322,1981

2403897805,1989,2331,1983

2403898805,1983,2318,1995

2403899805,1986,2325,1995

2403900805,1987,2323,1995

2403901805,1985,2318,1999

2403913801,1970,2304,2007

2403914805,1987,2301,2032

2403915805,1995,2305,2031

2403916805,2015,2306,2032

2403917805,1986,2299,2032

2403918805,1984,2301,2037

2403919805,1984,2303,2032

2403920805,1958,2287,2039

2403932801,1984,2306,2037

2403933805,1989,2292,2034

2403934805,1984,2337,2032

2403935805,1985,2310,2029

2403936805,1984,2299,2032

2403937805,1979,2300,2032

2403938805,1987,2299,2101

2403939805,1987,2338,2028

2403951801,1988,2309,1988

2403952805,1985,2335,1985

2403953805,1981,2321,1985

2403954805,2032,2323,1984

2403955805,1989,2329,1986

2403956805,1986,2331,1981

2403957805,2005,2323,1969

2403958805,1981,2325,1974

2403970801,1995,2349,1945

2403971805,1994,2341,1943

2403972805,2000,2352,1936

2403973805,1977,2352,1959

2403974805,1988,2367,1933

2403975805,1991,2352,1936

2403976805,1993,2363,1933

2403977805,1992,2357,1936

2403989837,1984,2359,2000

2403990805,1987,2351,1939

2403991805,1993,2357,1939

2403992805,1994,2343,1941

2403993805,2000,2351,1947

2403994805,1991,2355,1935

2403995805,1951,2352,1947

2403996805,1990,2379,1955

2404007801,1994,2335,1977

2404008805,1993,2350,1987

2404009805,1989,2327,1999

2404010805,1987,2329,1983

2404011805,1989,2286,1995

2404012805,1994,2320,1982

2404013805,1989,2322,1994

2404014805,1997,2318,1995

2404026801,1996,2304,2032

2404027805,1984,2320,2027

2404028805,1997,2290,2054

2404029805,1986,2313,2032

2404030805,1990,2298,2032

2404031805,1968,2294,2035

2404032805,1984,2305,2041

2404033805,1989,2270,2034

2404045824,1982,2295,2041

2404046805,1988,2286,2032

2404047805,1984,2375,2033

2404048805,1986,2307,2032

2404049805,1983,2283,2032

2404050805,1983,2303,2033

2404051805,1998,2301,2031

2404052805,1984,2313,2032

2404063453,1991,2319,1991

2404064805,1968,2327,1996

2404065805,1989,2320,1997

2404066805,1984,2330,1989

2404067805,1983,2331,1982

2404068805,1991,2326,1983

2404069805,1981,2335,1978

2404081801,1984,2346,1949

2404082805,1995,2349,1943

2404083805,1994,2341,1940

2404084805,2030,2349,1946

2404085805,1989,2345,1937

2404086805,1991,2350,1936

2404087805,1987,2354,1937

2404088805,1993,2355,1934

2404100801,1990,2354,1938

2404101840,2002,2364,1908

2404102805,1987,2431,1936

2404103805,1984,2351,1934

2404104805,1983,2352,1944

2404105805,1984,2352,1940

2404106805,1977,2353,1943

2404107805,1990,2349,1955

2404119801,1982,2338,1975

2404120805,1981,2336,1971

2404121805,1987,2338,1972

2404122805,1985,2327,1981

2404123805,1987,2339,1989

2404124805,1994,2321,1985

2404125805,1975,2327,1990

2404126805,1979,2271,2000

2404138801,1983,2315,2017

2404139805,1975,2313,2031

2404140805,1982,2304,2031

2404141805,1984,2302,2010

2404142805,1982,2323,2029

2404143805,1985,2295,2032

2404144805,1983,2304,2032

2404145805,1986,2303,2032

2404157813,1995,2299,2033

2404158805,1981,2298,2033

2404159805,1985,2301,2033

2404160805,1984,2306,2027

2404161805,1982,2287,2014

2404162805,1987,2304,2030

2404163805,1965,2302,2029

2404164805,1984,2293,2032

2404176801,1983,2291,1999

2404177805,1994,2325,1989

2404178805,1987,2337,1988

2404179805,1986,2328,1982

2404180805,1986,2325,1981

2404181805,1986,2340,1989

2404182805,1991,2320,1979

2404183805,1994,2333,1981

2404195801,1993,2368,1943

2404196805,1985,2346,1939

2404197805,1987,2347,1946

2404198805,1975,2352,1943

2404199805,1997,2350,1942

2404200805,1987,2350,1936

2404201805,1989,2357,1938

2404202805,1991,2355,1935

2404214801,1990,2352,1948

2404215805,1986,2352,1939

2404216805,1989,2351,1937

2404217805,1987,2352,1947

2404218805,1985,2345,1941

2404219805,1985,2352,1939

2404220805,1986,2353,1943

2404221805,1984,2343,1953

2404233801,1991,2343,1979

2404234805,1981,2333,1987

2404235805,1984,2327,2000

2404236805,1986,2324,1993

2404237805,1983,2327,1985

2404238805,1984,2322,1989

2404239805,1989,2320,2000

2404240805,1989,2323,1995

2404252801,1983,2293,2027

2404253805,1989,2307,2030

2404254805,1986,2315,2032

2404255805,2018,2304,2029

2404256805,1979,2306,2032

2404257805,1981,2305,2032

2404258805,1968,2307,2034

2404259805,1984,2304,2031

2404271801,1986,2291,2032

2404272805,1985,2311,2032

2404273805,1984,2292,2027

2404274805,1986,2295,2030

2404275805,1983,2293,2022

2404276805,1988,2299,2022

2404277805,1990,2305,2028

2404278805,1993,2291,2018

2404290801,1989,2322,1990

2404291805,1990,2327,1984

2404292805,1989,2333,1985

2404293805,1989,2327,1982

2404294805,1991,2337,1984

2404295805,1987,2331,1977

2404296805,1991,2333,1982

2404297805,1983,2338,1972

2404309801,1990,2326,1943

2404310805,1987,2351,1939

2404311805,1986,2351,1941

2404312805,1988,2363,1939

2404313805,1997,2355,1946

2404314805,1996,2354,1936

2404315805,1986,2355,1937

2404316805,1995,2355,1941

2404328801,1993,2351,1942

2404329805,1990,2352,1941

2404330805,1986,2359,1949

2404331805,1989,2351,1945

2404332805,1986,2357,1949

2404333805,1982,2352,1952

2404334805,1985,2343,1985

2404335805,1986,2341,1951

2404347801,1990,2335,1983

2404348805,1985,2416,1985

2404349805,1981,2327,1987

2404350805,1984,2319,1983

2404351805,1983,2322,1999

2404352805,1983,2321,1997

2404353805,2007,2321,2000

2404354805,1986,2315,2001

2404366801,1983,2314,2030

2404367805,1983,2310,2032

2404368805,1995,2294,2029

2404369805,1972,2303,2027

2404370805,1983,2299,2035

2404371805,1982,2294,2032

2404372805,1981,2304,2032

2404373805,1982,2303,2033

2404385801,1978,2300,2029

2404386805,1982,2301,2027

2404387805,1984,2302,2022

2404388805,1986,2303,2025

2404389805,1995,2287,2027

2404390805,1986,2304,2023

2404391805,1983,2315,2022

2404392805,1984,2317,2015

2404404801,1984,2331,1984

2404405805,1993,2326,1988

2404406805,1986,2331,1984

2404407805,1982,2331,1989

2404408805,1988,2329,1969

2404409805,1985,2332,1977

2404410805,1982,2339,1972

2404411805,1987,2333,1970

2404423801,1990,2352,1952

2404424805,1987,2351,1945

2404425805,1995,2363,1936

2404426805,1987,2350,1938

2404427805,1986,2334,1938

2404428805,1990,2350,1939

2404429805,1985,2351,1938

2404430805,1986,2350,1927

2404442801,1998,2353,1947

2404443805,1991,2352,1941

2404444805,1983,2359,1942

2404445805,1985,2352,1954

2404446805,1989,2347,1945

2404447805,1989,2345,1951

2404448805,1984,2350,1952

2404449805,1994,2342,1972

2404461801,1983,2323,1983

2404462805,1986,2325,1986

2404463805,1995,2320,1987

2404464805,1986,2320,1993

2404465805,1985,2318,2000

2404466805,1984,2327,1997

2404467805,1986,2320,2006

2404468805,1981,2324,2002

2404480801,1986,2303,2029

2404481805,1976,2309,2029

2404482805,1988,2304,2032

2404483805,1986,2307,2030

2404484805,1981,2293,2032

2404485805,1993,2301,2033

2404486805,2010,2302,2030

2404487805,1986,2299,2032

2404499801,1985,2301,2025

2404500805,1985,2305,2023

2404501805,1986,2299,2018

2404502805,1986,2303,2020

2404503805,1986,2308,2023

2404504805,1986,2304,2023

2404505805,1986,2313,2015

2404506805,1982,2315,2007

2404518801,1987,2323,1989

2404519805,1991,2326,1975

2404520805,1985,2327,1983

2404521805,1984,2335,1974

2404522805,1987,2320,1973

2404523805,1986,2329,1970

2404524805,1966,2332,1968

2404525805,1986,2327,1962

2404537801,1985,2345,1947

2404538805,1987,2352,1938

2404539805,1987,2354,1946

2404540805,1989,2354,1938

2404541805,1993,2351,1940

2404542805,1981,2349,1946

2404543805,1991,2352,1936

2404544805,1991,2352,1945

2404556801,1987,2352,1941

2404557805,1986,2346,1950

2404558805,1989,2352,1943

2404559805,1991,2342,1952

2404560805,1989,2351,1947

2404561805,1983,2348,1951

2404562805,1985,2339,1959

2404563805,1986,2338,1952

2404575801,1985,2325,2003

2404576805,1988,2337,2000

2404577805,1984,2327,2000

2404578805,1989,2329,1999

2404579805,1983,2317,2000

2404580805,1990,2320,2001

2404581805,1984,2319,2000

2404582805,1985,2319,2005

2404594801,1991,2307,2029

2404595805,1983,2299,2031

2404596805,1987,2302,2029

2404597805,1988,2333,2031

2404598805,1982,2300,2025

2404599805,1983,2303,2032

2404600805,1983,2302,2030

2404601805,1984,2302,2035

2404613801,1988,2303,2019

2404614805,1983,2307,2022

2404615805,1987,2310,2009

2404616832,2004,2299,2025

2404617805,1990,2304,2015

2404618805,1987,2310,2013

2404619805,1984,2316,2010

2404620805,1987,2320,2017

2404632801,1983,2327,1983

2404633805,1985,2327,1978

2404634805,1993,2327,1974

2404635805,1981,2338,1971

2404636805,1989,2333,1978

2404637805,1986,2331,1968

2404638805,1987,2336,1963

2404639805,1987,2327,1968

2404651801,1985,2353,1943

2404652805,1991,2351,1941

2404653805,1995,2416,1946

2404654805,1981,2349,1936

2404655805,1990,2357,1936

2404656805,1987,2349,1935

2404657805,1989,2352,1945

2404658805,1995,2350,1938

2404670801,1991,2352,1950

2404671805,1988,2352,1951

2404672810,1985,2346,1951

2404673805,1987,2347,1947

2404674805,1985,2347,1958

2404675805,1984,2353,1949

2404676805,1991,2325,1963

2404677805,1981,2345,1968

2404689801,2000,2335,1990

2404690805,1987,2326,1995

2404691805,1984,2320,1997

2404692805,1983,2322,1995

2404693805,1987,2320,2000

2404694805,1989,2315,2003

2404695805,1989,2305,2005

2404696805,1980,2321,2015

2404708801,1986,2307,2031

2404709805,1985,2301,1978

2404710805,1987,2306,2018

2404711805,1968,2299,2031

2404712805,1989,2316,2027

2404713805,1994,2299,2015

2404714805,1986,2303,2043

2404715805,1996,2301,2030

2404727801,1989,2305,2020

2404728814,1985,2311,1987

2404729805,1982,2315,2026

2404730805,1983,2307,2016

2404731805,1981,2318,2011

2404732805,1993,2309,2016

2404733805,1986,2315,2010

2404734805,1979,2319,2000

2404746801,1994,2333,1981

2404747805,1986,2337,1972

2404748805,1984,2339,1975

2404749805,1990,2338,1969

2404750805,1986,2331,1968

2404751805,1985,2338,1968

2404752805,1981,2345,1961

2404753805,1987,2339,1962

2404765801,1985,2348,1936

2404766805,1987,2343,1945

2404767805,1989,2352,1943

2404768805,1994,2351,1939

2404769805,1987,2355,1936

2404770805,1991,2355,1934

2404771805,1986,2352,1940

2404772805,1995,2354,1943

2404784801,1983,2351,1951

2404785805,1977,2346,1953

2404786805,1989,2335,1962

2404787805,1984,2301,1961

2404788805,1990,2335,1952

2404789805,1994,2343,1963

2404790805,1991,2337,1968

2404791805,1987,2332,1966

2404803801,1991,2325,1991

2404804805,1983,2318,1987

2404805805,1994,2322,2005

2404806805,1990,2321,2005

2404807805,1988,2319,2005

2404808805,1983,2319,2009

2404809805,1985,2231,2016

2404810805,1990,2315,1987

2404822801,1997,2314,2034

2404823805,1986,2309,2029

2404824805,1985,2306,2038

2404825805,1984,2307,2030

2404826805,1988,2310,2032

2404827805,1980,2295,2029

2404828805,1991,2308,2030

2404829805,1991,2304,2035

2404841801,1985,2314,2015

2404842805,1989,2305,2019

2404843805,1994,2310,2007

2404844805,2000,2315,2011

2404845805,1990,2314,2038

2404846805,1982,2309,2000

2404847805,1985,2311,2000

2404848805,1983,2318,2001

2404860801,1984,2332,1987

2404861805,1984,2335,1969

2404862805,1984,2334,1969

2404863805,1985,2337,1968

2404864805,1991,2343,1968

2404865805,1985,2334,1968

2404866805,1982,2338,1962

2404867805,1994,2336,1963

2404879801,1997,2350,1941

2404880805,2000,2341,1931

2404881805,1990,2303,1941

2404882805,1986,2343,1949

2404883805,1987,2349,1946

2404884805,1986,2352,1997

2404885805,1987,2352,1945

2404886805,1984,2352,1942

2404898801,1985,2339,1957

2404899805,1977,2352,1961

2404900805,1985,2346,1955

2404901805,1983,2327,1962

2404902805,1991,2336,1959

2404903805,1990,2345,1968

2404904805,1984,2339,1967

2404905805,1984,2339,1967

2404917801,1979,2327,1999

2404918805,1982,2331,2000

2404919805,1982,2320,2008

2404920805,1983,2325,2000

2404921805,1983,2318,2004

2404922805,1983,2314,2007

2404923805,1985,2331,2010

2404924805,1989,2311,2011

2404936801,1984,2303,2032

2404937805,1997,2306,2029

2404938805,1988,2302,2029

2404939805,1987,2308,2038

2404940805,1990,2301,2032

2404941805,1985,2304,2020

2404942805,1985,2279,2023

2404943805,1984,2299,2047

2404955801,2002,2304,2016

2404956805,1983,2309,2013

2404957805,1984,2319,2016

2404958805,1986,2313,2004

2404959805,1983,2320,2000

2404960805,1980,2315,2003

2404961805,1987,2322,1999

2404962805,1979,2316,2003

2404974801,1986,2331,1968

2404975805,1979,2333,1971

2404976805,1985,2339,1969

2404977805,1985,2341,1968

2404978805,1979,2338,2001

2404979805,1997,2346,1965

2404980805,1985,2341,1968

2404981805,1991,2337,1968

2404993801,1990,2354,1945

2404994805,1994,2352,1946

2404995805,2006,2349,1946

2404996805,1989,2351,1941

2404997805,1991,2346,1939

2404998805,1986,2351,1936

2404999805,1985,2349,1947

2405000805,1989,2349,1950

2405012801,1993,2337,1957

2405013805,1993,2339,1959

2405014805,1990,2335,1963

2405015805,1987,2345,1965

2405016805,1994,2333,1964

2405017805,1989,2335,1969

2405018805,1996,2352,1968

2405019805,1987,2336,1972

2405031801,1991,2303,2005

2405032805,1986,2319,2003

2405033805,1982,2313,2007

2405034805,1989,2365,2004

2405035805,1990,2318,2003

2405036805,1990,2314,2014

2405037805,1989,2321,2016

2405038805,1987,2308,2013

2405050801,1985,2301,2028

2405051805,1986,2310,2030

2405052805,1987,2295,2019

2405053805,1989,2313,2027

2405054805,1991,2295,2018

2405055805,1983,2306,2025

2405056805,1985,2303,2031

2405057805,1987,2299,2023

2405069801,1987,2318,2009

2405070805,1991,2318,2014

2405071805,1989,2319,2001

2405072805,1995,2311,2007

2405073805,1984,2314,2007

2405074805,1981,2321,2000

2405075805,1989,2320,1999

2405076805,1994,2320,1999

2405088801,1993,2326,1971

2405089805,1988,2334,1970

2405090805,1981,2336,1959

2405091805,1981,2342,1965

2405092805,1991,2337,1954

2405093805,1984,2333,1959

2405094805,1990,2341,1952

2405095805,1977,2346,1966

2405107801,1983,2343,1936

2405108805,1983,2355,1951

2405109805,1985,2355,1957

2405110805,1984,2345,1944

2405111805,2027,2355,1945

2405112805,2031,2347,1942

2405113805,1985,2341,1952

2405114805,1984,2343,1956

2405126801,1987,2348,1965

2405127805,1975,2337,1953

2405128805,1987,2343,1968

2405129805,2007,2333,1968

2405130805,1984,2338,1967

2405131805,1985,2333,1972

2405132805,1985,2320,1978

2405133805,1984,2336,1983

2405145801,1952,2317,2019

2405146805,1990,2319,2003

2405147805,1989,2311,2004

2405148805,1990,2319,2009

2405149805,1985,2311,2011

2405150805,1990,2317,2011

2405151805,1993,2315,2010

2405152805,1999,2307,2000

2405164801,1987,2313,2028

2405165805,1981,2302,2031

2405166805,1985,2311,2023

2405167805,1985,2303,2032

2405168805,1989,2302,2026

2405169805,1990,2305,2028

2405170805,1987,2310,2022

2405171805,1984,2307,2027

2405183801,1983,2320,2013

2405184805,1984,2314,2000

2405185805,1962,2315,2000

2405186805,1983,2422,2001

2405187805,1991,2311,2006

2405188805,1987,2320,2004

2405189805,1983,2358,2001

2405190805,1987,2317,1999

2405202801,1986,2327,1968

2405203805,1972,2337,1968

2405204805,1989,2326,1968

2405205805,1985,2337,1962

2405206805,1990,2342,1962

2405207805,1983,2339,1965

2405208805,1990,2305,1953

2405209805,1989,2349,1961

2405221801,1984,2346,1946

2405222805,1985,2345,1949

2405223805,1984,2346,1940

2405224805,1989,2349,1952

2405225805,1987,2349,1947

2405226805,1982,2352,1950

2405227805,1987,2337,1939

2405228805,2000,2352,1910

2405240801,1989,2338,1958

2405241805,1986,2336,1969

2405242805,1981,2329,1968

2405243805,1984,2341,1968

2405244805,1988,2340,1967

2405245805,1995,2332,1971

2405246805,1991,2327,1972

2405247805,1991,2338,1983

2405259801,1991,2313,2003

2405260805,1985,2318,2002

2405261805,2000,2313,2025

2405262805,1982,2308,2004

2405263805,1983,2305,2006

2405264805,1989,2307,2007

2405265805,1984,2310,2014

2405266805,1984,2311,2017

2405278801,1986,2309,2020

2405279805,1987,2308,2026

2405280805,1985,2309,2030

2405281805,1984,2313,2025

2405282805,1986,2303,2015

2405283805,1984,2302,2031

2405284805,1989,2311,2022

2405285805,1986,2306,2025

2405297801,1987,2320,2002

2405298805,1986,2317,1991

2405299805,1986,2289,2002

2405300805,1989,2327,1998

2405301805,1984,2315,1999

2405302805,1984,2311,1995

2405303805,1981,2318,1984

2405304805,1994,2320,1985

2405316801,1985,2343,1968

2405317805,1978,2338,1969

2405318805,1991,2341,1963

2405319805,1985,2343,1971

2405320805,1987,2338,1956

2405321805,1982,2340,1961

2405322805,1991,2345,1965

2405323805,1995,2345,1952

2405335801,1986,2352,1939

2405336805,1986,2352,1942

2405337805,1987,2343,1950

2405338805,1990,2324,1949

2405339805,1987,2347,1948

2405340805,1983,2347,1943

2405341805,1986,2345,1951

2405342805,1984,2345,1954

2405354801,1997,2333,1961

2405355805,1995,2332,1968

2405356805,1984,2345,1917

2405357805,2000,2325,1969

2405358805,1990,2330,1975

2405359805,1994,2334,1969

2405360805,1986,2333,1975

2405361805,1985,2323,2058

2405373801,1995,2320,2011

2405374805,1984,2323,2007

2405375805,1991,2314,2011

2405376805,1984,2311,2013

2405377805,1991,2317,2010

2405378805,1988,2317,2021

2405379805,1986,2307,2022

2405380805,1989,2314,2022

2405392801,1982,2311,2026

2405393805,1984,2316,2018

2405394805,1989,2310,2022

2405395805,1982,2302,2026

2405396805,1989,2317,2027

2405397805,1985,2311,2029

2405398805,1984,2316,2026

2405399805,1989,2305,2019

2405411801,1978,2320,2011

2405412805,1987,2320,2005

2405413805,1986,2318,1997

2405414805,1988,2320,2000

2405415805,1987,2317,1989

2405416805,1984,2326,1952

2405417805,1985,2323,1984

2405418805,1995,2327,1984

2405429801,1983,2328,1966

2405430805,1984,2342,1961

2405431805,1985,2348,1968

2405432805,1982,2339,1962

2405433805,1996,2343,1963

2405434805,1985,2339,1966

2405435805,1985,2342,1962

2405436805,1984,2340,1952

2405448801,1987,2348,1953

2405449805,1986,2353,1939

2405450805,1984,2348,1949

2405451805,1991,2349,1952

2405452805,1990,2351,1898

2405453805,1990,2350,1950

2405454805,1987,2352,1954

2405455805,1990,2342,1958

2405467801,1973,2337,1971

2405468805,1992,2337,1969

2405469805,1987,2332,1979

2405470805,1993,2322,1968

2405471805,1984,2330,1975

2405472805,1989,2334,1978

2405473805,1983,2331,1978

2405474805,1989,2328,1980

2405485453,1989,2313,2001

2405486805,1991,2321,2006

2405487805,1988,2320,2005

2405488805,1990,2308,2021

2405489805,1985,2317,2002

2405490805,1991,2318,2034

2405491805,1985,2317,2016

2405503801,1984,2333,2018

2405504805,1984,2307,2018

2405505805,1985,2307,2025

2405506805,1983,2317,2030

2405507805,1982,2304,2017

2405508805,1989,2303,2047

2405509805,1983,2303,2015

2405510805,1987,2311,2021

2405522801,1983,2320,2001

2405523805,1987,2311,2005

2405524805,1993,2322,1984

2405525805,1985,2320,2000

2405526805,1991,2307,1963

2405527805,1989,2322,1986

2405528805,1982,2320,1999

2405529805,1986,2323,2027

2405541801,1987,2346,1968

2405542805,1987,2339,1962

2405543805,1982,2342,1984

2405544805,1987,2349,1967

2405545805,1995,2342,1970

2405546805,1990,2339,1957

2405547805,1986,2389,1963

2405548805,1993,2339,1967

2405560801,1987,2349,1946

2405561805,1987,2352,1942

2405562805,1984,2350,1935

2405563805,1991,2344,1943

2405564805,1995,2351,1978

2405565805,1989,2352,1951

2405566805,1984,2349,1955

2405567805,1985,2349,2002

2405579801,1990,2341,1977

2405580805,1994,2340,1965

2405581805,1987,2343,1920

2405582805,1987,2333,1970

2405583805,1985,2334,1969

2405584805,1984,2335,1963

2405585805,1988,2330,1984

2405586805,1991,2322,1982

2405597801,1983,2319,2023

2405598805,1986,2321,1993

2405599805,1990,2320,2000

2405600805,1982,2317,1990

2405601805,2000,2314,2006

2405602805,1993,2311,2006

2405603805,1987,2315,2013

2405604805,1985,2310,2003

2405616801,1990,2304,2018

2405617805,1988,2309,1979

2405618805,1981,2311,2027

2405619805,1986,2303,2019

2405620805,1983,2305,2027

2405621805,1985,2311,2015

2405622805,1979,2310,2018

2405623805,1975,2313,1995

2405635801,1994,2314,2000

2405636805,1983,2321,2001

2405637805,1984,2321,1989

2405638805,1989,2325,2000

2405639805,1989,2331,1999

2405640805,1991,2320,1999

2405641805,1987,2325,1990

2405642805,1986,2325,1969

2405653453,1981,2331,1968

2405654805,1984,2336,1972

2405655805,1992,2339,1970

2405656805,1984,2335,2043

2405657805,1983,2329,1967

2405658805,1982,2341,1947

2405659805,1983,2347,1961

2405671801,1986,2322,1951

2405672805,1991,2349,1939

2405673805,1975,2346,1968

2405674805,1991,2346,1955

2405675805,1985,2346,1949

2405676805,1988,2346,1947

2405677805,1981,2330,1949

2405678805,1968,2346,1899

2405690801,1985,2338,1970

2405691805,1988,2337,1967

2405692805,1985,2333,1968

2405693805,1987,2339,1969

2405694805,1982,2337,1968

2405695805,1986,2341,1973

2405696805,1985,2334,1978

2405697805,1990,2334,1981

2405709801,1984,2321,1999

2405710805,1987,2320,2000

2405711805,1983,2320,2004

2405712805,1985,2320,2000

2405713805,1987,2320,2000

2405714805,1991,2310,2015

2405715805,1985,2313,2009

2405716805,2003,2320,2007

2405728801,1982,2306,2019

2405729805,1984,2300,2022

2405730805,1985,2310,2026

2405731805,1985,2311,2027

2405732805,1991,2318,2026

2405733805,1987,2310,2013

2405734805,1987,2309,2022

2405735805,1986,2315,2023

2405747801,1987,2320,2003

2405748805,1991,2310,2005

2405749805,1985,2320,2001

2405750805,1981,2320,2001

2405751805,1994,2317,1998

2405752805,1985,2325,2021

2405753805,1985,2321,2000

2405754805,2003,2323,1975

2405765801,1986,2324,1952

2405766805,1984,2327,1967

2405767805,1986,2336,1971

2405768805,1974,2339,1962

2405769805,1970,2341,1969

2405770805,1990,2346,1961

2405771805,1974,2342,1963

2405772805,1994,2337,1959

2405784801,1987,2352,1951

2405785805,1997,2341,1953

2405786805,1990,2338,1947

2405787805,1997,2342,1956

2405788805,1989,2353,1955

2405789805,1991,2279,1952

2405790805,1991,2341,1953

2405791805,1967,2349,1957

2405803801,1987,2327,1969

2405804805,1990,2334,1968

2405805805,1967,2337,1968

2405806805,1985,2335,1969

2405807805,1999,2337,2011

2405808805,1975,2325,1977

2405809805,1985,2333,1981

2405810805,1994,2332,2007

2405821453,1983,2320,2004

2405822805,1971,2320,2001

2405823805,1983,2318,2005

2405824805,1982,2315,2004

2405825805,2004,2317,2002

2405826805,1994,2314,2042

2405827805,1967,2320,2000

2405839801,1984,2319,2021

2405840805,1951,2313,2009

2405841805,1990,2307,2057

2405842805,1981,2311,2019

2405843805,1988,2303,2091

2405844805,1975,2310,2018

2405845805,1989,2305,2017

2405846805,1969,2305,2000

2405858801,1991,2320,2004

2405859805,1978,2320,2004

2405860805,1968,2329,2000

2405861805,1988,2317,2000

2405862805,1987,2322,1969

2405863805,1989,2313,1962

2405864805,1981,2320,1998

2405865805,1974,2320,1999

2405877801,1991,2336,2033

2405878805,1963,2338,1931

2405879805,1973,2338,2009

2405880805,1984,2334,1972

2405881805,2011,2336,1936

2405882805,1989,2337,1955

2405883805,1995,2325,1967

2405884805,1985,2333,1963

2405896801,1997,2338,1951

2405897805,2032,2344,1907

2405898805,2000,2343,1957

2405899805,1984,2342,1953

2405900805,1988,2345,1985

2405901805,1991,2343,1955

2405902805,1983,2343,1955

2405903805,1993,2331,1982

2405915823,1983,2342,1968

2405916805,2000,2345,1943

2405917805,1987,2350,1973

2405918805,1985,2340,1982

2405919805,1984,2333,2014

2405920805,1977,2334,2000

2405921805,1987,2327,1982

2405922805,1974,2334,1982

2405934801,1986,2320,2003

2405935805,1991,2320,2000

2405936805,1984,2325,2000

2405937805,1985,2315,2002

2405938805,1991,2317,2003

2405939805,1985,2325,2013

2405940805,1982,2320,2001

2405941805,1986,2317,2000

2405953801,1987,2311,2016

2405954805,1994,2309,2026

2405955805,1989,2304,2015

2405956805,1997,2317,2022

2405957805,1988,2305,2066

2405958805,1987,2313,2016

2405959805,1985,2310,2014

2405960805,1989,2307,2017

2405972801,1973,2310,2001

2405973805,1971,2320,2000

2405974805,1984,2311,2006

2405975805,1989,2319,2001

2405976805,1989,2320,1995

2405977805,1983,2320,2000

2405978805,1986,2325,1996

2405979805,1984,2329,2000

2405991801,1981,2328,1974

2405992805,1990,2340,1968

2405993805,1986,2330,1968

2405994805,1984,2337,1963

2405995805,1993,2346,1941

2405996805,1987,2339,1966

2405997805,1985,2337,1968

2405998805,1985,2352,1963

2406010801,1984,2350,1911

2406011805,1995,2341,1963

2406012805,1979,2339,1957

2406013805,1991,2350,1958

2406014805,1991,2341,1957

2406015805,1989,2341,1953

2406016805,1990,2339,1950

2406017805,1988,2343,1957

2406029801,2011,2334,1981

2406030805,1985,2341,1968

2406031805,1984,2340,2000

2406032805,1991,2331,1971

2406033805,1988,2335,1975

2406034805,2001,2322,1980

2406035805,1990,2335,1984

2406036805,1991,2327,1982

2406048801,1983,2323,1973

2406049805,2003,2320,2000

2406050805,1986,2319,1996

2406051805,1968,2322,2004

2406052805,1977,2312,2004

2406053805,1974,2310,2012

2406054805,1990,2318,2002

2406055805,1983,2318,2011

2406067801,1981,2304,2029

2406068805,1991,2320,2015

2406069805,1978,2305,2022

2406070805,1984,2313,2016

2406071805,1984,2311,2013

2406072805,1978,2310,2013

2406073805,1984,2310,2019

2406074805,1994,2315,2015

2406086801,1985,2321,2000

2406087805,1984,2347,2000

2406088805,1967,2329,1995

2406089805,1986,2320,1991

2406090805,1973,2316,2001

2406091805,1982,2321,1999

2406092805,1984,2320,1996

2406093805,1983,2317,1984

2406105801,1994,2340,1991

2406106805,1981,2327,1967

2406107805,1984,2350,1968

2406108805,1987,2339,1963

2406109805,1985,2341,1968

2406110805,1991,2340,1957

2406111805,1948,2340,1963

2406112805,1999,2352,1959

2406124801,2001,2350,1927

2406125805,1970,2343,1955

2406126805,1967,2338,1952

2406127805,1962,2341,1950

2406128805,1989,2339,1947

2406129805,1984,2339,1963

2406130805,1991,2337,1957

2406131805,1998,2353,1961

2406143801,1989,2333,1978

2406144805,1996,2352,1972

2406145805,1989,2330,1977

2406146805,2014,2331,1979

2406147805,1987,2338,1980

2406148805,1989,2331,1975

2406149805,1990,2338,2059

2406150805,1991,2330,1982

2406162801,1984,2329,2000

2406163805,1985,2320,2000

2406164805,1989,2317,2002

2406165805,1991,2315,2007

2406166805,1989,2318,2011

2406167805,1981,2318,2013

2406168805,1987,2320,2003

2406169805,1984,2314,2009

2406181801,1981,2307,2014

2406182805,1989,2317,2009

2406183805,2005,2310,2016

2406184805,1989,2305,2017

2406185805,1991,2313,2083

2406186805,1987,2304,2013

2406187805,1989,2311,2017

2406188805,1983,2309,2016

2406200801,1984,2318,1997

2406201805,1983,2320,1997

2406202805,1986,2322,2000

2406203805,2055,2329,1991

2406204805,1980,2321,1999

2406205805,1985,2330,1995

2406206805,1987,2334,1999

2406207805,1984,2321,1981

2406219801,1985,2337,1963

2406220805,1981,2340,1968

2406221805,1990,2340,1963

2406222805,1985,2343,1966

2406223805,1987,2337,1966

2406224805,2058,2337,1968

2406225805,1994,2347,1962

2406226805,1987,2342,1958

2406238801,1989,2337,1951

2406239805,1994,2350,1957

2406240805,1986,2337,1951

2406241805,1974,2342,1945

2406242805,1983,2339,1955

2406243805,1984,2342,1952

2406244805,1985,2345,1966

2406245805,1991,2336,1961

2406257801,1979,2336,2000

2406258805,2002,2329,1968

2406259805,1987,2307,1979

2406260805,1984,2327,1977

2406261805,1981,2345,1986

2406262805,1995,2329,1984

2406263805,1979,2327,1979

2406264805,1990,2325,1983

2406276801,1985,2311,2000

2406277805,1986,2318,2003

2406278805,1981,2325,2005

2406279805,1985,2318,2007

2406280805,1991,2318,2012

2406281805,1992,2309,2013

2406282805,1983,2307,2011

2406283805,1987,2310,2013

2406295801,1982,2329,2019

2406296805,1981,2306,2015

2406297805,1977,2317,2013

2406298805,1975,2309,2015

2406299805,1984,2307,2017

2406300805,1987,2318,2014

2406301805,1989,2320,2015

2406302805,1989,2311,2018

2406314801,1994,2322,2000

2406315805,1997,2311,1995

2406316805,1984,2322,1990

2406317805,1965,2320,1985

2406318805,1984,2322,1983

2406319805,1990,2327,1991

2406320805,1985,2332,1982

2406321805,1997,2321,1989

2406333801,1995,2339,1967

2406334805,1995,2341,1969

2406335805,1989,2346,1959

2406336805,1999,2344,1955

2406337805,1989,2339,1966

2406338805,1989,2338,1959

2406339805,1986,2346,1961

2406340805,1987,2347,1959

2406352801,1985,2339,1959

2406353805,1983,2346,1956

2406354805,1990,2337,1954

2406355805,1989,2347,1947

2406356805,1990,2335,1958

2406357805,1985,2337,1963

2406358805,1987,2337,1963

2406359805,1994,2350,1968

2406371801,1979,2327,1977

2406372805,1987,2335,1980

2406373805,1985,2327,1978

2406374805,1985,2341,1986

2406375805,1985,2331,1975

2406376805,1986,2324,1979

2406377805,1990,2333,1989

2406378805,1986,2328,1985

2406390801,1984,2318,2007

2406391805,1971,2319,2010

2406392805,1988,2318,2011

2406393805,1985,2313,2013

2406394805,1983,2320,2010

2406395805,1984,2314,2015

2406396805,1986,2318,2016

2406397805,1986,2311,2010

2406409801,1985,2318,2018

2406410805,1989,2320,2016

2406411805,1986,2330,2005

2406412805,2030,2320,2021

2406413805,1990,2351,2019

2406414805,1990,2313,2005

2406415805,1984,2309,2011

2406416805,1985,2311,2014

2406428801,1984,2322,1990

2406429805,1989,2320,1990

2406430805,1994,2327,2000

2406431805,2027,2320,1987

2406432805,1984,2319,1989

2406433805,1985,2323,1987

2406434805,1981,2331,1985

2406435805,1991,2333,1981

2406447801,1991,2333,1969

2406448805,1987,2343,1961

2406449805,1983,2346,1963

2406450805,1984,2337,1961

2406451805,1991,2343,1953

2406452805,1986,2346,1961

2406453805,1989,2342,1963

2406454805,1988,2334,1959

2406466801,1969,2343,1967

2406467805,1985,2342,1958

2406468805,1989,2347,1970

2406469805,2013,2351,1965

2406470805,2000,2337,1963

2406471805,1995,2339,1961

2406472805,1985,2346,1963

2406473805,1991,2334,1972

2406485801,1987,2337,1978

2406486805,1987,2331,1975

2406487805,1989,2339,1990

2406488805,1969,2332,1974

2406489805,1985,2320,1985

2406490805,1987,2321,1984

2406491805,1996,2329,1984

2406492805,1984,2327,1989

2406504801,1986,2313,2010

2406505805,1989,2320,2013

2406506805,1983,2314,2011

2406507805,1991,2317,2010

2406508805,1982,2314,2010

2406509805,1984,2337,2009

2406510805,1983,2315,2007

2406511805,1990,2317,2015

2406523801,1968,2315,2016

2406524805,1984,2310,2016

2406525805,1971,2307,2006

2406526805,1991,2321,2007

2406527805,1984,2311,2014

2406528805,1993,2321,2013

2406529805,1986,2314,2017

2406530805,1984,2319,2007

2406542801,1951,2318,1990

2406543805,1987,2331,1994

2406544805,1998,2320,1988

2406545805,1983,2323,1986

2406546805,1987,2324,1985

2406547805,1983,2331,1981

2406548805,1990,2325,1975

2406549805,1984,2325,1977

2406560801,1985,2349,1959

2406561805,1984,2327,1956

2406562805,1984,2347,1963

2406563805,1987,2338,1959

2406564805,1987,2334,1959

2406565805,1981,2342,1954

2406566805,1986,2337,1955

2406567805,1999,2336,1961

2406579801,1983,2341,1998

2406580805,1984,2342,1951

2406581805,1987,2339,1950

2406582805,1984,2339,1962

2406583805,1993,2338,1994

2406584805,2000,2350,1966

2406585805,2000,2342,1963

2406586805,1986,2335,1969

2406598807,1981,2331,1947

2406599805,1989,2336,1983

2406600805,1979,2330,1985

2406601805,1991,2321,1991

2406602805,1989,2321,1989

2406603805,1989,2331,1987

2406604805,1985,2335,1983

2406605805,1985,2327,1991

2406616453,1985,2320,2004

2406617805,1987,2319,2003

2406618805,1988,2323,2011

2406619805,1985,2317,2007

2406620805,1984,2317,2084

2406621805,1984,2320,2011

2406622805,1986,2315,2009

2406634801,1979,2317,2009

2406635805,1985,2320,2011

2406636805,1989,2320,2014

2406637805,1952,2310,2007

2406638805,1987,2314,2016

2406639805,1978,2309,2013

2406640805,1983,2309,2000

2406641805,1986,2311,2005

2406653801,1995,2318,1996

2406654805,1984,2320,1998

2406655805,1987,2321,1994

2406656805,1967,2331,1990

2406657805,1984,2321,1986

2406658805,1982,2321,1984

2406659805,1986,2325,1971

2406660805,1994,2321,1985

2406672801,1991,2343,1969

2406673805,1980,2345,1965

2406674805,1987,2340,1961

2406675805,1998,2339,1965

2406676805,1989,2346,1963

2406677805,1985,2346,1965

2406678805,1991,2337,1963

2406679805,1985,2337,1953

2406691801,1988,2339,1954

2406692805,1983,2339,1957

2406693805,1990,2347,1963

2406694805,1951,2338,1962

2406695805,1982,2343,1956

2406696805,1986,2338,1966

2406697805,1985,2345,1969

2406698805,1987,2339,1965

2406710801,1991,2326,1982

2406711805,1989,2335,1973

2406712805,1997,2323,1979

2406713805,1994,2330,1979

2406714805,1985,2325,1980

2406715805,1979,2331,1990

2406716805,1984,2334,2046

2406717805,1990,2323,1997

2406728801,1991,2318,2007

2406729805,1983,2317,2001

2406730805,1982,2316,1981

2406731805,1986,2314,2005

2406732805,1983,2335,2010

2406733805,1985,2315,2013

2406734805,1983,2319,2006

2406735805,1985,2319,2010

2406747801,1989,2303,2027

2406748805,1984,2315,2010

2406749805,1987,2315,2011

2406750805,1986,2318,2013

2406751805,1985,2311,2005

2406752805,1989,2301,2003

2406753805,1999,2320,2007

2406754805,1984,2320,2001

2406766801,1991,2320,1991

2406767805,1988,2323,1985

2406768805,1994,2321,1987

2406769805,1985,2321,1999

2406770805,1987,2320,1984

2406771805,1986,2325,1984

2406772805,1981,2323,1994

2406773805,1989,2327,1981

2406784453,1991,2336,1968

2406785805,1989,2329,1965

2406786805,1984,2343,1966

2406787805,1986,2336,1963

2406788805,1989,2340,1964

2406789805,1981,2341,1963

2406790805,1982,2340,1959

2406802801,1981,2339,1964

2406803805,1988,2336,1968

2406804805,1987,2349,1966

2406805805,1999,2337,1958

2406806805,1981,2337,1967

2406807805,1987,2339,1959

2406808805,1989,2339,1965

2406809805,1983,2341,1970

2406821801,1996,2334,1978

2406822834,1989,2336,1969

2406823805,1990,2334,1983

2406824805,1970,2334,1975

2406825805,1990,2325,1982

2406826805,1984,2329,1983

2406827805,1985,2326,1983

2406828805,1988,2330,1990

2406840801,1985,2317,2005

2406841805,1988,2315,2007

2406842805,1993,2321,2007

2406843805,2000,2321,2000

2406844805,1991,2310,2003

2406845805,1995,2315,2013

2406846805,1980,2316,2006

2406847805,1985,2313,2008

2406859801,1983,2311,2016

2406860805,1985,2318,2015

2406861805,1988,2308,2010

2406862805,1971,2322,2015

2406863805,1991,2316,2003

2406864805,1985,2314,2011

2406865805,1989,2315,2015

2406866805,1990,2315,2013

2406878829,1978,2320,1994

2406879805,1984,2318,1989

2406880805,1983,2326,1983

2406881805,1984,2319,1991

2406882805,1984,2321,1984

2406883805,1984,2329,1988

2406884805,1985,2325,1986

2406885805,1989,2321,1982

2406897801,1984,2341,1971

2406898805,1979,2335,1964

2406899805,1983,2341,1968

2406900805,1994,2339,1974

2406901805,1989,2336,1968

2406902805,1998,2343,1967

2406903805,1983,2329,1961

2406904805,1987,2339,1955

2406916801,1987,2339,1966

2406917805,1987,2337,1961

2406918805,1990,2339,1963

2406919805,1981,2334,1959

2406920805,1984,2343,1968

2406921805,1987,2343,1966

2406922805,1979,2336,1951

2406923805,1988,2341,1968

2406935801,1987,2339,1979

2406936805,1987,2331,1973

2406937805,1985,2330,1982

2406938805,1987,2325,1962

2406939805,1984,2327,1983

2406940805,1985,2329,1990

2406941805,1971,2325,2023

2406942805,1984,2324,1991

2406954801,1985,2315,2011

2406955805,1979,2311,2000

2406956805,1987,2320,2003

2406957805,1921,2319,2017

2406958805,1982,2320,2009

2406959805,1982,2313,2009

2406960805,1999,2317,2003

2406961805,1985,2315,2011

2406973801,1983,2315,2011

2406974805,1983,2307,2006

2406975805,1983,2316,2019

2406976805,1942,2310,2011

2406977805,1987,2343,2011

2406978805,1994,2321,2013

2406979805,1998,2318,2007

2406980805,1994,2325,2002

2406992801,1984,2329,1990

2406993805,1994,2352,1993

2406994805,1991,2321,1991

2406995805,1972,2318,1943

2406996805,1994,2321,1988

2406997805,1991,2338,1984

2406998805,2043,2324,1971

2406999805,1985,2288,1983

2407011801,1984,2333,1971

2407012805,1985,2330,1966

2407013805,1984,2329,1962

2407014805,1978,2338,1958

2407015805,1993,2392,1959

2407016805,1981,2341,1961

2407017805,2077,2346,1937

2407018805,1988,2338,1962

2407030801,1985,2342,1964

2407031805,1986,2387,1957

2407032805,1983,2320,1962

2407033805,1984,2346,1963

2407034805,1983,2337,1969

2407035805,1978,2359,1966

2407036805,1997,2336,1965

2407037805,1989,2341,1964

2407049801,1984,2325,1987

2407050805,1983,2333,1984

2407051805,1986,2335,1985

2407052805,1971,2319,1986

2407053805,1985,2304,1987

2407054805,1985,2321,1987

2407055805,1989,2329,1985

2407056805,1989,2325,1995

2407068801,1991,2320,2010

2407069805,1986,2320,2009

2407070805,1988,2458,2005

2407071805,1963,2319,2007

2407072805,1987,2325,2007

2407073805,1985,2352,2011

2407074805,1982,2317,2004

2407075805,1983,2285,2016

2407087801,1984,2320,2016

2407088805,1986,2325,2014

2407089805,1994,2320,2007

2407090805,1979,2310,2000

2407091805,1991,2333,2005

2407092805,1987,2319,2002

2407093805,1986,2305,2020

2407094805,1994,2313,1995

2407106801,1990,2301,1989

2407107805,1988,2371,1995

2407108805,1986,2320,1984

2407109805,1979,2334,2003

2407110805,1989,2331,1977

2407111805,1986,2314,1983

2407112805,1981,2324,1979

2407113805,1987,2329,1911

2407125801,1995,2338,1967

2407126805,1988,2335,1968

2407127805,1999,2349,1967

2407128805,2032,2335,1925

2407129805,1986,2336,1963

2407130805,1991,2256,1968

2407131805,1989,2336,1963

2407132805,1985,2336,1963

2407144801,1989,2322,1965

2407145805,1993,2338,1963

2407146805,1991,2330,1969

2407147805,1987,2335,1970

2407148805,1991,2341,1963

2407149805,1999,2336,1967

2407150805,1988,2337,1974

2407151805,1993,2333,1968

2407163801,1984,2335,1981

2407164805,1995,2335,1980

2407165805,1983,2320,1990

2407166805,1988,2328,1983

2407167805,1985,2331,1985

2407168805,1987,2322,1995

2407169805,1983,2322,1993

2407170805,1985,2320,1995

2407182801,1991,2319,1999

2407183805,1991,2314,2002

2407184805,1983,2315,2017

2407185805,2003,2318,1984

2407186805,1989,2317,2011

2407187805,1987,2320,2013

2407188805,1986,2319,1998

2407189805,1989,2416,2011

2407201801,1984,2320,2005

2407202805,1984,2309,2002

2407203805,1979,2318,2005

2407204805,1981,2317,2014

2407205805,1986,2317,1997

2407206805,1983,2320,2003

2407207805,1991,2320,1999

2407208805,1986,2317,2006

2407220801,1990,2332,1985

2407221805,1989,2325,1968

2407222805,1986,2323,1987

2407223805,1970,2331,2029

2407224805,1985,2331,1978

2407225805,1984,2325,1978

2407226805,1986,2331,1987

2407227805,1987,2333,1978

2407239801,1983,2338,1971

2407240805,1989,2333,1962

2407241805,1985,2342,1963

2407242805,1983,2341,1961

2407243805,1990,2338,1967

2407244805,1989,2337,1955

2407245805,1975,2336,1965

2407246805,1984,2341,1970

2407258801,1996,2371,1963

2407259805,1985,2330,1971

2407260805,1991,2334,1961

2407261805,1986,2345,1965

2407262805,1986,2341,1968

2407263805,1985,2340,1968

2407264805,1988,2334,1968

2407265805,1991,2328,1968

2407277801,1989,2320,1978

2407278805,1981,2321,1985

2407279805,1989,2326,1984

2407280805,1985,2323,1946

2407281805,1991,2321,1994

2407282805,1993,2352,1994

2407283805,1990,2323,1986

2407284805,1989,2336,1999

2407296801,1985,2275,2015

2407297805,1990,2317,2007

2407298805,1987,2320,2011

2407299805,1975,2315,1994

2407300805,1987,2288,2009

2407301805,1993,2310,2010

2407302805,1984,2315,2009

2407303805,1987,2315,2011

2407315801,1984,2316,2006

2407316805,1989,2320,2000

2407317805,1997,2319,2000

2407318805,1983,2320,2003

2407319805,1984,2352,2001

2407320805,1989,2307,2002

2407321805,1986,2324,2000

2407322805,1982,2320,2003

2407334801,1982,2330,1987

2407335805,1988,2337,1974

2407336805,1987,2430,1983

2407337805,1984,2331,1982

2407338805,1987,2326,1970

2407339805,1991,2325,1978

2407340805,2017,2333,1981

2407341805,1984,2331,1975

2407353801,1985,2347,1966

2407354805,1984,2331,1965

2407355805,1986,2330,1968

2407356805,1965,2339,1908

2407357805,1988,2351,1966

2407358805,1987,2331,1968

2407359805,1989,2336,1959

2407360805,1997,2342,1965

2407372801,1984,2337,1966

2407373805,1989,2357,1968

2407374805,1990,2345,1968

2407375805,1995,2333,1999

2407376805,1987,2323,1968

2407377805,1986,2325,1969

2407378805,1994,2335,1985

2407379805,1987,2325,1969

2407391801,1996,2320,1984

2407392805,2000,2327,1986

2407393805,1969,2322,1994

2407394805,1967,2329,1991

2407395805,2033,2324,1997

2407396805,2021,2322,1997

2407397805,1980,2320,1995

2407398805,1987,2323,1995

2407410801,1990,2316,2006

2407411805,1983,2321,2005

2407412805,1985,2311,2000

2407413805,2014,2320,2016

2407414805,1967,2318,2005

2407415805,1985,2320,2010

2407416805,1989,2317,2012

2407417805,1983,2314,2011

2407429801,1993,2316,2000

2407430805,1987,2313,2003

2407431805,1990,2299,2007

2407432805,1988,2323,2015

2407433805,1982,2361,2010

2407434805,1991,2334,2000

2407435805,1951,2320,1997

2407436805,1986,2338,1999

2407448801,1987,2337,1979

2407449805,1983,2331,1983

2407450805,1986,2322,1975

2407451805,1969,2324,1971

2407452805,1985,2330,1969

2407453805,1989,2335,1969

2407454805,1990,2326,1968

2407455805,1987,2299,1968

2407467801,1991,2338,1963

2407468805,1983,2339,1965

2407469805,1986,2341,1968

2407470805,2032,2346,1971

2407471805,1991,2334,1963

2407472805,1982,2337,1963

2407473805,1958,2349,1959

2407474805,1985,2343,1968

2407486801,1985,2339,1973

2407487805,1984,2343,1968

2407488805,1983,2341,1973

2407489805,1994,2335,1969

2407490805,1984,2333,1972

2407491805,1980,2335,1981

2407492805,1985,2337,1972

2407493805,1987,2337,1975

2407505801,1984,2327,1962

2407506805,1984,2323,1987

2407507805,1986,2327,1996

2407508805,1986,2326,1988

2407509805,1989,2320,1990

2407510805,1990,2320,1994

2407511805,1993,2320,2000

2407512805,1985,2320,2003

2407523801,1989,2317,2017

2407524805,1994,2315,2004

2407525805,1986,2310,2009

2407526805,1975,2317,2007

2407527805,1989,2317,2001

2407528805,1989,2320,2001

2407529805,1997,2311,2005

2407530805,1984,2319,2017

2407542801,1983,2320,2022

2407543805,1994,2318,2013

2407544805,1984,2320,2021

2407545805,1990,2323,2000

2407546805,1990,2321,2000

2407547805,1996,2321,2000

2407548805,1987,2317,2000

2407549805,1990,2320,1995

2407561801,1986,2330,1971

2407562805,1987,2290,1986

2407563805,1993,2328,1973

2407564805,1989,2321,1974

2407565805,2000,2335,1980

2407566805,1993,2333,1982

2407567805,2017,2322,1987

2407568805,1983,2331,1973

2407579453,1987,2341,1968

2407580805,1987,2339,1961

2407581805,1985,2363,1967

2407582805,1989,2338,1968

2407583805,1984,2333,1965

2407584805,1993,2347,1961

2407585805,1984,2343,1968

2407597801,1984,2352,1968

2407598805,1987,2335,1968

2407599805,1990,2337,1969

2407600805,1983,2337,1969

2407601805,1987,2335,1974

2407602805,1987,2333,1968

2407603805,1987,2338,1973

2407604805,1987,2335,1974

2407616801,1988,2327,1987

2407617805,1982,2323,1990

2407618805,1985,2330,1991

2407619805,1984,2322,1990

2407620805,1984,2319,1999

2407621805,1979,2323,2000

2407622805,1970,2322,1993

2407623805,1987,2318,1999

2407635801,1984,2314,2005

2407636805,1994,2319,2000

2407637805,1981,2318,2011

2407638805,1986,2314,2007

2407639805,1986,2318,2003

2407640805,1991,2320,2007

2407641805,1987,2318,2002

2407642805,1990,2325,2000

2407654801,1991,2320,1997

2407655805,1982,2316,2002

2407656805,1985,2322,2000

2407657805,1969,2322,2000

2407658805,1987,2323,2000

2407659805,1989,2323,2045

2407660805,1975,2309,1997

2407661805,1987,2320,2000

2407673801,1990,2327,2033

2407674805,1988,2327,1985

2407675805,1990,2338,1987

2407676805,1984,2336,1983

2407677805,1984,2334,1978

2407678805,1985,2333,1969

2407679805,1984,2298,1985

2407680805,1989,2330,1979

2407691801,1990,2338,1965

2407692805,1994,2339,1966

2407693805,1998,2338,1966

2407694805,1991,2350,1961

2407695805,1995,2343,1966

2407696805,1984,2357,1963

2407697805,1985,2343,1961

2407698805,1989,2338,1961

2407710801,1979,2336,1965

2407711805,1987,2333,1967

2407712805,1981,2343,1975

2407713805,1989,2335,1968

2407714805,1986,2330,1971

2407715805,1994,2325,1969

2407716805,1995,2334,1985

2407717805,1986,2336,1974

2407729801,1984,2338,2000

2407730805,1988,2320,1996

2407731805,1987,2319,1994

2407732805,1983,2325,1987

2407733805,1984,2333,1989

2407734805,1989,2322,1999

2407735805,1962,2326,1995

2407736805,1987,2322,1997

2407747453,1984,2320,2005

2407748805,1989,2321,2005

2407749805,1984,2319,2005

2407750805,1984,2318,2012

2407751805,1989,2321,2006

2407752805,1991,2320,2000

2407753805,1987,2309,2005

2407765801,1984,2316,2011

2407766805,1984,2321,2002

2407767805,1985,2338,2002

2407768805,1982,2327,2000

2407769805,1984,2311,2000

2407770805,1983,2320,2001

2407771805,1981,2320,2000

2407772805,1986,2320,1998

2407784801,1981,2320,1982

2407785805,1983,2320,1987

2407786805,1985,2331,1984

2407787805,1994,2326,1984

2407788805,1988,2326,1986

2407789805,1986,2333,1982

2407790805,1985,2330,1984

2407791805,1987,2331,1979

2407803801,1989,2333,1971

2407804805,1987,2337,1974

2407805805,1988,2326,1958

2407806805,1988,2335,1968

2407807805,1984,2333,1962

2407808805,1995,2341,1963

2407809805,1984,2347,1968

2407810805,1989,2330,1965

2407822801,1979,2333,1970

2407823805,1991,2346,1967

2407824805,1975,2334,1970

2407825805,1985,2337,1980

2407826805,1995,2340,1968

2407827805,1988,2341,1965

2407828805,1987,2337,1971

2407829805,1975,2335,1969

2407841801,1993,2330,1987

2407842805,1994,2323,1987

2407843805,1981,2318,1989

2407844805,1983,2319,1987

2407845805,1987,2328,1994

2407846805,1989,2325,2054

2407847805,1989,2321,1995

2407848805,1987,2320,1998

2407859801,1986,2320,2002

2407860805,1979,2314,1999

2407861805,1987,2321,2009

2407862805,1986,2320,2000

2407863805,1986,2310,2002

2407864805,1987,2312,2001

2407865805,1989,2317,2000

2407866805,1985,2311,2001

2407878801,1982,2320,2010

2407879805,1989,2320,2003

2407880805,1989,2320,2001

2407881805,1984,2324,2005

2407882805,1979,2313,2005

2407883805,1983,2317,1997

2407884805,1983,2315,2000

2407885805,1990,2321,1997

2407897801,1961,2331,2001

2407898805,1986,2318,1984

2407899805,1985,2330,1986

2407900805,1993,2336,1979

2407901805,1984,2329,1979

2407902805,1989,2331,1978

2407903805,2019,2334,1974

2407904805,1987,2333,1968

2407915453,1986,2330,1968

2407916805,1988,2327,1968

2407917805,1984,2333,1964

2407918805,1987,2338,1965

2407919805,1981,2330,1971

2407920805,1986,2337,1970

2407921805,1987,2342,1968

2407933801,1985,2334,1965

2407934805,1995,2331,1967

2407935805,1975,2336,1971

2407936805,1989,2335,1970

2407937805,1991,2342,1968

2407938805,1986,2332,1971

2407939805,1989,2337,1968

2407940805,1985,2336,1973

2407952801,1990,2330,1987

2407953841,1989,2326,1984

2407954805,1986,2333,1984

2407955805,1984,2323,1990

2407956805,1990,2321,1986

2407957805,1984,2320,1991

2407958805,1984,2320,1990

2407959805,1984,2320,1985

2407971801,1989,2281,2000

2407972805,1994,2315,2001

2407973805,1984,2311,2000

2407974805,1984,2310,2000

2407975805,1983,2322,2002

2407976805,1975,2319,2009

2407977805,1986,2312,2013

2407978805,1981,2325,2003

2407990801,1991,2321,2001

2407991805,1985,2320,2000

2407992805,1984,2317,1999

2407993805,1986,2304,1999

2407994805,1977,2314,2003

2407995805,1979,2320,2000

2407996805,1989,2320,2001

2407997805,1982,2318,1999

2408009801,1984,2323,1989

2408010805,1981,2333,1979

2408011805,1989,2331,1971

2408012805,1986,2334,1974

2408013805,1982,2329,1975

2408014805,1987,2333,1975

2408015805,1984,2336,1981

2408016805,1993,2330,1981

2408028801,1989,2338,1971

2408029805,1997,2339,1969

2408030805,1991,2337,1967

2408031805,1985,2309,1968

2408032805,1985,2339,1968

2408033805,1989,2335,1970

2408034805,1993,2337,1968

2408035805,1984,2336,1967

2408047801,1991,2339,2017

2408048805,1995,2332,1973

2408049805,1997,2336,1973

2408050805,1991,2338,1965

2408051805,1987,2325,1972

2408052805,1985,2326,1968

2408053805,1991,2362,1975

2408054805,1985,2327,1980

2408066801,1986,2327,1985

2408067805,1997,2323,1989

2408068805,1978,2320,1984

2408069805,1983,2323,1990

2408070805,1987,2321,1995

2408071805,1984,2321,1995

2408072805,1987,2323,1995

2408073805,1984,2325,1994

2408085801,1984,2320,2004

2408086805,1996,2315,2005

2408087805,1990,2320,2006

2408088805,1987,2310,2000

2408089805,1987,2322,2006

2408090805,1982,2319,2000

2408091805,1987,2314,2009

2408092805,1987,2309,2002

2408104801,1987,2321,1998

2408105805,1989,2318,2005

2408106805,1987,2320,2000

2408107805,1993,2317,1994

2408108805,1989,2322,1999

2408109805,1985,2325,2005

2408110805,1988,2315,1998

2408111805,1985,2325,1998

2408123801,1985,2319,1983

2408124805,1995,2320,1979

2408125805,1990,2331,1983

2408126805,1982,2332,1981

2408127805,1984,2336,1990

2408128805,1983,2331,1975

2408129805,1986,2329,1973

2408130805,1993,2331,1971

2408142801,1988,2331,1958

2408143805,1990,2341,1968

2408144805,1985,2336,1974

2408145805,1983,2355,1961

2408146805,1985,2335,2032

2408147805,1989,2338,1968

2408148805,1990,2305,1981

2408149805,1989,2339,1968

2408161801,1987,2334,1968

2408162805,1981,2332,1971

2408163805,1971,2336,1967

2408164805,1988,2368,1968

2408165805,1985,2326,1972

2408166805,1985,2327,1974

2408167805,1989,2338,1968

2408168805,1987,2336,1979

2408180801,1982,2326,1981

2408181805,1979,2320,1987

2408182805,1986,2324,1986

2408183805,1982,2323,1989

2408184805,1998,2331,1989

2408185805,1985,2320,1989

2408186805,1991,2320,1996

2408187805,1989,2320,1993

2408199801,1984,2315,2000

2408200805,1987,2316,1999

2408201805,1981,2320,2005

2408202805,1983,2320,2007

2408203805,1984,2320,2003

2408204805,1986,2321,2009

2408205805,1984,2309,2009

2408206805,1985,2320,2000

2408218801,1989,2320,2000

2408219805,1986,2327,2005

2408220805,1982,2315,1999

2408221805,1984,2321,1997

2408222805,1991,2325,1995

2408223805,1987,2320,1995

2408224805,1985,2398,1991

2408225805,1984,2324,1997

2408237801,1985,2331,1973

2408238805,1994,2324,1980

2408239805,1988,2326,1984

2408240805,1985,2338,1986

2408241805,1987,2337,1981

2408242805,1984,2336,1978

2408243805,1987,2323,1973

2408244805,1995,2339,1971

2408256801,1993,2337,1968

2408257805,1990,2337,1969

2408258805,1984,2335,1967

2408259805,1998,2341,1968

2408260805,1985,2339,1963

2408261805,1984,2347,1968

2408262805,1984,2337,1963

2408263805,2018,2333,1936

2408275801,1995,2332,1977

2408276805,1989,2337,1968

2408277805,1985,2326,1979

2408278805,1984,2342,1971

2408279805,1990,2336,1983

2408280805,1984,2330,1979

2408281805,1985,2345,1979

2408282805,1981,2330,1965

2408294801,1985,2327,1993

2408295805,1990,2322,1983

2408296805,1985,2320,1990

2408297805,1985,2321,1999

2408298805,1994,2319,1990

2408299805,1990,2321,2000

2408300805,1985,2321,2010

2408301805,1986,2326,1991

2408313801,1987,2323,2007

2408314805,1989,2319,2000

2408315805,1990,2315,2001

2408316805,1962,2283,2016

2408317805,1979,2315,2010

2408318805,1986,2322,2003

2408319805,1989,2355,2004

2408320805,1985,2322,2010

2408332801,1981,2321,2001

2408333805,1984,2324,1999

2408334805,1986,2315,2000

2408335805,1993,2309,1991

2408336805,1990,2321,1999

2408337805,1984,2322,1997

2408338805,1989,2328,1995

2408339805,1987,2320,1989

2408351801,1988,2335,1983

2408352805,1990,2334,1977

2408353805,1987,2342,1972

2408354805,1990,2334,1979

2408355805,1985,2326,1974

2408356805,1985,2329,1971

2408357805,1985,2335,1977

2408358805,1987,2332,1975

2408370801,1990,2335,1968

2408371805,1989,2343,1968

2408372805,1984,2336,1969

2408373805,1997,2327,1969

2408374805,1995,2338,1963

2408375805,1991,2337,1965

2408376805,1984,2335,1968

2408377805,1985,2333,1958

2408389801,1984,2347,1978

2408390805,1986,2334,1972

2408391805,1989,2333,1973

2408392805,1984,2353,1974

2408393805,1986,2335,1981

2408394805,1988,2331,1988

2408395805,1987,2333,1979

2408396805,1985,2329,1983

2408408801,1982,2325,1994

2408409805,1986,2322,1995

2408410805,1993,2326,1997

2408411805,1989,2288,2002

2408412805,1980,2325,1999

2408413805,1986,2322,2002

2408414805,1985,2318,2000

2408415805,1983,2319,2000

2408427801,1989,2320,2005

2408428805,1982,2328,2003

2408429805,1999,2320,2001

2408430805,1995,2393,2003

2408431805,1983,2320,1997

2408432805,1987,2320,2004

2408433805,1986,2308,2003

2408434805,1987,2319,2000

2408446801,1985,2322,2000

2408447805,1985,2324,2000

2408448805,1991,2321,1999

2408449805,1987,2320,1994

2408450805,1986,2327,1991

2408451805,1984,2319,1997

2408452805,1989,2320,1989

2408453805,1986,2320,1995

2408465801,1985,2335,1978

2408466805,1983,2332,1979

2408467805,1984,2332,1982

2408468841,1984,2336,1975

2408469805,1983,2324,1973

2408470805,1983,2336,1977

2408471805,1989,2335,1971

2408472805,1987,2337,1975

2408484801,1985,2346,1968

2408485805,1997,2327,1969

2408486805,1986,2339,1968

2408487805,1985,2329,1968

2408488805,1989,2333,1970

2408489805,1985,2345,1975

2408490805,1990,2336,1977

2408491805,1979,2339,1975

2408503801,1984,2329,1972

2408504805,1984,2326,1983

2408505805,1981,2331,1970

2408506805,1981,2327,1981

2408507805,1990,2332,1977

2408508805,1986,2338,1982

2408509805,1991,2345,1977

2408510805,1989,2323,1979

2408522801,1984,2325,1989

2408523805,1995,2323,1995

2408524841,1990,2327,1986

2408525805,1991,2331,1999

2408526805,1991,2325,2003

