2000938805,1991,2335,1990

2000939805,1989,2336,1973

2000940805,1996,2333,1987

2000941805,1982,2323,1984

2000942805,1985,2321,1995

2000943805,1985,2333,1984

2000955801,1992,2325,1990

2000956805,1983,2324,1984

2000957805,1985,2326,1986

2000958805,1994,2338,1984

2000959805,1988,2335,1994

2000960805,1994,2327,1975

2000961805,1989,2323,1984

2000962805,1990,2352,1985

2000974801,1987,2320,1995

2000975805,1978,2329,1936

2000976805,1994,2326,1981

2000977805,1961,2323,1989

2000978805,1986,2325,1994

2000979805,1995,2320,1995

2000980805,1980,2324,1985

2000981805,1987,2321,1990

2000993801,1987,2302,1987

2000994805,1995,2327,1989

2000995805,1983,2327,1978

2000996805,2011,2323,1984

2000997805,1991,2323,2000

2000998805,1982,2351,1985

2000999805,1993,2319,1984

2001000805,1991,2336,1993

2001012801,1989,2334,1987

2001013805,1984,2321,1989

2001014805,1995,2333,1993

2001015805,1987,2331,1986

2001016805,1985,2322,1984

2001017805,1989,2329,1981

2001018805,1987,2335,1986

2001019805,1983,2337,1982

2001031801,1987,2331,1966

2001032805,1994,2331,1984

2001033805,1985,2320,1984

2001034805,1984,2325,1995

2001035805,1987,2342,1994

2001036805,1990,2326,1986

2001037805,1991,2322,1990

2001038805,1983,2321,1983

2001049801,1990,2330,1975

2001050805,1984,2334,1985

2001051805,1977,2319,1984

2001052805,1991,2333,1990

2001053805,1996,2320,1995

2001054805,1987,2335,1979

2001055805,1995,2325,1983

2001056805,1985,2325,1995

2001068801,1984,2324,1990

2001069805,1984,2323,1987

2001070805,1982,2323,1998

2001071805,1997,2323,1984

2001072805,1987,2337,1984

2001073805,1999,2325,1989

2001074805,1987,2329,1985

2001075805,1984,2327,1984

2001087836,1993,2327,1985

2001088805,1988,2320,1985

2001089805,1989,2320,1987

2001090805,1990,2323,1985

2001091805,1983,2322,1998

2001092805,1970,2333,1994

2001093805,1986,2335,1987

2001094805,1991,2334,1979

2001105453,1983,2334,1985

2001106805,1991,2319,1989

2001107805,1981,2320,1991

2001108805,1982,2326,2000

2001109805,1984,2327,1989

2001110805,1990,2325,1975

2001111805,1973,2322,1982

2001123801,1979,2329,1984

2001124805,1986,2323,1984

2001125805,1985,2322,1986

2001126805,1991,2331,1975

2001127805,1987,2329,1989

2001128805,1994,2331,1985

2001129805,1987,2335,1987

2001130805,1985,2320,1981

2001142801,1984,2322,1983

2001143828,1989,2326,1989

2001144805,1985,2325,1986

2001145805,1985,2331,1991

2001146805,1985,2317,1987

2001147805,1982,2320,1978

2001148805,1994,2335,1987

2001149805,1987,2321,1984

2001161801,1987,2330,1985

2001162805,1994,2325,1968

2001163805,1995,2322,1980

2001164805,1995,2322,1994

2001165805,1983,2327,1998

2001166805,1996,2326,1989

2001167805,1989,2336,1984

2001168805,1987,2330,1986

2001180801,1986,2321,1984

2001181805,1987,2327,1999

2001182805,1993,2333,1987

2001183805,1982,2293,1991

2001184805,1997,2330,1987

2001185805,1980,2320,1984

2001186805,1978,2323,1993

2001187805,1984,2320,1989

2001199801,1983,2327,1987

2001200805,1985,2330,1987

2001201805,1993,2329,1985

2001202805,1995,2319,1981

2001203805,1989,2320,1983

2001204805,1983,2326,1979

2001205805,1984,2318,1987

2001206805,1985,2327,1990

2001217801,1998,2331,1986

2001218805,1984,2331,1986

2001219805,1993,2352,1987

2001220805,1991,2323,1984

2001221805,1996,2334,1987

2001222805,1991,2352,1991

2001223805,1987,2321,1978

2001224805,1987,2323,1988

2001236801,1986,2322,1984

2001237805,1988,2330,1985

2001238805,1981,2330,1985

2001239805,1988,2319,1984

2001240805,1986,2322,1987

2001241805,1985,2321,1987

2001242805,1980,2321,1991

2001243805,1977,2326,1998

2001255801,1993,2326,2009

2001256805,1988,2325,1982

2001257805,1991,2321,1986

2001258805,1998,2323,1982

2001259805,1986,2325,1991

2001260805,2001,2327,1987

2001261805,1979,2327,1986

2001262805,1936,2336,1981

2001273453,1987,2330,1983

2001274805,1981,2335,1986

2001275805,1989,2331,1983

2001276805,1981,2327,1999

2001277805,1981,2329,1988

2001278805,1984,2334,1975

2001279805,1993,2337,2000

2001291801,1987,2327,1995

2001292805,1985,2333,1982

2001293805

2116435805,1984,2333,1987

211

2116435805,1984,2333,1987

211

2116435805,1984,2333,1987

211

2116435805,1984,2333,1987

211

2116435805,1984,2333,1987

211

2116435805,1984,2333,1987

211

2116435805,1984,2333,1987

211

2116435805,1984,2333,1987

211

2116435805,1984,2333,1987

211

2116435805,1984,2333,1987

211

2116435805,1984,2333,1987

211

2116435805,1984,2333,1987

211

2116435805,1984,2333,1987

211

2116435805,1984,2333,1987

211

2116435805,1984,2333,1987

211

2116435805,1984,2333,1987

211

2116435805,1984,2333,1987

211

2116435805,1984,2333,1987

211

2116435805,1984,2333,1987

211

2116435805,1984,2333,1987

211

2116435805,1984,2333,1987

211

2116435805,1984,2333,1987

211

2116435805,1984,2333,1987

211

2116435805,1984,2333,1987

211

2116435805,1984,2333,1987

211

2116435805,1984,2333,1987

211

2116435805,1984,2333,1987

211

2116435805,1984,2333,1987

211

2116435805,1984,2333,1987

211

2116435805,1984,2333,1987

2116447801,1986,2320,1986

211644886447801,1986,2320,1986

211644886447801,1986,2320,1986

211644886447801,1986,2320,1986

211644886447801,1986,2320,1986

211644886447801,1986,2320,1986

211644886447801,1986,2320,1986

211644886447801,1986,2320,1986

211644886447801,1986,2320,1986

211644886447801,1986,2320,1986

211644886447801,1986,2320,1986

211644886447801,1986,2320,1986

211644886447801,1986,2320,1986

211644886447801,1986,2320,1986

211644886447801,1986,2320,1986

211644886447801,1986,2320,1986

211644886447801,1986,2320,1986

211644886447801,1986,2320,1986

211644886447801,1986,2320,1986

211644886447801,1986,2320,1986

211644886447801,1986,2320,1986

211644886447801,1986,2320,1986

211644886447801,1986,2320,1986

211644886447801,1986,2320,1986

211644886447801,1986,2320,1986

211644886447801,1986,2320,1986

211644886447801,1986,2320,1986

211644886447801,1986,2320,1986

211644886447801,1986,2320,1986

211644886447801,1986,2320,1986

211644886447801,1986,2320,1986

211644886447801,1986,2320,1986

211644886447801,1986,2320,1986

211644886447801,1986,2320,1986

211644886447801,1986,2320,1986

211644886447801,1986,2320,1986

211644886447801,1986,2320,1986

211644886447801,1986,2320,1986

211644886447801,1986,2320,1986

211644886447801,1986,2320,1986

211644886447801,1986,2320,1986

211644886447801,1986,2320,1986

211644886447801,1986,2320,1986

211644886447801,1986,2320,1986

211644886447801,1986,2320,1986

211644886447801,1986,2320,1986

211644886447801,1986,2320,1986

211644886447801,1986,2320,1986

211644886447898,2324,1985

2116449805,2005,1998,2324,1985

2116449805,2005,1998,2324,1985

2116449805,2005,1998,2324,1985

2116449805,2005,1998,2324,1985

2116449805,2005,1998,2324,1985

2116449805,2005,1998,2324,1985

2116449805,2005,1998,2324,1985

2116449805,2005,1998,2324,1985

2116449805,2005,1998,2324,1985

2116449805,2005,1998,2324,1985

2116449805,2005,1998,2324,1985

2116449805,2005,1998,2324,1985

2116449805,2005,1998,2324,1985

2116449805,2005,1998,2324,1985

2116449805,2005,1998,2324,1985

2116449805,2005,1998,2324,1985

2116449805,2005,1998,2324,1985

2116449805,2005,1998,2324,1985

2116449805,2005,1998,2324,1985

2116449805,2005,1998,2324,1985

2116449805,2005,1998,2324,1985

2116449805,2005,1998,2324,1985

2116449805,2005,1998,2324,1985

2116449805,2005,1998,2324,1985

2116449805,2005,1998,2324,1985

2116449805,2005,1998,2324,1985

2116449805,2005,1998,2324,1985

2116449805,2005,1998,2324,1985

2116449805,2005,1998,2324,1985

2116449805,2005,1998,2324,1985

2116449805,2005,1998,2324,1985

2116449805,2005,1998,2324,1985

2116449805,2005,1998,2324,1985

2116449805,2005,1998,2324,1985

2116449805,2005,1998,2324,1985

2116449805,2005,1998,2324,1985

2116449805,2005,1998,2324,1985

2116449805,2005,1998,2324,1985

2116449805,2005,1998,2324,1985

2116449805,2005,1998,2324,1985

2116449805,2023,2335,1981

2116450805,1967,2317,1986

2116451805,1985,2319,1967

2116452805,1978,2412,1984

2116453805,1984,2332,1937

2116454805,1995,2323,1981

2116466801,1985,2333,1985

2116467805,1989,2321,1983

2116468805,1984,2323,1922

2116469805,1997,2327,1979

2116470805,1995,2329,1985

2116471805,1986,2322,1986

2116472805,1995,2327,1984

2116473805,1982,2324,1989

2116484801,1981,2327,1991

2116485805,1988,2321,1981

2116486805,1997,2323,1987

2116487805,1989,2332,1987

2116488805,1990,2327,1987

2116489805,1993,2340,1983

2116490805,1986,2320,1982

2116491805,1982,2325,1991

2116503801,1990,2335,1994

2116504805,1984,2330,1985

2116505805,1985,2322,1982

2116506805,1982,2325,1990

2116507805,1987,2319,1987

2116508805,1984,2331,1986

2116509805,1983,2333,1984

2116510805,1984,2318,1995

2116522801,1988,2320,2038

2116523805,1988,2317,1990

2116524805,1984,2326,1986

2116525805,1991,2323,1984

2116526805,1998,2330,1989

2116527805,1984,2325,1990

2116528805,1994,2329,1990

2116529805,1989,2329,1994

2116540453,1986,2327,1983

2116541805,1987,2335,1982

2116542805,1989,2327,1991

2116543805,1981,2335,1985

2116544805,1985,2327,1985

2116545805,1988,2320,1991

2116546805,1994,2320,1995

2116558801,1987,2333,1978

2116559805,1990,2328,1983

2116560805,1988,2323,1984

2116561805,1984,2319,1985

2116562805,1984,2337,1979

2116563805,1979,2333,2010

2116564805,1981,2339,1997

2116565805,1984,2320,1987

2116577801,1980,2325,1984

2116578805,1994,2359,1984

2116579805,1986,2326,1985

2116580805,1995,2323,1991

2116581805,1982,2335,1987

2116582805,1982,2327,1989

2116583805,1989,2316,1981

2116584805,1993,2327,1984

2116596801,1986,2320,1981

2116597805,1987,2333,1986

2116598805,1990,2320,1991

2116599805,1923,2320,1990

2116600805,1999,2320,1984

2116601805,1987,2329,1981

2116602805,1984,2346,1986

2116603805,1983,2330,1983

2116615801,1984,2334,1987

2116616805,1995,2320,1977

2116617805,1987,2349,1989

2116618805,1993,2328,1986

2116619805,1989,2321,1987

2116620805,1987,2320,1992

2116621805,1991,2335,1982

2116622805,1984,2320,1983

2116634801,1991,2314,1981

2116635805,1988,2321,1982

2116636805,2003,2324,1991

2116637805,1985,2330,1985

2116638805,1995,2320,1983

2116639805,1977,2330,1991

2116640805,1994,2331,1981

2116641805,1991,2327,1998

2116652801,1970,2331,2002

2116653805,1996,2323,1985

2116654805,1986,2334,1991

2116655805,1984,2329,1991

2116656805,1985,2325,1987

2116657805,1986,2318,1991

2116658805,2016,2329,1993

2116659805,1991,2324,1979

2116671801,1986,2334,1996

2116672805,1987,2320,1981

2116673805,1984,2326,1985

2116674805,1990,2318,1981

2116675805,1985,2323,2004

2116676805,1984,2293,1984

2116677805,1997,2322,1986

2116678805,1984,2329,1983

2116690801,1984,2317,1978

2116691805,1984,2327,1983

2116692805,2002,2326,1983

2116693805,1984,2327,1991

2116694805,1991,2323,1987

2116695805,1990,2323,1977

2116696805,1984,2339,1994

2116697805,1987,2333,1985

2116708453,2021,2329,1981

2116709805,1985,2318,1987

2116710805,1987,2320,1994

2116711805,1988,2325,1991

2116712805,1991,2326,1985

2116713805,1984,2329,1983

2116714805,1981,2329,1985

2116726801,1981,2309,1987

2116727805,1988,2329,1990

2116728805,1985,2321,1986

2116729805,1986,2314,1989

2116730805,1981,2322,1986

2116731805,1989,2334,1995

2116732805,1985,2326,1987

2116733805,1996,2320,1987

2116745801,1985,2320,1991

2116746805,1993,2337,1985

2116747805,1985,2331,1983

2116748805,1986,2348,1987

2116749805,1994,2320,1990

2116750805,1993,2329,1953

2116751805,1987,2338,1983

2116752805,1983,2327,1985

2116764801,1995,2322,1990

2116765805,1984,2323,1989

2116766805,1986,2330,1991

2116767805,1981,2327,1986

2116768805,1985,2320,1986

2116769805,1963,2323,1982

2116770805,2000,2333,1984

2116771805,1989,2334,1987

2116783801,1994,2336,1987

2116784805,1990,2334,1993

2116785805,1984,2327,1987

2116786805,1972,2323,1984

2116787805,1961,2333,1987

2116788805,1984,2323,1984

2116789805,1990,2320,1987

2116790805,1984,2325,1981

2116802801,2035,2333,1988

2116803805,1986,2321,1987

2116804805,1984,2330,1984

2116805805,1986,2324,1988

2116806805,1984,2325,1986

2116807805,1989,2336,1984

2116808805,1993,2329,1985

2116809805,1995,2333,1975

2116820801,1984,2336,1984

2116821805,1987,2333,2057

2116822805,1990,2333,1988

2116823805,1977,2322,1988

2116824805,1984,2320,1984

2116825805,1986,2321,1958

2116826805,1986,2329,1988

2116827805,1985,2323,1978

2116839801,1989,2326,2005

2116840805,1962,2331,1986

2116841805,1989,2335,1981

2116842805,1990,2331,1981

2116843805,1984,2327,1985

2116844805,1984,2331,1981

2116845805,1986,2323,1963

2116846805,1985,2322,1994

2116858801,1993,2323,1984

2116859805,1996,2335,2034

2116860805,1983,2323,1991

2116861805,1983,2324,1989

2116862805,1986,2332,1998

2116863805,1985,2325,1991

2116864805,1991,2320,2029

2116865805,1984,2333,1989

2116876453,1993,2322,1969

2116877805,1982,2338,1990

2116878805,1984,2331,1993

2116879805,1986,2324,1981

2116880805,1986,2326,1987

2116881805,1996,2334,1983

2116882805,1988,2325,1993

2116894801,1986,2401,1986

2116895805,1978,2327,1981

2116896805,1987,2322,1957

2116897805,1984,2334,1997

2116898805,1984,2335,1982

2116899805,1988,2330,1987

2116900805,1992,2323,1986

2116901805,1991,2320,1987

2116913801,1997,2321,1983

2116914805,1991,2331,1985

2116915805,1993,2321,1987

2116916805,1984,2331,1986

2116917805,1988,2325,1914

2116918805,1994,2330,1959

2116919805,1991,2320,1992

2116920805,2000,2327,1985

2116932801,1984,2335,1984

2116933805,1982,2331,1993

2116934805,1989,2327,1981

2116935805,1986,2326,1986

2116936805,1990,2325,1979

2116937805,1979,2339,1995

2116938805,1983,2321,1991

2116939805,1999,2321,1987

2116951801,1947,2333,1984

2116952805,1983,2331,1978

2116953805,1988,2320,1986

2116954805,1991,2331,1979

2116955805,1973,2331,1988

2116956805,1975,2320,1984

2116957805,1979,2313,1986

2116958805,1994,2325,2029

2116970819,1983,2336,1986

2116971805,1986,2329,1989

2116972805,1993,2330,1994

2116973805,1999,2335,1991

2116974805,1983,2329,1982

2116975805,1984,2326,1986

2116976805,1990,2327,1984

2116977805,1984,2322,1982

2116989801,1984,2329,1988

2116990805,1984,2323,1983

2116991805,1985,2329,1999

2116992805,1984,2326,1985

2116993805,1985,2322,1993

2116994805,1985,2320,2010

2116995805,1985,2325,1994

2116996805,1983,2322,1978

2117008801,1984,2334,1979

2117009805,1943,2329,1983

2117010805,1989,2321,2013

2117011805,1986,2327,1984

2117012805,1980,2327,2000

2117013805,1989,2320,1991

2117014805,1995,2325,1981

2117015805,1991,2325,2086

2117027801,1987,2325,1982

2117028805,1985,2327,1988

2117029805,1987,2331,1990

2117030805,1989,2329,1979

2117031805,1987,2323,1987

2117032805,1991,2335,1990

2117033805,1985,2333,1983

2117034805,1984,2338,1982

2117046801,1995,2325,1978

2117047805,1990,2327,1981

2117048805,1978,2336,1989

2117049805,1988,2333,1982

2117050805,1989,2327,1968

2117051805,1984,2334,1982

2117052805,1982,2320,1989

2117053805,1987,2323,1993

2117065801,1990,2330,1998

2117066805,1984,2329,1977

2117067805,1982,2332,1983

2117068805,1998,2333,1997

2117069805,1990,2323,1984

2117070805,1984,2330,1991

2117071805,1981,2335,1990

2117072805,1989,2326,1989

2117084801,1985,2313,1985

2117085805,1991,2320,1989

2117086805,1987,2329,1984

2117087805,1987,2350,1984

2117088805,1984,2331,1998

2117089805,1997,2332,1983

2117090805,1988,2331,1995

2117091805,1989,2329,1974

2117103801,1988,2327,1990

2117104805,1990,2330,1985

2117105805,1985,2321,1970

2117106805,1982,2323,1984

2117107805,1985,2330,1989

2117108805,1971,2336,1982

2117109805,1990,2330,1977

2117110805,1988,2320,1987

2117122801,1982,2326,1983

2117123805,1986,2331,1979

2117124805,1991,2331,1963

2117125805,1996,2320,1987

2117126805,1999,2331,1981

2117127805,1987,2330,1936

2117128805,1993,2321,1987

2117129805,1981,2323,1986

2117141801,1979,2326,1924

2117142805,1968,2330,1984

2117143805,1990,2320,1983

2117144805,1985,2332,1989

2117145805,1987,2323,1982

2117146805,1985,2329,1980

2117147805,1995,2333,1997

2117148805,1984,2327,1987

2117160801,1959,2317,1990

2117161805,1981,2331,1985

2117162805,1988,2323,1904

2117163805,1986,2318,1982

2117164805,1955,2330,1987

2117165805,1985,2326,1988

2117166805,1983,2322,1984

2117167805,1994,2338,1983

2117179801,1985,2326,1991

2117180805,1989,2326,1955

2117181805,1985,2330,1985

2117182805,1941,2323,1985

2117183805,1995,2330,1979

2117184805,1996,2334,1994

2117185805,1986,2320,1989

2117186805,1984,2325,1997

2117198801,1988,2325,1984

2117199805,1988,2329,1983

2117200805,1985,2337,1971

2117201805,2031,2321,1984

2117202805,1999,2325,1984

2117203805,1989,2327,1994

2117204805,1984,2320,1988

2117205805,1958,2319,1989

2117217801,1974,2327,1991

2117218805,1984,2319,1984

2117219805,1990,2320,1990

2117220805,2000,2333,1995

2117221805,1987,2323,1986

2117222805,1984,2327,1977

2117223805,1984,2320,1990

2117224805,1989,2320,2010

2117236801,1986,2331,1985

2117237805,1991,2328,1987

2117238805,1988,2327,1985

2117239805,2031,2325,1979

2117240805,1987,2321,1988

2117241805,1983,2326,2004

2117242805,1994,2318,1990

2117243805,2062,2325,1981

2117255801,1999,2327,1978

2117256805,1970,2330,1982

2117257805,1995,2333,1991

2117258805,1970,2330,1973

2117259805,1942,2320,1984

2117260805,1978,2324,2000

2117261805,1988,2333,1993

2117262805,1985,2334,1985

2117274801,1991,2332,1947

2117275805,2015,2321,1984

2117276805,1978,2330,1989

2117277805,1985,2324,1984

2117278805,1984,2324,1989

2117279805,1987,2330,1947

2117280805,1990,2327,1987

2117281805,1984,2337,1979

2117293801,1988,2325,2000

2117294805,1984,2336,1984

2117295805,1990,2326,2002

2117296805,1988,2322,1985

2117297805,1974,2323,1990

2117298805,1983,2327,1978

2117299805,1990,2331,1984

2117300805,1981,2333,1991

2117312801,1996,2321,1983

2117313805,1977,2327,1968

2117314805,1989,2321,1989

2117315805,1996,2322,1992

2117316805,2000,2325,1968

2117317805,2000,2331,1993

2117318805,1985,2336,1982

2117319805,1920,2322,1972

2117331801,2003,2337,1999

2117332805,1984,2322,1985

2117333805,1987,2289,1991

2117334805,1977,2222,1986

2117335805,1986,2113,1994

2117336805,1996,1973,1974

2117337805,2007,1803,2000

2117338805,2004,1587,2058

2117350801,1990,1505,1897

2117351805,1989,1702,1858

2117352805,1974,1881,1829

2117353805,1919,2047,1776

2117354805,1978,2169,1779

2117355805,2000,2209,1675

2117356805,2015,2239,1655

2117357805,2007,2258,1728

2117369801,1932,2704,1985

2117370805,1925,2826,2009

2117371805,1902,2886,1970

2117372805,1926,2890,1902

2117373805,1953,2901,1865

2117374805,1968,2890,1853

2117375805,1952,2834,1909

2117376805,1920,2791,2000

2117388801,1951,3149,1865

2117389805,1951,3095,1906

2117390805,1974,3029,1952

2117391805,1974,2947,2038

2117392805,1950,2847,2224

2117393805,1918,2811,2390

2117394805,1906,2722,2517

2117395805,1926,2598,2689

2117407801,2098,4095,1375

2117408805,2031,4055,1498

2117409805,1915,4094,1777

2117410805,1803,4095,1898

2117411805,1847,4095,1611

2117412805,2023,4095,1360

2117413805,2003,3397,1568

2117414805,1981,2768,1854

2117426801,1968,2651,1399

2117427805,1727,2798,1721

2117428805,1747,2542,1749

2117429805,1843,2127,1552

2117430805,1975,1565,1477

2117431805,2064,1110,1563

2117432805,1975,1188,1998

2117433805,1817,1269,2234

2117445801,1840,592,2026

2117446805,1804,389,2086

2117447805,1983,272,1936

2117448805,2128,181,1887

2117449805,2064,145,2099

2117450805,1937,142,2419

2117451805,1847,75,2558

2117452805,1917,41,2374

2117453805,2077,7,1981

2117465801,2064,83,2351

2117466805,2112,208,2357

2117467805,2035,396,2528

2117468805,1856,334,2825

2117469805,1791,262,2896

2117470805,1840,243,2608

2117471805,1971,519,2249

2117472805,2032,1187,2062

2117473805,1961,1679,2195

2117485801,1872,2033,2722

2117486805,1780,2097,2855

2117487805,1696,2309,2810

2117488805,1805,2664,2470

2117489805,1855,2986,2102

2117490805,1885,3248,2036

2117491805,1841,3454,2215

2117492805,1761,3682,2399

2117504801,1803,4085,2435

2117505805,1825,4095,2205

2117506805,1853,4095,1966

2117507805,1890,4095,1759

2117508805,1999,4095,1651

2117509805,1943,4095,1877

2117510805,1892,4095,2010

2117511805,1840,4095,1925

2117523801,1819,4095,1648

2117524805,1915,4095,1287

2117525805,2064,4095,1104

2117526805,2055,4095,1243

2117527805,1921,4095,1430

2117528805,1798,4095,1570

2117529805,1791,4095,1459

2117530805,1907,3760,1214

2117542801,1988,2407,1013

2117543805,2039,2219,929

2117544805,2034,2181,1172

2117545805,1853,2223,1488

2117546805,1744,2113,1556

2117547805,1886,1621,1455

2117548805,2032,1154,1347

2117549805,2064,799,1384

2117561801,2126,656,1507

2117562805,2011,765,1796

2117563805,1911,675,2096

2117564805,1840,445,2176

2117565805,1997,305,2027

2117566805,2193,191,1965

2117567805,2112,114,2115

2117568805,2018,66,2341

2117569805,1946,23,2545

2117581801,1825,975,2828

2117582805,1872,661,2787

2117583805,1981,543,2672

2117584805,2019,694,2542

2117585805,2000,766,2681

2117586805,1890,743,2942

2117587805,1833,599,3010

2117588805,1846,653,2861

2117589805,1936,1106,2593

2117601801,1872,2831,2627

2117602805,1934,2896,2559

2117603805,1877,2825,2656

2117604805,1818,2714,2806

2117605805,1764,2850,2851

2117606805,1787,3157,2559

2117607805,1843,3408,2283

2117608805,1909,3622,2166

2117620801,1991,4052,1891

2117621805,1965,3806,2032

2117622805,1856,3923,2133

2117623805,1828,4051,2033

2117624805,1853,4095,1819

2117625805,1942,4095,1570

2117626805,1991,4095,1520

2117627805,1943,4095,1679

2117638453,2021,2909,1200

2117639805,1961,2834,1375

2117640805,1859,3122,1438

2117641805,1823,3390,1297

2117642805,1927,3484,1053

2117643805,2014,3368,899

2117644805,2018,3314,958

2117645805,1955,3469,1176

2117657801,1979,1088,1329

2117658805,1874,1327,1390

2117659805,1907,1315,1280

2117660805,2013,1219,1104

2117661805,2101,1209,1077

2117662805,2064,1399,1218

2117663805,1930,1633,1456

2117664805,1877,1547,1577

2117676801,1923,302,2097

2117677805,1986,271,1986

2117678805,2078,395,1850

2117679805,2081,689,1903

2117680805,2001,1005,2108

2117681805,1925,997,2346

2117682805,1902,736,2413

2117683805,1968,492,2331

2117695801,1904,1286,2718

2117696805,1959,1735,2559

2117697805,1949,2124,2629

2117698805,1884,2192,2847

2117699805,1821,2031,3013

2117700805,1841,1871,3007

2117701805,1898,1873,2843

2117702805,1947,1966,2733

2117714801,1865,3621,2544

2117715805,1878,3820,2626

2117716805,1847,3811,2774

2117717805,1797,3839,2865

2117718805,1807,3969,2752

2117719805,1846,4094,2533

2117720805,1917,4000,2415

2117721805,1899,3582,2479

2117733801,1979,4095,1879

2117734805,1915,4095,2018

2117735805,1840,4095,1998

2117736805,1831,4095,1810

2117737805,1913,4095,1613

2117738805,1968,3795,1506

2117739805,1968,3418,1616

2117740805,1915,3429,1725

2117752801,1866,3626,1205

2117753805,1861,3472,1174

2117754805,1895,3062,999

2117755805,1973,2575,877

2117756805,2031,2171,895

2117757805,1997,2074,1018

2117758805,1909,2160,1141

2117759805,1875,2224,1122

2117771801,1904,1246,1199

2117772805,2015,877,1097

2117773805,2079,607,1043

2117774805,2083,477,1138

2117775805,2010,528,1335

2117776805,1967,538,1472

2117777805,1967,434,1478

2117778805,2027,346,1389

2117779805,2091,464,1328

2117791801,2081,126,2000

2117792805,2063,191,2159

2117793805,1997,221,2373

2117794805,1930,161,2502

2117795805,1942,176,2477

2117796805,2005,427,2387

2117797805,2033,837,2390

2117798805,1993,1196,2505

2117809801,1938,1136,2863

2117810805,1914,1265,3029

2117811805,1850,1311,3210

2117812805,1838,1453,3248

2117813805,1872,1808,3141

2117814805,1901,2287,2986

2117815805,1901,2672,2943

2117816805,1866,2842,3059

2117828801,1851,3061,2928

2117829805,1816,3247,3018

2117830805,1811,3477,2946

2117831805,1840,3683,2707

2117832805,1863,3841,2547

2117833805,1889,3991,2497

2117834805,1887,4095,2559

2117835805,1850,4095,2608

2117847801,1872,4095,2011

2117848805,1860,4095,1895

2117849805,1952,4095,1680

2117850805,1967,4095,1509

2117851805,1986,4095,1481

2117852805,1941,4095,1522

2117853805,1899,4095,1503

2117854805,1882,4095,1366

2117865801,1897,3294,1114

2117866805,1920,3375,963

2117867805,1981,3216,803

2117868805,2030,3044,738

2117869805,2006,2998,765

2117870805,1961,3024,850

2117871805,1908,2901,852

2117872805,1906,2553,755

2117883801,1958,1618,1143

2117884805,1990,1499,1066

2117885805,2040,1402,977

2117886805,2077,1424,979

2117887805,2026,1473,1098

2117888805,1969,1383,1236

2117889805,1963,1066,1275

2117890805,2009,741,1239

2117901801,1939,900,2145

2117902805,1987,930,2004

2117903805,2030,1070,1991

2117904805,1991,1201,2081

2117905805,1963,1159,2240

2117906805,1923,914,2378

2117907805,1934,642,2423

2117918453,1862,1719,3134

2117919805,1863,1909,3088

2117920805,1895,2155,2959

2117921805,1921,2353,2896

2117922805,1927,2329,2971

2117923805,1872,2151,3111

2117924805,1854,1951,3215

2117925805,1879,1902,3198

2117937801,1834,3792,3006

2117938805,1872,3941,2832

2117939805,1893,3979,2749

2117940805,1903,3695,2800

2117941805,1861,3488,2892

2117942805,1827,3454,2926

2117943805,1835,3537,2805

2117944805,1871,3546,2687

2117956801,1935,4095,1746

2117957805,1968,4095,1701

2117958805,1939,3849,1743

2117959805,1899,3822,1806

2117960805,1873,3829,1777

2117961805,1885,3689,1642

2117962805,1950,3377,1565

2117963805,1974,3175,1510

2117975801,2024,2913,704

2117976805,1990,2790,790

2117977805,1931,2677,880

2117978805,1951,2451,865

2117979805,1988,2141,779

2117980805,2035,1922,727

2117981805,2044,1888,771

2117982805,1984,2033,862

2117983805,1936,2192,887

2117995801,1970,1037,1042

2117996805,2005,749,1066

2117997805,2056,560,1068

2117998805,2071,581,1077

2117999805,2045,749,1185

2118000805,1995,913,1313

2118001805,1967,945,1366

2118002805,1998,928,1349

2118013801,1965,368,2226

2118014805,1981,288,2259

2118015805,2009,398,2278

2118016805,2001,619,2334

2118017805,1977,816,2443

2118018805,1930,909,2557

2118019805,1918,1002,2617

2118020805,1938,1201,2559

2118032801,1902,1445,3382

2118033805,1909,1704,3300

2118034805,1903,1916,3323

2118035805,1917,2032,3435

2118036805,1856,2179,3493

2118037805,1856,2429,3420

2118038805,1869,2769,3271

2118039805,1893,3006,3157

2118051801,1875,3248,3086

2118052805,1901,3344,3033

2118053805,1866,3519,3039

2118054805,1846,3716,2988

2118055805,1835,3877,2851

2118056805,1859,4016,2647

2118057805,1905,4095,2544

2118058805,1915,4081,2502

2118070801,1945,3830,1805

2118071805,1922,3993,1779

2118072805,1888,4095,1680

2118073805,1869,4095,1511

2118074805,1951,4095,1338

2118075805,1978,3952,1239

2118076805,1969,3770,1273

2118077805,1936,3719,1276

2118089801,1973,2992,721

2118090805,1963,3008,661

2118091805,1975,2850,571

2118092805,2025,2640,480

2118093805,2041,2497,468

2118094805,2027,2423,541

2118095805,1981,2301,699

2118096805,1971,2045,647

2118097805,2010,1712,628

2118109801,2026,1500,843

2118110805,2062,1425,853

2118111805,2044,1394,945

2118112805,2014,1309,1107

2118113805,1983,1083,1239

2118114805,2000,813,1329

2118115805,2029,638,1363

2118116805,2058,613,1414

2118127801,1972,1378,2137

2118128805,1984,1425,2197

2118129805,1973,1379,2337

2118130805,1935,1201,2515

2118131805,1934,995,2651

2118132805,1939,912,2724

2118133805,1949,983,2746

2118134805,1955,1108,2800

2118145801,1907,2448,3221

2118146805,1907,2416,3266

2118147805,1904,2250,3403

2118148805,1887,2093,3551

2118149805,1879,2069,3646

2118150805,1874,2158,3602

2118151805,1891,2273,3542

2118163801,1889,3657,3019

2118164805,1902,3360,3006

2118165805,1898,3137,3058

2118166805,1865,3101,3117

2118167805,1852,3158,3041

2118168805,1867,3221,2903

2118169805,1890,3216,2786

2118170805,1910,3166,2727

2118182801,1949,3221,1750

2118183805,1936,3121,1779

2118184805,1904,3107,1759

2118185805,1901,3091,1663

2118186805,1920,2961,1513

2118187805,1962,2890,1394

2118188805,1978,2926,1341

2118189805,1949,3062,1291

2118201801,2005,2186,727

2118202805,1983,2091,743

2118203805,1994,1948,682

2118204805,1971,1841,617

2118205805,2067,1875,555

2118206805,2045,2027,559

2118207805,2009,2192,560

2118208805,2003,2235,555

2118209805,2017,2176,507

2118221801,2027,924,1005

2118222805,2058,1008,983

2118223805,2047,1209,1015

2118224805,2029,1397,1112

2118225805,2000,1450,1190

2118226805,1987,1451,1243

2118227805,2000,1467,1266

2118228805,2018,1552,1298

2118240801,1968,1315,2353

2118241805,1958,1526,2415

2118242805,1935,1647,2509

2118243805,1924,1709,2605

2118244805,1922,1801,2654

2118245805,1933,1949,2674

2118246805,1931,2077,2704

2118247805,1934,2063,2799

2118259801,1901,2542,3439

2118260805,1883,2642,3504

2118261805,1874,2771,3526

2118262805,1869,2957,3502

2118263805,1873,3095,3434

2118264805,1889,3055,3419

2118265805,1907,2921,3462

2118266805,1903,2788,3553

2118278801,1885,3679,2938

2118279805,1869,3855,2906

2118280805,1859,3995,2784

2118281805,1872,3887,2693

2118282805,1917,3582,2615

2118283805,1929,3379,2605

2118284805,1887,3303,2608

2118285805,1872,3274,2546

2118297801,1915,3718,1477

2118298805,1942,3496,1373

2118299805,1968,3184,1259

2118300805,1967,3008,1202

2118301805,1968,2901,1216

2118302805,1939,2814,1195

2118303805,1943,2669,1149

2118304805,1971,2469,1057

2118316801,2031,2279,481

2118317805,2058,2119,448

2118318805,2063,2023,470

2118319805,2031,1925,531

2118320805,2009,1759,573

2118321805,2022,1582,577

2118322805,2046,1421,558

2118323805,2077,1426,553

2118324805,2066,1530,558

2118336801,2013,1386,1115

2118337805,1997,1245,1235

2118338805,1997,1078,1341

2118339805,2005,998,1403

2118340805,2015,1058,1435

2118341805,1989,1197,1491

2118342805,1987,1328,1579

2118343805,1976,1366,1681

2118355801,1935,1397,2702

2118356805,1918,1371,2800

2118357805,1910,1487,2836

2118358805,1902,1657,2864

2118359805,1927,1793,2918

2118360805,1917,1874,2993

2118361805,1904,1971,3088

2118362805,1895,2153,3137

2118374801,1888,2315,3718

2118375805,1883,2495,3674

2118376805,1893,2591,3601

2118377805,1887,2661,3581

2118378805,1893,2771,3581

2118379805,1877,2958,3600

2118380805,1867,3193,3522

2118381806,1873,3376,3423

2118393801,1882,3004,2787

2118394805,1909,3039,2682

2118395805,1918,3101,2609

2118396805,1882,3297,2557

2118397805,1877,3548,2480

2118398805,1885,3664,2369

2118399805,1905,3613,2237

2118400805,1936,3435,2142

2118412801,1996,2707,1219

2118413805,1985,2847,1157

2118414805,1967,2981,1137

2118415805,1924,3011,1054

2118416805,1979,2922,943

2118417805,2002,2813,851

2118418805,2009,2711,790

2118419805,2001,2650,761

2118431801,2055,2235,462

2118432805,2043,2240,474

2118433805,2035,2189,469

2118434805,2058,2082,435

2118435805,2063,2016,457

2118436805,2059,1986,485

2118437806,2043,1909,546

2118438805,2040,1702,620

2118439805,2038,1616,656

2118451801,1966,1847,1328

2118452805,1989,1842,1360

2118453805,1989,1861,1438

2118454805,1983,1795,1531

2118455805,1979,1627,1661

2118456805,1968,1458,1785

2118457805,1978,1385,1866

2118458805,1969,1414,1936

2118470801,1922,2321,2817

2118471805,1917,2249,2880

2118472805,1919,2111,2967

2118473805,1888,1983,3071

2118474805,1910,1927,3184

2118475805,1903,1949,3257

2118476805,1909,2065,3280

2118477805,1909,2103,3330

2118489801,1908,2723,3535

2118490805,1908,2597,3575

2118491805,1902,2547,3600

2118492805,1861,2596,3610

2118493805,1881,2629,3536

2118494805,1899,2640,3468

2118495805,1907,2614,3367

2118496805,1904,2687,3380

2118508801,1927,2709,2544

2118509805,1904,2704,2501

2118510805,1899,2701,2431

2118511805,1914,2640,2333

2118512805,1940,2597,2235

2118513805,1939,2591,2147

2118514805,1942,2800,2079

2118515805,1911,2945,1998

2118527801,1983,2242,1088

2118528805,1987,2162,1019

2118529805,2013,2105,949

2118530805,2014,2160,878

2118531805,2026,2350,817

2118532805,2022,2395,784

2118533805,2000,2439,740

2118534805,2006,2414,675

2118535805,2031,2400,592

2118547801,2065,1664,563

2118548805,2069,1801,558

2118549805,2057,1909,587

2118550805,2036,1977,615

2118551805,2035,1973,654

2118552805,2039,2000,659

2118553805,2045,2063,683

2118554805,2029,2066,720

2118565801,1980,1783,1543

2118566805,1982,1906,1605

2118567805,1967,1997,1686

2118568805,1959,2025,1767

2118569805,1961,2111,1843

2118570805,1955,2199,1897

2118571805,1954,2257,1952

2118572805,1929,2225,2043

2118584801,1915,2406,3002

2118585805,1911,2461,3056

2118586805,1905,2555,3123

2118587805,1903,2651,3152

2118588805,1898,2740,3186

2118589805,1904,2719,3217

2118590805,1907,2590,3286

2118591805,1919,2530,3376

2118603801,1903,2959,3499

2118604805,1891,3088,3455

2118605805,1878,3122,3385

2118606805,1899,3015,3322

2118607805,1905,2903,3280

2118608805,1909,2798,3258

2118609805,1902,2740,3237

2118610805,1890,2715,3227

2118621801,1911,3053,2395

2118622805,1901,3051,2317

2118623805,1913,2944,2235

2118624805,1930,2782,2147

2118625805,1943,2667,2032

2118626805,1942,2606,2013

2118627805,1933,2535,1961

2118628805,1934,2433,1904

2118640801,1991,2512,941

2118641805,2003,2367,879

2118642805,2029,2255,822

2118643805,2031,2192,788

2118644805,2010,2115,757

2118645805,2023,2000,746

2118646805,2035,1887,727

2118647805,2054,1799,699

2118659801,2057,1968,533

2118660805,2055,1997,563

2118661805,2054,1859,593

2118662805,2026,1754,658

2118663805,2045,1650,720

2118664805,2033,1583,770

2118665805,2034,1663,806

2118666805,2023,1755,843

2118667805,2025,1849,880

2118679801,1957,1885,1682

2118680805,1967,1802,1809

2118681805,1957,1794,1915

2118682805,1952,1869,2005

2118683805,1929,1979,2082

2118684805,1951,2067,2154

2118685805,1945,2126,2223

2118686805,1943,2189,2294

2118698801,1920,2231,3158

2118699805,1908,2229,3237

2118700805,1901,2341,3289

2118701805,1921,2416,3314

2118702805,1908,2467,3339

2118703805,1916,2543,3388

2118704805,1904,2677,3411

2118705805,1893,2829,3421

2118716453,1914,2431,3522

2118717805,1902,2516,3476

2118718805,1901,2559,3415

2118719805,1915,2587,3347

2118720805,1919,2656,3268

2118721805,1907,2774,3200

2118722805,1901,2895,3138

2118723805,1895,2951,3067

2118735801,1925,2367,2327

2118736805,1936,2387,2218

2118737805,1947,2448,2114

2118738805,1949,2551,2015

2118739805,1939,2656,1931

2118740805,1907,2686,1831

2118741805,1951,2638,1743

2118742805,1957,2567,1648

2118754801,2031,2114,898

2118755805,2015,2236,842

2118756805,2016,2327,781

2118757805,2013,2356,723

2118758805,2029,2310,688

2118759805,2032,2253,655

2118760805,2035,2217,613

2118761805,2038,2242,581

2118762805,2037,2129,573

2118774801,2033,2258,647

2118775805,2039,2240,687

2118776805,2034,2226,731

2118777805,2019,2224,766

2118778805,2018,2209,810

2118779805,2021,2170,847

2118780805,2026,2055,934

2118781805,2015,1933,1039

2118793801,1957,2461,1837

2118794805,1945,2480,1913

2118795805,1938,2506,1995

2118796805,1949,2418,2077

2118797805,1951,2309,2171

2118798805,1946,2225,2283

2118799805,1936,2170,2385

2118800805,1930,2198,2461

2118812801,1899,2758,3130

2118813805,1909,2682,3183

2118814805,1917,2558,3235

2118815805,1918,2445,3293

2118816805,1911,2395,3376

2118817805,1913,2399,3430

2118818805,1904,2418,3449

2118819805,1901,2398,3481

2118831801,1913,2505,3229

2118832805,1929,2407,3200

2118833805,1930,2354,3169

2118834805,1929,2350,3155

2118835805,1910,2337,3111

2118836805,1910,2298,3053

2118837805,1930,2273,2977

2118838805,1936,2339,2893

2118850801,1965,2118,2032

2118851805,1958,2095,1975

2118852805,1961,2065,1921

2118853805,1966,2019,1843

2118854805,1971,2010,1757

2118855805,1968,2065,1669

2118856805,1955,2171,1571

2118857805,1984,2267,1485

2118869801,2030,1874,841

2118870805,2021,1839,811

2118871805,2032,1842,784

2118872805,2058,1911,737

2118873805,2042,2035,697

2118874805,2032,2133,670

2118875805,2045,2176,640

2118876805,2058,2192,624

2118877805,2057,2224,595

2118889801,2026,2041,869

2118890805,2019,2181,912

2118891805,2010,2286,934

2118892805,2016,2336,976

2118893805,2019,2305,1033

2118894805,1994,2418,1087

2118895805,1987,2491,1138

2118896805,1991,2525,1198

2118908801,1935,2532,2121

2118909805,1950,2576,2168

2118910805,1938,2621,2233

2118911805,1936,2687,2306

2118912805,1927,2757,2377

2118913805,1921,2782,2433

2118914805,1935,2736,2510

2118915805,1933,2640,2575

2118927801,1920,2692,3198

2118928805,1919,2759,3227

2118929805,1910,2794,3267

2118930805,1907,2819,3285

2118931805,1905,2758,3297

2118932805,1916,2650,3315

2118933805,1921,2567,3341

2118934805,1913,2496,3376

2118946801,1920,2625,3013

2118947805,1917,2611,2961

2118948805,1914,2519,2928

2118949805,1927,2415,2867

2118950805,1938,2302,2822

2118951805,1931,2271,2769

2118952805,1932,2222,2734

2118953805,1925,2145,2687

2118965801,1970,2269,1782

2118966805,1978,2166,1713

2118967805,1983,2096,1648

2118968805,1985,2039,1582

2118969805,1989,2000,1531

2118970805,1995,1917,1474

2118971805,2042,1840,1423

2118972805,2005,1815,1374

2118984801,2032,2112,752

2118985805,2032,2070,726

2118986805,2039,2027,707

2118987805,2055,1952,719

2118988805,2045,1885,722

2118989805,2045,1885,723

2118990805,2045,1938,737

2118991805,2041,2013,709

2118992805,2038,2103,704

2119004801,2009,2238,1063

2119005805,2001,2166,1127

2119006805,2002,2185,1191

2119007805,2000,2239,1246

2119008805,1984,2323,1302

2119009805,1984,2389,1346

2119010805,1991,2437,1391

2119011805,1989,2505,1456

2119023801,1941,2467,2336

2119024805,1931,2455,2415

2119025805,1917,2525,2476

2119026805,1923,2559,2516

2119027805,1927,2602,2559

2119028805,1930,2662,2624

2119029805,1926,2746,2669

2119030805,1917,2839,2730

2119041453,1920,2389,3239

2119042805,1916,2429,3278

2119043805,1915,2432,3281

2119044805,1922,2458,3278

2119045805,1919,2512,3266

2119046805,1921,2595,3253

2119047805,1915,2656,3249

2119048805,1914,2709,3247

2119060801,1936,2113,2930

2119061805,1936,2127,2870

2119062805,1939,2173,2797

2119063805,1940,2252,2730

2119064805,1937,2326,2669

2119065805,1936,2333,2569

2119066805,1939,2288,2545

2119067805,1945,2237,2478

2119079801,1987,1981,1697

2119080805,1987,2079,1607

2119081805,1985,2144,1534

2119082805,1997,2165,1459

2119083805,1989,2139,1410

2119084805,2000,2117,1349

2119085805,2009,2108,1297

2119086805,2006,2085,1242

2119098801,2037,2325,788

2119099805,2033,2320,765

2119100805,2045,2320,752

2119101805,2041,2319,747

2119102805,2033,2334,752

2119103805,2031,2333,753

2119104805,2035,2298,751

2119105805,2035,2224,775

2119106805,2042,2148,793

2119118801,1995,2687,1175

2119119805,1992,2706,1229

2119120805,1984,2682,1287

2119121805,1982,2649,1338

2119122805,1979,2570,1408

2119123805,1984,2439,1473

2119124805,1971,2470,1557

2119125805,1967,2481,1634

2119136453,1941,2882,2283

2119137805,1931,2853,2381

2119138805,1923,2764,2443

2119139805,1933,2679,2494

2119140805,1936,2597,2569

2119141805,1934,2554,2640

2119142805,1929,2551,2699

2119153801,1936,2694,3088

2119154805,1915,2654,3109

2119155805,1917,2542,3151

2119156805,1918,2422,3158

2119157805,1923,2341,3173

2119158805,1924,2273,3184

2119159805,1923,2253,3207

2119160805,1923,2219,3225

2119171453,1939,2265,2877

2119172805,1933,2137,2837

2119173805,1945,2087,2794

2119174805,1949,1955,2750

2119175805,1947,1917,2710

2119176805,1953,1879,2667

2119177805,1957,1846,2629

2119189801,1986,1942,1850

2119190805,1985,1879,1791

2119191805,1991,1799,1733

2119192805,1991,1778,1681

2119193805,2001,1779,1622

2119194805,2000,1760,1571

2119195805,1998,1738,1524

2119196805,2000,1763,1467

2119208801,2032,2047,944

2119209805,2037,2054,922

2119210805,2037,2043,907

2119211805,2039,2032,900

2119212805,2030,2039,896

2119213805,2032,2097,893

2119214805,2030,2183,884

2119215805,2021,2291,875

2119216805,2027,2384,858

2119228801,1995,2463,1166

2119229805,2002,2449,1211

2119230805,1995,2499,1259

2119231805,1993,2599,1310

2119232805,1979,2688,1357

2119233805,1974,2763,1395

2119234805,1979,2804,1430

2119235805,1983,2847,1472

2119247801,1951,2642,2245

2119248805,1936,2704,2306

2119249805,1935,2767,2363

2119250805,1935,2845,2397

2119251805,1933,2831,2451

2119252805,1942,2849,2488

2119253805,1932,2885,2527

2119254805,1926,2917,2593

2119265453,1931,2384,3015

2119266805,1920,2438,3057

2119267805,1922,2449,3059

2119268805,1935,2448,3058

2119269805,1936,2455,3055

2119270805,1934,2481,3041

2119271805,1927,2484,3045

2119272805,1931,2477,3055

2119284801,1942,1977,2813

2119285805,1950,2001,2762

2119286805,1948,2023,2701

2119287805,1951,2062,2650

2119288805,1947,2091,2599

2119289805,1951,2057,2538

2119290805,1956,1988,2505

2119291805,1955,1914,2455

2119303801,1986,1933,1774

2119304805,1989,1991,1696

2119305805,1991,2032,1634

2119306805,1991,2023,1575

2119307805,1998,1986,1517

2119308805,2000,1958,1478

2119309805,1999,1936,1443

2119310805,1994,1918,1390

2119322801,2016,2406,970

2119323805,2032,2416,944

2119324805,2029,2399,935

2119325805,2025,2379,929

2119326805,2023,2370,935

2119327805,2026,2379,935

2119328805,2021,2365,948

2119329805,2031,2320,960

2119330805,2027,2306,965

2119342801,1997,2841,1245

2119343805,2000,2832,1305

2119344805,1984,2816,1360

2119345805,1975,2768,1419

2119346805,1981,2710,1469

2119347805,1977,2685,1525

2119348805,1977,2693,1587

2119349805,1968,2729,1637

2119360453,1941,2901,2192

2119361805,1939,2848,2279

2119362805,1929,2767,2323

2119363805,1933,2678,2395

2119364805,1941,2614,2453

2119365805,1938,2605,2503

2119366805,1933,2606,2548

2119377801,1933,2489,2880

2119378805,1929,2414,2918

2119379805,1922,2311,2929

2119380805,1937,2222,2967

2119381805,1929,2148,2989

2119382805,1938,2112,2994

2119383805,1937,2112,3003

2119384805,1937,2109,3002

2119395453,1954,1941,2768

2119396805,1949,1828,2746

2119397805,1955,1744,2714

2119398805,1961,1689,2689

2119399805,1968,1680,2662

2119400805,1954,1692,2619

2119401805,1965,1687,2576

2119413801,1989,1728,1919

2119414805,1996,1655,1897

2119415805,1987,1651,1852

2119416805,2000,1677,1799

2119417805,1987,1712,1751

2119418805,1993,1742,1696

2119419805,1997,1767,1653

2119420805,1998,1822,1593

2119432801,2013,2096,1147

2119433805,2016,2134,1137

2119434805,2016,2175,1126

2119435805,2015,2211,1098

2119436805,2023,2258,1086

2119437805,2015,2327,1074

2119438805,2012,2423,1056

2119439805,2011,2529,1040

2119451801,1994,2688,1235

2119452805,1993,2708,1264

2119453805,2000,2731,1286

2119454805,1991,2800,1322

2119455805,1984,2882,1360

2119456805,1971,2965,1392

2119457805,1973,3018,1419

2119458805,1983,3041,1441

2119470801,1953,2775,2099

2119471805,1954,2816,2135

2119472805,1945,2881,2179

2119473805,1937,2917,2222

2119474805,1939,2927,2270

2119475805,1942,2914,2299

2119476805,1937,2902,2343

2119477805,1943,2878,2377

2119489801,1935,2382,2822

2119490805,1931,2394,2835

2119491805,1936,2387,2834

2119492805,1942,2371,2847

2119493805,1941,2346,2844

2119494805,1939,2320,2843

2119495805,1938,2286,2856

2119496805,1937,2214,2865

2119508801,1968,1872,2688

2119509805,1961,1872,2663

2119510805,1954,1871,2622

2119511805,1957,1872,2575

2119512805,1968,1851,2531

2119513805,1972,1811,2503

2119514805,1967,1739,2479

2119515805,1969,1667,2448

2119527801,1986,1897,1873

2119528805,1994,1923,1818

2119529805,1989,1947,1765

2119530805,1998,1931,1717

2119531805,1997,1895,1682

2119532805,2003,1867,1645

2119533805,2000,1850,1615

2119534805,1999,1856,1583

2119546801,2005,2481,1174

2119547805,2016,2479,1153

2119548805,2018,2449,1143

2119549805,2015,2439,1149

2119550805,2012,2443,1148

2119551805,2009,2448,1158

2119552805,2014,2468,1153

2119553805,2014,2466,1148

2119565801,1999,2957,1296

2119566805,1997,2927,1339

2119567805,1995,2909,1384

2119568805,1995,2891,1423

2119569805,1985,2876,1470

2119570805,1978,2853,1504

2119571805,1983,2855,1552

2119572805,1975,2877,1591

2119584801,1952,2845,2114

2119585805,1947,2795,2171

2119586805,1943,2740,2213

2119587805,1945,2679,2263

2119588805,1945,2643,2307

2119589805,1948,2642,2341

2119590805,1945,2655,2378

2119591805,1947,2670,2416

2119603801,1938,2145,2757

2119604805,1938,2082,2772

2119605805,1939,2029,2800

2119606805,1939,2003,2803

2119607805,1947,2023,2801

2119608805,1949,2032,2803

2119609805,1947,2032,2803

2119610805,1947,2021,2794

2119622801,1968,1563,2627

2119623805,1968,1574,2608

2119624805,1968,1605,2553

2119625805,1970,1635,2512

2119626805,1970,1657,2480

2119627805,1968,1673,2439

2119628805,1973,1751,2395

2119629805,1973,1762,2358

2119641801,1996,1750,1875

2119642805,1997,1808,1825

2119643805,1997,1866,1775

2119644805,1991,1922,1739

2119645805,1997,1991,1681

2119646805,1994,2081,1636

2119647805,1991,2130,1589

2119648805,1988,2140,1551

2119660801,2000,2455,1264

2119661805,2005,2534,1243

2119662805,2003,2626,1230

2119663805,2005,2706,1210

2119664805,2000,2763,1209

2119665805,2002,2770,1200

2119666805,2003,2790,1187

2119667805,2016,2780,1202

2119679801,1989,3094,1390

2119680805,1965,3139,1415

2119681805,1987,3166,1454

2119682805,1984,3153,1462

2119683805,1981,3131,1502

2119684805,1975,3117,1534

2119685805,1974,3126,1587

2119686805,1978,3043,1630

2119698801,1949,2950,2121

2119699805,1943,2899,2150

2119700805,1972,2848,2182

2119701805,1948,2800,2224

2119702805,1951,2739,2239

2119703805,1947,2672,2289

2119704805,1949,2608,2352

2119705805,1953,2496,2410

2119717801,1959,2192,2699

2119718805,1962,2139,2669

2119719805,1956,2081,2683

2119720805,1938,2012,2692

2119721805,1950,1924,2693

2119722805,1957,1840,2721

2119723805,1968,1811,2720

2119724805,1968,1758,2727

2119736801,1988,1674,2512

2119737805,1977,1634,2495

2119738805,1975,1577,2471

2119739805,1982,1546,2442

2119740805,1979,1508,2428

2119741805,1985,1515,2399

2119742805,1981,1527,2355

2119743805,1988,1552,2325

2119754801,1986,1871,1888

2119755805,2000,1841,1857

2119756805,1999,1827,1819

2119757805,1986,1849,1794

2119758805,1987,1887,1757

2119759805,1989,1919,1731

2119760805,2000,1973,1693

2119761805,1991,2023,1667

2119773801,2009,2495,1348

2119774805,1999,2516,1334

2119775805,1999,2556,1338

2119776805,1998,2589,1328

2119777805,1997,2631,1324

2119778805,2007,2677,1309

2119779805,1997,2739,1302

2119780805,1996,2818,1297

2119792801,1991,2957,1456

2119793805,1993,2967,1489

2119794805,1977,2972,1519

2119795805,1983,2975,1535

2119796805,1977,3027,1554

2119797805,1981,3069,1582

2119798805,1971,3122,1616

2119799805,1975,3143,1637

2119810453,1955,2717,2053

2119811805,1957,2671,2106

2119812805,1955,2654,2140

2119813805,1955,2646,2164

2119814805,1953,2666,2192

2119815805,1945,2669,2224

2119816805,1963,2657,2250

2119828801,1961,1988,2578

2119829805,1955,1971,2601

2119830805,1958,1978,2613

2119831805,1958,1987,2609

2119832805,1961,1986,2608

2119833805,1964,1974,2598

2119834805,1959,1947,2624

2119835805,1959,1931,2623

2119847801,1978,1565,2547

2119848805,1975,1600,2524

2119849805,1968,1635,2495

2119850805,1983,1651,2467

2119851805,1984,1671,2428

2119852805,1972,1693,2405

2119853805,1979,1711,2379

2119854805,1974,1713,2352

2119866801,1986,1909,1971

2119867805,1982,1967,1922

2119868805,1984,2016,1918

2119869805,1999,2069,1856

2119870805,1991,2126,1805

2119871805,1983,2149,1785

2119872805,1984,2161,1747

2119873805,1995,2160,1725

2119885801,1991,2689,1424

2119886805,1996,2755,1431

2119887805,1995,2802,1375

2119888805,1997,2834,1391

2119889805,1984,2833,1371

2119890805,1989,2829,1360

2119891805,1998,2816,1361

2119892805,1990,2825,1363

2119904801,1999,3206,1439

2119905805,1983,3194,1461

2119906805,1984,3155,1477

2119907805,1981,3105,1497

2119908805,1983,3078,1526

2119909805,1983,3034,1566

2119910805,1971,3003,1600

2119911805,1970,2957,1630

2119922801,1955,2868,1953

2119923805,1955,2800,1984

2119924805,1967,2730,2026

2119925805,1966,2664,2064

2119926805,1963,2595,2102

2119927805,1963,2539,2135

2119928805,1958,2463,2182

2119929805,1954,2403,2213

2119941801,1964,2033,2480

2119942805,1957,1974,2496

2119943805,1968,1919,2513

2119944805,1968,1861,2530

2119945805,1965,1798,2544

2119946805,1967,1804,2559

2119947805,1968,1708,2591

2119948805,1961,1699,2590

2119960801,1973,1578,2497

2119961805,1981,1547,2493

2119962805,1979,1520,2481

2119963805,1987,1530,2466

2119964805,1991,1490,2447

2119965805,1984,1526,2430

2119966805,1981,1579,2414

2119967805,1983,1607,2384

2119978453,1984,1879,2063

2119979805,1986,1869,2032

2119980805,1977,1885,2000

2119981805,1983,1920,1970

2119982805,1982,1987,1936

2119983805,1984,2054,1908

2119984805,1983,2113,1854

2119996801,1995,2543,1565

2119997805,1995,2559,1543

2119998805,1991,2608,1520

2119999805,1985,2667,1505

2120000805,1987,2715,1488

2120001805,1982,2771,1454

2120002805,2021,2827,1456

2120003805,1987,2881,1454

2120015801,1990,2991,1465

2120016805,1987,3011,1475

2120017805,1981,3030,1488

2120018805,1979,3033,1505

2120019805,1979,3055,1512

2120020805,1984,3090,1521

2120021805,1984,3121,1530

2120022805,1976,3144,1551

2120034801,1968,2682,1933

2120035805,1970,2656,1923

2120036805,1958,2646,1955

2120037805,1961,2637,1984

2120038805,1967,2640,1999

2120039805,1963,2627,2029

2120040805,1967,2631,2064

2120041805,1959,2533,2093

2120053801,1972,1954,2407

2120054805,1964,1958,2427

2120055805,1951,1963,2433

2120056805,1971,1946,2437

2120057805,1970,1909,2450

2120058805,1974,1881,2470

2120059805,1968,1820,2480

2120060805,1970,1808,2496

2120072801,1985,1654,2497

2120073805,1971,1669,2482

2120074805,1975,1675,2463

2120075805,1979,1695,2448

2120076805,1985,1680,2437

2120077805,1987,1684,2421

2120078805,1983,1677,2400

2120079805,1984,1658,2398

2120090801,1979,2011,2117

2120091805,1979,2044,2087

2120092805,1978,2083,2045

2120093805,1979,2123,2027

2120094805,1970,2160,1995

2120095805,1973,2153,1968

2120096805,1980,2179,1942

2120097805,1983,2179,1942

2120109801,1987,2755,1601

2120110805,1965,2796,1581

2120111805,1983,2830,1553

2120112805,1979,2842,1552

2120113805,1990,2833,1523

2120114805,1981,2816,1517

2120115805,1987,2827,1514

2120116805,1990,2835,1501

2120128801,1995,3150,1450

2120129805,1990,3123,1471

2120130805,1984,3083,1483

2120131805,1984,3025,1489

2120132805,1981,2988,1511

2120133805,1981,2973,1530

2120134805,1975,2950,1552

2120135805,1991,2934,1579

2120146453,1970,2771,1802

2120147805,1975,2672,1816

2120148805,1968,2601,1865

2120149805,1968,2535,1904

2120150805,1961,2491,1937

2120151805,1969,2439,1969

2120152805,1974,2399,1997

2120164801,1970,2000,2304

2120165805,1967,1925,2323

2120166805,1971,1884,2350

2120167805,1973,1869,2378

2120168805,1947,1789,2396

2120169805,1968,1748,2413

2120170805,1972,1726,2432

2120171805,1980,1707,2448

2120183801,1998,1567,2509

2120184805,1975,1565,2509

2120185805,1975,1553,2496

2120186805,1974,1535,2499

2120187805,1989,1552,2493

2120188805,1981,1581,2479

2120189805,1983,1619,2467

2120190805,1982,1659,2446

2120202801,1975,1914,2210

2120203805,1973,1950,2185

2120204805,1961,1984,2161

2120205805,1971,2033,2128

2120206805,1973,2112,2096

2120207805,1968,2174,2071

2120208805,1971,2229,2039

2120209805,1978,2288,2047

2120221801,1968,2631,1678

2120222805,1983,2681,1680

2120223805,1983,2747,1650

2120224805,1984,2801,1632

2120225805,1982,2858,1609

2120226805,1979,2902,1584

2120227805,1988,2960,1565

2120228805,1987,2987,1543

2120240801,1987,3018,1485

2120241805,1989,3035,1469

2120242805,1984,3061,1486

2120243805,1982,3067,1475

2120244805,1984,3062,1488

2120245805,1985,3067,1488

2120246805,1989,3051,1503

2120247805,1979,3043,1506

2120258801,1984,2655,1757

2120259805,1980,2631,1767

2120260805,1982,2619,1789

2120261805,1975,2599,1813

2120262805,1982,2577,1840

2120263805,1973,2544,1858

2120264805,1970,2497,1905

2120265805,1987,2441,1917

2120277801,1973,1964,2258

2120278805,1973,1955,2223

2120279805,1977,1939,2285

2120280805,1968,1921,2282

2120281805,1975,1879,2339

2120282805,1974,1857,2350

2120283805,1972,1791,2373

2120284805,1973,1757,2415

2120296801,1982,1709,2486

2120297805,1977,1723,2485

2120298805,1982,1715,2482

2120299805,1981,1680,2480

2120300805,1983,1702,2507

2120301805,1973,1689,2434

2120302805,1979,1690,2465

2120303805,1983,1676,2459

2120314453,1968,2081,2265

2120315805,1971,2121,2223

2120316805,1981,2141,2221

2120317805,1969,2156,2182

2120318805,1969,2182,2163

2120319805,1968,2201,2139

2120320805,1970,2203,2127

2120332801,1983,2752,1766

2120333805,1981,2769,1755

2120334805,1979,2775,1725

2120335805,1981,2807,1706

2120336805,1981,2807,1707

2120337805,1980,2806,1643

2120338805,1979,2801,1650

2120339805,1983,2815,1616

2120351801,1984,3053,1456

2120352805,1983,3027,1457

2120353805,1984,3008,1488

2120354805,1993,2963,1474

2120355805,1996,2927,1488

2120356805,1985,2897,1478

2120357805,1986,2897,1488

2120358805,1985,2895,1493

2120370801,1996,2625,1667

2120371805,1974,2555,1639

2120372805,1978,2496,1743

2120373805,1975,2446,1771

2120374805,1978,2415,1799

2120375805,1979,2389,1807

2120376805,1979,2354,1835

2120377805,1983,2327,1867

2120389801,1974,1877,2203

2120390805,1996,1842,2186

2120391805,1980,1820,2256

2120392805,1977,1806,2276

2120393805,1975,1777,2297

2120394805,1982,1775,2357

2120395805,1975,1771,2338

2120396805,1984,1775,2354

2120408837,1975,1618,2512

2120409805,1974,1626,2517

2120410805,1983,1644,2514

2120411805,1981,1663,2512

2120412805,1981,1699,2510

2120413805,1971,1731,2499

2120414805,1975,1783,2497

2120415805,1979,1817,2479

2120426801,1969,2007,2339

2120427805,1970,2043,2321

2120428805,1968,2096,2288

2120429805,1966,2149,2275

2120430805,1968,2213,2240

2120431805,1968,2269,2215

2120432805,1983,2322,2192

2120433805,1966,2355,2151

2120445801,1979,2677,1831

2120446805,1970,2723,1804

2120447805,1961,2778,1776

2120448805,1979,2832,1744

2120449805,1974,2871,1719

2120450805,1973,2900,1694

2120451805,1982,2921,1653

2120452805,1982,2953,1634

2120464801,1990,2982,1469

2120465805,1986,2992,1463

2120466805,1979,2997,1442

2120467805,1986,2996,1445

2120468805,1985,2987,1435

2120469805,1985,2970,1449

2120470805,1988,2944,1449

2120471805,1993,2902,1456

2120482453,1973,2611,1597

2120483805,1981,2594,1616

2120484805,1986,2550,1648

2120485805,1987,2538,1616

2120486805,1984,2503,1684

2120487805,1984,2455,1711

2120488805,1984,2411,1743

2120500801,1987,2009,2101

2120501805,1978,1994,2128

2120502805,1974,1967,2161

2120503805,1984,1954,2178

2120504805,1984,1911,2208

2120505805,1984,1871,2230

2120506805,1977,1819,2255

2120507805,1983,1793,2314

2120519801,1972,1776,2475

2120520842,1970,1778,2496

2120521805,1979,1777,2505

2120522805,1980,1766,2507

2120523805,1974,1751,2519

2120524805,1946,1749,2521

2120525805,1978,1750,2523

2120526805,1981,1751,2517

2120538801,1968,2153,2384

2120539805,1998,2160,2365

2120540805,1973,2166,2343

2120541805,1970,2183,2320

2120542805,1978,2197,2305

2120543805,1964,2224,2294

2120544805,1972,2247,2259

2120545805,1962,2266,2239

2120557801,1974,2714,1936

2120558805,1968,2718,1845

2120559805,1973,2735,1818

2120560805,1991,2743,1792

2120561805,1994,2749,1769

2120562805,1975,2759,1752

2120563805,1969,2780,1722

2120564805,1984,2817,1694

2120576838,1987,2899,1465

2120577805,2000,2863,1463

2120578805,2022,2845,1458

2120579805,1987,2828,1452

2120580805,1990,2813,1361

2120581805,2091,2816,1459

2120582805,2000,2821,1437

2120583805,1995,2828,1435

2120594801,2000,2515,1566

2120595805,1989,2461,1586

2120596805,1996,2419,1605

2120597805,1985,2397,1610

2120598805,1991,2378,1619

2120599805,1989,2365,1679

2120600805,1998,2347,1694

2120601805,1984,2320,1778

2120613801,1981,1917,2098

2120614805,1982,1891,2114

2120615805,1975,1873,2157

2120616805,1980,1861,2182

2120617805,2028,1859,2195

2120618805,1985,1855,2234

2120619805,2001,1853,2240

2120620805,1984,1857,2277

2120632814,1974,1733,2512

2120633805,1968,1755,2510

2120634805,1967,1771,2489

2120635805,1971,1806,2530

2120636805,1968,1840,2530

2120637805,1954,1871,2539

2120638805,1947,1893,2539

2120639805,1970,1917,2531

2120650453,1968,2095,2454

2120651805,1957,2145,2426

2120652805,1997,2192,2404

2120653805,1954,2237,2375

2120654805,1934,2292,2352

2120655805,1963,2343,2449

2120656805,1964,2368,2303

2120668801,1973,2639,1967

2120669805,1975,2673,1941

2120670805,1968,2730,1929

2120671805,1968,2769,1856

2120672805,1979,2800,1841

2120673805,1975,2821,1762

2120674805,1968,2822,1769

2120675805,1970,2838,1744

2120687801,1987,2880,1479

2120688808,1991,2896,1453

2120689805,1995,2905,1421

2120690805,1996,2898,1433

2120691805,1997,2875,1413

2120692805,1998,2855,1414

2120693805,1997,2832,1408

2120694805,1995,2801,1407

2120706801,1996,2559,1551

2120707805,1994,2530,1519

2120708805,2001,2493,1559

2120709805,1994,2457,1559

2120710805,1995,2422,1575

2120711805,2000,2386,1616

2120712805,1998,2331,1616

2120713805,1995,2283,1666

2120725801,1985,2021,2015

2120726805,1985,1998,2043

2120727805,1987,1972,2103

2120728805,1985,1941,2115

2120729805,1982,1909,2160

2120730805,1981,1872,2192

2120731805,1989,1840,2218

2120732805,1983,1829,2254

2120744815,1974,1865,2491

2120745805,1972,1851,2519

2120746805,1984,1842,2538

2120747805,2032,1835,2549

2120748805,1970,1825,2537

2120749805,1963,1842,2559

2120750805,1971,1854,2576

2120751805,1971,1874,2576

2120763801,1983,2189,2471

2120764805,1961,2202,2448

2120765805,1966,2211,2434

2120766805,1953,2237,2415

2120767805,1967,2258,2393

2120768805,1954,2283,2369

2120769805,1962,2320,2341

2120770805,1957,2352,2319

2120782801,1971,2640,1943

2120783805,1973,2650,1907

2120784805,1967,2671,1879

2120785805,1967,2681,1846

2120786805,1974,2704,1811

2120787805,1973,2720,1782

2120788805,1981,2750,1753

2120789805,1982,2787,1719

2120801801,1991,2747,1447

2120802805,2001,2736,1392

2120803805,1999,2735,1430

2120804805,2042,2734,1423

2120805805,2000,2737,1406

2120806805,2000,2742,1392

2120807805,2003,2742,1389

2120808805,2001,2736,1376

2120820801,2035,2391,1509

2120821805,2001,2375,1523

2120822805,2013,2369,1550

2120823805,2000,2368,1563

2120824805,1989,2347,1589

2120825805,1995,2336,1610

2120826805,1999,2311,1635

2120827805,1991,2295,1662

2120839801,2000,1968,2054

2120840805,1973,1975,2102

2120841805,1959,1969,2128

2120842805,1987,1968,2157

2120843805,1987,1967,2187

2120844805,1983,1961,2214

2120845805,1984,1947,2254

2120846805,1979,1934,2283

2120858801,1978,1910,2516

2120859805,1955,1935,2545

2120860805,1961,1965,2548

2120861805,1985,1977,2559

2120862805,1985,1998,2577

2120863805,1991,1997,2582

2120864805,1968,1986,2589

2120865805,1978,1991,2591

2120877801,1964,2293,2429

2120878805,2016,2322,2438

2120879805,1962,2361,2415

2120880805,1961,2365,2397

2120881805,1931,2383,2369

2120882805,1978,2390,2342

2120883805,1956,2395,2319

2120884805,1968,2417,2293

2120896801,1953,2710,1891

2120897805,1972,2717,1872

2120898805,1919,2720,1833

2120899805,1969,2705,1793

2120900805,1985,2708,1771

2120901805,1979,2714,1744

2120902805,1979,2702,1718

2120903805,2006,2705,1717

2120915801,2002,2735,1431

2120916805,2000,2706,1390

2120917805,1987,2700,1392

2120918805,1999,2672,1395

2120919805,1995,2638,1388

2120920805,1993,2615,1378

2120921805,2000,2597,1375

2120922805,1985,2574,1376

2120934801,2000,2372,1498

2120935805,2031,2336,1526

2120936805,1999,2301,1556

2120937805,1982,2273,1584

2120938805,2000,2239,1605

2120939805,1997,2219,1619

2120940805,1983,2209,1670

2120941805,1984,2193,1701

2120953801,1984,1967,2103

2120954805,2013,1943,2134

2120955805,1996,1929,2176

2120956805,1959,1931,2207

2120957805,1978,1932,2230

2120958805,1975,1936,2256

2120959805,1980,1936,2300

2120960805,1951,1942,2321

2120972801,1967,1936,2585

2120973805,1968,1957,2594

2120974805,1968,1969,2606

2120975805,2006,1996,2609

2120976805,1966,2016,2673

2120977805,1968,2041,2622

2120978805,1962,2076,2617

2120979805,1965,2107,2609

2120991801,1968,2278,2470

2120992805,1958,2313,2448

2120993805,1957,2336,2427

2120994805,1968,2370,2369

2120995805,1967,2405,2351

2120996805,1963,2448,2331

2120997805,1961,2469,2305

2120998805,1958,2483,2265

2121010801,1983,2622,1874

2121011805,1978,2655,1859

2121012805,1983,2673,1792

2121013805,2013,2700,1762

2121014805,1987,2704,1737

2121015805,1991,2709,1699

2121016805,1988,2719,1663

2121017805,1992,2706,1641

2121029801,2002,2663,1385

2121030805,2002,2666,1370

2121031805,2000,2649,1407

2121032805,2000,2640,1355

2121033805,2007,2626,1354

2121034805,2001,2611,1357

2121035805,2004,2570,1346

2121036805,2004,2559,1327

2121048801,2000,2368,1515

2121049805,2005,2349,1552

2121050805,1999,2327,1578

2121051805,2038,2303,1591

2121052805,1997,2279,1631

2121053805,1995,2246,1653

2121054805,1995,2214,1683

2121055805,1990,2191,1737

2121067801,1975,2072,2139

2121068805,1983,2055,2175

2121069805,1977,2038,2195

2121070805,1978,2018,2239

2121071805,1973,1993,2275

2121072805,1980,1975,2309

2121073805,2001,1967,2341

2121074805,1973,1968,2368

2121086801,1968,2069,2598

2121087805,1968,2070,2605

2121088805,1967,2060,2621

2121089805,1945,2064,2616

2121090805,1971,2065,2627

2121091805,1967,2079,2631

2121092805,1965,2089,2630

2121093805,1966,2110,2633

2121105801,1968,2327,2434

2121106805,1955,2338,2415

2121107805,1967,2353,2395

2121108805,1981,2359,2358

2121109805,1962,2388,2335

2121110805,1988,2391,2303

2121111805,1957,2411,2277

2121112805,1966,2434,2240

2121124801,1984,2579,1819

2121125805,1947,2581,1775

2121126805,1984,2577,1755

2121127805,1991,2585,1723

2121128805,1985,2606,1697

2121129805,2020,2612,1661

2121130805,1985,2621,1626

2121131805,1986,2640,1595

2121143801,2001,2542,1363

2121144805,2004,2538,1364

2121145805,2001,2523,1357

2121146805,2011,2524,1371

2121147805,2007,2529,1345

2121148805,2004,2527,1335

2121149805,2015,2522,1345

2121150805,2009,2519,1344

2121162801,2000,2281,1555

2121163805,1997,2275,1583

2121164805,2015,2273,1621

2121165805,1983,2270,1634

2121166805,1997,2224,1662

2121167805,2000,2286,1690

2121168805,1993,2255,1699

2121169805,1997,2233,1763

2121181801,2023,2067,2195

2121182805,1971,2079,2223

2121183805,1977,2091,2256

2121184805,1975,2081,2279

2121185805,1970,2090,2307

2121186805,1982,2093,2343

2121187805,1981,2090,2371

2121188805,1975,2089,2397

2121200801,1961,2117,2623

2121201805,1961,2131,2624

2121202805,1959,2153,2625

2121203805,1956,2170,2623

2121204805,1963,2165,2624

2121205805,1965,2167,2617

2121206805,1962,2186,2627

2121207805,1963,2189,2617

2121219801,1959,2366,2401

2121220805,1967,2399,2368

2121221805,1955,2386,2341

2121222805,1966,2416,2319

2121223805,1966,2508,2286

2121224805,1968,2421,2256

2121225805,1968,2416,2238

2121226805,1995,2427,2192

2121238801,1984,2589,1763

2121239805,1985,2589,1741

2121240805,1981,2581,1701

2121241805,1998,2574,1675

2121242805,1990,2581,1634

2121243805,1984,2559,1610

2121244805,2000,2544,1584

2121245805,1996,2539,1567

2121257801,2009,2533,1343

2121258805,2011,2517,1331

2121259805,2008,2511,1335

2121260805,2032,2489,1329

2121261805,2011,2465,1335

2121262805,1995,2448,1349

2121263805,2015,2441,1350

2121264805,2005,2435,1357

2121276801,1993,2315,1584

2121277805,1968,2290,1616

2121278805,2031,2261,1643

2121279805,2006,2241,1680

2121280805,1998,2226,1719

2121281805,1974,2224,1744

2121282805,1989,2222,1780

2121283805,1993,2211,1811

2121295801,1973,2097,2234

2121296805,1968,2096,2279

2121297805,1973,2086,2311

2121298805,1968,2083,2342

2121299805,1994,2091,2366

2121300805,1974,2096,2392

2121301805,1970,2105,2416

2121302805,1968,2115,2445

2121314801,1966,2118,2631

2121315805,1966,2133,2631

2121316805,1964,2150,2640

2121317805,2019,2160,2640

2121318805,1967,2177,2631

2121319805,1961,2193,2626

2121320805,1986,2220,2624

2121321805,1962,2229,2608

2121333801,1964,2323,2355

2121334805,1968,2338,2347

2121335805,1968,2363,2315

2121336805,1985,2387,2283

2121337805,1972,2410,2245

2121338805,1965,2428,2214

2121339805,1969,2438,2173

2121340805,1972,2449,2134

2121352801,1985,2496,1726

2121353805,1991,2516,1681

2121354805,1994,2527,1664

2121355805,1985,2550,1629

2121356805,1989,2548,1597

2121357805,1993,2543,1567

2121358805,2000,2551,1534

2121359805,2002,2544,1509

2121371836,2011,2496,1332

2121372805,2005,2509,1338

2121373805,2002,2498,1337

2121374805,2006,2496,1342

2121375805,2002,2480,1330

2121376805,2009,2478,1341

2121377805,2008,2453,1360

2121378805,2009,2448,1372

2121389801,1997,2352,1597

2121390805,1997,2349,1631

2121391805,2000,2332,1655

2121392805,1997,2325,1682

2121393805,1989,2307,1715

2121394805,1986,2295,1750

2121395805,1995,2282,1786

2121396805,1989,2256,1824

2121408801,1978,2198,2251

2121409805,1968,2193,2276

2121410805,1970,2187,2313

2121411805,1971,2176,2323

2121412805,1968,2169,2366

2121413805,1968,2155,2398

2121414805,1968,2141,2422

2121415805,1968,2131,2449

2121427833,1963,2190,2639

2121428805,1943,2194,2625

2121429805,1942,2186,2631

2121430805,1963,2183,2630

2121431805,1952,2181,2635

2121432805,1960,2176,2623

2121433805,1962,2192,2622

2121434805,1958,2187,2608

2121445450,1971,2323,2384

2121446805,1965,2326,2350

2121447805,1963,2320,2320

2121448805,1991,2321,2293

2121449805,1968,2323,2262

2121450805,1973,2330,2226

2121451805,1971,2329,2201

2121463801,1987,2451,1763

2121464805,1989,2448,1741

2121465805,1985,2443,1705

2121466805,1963,2446,1675

2121467805,1990,2410,1647

2121468805,1995,2446,1627

2121469805,2001,2443,1600

2121470805,1995,2460,1563

2121482801,2015,2462,1357

2121483836,2018,2463,1343

2121484805,2007,2449,1350

2121485805,2069,2442,1347

2121486805,2002,2435,1346

2121487805,2011,2438,1348

2121488805,2017,2445,1355

2121489805,2009,2453,1361

2121501801,2000,2352,1588

2121502805,1997,2342,1622

2121503805,1994,2321,1648

2121504805,1978,2320,1680

2121505805,1991,2293,1712

2121506805,1985,2321,1746

2121507805,1994,2320,1775

2121508805,1973,2320,1812

2121520801,1973,2196,2229

2121521805,1973,2192,2267

2121522805,1968,2201,2298

2121523805,1965,2210,2321

2121524805,1970,2209,2351

2121525805,1963,2213,2374

2121526805,1965,2208,2400

2121527805,1968,2224,2421

2121539838,1959,2165,2615

2121540805,1968,2180,2622

2121541805,1958,2197,2624

2121542805,1966,2192,2614

2121543805,1968,2215,2610

2121544805,1968,2226,2608

2121545805,1951,2226,2608

2121546805,1962,2238,2593

2121557801,1965,2264,2384

2121558805,1974,2269,2366

2121559805,1968,2288,2320

2121560805,1973,2307,2291

2121561805,1971,2320,2262

2121562805,1968,2329,2237

2121563805,1968,2325,2202

2121564805,1978,2336,2171

2121576801,1990,2416,1760

2121577805,1990,2421,1727

2121578805,1987,2444,1645

2121579805,1996,2442,1661

2121580805,1997,2450,1630

2121581805,2000,2453,1611

2121582805,2000,2448,1578

2121583805,2000,2447,1553

2121595801,2018,2495,1362

2121596805,2013,2496,1360

2121597805,2011,2489,1355

2121598805,2006,2477,1349

2121599805,2010,2468,1355

2121600805,2011,2480,1360

2121601805,2003,2462,1365

2121602805,2009,2496,1375

2121613453,1998,2433,1569

2121614805,1999,2431,1605

2121615805,1994,2413,1641

2121616805,1991,2401,1669

2121617805,1994,2397,1698

2121618805,1987,2381,1729

2121619805,1989,2357,1766

2121631801,1962,2297,2177

2121632805,1995,2288,2205

2121633805,1968,2283,2235

2121634805,1969,2256,2272

2121635805,1968,2256,2304

2121636805,1968,2231,2333

2121637805,1963,2221,2354

2121638805,1968,2213,2385

2121650801,1964,2207,2592

2121651805,1966,2249,2604

2121652805,1961,2187,2598

2121653805,1967,2183,2613

2121654805,1966,2170,2619

2121655805,1956,2160,2605

2121656805,1962,2173,2605

2121657805,1965,2173,2598

2121669801,1972,2225,2385

2121670805,1968,2217,2365

2121671805,1967,2228,2336

2121672805,1993,2227,2320

2121673805,1971,2229,2283

2121674805,1968,2246,2245

2121675805,1968,2247,2223

2121676805,1968,2260,2192

2121688801,1986,2346,1781

2121689805,1995,2341,1759

2121690805,1994,2366,1715

2121691805,1970,2367,1718

2121692805,1993,2375,1670

2121693805,1988,2384,1637

2121694805,1998,2401,1610

2121695805,2000,2421,1583

2121707801,2007,2449,1383

2121708805,2010,2451,1383

2121709805,2008,2448,1382

2121710805,2005,2462,1365

2121711805,2001,2451,1381

2121712805,2003,2479,1378

2121713805,2004,2475,1388

2121714805,2014,2497,1389

2121726801,1997,2423,1613

2121727805,1988,2416,1643

2121728805,1996,2419,1664

2121729805,1996,2431,1680

2121730805,1994,2432,1722

2121731805,1990,2427,1754

2121732805,2013,2429,1777

2121733805,1986,2418,1810

2121745801,1968,2289,2215

2121746805,1967,2299,2250

2121747805,1969,2309,2279

2121748805,2003,2293,2288

2121749805,1968,2288,2335

2121750805,1967,2317,2352

2121751805,1967,2275,2373

2121752805,1968,2263,2404

2121764801,1965,2198,2586

2121765805,1968,2197,2576

2121766805,1967,2197,2589

2121767805,1967,2203,2580

2121768805,1955,2193,2583

2121769805,1965,2188,2559

2121770805,1959,2185,2554

2121771805,1959,2175,2558

2121783801,1975,2215,2336

2121784805,1969,2201,2312

2121785805,1973,2253,2282

2121786805,1968,2234,2291

2121787805,1971,2240,2222

2121788805,1979,2287,2198

2121789805,1981,2226,2160

2121790805,1979,2228,2133

2121802801,1995,2358,1739

2121803805,1995,2371,1717

2121804805,1994,2368,1696

2121805805,1979,2368,1712

2121806805,1987,2426,1645

2121807805,1999,2455,1609

2121808805,1996,2378,1594

2121809805,1993,2385,1557

2121821801,2011,2487,1392

2121822805,2005,2494,1396

2121823805,2006,2480,1390

2121824805,2042,2477,1399

2121825805,2002,2466,1406

2121826805,2011,2478,1411

2121827805,2002,2464,1421

2121828805,2003,2384,1422

2121840801,2000,2475,1653

2121841805,1997,2463,1685

2121842805,1990,2446,1714

2121843805,1989,2445,1744

2121844805,1988,2429,1776

2121845805,1979,2427,1808

2121846805,1998,2425,1842

2121847805,1983,2417,1856

2121859801,1978,2317,2250

2121860805,1973,2309,2275

2121861805,1968,2279,2303

2121862805,1975,2274,2326

2121863805,1971,2256,2359

2121864805,1967,2257,2375

2121865805,1963,2257,2395

2121866805,1966,2271,2418

2121878801,1967,2150,2575

2121879805,1965,2151,2553

2121880805,1959,2144,2559

2121881805,1966,2149,2567

2121882805,1971,2135,2555

2121883805,1963,2147,2542

2121884805,1963,2153,2537

2121885805,1966,2157,2525

2121897801,1978,2151,2298

2121898805,1973,2168,2270

2121899805,1978,2176,2239

2121900805,1974,2191,2210

2121901805,1973,2224,2179

2121902805,1981,2216,2149

2121903805,1981,2226,2110

2121904805,1981,2188,2085

2121916801,2000,2320,1718

2121917805,1998,2335,1690

2121918805,1994,2362,1665

2121919805,1994,2382,1616

2121920805,2000,2388,1617

2121921805,2006,2400,1594

2121922805,2001,2405,1578

2121923805,2003,2408,1552

2121935801,2001,2506,1421

2121936805,2005,2510,1424

2121937805,2002,2517,1417

2121938805,2042,2530,1424

2121939805,2009,2522,1429

2121940805,2005,2533,1435

2121941805,2001,2526,1445

2121942805,2000,2527,1459

2121954801,2004,2512,1698

2121955805,1983,2509,1734

2121956805,1988,2496,1759

2121957805,1970,2491,1798

2121958805,1985,2474,1823

2121959805,1983,2469,1849

2121960805,1968,2448,1885

2121961805,1982,2439,1918

2121973801,1981,2337,2270

2121974805,1966,2323,2287

2121975805,1968,2309,2319

2121976805,1930,2290,2345

2121977805,1966,2269,2359

2121978805,1969,2256,2388

2121979805,1985,2239,2389

2121980805,1959,2231,2430

2121992801,1969,2153,2535

2121993805,1964,2147,2528

2121994805,1967,2128,2519

2121995805,1970,2114,2522

2121996805,1963,2117,2523

2121997805,1967,2098,2511

2121998805,1969,2107,2495

2121999805,1968,2099,2492

2122011801,1974,2160,2246

2122012805,1974,2144,2218

2122013805,1975,2078,2193

2122014805,2006,2157,2163

2122015805,1981,2158,2143

2122016805,1984,2163,2096

2122017805,1973,2179,2106

2122018805,1979,2192,2053

2122030801,1999,2343,1702

2122031805,1996,2331,1677

2122032805,1994,2346,1649

2122033805,2005,2352,1621

2122034805,1996,2371,1609

2122035805,1998,2386,1584

2122036805,1999,2401,1573

2122037805,2005,2418,1552

2122049801,2009,2501,1454

2122050805,2002,2509,1456

2122051805,2005,2525,1458

2122052805,1958,2535,1461

2122053805,2000,2527,1473

2122054805,1994,2544,1473

2122055805,2004,2558,1492

2122056805,2000,2555,1497

2122068801,1989,2501,1761

2122069805,1971,2509,1776

2122070805,1979,2511,1808

2122071805,1996,2495,1840

2122072805,1983,2495,1863

2122073805,1975,2486,1890

2122074805,1983,2485,1924

2122075805,1979,2473,1950

2122087801,1970,2317,2287

2122088805,1968,2301,2309

2122089805,1966,2288,2330

2122090805,1975,2278,2352

2122091805,1968,2271,2372

2122092805,1965,2261,2385

2122093805,1955,2256,2407

2122094805,1967,2235,2416

2122106801,1971,2116,2502

2122107805,1968,2123,2506

2122108805,1975,2112,2495

2122109805,1971,2117,2486

2122110805,1970,2103,2478

2122111805,1966,2105,2475

2122112805,1968,2095,2462

2122113805,1974,2101,2447

2122125801,1984,2179,2204

2122126805,1982,2153,2176

2122127805,1979,2161,2145

2122128805,1973,2163,2118

2122129805,1982,2167,2098

2122130805,1987,2170,2064

2122131805,1983,2189,2003

2122132805,1993,2190,2003

2122144801,1994,2373,1686

2122145805,1996,2385,1663

2122146805,2006,2408,1642

2122147805,2023,2393,1621

2122148805,1995,2411,1601

2122149805,2000,2371,1593

2122150805,1973,2417,1573

2122151805,1993,2425,1552

2122163801,2002,2557,1475

2122164805,1997,2574,1488

2122165805,2000,2559,1489

2122166805,1950,2558,1486

2122167805,2002,2559,1505

2122168805,1998,2608,1519

2122169805,1978,2555,1507

2122170805,2000,2539,1534

2122182801,1984,2533,1792

2122183805,1981,2516,1818

2122184805,1981,2503,1846

2122185805,1968,2486,1882

2122186805,1983,2478,1904

2122187805,1978,2470,1935

2122188805,2003,2461,1957

2122189805,1974,2447,1989

2122201801,1974,2288,2290

2122202805,1963,2240,2317

2122203805,1968,2283,2329

2122204805,1987,2230,2355

2122205805,1971,2195,2371

2122206805,1975,2224,2383

2122207805,1967,2210,2397

2122208805,1970,2217,2418

2122220801,1968,2083,2470

2122221805,1970,2064,2469

2122222805,1974,2063,2467

2122223805,1967,2071,2459

2122224805,1977,2064,2442

2122225805,1968,2069,2441

2122226805,1968,2069,2416

2122227805,1968,2112,2409

2122239801,1984,2122,2162

2122240805,1980,2125,2149

2122241805,1982,2139,2128

2122242805,1984,2151,2096

2122243805,1979,2178,2063

2122244805,1984,2189,2032

2122245805,1990,2206,2000

2122246805,1981,2218,1970

2122258801,1997,2374,1686

2122259805,2000,2398,1662

2122260805,2000,2417,1635

2122261805,1997,2427,1607

2122262805,2000,2448,1602

2122263805,1998,2458,1586

2122264805,1993,2471,1580

2122265805,1996,2482,1562

2122277801,1998,2594,1509

2122278805,1998,2608,1493

2122279805,2000,2610,1523

2122280805,2022,2608,1532

2122281805,1997,2620,1531

2122282805,2000,2624,1562

2122283805,1999,2611,1569

2122284805,1990,2608,1578

2122296801,1979,2545,1825

2122297805,1983,2531,1850

2122298805,1983,2514,1879

2122299805,2026,2496,1903

2122300805,1979,2491,1929

2122301805,1984,2475,1960

2122302805,1947,2453,1981

2122303805,1978,2438,2014

2122315801,1974,2254,2293

2122316805,1969,2256,2311

2122317805,1977,2242,2331

2122318805,1968,2224,2350

2122319805,1968,2199,2361

2122320805,1966,2179,2375

2122321805,1959,2165,2393

2122322805,1969,2155,2400

2122334801,1968,2069,2503

2122335805,1971,2047,2433

2122336805,1969,2053,2431

2122337805,1979,2035,2422

2122338805,1981,1998,2414

2122339805,1982,2032,2399

2122340805,1969,2026,2387

2122341805,1974,2032,2371

2122352801,1986,2160,2154

2122353805,1981,2123,2133

2122354805,1994,2129,2110

2122355805,1985,2145,2078

2122356805,1983,2157,2058

2122357805,1980,2163,2032

2122358805,1981,2180,2014

2122359805,1984,2192,1984

2122371801,1990,2387,1706

2122372805,1997,2396,1686

2122373805,1988,2416,1669

2122374805,1993,2422,1655

2122375805,1994,2441,1639

2122376805,1995,2456,1618

2122377805,2000,2471,1606

2122378805,2000,2494,1589

2122390801,1983,2591,1548

2122391805,2000,2598,1549

2122392805,1999,2607,1553

2122393805,1994,2618,1559

2122394805,1997,2579,1571

2122395805,1995,2617,1584

2122396805,1993,2629,1590

2122397805,1991,2633,1601

2122408453,1982,2518,1803

2122409805,1984,2514,1831

2122410805,1983,2512,1857

2122411805,1986,2501,1867

2122412805,1983,2497,1901

2122413805,1977,2480,1931

2122414805,1982,2461,1947

2122426801,1973,2267,2243

2122427805,1979,2254,2252

2122428805,1974,2242,2277

2122429805,1971,2224,2295

2122430805,1971,2217,2301

2122431805,1970,2210,2322

2122432805,1967,2191,2352

2122433805,1962,2178,2351

2122445801,1968,2032,2429

2122446805,1984,2035,2419

2122447805,1977,2038,2415

2122448805,1977,2029,2410

2122449805,1975,2038,2409

2122450805,1968,2034,2399

2122451805,1977,2034,2391

2122452805,1963,2035,2384

2122464801,1978,2103,2176

2122465805,1984,2129,2161

2122466805,1982,2144,2132

2122467805,1978,2155,2106

2122468805,1985,2160,2085

2122469805,1987,2172,2059

2122470805,1977,2205,2038

2122471805,1984,2202,2015

2122483801,1997,2403,1719

2122484805,1994,2403,1725

2122485805,1995,2438,1709

2122486805,1999,2451,1685

2122487805,2000,2469,1669

2122488805,2000,2477,1657

2122489805,2017,2481,1635

2122490805,2032,2506,1629

2122502801,1994,2640,1553

2122503805,1997,2638,1559

2122504805,1999,2647,1558

2122505805,2000,2634,1573

2122506805,1991,2630,1574

2122507805,1993,2626,1584

2122508805,2047,2630,1591

2122509805,1990,2615,1610

2122520801,1985,2570,1786

2122521805,1989,2554,1806

2122522805,1988,2534,1825

2122523805,1983,2527,1856

2122524805,1983,2503,1872

2122525805,1983,2486,1895

2122526805,1983,2465,1927

2122527805,1982,2450,1946

2122539801,1973,2271,2220

2122540805,1977,2241,2241

2122541805,1970,2225,2255

2122542805,1971,2203,2272

2122543805,1971,2186,2285

2122544805,1981,2161,2301

2122545805,1969,2156,2299

2122546805,1975,2138,2335

2122558801,1980,2030,2407

2122559805,1971,2021,2396

2122560805,1971,2014,2395

2122561805,1972,2016,2385

2122562805,1975,2000,2385

2122563805,1973,2006,2380

2122564805,1955,2004,2381

2122565805,1972,2014,2368

2122576453,1984,2095,2205

2122577805,1979,2107,2179

2122578805,1981,2113,2155

2122579805,1977,2128,2139

2122580805,1979,2144,2119

2122581805,1981,2158,2093

2122582805,1984,2171,2075

2122594801,1991,2377,1805

2122595805,1995,2385,1783

2122596805,1991,2399,1771

2122597805,1990,2462,1741

2122598805,1999,2435,1728

2122599805,1986,2457,1703

2122600805,1989,2480,1696

2122601805,1994,2487,1678

2122613801,1996,2619,1581

2122614805,1993,2622,1584

2122615805,1990,2634,1583

2122616805,1999,2630,1584

2122617805,1986,2640,1584

2122618805,2001,2635,1595

2122619805,1995,2642,1600

2122620805,2002,2643,1604

2122632801,1984,2546,1770

2122633805,1983,2541,1786

2122634805,1984,2526,1808

2122635805,1970,2505,1827

2122636805,1981,2511,1839

2122637805,1985,2496,1875

2122638805,1983,2485,1897

2122639805,1978,2471,1914

2122651801,1979,2263,2173

2122652805,1981,2241,2203

2122653805,1978,2227,2207

2122654805,1970,2216,2223

2122655805,1970,2209,2237

2122656805,1973,2180,2267

2122657805,1973,2173,2256

2122658805,1968,2161,2295

2122670801,1978,2032,2386

2122671805,1980,2027,2382

2122672805,1969,2015,2382

2122673805,1970,2031,2380

2122674805,1975,2015,2373

2122675805,1983,2020,2369

2122676805,1981,2020,2365

2122677805,1979,2017,2356

2122688801,1978,2105,2223

2122689805,1983,2116,2201

2122690805,1975,2133,2179

2122691805,1981,2147,2161

2122692805,1984,2161,2147

2122693805,1984,2176,2128

2122694805,1984,2191,2096

2122695805,1981,2193,2084

2122707801,1988,2412,1811

2122708805,1997,2430,1787

2122709805,1994,2448,1778

2122710805,1987,2452,1763

2122711805,1991,2463,1749

2122712805,1989,2485,1731

2122713805,1984,2495,1712

2122714805,1997,2501,1707

2122726801,2000,2640,1559

2122727805,1997,2641,1597

2122728805,1995,2640,1591

2122729805,2000,2639,1595

2122730805,1991,2641,1601

2122731805,1997,2639,1605

2122732805,2000,2634,1602

2122733805,1998,2628,1616

2122744453,1987,2576,1741

2122745805,1984,2554,1767

2122746805,1985,2538,1776

2122747805,1984,2515,1803

2122748805,1984,2498,1825

2122749805,1985,2483,1847

2122750805,1986,2466,1861

2122762801,1982,2273,2113

2122763805,1981,2256,2132

2122764805,1979,2230,2160

2122765805,1975,2219,2175

2122766805,1981,2197,2192

2122767805,1974,2181,2215

2122768805,1973,2171,2230

2122769805,1980,2157,2245

2122781801,1982,2032,2373

2122782805,1969,2028,2370

2122783805,1978,2018,2369

2122784805,1977,2011,2373

2122785805,1978,2001,2374

2122786805,1982,2011,2381

2122787805,1971,2014,2371

2122788805,1982,2002,2361

2122800801,1982,2085,2240

2122801805,1985,2112,2211

2122802805,1983,2122,2207

2122803805,1965,2130,2190

2122804805,1975,2150,2164

2122805805,1980,2171,2143

2122806805,1978,2174,2129

2122807805,1990,2202,2108

2122819801,1985,2394,1855

2122820805,1988,2412,1840

2122821805,1984,2423,1824

2122822805,1985,2445,1802

2122823805,2007,2479,1787

2122824805,1987,2485,1771

2122825805,1993,2499,1744

2122826805,1995,2503,1729

2122838801,1999,2624,1629

2122839805,2000,2631,1615

2122840805,1994,2636,1616

2122841805,1995,2643,1610

2122842805,1999,2643,1610

2122843805,2000,2638,1615

2122844805,1994,2641,1612

2122845805,1996,2654,1616

2122856801,1991,2547,1731

2122857805,1987,2539,1745

2122858805,1986,2533,1759

2122859805,1995,2517,1784

2122860805,1984,2500,1795

2122861805,1995,2502,1808

2122862805,1981,2477,1826

2122863805,1989,2464,1846

2122875801,1978,2257,2107

2122876805,1984,2240,2118

2122877805,1971,2222,2131

2122878805,1971,2211,2159

2122879805,1984,2192,2160

2122880805,1975,2177,2196

2122881805,1983,2165,2203

2122882805,1978,2150,2224

2122894801,1981,2034,2343

2122895805,1981,2031,2352

2122896805,1977,2032,2357

2122897805,1982,2036,2352

2122898805,1984,2017,2358

2122899805,1981,2015,2361

2122900805,1983,2013,2364

2122901805,1983,2023,2340

2122912453,1975,2103,2259

2122913805,1973,2119,2242

2122914805,1985,2130,2229

2122915805,1979,2153,2213

2122916805,1979,2160,2196

2122917805,1985,2166,2178

2122918805,1984,2177,2162

2122930801,1985,2384,1911

2122931805,1984,2416,1902

2122932805,1979,2421,1871

2122933805,1986,2421,1858

2122934805,1979,2448,1839

2122935805,1986,2466,1821

2122936805,1985,2465,1806

2122937805,1990,2487,1788

2122949801,1989,2624,1642

2122950805,1996,2624,1637

2122951805,1998,2623,1623

2122952805,1998,2629,1627

2122953805,1997,2625,1618

2122954805,1997,2633,1619

2122955805,1999,2625,1654

2122956805,1988,2626,1618

2122968801,1997,2544,1711

2122969805,1986,2537,1717

2122970805,1986,2514,1739

2122971805,1993,2463,1747

2122972805,1985,2482,1767

2122973805,1984,2473,1790

2122974805,1987,2473,1808

2122975805,2005,2440,1826

2122987801,1979,2256,2094

2122988805,1978,2235,2083

2122989805,1979,2213,2106

2122990805,1986,2209,2128

2122991805,1977,2191,2145

2122992805,1983,2170,2171

2122993805,1969,2159,2186

2122994805,1985,2160,2189

2123006801,1975,2026,2327

2123007805,1975,2025,2346

2123008805,1981,2027,2352

2123009805,1975,2021,2353

2123010805,1972,2021,2358

2123011805,1980,2019,2357

2123012805,1979,2034,2349

2123013805,1978,2039,2354

2123024801,1984,2112,2273

2123025805,1974,2113,2265

2123026805,1978,2131,2251

2123027805,1972,2153,2225

2123028805,1980,2162,2214

2123029805,1982,2187,2213

2123030805,1977,2192,2186

2123031805,1984,2224,2163

2123043801,1981,2403,1935

2123044805,1986,2416,1908

2123045805,1982,2427,1892

2123046805,1984,2439,1872

2123047805,1986,2466,1858

2123048805,1985,2482,1833

2123049805,1991,2496,1810

2123050805,1986,2512,1806

2123062801,1998,2617,1646

2123063805,1987,2624,1637

2123064805,1984,2622,1637

2123065805,1991,2612,1623

2123066805,1997,2637,1622

2123067805,2000,2625,1619

2123068805,1995,2605,1617

2123069805,2000,2618,1617

2123080450,1985,2544,1641

2123081805,1997,2524,1708

2123082805,1996,2512,1714

2123083805,1987,2508,1731

2123084805,1986,2492,1744

2123085805,1984,2481,1762

2123086805,1995,2463,1761

2123098801,1982,2275,2006

2123099805,1984,2265,2028

2123100805,1984,2247,2039

2123101805,1979,2234,2068

2123102805,1983,2224,2086

2123103805,1987,2201,2101

2123104805,1985,2178,2131

2123105805,1955,2175,2146

2123117801,1983,2063,2317

2123118805,1983,2035,2323

2123119805,1988,2060,2331

2123120805,1981,2064,2335

2123121805,1983,2047,2338

2123122805,1984,2037,2342

2123123805,1980,2042,2351

2123124805,1983,2035,2353

2123136801,1974,2127,2303

2123137805,1977,2144,2287

2123138805,1977,2150,2208

2123139805,1980,2155,2255

2123140805,1971,2161,2233

2123141805,1983,2183,2231

2123142805,1983,2191,2210

2123143805,1975,2219,2192

2123155801,1987,2400,1958

2123156805,1978,2415,1936

2123157805,1984,2431,1930

2123158805,1994,2448,1903

2123159805,1994,2453,1887

2123160805,1985,2465,1871

2123161805,1986,2479,1855

2123162805,1985,2492,1837

2123174801,2007,2568,1659

2123175805,1996,2605,1651

2123176805,1994,2608,1649

2123177805,2000,2608,1637

2123178805,1996,2609,1641

2123179805,1998,2608,1639

2123180805,1995,2598,1625

2123181805,1994,2601,1627

2123192801,1999,2522,1678

2123193805,1997,2512,1687

2123194805,1990,2496,1695

2123195805,1989,2486,1709

2123196805,1991,2477,1722

2123197805,1998,2469,1731

2123198805,1998,2448,1751

2123199805,1997,2445,1770

2123211801,1984,2303,2000

2123212805,1986,2242,2018

2123213805,1984,2226,2035

2123214805,1978,2211,2064

2123215805,1989,2211,2079

2123216805,1987,2177,2094

2123217805,1985,2177,2119

2123218805,1981,2170,2129

2123230801,1957,2062,2287

2123231805,1984,2055,2310

2123232805,1982,2062,2323

2123233805,1975,2056,2334

2123234805,1978,2054,2340

2123235805,1963,2064,2339

2123236805,1979,2071,2347

2123237805,1982,2059,2352

2123248453,1970,2126,2311

2123249805,1980,2139,2304

2123250805,1979,2146,2288

2123251805,1974,2164,2277

2123252805,1981,2177,2256

2123253805,1990,2194,2254

2123254805,1979,2209,2225

2123266801,1975,2373,2011

2123267805,1983,2394,1986

2123268805,1983,2407,1980

2123269805,1983,2418,1951

2123270805,1985,2441,1936

2123271805,1980,2449,1906

2123272805,1989,2466,1890

2123273805,1955,2480,1872

2123285801,1997,2581,1683

2123286805,1990,2590,1674

2123287805,1993,2591,1664

2123288805,1989,2593,1649

2123289805,1991,2605,1646

2123290805,2000,2601,1646

2123291805,1991,2590,1637

2123292805,1995,2593,1634

2123304801,2000,2518,1665

2123305805,2000,2514,1666

2123306805,1993,2509,1685

2123307805,1993,2497,1680

2123308805,1994,2483,1701

2123309805,1989,2464,1721

2123310805,1996,2494,1730

2123311805,1984,2443,1744

2123323801,1975,2272,1964

2123324805,1986,2263,1994

2123325805,1982,2249,2003

2123326805,1987,2233,2031

2123327805,1982,2217,2047

2123328805,1979,2196,2078

2123329805,1983,2165,2096

2123330805,1979,2174,2115

2123342801,1977,2087,2294

2123343805,1970,2073,2305

2123344805,1979,2080,2315

2123345805,1975,2079,2319

2123346805,1982,2078,2345

2123347805,1980,2076,2335

2123348805,1969,2075,2350

2123349805,1978,2069,2349

2123360801,1974,2146,2317

2123361805,1973,2157,2314

2123362805,1979,2159,2302

2123363805,1975,2169,2291

2123364805,1979,2183,2275

2123365805,1975,2214,2265

2123366805,1973,2207,2325

2123367805,1975,2218,2242

2123379801,1983,2512,2023

2123380805,1984,2393,2000

2123381805,1987,2403,1979

2123382805,2005,2421,1957

2123383805,1984,2431,1939

2123384805,1984,2433,1911

2123385805,1983,2449,1901

2123386805,1989,2475,1872

2123398801,1995,2570,1691

2123399805,2000,2555,1677

2123400805,1995,2559,1664

2123401805,1995,2559,1659

2123402805,1991,2574,1648

2123403805,1995,2571,1649

2123404805,2009,2571,1648

2123405805,1999,2577,1627

2123416453,1989,2509,1647

2123417805,1994,2496,1659

2123418805,1990,2483,1663

2123419805,1991,2467,1674

2123420805,1989,2471,1680

2123421805,1997,2450,1692

2123422805,1987,2447,1712

2123434801,1991,2306,1921

2123435805,1990,2270,1942

2123436805,1987,2259,1968

2123437805,1991,2293,1983

2123438805,1995,2239,2005

2123439805,1985,2233,2016

2123440805,1986,2220,2043

2123441805,1987,2216,2070

2123453801,1978,2106,2275

2123454840,1981,2097,2288

2123455805,1984,2105,2293

2123456805,1975,2083,2306

2123457805,1984,2102,2315

2123458805,1981,2106,2322

2123459805,1977,2099,2330

2123460805,1978,2107,2339

2123472801,1962,2147,2334

2123473805,1974,2163,2325

2123474805,1972,2169,2313

2123475805,1973,2137,2305

2123476805,1978,2192,2291

2123477805,1970,2207,2287

2123478805,1976,2233,2263

2123479805,1973,2224,2256

2123491801,1979,2373,2036

2123492805,1986,2391,2029

2123493805,1978,2394,1999

2123494805,1978,2415,1980

2123495805,1972,2417,1962

2123496805,1983,2432,1947

2123497805,1989,2432,1920

2123498805,1985,2449,1904

2123510801,1989,2546,1687

2123511805,1998,2549,1688

2123512805,2000,2546,1676

2123513805,2000,2542,1664

2123514805,1989,2553,1659

2123515805,2000,2546,1648

2123516805,2001,2546,1644

2123517805,1996,2544,1628

2123528801,2003,2503,1633

2123529805,2001,2493,1641

2123530805,1999,2492,1648

2123531805,2001,2471,1665

2123532805,1997,2453,1671

2123533805,1997,2454,1680

2123534805,1989,2441,1695

2123535805,1997,2432,1718

2123547801,1986,2291,1936

2123548805,1987,2287,1930

2123549805,1984,2270,1957

2123550805,1981,2252,1973

2123551805,1985,2242,2001

2123552805,1988,2224,2026

2123553805,1984,2225,2043

2123554805,1989,2207,2069

2123566801,1971,2135,2261

2123567805,1983,2127,2281

2123568805,1982,2116,2303

2123569805,1975,2117,2301

2123570805,1982,2107,2320

2123571805,1977,2111,2320

2123572805,1983,2111,2337

2123573805,1975,2112,2339

2123584453,1978,2157,2323

2123585805,1978,2161,2330

2123586805,1971,2178,2327

2123587805,1980,2179,2313

2123588805,1971,2196,2306

2123589805,1971,2192,2300

2123590805,1968,2209,2283

2123602801,1978,2321,2094

2123603805,1983,2352,2067

2123604805,1972,2359,2045

2123605805,1984,2372,2029

2123606805,1989,2389,2007

2123607805,1981,2398,1969

2123608805,1983,2330,1965

2123609805,1985,2427,1941

2123621801,1990,2507,1726

2123622805,2000,2515,1712

2123623805,1991,2512,1703

2123624805,2000,2517,1685

2123625805,1991,2526,1679

2123626805,1995,2531,1648

2123627805,1995,2522,1653

2123628805,1998,2530,1667

2123640801,1999,2483,1632

2123641805,1995,2481,1622

2123642805,1999,2479,1621

2123643805,2006,2470,1653

2123644805,1988,2463,1702

2123645805,2015,2451,1670

2123646805,1991,2447,1683

2123647805,1999,2443,1701

2123659801,1987,2312,1904

2123660805,1984,2303,1915

2123661805,1981,2288,1933

2123662805,1983,2299,1953

2123663805,1992,2261,1981

2123664805,1980,2257,2003

2123665805,1985,2256,2018

2123666805,1986,2240,2032

2123678801,1981,2149,2263

2123679805,1981,2153,2349

2123680805,1983,2145,2288

2123681805,1979,2145,2302

2123682805,1978,2138,2289

2123683805,1975,2143,2354

2123684805,1978,2103,2320

2123685805,1968,2133,2309

2123696801,1974,2169,2346

2123697805,1981,2175,2345

2123698805,1975,2175,2322

2123699805,1975,2191,2306

2123700805,1979,2195,2316

2123701805,1969,2208,2304

2123702805,1970,2214,2294

2123703805,1973,2221,2261

2123715801,1983,2323,2087

2123716805,1982,2352,2070

2123717805,1982,2361,2041

2123718805,1979,2370,2015

2123719805,1984,2380,2011

2123720805,1981,2398,1983

2123721805,1984,2398,1959

2123722805,1983,2413,1942

2123734801,2000,2496,1724

2123735805,1994,2505,1732

2123736805,2000,2513,1703

2123737805,2001,2517,1685

2123738805,1995,2513,1687

2123739805,1999,2514,1648

2123740805,1993,2505,1655

2123741805,2001,2511,1619

2123752453,2000,2490,1631

2123753805,1999,2480,1634

2123754805,1998,2476,1645

2123755805,2014,2461,1680

2123756805,1997,2463,1654

2123757805,2000,2451,1723

2123758805,1999,2442,1670

2123770801,1988,2340,1862

2123771805,1990,2317,1875

2123772805,1991,2303,1900

2123773805,1985,2304,1921

2123774805,1994,2292,1951

2123775805,1985,2281,1968

2123776805,1983,2271,2000

2123777805,1987,2256,2003

2123789801,1984,2167,2223

2123790805,1980,2169,2246

2123791805,1982,2166,2257

2123792805,1979,2160,2268

2123793805,1969,2155,2287

2123794805,1975,2144,2298

2123795805,1971,2153,2303

2123796805,1971,2146,2309

2123808801,1971,2170,2401

2123809805,1977,2181,2343

2123810805,1979,2174,2342

2123811805,1981,2186,2330

2123812805,1984,2199,2320

2123813805,1974,2197,2310

2123814805,1975,2199,2304

2123815805,1978,2227,2291

2123827801,1979,2325,2106

2123828805,1990,2327,2083

2123829805,1952,2339,2081

2123830805,1985,2361,2042

2123831805,1986,2362,2022

2123832805,1983,2377,2000

2123833805,1982,2387,1979

2123834805,1984,2398,1966

2123846801,1993,2480,1744

2123847805,1989,2469,1730

2123848805,1994,2477,1714

2123849805,1995,2485,1703

2123850805,2000,2481,1685

2123851805,1993,2497,1677

2123852805,1996,2497,1664

2123853805,1993,2497,1660

2123864801,2001,2480,1616

2123865805,1997,2482,1635

2123866805,1996,2468,1635

2123867805,1999,2463,1644

2123868805,1995,2453,1647

2123869805,1994,2455,1664

2123870805,1994,2446,1674

2123871805,1998,2448,1675

2123883801,1989,2338,1862

2123884805,1994,2320,1881

2123885805,1984,2320,1907

2123886805,1989,2314,1916

2123887805,1980,2306,1942

2123888805,1990,2298,1968

2123889805,1979,2287,1989

2123890805,2002,2274,2005

2123902801,1983,2160,2226

2123903805,1980,2190,2241

2123904805,1975,2187,2254

2123905805,1975,2182,2273

2123906805,1977,2173,2288

2123907805,1981,2180,2297

2123908805,1973,2171,2304

2123909805,1954,2161,2305

2123920453,1975,2179,2353

2123921805,1975,2179,2347

2123922805,1947,2194,2347

2123923805,1987,2195,2334

2123924805,1973,2194,2327

2123925805,1974,2203,2323

2123926805,1969,2210,2315

2123938801,1983,2305,2138

2123939805,2007,2313,2121

2123940805,1947,2318,2091

2123941805,1962,2334,2085

2123942805,1997,2329,2032

2123943805,1998,2341,2025

2123944805,1983,2347,2015

2123945805,2019,2355,2011

2123957801,1991,2448,1789

2123958805,1975,2462,1755

2123959805,1981,2463,1745

2123960805,1987,2461,1729

2123961805,1990,2474,1714

2123962805,1970,2469,1696

2123963805,2000,2478,1690

2123964805,1983,2473,1661

2123976801,2000,2473,1609

2123977805,2006,2469,1623

2123978805,2000,2471,1637

2123979805,1995,2458,1640

2123980805,1998,2448,1646

2123981805,2003,2444,1673

2123982805,2000,2449,1672

2123983805,1978,2445,1673

2123995801,1994,2361,1863

2123996805,1998,2352,1871

2123997805,1984,2335,1892

2123998805,1989,2330,1918

2123999805,1989,2320,1936

2124000805,1986,2314,1951

2124001805,1984,2304,1971

2124002805,1987,2303,1990

2124014801,1981,2211,2211

2124015805,1975,2210,2224

2124016805,1978,2192,2249

2124017805,1979,2197,2257

2124018805,1979,2190,2272

2124019805,1977,2192,2275

2124020805,1984,2181,2291

2124021805,1979,2179,2302

2124032801,1978,2186,2345

2124033805,1972,2183,2343

2124034805,1976,2191,2345

2124035805,1973,2196,2327

2124036805,1973,2195,2329

2124037805,1968,2199,2319

2124038805,1973,2200,2307

2124039805,1977,2209,2313

2124051801,1962,2294,2129

2124052805,1979,2304,2114

2124053805,1977,2306,2096

2124054805,1978,2323,2082

2124055805,1978,2337,2043

2124056805,1986,2341,2039

2124057805,1988,2351,2013

2124058805,1987,2351,1994

2124070801,1995,2423,1767

2124071805,1993,2436,1756

2124072805,1995,2445,1744

2124073805,1991,2455,1728

2124074805,1991,2455,1712

2124075805,1999,2465,1700

2124076805,2000,2464,1689

2124077805,2010,2465,1682

2124088453,1982,2479,1631

2124089805,1998,2474,1637

2124090805,2000,2467,1655

2124091805,2002,2464,1700

2124092805,2002,2465,1695

2124093805,1994,2461,1650

2124094805,2003,2449,1664

2124106801,1983,2379,1824

2124107805,1987,2375,1841

2124108805,1981,2367,1865

2124109805,1997,2357,1875

2124110805,1982,2349,1891

2124111805,1989,2339,1909

2124112805,1984,2331,1938

2124113805,1983,2320,1952

2124125801,1981,2229,2185

2124126805,1968,2230,2204

2124127805,1986,2222,2203

2124128805,1977,2224,2205

2124129805,1980,2220,2239

2124130805,1975,2203,2255

2124131805,1975,2203,2267

2124132805,1990,2193,2277

2124144801,2002,2192,2351

2124145805,1969,2192,2339

2124146805,1981,2187,2335

2124147805,1967,2192,2325

2124148805,1977,2192,2325

2124149805,1973,2193,2320

2124150805,1972,2197,2309

2124151805,1971,2201,2304

2124163801,1945,2277,2151

2124164805,1979,2289,2129

2124165805,1982,2289,2104

2124166805,1981,2293,2090

2124167805,1982,2310,2074

2124168805,1983,2314,2045

2124169805,1984,2316,2029

2124170805,1987,2363,2006

2124182801,1990,2416,1783

2124183805,1985,2421,1774

2124184805,1998,2429,1761

2124185805,1983,2442,1741

2124186805,1991,2445,1726

2124187805,1997,2427,1715

2124188805,1999,2448,1699

2124189805,1999,2452,1697

2124201801,2000,2464,1649

2124202805,2000,2474,1641

2124203805,2000,2493,1637

2124204805,2002,2455,1616

2124205805,1999,2460,1649

2124206805,2004,2453,1664

2124207805,1995,2455,1654

2124208805,1987,2448,1680

2124220801,1995,2368,1843

2124221805,1986,2371,1863

2124222805,1991,2366,1883

2124223805,2018,2355,1901

2124224805,2003,2352,1921

2124225805,1985,2351,1913

2124226805,1986,2330,1953

2124227805,1985,2322,1981

2124239801,1970,2234,2193

2124240805,1969,2238,2218

2124241805,1984,2228,2215

2124242805,1979,2224,2275

2124243805,1975,2215,2250

2124244805,1975,2210,2259

2124245805,1980,2208,2274

2124246805,1969,2210,2278

2124258801,1969,2192,2329

2124259805,1975,2191,2299

2124260805,1977,2186,2320

2124261805,1976,2195,2317

2124262805,1963,2192,2311

2124263805,2005,2196,2309

2124264805,1979,2203,2299

2124265805,1986,2207,2286

2124277801,1972,2277,2124

2124278805,1998,2289,2110

2124279805,1969,2299,2083

2124280805,1966,2295,2066

2124281805,1989,2304,2037

2124282805,1969,2314,2015

2124283805,1983,2322,2000

2124284805,1984,2321,1986

2124296801,1987,2416,1695

2124297805,1993,2427,1758

2124298805,1981,2419,1744

2124299805,1977,2425,1728

2124300805,1990,2441,1724

2124301805,1996,2447,1710

2124302805,1997,2445,1708

2124303805,1999,2449,1683

2124315801,2000,2478,1651

2124316805,2005,2467,1651

2124317805,1999,2471,1657

2124318805,1987,2471,1674

2124319805,2000,2461,1678

2124320805,1991,2432,1681

2124321805,1995,2448,1684

2124322805,1991,2453,1697

2124334801,1986,2379,1872

2124335805,1987,2371,1887

2124336805,1994,2372,1907

2124337805,1989,2351,1919

2124338805,1984,2348,1945

2124339805,1983,2346,1966

2124340805,1983,2331,1991

2124341805,2003,2323,1996

2124353801,1975,2236,2210

2124354805,1983,2240,2224

2124355805,1973,2225,2234

2124356805,1978,2223,2244

2124357805,1972,2223,2258

2124358805,1978,2213,2263

2124359805,1978,2218,2281

2124360805,1966,2207,2288

2124372801,1971,2187,2323

2124373805,1973,2192,2319

2124374805,1975,2185,2321

2124375805,1974,2192,2306

2124376805,1982,2192,2327

2124377805,1979,2199,2288

2124378805,1975,2202,2275

2124379805,1977,2199,2255

2124391801,2127,2275,2095

2124392805,1978,2277,2077

2124393805,1986,2290,2064

2124394805,2037,2295,2023

2124395805,1980,2304,2021

2124396805,1981,2311,1993

2124397805,1983,2325,1985

2124398805,1962,2320,1967

2124410801,1994,2417,1763

2124411805,2000,2425,1748

2124412805,1994,2432,1739

2124413805,1946,2431,1724

2124414805,1996,2442,1717

2124415805,1999,2444,1689

2124416805,1995,2443,1703

2124417805,2000,2449,1682

2124429801,1993,2470,1661

2124430805,2000,2473,1666

2124431805,1985,2469,1675

2124432805,1962,2463,1685

2124433805,1991,2471,1681

2124434805,2001,2463,1693

2124435805,2002,2455,1703

2124436805,1994,2448,1725

2124448801,1980,2379,1891

2124449805,1985,2394,1905

2124450805,1989,2369,1931

2124451805,1939,2361,1941

2124452805,1996,2351,1965

2124453805,1990,2351,1977

2124454805,1986,2341,2000

2124455805,1987,2333,1975

2124467801,1997,2237,2213

2124468805,1978,2229,2229

2124469805,1983,2235,2240

2124470805,1968,2224,2251

2124471805,1943,2218,2270

2124472805,1961,2204,2272

2124473805,1971,2202,2277

2124474805,1979,2215,2287

2124486801,1985,2185,2299

2124487805,1975,2189,2298

2124488805,1975,2191,2295

2124489805,1995,2189,2285

2124490805,1981,2191,2273

2124491805,1981,2189,2276

2124492805,1969,2203,2257

2124493805,1976,2203,2246

2124505801,1987,2330,2067

2124506805,1973,2279,2055

2124507805,1983,2288,2010

2124508805,1936,2287,1931

2124509805,1988,2305,1995

2124510805,1982,2311,1981

2124511805,1984,2319,1955

2124512805,1984,2325,1939

2124524801,1982,2416,1759

2124525805,2000,2434,1746

2124526805,2009,2442,1735

2124527805,2000,2446,1722

2124528805,1995,2434,1705

2124529805,1999,2438,1699

2124530805,1994,2455,1690

2124531805,1995,2454,1689

2124543801,1989,2475,1659

2124544805,2000,2471,1683

2124545805,2000,2459,1695

2124546805,1969,2462,1696

2124547805,1984,2463,1699

2124548805,1998,2451,1714

2124549805,1993,2459,1733

2124550805,1995,2454,1739

2124562801,1986,2384,1919

2124563805,1986,2370,1936

2124564805,1987,2366,1948

2124565805,2008,2366,1964

2124566805,1991,2353,1986

2124567805,1984,2337,2001

2124568805,1979,2338,2022

2124569805,1982,2306,2032

2124581801,1974,2233,2224

2124582805,1974,2224,2238

2124583805,1981,2215,2251

2124584805,1974,2223,2249

2124585805,1981,2210,2261

2124586805,1974,2202,2271

2124587805,1919,2207,2282

2124588805,1977,2195,2288

2124600801,1969,2181,2294

2124601805,1983,2143,2271

2124602805,1977,2189,2274

2124603805,1994,2187,2260

2124604805,1978,2192,2256

2124605805,1973,2192,2243

2124606805,1978,2193,2237

2124607805,1986,2197,2226

2124619801,1981,2265,2064

2124620805,1983,2279,2029

2124621805,1979,2293,2015

2124622805,1987,2299,2002

2124623805,1984,2310,1979

2124624805,1983,2307,1960

2124625805,1984,2320,1918

2124626805,1987,2330,1925

2124637801,1991,2416,1766

2124638805,1983,2421,1745

2124639805,1989,2431,1739

2124640805,2000,2439,1734

2124641805,1997,2448,1708

2124642805,1995,2439,1712

2124643805,2030,2448,1706

2124644805,1993,2460,1707

2124656801,1995,2479,1687

2124657805,1997,2473,1695

2124658805,1995,2480,1663

2124659805,1991,2480,1705

2124660805,1993,2471,1713

2124661805,2000,2465,1725

2124662805,1990,2461,1731

2124663805,1991,2451,1746

2124675801,1989,2395,1917

2124676805,1985,2375,1936

2124677805,1984,2373,1956

2124678805,1986,2358,1969

2124679805,1985,2349,1984

2124680805,1991,2343,2007

2124681805,1983,2331,2026

2124682805,1983,2329,2037

2124693453,1982,2250,2203

2124694805,1982,2238,2224

2124695805,1981,2231,2231

2124696805,1968,2211,2235

2124697805,1971,2213,2256

2124698805,1989,2202,2261

2124699805,1984,2203,2256

2124711801,1978,2167,2271

2124712805,1989,2175,2278

2124713805,1983,2178,2274

2124714805,1985,2173,2272

2124715805,1994,2175,2271

2124716805,1979,2174,2259

2124717805,1962,2181,2260

2124718805,1983,2178,2240

2124730801,1984,2256,2079

2124731805,1981,2263,2067

2124732805,1984,2273,2086

2124733805,1985,2283,2033

2124734805,1985,2240,2012

2124735805,1984,2291,1994

2124736805,1987,2304,1982

2124737805,1985,2289,1965

2124749801,1997,2420,1783

2124750805,1995,2407,1775

2124751805,1996,2429,1760

2124752805,2001,2429,1745

2124753805,1999,2439,1735

2124754805,1993,2451,1729

2124755805,1956,2448,1723

2124756805,2000,2453,1707

2124768801,1997,2477,1702

2124769805,2000,2480,1697

2124770805,1990,2480,1709

2124771805,1998,2478,1714

2124772805,1998,2480,1726

2124773805,1986,2479,1729

2124774805,2019,2473,1739

2124775805,1989,2474,1747

2124787801,1989,2393,1904

2124788805,1987,2390,1915

2124789805,1993,2383,1943

2124790805,1990,2374,1949

2124791805,1979,2359,1973

2124792805,1980,2352,1988

2124793805,1985,2358,2000

2124794805,1983,2347,2022

2124805801,1984,2246,2186

2124806805,1984,2241,2194

2124807805,1982,2231,2205

2124808805,1973,2224,2223

2124809805,1980,2214,2237

2124810805,1973,2207,2231

2124811805,1971,2208,2237

2124812805,1971,2207,2244

2124824801,1974,2161,2277

2124825805,1979,2161,2271

2124826805,1975,2175,2261

2124827805,1980,2173,2261

2124828805,1979,2177,2254

2124829805,1975,2179,2247

2124830805,1984,2175,2242

2124831805,1983,2176,2235

2124843801,1979,2256,2078

2124844805,1983,2261,2065

2124845805,1984,2272,2039

2124846805,1983,2282,2023

2124847805,1982,2278,2012

2124848805,1983,2286,1995

2124849805,1984,2297,1984

2124850805,1952,2306,1959

2124861453,1993,2409,1807

2124862805,1995,2419,1787

2124863805,1988,2416,1773

2124864805,1999,2430,1777

2124865805,1990,2435,1711

2124866805,1987,2441,1744

2124867805,1998,2445,1735

2124879801,1989,2481,1693

2124880805,1999,2495,1711

2124881805,1990,2487,1712

2124882805,1989,2487,1713

2124883805,1997,2487,1715

2124884805,1999,2482,1730

2124885805,1990,2483,1725

2124886805,1997,2477,1735

2124898801,1991,2416,1873

2124899805,1987,2410,1889

2124900805,1993,2401,1905

2124901805,1954,2389,1920

2124902805,1982,2384,1931

2124903805,1985,2377,1959

2124904805,1982,2371,1971

2124905805,1983,2363,1985

2124917801,1984,2251,2163

2124918805,1983,2251,2175

2124919805,1983,2238,2190

2124920805,2021,2228,2193

2124921805,1978,2231,2210

2124922805,1975,2218,2218

2124923805,1981,2204,2222

2124924805,1984,2204,2215

2124936801,1974,2159,2273

2124937805,1978,2170,2270

2124938805,1974,2164,2266

2124939805,1965,2163,2277

2124940805,1981,2160,2254

2124941805,1979,2167,2246

2124942805,1981,2176,2241

2124943805,1985,2171,2231

2124955801,1984,2243,2091

2124956805,1985,2250,2075

2124957805,1984,2254,2064

2124958805,1983,2261,2045

2124959805,1981,2273,2021

2124960805,1986,2279,2012

2124961805,1991,2295,1996

2124962805,1985,2295,1975

2124973801,1997,2397,1818

2124974805,1995,2402,1807

2124975805,1986,2414,1797

2124976805,1993,2413,1786

2124977805,1988,2427,1780

2124978805,1991,2445,1767

2124979805,2000,2443,1759

2124980805,1994,2448,1754

2124992801,1995,2490,1710

2124993805,1991,2490,1713

2124994805,1990,2496,1682

2124995805,1990,2489,1717

2124996805,1993,2490,1715

2124997805,1994,2490,1728

2124998805,1995,2490,1730

2124999805,2000,2482,1739

2125011801,1994,2416,1876

2125012805,1979,2410,1903

2125013805,1988,2398,1904

2125014805,1984,2391,1924

2125015805,1985,2384,1935

2125016805,1982,2374,1955

2125017805,1986,2374,1969

2125018805,1995,2370,1985

2125029453,1984,2257,2151

2125030805,1981,2251,2159

2125031805,1984,2243,2167

2125032805,1984,2224,2187

2125033805,1985,2231,2189

2125034805,1986,2224,2194

2125035805,1983,2207,2213

2125047801,1977,2165,2257

2125048805,1974,2166,2263

2125049805,1982,2159,2258

2125050805,1993,2160,2256

2125051805,1979,2189,2256

2125052805,1975,2165,2252

2125053805,1977,2171,2243

2125054805,1979,2161,2235

2125066801,1982,2226,2112

2125067805,1985,2240,2178

2125068805,1990,2241,2087

2125069805,1998,2246,2083

2125070805,1985,2257,2065

2125071805,1978,2271,2035

2125072805,1984,2285,2025

2125073805,1985,2356,2015

2125085801,1990,2401,1846

2125086805,1995,2407,1827

2125087805,1989,2413,1812

2125088805,1999,2415,1812

2125089805,1995,2422,1789

2125090805,1996,2434,1789

2125091805,1998,2447,1776

2125092805,1995,2442,1763

2125104801,1991,2487,1716

2125105805,1996,2494,1715

2125106805,1995,2497,1724

2125107805,1984,2497,1711

2125108805,1999,2497,1730

2125109805,1991,2490,1731

2125110805,1986,2495,1726

2125111805,1999,2449,1744

2125123801,1979,2421,1872

2125124805,1994,2411,1883

2125125805,1986,2406,1887

2125126805,1984,2397,1905

2125127805,1986,2385,1921

2125128805,1989,2384,1936

2125129805,1982,2366,1951

2125130805,1983,2364,1965

2125141801,1983,2263,2126

2125142805,1981,2251,2137

2125143805,1984,2254,2142

2125144805,1984,2262,2160

2125145805,1985,2194,2173

2125146805,1981,2218,2182

2125147805,1983,2211,2189

2125148805,1968,2227,2203

2125160801,1971,2161,2256

2125161805,1981,2162,2255

2125162805,1986,2166,2262

2125163805,1982,2160,2247

2125164805,1984,2150,2242

2125165805,1981,2163,2254

2125166805,1982,2163,2235

2125167805,1986,2171,2242

2125179801,1974,2234,2112

2125180805,1985,2224,2103

2125181805,1983,2250,2096

2125182805,1995,2252,2099

2125183805,1988,2307,2064

2125184805,1984,2297,2044

2125185805,1981,2283,2032

2125186805,1979,2288,2011

2125197453,1987,2417,1867

2125198805,1997,2447,1841

2125199805,1995,2391,1836

2125200805,1989,2420,1829

2125201805,1987,2423,1767

2125202805,2000,2421,1807

2125203805,1986,2448,1791

2125215801,1994,2495,1733

2125216805,1995,2485,1725

2125217805,1993,2509,1723

2125218805,2015,2499,1728

2125219805,1995,2487,1728

2125220805,1998,2511,1734

2125221805,1993,2491,1722

2125222805,1991,2500,1739

2125234801,1990,2432,1849

2125235840,2001,2421,1857

2125236805,1987,2416,1871

2125237805,1968,2413,1953

2125238805,1988,2412,1894

2125239805,1995,2399,1904

2125240805,1990,2384,1920

2125241805,1987,2368,1930

2125253801,1984,2269,2106

2125254805,1985,2263,2125

2125255805,1982,2243,2135

2125256805,1947,2243,2097

2125257805,1984,2311,2159

2125258805,1981,2237,2161

2125259805,1984,2222,2179

2125260805,1983,2210,2182

2125272801,1984,2161,2250

2125273805,1984,2198,2254

2125274805,1982,2149,2245

2125275805,1977,2157,2278

2125276805,1980,2160,2242

2125277805,1981,2156,2238

2125278805,1984,2162,2231

2125279805,1978,2176,2227

2125291801,1983,2226,2128

2125292805,1984,2239,2118

2125293805,1988,2240,2101

2125294805,1987,2253,2098

2125295805,1984,2260,2076

2125296805,1984,2269,2065

2125297805,1988,2283,2062

2125298805,1987,2295,2023

2125309801,1989,2390,1876

2125310805,1984,2399,1871

2125311805,1990,2411,1856

2125312805,1985,2406,1843

2125313805,1991,2416,1838

2125314805,1991,2428,1795

2125315805,1993,2443,1815

2125316805,1984,2431,1805

2125328801,1991,2487,1735

2125329805,1994,2483,1737

2125330805,2000,2482,1799

2125331805,1995,2487,1731

2125332805,1993,2501,1734

2125333805,1983,2484,1708

2125334805,1994,2497,1741

2125335805,1986,2490,1744

2125347801,1991,2421,1835

2125348805,1993,2416,1859

2125349805,1989,2414,1858

2125350805,1989,2403,1883

2125351805,1991,2398,1890

2125352805,1987,2389,1905

2125353805,1983,2383,1919

2125354805,1985,2367,1930

2125365453,1981,2270,2090

2125366805,1981,2259,2093

2125367805,1987,2256,2115

2125368805,1985,2246,2122

2125369805,1984,2237,2134

2125370805,1979,2231,2143

2125371805,1990,2225,2155

2125383801,1981,2162,2230

2125384805,1987,2171,2233

2125385805,1975,2155,2234

2125386805,1958,2165,2240

2125387805,1979,2161,2240

2125388805,1975,2174,2236

2125389805,1998,2170,2305

2125390805,1974,2171,2240

2125402801,1978,2224,2144

2125403805,1978,2223,2141

2125404805,1978,2229,2128

2125405805,1990,2239,2112

2125406805,1994,2249,2096

2125407805,1983,2253,2095

2125408805,1984,2269,2075

2125409805,1981,2271,2066

2125421801,1983,2379,1901

2125422805,1987,2387,1886

2125423805,1990,2395,1868

2125424805,2001,2403,1858

2125425805,1995,2415,1901

2125426805,1987,2430,1846

2125427805,1991,2428,1824

2125428805,1995,2434,1821

2125440801,1997,2487,1750

2125441805,1995,2524,1744

2125442805,1994,2466,1739

2125443805,1946,2491,1739

2125444805,1997,2478,1742

2125445805,1999,2490,1741

2125446805,1994,2490,1747

2125447805,1993,2480,1744

2125459801,1995,2416,1822

2125460805,1991,2420,1840

2125461805,1989,2417,1849

2125462805,1987,2400,1858

2125463805,1998,2421,1884

2125464805,1990,2380,1895

2125465805,1993,2375,1903

2125466805,1985,2368,1923

2125477801,1987,2269,2070

2125478805,1981,2274,2087

2125479805,1987,2257,2096

2125480805,1987,2233,2109

2125481805,1975,2239,2115

2125482805,1975,2235,2126

2125483805,1986,2215,2139

2125484805,1984,2224,2150

2125496801,1989,2173,2224

2125497805,1985,2166,2238

2125498805,1975,2131,2246

2125499805,1982,2139,2238

2125500805,1985,2149,2237

2125501805,1968,2166,2236

2125502805,1979,2123,2227

2125503805,1987,2158,2235

2125515801,1978,2224,2153

2125516805,1985,2228,2141

2125517805,1979,2309,2123

2125518805,1982,2241,2117

2125519805,1982,2229,2109

2125520805,1980,2262,2091

2125521805,1984,2272,2079

2125522805,1979,2275,2067

2125533453,1989,2368,1923

2125534805,1986,2353,1904

2125535805,1988,2404,1898

2125536805,1987,2394,1879

2125537805,1986,2410,1866

2125538805,1984,2405,1856

2125539805,1998,2453,1847

2125551801,1998,2483,1751

2125552805,1989,2489,1744

2125553805,2000,2437,1744

2125554805,2019,2480,1745

2125555805,1997,2479,1742

2125556805,1993,2497,1743

2125557805,1994,2484,1743

2125558805,1989,2496,1743

2125570801,1987,2433,1815

2125571805,1987,2426,1815

2125572805,1986,2496,1830

2125573805,1935,2416,1841

2125574805,1984,2416,1855

2125575805,1984,2427,1863

2125576805,2010,2390,1877

2125577805,1981,2362,1891

2125589801,1984,2281,2055

2125590805,1980,2266,2071

2125591805,1984,2256,2067

2125592805,1987,2256,2091

2125593805,1984,2255,2096

2125594805,1989,2244,2112

2125595805,1985,2233,2124

2125596805,1978,2226,2135

2125608801,1973,2173,2219

2125609805,1974,2177,2224

2125610805,1983,2174,2225

2125611805,1985,2167,2223

2125612805,1982,2165,2231

2125613805,1977,2163,2229

2125614805,1984,2166,2227

2125615805,1979,2166,2225

2125627801,1979,2223,2184

2125628805,1986,2230,2143

2125629805,1981,2236,2144

2125630805,1979,2247,2125

2125631805,1986,2256,2114

2125632805,1981,2263,2105

2125633805,1982,2302,2094

2125634805,1983,2286,2083

2125645801,1993,2368,1933

2125646805,1988,2384,1918

2125647805,1968,2383,1905

2125648805,1993,2400,1894

2125649805,1997,2405,1888

2125650805,1984,2406,1872

2125651805,1995,2416,1862

2125652805,1997,2435,1878

2125664801,1997,2469,1751

2125665805,1995,2481,1750

2125666805,1993,2481,1755

2125667805,1988,2486,1744

2125668805,1994,2478,1749

2125669805,1984,2480,1744

2125670805,1986,2480,1751

2125671805,1986,2496,1754

2125683801,1993,2432,1819

2125684805,1993,2422,1821

2125685805,1987,2422,1833

2125686805,1993,2414,1841

2125687805,1993,2401,1854

2125688805,1989,2387,1871

2125689805,1984,2389,1903

2125690805,1991,2361,1885

2125701453,1990,2293,2026

2125702805,1984,2285,2046

2125703805,1982,2267,2035

2125704805,1983,2260,2066

2125705805,1985,2256,2166

2125706805,1978,2250,2097

2125707805,1978,2240,2102

2125719801,1980,2179,2204

2125720805,1983,2181,2222

2125721805,1983,2175,2211

2125722805,1982,2176,2224

2125723805,1985,2176,2215

2125724805,1979,2174,2221

2125725805,1993,2174,2228

2125726805,1977,2178,2222

2125738801,1983,2211,2182

2125739805,1986,2224,2163

2125740805,1984,2230,2160

2125741805,1982,2225,2155

2125742805,1983,2244,2141

2125743805,1984,2256,2129

2125744805,1981,2257,2121

2125745805,1985,2265,2111

2125757801,1983,2368,1949

2125758805,1984,2375,1938

2125759805,1993,2382,1921

2125760805,1991,2390,1908

2125761805,1987,2389,1904

2125762805,1984,2403,1907

2125763805,2000,2416,1873

2125764805,1986,2416,1871

2125776801,1990,2467,1768

2125777805,1997,2480,1763

2125778805,1994,2470,1765

2125779805,2000,2475,1754

2125780805,1991,2482,1758

2125781805,2000,2483,1744

2125782805,1995,2486,1759

2125783805,1997,2480,1752

2125795801,1993,2432,1778

2125796805,1999,2428,1824

2125797805,1995,2418,1821

2125798805,1976,2403,1835

2125799805,1983,2415,1840

2125800805,1995,2404,1849

2125801805,1982,2391,1867

2125802805,1985,2387,1873

2125813801,1986,2351,2013

2125814805,1990,2288,2030

2125815805,1978,2278,2039

2125816805,1985,2273,2087

2125817805,1990,2258,2072

2125818805,1987,2255,2077

2125819805,1982,2246,2093

2125820805,1983,2242,2097

2125832801,1980,2186,2199

2125833805,1980,2177,2221

2125834805,1981,2182,2206

2125835805,1983,2176,2217

2125836805,1981,2181,2226

2125837805,1982,2185,2224

2125838805,1984,2183,2224

2125839805,1982,2186,2224

2125851801,1986,2222,2177

2125852805,1984,2237,2161

2125853805,1988,2234,2164

2125854805,1980,2253,2151

2125855805,1971,2234,2133

2125856805,1981,2249,2143

2125857805,1984,2271,2122

2125858805,1989,2274,2106

2125869453,1991,2355,1973

2125870805,1977,2362,1952

2125871805,1984,2373,1941

2125872805,1987,2384,1930

2125873805,1991,2387,1917

2125874805,1985,2402,1904

2125875805,1979,2401,1888

2125887801,1997,2465,1778

2125888805,1995,2467,1779

2125889805,1988,2464,1767

2125890805,1989,2463,1765

2125891805,1993,2471,1759

2125892805,1991,2469,1762

2125893805,1998,2473,1766

2125894805,1999,2465,1757

2125906801,2000,2436,1792

2125907805,1997,2427,1796

2125908805,1983,2420,1797

2125909805,1993,2416,1810

2125910805,2000,2415,1821

2125911805,1994,2402,1831

2125912805,1994,2397,1841

2125913805,1985,2391,1847

2125925801,1984,2295,2003

2125926805,1989,2293,2011

2125927805,1984,2288,2007

2125928805,1985,2282,2043

2125929805,1991,2273,2047

2125930805,1985,2266,2064

2125931805,1978,2251,2070

2125932805,1985,2252,2083

2125944801,1975,2194,2190

2125945805,1982,2192,2199

2125946805,1981,2191,2201

2125947805,1980,2194,2213

2125948805,1979,2192,2211

2125949805,1979,2191,2195

2125950805,1983,2202,2221

2125951805,1985,2191,2224

2125963801,1978,2225,2171

2125964805,1983,2230,2175

2125965805,1981,2235,2167

2125966805,1979,2240,2165

2125967805,1982,2249,2151

2125968805,1983,2256,2139

2125969805,1983,2241,2127

2125970805,1984,2268,2112

2125981801,1985,2354,1974

2125982805,1983,2363,1968

2125983805,1993,2359,1963

2125984805,1987,2368,1937

2125985805,1985,2377,1925

2125986805,1991,2410,1918

2125987805,1984,2385,1918

2125988805,1987,2413,1887

2126000801,1998,2457,1786

2126001805,1987,2453,1776

2126002805,1987,2457,1776

2126003805,1987,2466,1766

2126004805,1991,2466,1763

2126005805,1994,2471,1757

2126006805,1998,2461,1765

2126007805,1995,2462,1759

2126019801,1999,2432,1794

2126020805,1985,2423,1798

2126021805,2000,2417,1799

2126022805,1989,2415,1808

2126023805,1991,2414,1824

2126024805,1987,2403,1840

2126025805,1994,2403,1839

2126026805,1994,2393,1850

2126037453,1988,2315,1981

2126038805,1980,2303,1994

2126039805,1984,2300,2015

2126040805,1988,2290,2025

2126041805,1983,2288,2038

2126042805,1990,2285,2045

2126043805,1977,2256,2061

2126055801,1978,2199,2181

2126056805,1977,2203,2188

2126057805,1980,2202,2195

2126058805,1975,2199,2196

2126059805,1984,2201,2201

2126060805,1979,2195,2211

2126061805,1981,2195,2202

2126062805,1987,2195,2218

2126074801,1983,2225,2195

2126075805,1978,2224,2183

2126076805,1977,2233,2181

2126077805,1977,2237,2176

2126078805,1980,2240,2163

2126079805,1983,2245,2157

2126080805,1985,2250,2146

2126081805,1986,2265,2133

2126093801,1996,2341,2000

2126094805,1985,2352,1986

2126095805,1985,2357,1968

2126096805,1984,2368,1967

2126097805,1991,2373,1950

2126098805,1984,2379,1931

2126099805,1989,2383,1916

2126100805,1990,2390,1919

2126112801,1997,2419,1797

2126113805,1993,2449,1789

2126114805,1994,2449,1774

2126115805,1993,2458,1776

2126116805,1999,2453,1767

2126117805,1998,2463,1765

2126118805,1995,2457,1769

2126119805,2003,2464,1765

2126131801,1994,2436,1793

2126132805,1996,2428,1790

2126133805,2001,2417,1798

2126134805,2000,2415,1811

2126135805,1997,2409,1819

2126136805,1997,2411,1827

2126137805,1998,2387,1831

2126138805,1991,2403,1841

2126149801,1989,2320,1967

2126150805,1983,2304,1984

2126151805,1991,2306,1994

2126152805,1984,2295,1995

2126153805,1983,2288,2013

2126154805,1989,2284,2031

2126155805,1979,2279,2047

2126156805,1979,2273,2066

2126168801,1987,2208,2176

2126169805,1989,2213,2167

2126170805,1969,2204,2190

2126171805,1984,2207,2239

2126172805,1981,2206,2205

2126173805,1976,2202,2205

2126174805,1975,2199,2205

2126175805,1983,2199,2213

2126187801,1984,2221,2192

2126188805,1979,2235,2179

2126189805,1984,2234,2179

2126190805,1984,2233,2171

2126191805,1983,2239,2157

2126192805,1983,2253,2154

2126193805,1982,2253,2147

2126194805,1984,2263,2131

2126205453,1973,2322,2010

2126206805,1983,2367,1997

2126207805,1995,2345,1987

2126208805,1989,2347,1965

2126209805,1988,2368,1966

2126210805,1986,2378,1947

2126211805,1984,2374,1935

2126223801,1999,2391,1810

2126224805,1989,2436,1807

2126225805,1994,2439,1793

2126226805,1989,2445,1776

2126227805,1984,2448,1786

2126228805,1998,2455,1774

2126229805,1993,2447,1767

2126230805,1991,2448,1773

2126242801,1995,2429,1774

2126243805,2000,2430,1789

2126244805,1990,2423,1793

2126245805,1995,2426,1799

2126246805,1994,2422,1808

2126247805,1993,2415,1807

2126248805,1999,2406,1811

2126249805,1984,2399,1821

2126261801,1991,2335,1957

2126262805,1988,2314,1971

2126263805,1983,2309,1977

2126264805,1986,2309,2000

2126265805,1981,2303,2014

2126266805,1983,2289,2017

2126267805,1994,2286,2036

2126268805,1987,2275,2055

2126280801,1979,2227,2179

2126281805,1977,2223,2179

2126282805,1987,2219,2183

2126283805,1983,2209,2191

2126284805,1977,2206,2192

2126285805,1974,2217,2193

2126286805,1978,2209,2198

2126287805,1972,2202,2208

2126299801,1982,2224,2192

2126300805,1982,2233,2193

2126301805,1980,2231,2187

2126302805,1984,2240,2182

2126303805,1983,2242,2166

2126304805,1983,2252,2159

2126305805,1985,2252,2151

2126306805,1983,2263,2146

2126317801,1985,2332,2026

2126318805,1979,2334,2013

2126319805,1987,2336,1995

2126320805,1985,2345,1981

2126321805,1984,2349,1977

2126322805,1989,2373,1964

2126323805,1986,2369,1942

2126324805,1984,2374,1936

2126336801,1991,2437,1805

2126337805,1993,2442,1808

2126338805,1989,2433,1795

2126339805,1994,2441,1791

2126340805,1993,2441,1779

2126341805,1985,2383,1787

2126342805,2000,2443,1776

2126343805,1998,2436,1776

2126355801,1991,2429,1809

2126356805,1997,2430,1791

2126357805,1994,2429,1787

2126358805,1987,2393,1808

2126359805,1993,2419,1803

2126360805,2015,2416,1810

2126361805,1998,2404,1815

2126362805,1990,2391,1831

2126373453,1987,2339,1943

2126374805,1991,2327,1963

2126375805,1983,2325,1984

2126376805,1987,2318,1979

2126377805,1987,2306,2000

2126378805,1987,2299,2007

2126379805,1989,2298,2021

2126391801,1974,2229,2150

2126392805,1986,2229,2160

2126393805,1970,2229,2175

2126394805,1984,2224,2169

2126395805,1982,2224,2183

2126396805,1983,2220,2193

2126397805,1984,2223,2198

2126398805,1980,2224,2196

2126410801,1977,2224,2205

2126411805,1984,2211,2194

2126412805,1975,2227,2192

2126413805,1982,2228,2191

2126414805,1997,2243,2176

2126415805,1981,2241,2175

2126416805,1989,2242,2166

2126417805,1984,2256,2160

2126429801,1987,2323,2035

2126430805,1994,2321,2027

2126431805,1976,2325,2007

2126432805,1984,2335,1991

2126433805,1988,2336,1986

2126434805,1987,2341,1971

2126435805,1995,2357,1954

2126436805,1985,2362,1943

2126448801,1990,2421,1860

2126449805,1987,2419,1822

2126450805,1985,2430,1808

2126451805,1986,2446,1799

2126452805,1990,2434,1790

2126453805,1989,2431,1789

2126454805,1993,2437,1780

2126455805,1999,2447,1790

2126467801,1995,2429,1753

2126468805,1991,2419,1783

2126469805,2000,2423,1787

2126470805,1999,2418,1792

2126471805,1985,2422,1808

2126472805,1998,2409,1808

2126473805,1984,2410,1809

2126474805,1994,2395,1822

2126485801,1985,2345,1935

2126486805,1991,2336,1951

2126487805,1985,2337,1961

2126488805,1990,2315,1972

2126489805,1989,2320,1984

2126490805,1983,2305,2000

2126491805,1991,2306,2005

2126492805,1990,2301,2032

2126504801,1984,2235,2153

2126505805,1980,2239,2159

2126506805,1977,2233,2172

2126507805,1984,2227,2176

2126508805,1985,2225,2186

2126509805,1977,2224,2179

2126510805,1985,2229,2192

2126511805,1982,2224,2193

2126523801,1975,2223,2195

2126524805,1983,2224,2192

2126525805,1975,2230,2193

2126526805,1984,2231,2187

2126527805,1978,2242,2176

2126528805,1984,2242,2165

2126529805,1985,2226,2158

2126530805,1988,2242,2160

2126541453,1973,2309,2047

2126542805,1989,2320,2038

2126543805,1982,2329,2012

2126544805,1979,2331,2000

2126545805,1989,2332,1996

2126546805,1983,2349,1984

2126547805,1982,2347,1970

2126559801,1999,2409,1839

2126560805,1991,2415,1830

2126561805,1996,2417,1825

2126562805,1992,2419,1819

2126563805,1989,2419,1811

2126564805,1994,2425,1807

2126565805,2000,2412,1801

2126566805,1994,2432,1785

2126578801,1993,2429,1783

2126579805,1993,2428,1776

2126580805,1994,2421,1776

2126581805,1991,2418,1791

2126582805,1988,2416,1787

2126583805,1999,2416,1796

2126584805,1995,2407,1803

2126585805,1997,2413,1808

2126597801,1985,2346,1922

2126598805,1984,2346,1937

2126599805,1986,2331,1953

2126600805,1984,2332,1968

2126601805,1985,2322,1979

2126602805,1986,2320,1977

2126603805,1985,2320,1991

2126604805,1987,2315,2013

2126616801,1978,2249,2134

2126617805,1991,2241,2148

2126618805,1981,2241,2149

2126619805,1984,2243,2165

2126620805,1973,2239,2161

2126621805,1977,2230,2176

2126622805,1983,2227,2186

2126623805,1979,2235,2186

2126635801,1984,2224,2197

2126636805,1975,2234,2195

2126637805,1975,2231,2187

2126638805,1978,2236,2187

2126639805,1979,2235,2180

2126640805,1983,2239,2174

2126641805,1983,2243,2166

2126642805,1982,2254,2160

2126654801,1983,2311,2033

2126655805,1989,2314,2026

2126656805,1986,2318,2009

2126657805,1961,2327,2000

2126658805,1982,2330,1991

2126659805,1986,2343,1979

2126660805,1987,2341,1961

2126661805,1986,2346,1957

2126673801,1989,2416,1837

2126674805,1990,2413,1829

2126675805,1995,2416,1815

2126676805,1995,2416,1809

2126677805,1994,2416,1803

2126678805,1998,2434,1797

2126679805,1989,2416,1792

2126680805,1991,2430,1793

2126692801,1993,2421,1780

2126693805,1993,2423,1789

2126694805,1997,2423,1790

2126695805,1991,2422,1798

2126696805,1988,2418,1802

2126697805,1999,2411,1808

2126698805,1970,2407,1821

2126699805,1999,2402,1821

2126711801,1985,2353,1941

2126712805,1982,2350,1918

2126713805,1989,2334,1968

2126714805,1985,2326,1977

2126715805,1985,2320,1990

2126716805,1989,2323,2000

2126717805,1989,2320,2007

2126718805,1984,2311,2021

2126730801,1983,2240,2143

2126731805,1983,2251,2157

2126732805,1987,2235,2165

2126733805,1983,2235,2165

2126734805,1984,2239,2167

2126735805,1982,2224,2174

2126736805,1985,2238,2181

2126737805,1984,2224,2183

2126749801,1979,2229,2188

2126750805,1981,2224,2183

2126751805,1980,2234,2178

2126752805,1985,2208,2171

2126753805,1980,2239,2173

2126754805,1975,2240,2160

2126755805,1984,2256,2155

2126756805,1981,2257,2151

2126768801,1991,2308,2024

2126769805,1986,2309,1999

2126770805,1981,2316,1998

2126771805,1983,2329,1987

2126772805,1991,2339,1974

2126773805,1985,2346,1966

2126774805,1986,2352,1951

2126775805,1989,2353,1939

2126787801,1986,2406,1825

2126788805,1995,2413,1818

2126789805,1993,2421,1814

2126790805,1997,2427,1799

2126791805,1983,2422,1803

2126792805,1986,2407,1799

2126793805,2000,2429,1789

2126794805,1997,2435,1783

2126806801,1993,2426,1789

2126807805,1991,2423,1797

2126808805,1995,2417,1795

2126809805,1993,2422,1807

2126810805,1993,2417,1820

2126811805,1994,2404,1819

2126812805,1998,2413,1827

2126813805,1994,2407,1838

2126825801,1993,2351,1951

2126826805,1987,2346,1968

2126827805,1985,2332,1974

2126828805,1985,2320,1986

2126829805,1977,2320,1997

2126830805,1990,2322,2013

2126831805,1991,2311,2021

2126832805,1989,2304,2034

2126844801,1983,2242,2157

2126845805,1983,2243,2158

2126846805,1984,2253,2170

2126847805,1984,2213,2163

2126848805,1981,2295,2174

2126849805,1980,2234,2181

2126850805,1974,2243,2182

2126851805,1977,2230,2187

2126863801,1982,2234,2176

2126864805,1982,2235,2169

2126865805,1979,2242,2174

2126866805,1983,2213,2162

2126867805,1983,2241,2160

2126868805,1979,2247,2139

2126869805,1984,2249,2138

2126870805,1979,2251,2135

2126882801,1987,2309,2014

2126883805,1981,2320,2000

2126884805,1986,2325,1993

2126885805,1985,2336,1978

2126886805,1989,2339,1970

2126887805,1988,2339,1953

2126888805,1988,2343,1947

2126889805,1987,2355,1936

2126901801,1990,2416,1818

2126902805,1989,2409,1814

2126903805,1988,2414,1808

2126904805,1986,2417,1807

2126905805,1999,2426,1808

2126906805,1991,2416,1803

2126907805,1987,2422,1797

2126908805,1991,2431,1792

2126920801,1993,2427,1798

2126921805,1989,2422,1802

2126922805,1994,2421,1818

2126923805,1993,2416,1812

2126924805,1988,2412,1840

2126925805,1991,2407,1828

2126926805,1986,2400,1841

2126927805,1995,2395,1841

2126939801,1990,2336,1967

2126940805,1984,2346,1979

2126941805,1985,2320,1990

2126942805,1987,2304,2000

2126943805,1987,2315,2009

2126944805,1985,2311,2018

2126945805,1975,2303,2039

2126946805,1980,2307,2038

2126958801,1986,2247,2160

2126959805,1970,2237,2163

2126960805,1975,2240,2162

2126961805,1981,2234,2177

2126962805,1982,2234,2175

2126963805,1986,2234,2178

2126964805,1981,2227,2179

2126965805,1980,2229,2192

2126977801,1983,2222,2167

2126978805,1973,2237,2162

2126979805,1986,2236,2155

2126980805,1977,2241,2153

2126981805,1982,2246,2147

2126982805,1983,2250,2141

2126983805,1975,2251,2129

2126984805,1988,2269,2118

2126996801,1985,2321,2000

2126997805,1988,2321,1983

2126998805,1981,2325,1973

2126999805,1990,2337,1966

2127000805,1981,2335,1958

2127001805,1987,2347,1938

2127002805,1985,2405,1935

2127003805,1989,2363,1919

2127015801,1988,2416,1823

2127016805,1993,2416,1813

2127017805,1990,2415,1807

2127018805,1986,2416,1805

2127019805,1992,2414,1777

2127020805,1986,2422,1798

2127021805,1997,2419,1802

2127022805,1991,2431,1778

2127034801,1991,2416,1805

2127035805,1994,2413,1799

2127036805,1990,2417,1801

2127037805,1987,2412,1821

2127038805,1995,2415,1839

2127039805,1986,2398,1840

2127040805,1993,2406,1847

2127041805,1990,2393,1857

2127053801,1981,2343,1979

2127054805,1983,2329,1989

2127055805,1990,2321,2011

2127056805,1985,2317,2021

2127057805,1993,2315,2005

2127058805,1984,2307,2003

2127059805,1984,2298,2047

2127060805,1979,2311,2063

2127072801,1980,2240,2117

2127073805,1984,2239,2160

2127074805,1980,2230,2160

2127075805,1984,2238,2169

2127076805,1984,2235,2173

2127077805,1986,2233,2181

2127078805,1984,2222,2183

2127079805,1978,2231,2179

2127090801,1975,2223,2161

2127091805,1978,2229,2161

2127092805,1973,2241,2165

2127093805,1978,2239,2154

2127094805,1973,2243,2150

2127095805,1980,2239,2131

2127096805,1984,2249,2128

2127097805,1982,2256,2116

2127109801,1981,2320,1995

2127110805,1985,2320,1989

2127111805,1994,2311,1977

2127112805,1986,2335,1969

2127113805,1991,2327,1953

2127114805,1989,2349,1941

2127115805,1989,2352,1933

2127116805,1993,2352,1921

2127128801,2003,2409,1833

2127129805,1999,2414,1803

2127130805,1994,2414,1814

2127131805,1995,2416,1813

2127132805,1993,2414,1799

2127133805,1994,2416,1802

2127134805,1995,2431,1793

2127135805,1947,2431,1797

2127146453,1998,2419,1808

2127147805,1989,2416,1803

2127148805,1987,2413,1821

2127149805,1989,2406,1826

2127150805,1989,2416,1827

2127151805,2009,2412,1842

2127152805,1991,2399,1845

2127164801,1990,2349,1961

2127165805,1970,2341,1974

2127166805,1991,2343,1971

2127167805,2014,2333,1993

2127168805,1984,2294,2000

2127169805,1985,2305,2006

2127170805,1989,2322,2017

2127171805,1983,2311,2034

2127183801,1969,2245,2123

2127184805,1985,2239,2151

2127185805,1982,2239,2158

2127186805,2019,2240,2159

2127187805,1985,2239,2162

2127188805,1997,2239,2170

2127189805,1983,2238,2171

2127190805,1984,2229,2172

2127202801,1983,2224,2166

2127203805,2021,2239,2161

2127204805,1978,2235,2167

2127205805,1972,2243,2155

2127206805,1989,2237,2144

2127207805,1982,2245,2134

2127208805,1979,2243,2131

2127209805,1979,2246,2126

2127221801,1987,2315,2000

2127222805,2010,2315,1999

2127223805,2016,2320,2027

2127224805,1989,2323,1985

2127225805,1974,2323,1968

2127226805,1985,2338,1949

2127227805,1987,2352,1943

2127228805,1993,2348,1936

2127240801,1989,2402,1841

2127241805,1989,2412,1827

2127242805,1990,2414,1828

2127243805,1997,2423,1817

2127244805,1997,2421,1812

2127245805,1997,2416,1808

2127246805,2002,2416,1804

2127247805,1979,2419,1804

2127259801,1990,2418,1824

2127260805,2005,2414,1818

2127261805,1987,2419,1822

2127262805,1995,2416,1835

2127263805,1991,2402,1805

2127264805,1988,2405,1841

2127265805,1997,2398,1856

2127266805,1987,2404,1857

2127278801,1983,2343,1973

2127279805,1989,2335,1983

2127280805,1984,2329,1989

2127281805,1983,2322,2001

2127282805,1986,2320,2005

2127283805,1984,2317,2027

2127284805,1985,2305,2128

2127285805,1985,2306,2015

2127297801,1984,2241,2145

2127298805,1981,2249,2158

2127299805,1985,2243,2129

2127300805,1978,2241,2157

2127301805,1979,2240,2160

2127302805,1981,2236,2160

2127303805,1980,2231,2170

2127304805,1973,2231,2167

2127316801,1982,2224,2155

2127317805,1990,2236,2149

2127318805,1983,2239,2144

2127319805,1968,2247,2137

2127320805,1988,2249,2145

2127321805,1981,2251,2121

2127322805,1991,2252,2123

2127323805,1979,2261,2108

2127335801,1991,2317,2003

2127336805,1990,2320,1987

2127337805,1987,2326,1973

2127338805,1987,2330,1967

2127339805,1983,2335,1957

2127340805,1984,2351,1955

2127341805,1990,2345,1936

2127342805,1984,2352,1902

2127354801,1998,2411,1828

2127355805,1995,2407,1831

2127356805,1990,2418,1818

2127357805,1991,2416,1839

2127358805,1990,2418,1820

2127359805,2000,2419,1809

2127360805,1989,2422,1810

2127361805,1968,2426,1863

2127373801,1994,2420,1827

2127374805,1996,2414,1833

2127375805,2000,2422,1835

2127376805,2003,2416,1841

2127377805,1994,2411,1850

2127378805,2015,2405,1818

2127379805,1993,2397,1856

2127380805,1997,2405,1872

2127392801,1985,2336,1975

2127393805,1984,2337,1994

2127394805,1985,2333,2007

2127395805,1983,2320,2013

2127396805,1987,2321,2019

2127397805,1983,2285,2034

2127398805,1989,2259,2045

2127399805,1984,2294,2047

2127411801,1986,2246,2145

2127412805,1980,2246,2167

2127413805,1983,2242,2157

2127414805,1984,2239,2157

2127415805,1974,2226,2159

2127416805,1989,2237,2160

2127417805,1974,2227,2170

2127418805,1982,2223,2173

2127430801,1981,2246,2099

2127431805,1978,2245,2150

2127432805,1984,2234,2133

2127433805,1976,2246,2128

2127434805,1986,2192,2123

2127435805,1973,2254,2122

2127436805,1982,2256,2110

2127437805,1984,2263,2102

2127449801,1990,2320,1990

2127450805,1962,2327,1968

2127451805,1990,2335,1965

2127452805,1934,2340,1963

2127453805,1987,2341,1947

2127454805,1984,2341,1938

2127455805,1989,2348,1931

2127456805,1985,2365,1919

2127468801,1987,2419,1831

2127469805,1994,2385,1824

2127470805,1999,2416,1822

2127471805,1991,2419,1821

2127472805,1987,2420,1823

2127473805,1990,2423,1790

2127474805,1997,2428,1809

2127475805,2032,2429,1808

2127487801,2004,2417,1830

2127488805,1993,2416,1833

2127489805,2001,2401,1841

2127490805,2016,2413,1811

2127491805,2000,2405,1858

2127492805,1980,2402,1863

2127493805,1981,2398,1865

2127494805,1985,2389,1875

2127506801,1987,2331,1997

2127507805,1990,2324,1999

2127508805,1978,2320,2003

2127509805,1993,2315,2023

2127510805,2027,2302,2028

2127511805,1983,2305,2037

2127512805,1979,2296,2043

2127513805,1990,2293,2063

2127525801,1974,2240,2145

2127526805,1980,2240,2149

2127527805,1981,2236,2155

2127528805,1984,2238,2158

2127529805,1981,2234,2157

2127530805,2011,2230,2164

2127531805,1985,2230,2165

2127532805,1989,2223,2167

2127544801,1981,2230,2105

2127545805,1981,2246,2179

2127546805,1984,2245,2123

2127547805,1978,2247,2122

2127548805,1975,2255,2110

2127549805,1975,2256,2110

2127550805,1983,2253,2103

2127551805,1984,2309,2094

2127563801,1987,2321,1975

2127564805,1986,2336,1968

2127565805,1991,2341,1952

2127566805,1989,2341,1947

2127567805,1991,2432,1935

2127568805,1989,2349,1933

2127569805,1995,2357,1924

2127570805,1986,2368,1909

2127582801,1984,2419,1821

2127583805,1987,2416,1827

2127584805,1991,2416,1822

2127585805,2032,2423,1815

2127586805,1998,2432,1814

2127587805,1991,2416,1813

2127588805,1986,2423,1836

2127589805,1993,2426,1814

2127601801,2001,2415,1842

2127602805,1990,2421,1853

2127603805,1984,2391,1854

2127604805,1984,2405,1861

2127605805,1986,2397,1867

2127606805,1990,2399,1867

2127607805,1994,2395,1876

2127608805,1985,2391,1895

2127620801,2001,2323,1987

2127621805,1973,2321,2010

2127622805,1987,2313,2022

2127623805,1974,2303,2027

2127624805,1983,2304,2032

2127625805,1968,2301,2041

2127626805,1988,2293,2064

2127627805,1949,2287,2062

2127639801,1984,2237,2144

2127640805,1981,2235,2146

2127641805,1981,2231,2160

2127642805,1982,2234,2155

2127643805,1988,2233,2157

2127644805,1983,2227,2169

2127645805,1990,2224,2163

2127646805,2023,2224,2166

2127658801,1984,2240,2129

2127659805,1978,2251,2127

2127660805,1986,2250,2113

2127661805,1986,2253,2112

2127662805,1968,2257,2107

2127663805,2032,2256,2112

2127664805,1979,2262,2092

2127665805,2000,2259,2081

2127677801,1987,2338,1968

2127678805,1990,2336,1962

2127679805,2006,2346,1954

2127680805,1995,2348,1947

2127681805,1990,2357,1934

2127682805,1985,2368,1925

2127683805,1991,2371,1907

2127684805,1990,2365,1911

2127695801,1990,2412,1835

2127696805,1998,2428,1835

2127697805,1998,2416,1829

2127698805,1998,2423,1825

2127699805,1988,2423,1821

2127700805,1997,2422,1825

2127701805,1995,2431,1826

2127702805,1995,2426,1812

2127714801,2012,2421,1842

2127715805,1983,2416,1851

2127716805,2026,2409,1777

2127717805,1997,2517,1866

2127718805,1987,2401,1867

2127719805,1989,2390,1876

2127720805,1998,2381,1888

2127721805,1993,2386,1890

2127733801,1989,2322,2000

2127734805,1984,2320,2002

2127735805,1989,2309,2013

2127736805,1998,2306,2023

2127737805,1989,2304,2037

2127738805,2019,2289,2093

2127739805,1994,2291,2059

2127740805,1978,2288,2075

2127751453,1991,2237,2128

2127752805,1981,2235,2141

2127753805,1983,2237,2139

2127754805,1984,2230,2158

2127755805,1979,2231,2152

2127756805,1979,2231,2213

2127757805,1994,2224,2143

2127769801,1999,2243,2134

2127770805,1983,2243,2131

2127771805,1986,2247,2130

2127772805,2011,2249,2128

2127773805,1986,2249,2119

2127774805,1990,2257,2137

2127775805,1981,2256,2099

2127776805,1979,2257,2099

2127788801,1985,2325,1994

2127789805,1990,2326,1983

2127790805,1980,2345,1973

2127791805,1989,2347,1968

2127792805,1984,2347,1947

2127793805,1999,2355,1939

2127794805,1985,2352,1936

2127795805,1994,2361,1915

2127807801,1991,2416,1850

2127808805,1987,2416,1829

2127809805,1996,2425,1839

2127810805,1956,2414,1836

2127811805,1990,2420,1840

2127812805,1999,2425,1825

2127813805,1989,2419,1827

2127814805,1995,2427,1815

2127826801,1990,2416,1842

2127827805,1989,2412,1849

2127828805,1990,2410,1853

2127829805,1982,2403,1856

2127830805,1990,2401,1872

2127831805,1987,2398,1871

2127832805,1995,2399,1874

2127833805,1985,2391,1877

2127845801,1983,2328,1983

2127846805,1991,2320,1998

2127847805,1987,2318,2006

2127848805,1987,2314,2009

2127849805,1989,2311,2027

2127850805,1984,2299,2011

2127851805,1979,2295,2046

2127852805,1985,2288,2046

2127863801,1981,2249,2133

2127864805,1983,2240,2131

2127865805,1984,2231,2142

2127866805,1978,2239,2127

2127867805,1982,2241,2143

2127868805,1986,2229,2147

2127869805,1978,2227,2151

2127870805,1984,2240,2153

2127882801,1985,2245,2157

2127883805,1986,2235,2128

2127884805,1984,2243,2128

2127885805,1983,2254,2128

2127886805,1987,2256,2117

2127887805,1984,2259,2112

2127888805,1983,2265,2101

2127889805,1987,2272,2094

2127901801,1997,2323,1991

2127902805,1989,2333,1978

2127903805,1991,2337,1969

2127904805,1985,2342,1968

2127905805,1989,2347,1956

2127906805,1993,2357,1940

2127907805,1986,2361,1935

2127908805,1986,2361,1925

2127919450,1985,2400,1856

2127920805,1985,2415,1849

2127921805,1989,2411,1841

2127922805,1991,2411,1835

2127923805,2000,2416,1835

2127924805,1993,2419,1825

2127925805,1991,2419,1831

2127937801,1983,2426,1839

2127938805,1994,2413,1839

2127939805,1990,2420,1849

2127940805,1995,2417,1852

2127941805,1997,2417,1858

2127942805,2000,2397,1859

2127943805,1997,2396,1870

2127944805,1995,2400,1872

2127956801,1997,2342,1971

2127957805,1987,2322,1978

2127958805,1985,2329,1989

2127959805,2034,2320,2001

2127960805,1987,2320,2003

2127961805,1990,2314,2012

2127962805,1982,2307,2018

2127963805,1980,2293,2026

2127975801,1981,2253,2096

2127976805,1989,2251,2126

2127977805,1990,2241,2128

2127978805,1982,2244,2135

2127979805,1984,2245,2138

2127980805,1984,2237,2139

2127981805,1982,2240,2144

2127982805,1987,2224,2146

2127994801,1989,2247,2143

2127995805,2000,2251,2105

2127996805,1984,2246,2130

2127997805,1961,2251,2119

2127998805,1979,2253,2118

2127999805,1967,2255,2113

2128000805,1979,2257,2102

2128001805,1982,2267,2096

2128013801,2023,2325,1994

2128014805,2002,2323,1990

2128015805,1994,2338,1985

2128016805,1986,2326,1975

2128017805,1991,2339,1968

2128018805,1990,2341,1954

2128019805,1984,2348,1946

2128020805,1993,2355,1937

2128031801,1987,2401,1856

2128032805,1986,2406,1855

2128033805,1984,2415,1855

2128034805,1965,2416,1840

2128035805,1989,2416,1843

2128036805,2000,2416,1835

2128037805,1983,2416,1840

2128038805,1990,2416,1837

2128050801,1994,2414,1840

2128051805,1991,2417,1853

2128052805,1997,2407,1817

2128053805,1985,2403,1852

2128054805,1987,2398,1861

2128055805,1990,2399,1858

2128056805,1987,2395,1868

2128057805,1988,2401,1896

2128069801,1985,2325,1968

2128070805,2000,2329,1968

2128071805,1997,2331,1983

2128072805,1984,2325,1993

2128073805,1991,2320,2039

2128074805,1963,2305,2013

2128075805,1984,2306,2019

2128076805,1967,2301,2032

2128087453,1986,2256,2113

2128088805,1984,2249,2128

2128089805,1983,2247,2128

2128090805,1974,2239,2128

2128091805,1984,2249,2129

2128092805,1981,2243,2137

2128093805,1995,2235,2128

2128105801,1970,2245,2143

2128106805,1974,2247,2108

2128107805,1915,2242,2129

2128108805,1984,2245,2128

2128109805,1983,2256,2114

2128110805,2083,2251,2125

2128111805,1982,2254,2095

2128112805,1920,2262,2118

2128124801,1971,2313,2016

2128125805,1936,2314,2025

2128126805,1983,2320,1999

2128127805,2012,2320,1989

2128128805,1987,2339,1983

2128129805,1985,2334,1989

2128130805,1988,2343,1968

2128131805,1971,2353,1952

2128143801,1986,2403,1872

2128144805,1994,2398,1866

2128145805,1984,2416,1872

2128146805,2002,2411,1844

2128147805,2017,2422,1873

2128148805,2055,2411,1842

2128149805,2032,2415,1839

2128150805,1999,2416,1865

2128162801,1987,2404,1840

2128163805,1985,2413,1839

2128164805,1984,2416,1843

2128165805,2097,2399,1809

2128166805,1990,2403,1853

2128167805,1984,2410,1860

2128168805,1986,2397,1862

2128169805,1990,2403,1867

2128181801,1986,2350,1956

2128182805,1987,2339,1970

2128183805,1982,2326,1990

2128184805,1985,2320,1989

2128185805,2013,2319,1998

2128186805,1991,2314,1981

2128187805,2046,2304,2001

2128188805,1986,2308,2022

2128199801,1984,2257,2110

2128200805,1985,2255,2121

2128201805,1984,2256,2114

2128202805,1979,2253,2114

2128203805,1985,2255,2126

2128204805,1972,2239,2127

2128205805,1938,2241,2128

2128206805,1980,2237,2128

2128218801,1983,2237,2130

2128219805,1986,2250,2135

2128220805,1985,2247,2111

2128221805,1978,2160,2128

2128222805,1974,2254,2128

2128223805,1989,2255,2123

2128224805,1982,2258,2123

2128225805,2001,2256,2118

2128237801,1987,2316,2003

2128238805,1994,2322,2004

2128239805,1991,2320,1999

2128240805,1984,2325,2000

2128241805,1979,2287,2007

2128242805,1959,2337,1975

2128243805,1986,2347,1980

2128244805,1994,2350,1958

2128255453,1989,2391,1887

2128256805,1984,2402,1876

2128257805,1985,2405,1863

2128258805,1995,2407,1869

2128259805,1988,2406,1854

2128260805,1987,2412,1856

2128261805,1988,2413,1853

2128273801,1993,2419,1825

2128274805,1957,2409,1823

2128275805,1991,2401,1840

2128276805,1942,2413,1872

2128277805,1987,2413,1847

2128278805,1987,2407,1839

2128279805,1993,2406,1863

2128280805,1987,2407,1857

2128292801,1993,2354,1940

2128293805,1987,2349,1961

2128294805,1986,2341,1955

2128295805,1991,2329,1969

2128296805,1987,2325,1974

2128297805,1984,2334,1975

2128298805,1988,2323,1968

2128299805,1981,2317,1999

2128311801,1984,2267,2097

2128312805,1977,2250,2105

2128313805,1982,2256,2129

2128314805,2016,2256,2111

2128315805,1984,2253,2117

2128316805,1984,2247,2128

2128317805,1975,2253,2145

2128318805,1983,2253,2129

2128330801,1980,2240,2137

2128331805,1982,2242,2135

2128332805,1987,2249,2128

2128333805,1973,2247,2130

2128334805,1984,2253,2126

2128335805,1985,2257,2118

2128336805,1983,2257,2113

2128337805,1988,2256,2114

2128349801,1989,2307,2022

2128350805,1989,2311,2019

2128351805,1987,2320,2004

2128352805,1994,2324,2001

2128353805,1987,2330,2028

2128354805,1936,2337,1959

2128355805,1987,2345,1981

2128356805,1985,2348,1967

2128367801,1994,2390,1881

2128368805,1987,2397,1872

2128369805,1999,2397,1856

2128370805,1994,2396,1867

2128371805,1995,2400,1862

2128372805,1997,2413,1859

2128373805,1986,2405,1844

2128374805,1979,2412,1843

2128386801,1998,2407,1827

2128387805,2018,2403,1834

2128388805,1995,2406,1919

2128389805,1978,2415,1855

2128390805,1984,2405,1847

2128391805,1991,2411,1852

2128392805,1990,2400,1861

2128393805,1993,2401,1859

2128405801,1997,2342,1943

2128406805,1986,2337,1957

2128407805,1983,2345,1967

2128408805,1989,2325,1967

2128409805,1989,2331,1974

2128410805,1989,2317,1984

2128411805,1987,2314,1991

2128412805,1988,2320,2000

2128423453,1987,2268,2095

2128424805,1983,2272,2097

2128425805,1939,2256,2031

2128426805,1987,2257,2103

2128427805,1900,2251,2096

2128428805,1979,2240,2112

2128429805,1981,2253,2128

2128441801,1975,2240,2140

2128442805,1987,2235,2139

2128443805,1979,2244,2134

2128444805,1989,2251,2129

2128445805,1995,2245,2135

2128446805,1983,2247,2128

2128447805,1985,2253,2126

2128448805,1979,2257,2123

2128460801,1986,2304,2042

2128461805,1983,2305,2043

2128462805,1989,2309,2025

2128463805,1949,2309,1997

2128464805,1986,2321,2011

2128465805,1920,2325,2005

2128466805,1984,2341,2003

2128467805,2010,2337,1983

2128479801,1991,2383,1895

2128480805,1990,2384,1885

2128481805,1991,2394,1883

2128482805,2047,2395,1872

2128483805,1995,2399,1872

2128484805,1998,2395,1875

2128485805,1993,2405,1893

2128486805,1995,2405,1856

2128498801,1999,2410,1840

2128499805,1991,2410,1844

2128500805,1995,2402,1845

2128501805,1997,2416,1846

2128502805,1989,2391,1847

2128503805,1992,2395,1853

2128504805,1998,2402,1851

2128505805,1993,2400,1863

2128517801,1989,2351,1971

2128518805,1987,2353,1948

2128519805,1987,2326,1950

2128520805,1985,2340,1958

2128521805,1994,2335,1965

2128522805,1984,2333,1968

2128523805,1991,2323,1983

2128524805,1989,2319,1993

2128535801,1988,2277,2070

2128536805,1987,2283,2087

2128537805,1984,2268,2096

2128538805,1983,2258,2101

2128539805,1991,2288,2102

2128540805,1971,2265,2093

2128541805,1983,2192,2117

2128542805,1988,2256,2116

2128554801,1987,2249,2137

2128555805,1982,2253,2137

2128556805,1982,2269,2129

2128557805,1986,2216,2131

2128558805,1984,2253,2125

2128559805,2000,2263,2124

2128560805,1981,2233,2126

2128561805,1978,2259,2118

2128573801,1987,2310,2043

2128574805,1984,2305,2031

2128575805,1979,2302,2025

2128576805,1945,2318,2045

2128577805,1985,2320,2003

2128578805,1983,2289,2000

2128579805,1979,2327,2005

2128580805,1985,2327,1987

2128591453,1993,2374,1899

2128592805,1989,2377,1891

2128593805,1986,2384,1895

2128594805,1989,2390,1882

2128595805,1993,2388,1863

2128596805,1990,2391,1871

2128597805,1985,2404,1869

2128609801,1995,2411,1838

2128610805,1991,2445,1840

2128611805,1999,2318,1849

2128612805,2045,2402,1814

2128613805,1998,2415,1850

2128614805,1994,2407,1851

2128615805,1993,2379,1863

2128616805,1998,2393,1854

2128628801,1997,2357,1920

2128629805,1993,2381,1931

2128630805,1990,2333,1935

2128631805,1969,2352,1945

2128632805,1982,2341,1946

2128633805,1999,2356,1959

2128634805,1993,2334,1966

2128635805,1985,2325,1970

2128647801,1984,2277,2065

2128648805,1985,2269,2079

2128649805,1984,2267,2080

2128650805,1983,2263,2092

2128651805,1984,2269,2093

2128652805,1984,2266,2103

2128653805,1985,2259,2111

2128654805,1982,2259,2109

2128666801,1984,2255,2134

2128667805,1984,2243,2135

2128668805,1982,2251,2137

2128669805,1984,2255,2133

2128670805,1990,2294,2129

2128671805,1993,2254,2133

2128672805,1983,2256,2119

2128673805,1989,2259,2115

2128685801,1989,2290,2038

2128686805,1982,2306,2038

2128687805,1986,2299,2032

2128688805,2026,2308,2007

2128689805,1985,2314,2014

2128690805,1987,2320,2003

2128691805,1987,2326,2000

2128692805,1987,2324,2000

2128704801,1994,2375,1904

2128705805,1989,2374,1901

2128706805,1990,2388,1887

2128707805,1973,2384,1886

2128708805,1989,2387,1875

2128709805,1987,2384,1872

2128710805,1960,2397,1864

2128711805,1991,2383,1871

2128723801,1995,2403,1841

2128724805,1998,2448,1843

2128725805,1993,2399,1843

2128726805,2007,2405,1909

2128727805,1991,2400,1841

2128728805,1987,2407,1851

2128729805,2000,2397,1861

2128730805,1990,2392,1861

2128742801,1986,2363,1932

2128743805,1985,2352,1935

2128744805,1983,2345,1951

2128745805,2014,2334,1953

2128746805,1989,2337,1979

2128747805,1986,2288,1967

2128748805,1984,2331,1968

2128749805,1990,2330,1983

2128761801,1986,2285,2084

2128762805,1978,2269,2075

2128763805,1981,2272,2084

2128764805,1986,2262,2094

2128765805,1984,2266,2105

2128766805,1982,2262,2111

2128767805,1993,2258,2096

2128768805,1978,2256,2112

2128780801,1984,2255,2133

2128781805,1988,2253,2131

2128782805,1978,2250,2128

2128783805,1979,2257,2117

2128784805,1984,2257,2124

2128785805,1963,2256,2117

2128786805,1984,2263,2129

2128787805,1981,2258,2109

2128799801,1983,2304,2038

2128800805,1997,2306,2032

2128801805,1990,2311,2021

2128802805,1976,2319,2017

2128803805,1982,2322,2010

2128804805,1987,2316,2001

2128805805,1990,2331,1987

2128806805,1979,2329,1989

2128818801,1987,2379,1895

2128819805,1989,2386,1897

2128820805,1986,2390,1887

2128821805,1988,2385,1882

2128822805,1987,2381,1872

2128823805,1995,2385,1868

2128824805,1989,2400,1867

2128825805,1991,2391,1861

2128837801,1991,2401,1842

2128838805,2000,2406,1851

2128839805,1993,2400,1849

2128840805,1951,2399,1843

2128841805,1994,2393,1857

2128842805,1990,2397,1859

2128843805,1984,2391,1846

2128844805,1985,2403,1873

2128856801,1989,2360,1936

2128857805,1987,2351,1948

2128858805,1999,2344,1948

2128859805,2005,2341,1959

2128860805,1986,2327,1968

2128861805,1987,2368,1974

2128862805,1989,2323,1994

2128863805,1983,2326,1995

2128875801,1979,2273,2085

2128876805,1980,2301,2083

2128877805,1980,2240,2096

2128878805,1941,2270,2085

2128879805,1987,2243,2099

2128880805,1984,2258,2107

2128881805,1994,2261,2111

2128882805,1979,2258,2122

2128894801,1983,2252,2140

2128895805,1990,2251,2122

2128896805,1985,2281,2123

2128897805,1950,2253,2114

2128898805,1983,2301,2118

2128899805,1973,2331,2110

2128900805,1983,2269,2111

2128901805,1979,2269,2128

2128913801,1987,2309,2032

2128914805,1985,2347,2019

2128915805,1990,2320,2022

2128916805,1984,2318,2007

2128917805,1989,2326,1994

2128918805,1985,2333,1999

2128919805,1986,2323,1989

2128920805,1988,2330,1979

2128932801,1989,2373,1902

2128933805,1991,2384,1886

2128934805,1988,2387,1883

2128935805,2000,2302,1882

2128936805,1989,2394,1872

2128937805,1990,2393,1871

2128938805,1994,2391,1869

2128939805,1997,2389,1861

2128951801,1991,2398,1851

2128952805,1984,2406,1857

2128953805,1986,2400,1861

2128954805,1989,2387,1863

2128955805,1994,2399,1859

2128956805,1984,2416,1866

2128957805,1995,2389,1869

2128958805,1989,2403,1873

2128970801,1991,2351,1943

2128971805,1990,2320,1951

2128972805,1993,2341,1958

2128973805,1984,2332,1975

2128974805,1993,2338,1970

2128975805,1986,2323,1983

2128976805,1987,2326,1988

2128977805,1985,2311,1989

2128989801,1971,2274,2081

2128990805,1984,2272,2096

2128991805,1981,2266,2086

2128992805,1980,2261,2105

2128993805,1983,2260,2109

2128994805,1981,2263,2112

2128995805,1988,2263,2109

2128996805,1987,2257,2113

2129008801,1990,2250,2117

2129009805,1983,2256,2121

2129010805,1984,2256,2113

2129011805,1983,2258,2118

2129012805,1985,2270,2115

2129013805,1984,2271,2112

2129014805,1987,2274,2018

2129015805,1990,2271,2101

2129027801,1986,2306,2027

2129028805,1983,2317,2017

2129029805,1991,2317,2001

2129030805,1990,2318,2000

2129031805,1983,2325,1990

2129032805,1986,2335,1981

2129033805,1978,2345,1983

2129034805,1983,2343,1990

2129046801,1986,2383,1891

2129047805,1997,2385,1885

2129048805,1990,2384,1884

2129049805,1993,2394,1869

2129050805,1993,2384,1878

2129051805,1992,2389,1867

2129052805,1991,2389,1869

2129053805,1984,2402,1852

2129065801,1994,2397,1851

2129066805,1990,2398,1856

2129067805,1987,2387,1856

2129068805,1997,2394,1870

2129069805,1995,2389,1872

2129070805,1989,2395,1872

2129071805,1990,2393,1875

2129072805,1995,2387,1884

2129084801,1994,2337,1952

2129085805,1989,2337,2002

2129086805,1987,2330,1959

2129087805,2061,2333,1977

2129088805,1990,2320,1984

2129089805,1985,2336,1989

2129090805,1989,2320,2001

2129091805,1994,2313,2013

2129103801,1984,2283,2091

2129104805,1987,2261,2096

2129105805,1983,2271,2096

2129106805,1965,2266,2103

2129107805,1985,2263,2110

2129108805,1986,2259,2117

2129109805,2017,2265,2115

2129110805,1983,2257,2115

2129122801,1975,2252,2121

2129123805,1982,2263,2117

2129124805,1985,2263,2117

2129125805,1989,2267,2109

2129126805,1982,2274,2111

2129127805,1984,2270,2102

2129128805,1967,2270,2099

2129129805,1984,2275,2096

2129141801,1989,2294,2007

2129142805,1980,2320,2017

2129143805,1990,2322,1995

2129144805,1984,2319,1997

2129145805,1989,2327,1981

2129146805,1987,2337,1973

2129147805,1984,2335,1968

2129148805,1995,2335,1965

2129160801,1991,2381,1887

2129161805,2000,2384,1883

2129162805,1983,2387,1875

2129163805,1988,2386,1871

2129164805,1984,2389,1866

2129165805,1990,2391,1856

2129166805,1988,2393,1859

2129167805,1989,2386,1870

2129179801,1992,2334,1865

2129180805,1989,2385,1871

2129181805,2000,2391,1871

2129182805,1979,2386,1872

2129183805,1991,2387,1872

2129184805,1995,2378,1882

2129185805,1986,2385,1883

2129186805,1995,2383,1875

2129198801,1987,2361,1966

2129199805,1991,2335,1968

2129200805,1987,2335,1970

2129201805,1984,2325,1989

2129202805,1989,2321,1983

2129203805,1985,2319,2000

2129204805,1984,2320,2007

2129205805,1989,2308,2011

2129217801,1984,2273,2086

2129218805,1988,2269,2099

2129219805,1988,2267,2097

2129220805,1985,2308,2105

2129221805,1981,2258,2112

2129222805,1983,2267,2114

2129223805,1985,2258,2118

2129224805,1993,2261,2114

2129236801,1983,2256,2118

2129237805,1981,2262,2111

2129238805,1995,2257,2109

2129239805,1988,2273,2103

2129240805,1984,2271,2098

2129241805,1985,2273,2102

2129242805,1990,2273,2093

2129243805,1986,2274,2091

2129255801,1985,2314,2002

2129256805,1986,2320,1999

2129257805,1993,2427,1995

2129258805,1980,2325,1970

2129259805,1994,2329,1970

2129260805,1983,2338,1968

2129261805,1987,2346,1963

2129262805,1986,2339,1952

2129274801,1995,2384,1881

2129275805,1997,2390,1875

2129276805,1986,2389,1877

2129277805,1985,2389,1875

2129278805,1995,2400,1872

2129279805,1997,2395,1863

2129280805,1989,2389,1858

2129281805,1988,2394,1857

2129293801,1991,2389,1863

2129294805,1991,2369,1866

2129295805,1987,2405,1872

2129296805,1991,2385,1886

2129297805,1993,2379,1872

2129298805,1997,2378,1881

2129299805,1986,2387,1888

2129300805,1987,2383,1904

2129312801,1994,2335,1975

2129313805,1990,2334,1987

2129314805,1976,2336,1990

2129315805,1986,2322,1991

2129316805,1997,2314,2002

2129317805,1987,2318,2007

2129318805,1989,2315,2008

2129319805,1991,2305,2019

2129331801,1983,2271,2093

2129332805,1983,2262,2096

2129333805,1979,2263,2110

2129334805,1974,2269,2100

2129335805,1981,2263,2108

2129336805,1977,2267,2117

2129337805,1984,2263,2116

2129338805,1986,2255,2116

2129350801,1994,2261,2112

2129351805,1982,2264,2101

2129352805,1985,2256,2102

2129353805,1982,2268,2096

2129354805,1984,2269,2095

2129355805,1988,2272,2085

2129356805,1983,2278,2089

2129357805,1984,2281,2077

2129369801,1990,2319,2001

2129370805,2000,2330,1986

2129371805,1999,2323,1971

2129372805,1986,2339,1983

2129373805,1991,2338,1968

2129374805,1987,2349,1962

2129375805,1989,2351,1954

2129376805,1991,2347,1946

2129388801,1989,2382,1893

2129389805,1985,2395,1875

2129390805,1994,2387,1872

2129391805,2000,2387,1873

2129392805,1987,2386,1870

2129393805,1987,2389,1865

2129394805,1985,2391,1859

2129395805,1994,2391,1858

2129407801,1988,2369,1874

2129408805,1984,2384,1874

2129409805,1989,2382,1875

2129410805,1988,2382,1879

2129411805,1987,2387,1883

2129412805,1994,2384,1885

2129413805,1985,2371,1899

2129414805,1984,2375,1904

2129426801,1987,2327,1984

2129427805,1988,2321,1991

2129428805,1981,2325,1985

2129429805,1983,2323,1998

2129430805,1982,2320,2001

2129431805,1986,2307,2013

2129432805,1979,2308,2021

2129433805,1986,2304,2026

2129445801,1988,2271,2097

2129446805,1983,2267,2099

2129447805,1979,2262,2105

2129448805,1984,2262,2102

2129449805,1983,2256,2114

2129450805,1982,2262,2113

2129451805,1982,2257,2112

2129452805,1979,2257,2115

2129464801,1983,2267,2109

2129465805,1980,2270,2103

2129466805,1982,2269,2091

2129467805,1981,2272,2092

2129468805,1984,2281,2085

2129469805,1979,2280,2089

2129470805,1977,2281,2077

2129471805,1984,2286,2076

2129483801,1989,2319,1984

2129484805,1991,2336,1981

2129485805,1989,2339,1982

2129486805,1991,2329,1970

2129487805,1987,2347,1959

2129488805,1984,2343,1944

2129489805,1985,2352,1953

2129490805,1990,2351,1935

2129502801,1987,2385,1873

2129503805,1987,2383,1879

2129504805,1989,2387,1877

2129505805,1991,2389,1872

2129506805,2000,2384,1866

2129507805,1999,2419,1868

2129508805,1990,2400,1859

2129509805,1990,2398,1857

2129521801,1985,2384,1872

2129522805,1990,2385,1881

2129523805,1991,2377,1883

2129524805,1990,2375,1885

2129525805,1987,2376,1895

2129526805,1988,2379,1902

2129527805,1989,2371,1902

2129528805,1991,2369,1907

2129540801,1983,2327,1989

2129541805,1975,2323,1995

2129542805,1983,2320,1988

2129543805,1984,2320,2006

2129544805,1985,2320,2007

2129545805,1984,2311,2022

2129546805,1989,2310,2032

2129547805,1982,2304,2032

2129559801,1983,2267,2097

2129560805,1988,2266,2101

2129561805,1983,2271,2111

2129562805,1983,2257,2106

2129563805,1982,2263,2112

2129564805,1977,2256,2109

2129565805,1963,2258,2115

2129566805,1982,2257,2113

2129578801,1985,2270,2102

2129579805,1984,2269,2095

2129580805,1986,2274,2090

2129581805,1982,2277,2081

2129582805,1989,2274,2074

2129583805,1986,2285,2078

2129584805,1985,2272,2067

2129585805,1983,2289,2061

2129597801,1979,2332,1984

2129598805,1994,2321,1975

2129599805,1989,2336,1974

2129600805,1987,2343,1970

2129601805,1985,2341,1961

2129602805,1993,2344,1951

2129603805,1987,2350,1940

2129604805,1986,2354,1933

2129616801,1983,2374,1872

2129617805,1993,2389,1873

2129618805,1991,2382,1867

2129619805,1987,2384,1872

2129620805,1991,2393,1865

2129621805,1987,2389,1869

2129622805,1990,2393,1865

2129623805,1991,2394,1859

2129635801,1994,2384,1883

2129636805,1987,2385,1890

2129637805,1986,2384,1887

2129638805,1994,2381,1904

2129639805,1985,2383,1902

2129640805,1994,2373,1903

2129641805,1974,2368,1905

2129642805,1985,2371,1915

2129654801,1988,2325,1994

2129655805,1982,2317,2006

2129656805,1986,2313,2004

2129657805,1989,2304,2005

2129658805,1987,2309,2014

2129659805,1983,2309,2026

2129660805,1984,2306,2025

2129661805,1981,2302,2042

2129673801,1993,2265,2096

2129674805,1981,2266,2096

2129675805,1985,2256,2101

2129676805,1984,2257,2122

2129677805,1984,2262,2112

2129678805,1986,2261,2111

2129679805,1989,2256,2114

2129680805,1980,2257,2108

2129692801,1983,2270,2094

2129693805,1982,2277,2087

2129694805,1986,2282,2081

2129695805,1983,2256,2081

2129696805,1975,2278,2074

2129697805,1981,2288,2064

2129698805,1983,2289,2062

2129699805,1984,2288,2059

2129711801,1981,2336,1981

2129712805,1987,2335,1973

2129713805,1985,2341,1955

2129714805,1990,2340,1952

2129715805,1984,2347,1947

2129716805,1983,2356,1941

2129717805,1990,2355,1933

2129718805,1986,2353,1933

2129730801,1989,2417,1876

2129731805,1991,2384,1871

2129732805,1984,2395,1872

2129733805,1984,2398,1872

2129734805,1993,2394,1870

2129735805,1991,2394,1863

2129736805,1985,2391,1867

2129737805,1984,2398,1858

2129749801,1990,2377,1890

2129750805,1988,2371,1893

2129751805,1989,2374,1895

2129752805,1979,2370,1907

2129753805,1988,2374,1906

2129754805,1984,2367,1915

2129755805,1993,2384,1922

2129756805,1989,2366,1925

2129768801,1987,2319,2000

2129769805,1994,2318,2006

2129770805,1984,2319,2015

2129771805,1984,2311,2019

2129772805,2000,2309,2016

2129773805,1983,2303,2031

2129774805,1975,2298,2032

2129775805,1981,2290,2039

2129787801,1982,2260,2099

2129788805,1982,2272,2105

2129789805,1981,2260,2100

2129790805,1983,2256,2106

2129791805,1984,2267,2107

2129792805,1973,2263,2110

2129793805,1982,2259,2106

2129794805,1982,2266,2112

2129806801,1986,2276,2083

2129807805,1981,2277,2082

2129808805,1985,2287,2078

2129809805,1978,2258,2078

2129810805,1987,2285,2064

2129811805,1980,2285,2061

2129812805,1990,2293,2047

2129813805,1983,2304,2055

2129825801,1995,2333,1970

2129826805,1990,2340,1967

2129827805,1983,2341,1952

2129828805,1989,2343,1952

2129829805,1983,2351,1936

2129830805,1984,2352,1938

2129831805,1987,2357,1942

2129832805,1984,2363,1933

2129844801,1991,2395,1872

2129845805,1995,2386,1869

2129846805,1984,2390,1869

2129847805,1995,2368,1871

2129848805,2000,2390,1871

2129849805,1989,2391,1872

2129850805,1988,2389,1864

2129851805,1987,2403,1868

2129863801,1988,2384,1885

2129864805,1990,2384,1899

2129865805,1985,2375,1913

2129866805,1984,2304,1904

2129867805,1983,2368,1923

2129868805,1983,2371,1914

2129869805,1988,2356,1925

2129870805,1982,2359,1936

2129882801,1983,2320,2006

2129883805,1975,2316,2017

2129884805,1995,2315,2016

2129885805,1984,2273,2032

2129886805,1983,2299,2029

2129887805,1982,2307,2033

2129888805,1975,2295,2032

2129889805,1981,2295,2047

2129901801,1984,2264,2107

2129902805,1979,2263,2096

2129903805,1984,2271,2097

2129904805,1983,2255,2107

2129905805,1984,2257,2099

2129906805,1985,2257,2111

2129907805,1982,2294,2106

2129908805,1985,2263,2113

2129920801,1984,2282,2079

2129921805,1978,2279,2074

2129922805,1982,2288,2074

2129923805,1973,2291,2064

2129924805,1974,2281,2061

2129925805,1977,2281,2046

2129926805,1984,2294,2046

2129927805,1980,2290,2039

2129939801,1986,2333,1967

2129940805,1986,2346,1954

2129941805,1995,2348,1955

2129942805,1995,2351,1951

2129943805,1995,2354,1937

2129944805,1989,2354,1936

2129945805,1990,2374,1929

2129946805,1982,2361,1924

2129958801,1985,2389,1875

2129959805,1987,2394,1870

2129960805,1985,2385,1871

2129961805,1989,2393,1871

2129962805,1989,2395,1870

2129963805,1991,2400,1864

2129964805,1994,2397,1870

2129965805,1991,2390,1866

2129977801,1999,2377,1904

2129978805,1997,2370,1904

2129979805,1987,2369,1916

2129980805,1987,2352,1915

2129981805,1995,2367,1923

2129982805,1989,2361,1925

2129983805,1985,2355,1927

2129984805,1984,2361,1931

2129996801,1993,2320,2013

2129997805,1984,2307,2019

2129998805,1983,2311,2021

2129999805,1987,2308,2034

2130000805,1985,2300,2035

2130001805,1985,2289,2041

2130002805,1987,2295,2047

2130003805,1983,2290,2055

2130015801,1984,2263,2107

2130016805,1984,2263,2108

2130017805,1981,2260,2106

2130018805,1984,2258,2101

2130019805,1984,2273,2101

2130020805,1979,2259,2099

2130021805,1986,2219,2098

2130022805,1984,2259,2097

2130034801,1983,2288,2069

2130035805,1987,2285,2065

2130036805,1979,2285,2064

2130037805,1993,2289,2057

2130038805,1983,2290,2046

2130039805,1989,2304,2043

2130040805,1984,2295,2034

2130041805,1983,2295,2043

2130053801,1995,2347,1959

2130054805,1985,2353,1959

2130055805,1981,2354,1941

2130056805,1988,2355,1936

2130057805,1988,2362,1920

2130058805,1991,2358,1933

2130059805,1995,2337,1919

2130060805,1997,2374,1947

2130072801,1986,2385,1872

2130073805,1987,2384,1882

2130074805,1993,2394,1876

2130075805,1991,2391,1874

2130076805,1991,2388,1872

2130077805,1989,2394,1872

2130078805,1993,2385,1872

2130079805,1999,2384,1877

2130091801,1997,2383,1904

2130092805,1987,2367,1916

2130093805,1995,2359,1918

2130094805,1989,2353,1921

2130095805,1995,2362,1931

2130096805,1984,2361,1934

2130097805,1995,2415,1936

2130098805,1988,2355,1937

2130110801,1981,2307,2013

2130111805,1985,2303,2022

2130112805,1985,2299,2039

2130113805,1986,2308,2036

2130114805,1984,2297,2034

2130115805,1984,2306,2042

2130116805,1985,2295,2061

2130117805,2014,2289,2064

2130129801,1987,2266,2103

2130130805,1984,2261,2081

2130131805,1985,2268,2102

2130132805,1984,2261,2099

2130133805,1984,2256,2105

2130134805,1983,2261,2109

2130135805,1987,2263,2097

2130136805,1958,2266,2105

2130148801,1981,2284,2061

2130149805,1983,2284,2064

2130150805,2030,2286,2064

2130151805,1952,2293,2055

2130152805,1983,2290,2039

2130153805,1982,2290,2038

2130154805,1977,2297,2025

2130155805,1990,2304,2027

2130167801,1987,2347,1959

2130168805,1988,2353,1939

2130169805,1986,2351,1937

2130170805,1984,2354,1933

2130171805,1971,2369,1933

2130172805,1985,2355,1929

2130173805,1984,2358,1920

2130174805,1982,2367,1907

2130186801,1989,2383,1933

2130187805,1983,2389,1878

2130188805,2018,2398,1867

2130189805,1985,2384,1877

2130190805,1984,2395,1881

2130191805,1991,2387,1885

2130192805,1989,2392,1872

2130193805,1993,2397,1872

2130205801,1984,2367,1918

2130206805,1989,2368,1929

2130207805,1989,2370,1921

2130208805,1998,2369,1930

2130209805,1987,2362,1934

2130210805,1984,2357,1937

2130211805,1994,2352,1937

2130212805,1985,2352,1949

2130224801,1991,2310,2018

2130225805,1984,2298,2022

2130226805,1979,2302,2029

2130227805,1983,2295,2045

2130228805,1986,2294,2042

2130229805,1984,2289,2062

2130230805,1985,2285,2047

2130231805,1987,2285,2106

2130243801,1978,2260,2096

2130244805,1979,2265,2097

2130245805,1983,2263,2098

2130246805,1983,2261,2103

2130247805,1984,2259,2101

2130248805,1981,2261,2098

2130249805,1983,2256,2099

2130250805,1962,2271,2102

2130262801,1989,2287,2062

2130263805,1980,2293,2055

2130264805,1982,2291,2041

2130265805,1982,2295,2047

2130266805,1982,2299,2032

2130267805,1985,2305,2023

2130268805,1980,2311,2025

2130269805,1985,2311,2021

2130281801,1987,2346,1953

2130282805,1989,2351,1947

2130283805,1972,2354,1939

2130284805,1995,2352,1932

2130285805,1988,2354,1922

2130286805,1982,2358,1927

2130287805,1990,2375,1911

2130288805,1941,2369,1909

2130300801,1989,2389,1879

2130301805,1991,2384,1879

2130302805,1993,2386,1876

2130303805,1987,2385,1872

2130304805,1984,2381,1883

2130305805,1989,2384,1879

2130306805,1990,2383,1879

2130307805,2022,2381,1870

2130319801,1986,2364,1920

2130320805,1985,2367,1927

2130321805,1993,2368,1925

2130322805,1990,2355,1937

2130323805,1984,2355,1942

2130324805,1990,2355,1938

2130325805,1988,2351,1946

2130326805,1989,2351,1952

2130338801,1985,2307,2023

2130339805,1987,2304,2036

2130340805,1986,2300,2040

2130341805,1984,2285,2038

2130342805,1980,2293,2055

2130343805,1979,2293,2065

2130344805,1987,2286,2058

2130345805,1984,2277,2066

2130357801,1974,2267,2103

2130358805,1981,2259,2094

2130359805,1984,2267,2087

2130360805,1974,2268,2100

2130361805,1986,2267,2097

2130362805,1979,2267,2110

2130363805,1984,2269,2092

2130364805,1983,2267,2112

2130376801,1984,2291,2047

2130377805,1982,2299,2046

2130378805,1983,2311,2039

2130379805,1982,2293,2035

2130380805,1988,2293,2044

2130381805,1984,2310,2026

2130382805,1991,2304,2018

2130383805,1985,2313,2018

2130395801,1993,2357,1941

2130396805,1984,2357,1938

2130397805,1989,2357,1936

2130398805,1984,2352,1923

2130399805,1995,2366,1925

2130400805,1985,2363,1915

2130401805,1998,2368,1913

2130402805,1991,2383,1904

2130414801,1986,2388,1885

2130415805,1986,2384,1873

2130416805,1994,2384,1873

2130417805,1968,2384,1877

2130418805,1993,2395,1878

2130419805,1981,2384,1877

2130420805,1987,2385,1876

2130421805,1991,2385,1885

2130433801,1988,2361,1919

2130434805,1989,2368,1930

2130435805,1981,2353,1993

2130436805,1988,2363,1946

2130437805,1986,2342,1947

2130438805,1989,2353,1954

2130439805,1993,2336,1963

2130440805,1990,2337,1968

2130451801,1985,2302,2022

2130452805,1999,2306,2032

2130453805,1983,2292,2053

2130454805,1991,2295,2045

2130455805,1981,2290,2042

2130456805,1984,2289,2063

2130457805,1979,2285,2063

2130458805,2005,2288,2032

2130470801,1984,2261,2097

2130471805,1983,2262,2097

2130472805,1985,2266,2097

2130473805,2001,2266,2073

2130474805,1967,2269,2089

2130475805,1983,2244,2096

2130476805,1988,2267,2075

2130477805,1988,2265,2075

2130489801,1989,2286,2058

2130490805,1983,2295,2067

2130491805,1985,2293,2033

2130492805,1985,2303,2032

2130493805,1984,2304,2032

2130494805,1984,2300,2029

2130495805,1984,2315,2017

2130496805,1983,2307,2001

2130507453,1982,2351,1979

2130508805,1997,2360,1950

2130509805,1984,2357,1940

2130510805,1993,2358,1937

2130511805,1991,2356,1921

2130512805,1988,2363,1968

2130513805,1974,2367,1914

2130525801,1985,2382,1887

2130526805,1987,2384,1885

2130527805,2000,2387,1837

2130528805,1991,2387,1885

2130529805,1984,2383,1872

2130530805,1997,2384,1884

2130531805,1990,2384,1882

2130532805,1993,2394,1883

2130544801,1991,2362,1913

2130545805,1985,2360,1921

2130546805,1989,2358,1920

2130547805,1993,2353,1936

2130548805,1988,2354,1934

2130549805,1991,2361,1939

2130550805,1986,2342,1947

2130551805,1988,2343,1952

2130563801,1989,2303,1991

2130564805,1983,2305,2027

2130565805,1983,2305,2031

2130566805,1985,2301,2031

2130567805,1986,2299,2036

2130568805,1985,2293,2043

2130569805,1987,2292,2058

2130570805,1942,2288,2059

2130582801,1984,2269,2066

2130583805,1929,2263,2095

2130584805,1982,2272,2096

2130585805,1963,2270,2096

2130586805,1991,2261,2096

2130587805,1989,2270,2096

2130588805,1984,2269,2087

2130589805,1979,2267,2083

2130601801,1982,2288,2057

2130602805,1982,2293,2057

2130603805,1985,2291,2043

2130604805,1983,2303,2035

2130605805,1978,2288,2030

2130606805,1993,2299,2019

2130607805,1975,2310,2019

2130608805,1984,2307,2031

2130619801,1958,2343,1955

2130620805,1986,2352,1947

2130621805,1993,2355,1935

2130622805,1984,2352,1936

2130623805,1989,2358,1937

2130624805,1986,2362,1934

2130625805,1998,2362,1936

2130626805,1970,2368,1894

2130638801,1985,2384,1878

2130639805,1991,2387,1913

2130640805,1991,2383,1882

2130641805,1999,2387,1887

2130642805,1999,2377,1889

2130643805,2001,2383,1882

2130644805,1994,2388,1883

2130645805,1990,2385,1887

2130657801,2000,2368,1920

2130658805,1986,2359,1907

2130659805,1986,2365,1926

2130660805,1990,2355,1939

2130661805,1994,2353,1941

2130662805,1984,2353,1932

2130663805,1994,2352,1946

2130664805,1968,2351,1948

2130675453,1987,2317,2010

2130676805,1989,2305,2029

2130677805,1994,2300,2015

2130678805,1983,2293,2023

2130679805,1959,2304,2032

2130680805,1984,2293,2047

2130681805,1958,2303,2033

2130693801,1990,2267,2083

2130694805,1983,2269,2105

2130695805,1978,2269,2087

2130696805,1984,2272,2087

2130697805,2017,2268,2077

2130698805,1964,2272,2087

2130699805,1986,2269,2091

2130700805,1984,2271,2090

2130712801,1986,2289,2064

2130713805,1987,2290,2055

2130714805,1966,2283,2046

2130715805,1984,2294,2045

2130716805,1986,2303,2046

2130717805,2005,2305,2047

2130718805,1983,2305,1991

2130719805,1987,2292,2032

2130731801,1984,2343,1927

2130732805,1982,2353,1952

2130733805,1993,2355,1953

2130734805,2001,2352,1945

2130735805,1993,2350,1943

2130736805,1991,2347,1937

2130737805,1980,2356,1927

2130738805,1991,2362,1924

2130750801,1982,2384,1937

2130751805,1995,2387,1885

2130752805,1986,2375,1889

2130753805,2019,2383,1889

2130754805,1991,2384,1876

2130755805,1970,2390,1875

2130756805,1994,2383,1899

2130757805,1989,2384,1894

2130769838,1987,2368,1914

2130770805,1984,2365,1920

2130771805,2006,2361,1933

2130772805,1985,2367,1925

2130773805,2022,2354,1930

2130774805,1984,2356,1938

2130775805,1988,2347,1935

2130776805,1993,2343,1929

2130787801,1983,2313,2005

2130788805,1982,2316,2017

2130789805,1986,2306,2019

2130790805,1997,2298,2025

2130791805,1986,2304,2029

2130792805,1985,2303,2035

2130793805,1989,2293,2039

2130794805,1987,2292,2036

2130806801,1984,2272,2091

2130807805,1986,2269,2099

2130808805,1981,2270,2093

2130809805,1982,2272,2098

2130810805,1984,2272,2083

2130811805,1985,2274,2094

2130812805,1985,2272,2085

2130813805,1986,2268,2090

2130825801,1987,2281,2064

2130826805,1985,2287,2033

2130827805,1984,2297,2057

2130828805,1990,2294,2039

2130829805,1989,2299,2033

2130830805,1984,2299,2085

2130831805,1989,2304,2035

2130832805,1983,2304,2085

2130843453,1988,2340,1865

2130844805,1973,2343,2027

2130845805,1989,2351,1950

2130846805,1987,2348,1952

2130847805,2015,2352,1943

2130848805,1995,2356,1945

2130849805,1989,2358,1936

2130861801,1988,2379,1889

2130862805,1986,2384,1891

2130863805,1978,2384,1891

2130864805,1992,2382,1890

2130865805,1989,2379,1887

2130866805,1993,2380,1898

2130867805,1986,2384,1881

2130868805,1987,2385,1887

2130880801,1987,2369,1904

2130881840,1991,2395,1914

2130882805,1991,2366,1926

2130883805,1987,2368,1919

2130884805,1989,2358,1919

2130885805,1986,2363,1925

2130886805,1997,2353,1934

2130887805,1997,2358,1936

2130899801,1986,2319,2001

2130900805,2000,2318,2009

2130901805,1985,2315,2011

2130902805,1994,2297,2022

2130903805,1987,2304,2003

2130904805,1990,2301,2030

2130905805,1990,2299,2032

2130906805,1985,2297,2034

2130918801,1955,2266,2087

2130919805,1995,2277,2085

2130920805,2011,2271,2086

2130921805,1984,2277,2086

2130922805,1993,2272,2095

2130923805,1975,2279,2095

2130924805,1985,2273,2095

2130925805,1987,2272,2085

2130937837,1982,2288,2066

2130938805,1984,2293,2061

2130939805,2006,2295,2059

2130940805,1987,2298,2057

2130941805,1991,2302,2043

2130942805,1984,2294,2042

2130943805,1989,2301,2037

2130944805,1975,2299,2031

2130955801,1980,2333,1985

2130956805,1985,2343,1968

2130957805,1991,2339,1963

2130958805,1989,2351,1963

2130959805,1986,2349,1943

2130960805,1987,2347,1955

2130961805,1987,2351,1947

2130962805,1985,2353,1939

2130974801,1987,2375,1901

2130975805,1978,2373,1897

2130976805,2032,2378,1921

2130977805,1911,2380,1889

2130978805,1993,2381,1889

2130979805,1987,2374,1887

2130980805,1986,2378,1891

2130981805,1977,2380,1887

2130993834,1985,2363,1907

2130994805,1982,2366,1865

2130995805,1995,2355,1920

2130996805,1995,2359,1921

2130997805,1994,2359,1936

2130998805,1990,2352,1915

2130999805,2000,2329,1937

2131000805,1987,2353,1951

2131011453,1989,2323,1987

2131012805,1973,2308,2006

2131013805,1987,2321,2006

2131014805,1989,2304,2014

2131015805,1984,2304,2021

2131016805,1982,2294,1973

2131017805,1971,2302,2030

2131029801,1984,2274,2074

2131030805,1985,2269,2081

2131031805,1977,2275,2082

2131032805,2022,2273,2081

2131033805,1965,2270,2086

2131034805,1985,2272,2085

2131035805,1987,2271,2086

2131036805,2007,2271,2090

2131048801,1980,2283,2064

2131049824,1984,2291,2064

2131050805,2035,2288,2069

2131051805,1999,2289,2064

2131052805,1959,2288,2059

2131053805,2046,2293,2055

2131054805,1983,2304,2047

2131055805,1964,2304,2034

2131067801,1984,2335,1975

2131068805,1984,2336,1968

2131069805,1991,2327,1971

2131070805,2000,2334,1956

2131071805,1981,2352,1954

2131072805,1987,2345,1989

2131073805,1986,2347,1940

2131074805,2063,2352,1939

2131086801,1984,2378,1899

2131087805,1991,2373,1893

2131088805,1957,2377,1895

2131089805,1981,2371,1895

2131090805,1985,2377,1891

2131091805,1984,2379,1887

2131092805,1990,2377,1894

2131093805,2013,2384,1883

2131105831,1986,2368,1899

2131106805,1998,2368,1915

2131107805,1938,2363,1919

2131108805,1984,2367,1919

2131109805,1983,2356,1926

2131110805,1987,2359,1929

2131111805,1993,2356,1927

2131112805,2006,2352,1935

2131124801,1993,2324,1997

2131125805,1986,2315,1998

2131126805,1991,2314,1997

2131127805,2000,2308,2009

2131128805,1984,2303,2017

2131129805,1983,2309,2034

2131130805,1987,2299,2027

2131131805,1984,2301,2027

2131143801,1980,2271,2076

2131144805,1983,2278,2075

2131145805,1977,2274,2085

2131146805,2000,2283,2077

2131147805,1984,2273,2086

2131148805,1985,2274,2096

2131149805,1991,2263,2086

2131150805,1986,2274,2096

2131162801,1986,2285,2065

2131163805,1985,2288,2057

2131164805,1982,2288,2062

2131165805,1968,2288,2059

2131166805,2000,2302,2053

2131167805,1984,2295,2039

2131168805,1983,2300,2034

2131169805,1991,2304,2031

2131181801,1984,2337,1970

2131182805,1986,2339,1966

2131183805,1981,2343,1963

2131184805,2013,2343,1955

2131185805,1986,2345,1955

2131186805,1984,2350,1948

2131187805,1991,2352,1936

2131188805,1985,2359,1942

2131200801,1989,2368,1899

2131201805,1987,2382,1898

2131202805,1984,2379,1897

2131203805,1985,2380,1897

2131204805,1987,2384,1889

2131205805,1984,2373,1882

2131206805,1985,2378,1895

2131207805,1984,2382,1890

2131219801,1985,2368,1907

2131220805,1990,2380,1909

2131221805,1985,2363,1914

2131222805,1994,2359,1931

2131223805,1986,2352,1936

2131224805,1984,2362,1938

2131225805,1990,2366,1937

2131226805,1989,2353,1941

2131238801,1978,2318,2000

2131239805,1979,2317,2006

2131240805,1982,2307,2001

2131241805,1990,2304,2013

2131242805,1987,2326,2019

2131243805,1981,2304,2027

2131244805,1983,2298,2032

2131245805,1975,2298,2033

2131257801,1984,2281,2079

2131258805,1979,2277,2079

2131259805,1982,2278,2085

2131260805,1982,2279,2086

2131261805,1980,2273,2095

2131262805,1981,2283,2077

2131263805,1984,2285,2086

2131264805,1984,2267,2089

2131276801,2000,2284,2064

2131277805,1986,2294,2064

2131278805,1985,2288,2047

2131279805,1965,2295,2043

2131280805,1982,2293,2042

2131281805,1984,2295,2038

2131282805,1986,2306,2037

2131283805,1983,2315,2029

2131295801,1985,2347,1971

2131296805,1987,2337,1925

2131297805,1998,2339,1963

2131298805,1966,2346,1953

2131299805,1987,2339,1939

2131300805,1983,2352,1942

2131301805,1990,2353,1935

2131302805,1990,2352,1920

2131314801,1968,2372,1899

2131315805,1995,2379,1901

2131316805,1985,2373,1890

2131317805,1990,2382,1897

2131318805,1999,2372,1891

2131319805,1991,2374,1889

2131320805,1989,2382,1893

2131321805,1993,2374,1897

2131333801,1987,2370,1920

2131334805,1991,2366,1922

2131335805,1990,2364,1923

2131336805,1981,2361,1930

2131337805,1991,2351,1935

2131338805,1984,2346,1932

2131339805,1987,2361,1940

2131340805,1985,2349,1945

2131352801,1990,2318,2007

2131353805,1991,2309,2000

2131354805,1993,2311,2014

2131355805,1979,2307,2019

2131356805,1984,2307,2032

2131357805,1980,2300,2032

2131358805,1983,2297,2031

2131359805,1984,2305,2032

2131371801,1983,2288,2073

2131372805,1910,2283,2081

2131373805,1985,2273,2075

2131374805,1937,2274,2075

2131375805,1984,2271,2077

2131376805,1986,2267,2081

2131377805,1981,2287,2079

2131378805,1978,2278,2079

2131390801,1984,2293,2060

2131391805,1982,2292,2059

2131392805,1983,2297,2037

2131393805,1980,2292,2041

2131394805,1984,2303,2037

2131395805,1982,2299,2032

2131396805,1989,2306,2019

2131397805,1994,2301,2023

2131409801,1996,2337,1968

2131410805,1991,2348,1961

2131411805,1990,2347,1954

2131412805,1983,2351,1952

2131413805,1987,2355,1939

2131414805,1984,2352,1939

2131415805,1991,2352,1938

2131416805,1982,2357,1933

2131428801,1988,2371,1899

2131429805,1984,2375,1907

2131430805,1990,2368,1899

2131431805,1984,2371,1891

2131432805,2025,2371,1892

2131433805,1989,2373,1893

2131434805,1990,2384,1895

2131435805,1985,2384,1901

2131447801,1995,2357,1922

2131448805,1983,2363,1930

2131449805,1994,2361,1935

2131450805,2086,2355,1926

2131451805,1995,2355,1943

2131452805,1941,2352,1943

2131453805,1987,2339,1947

2131454805,1986,2351,1941

2131466801,1991,2317,2000

2131467805,1987,2311,2011

2131468805,1983,2304,2012

2131469805,1987,2309,2026

2131470805,1987,2307,2026

2131471805,1984,2296,2034

2131472805,1981,2297,2035

2131473805,1987,2289,2045

2131485801,1984,2276,2076

2131486805,1989,2277,2084

2131487805,1981,2275,2089

2131488805,1967,2281,2077

2131489805,2000,2275,2080

2131490805,1984,2273,2071

2131491805,1986,2279,2087

2131492805,1980,2278,2080

2131504801,1984,2295,2043

2131505805,1983,2292,2043

2131506805,1985,2295,2037

2131507805,1948,2301,2030

2131508805,1984,2299,2023

2131509805,1988,2304,2029

2131510805,1987,2313,2018

2131511805,1971,2305,2014

2131523801,1991,2338,1959

2131524805,1985,2348,1958

2131525805,1986,2352,1953

2131526805,1994,2352,1941

2131527805,1991,2353,1936

2131528805,1984,2363,1936

2131529805,1990,2354,1936

2131530805,1990,2353,1926

2131542801,1990,2369,1901

2131543805,1985,2379,1902

2131544805,1993,2379,1904

2131545805,1982,2372,1893

2131546805,1979,2377,1902

2131547805,1985,2378,1895

2131548805,1987,2375,1893

2131549805,1989,2378,1894

2131561801,1990,2359,1922

2131562805,1993,2354,1933

2131563805,1991,2355,1936

2131564805,2017,2352,1936

2131565805,1983,2352,1939

2131566805,1987,2351,1951

2131567805,1987,2351,1954

2131568805,1989,2342,1963

2131580801,1989,2313,2019

2131581805,1978,2318,2022

2131582805,1988,2309,2016

2131583805,1993,2311,2026

2131584805,1984,2295,2034

2131585805,1981,2297,2041

2131586805,1986,2289,2035

2131587805,1983,2290,2038

2131599801,1982,2279,2080

2131600805,1987,2281,2078

2131601805,1987,2286,2066

2131602805,2032,2282,2086

2131603805,1985,2286,2075

2131604805,1991,2283,2080

2131605805,1984,2283,2071

2131606805,1987,2278,2074

2131618801,2001,2298,2043

2131619805,1957,2301,2039

2131620805,1987,2295,2032

2131621805,2029,2306,2032

2131622805,1986,2323,2027

2131623805,1976,2314,2017

2131624805,1986,2307,2003

2131625805,1983,2316,2013

2131637801,1985,2347,1951

2131638805,1989,2351,1950

2131639805,1985,2350,1943

2131640805,1985,2347,1936

2131641805,1991,2353,1936

2131642805,1989,2383,1936

2131643805,1989,2354,1930

2131644805,1991,2355,1926

2131656801,1961,2374,1901

2131657805,2017,2376,1979

2131658805,1984,2369,1901

2131659805,1984,2370,1904

2131660805,1983,2371,1894

2131661805,1984,2377,1895

2131662805,1987,2374,1894

2131663805,1989,2367,1904

2131675801,1984,2353,1927

2131676805,1994,2357,1904

2131677805,1994,2343,1938

2131678805,1973,2349,1951

2131679805,1999,2346,1949

2131680805,1987,2341,1950

2131681805,1989,2350,1987

2131682805,1989,2345,1967

2131694801,1984,2307,2021

2131695805,1990,2307,2031

2131696805,1989,2288,2032

2131697805,1963,2302,2032

2131698805,1988,2299,2034

2131699805,1988,2319,2041

2131700805,1966,2293,2043

2131701805,1990,2291,2059

2131713801,1986,2282,2074

2131714805,1983,2283,2085

2131715805,1984,2281,2080

2131716805,1983,2283,2075

2131717805,1983,2271,2069

2131718805,1986,2283,2078

2131719805,1981,2283,2075

2131720805,1983,2217,2069

2131732801,1983,2289,2037

2131733805,2034,2305,2032

2131734805,1987,2306,2032

2131735805,1984,2310,2021

2131736805,1983,2307,2020

2131737805,1979,2311,2017

2131738805,2006,2313,2009

2131739805,1981,2279,2003

2131751801,1987,2350,1949

2131752805,1985,2352,1948

2131753805,1987,2353,1939

2131754805,1999,2358,1936

2131755805,1984,2376,1931

2131756805,1991,2364,1931

2131757805,1967,2359,1925

2131758805,1984,2359,1919

2131770801,1989,2370,1901

2131771805,1988,2374,1902

2131772805,1994,2381,1901

2131773805,1968,2375,1902

2131774805,1991,2365,1895

2131775805,1983,2371,1900

2131776805,1993,2368,1911

2131777805,1987,2372,1904

2131789801,1991,2351,1935

2131790805,1989,2353,1968

2131791805,1974,2352,1943

2131792805,2031,2349,1951

2131793805,1989,2347,1947

2131794805,2013,2346,1952

2131795805,1990,2340,1966

2131796805,1987,2341,1967

2131808801,1983,2312,2032

2131809805,1984,2291,2044

2131810805,1984,2291,2032

2131811805,1971,2298,2047

2131812805,1984,2291,2047

2131813805,1985,2330,2047

2131814805,1978,2291,2058

2131815805,1983,2307,2057

2131827801,1983,2283,2075

2131828805,1984,2283,2076

2131829805,1985,2282,2075

2131830805,1988,2281,2005

2131831805,1980,2268,2065

2131832805,1984,2287,2072

2131833805,1947,2283,2069

2131834805,1974,2281,2071

2131846801,1984,2304,2023

2131847805,2003,2315,2031

2131848805,1989,2297,2015

2131849805,1983,2306,2016

2131850805,1983,2316,2000

2131851805,1983,2309,2006

2131852805,1984,2315,2005

2131853805,1986,2278,1995

2131865801,1990,2349,1952

2131866805,1999,2352,1943

2131867805,1990,2353,1935

2131868805,1986,2353,1936

2131869805,1995,2355,1935

2131870805,1994,2359,1923

2131871805,1991,2354,1935

2131872805,1986,2362,1923

2131884801,1991,2370,1904

2131885805,1985,2374,1901

2131886805,1987,2363,1903

2131887805,2038,2374,1907

2131888805,1985,2371,1905

2131889805,1984,2375,1904

2131890805,1989,2371,1902

2131891805,1987,2369,1904

2131903801,1987,2367,1941

2131904805,1983,2351,1952

2131905805,1986,2349,1955

2131906805,2000,2341,1952

2131907805,1985,2353,1961

2131908805,1987,2345,1962

2131909805,1985,2333,1969

2131910805,1986,2384,1968

2131922801,1983,2309,2029

2131923805,1993,2299,2026

2131924805,1984,2307,2039

2131925805,2027,2293,2034

2131926805,1985,2297,2054

2131927805,1991,2301,2044

2131928805,1986,2292,2064

2131929805,1985,2256,2055

2131941801,1983,2284,2071

2131942805,1982,2279,2097

2131943805,1984,2279,2066

2131944805,1990,2287,2060

2131945805,1989,2282,2070

2131946805,1979,2287,2071

2131947805,1970,2288,2122

2131948805,1984,2288,2071

2131960801,1981,2305,2032

2131961805,1958,2308,2019

2131962805,1985,2304,2019

2131963805,1985,2304,2010

2131964805,1990,2318,2005

2131965805,1979,2318,1995

2131966805,1989,2311,1999

2131967805,1982,2321,1990

2131979801,1987,2343,1941

2131980805,2005,2346,1938

2131981805,1986,2354,1935

2131982805,2021,2353,1922

2131983805,1984,2359,1929

2131984805,1983,2357,1929

2131985805,1985,2352,1921

2131986805,1987,2366,1921

2131998801,1985,2370,1907

2131999805,1986,2470,1902

2132000805,1983,2378,1901

2132001805,1989,2374,1927

2132002805,1987,2371,1902

2132003805,1987,2366,1910

2132004805,1987,2368,1903

2132005805,1984,2368,1909

2132017801,1981,2338,1949

2132018805,1989,2285,1951

2132019805,1993,2349,1955

2132020805,1993,2335,1957

2132021805,1984,2337,1966

2132022805,1985,2336,1974

2132023805,1979,2330,1969

2132024805,1986,2327,1985

2132036801,1987,2306,2031

2132037805,1985,2307,2035

2132038805,1982,2293,2041

2132039805,1962,2303,2006

2132040805,1985,2257,2042

2132041805,1991,2294,2062

2132042805,1979,2291,2053

2132043805,1984,2288,2062

2132055801,1986,2288,2074

2132056805,1990,2281,2075

2132057805,1985,2271,2069

2132058805,1991,2287,2065

2132059805,1981,2279,2070

2132060805,1978,2225,2063

2132061805,1981,2286,2062

2132062805,1987,2278,2062

2132074801,1985,2304,2022

2132075805,1988,2314,2015

2132076805,1975,2313,2065

2132077805,1985,2286,2005

2132078805,1975,2309,2005

2132079805,1991,2320,1999

2132080805,1982,2320,1994

2132081805,1987,2320,2032

2132093801,1989,2348,1936

2132094805,1983,2352,1935

2132095805,1991,2352,1930

2132096805,1997,2367,1932

2132097805,1994,2357,1873

2132098805,1994,2366,1936

2132099805,1989,2358,1922

2132100805,1998,2365,1919

2132112801,1952,2372,1901

2132113805,1983,2370,1906

2132114805,1986,2370,1879

2132115805,1974,2368,1904

2132116805,1989,2368,1913

2132117805,1991,2365,1882

2132118805,1997,2353,1909

2132119805,1985,2368,1914

2132131801,1986,2267,1953

2132132805,1985,2351,1957

2132133805,1983,2336,1962

2132134805,2000,2336,1967

2132135805,1988,2331,1968

2132136805,1985,2335,1968

2132137805,1991,2335,1980

2132138805,1984,2335,1985

2132150801,1984,2304,2037

2132151805,1985,2293,2037

2132152805,1978,2297,2037

2132153805,1983,2295,2047

2132154805,1987,2299,2047

2132155805,1985,2287,2044

2132156805,2000,2291,2060

2132157805,1980,2289,2064

2132169801,1985,2272,2066

2132170805,1984,2277,2069

2132171805,1969,2286,2065

2132172805,1984,2285,2058

2132173805,1981,2284,2065

2132174805,1984,2287,2065

2132175805,1985,2290,2065

2132176805,1985,2287,2053

2132187801,1983,2310,2019

2132188805,1975,2317,2018

2132189805,1989,2310,2015

2132190805,1991,2361,2010

2132191805,1983,2319,2003

2132192805,1951,2325,2000

2132193805,1985,2343,2000

2132194805,1986,2324,1989

2132206801,1993,2351,1945

2132207805,1985,2355,1936

2132208805,1989,2352,1933

2132209805,1987,2365,1927

2132210805,1986,2357,1926

2132211805,1985,2362,1919

2132212805,1986,2370,1925

2132213805,1989,2471,1919

2132225801,1988,2368,1906

2132226805,1989,2373,1914

2132227805,1987,2379,1910

2132228805,1980,2370,1884

2132229805,1984,2353,1904

2132230805,1984,2359,1910

2132231805,1999,2363,1916

2132232805,1997,2373,1916

2132243453,1984,2346,1963

2132244805,1985,2306,1954

2132245805,2003,2351,1963

2132246805,1984,2347,1963

2132247805,1990,2334,1967

2132248805,1991,2422,1967

2132249805,1993,2335,1973

2132261801,1986,2303,2023

2132262805,1991,2315,2025

2132263805,1989,2303,2032

2132264805,1968,2293,2033

2132265805,1986,2295,2043

2132266805,1985,2291,2055

2132267805,1987,2291,2047

2132268805,1987,2290,2095

2132280801,1982,2290,2074

2132281805,1983,2288,2073

2132282805,1986,2276,2069

2132283805,1943,2283,2074

2132284805,1983,2306,2067

2132285805,1983,2288,2064

2132286805,1988,2285,2064

2132287805,1984,2294,2064

2132299801,1986,2313,2026

2132300805,1985,2313,2017

2132301805,1988,2345,2018

2132302805,1970,2314,2015

2132303805,1984,2304,2010

2132304805,1987,2287,2001

2132305805,1989,2319,1998

2132306805,1993,2317,1999

2132318801,1984,2347,1946

2132319805,1984,2347,1944

2132320805,1983,2343,1945

2132321805,1965,2357,1933

2132322805,1987,2368,1934

2132323805,1995,2384,1927

2132324805,1987,2362,1924

2132325805,1990,2353,1926

2132337801,1986,2375,1909

2132338805,1983,2370,1883

2132339805,1989,2368,1907

2132340805,1983,2369,1913

2132341805,1986,2370,1911

2132342805,1989,2364,1913

2132343805,1985,2363,1914

2132344805,1996,2333,1911

2132355801,1984,2348,1951

2132356805,1999,2346,1952

2132357805,1979,2348,1955

2132358805,1997,2339,1951

2132359805,1987,2352,1952

2132360805,1979,2343,2015

2132361805,1995,2331,1973

2132362805,1985,2334,1968

2132374801,1985,2310,2022

2132375805,1983,2308,2031

2132376805,1989,2305,2042

2132377805,1983,2304,2033

2132378805,1983,2301,2032

2132379805,2003,2291,2045

2132380805,1982,2305,2039

2132381805,1987,2294,2042

2132393801,1980,2285,2077

2132394805,1985,2337,2064

2132395805,1980,2287,2069

2132396805,1982,2287,2069

2132397805,1989,2288,2064

2132398805,1991,2285,2063

2132399805,1979,2283,2059

2132400805,1984,2287,2059

2132411453,1987,2308,2027

2132412805,1983,2304,2029

2132413805,1991,2302,2013

2132414805,1982,2318,2017

2132415805,1984,2309,2011

2132416805,1989,2315,2005

2132417805,1990,2317,2000

2132429801,1936,2333,1905

2132430805,1984,2349,1951

2132431805,1989,2350,1943

2132432805,1990,2351,1942

2132433805,1988,2355,1939

2132434805,1990,2356,1939

2132435805,1993,2351,1937

2132436805,1991,2363,1936

2132448801,1984,2367,1903

2132449805,1990,2367,1907

2132450805,1983,2366,1906

2132451805,1984,2371,1907

2132452805,1988,2368,1916

2132453805,1986,2365,1918

2132454805,1987,2367,1917

2132455805,1990,2368,1914

2132467801,1985,2335,1943

2132468805,1983,2350,1946

2132469805,1986,2346,1955

2132470805,1983,2352,1962

2132471805,1984,2343,1965

2132472805,1987,2338,1959

2132473805,1984,2338,1970

2132474805,1989,2335,1969

2132486801,1977,2295,2018

2132487805,1980,2315,2027

2132488805,1981,2304,2027

2132489805,1984,2295,2031

2132490805,1985,2297,2037

2132491805,1984,2304,2037

2132492805,1936,2288,2038

2132493805,1984,2288,2041

2132505801,1989,2284,2064

2132506805,1975,2287,2063

2132507805,1984,2287,2062

2132508805,1985,2288,2061

2132509805,1985,2285,2073

2132510805,1985,2287,2065

2132511805,1978,2287,2062

2132512805,1983,2278,2054

2132523801,1983,2307,2031

2132524805,1973,2304,2021

2132525805,1984,2306,2019

2132526805,1983,2311,2022

2132527805,1985,2317,2003

2132528805,1984,2305,2002

2132529805,1984,2315,2003

2132530805,1985,2298,2003

2132542801,1994,2350,1957

2132543805,1987,2343,1954

2132544805,1985,2349,1946

2132545805,1995,2347,1943

2132546805,1993,2356,1942

2132547805,1985,2352,1936

2132548805,1982,2355,1931

2132549805,1987,2359,1922

2132561801,1987,2371,1911

2132562805,1990,2369,1918

2132563805,1986,2366,1911

2132564805,1984,2369,1909

2132565805,1988,2367,1915

2132566805,1984,2367,1911

2132567805,2012,2365,1907

2132568805,1990,2363,1918

2132579453,1990,2351,1936

2132580805,1986,2350,1943

2132581805,1986,2351,1945

2132582805,1986,2348,1953

2132583805,1982,2343,1959

2132584805,1984,2336,1957

2132585805,1980,2338,1965

2132597801,1979,2317,2019

2132598805,1987,2316,2014

2132599805,1982,2305,2018

2132600805,1987,2302,2019

2132601805,1986,2310,2034

2132602805,1983,2304,2029

2132603805,1971,2295,2037

2132604805,1986,2302,2032

2132616801,1985,2288,2064

2132617805,1983,2288,2060

2132618805,1977,2279,2070

2132619805,1984,2288,2066

2132620805,1982,2277,2062

2132621805,1981,2277,2064

2132622805,1985,2289,2054

2132623805,1989,2288,2059

2132635801,1985,2298,2032

2132636805,1995,2299,2032

2132637805,1988,2304,2019

2132638805,1982,2304,2018

2132639805,1985,2310,2015

2132640805,1993,2320,2013

2132641805,1984,2320,2001

2132642805,1987,2317,2006

2132654801,1994,2342,1962

2132655805,1987,2348,1949

2132656805,1989,2351,1950

2132657805,1985,2349,1949

2132658805,1989,2350,1949

2132659805,1989,2350,1936

2132660805,1989,2352,1941

2132661805,1991,2369,1933

2132673801,1995,2366,1888

2132674805,1993,2368,1917

2132675805,1993,2369,1907

2132676805,1988,2369,1921

2132677805,2000,2371,1911

2132678805,1991,2370,1919

2132679805,1990,2366,1904

2132680805,1994,2368,1910

2132692801,1983,2357,1936

2132693805,1991,2347,1950

2132694805,1991,2347,1951

2132695805,1987,2352,1955

2132696805,1985,2340,1952

2132697805,1988,2336,1959

2132698805,1981,2339,1964

2132699805,1982,2336,1963

2132711801,1989,2310,2013

2132712805,1991,2304,2031

2132713805,1987,2307,2030

2132714805,1991,2307,2018

2132715805,1985,2302,2023

2132716805,1982,2300,2029

2132717805,1986,2300,2041

2132718805,1988,2294,2038

2132730801,1989,2287,2064

2132731805,1984,2288,2059

2132732805,1983,2288,2029

2132733805,1983,2288,2069

2132734805,1985,2288,2064

2132735805,1983,2288,2062

2132736805,1983,2288,2063

2132737805,1984,2285,2064

2132749801,1990,2327,2028

2132750805,1984,2303,2019

2132751805,1984,2306,2014

2132752805,1983,2311,2022

2132753805,1994,2315,2011

2132754805,1987,2313,2006

2132755805,1984,2310,2003

2132756805,1995,2320,2000

2132768801,1984,2347,1978

2132769805,1984,2350,1950

2132770805,1979,2352,1941

2132771805,1983,2351,1936

2132772805,1994,2352,1942

2132773805,1995,2354,1943

2132774805,1995,2352,1936

2132775805,1991,2357,1935

2132787801,1984,2362,1918

2132788805,1991,2365,1911

2132789805,1987,2364,1913

2132790805,1993,2363,1920

2132791805,1995,2367,1918

2132792805,1989,2367,1919

2132793805,1987,2364,1914

2132794805,1987,2358,1925

2132806801,1985,2352,1951

2132807805,1987,2349,1950

2132808805,1987,2345,1952

2132809805,1989,2347,1956

2132810805,1987,2341,1961

2132811805,1990,2341,1962

2132812805,1985,2345,1968

2132813805,1987,2333,1977

2132825801,1989,2311,2019

2132826805,1994,2303,2030

2132827805,1987,2303,2027

2132828805,1987,2304,2030

2132829805,1983,2304,2031

2132830805,1988,2299,2035

2132831805,1983,2299,2032

2132832805,1985,2292,2037

2132844801,1989,2288,2061

2132845805,1983,2289,2063

2132846805,1987,2281,2059

2132847805,1982,2295,2064

2132848805,1989,2288,2064

2132849805,1987,2288,2058

2132850805,1988,2291,2059

2132851805,1981,2291,2047

2132863801,1990,2303,2025

2132864805,1993,2307,2017

2132865805,1991,2309,2017

2132866805,1991,2314,2003

2132867805,1984,2315,2011

2132868805,1986,2318,2001

2132869805,1989,2323,2000

2132870805,1989,2322,1995

2132882801,1985,2352,1951

2132883805,1986,2351,1945

2132884805,1991,2347,1947

2132885805,1994,2352,1950

2132886805,1987,2353,1936

2132887805,1994,2362,1936

2132888805,1989,2361,1939

2132889805,1989,2365,1925

2132901801,1991,2363,1920

2132902805,1989,2370,1919

2132903805,1986,2362,1914

2132904805,1989,2368,1924

2132905805,1991,2363,1920

2132906805,1990,2372,1917

2132907805,1991,2366,1915

2132908805,1983,2368,1921

2132920801,1985,2343,1957

2132921805,1984,2346,1957

2132922805,1987,2346,1959

2132923805,1987,2348,1968

2132924805,1994,2337,1969

2132925805,1981,2341,1968

2132926805,1984,2329,1968

2132927805,1994,2334,1979

2132939801,1987,2318,2017

2132940805,1999,2306,2032

2132941805,1989,2307,2032

2132942805,1989,2292,2030

2132943805,1989,2299,2037

2132944805,1991,2294,2037

2132945805,1983,2301,2034

2132946805,1986,2294,2043

2132958801,1985,2287,2064

2132959805,1988,2286,2061

2132960805,1988,2285,2059

2132961805,1987,2288,2063

2132962805,1985,2282,2055

2132963805,1987,2291,2055

2132964805,1983,2289,2064

2132965805,1981,2287,2045

2132977801,1987,2304,2017

2132978805,1986,2297,2016

2132979805,1989,2314,1985

2132980805,1989,2304,1999

2132981805,1985,2322,2001

2132982805,1982,2318,2002

2132983805,1984,2317,1991

2132984805,1985,2325,1994

2132996801,1989,2350,1943

2132997805,1988,2343,1947

2132998805,1988,2352,1936

2132999805,1993,2353,1937

2133000805,1987,2362,1939

2133001805,1988,2352,1939

2133002805,1989,2359,1925

2133003805,1987,2355,1930

2133015801,1986,2371,1913

2133016805,2000,2374,1912

2133017805,1990,2370,1925

2133018805,1985,2369,1919

2133019805,1984,2363,1919

2133020805,1989,2362,1922

2133021805,1985,2362,1925

2133022805,1989,2357,1923

2133034801,1989,2346,1957

2133035805,1990,2347,1957

2133036805,1984,2334,1959

2133037805,1987,2340,1965

2133038805,1990,2334,1968

2133039805,1991,2332,1968

2133040805,1986,2327,1971

2133041805,1983,2323,1975

2133053801,1982,2308,2032

2133054805,1986,2333,2032

2133055805,1991,2303,2032

2133056805,1984,2297,2031

2133057805,1977,2295,2032

2133058805,1989,2306,2055

2133059805,1983,2297,2039

2133060805,1985,2293,2035

2133072801,1987,2300,2061

2133073805,1968,2289,2064

2133074805,1983,2289,2063

2133075805,1996,2291,2054

2133076805,1989,2287,2047

2133077805,1999,2287,2082

2133078805,1987,2291,2047

2133079805,1983,2288,2044

2133091801,1981,2307,2015

2133092805,1984,2311,2007

2133093805,1982,2320,2013

2133094805,1989,2320,2005

2133095805,1982,2317,1999

2133096805,1983,2331,2000

2133097805,1983,2339,1989

2133098805,1987,2331,1989

2133110801,1991,2349,1950

2133111805,1996,2352,1936

2133112805,1998,2350,1943

2133113805,1988,2354,1936

2133114805,1991,2363,1936

2133115805,1984,2359,1927

2133116805,1993,2362,1925

2133117805,1968,2361,1936

2133129801,1990,2368,1931

2133130805,1987,2367,1919

2133131805,1987,2358,1921

2133132805,1993,2369,1921

2133133805,1982,2365,1919

2133134805,1991,2358,1923

2133135805,1986,2361,1933

2133136805,1988,2366,1926

2133148801,1984,2352,1962

2133149805,1984,2345,1959

2133150805,1985,2332,1966

2133151805,2030,2336,1971

2133152805,1993,2337,1969

2133153805,1983,2336,1975

2133154805,1990,2329,1981

2133155805,1985,2346,1986

2133167801,1984,2311,1993

2133168805,1983,2304,2021

2133169805,1987,2297,2033

2133170805,1990,2311,2033

2133171805,1991,2295,2027

2133172805,1981,2301,2041

2133173805,1984,2301,2047

2133174805,1993,2301,2047

2133186801,1991,2290,2045

2133187805,1986,2294,2058

2133188805,1984,2293,2059

2133189805,1990,2288,2057

2133190805,1979,2290,2047

2133191805,1963,2303,2039

2133192805,1988,2299,2055

2133193805,1995,2288,2035

2133205801,1978,2317,2017

2133206805,1984,2315,2013

2133207805,1983,2326,2002

2133208805,1982,2321,1997

2133209805,1984,2324,1997

2133210805,1983,2320,1997

2133211805,1990,2331,1984

2133212805,1986,2323,1984

2133224801,1993,2352,1939

2133225805,1991,2358,1942

2133226805,1984,2347,1925

2133227805,1994,2348,1935

2133228805,1987,2352,1937

2133229805,1984,2361,1925

2133230805,1990,2358,1925

2133231805,1987,2363,1933

2133243801,1983,2364,1927

2133244805,1986,2361,1920

2133245805,1989,2371,1918

2133246805,1996,2364,1923

2133247805,1989,2363,1925

2133248805,1991,2355,1936

2133249805,1990,2355,1936

2133250805,1988,2363,1936

2133262801,1984,2347,1967

2133263805,1983,2337,1968

2133264805,1994,2338,1972

2133265805,1983,2352,1971

2133266805,1984,2325,1979

2133267805,1984,2335,1984

2133268805,1985,2335,1986

2133269805,1975,2338,1984

2133281801,1987,2304,2030

2133282805,1990,2295,2034

2133283805,1990,2299,2033

2133284805,1983,2292,2029

2133285805,1991,2288,2039

2133286805,1990,2295,2043

2133287805,1985,2285,2043

2133288805,1994,2293,2045

2133300801,1991,2295,2046

2133301805,1983,2294,2041

2133302805,1982,2288,2045

2133303805,1991,2289,2054

2133304805,1989,2290,2039

2133305805,1987,2291,2046

2133306805,1987,2298,2043

2133307805,1983,2302,2042

2133319801,1982,2319,2032

2133320805,1979,2320,2001

2133321805,1987,2320,1998

2133322805,1986,2337,2000

2133323805,1989,2321,1991

2133324805,1990,2329,1991

2133325805,1989,2332,1981

2133326805,1989,2339,1983

2133338801,1984,2352,1950

2133339805,1989,2363,1936

2133340805,1996,2353,1943

2133341805,1994,2352,1940

2133342805,1991,2363,1935

2133343805,1990,2352,1940

2133344805,1990,2355,1927

2133345805,1990,2359,1934

2133357801,1987,2364,1882

2133358805,1987,2359,1921

2133359805,1995,2367,1923

2133360805,1989,2370,1922

2133361805,1986,2357,1930

2133362805,1991,2357,1930

2133363805,1987,2361,1931

2133364805,1986,2357,1934

2133376801,1991,2337,1966

2133377805,1985,2330,1975

2133378805,1986,2330,1970

2133379805,1989,2331,1975

2133380805,1989,2330,1979

2133381805,1985,2325,1983

2133382805,1997,2330,1993

2133383805,1979,2320,1986

2133395801,1982,2299,2033

2133396805,1985,2269,2032

2133397805,1984,2304,2035

2133398805,1987,2299,2033

2133399805,1991,2298,2040

2133400805,1988,2289,2039

2133401805,1983,2299,2043

2133402805,1985,2298,2045

2133414801,1990,2291,2055

2133415805,1990,2291,2055

2133416805,1984,2292,2043

2133417805,1977,2295,2046

2133418805,1984,2290,2041

2133419805,1991,2263,2045

2133420805,1996,2299,2046

2133421805,1986,2300,2033

2133433801,1973,2317,2015

2133434805,1983,2317,2000

2133435805,1987,2325,1995

2133436805,1951,2324,1995

2133437805,1986,2336,1983

2133438805,1989,2331,1984

2133439805,1984,2337,1979

2133440805,1983,2333,1983

2133452801,1983,2355,1936

2133453805,1997,2358,1936

2133454805,1986,2361,1939

2133455805,1998,2350,1931

2133456805,1984,2359,1932

2133457805,1993,2357,1925

2133458805,1985,2357,1936

2133459805,1990,2363,1925

2133471801,1985,2355,1929

2133472805,1982,2363,1931

2133473805,1991,2353,1926

2133474805,1987,2353,1933

2133475805,1988,2366,1930

2133476805,1989,2354,1933

2133477805,1984,2394,1935

2133478805,1990,2355,1941

2133490801,2030,2335,1971

2133491805,1989,2323,1971

2133492805,1984,2326,1980

2133493805,1986,2327,1987

2133494805,1983,2323,1993

2133495805,1990,2331,1991

2133496805,1987,2325,1994

2133497805,1993,2328,2001

2133509801,1989,2303,2017

2133510805,1991,2305,2034

2133511805,1982,2301,2047

2133512805,1987,2312,2038

2133513805,1979,2297,2043

2133514805,1989,2288,2035

2133515805,1993,2297,2043

2133516805,2003,2299,2041

2133528801,1979,2307,2058

2133529805,1983,2335,2058

2133530805,1989,2299,2042

2133531805,1991,2304,2044

2133532805,1989,2299,2047

2133533805,1984,2298,2037

2133534805,1983,2304,2042

2133535805,1971,2303,2033

2133547801,1991,2319,1997

2133548805,1987,2330,1996

2133549805,1971,2331,1993

2133550805,1991,2330,1986

2133551805,1987,2325,1985

2133552805,1983,2338,1983

2133553805,1991,2334,1973

2133554805,1994,2332,1971

2133565801,1995,2352,1938

2133566805,2037,2353,1936

2133567805,1986,2355,1936

2133568805,1989,2355,1936

2133569805,1995,2363,1937

2133570805,1995,2362,1933

2133571805,1993,2354,1931

2133572805,1986,2361,1927

2133584801,1992,2371,1931

2133585805,1995,2358,1935

2133586805,1968,2363,1930

2133587805,1985,2364,1936

2133588805,1981,2354,1911

2133589805,1987,2352,1935

2133590805,1987,2357,1933

2133591805,1986,2357,1949

2133603801,1983,2334,1968

2133604805,1986,2331,1977

2133605805,1990,2336,1973

2133606805,1995,2325,1984

2133607805,1991,2323,1986

2133608805,1986,2321,1989

2133609805,1984,2355,2000

2133610805,1989,2321,1998

2133621453,1978,2302,2037

2133622805,1984,2304,2031

2133623805,1984,2288,2035

2133624805,1983,2294,2037

2133625805,1982,2290,2034

2133626805,1997,2294,2055

2133627805,1980,2301,2062

2133639801,1990,2295,2047

2133640805,1981,2290,2055

2133641805,1984,2299,2047

2133642805,1987,2309,2057

2133643805,1989,2302,2042

2133644805,1984,2290,2042

2133645805,1983,2295,2031

2133646805,1991,2299,2047

2133658801,1985,2319,2009

2133659805,1982,2322,1999

2133660805,1981,2320,2000

2133661805,1991,2320,1995

2133662805,1984,2324,1999

2133663805,1983,2325,1985

2133664805,1977,2331,1982

2133665805,1986,2326,1977

2133677801,1984,2352,1943

2133678805,1990,2348,1936

2133679805,1991,2353,1949

2133680805,1985,2369,1936

2133681805,1987,2359,1937

2133682805,1996,2355,1936

2133683805,1996,2354,1933

2133684805,1994,2359,1933

2133696801,1989,2356,1926

2133697805,1994,2365,1932

2133698805,1987,2352,1906

2133699805,1975,2352,1927

2133700805,1999,2358,1926

2133701805,1989,2353,1936

2133702805,1994,2353,1936

2133703805,1987,2352,1936

2133715801,1989,2334,1969

2133716805,1983,2337,1973

2133717805,1967,2333,1981

2133718805,1979,2334,1974

2133719805,1984,2333,1983

2133720805,1983,2327,1987

2133721805,1989,2322,1995

2133722805,1994,2321,1988

2133733801,1983,2310,2023

2133734805,1985,2306,2035

2133735805,1984,2300,2033

2133736805,2018,2304,2032

2133737805,1991,2296,2032

2133738805,1979,2303,2035

2133739805,1969,2293,2047

2133740805,1962,2288,2038

2133752801,1989,2306,2054

2133753805,2005,2294,2041

2133754805,1984,2293,2047

2133755805,1983,2302,2041

2133756805,1985,2302,2047

2133757805,1989,2294,2047

2133758805,1978,2294,2032

2133759805,1984,2303,2034

2133771801,1986,2318,2010

2133772805,1983,2320,1985

2133773805,1984,2321,1997

2133774805,1984,2325,2000

2133775805,1993,2321,2033

2133776805,1984,2330,1998

2133777805,1991,2325,1983

2133778805,1984,2322,1984

2133789453,1983,2343,1932

2133790805,1983,2346,1931

2133791805,1989,2326,1939

2133792805,1994,2350,1971

2133793805,1988,2352,1939

2133794805,1994,2359,1958

2133795805,1995,2355,1935

2133807801,1998,2354,1932

2133808805,1986,2363,1921

2133809805,1990,2363,1923

2133810805,1990,2366,1921

2133811805,1991,2358,2013

2133812805,1999,2353,1926

2133813805,1986,2320,1939

2133814805,1990,2354,1934

2133826801,1984,2345,1969

2133827805,1988,2346,1962

2133828805,1986,2346,1968

2133829805,1966,2336,1971

2133830805,1992,2333,1973

2133831805,1977,2326,1979

2133832805,1988,2327,1984

2133833805,1990,2326,1979

2133845801,1986,2307,2026

2133846805,1995,2306,2027

2133847805,1991,2304,1983

2133848805,1982,2288,2029

2133849805,1985,2293,2032

2133850805,1986,2301,2037

2133851805,1988,2305,2037

2133852805,1990,2288,2085

2133864801,1988,2294,2047

2133865805,1984,2289,2054

2133866805,1985,2298,2044

2133867805,1984,2298,2046

2133868805,1986,2295,2096

2133869805,1990,2304,2045

2133870805,1984,2291,2036

2133871805,1990,2304,2053

2133883801,1984,2320,2007

2133884805,1987,2318,2001

2133885805,1987,2321,2005

2133886805,1985,2327,2000

2133887805,1985,2325,1979

2133888805,1988,2325,1991

2133889805,1988,2335,1986

2133890805,1993,2337,2032

2133901801,1987,2352,1947

2133902805,1996,2350,1904

2133903805,1984,2352,1953

2133904805,1987,2352,1939

2133905805,1995,2351,1943

2133906805,1989,2366,1936

2133907805,1984,2360,1939

2133908805,1985,2346,1954

2133920801,1991,2355,1927

2133921805,1981,2362,1923

2133922805,1986,2354,1930

2133923805,2002,2352,1925

2133924805,1991,2355,1936

2133925805,1989,2355,1936

2133926805,1984,2362,1955

2133927805,2000,2355,1938

2133939801,1984,2341,1964

2133940805,1995,2345,1986

2133941805,1986,2337,1931

2133942805,1983,2324,1973

2133943805,2026,2330,1979

2133944805,1985,2331,1974

2133945805,1986,2336,1980

2133946805,1984,2334,1984

2133957453,1977,2311,2019

2133958805,1983,2304,2025

2133959805,1984,2325,2017

2133960805,1985,2303,2032

2133961805,1979,2273,2033

2133962805,1985,2297,2032

2133963805,1982,2295,2034

2133975801,1985,2293,2044

2133976805,1990,2295,2039

2133977805,1991,2294,2047

2133978805,1989,2302,2043

2133979805,1990,2293,2015

2133980805,1986,2303,2009

2133981805,1984,2303,2044

2133982805,1984,2301,2032

2133994801,1983,2314,2010

2133995805,1988,2313,2003

2133996805,1984,2319,2011

2133997805,1996,2320,2002

2133998805,1984,2320,2003

2133999805,1989,2321,1996

2134000805,1986,2320,1991

2134001805,1987,2320,1987

2134013801,1991,2352,1965

2134014805,1985,2345,1967

2134015805,1989,2346,1949

2134016805,1985,2354,1938

2134017805,2000,2358,1943

2134018805,1993,2352,1936

2134019805,1995,2352,1943

2134020805,1984,2353,1940

2134032801,1989,2358,1934

2134033805,1987,2354,1925

2134034805,2000,2358,1926

2134035805,1995,2364,1929

2134036805,1990,2359,1931

2134037805,1978,2356,1932

2134038805,1997,2358,1933

2134039805,1993,2349,1936

2134051801,1986,2346,1961

2134052805,1991,2344,1965

2134053805,1980,2339,1971

2134054805,2007,2339,1981

2134055805,1989,2365,1972

2134056805,1995,2310,1975

2134057805,2007,2325,1983

2134058805,1994,2325,1981

2134070801,1987,2317,2017

2134071805,1994,2305,2027

2134072805,1962,2307,2025

2134073805,1965,2304,2033

2134074805,2019,2299,2032

2134075805,1983,2307,2032

2134076805,1953,2307,2027

2134077805,1990,2290,2029

2134089801,1984,2289,2039

2134090805,1982,2295,2054

2134091805,1985,2294,2038

2134092805,1978,2294,2033

2134093805,1988,2305,2039

2134094805,1990,2301,2037

2134095805,1988,2304,2043

2134096805,1982,2303,2037

2134108801,1990,2305,2014

2134109805,1993,2320,2004

2134110805,1991,2320,2001

2134111805,1979,2320,1998

2134112805,1949,2317,2000

2134113805,1991,2315,1997

2134114805,1981,2319,1995

2134115805,1999,2333,1965

2134127801,1984,2350,1951

2134128805,1995,2352,1949

2134129805,2038,2352,1941

2134130805,2001,2351,1943

2134131805,1985,2354,1938

2134132805,1987,2367,1939

2134133805,1993,2359,1913

2134134805,2099,2354,1935

2134146801,1989,2365,1923

2134147805,1990,2357,1933

2134148805,2000,2362,1932

2134149805,2005,2352,1929

2134150805,2000,2361,1933

2134151805,1993,2358,1899

2134152805,1990,2354,1931

2134153805,2035,2351,1938

2134165801,1973,2334,1960

2134166805,1993,2335,1966

2134167805,1986,2335,1970

2134168805,1993,2337,1978

2134169805,1971,2339,1974

2134170805,1953,2337,1984

2134171805,1985,2324,1989

2134172805,1990,2325,1982

2134184801,1982,2310,2021

2134185805,1989,2304,2026

2134186805,1995,2301,2032

2134187805,1986,2294,2018

2134188805,1986,2302,2010

2134189805,1988,2304,2033

2134190805,1989,2298,2032

2134191805,1984,2295,2037

2134203801,1987,2298,2039

2134204805,1984,2305,2037

2134205805,1991,2305,2043

2134206805,1990,2294,2037

2134207805,1983,2303,2043

2134208805,1986,2298,2047

2134209805,1989,2299,2043

2134210805,1984,2306,2039

2134222801,1984,2311,2003

2134223805,1984,2320,2000

2134224805,1978,2320,2000

2134225805,1988,2326,1998

2134226805,1995,2322,1994

2134227805,1986,2321,1991

2134228805,1984,2332,1986

2134229805,1994,2330,1984

2134241801,1984,2350,1947

2134242805,1997,2352,1947

2134243805,1987,2352,1947

2134244805,1988,2352,1942

2134245805,1986,2350,1941

2134246805,1993,2350,1940

2134247805,1986,2352,1936

2134248805,1979,2357,1936

2134260801,1979,2357,1933

2134261805,1985,2361,1935

2134262805,1989,2366,1935

2134263805,1975,2365,1936

2134264805,1991,2354,1937

2134265805,1984,2361,1936

2134266805,1986,2352,1938

2134267805,2030,2352,1936

2134279801,1984,2331,1968

2134280805,1984,2333,1968

2134281805,1978,2341,1970

2134282805,1991,2331,1968

2134283805,1986,2331,1979

2134284805,1993,2329,1981

2134285805,1990,2335,1987

2134286805,1986,2333,1991

2134298801,1973,2303,2019

2134299805,1989,2307,2021

2134300805,1991,2304,2027

2134301805,1989,2298,2033

2134302805,1983,2307,2032

2134303805,1968,2297,2032

2134304805,1987,2304,2035

2134305805,1978,2294,2041

2134317801,2000,2304,2045

2134318805,1983,2300,2047

2134319805,1955,2291,2033

2134320805,1983,2299,2053

2134321805,1984,2302,2032

2134322805,1982,2304,2032

2134323805,1985,2299,2042

2134324805,2000,2295,2031

2134336801,1965,2320,2004

2134337805,1993,2320,1998

2134338805,2019,2320,1995

2134339805,1994,2319,1997

2134340805,1982,2322,1986

2134341805,1969,2321,1987

2134342805,1997,2335,1993

2134343805,2013,2332,1984

2134355801,1989,2345,1945

2134356805,1986,2343,1946

2134357805,1987,2349,1938

2134358805,1999,2352,1937

2134359805,1987,2355,1936

2134360805,1987,2356,1936

2134361805,1994,2358,1936

2134362805,1988,2352,1936

2134374801,1969,2355,1934

2134375805,1987,2365,1929

2134376805,2022,2358,1936

2134377805,1985,2365,1936

2134378805,1963,2353,1939

2134379805,2026,2351,1943

2134380805,1986,2353,1936

2134381805,1988,2352,1942

2134393801,1984,2347,1984

2134394805,1986,2331,1984

2134395805,1994,2335,1977

2134396805,2032,2334,1981

2134397805,1971,2329,1988

2134398805,1968,2329,1985

2134399805,1984,2327,1990

2134400805,1992,2334,1995

2134412801,1986,2307,2028

2134413805,1985,2305,2026

2134414805,2000,2313,2029

2134415805,1968,2295,2031

2134416805,1997,2304,2030

2134417805,1984,2304,2059

2134418805,1983,2298,2036

2134419805,2031,2304,2041

2134431801,1990,2307,2087

2134432805,1983,2298,2032

2134433805,1975,2304,2036

2134434805,1983,2306,2033

2134435805,1975,2302,2031

2134436805,2009,2304,2034

2134437805,1992,2303,2029

2134438805,2000,2304,2031

2134450801,1985,2324,1998

2134451805,1981,2320,2000

2134452805,1989,2322,1994

2134453805,1989,2327,1985

2134454805,2020,2329,1984

2134455805,1974,2324,1987

2134456805,1990,2333,1983

2134457805,1999,2327,1975

2134469801,1997,2343,1950

2134470805,1989,2352,1937

2134471805,1989,2352,1940

2134472805,1981,2354,1937

2134473805,2014,2352,1939

2134474805,1959,2358,1938

2134475805,1986,2358,1935

2134476805,1995,2354,1937

2134488801,1993,2352,1933

2134489805,1983,2353,1942

2134490805,1973,2359,1936

2134491805,1989,2356,1935

2134492805,1985,2341,1937

2134493805,1966,2346,1937

2134494805,1987,2352,1938

2134495805,1982,2350,1949

2134507801,1991,2337,1964

2134508805,1989,2331,1984

2134509805,1991,2337,1981

2134510805,2029,2330,1984

2134511805,1984,2326,1986

2134512805,1979,2323,1993

2134513805,1987,2324,1987

2134514805,1987,2322,1995

2134526801,1983,2308,2019

2134527805,1987,2295,2029

2134528805,1989,2314,2032

2134529805,1953,2304,2034

2134530805,2012,2301,2027

2134531805,1981,2304,2033

2134532805,1989,2297,2033

2134533805,1984,2299,2037

2134545801,1989,2297,2038

2134546805,1985,2297,2032

2134547805,1984,2305,2037

2134548805,2023,2303,2032

2134549805,1993,2304,2029

2134550805,1989,2310,2032

2134551805,1990,2301,2035

2134552805,1988,2301,2023

2134564801,1983,2323,2000

2134565805,1985,2324,1988

2134566805,1986,2329,1996

2134567805,1963,2324,1985

2134568805,2000,2336,1985

2134569805,1994,2327,1979

2134570805,1983,2339,1979

2134571805,1990,2325,1974

2134583801,2031,2352,1945

2134584805,1989,2349,1952

2134585805,1985,2352,1937

2134586805,2000,2357,1940

2134587805,1993,2352,1938

2134588805,1994,2352,1941

2134589805,1989,2357,1937

2134590805,1990,2362,1937

2134602801,1986,2345,1936

2134603805,2001,2364,1951

2134604805,1989,2352,1936

2134605805,1955,2352,1938

2134606805,1983,2351,1946

2134607805,1983,2350,1946

2134608805,1991,2352,1938

2134609805,1995,2343,1936

2134621801,1987,2334,1981

2134622805,1987,2330,1984

2134623807,1981,2334,1983

2134624805,1990,2331,1991

2134625805,1991,2322,1993

2134626805,1995,2330,1985

2134627805,1984,2321,1991

2134628805,2025,2329,1995

2134640801,1985,2307,2032

2134641805,1988,2304,2031

2134642805,2064,2300,2032

2134643805,1968,2307,2034

2134644805,1979,2304,2035

2134645805,1986,2301,2037

2134646805,1989,2299,2035

2134647805,1983,2295,2034

2134659801,2011,2308,2035

2134660805,1989,2299,2017

2134661805,1985,2304,2033

2134662805,2037,2304,2031

2134663805,1991,2309,2033

2134664805,1986,2297,2027

2134665805,1968,2310,2027

2134666805,1987,2303,2026

2134678801,1979,2320,1991

2134679805,1987,2323,1996

2134680805,1993,2336,1991

2134681805,1967,2321,1983

2134682805,1991,2326,1984

2134683805,1984,2330,1979

2134684805,1957,2333,1978

2134685805,1990,2335,1977

2134697801,1968,2353,1944

2134698805,1985,2357,1943

2134699805,1983,2352,1941

2134700805,1995,2352,1941

2134701805,1994,2359,1936

2134702805,1989,2302,1939

2134703805,1984,2353,1931

2134704805,1991,2357,1936

2134716801,1989,2358,1937

2134717805,1993,2353,1940

2134718805,1988,2353,1941

2134719805,1986,2361,1940

2134720805,1994,2354,1950

2134721805,1990,2337,1946

2134722805,1985,2351,1944

2134723805,1991,2349,1953

2134735801,1994,2323,1975

2134736805,1989,2335,1983

2134737805,1986,2320,1984

2134738805,1986,2323,1989

2134739805,1981,2320,1996

2134740805,1984,2318,1999

2134741805,1984,2319,2000

2134742805,1986,2322,1999

2134753801,1987,2303,2027

2134754805,1984,2307,2032

2134755805,1985,2301,2031

2134756805,1994,2300,2032

2134757805,1983,2305,2031

2134758805,1987,2300,2038

2134759805,1989,2307,2035

2134760805,1991,2305,2032

2134772801,1983,2302,2032

2134773805,1983,2293,2026

2134774805,1987,2303,2032

2134775805,1994,2303,2032

2134776805,1987,2301,2023

2134777805,1986,2305,2029

2134778805,1987,2309,2022

2134779805,1989,2303,2019

2134791838,1994,2325,2036

2134792805,1984,2326,1987

2134793805,1994,2336,1985

2134794805,1991,2323,1984

2134795805,1987,2323,1983

2134796805,1989,2339,1978

2134797805,1990,2340,1975

2134798805,1985,2329,1970

2134809453,1989,2352,1949

2134810805,1986,2342,1943

2134811805,1991,2351,1947

2134812805,2003,2352,1944

2134813805,1987,2361,1936

2134814805,1989,2353,1936

2134815805,1983,2353,1937

2134827801,1994,2352,1937

2134828805,1995,2358,1935

2134829805,1993,2347,1939

2134830805,1977,2353,1943

2134831805,1995,2353,1949

2134832805,1966,2357,1941

2134833805,1987,2352,1949

2134834805,1986,2350,1952

2134846801,1983,2329,1979

2134847840,1987,2354,1973

2134848805,1984,2330,1983

2134849805,1989,2331,1979

2134850805,1991,2325,1984

2134851805,1991,2324,1991

2134852805,1981,2320,1990

2134853805,1987,2320,1995

2134865801,1990,2325,2029

2134866805,1974,2309,2003

2134867805,1989,2304,2027

2134868805,1991,2304,2032

2134869805,1983,2291,2033

2134870805,1990,2303,2031

2134871805,1985,2299,2032

2134872805,1986,2297,2032

2134884801,1990,2299,2034

2134885805,1994,2304,2033

2134886805,1984,2303,2034

2134887805,2006,2294,2029

2134888805,1987,2298,2024

2134889805,1981,2304,2022

2134890805,1983,2299,2031

2134891805,1990,2288,2019

2134903838,1984,2320,1998

2134904805,1988,2317,1991

2134905805,1980,2320,1986

2134906805,1989,2325,1984

2134907805,1997,2324,1987

2134908805,1994,2326,1979

2134909805,1990,2337,1977

2134910805,1989,2337,1970

2134921801,1986,2352,1953

2134922805,1995,2347,1949

2134923805,1990,2352,1945

2134924805,1998,2357,1941

2134925805,1989,2354,1936

2134926805,1983,2354,1938

2134927805,1991,2353,1936

2134928805,1986,2352,1939

2134940801,1989,2352,1933

2134941805,1989,2346,1936

2134942805,1985,2352,1941

2134943805,1985,2352,1938

2134944805,1986,2354,1944

2134945805,1991,2354,1959

2134946805,1994,2355,1949

2134947805,1990,2352,1950

2134959829,1989,2336,1979

2134960805,1984,2331,1981

2134961805,1990,2329,1984

2134962805,1987,2330,1977

2134963805,1997,2322,1989

2134964805,1993,2319,1984

2134965805,2005,2325,1991

2134966805,1994,2329,1995

2134977453,1991,2311,2021

2134978805,1982,2304,2027

2134979805,1990,2305,2029

2134980805,1981,2305,2022

2134981805,1981,2301,2028

2134982805,1991,2273,2031

2134983805,1981,2317,2032

2134995801,1989,2303,2034

2134996805,1985,2299,2031

2134997805,1981,2295,2027

2134998805,1983,2292,2031

2134999805,1985,2300,2030

2135000805,1983,2302,2031

2135001805,1985,2305,2031

2135002805,1987,2306,2022

2135014801,1989,2310,2000

2135015805,1993,2322,1938

2135016805,1990,2330,1995

2135017805,1974,2331,1987

2135018805,1986,2276,1989

2135019805,1989,2326,1966

2135020805,1991,2330,1996

2135021805,1987,2336,1982

2135033801,1987,2352,1949

2135034805,1993,2352,1953

2135035805,1987,2347,1949

2135036805,1982,2349,1951

2135037805,1995,2351,1948

2135038805,1991,2355,1943

2135039805,1987,2353,1943

2135040805,1990,2351,1938

2135052801,1989,2351,1938

2135053805,1991,2354,1947

2135054805,1986,2355,1937

2135055805,2002,2352,1936

2135056805,1993,2351,1937

2135057805,1991,2352,1939

2135058805,1995,2352,1945

2135059805,1986,2348,1939

2135071801,1989,2345,1976

2135072805,2001,2333,1979

2135073805,1990,2328,1986

2135074805,1968,2335,1983

2135075805,1990,2322,1986

2135076805,1984,2327,1991

2135077805,1984,2323,1990

2135078805,1984,2323,1987

2135090801,1991,2309,2017

2135091805,1986,2308,2021

2135092805,1984,2305,2025

2135093805,1995,2304,2026

2135094805,1985,2303,2026

2135095805,1993,2307,2032

2135096805,1992,2299,2032

2135097805,1988,2295,2033

2135109801,1989,2303,2031

2135110805,2003,2298,2032

2135111805,1990,2298,2032

2135112805,1951,2299,2032

2135113805,1980,2303,2032

2135114805,1992,2303,2029

2135115805,1986,2311,2030

2135116805,1987,2307,2032

2135128801,1989,2311,1995

2135129805,1986,2319,1995

2135130805,1984,2327,1999

2135131805,1986,2330,2021

2135132805,1984,2321,1988

2135133805,1987,2323,1975

2135134805,1975,2303,1984

2135135805,1985,2337,1983

2135147801,1993,2346,1949

2135148805,1982,2352,1947

2135149805,1990,2352,1949

2135150805,1992,2351,1950

2135151805,1989,2353,1946

2135152805,1993,2352,1943

2135153805,1993,2354,1941

2135154805,1989,2352,1937

2135166801,1984,2350,1938

2135167805,1991,2355,1948

2135168805,1995,2353,1936

2135169805,1978,2353,1937

2135170805,1990,2353,1943

2135171805,1993,2354,1947

2135172805,1994,2345,1945

2135173805,1979,2349,1947

2135185801,1985,2338,1971

2135186805,1978,2324,1984

2135187805,1983,2331,1977

2135188805,2015,2327,1987

2135189805,1975,2329,1994

2135190805,1990,2329,1989

2135191805,2003,2325,2000

2135192805,1989,2326,2000

2135204801,1984,2302,2026

2135205805,1986,2307,2026

2135206805,1989,2304,2029

2135207805,2007,2297,2030

2135208805,1984,2364,2022

2135209805,1988,2306,2030

2135210805,1987,2300,2032

2135211805,1981,2295,2081

2135223801,1984,2301,2033

2135224805,1965,2304,2027

2135225805,1984,2309,2032

2135226805,1971,2304,2029

2135227805,1986,2299,2027

2135228805,1985,2341,2030

2135229805,1968,2300,2023

2135230805,1989,2307,2030

2135242801,1993,2327,1989

2135243805,1984,2320,1993

2135244805,1984,2338,1991

2135245805,1954,2330,2035

2135246805,1982,2411,1985

2135247805,1984,2334,1984

2135248805,2014,2329,1971

2135249805,1984,2330,1978

2135261801,1994,2352,1946

2135262805,1981,2349,1950

2135263805,1986,2352,1946

2135264805,1974,2349,1939

2135265805,1991,2320,1942

2135266805,1999,2354,1942

2135267805,1990,2354,1941

2135268805,1994,2356,1948

2135280801,1995,2357,1937

2135281805,2000,2351,1943

2135282805,1987,2347,1941

2135283805,1982,2343,1938

2135284805,1985,2285,1953

2135285805,1988,2295,1953

2135286805,1998,2353,1947

2135287805,1984,2347,1953

2135299801,1989,2332,1977

2135300805,1984,2323,2015

2135301805,1984,2320,1988

2135302805,1988,2327,1985

2135303805,1994,2331,1987

2135304805,1988,2331,1989

2135305805,1989,2315,1999

2135306805,1979,2316,2001

2135318801,1979,2301,2026

2135319805,1994,2310,2023

2135320805,1986,2336,2025

2135321805,1983,2307,2030

2135322805,1985,2304,2029

2135323805,1989,2288,2032

2135324805,1984,2301,2031

2135325805,1979,2307,2032

2135337801,1984,2304,2029

2135338805,1991,2295,2029

2135339805,1984,2318,2027

2135340805,1970,2307,2029

2135341805,1987,2385,2027

2135342805,1991,2288,2021

2135343805,2000,2304,2045

2135344805,1984,2305,2023

2135356801,1987,2324,1992

2135357805,1934,2326,1989

2135358805,1995,2325,1986

2135359805,1959,2323,1986

2135360805,1997,2335,1983

2135361805,1979,2334,1978

2135362805,1993,2340,1904

2135363805,1988,2323,1978

2135375801,1995,2352,1945

2135376805,1993,2358,1948

2135377805,1990,2295,1949

2135378805,2022,2351,1946

2135379805,1991,2315,1941

2135380805,1984,2352,1939

2135381805,1985,2352,1943

2135382805,1985,2447,1936

2135394801,1985,2348,1930

2135395805,1991,2352,1948

2135396805,1996,2352,1952

2135397805,1962,2349,1941

2135398805,1997,2352,1947

2135399805,1986,2351,1950

2135400805,1995,2346,1963

2135401805,1990,2307,1957

2135413801,1984,2323,1985

2135414805,1988,2321,1989

2135415805,1990,2330,1990

2135416805,1975,2318,1987

2135417805,1986,2401,1994

2135418805,1985,2321,2013

2135419805,2000,2320,2000

2135420805,1984,2320,2001

2135432801,1991,2303,2031

2135433805,2058,2290,2029

2135434805,1983,2299,2031

2135435805,1974,2308,2023

2135436805,1992,2307,2032

2135437805,1991,2289,2029

2135438805,1991,2303,2007

2135439805,1989,2314,2037

2135451801,1989,2302,2027

2135452805,1985,2305,2028

2135453805,1989,2316,2031

2135454805,1991,2313,2021

2135455805,1986,2299,2021

2135456805,1990,2311,2025

2135457805,1987,2307,2021

2135458805,1985,2320,2019

2135470801,1984,2326,1989

2135471805,1985,2333,1983

2135472805,1989,2320,1985

2135473805,2000,2327,1978

2135474805,1980,2336,1973

2135475805,1984,2335,1973

2135476805,1985,2335,1969

2135477805,1989,2338,1968

2135489801,1989,2352,1949

2135490805,1990,2350,1951

2135491805,1989,2357,1939

2135492805,1983,2352,1948

2135493805,1988,2358,1939

2135494805,1989,2361,1949

2135495805,1987,2352,1937

2135496805,1997,2366,1939

2135508801,1998,2352,1941

2135509805,1984,2350,1951

2135510805,1985,2352,1957

2135511805,1955,2352,1951

2135512805,1984,2345,1950

2135513805,1993,2351,1956

2135514805,2021,2344,1954

2135515805,1989,2347,1964

2135527801,1988,2294,1984

2135528805,1969,2334,1990

2135529805,1986,2331,1991

2135530805,1963,2330,1987

2135531805,1984,2320,1994

2135532805,1987,2308,1993

2135533805,1994,2320,1997

2135534805,1991,2320,2000

2135546801,1983,2304,2025

2135547805,1986,2306,2032

2135548805,1984,2313,2023

2135549805,2031,2303,2030

2135550805,1982,2305,2029

2135551805,1987,2313,2031

2135552805,1997,2300,2030

2135553805,1983,2288,2032

2135565801,1989,2339,2021

2135566805,1986,2302,2029

2135567805,1983,2311,2022

2135568805,1985,2301,2026

2135569805,1991,2321,2015

2135570805,1981,2309,2024

2135571805,1984,2305,2018

2135572805,1984,2304,2016

2135584801,1982,2304,1985

2135585805,1985,2331,1985

2135586805,1987,2325,1981

2135587805,2002,2333,1983

2135588805,1979,2325,1975

2135589805,1985,2347,1970

2135590805,1969,2329,1969

2135591805,1986,2341,1969

2135603801,1984,2333,1942

2135604805,1991,2355,1949

2135605805,1991,2352,1942

2135606805,1968,2352,1938

2135607805,1990,2352,1945

2135608805,1995,2320,1948

2135609805,1983,2350,1938

2135610805,1987,2334,1936

2135622801,1994,2345,1946

2135623805,1989,2349,1952

2135624805,1985,2364,1952

2135625805,1986,2349,1949

2135626805,1985,2343,1956

2135627805,1987,2349,1956

2135628805,1991,2342,1957

2135629805,2017,2352,1966

2135641801,1983,2327,1994

2135642805,1987,2322,1984

2135643805,1982,2279,1991

2135644805,2032,2322,1989

2135645805,1983,2325,2000

2135646805,1984,2320,2000

2135647805,1984,2315,2001

2135648805,1984,2304,2000

2135660801,1979,2307,2031

2135661805,1981,2303,2031

2135662805,1983,2295,2027

2135663805,1968,2298,2029

2135664805,1983,2305,2034

2135665805,1993,2320,2029

2135666805,1963,2305,2030

2135667805,1986,2327,2032

2135679801,1989,2306,2023

2135680805,1984,2304,2027

2135681805,1973,2291,2016

2135682805,2002,2304,2021

2135683805,1984,2320,2018

2135684805,1986,2302,2010

2135685805,1984,2304,2013

2135686805,1983,2405,2010

2135698801,1985,2325,1979

2135699805,1995,2335,1983

2135700805,1984,2322,1975

2135701805,1986,2337,1978

2135702805,1987,2337,1970

2135703805,1995,2337,1970

2135704805,1982,2337,1968

2135705805,1976,2317,1966

2135716801,1984,2342,1948

2135717805,1959,2374,1945

2135718805,1985,2354,1946

2135719805,1991,2348,1940

2135720805,1982,2342,1947

2135721805,1987,2352,1947

2135722805,1987,2427,1943

2135723805,1986,2351,1936

2135735801,1995,2349,1951

2135736805,1984,2351,1951

2135737805,1984,2330,1954

2135738805,1975,2349,1954

2135739805,1996,2342,1951

2135740805,1971,2345,1956

2135741805,1995,2345,1962

2135742805,1987,2343,1958

2135754801,1968,2323,1986

2135755805,2000,2326,1991

2135756805,1984,2318,1999

2135757805,1984,2320,1995

2135758805,1983,2289,1999

2135759805,1984,2314,2002

2135760805,2013,2321,2000

2135761805,1991,2320,2008

2135772453,1991,2311,2017

2135773805,1989,2304,2027

2135774805,1987,2313,2022

2135775805,1982,2305,2029

2135776805,1984,2306,2030

2135777805,1984,2301,2031

2135778805,1988,2306,2034

2135790801,2028,2307,2030

2135791805,1984,2304,2027

2135792805,1997,2309,2025

2135793805,1983,2306,2022

2135794805,1986,2309,2023

2135795805,1984,2304,2015

2135796805,1987,2310,2016

2135797805,1984,2295,2017

2135809801,1987,2322,1986

2135810805,1985,2333,1992

2135811805,1987,2327,1983

2135812805,1975,2335,1986

2135813805,1991,2341,1979

2135814805,1983,2335,1973

2135815805,1976,2333,1969

2135816805,1989,2333,1971

2135828801,1984,2320,1959

2135829805,1981,2350,1951

2135830805,1990,2349,1948

2135831805,1983,2345,1946

2135832805,1991,2350,1950

2135833805,1968,2357,1936

2135834805,2006,2358,1942

2135835805,1991,2356,1941

2135847801,1994,2342,1949

2135848805,1999,2349,1948

2135849805,1995,2350,1951

2135850805,1997,2346,1951

2135851805,1987,2351,1957

2135852805,1993,2343,1953

2135853805,1982,2347,1957

2135854805,1984,2339,1956

2135866801,2014,2322,1975

2135867805,1982,2335,1989

2135868805,1987,2322,1989

2135869805,2010,2322,1990

2135870805,1984,2314,1995

2135871805,1989,2312,1996

2135872805,2000,2320,2000

2135873805,1993,2320,2005

2135885801,1984,2289,2023

2135886805,1996,2302,2028

2135887805,1984,2307,2026

2135888805,1987,2305,2030

2135889805,1983,2303,2032

2135890805,1984,2299,2030

2135891805,1981,2298,2031

2135892805,1983,2302,2030

2135904801,1987,2258,2022

2135905805,1969,2306,2016

2135906805,1981,2305,2023

2135907805,1952,2305,2018

2135908805,1987,2306,2014

2135909805,1995,2311,2017

2135910805,1975,2313,2012

2135911805,1999,2308,2011

2135923801,1991,2345,1989

2135924805,1985,2333,1985

2135925805,1989,2327,1973

2135926805,1993,2327,1975

2135927805,1984,2333,1978

2135928805,1986,2330,1972

2135929805,1986,2328,1968

2135930805,1987,2338,1965

2135942801,1990,2311,1952

2135943805,1975,2353,1949

2135944805,1986,2352,1947

2135945805,1995,2347,1936

2135946805,1989,2347,1937

2135947805,1981,2350,1940

2135948805,1990,2359,1949

2135949805,1989,2341,1938

2135961801,1974,2355,1910

2135962805,1993,2347,1949

2135963805,1986,2320,1952

2135964805,1986,2350,1956

2135965805,1985,2341,1957

2135966805,1984,2350,1959

2135967805,1985,2341,1955

2135968805,1991,2346,1964

2135980801,1986,2326,1991

2135981805,1990,2329,2010

2135982805,1984,2321,1993

2135983805,1983,2323,1995

2135984805,1997,2320,2000

2135985805,1984,2333,2000

2135986805,2005,2316,1997

2135987805,1987,2282,2000

2135999801,1986,2307,2029

2136000805,1983,2304,2025

2136001805,1989,2314,2021

2136002805,1983,2304,2030

2136003805,1990,2311,2027

2136004805,1991,2302,2031

2136005805,1981,2303,2032

2136006805,1984,2286,2031

2136018801,1983,2304,2026

2136019805,1984,2304,2022

2136020805,1985,2305,2014

2136021805,1990,2317,2016

2136022805,1989,2319,2013

2136023805,1988,2314,2016

2136024805,1986,2305,2011

2136025805,1986,2315,2007

2136037801,1991,2331,1989

2136038805,1984,2331,1983

2136039805,1995,2304,1979

2136040805,1982,2338,1975

2136041805,1985,2345,1973

2136042805,1987,2326,1972

2136043805,1982,2335,1968

2136044805,1987,2342,1965

2136056801,1990,2341,1955

2136057805,1985,2352,1946

2136058805,1993,2352,1949

2136059805,1986,2352,1949

2136060805,1984,2367,1942

2136061805,1985,2350,1949

2136062805,1990,2358,1943

2136063805,1987,2350,1943

2136075801,1989,2345,1953

2136076805,1987,2347,1956

2136077805,1989,2347,1962

2136078805,1983,2339,1956

2136079805,1982,2339,1957

2136080805,1991,2337,1962

2136081805,1986,2339,1966

2136082805,1991,2339,1967

2136094801,1985,2326,1996

2136095805,1985,2325,2000

2136096805,1984,2325,1989

2136097805,1983,2321,1997

2136098805,1978,2321,1998

2136099805,1984,2321,2000

2136100805,1982,2309,2002

2136101805,1987,2315,2007

2136113801,1983,2305,2026

2136114805,1985,2304,2029

2136115805,1974,2307,2029

2136116805,1986,2304,2027

2136117805,1989,2305,2032

2136118805,1984,2304,2029

2136119805,1981,2306,2032

2136120805,1986,2295,2026

2136132801,1983,2311,2015

2136133805,1974,2310,2016

2136134805,1986,2309,2018

2136135805,1984,2309,2025

2136136805,1985,2314,2015

2136137805,1973,2314,2010

2136138805,2006,2324,2011

2136139805,1985,2317,2002

2136151801,1981,2329,1986

2136152805,1985,2341,1978

2136153805,1990,2343,1977

2136154805,1979,2347,1975

2136155805,1984,2339,2002

2136156805,1983,2335,1971

2136157805,1990,2336,1963

2136158805,1989,2336,1963

2136170801,1993,2358,1950

2136171805,1987,2338,1952

2136172805,1995,2349,1941

2136173805,1993,2352,1950

2136174805,1987,2357,1941

2136175805,1987,2350,1941

2136176805,1989,2352,1949

2136177805,1987,2349,1940

2136189801,1995,2351,1953

2136190805,1989,2352,1959

2136191805,1993,2345,1961

2136192805,1986,2342,1957

2136193805,1991,2337,1962

2136194805,1991,2349,1962

2136195805,1985,2339,1968

2136196805,1990,2338,1965

2136208801,1984,2327,1990

2136209805,1987,2320,1993

2136210805,1984,2322,1997

2136211805,1987,2319,2000

2136212805,1987,2320,1998

2136213805,1989,2307,1998

2136214805,1977,2315,2007

2136215805,1995,2315,2015

2136227801,1985,2305,2028

2136228805,1986,2313,2026

2136229805,1975,2305,2032

2136230805,1988,2311,2028

2136231805,1989,2298,2026

2136232805,1984,2306,2031

2136233805,1967,2301,2015

2136234805,1995,2304,2032

2136246801,1983,2304,2019

2136247805,1993,2317,2013

2136248805,1984,2311,2015

2136249805,1990,2309,2014

2136250805,1989,2311,2013

2136251805,1979,2317,2009

2136252805,1984,2306,2004

2136253805,1990,2315,2005

2136265801,1991,2330,1968

2136266805,2010,2399,1981

2136267805,1986,2340,1971

2136268805,1987,2337,1971

2136269805,1985,2345,1969

2136270805,1987,2330,1971

2136271805,1993,2265,1967

2136272805,1990,2337,1965

2136284801,1990,2347,1947

2136285805,1990,2352,1943

2136286805,2000,2346,1939

2136287805,1987,2345,1946

2136288805,1993,2348,1945

2136289805,1985,2347,1953

2136290805,1999,2329,1942

2136291805,1986,2352,1947

2136303801,1990,2343,1957

2136304805,1991,2339,1957

2136305805,1953,2345,1974

2136306805,1979,2285,1958

2136307805,1991,2347,1959

2136308805,1984,2336,1968

2136309805,1987,2337,1968

2136310805,1991,2331,1974

2136321801,1962,2322,1985

2136322805,1983,2314,1996

2136323805,1975,2316,2000

2136324805,1991,2320,2000

2136325805,1986,2320,2000

2136326805,1984,2318,1995

2136327805,1988,2319,2001

2136328805,1983,2320,2011

2136340801,1981,2309,2029

2136341805,1988,2305,2017

2136342805,1988,2303,2023

2136343805,1981,2283,2026

2136344805,1991,2306,2027

2136345805,1987,2301,2035

2136346805,1990,2308,2032

2136347805,1984,2304,2031

2136359801,1994,2315,2007

2136360805,1989,2305,2015

2136361805,1989,2319,2010

2136362805,1984,2313,1991

2136363805,1985,2317,2011

2136364805,1993,2320,2010

2136365805,1984,2327,2002

2136366805,1984,2317,2000

2136377453,1987,2329,1993

2136378805,1989,2325,1972

2136379805,1981,2338,1979

2136380805,1993,2336,1971

2136381805,1994,2338,1973

2136382805,1989,2341,1968

2136383805,1982,2347,1969

2136395801,1995,2343,1947

2136396805,1985,2348,1952

2136397805,1986,2350,1948

2136398805,1990,2349,1943

2136399805,1986,2352,1947

2136400805,1989,2343,1946

2136401805,1989,2352,1941

2136402805,1984,2352,1945

2136414801,1990,2338,1952

2136415805,2002,2349,1950

2136416805,1999,2339,1958

2136417805,1996,2345,1936

2136418805,1996,2342,1954

2136419805,1991,2334,1963

2136420805,1985,2336,1963

2136421805,1986,2341,1965

