2284500801,1985,2327,1979

2284501805,1986,2333,1984

2284502805,1985,2330,1968

2284503805,1993,2324,1989

2284504805,1986,2322,1989

2284505805,1985,2323,1989

2284506805,1986,2327,1998

2284507805,1986,2326,1988

2284519801,1984,2318,2014

2284520805,1983,2317,2003

2284521805,1986,2309,2015

2284522805,1982,2313,2018

2284523805,1987,2320,2015

2284524805,1982,2304,2018

2284525805,1983,2305,2018

2284526805,1993,2314,2023

2284537450,1989,2311,2007

2284538805,1983,2305,2015

2284539805,2000,2319,2011

2284540805,1975,2315,2011

2284541805,1991,2321,1977

2284542805,1980,2319,2011

2284543805,1990,2317,2003

2284555801,1989,2320,1986

2284556805,1993,2325,1989

2284557805,1993,2324,1989

2284558805,1990,2325,1981

2284559805,1987,2323,1983

2284560805,1984,2331,1981

2284561805,1979,2336,1984

2284562805,1985,2336,1979

2284574801,1985,2339,1967

2284575805,1990,2342,1953

2284576805,1983,2346,1958

2284577805,1965,2347,1959

2284578805,1982,2342,1960

2284579805,1981,2348,1952

2284580805,1990,2341,1957

2284581805,1988,2349,1958

2284593801,1989,2343,1958

2284594805,1982,2349,1954

2284595805,1988,2337,1954

2284596805,1973,2341,1956

2284597805,1983,2341,1956

2284598805,1989,2351,1958

2284599805,1987,2340,1959

2284600805,1983,2337,1959

2284612801,2010,2337,1984

2284613805,1984,2326,1979

2284614805,1969,2332,1981

2284615805,1984,2321,1985

2284616805,1988,2323,1990

2284617805,1982,2329,1995

2284618805,1991,2325,1986

2284619805,1985,2325,1997

2284631801,1985,2310,2000

2284632805,2002,2314,2011

2284633805,1982,2319,2023

2284634805,1985,2320,2009

2284635805,1993,2313,2017

2284636805,1995,2319,2010

2284637805,1987,2319,2014

2284638805,1981,2317,2019

2284649801,1985,2319,2013

2284650805,1982,2314,2018

2284651805,1979,2318,2021

2284652805,1975,2305,2011

2284653805,1986,2306,2007

2284654805,1989,2310,2014

2284655805,1979,2311,2017

2284656805,1986,2317,2009

2284668801,1988,2318,1999

2284669805,1983,2319,1990

2284670805,1983,2326,2077

2284671805,1986,2331,1986

2284672805,1985,2327,1985

2284673805,1986,2337,1986

2284674805,1987,2326,1985

2284675805,1990,2327,1975

2284687801,1984,2338,1960

2284688805,1980,2346,1965

2284689805,1987,2339,1965

2284690805,2019,2343,1969

2284691805,1979,2339,1957

2284692805,1987,2371,1959

2284693805,1999,2352,1953

2284694805,1985,2339,1941

2284705453,1989,2341,1958

2284706805,1995,2345,1952

2284707805,1990,2340,1953

2284708805,1986,2339,1955

2284709805,1983,2336,1947

2284710805,1985,2343,1955

2284711805,1987,2339,1961

2284723801,1991,2337,1978

2284724805,1984,2331,1979

2284725805,1995,2332,1983

2284726805,1974,2333,1987

2284727805,1985,2322,1986

2284728805,1989,2331,1990

2284729805,1989,2320,1991

2284730805,1986,2320,1999

2284742801,1995,2313,2006

2284743805,1981,2305,2003

2284744805,1984,2320,2013

2284745805,1998,2319,2013

2284746805,1995,2325,2006

2284747805,1993,2315,2006

2284748805,1984,2309,2013

2284749805,1991,2313,2007

2284761801,1987,2315,2013

2284762805,1983,2310,2021

2284763805,1995,2312,2005

2284764805,1967,2313,2015

2284765805,1989,2305,2021

2284766805,1990,2311,2015

2284767805,1988,2314,2010

2284768805,1990,2311,2013

2284780801,1985,2326,2000

2284781805,1987,2321,1997

2284782805,1985,2321,1993

2284783805,1991,2321,1995

2284784805,1987,2323,1989

2284785805,1981,2336,1981

2284786805,1985,2331,1979

2284787805,1984,2281,1986

2284799801,1990,2340,1971

2284800805,1984,2342,1965

2284801805,1983,2345,1959

2284802805,2019,2335,1968

2284803805,1990,2345,1961

2284804805,1985,2339,1962

2284805805,1984,2342,1965

2284806805,1988,2346,1956

2284818801,1990,2349,1966

2284819805,1984,2345,1961

2284820805,1990,2342,1950

2284821805,1985,2347,1968

2284822805,1986,2337,1946

2284823805,1987,2347,1968

2284824805,1987,2340,1921

2284825805,1985,2341,1968

2284837801,1988,2319,1982

2284838805,1989,2330,1984

2284839805,1994,2326,1987

2284840805,1989,2333,1984

2284841805,1986,2330,1986

2284842805,1997,2330,1993

2284843805,1983,2327,1991

2284844805,1999,2323,1997

05,1984,2329,1986

2320062805,1985,2327,1979

2320063805,1983,2385,2327,1979

2320063805,1983,2385,2327,1979

2320063805,1983,2385,2327,1979

2320063805,1983,2385,2327,1979

2320063805,1983,2385,2327,1979

2320063805,1983,2385,2327,1979

2320063805,1983,2385,2327,1979

2320063805,1983,2385,2327,1979

2320063805,1983,2385,2327,1979

2320063805,1983,2385,2327,1979

2320063805,1983,2385,2327,1979

2320063805,1983,2385,2327,1979

2320063805,1983,2385,2327,1979

2320063805,1983,2385,2327,1979

2320063805,1983,2385,2327,1979

2320063805,1983,2385,2327,1979

2320063805,1983,2385,2327,1979

2320063805,1983,2385,2327,1979

2320063805,1983,2385,2327,1979

2320063805,1983,2385,2327,1979

2320063805,1983,2385,2327,1979

2320063805,1983,2385,2327,1979

2320063805,1983,2385,2327,1979

2320063805,1983,2385,2327,1979

2320063805,1983,2385,2327,1979

2320063805,1983,2385,2327,1979

2320063805,1983,2385,2327,1979

2320063805,1983,2385,2327,1979

2320063805,1983,2385,2327,1979

2320063805,1983,2385,2327,1979

2320063805,1983,2385,2327,1979

2320063805,1983,2385,2327,1979

2320063805,1983,2385,2327,1979

2320063805,1983,2385,2327,1979

2320063805,1983,2385,2327,1979

2320063805,1983,2385,2327,1979

2320063805,1983,2385,2327,1979

2320063805,1983,2385,2327,1979

2320063805,1983,2333,1984

2320064805,1983,2326,1933,1984

2320064805,1983,2326,1933,1984

2320064805,1983,2326,1933,1984

2320064805,1983,2326,1933,1984

2320064805,1983,2326,1933,1984

2320064805,1983,2326,1933,1984

2320064805,1983,2326,1933,1984

2320064805,1983,2326,1933,1984

2320064805,1983,2326,1933,1984

2320064805,1983,2326,1933,1984

2320064805,1983,2326,1933,1984

2320064805,1983,2326,1933,1984

2320064805,1983,2326,1933,1984

2320064805,1983,2326,1933,1984

2320064805,1983,2326,1933,1984

2320064805,1983,2326,1933,1984

2320064805,1983,2326,1933,1984

2320064805,1983,2326,1933,1984

2320064805,1983,2326,1933,1984

2320064805,1983,2326,1933,1984

2320064805,1983,2326,1933,1984

2320064805,1983,2326,1933,1984

2320064805,1983,2326,1933,1984

2320064805,1983,2326,1933,1984

2320064805,1983,2326,1933,1984

2320064805,1983,2326,1933,1984

2320064805,1983,2326,1933,1984

2320064805,1983,2326,1933,1984

2320064805,1983,2326,1933,1984

2320064805,1983,2326,1933,1984

2320064805,1983,2326,1933,1984

2320064805,1983,2326,1933,1984

2320064805,1983,2326,1933,1984

2320064805,1983,2326,1985

2320065805,1988,2334,1983

2320066805,1987,2325,1983

2320067805,1988,2330,1985

2320079801,1988,2331,1984

2320080805,1989,2330,2010

2320081805,2000,2337,1978

2320082805,2030,2329,1987

2320083805,1968,2322,1984

2320084805,2000,2326,1993

2320085805,1989,2323,1985

2320086805,1979,2328,1990

2320098801,1991,2319,1987

2320099805,2080,2333,1993

2320100805,1971,2329,1988

2320101805,1957,2325,1990

2320102805,1905,2317,1983

2320103805,2000,2326,1997

2320104805,2025,2326,2002

2320105805,1923,2320,1982

2320117801,1984,2327,1986

2320118805,1975,2336,1977

2320119805,1956,2321,1981

2320120805,1973,2336,1983

2320121805,1984,2330,1954

2320122805,1973,2326,1998

2320123805,1984,2326,2001

2320124805,2010,2334,1965

2320136801,1990,2330,1989

2320137805,1986,2323,1979

2320138805,1993,2335,1987

2320139805,1968,2320,1986

2320140805,1985,2323,1984

2320141805,1994,2320,2055

2320142805,1992,2321,1988

2320143805,1990,2332,1985

2320155801,1985,2337,1971

2320156805,1990,2329,2009

2320157805,1984,2330,1963

2320158805,1991,2335,1979

2320159805,1987,2330,1984

2320160805,1992,2325,1949

2320161805,1985,2323,1987

2320162805,1989,2330,1975

2320174801,1984,2326,1995

2320175805,1986,2332,1994

2320176805,1989,2320,1999

2320177805,1985,2330,1983

2320178805,1985,2327,1993

2320179805,1986,2335,1986

2320180805,1989,2320,1984

2320181805,1983,2325,1982

2320193801,1986,2332,1982

2320194805,1973,2319,1981

2320195805,1989,2332,1984

2320196805,1996,2323,1984

2320197805,1984,2325,1986

2320198805,1991,2329,1990

2320199805,1984,2333,1983

2320200805,1994,2331,1986

2320212801,1966,2326,1991

2320213805,1984,2324,1990

2320214805,1999,2331,1995

2320215805,1985,2323,1990

2320216805,1987,2320,1987

2320217805,1984,2320,1982

2320218805,1995,2327,1984

2320219805,1986,2323,1983

2320231801,1981,2333,1966

2320232805,1984,2329,1984

2320233805,1983,2330,1984

2320234805,1983,2333,1986

2320235805,1993,2326,1988

2320236805,1991,2321,1985

2320237805,1990,2331,1985

2320238805,1985,2333,1987

2320250801,1971,2327,1990

2320251805,1985,2320,1983

2320252805,1994,2336,1979

2320253805,1989,2329,1989

2320254805,1985,2321,1984

2320255805,1983,2333,1981

2320256805,1984,2331,1990

2320257805,1987,2335,1984

2320269801,1983,2326,1983

2320270805,1999,2333,1991

2320271805,1990,2319,1984

2320272805,1995,2333,1990

2320273805,1990,2320,1987

2320274805,1973,2320,1989

2320275805,1995,2323,1991

2320276805,1994,2331,1984

2320288801,2001,2327,1984

2320289805,1990,2319,1989

2320290805,1983,2320,1994

2320291805,1999,2322,1984

2320292805,1989,2323,1994

2320293805,1990,2331,1989

2320294805,1986,2323,1987

2320295805,2007,2338,1983

2320307801,2001,2331,1996

2320308805,2015,2326,1983

2320309805,2003,2324,1986

2320310805,1978,2330,1979

2320311805,1985,2322,1983

2320312805,2007,2330,1949

2320313805,1999,2326,1990

2320314805,1966,2325,1984

2320326801,1919,2335,1984

2320327805,2027,2327,1983

2320328805,1969,2321,1983

2320329805,1978,2323,1993

2320330805,1995,2330,1984

2320331805,1973,2336,1979

2320332805,1953,2327,1982

2320333805,1971,2321,1983

2320345801,1984,2326,1986

2320346805,1988,2321,1979

2320347805,1951,2320,1991

2320348805,1997,2334,1983

2320349805,1968,2323,1981

2320350805,1998,2322,1995

2320351805,1993,2334,1983

2320352805,1989,2330,1975

2320364801,1995,2335,1974

2320365805,1985,2324,1975

2320366805,1999,2327,1990

2320367818,2006,2327,1987

2320368805,1973,2326,2035

2320369805,2000,2325,1989

2320370805,1971,2327,1981

2320371805,2023,2329,1984

2320383801,1985,2320,1956

2320384805,2010,2329,1985

2320385805,2011,2331,1984

2320386805,2039,2321,1981

2320387805,1985,2329,1988

2320388805,1968,2327,1985

2320389805,1987,2323,1978

2320390805,1987,2324,1985

2320402801,2000,2327,1983

2320403805,1984,2334,1988

2320404805,1922,2334,1989

2320405805,1957,2320,1995

2320406805,1968,2320,1990

2320407805,2027,2330,1992

2320408805,1979,2335,1981

2320409805,1998,2320,1986

2320421801,1985,2322,2026

2320422805,2003,2321,1979

2320423816,1989,2330,1982

2320424805,2000,2330,1985

2320425805,2007,2330,1981

2320426805,1988,2324,1989

2320427805,1997,2314,1987

2320428805,1974,2320,1987

2320440801,1986,2320,1980

2320441805,1984,2326,1985

2320442805,1984,2333,1985

2320443805,1990,2320,1989

2320444805,1984,2327,1983

2320445805,1991,2320,2000

2320446805,1986,2326,1983

2320447805,1993,2323,1984

2320459801,1990,2326,1977

2320460805,1983,2323,1984

2320461805,1987,2315,1990

2320462805,1990,2319,1984

2320463805,1990,2322,1995

2320464805,1994,2333,1968

2320465805,1988,2337,1983

2320466805,1989,2321,1984

2320478801,1991,2334,1987

2320479842,1985,2329,1983

2320480805,1990,2327,1983

2320481805,2017,2331,1987

2320482805,1978,2326,1984

2320483805,1975,2322,1985

2320484805,1995,2333,1991

2320485805,1985,2323,1993

2320497801,1987,2320,2066

2320498805,1991,2333,1983

2320499805,1987,2330,1989

2320500805,2003,2325,1993

2320501805,1996,2337,1984

2320502805,1985,2326,1985

2320503805,1987,2334,1967

2320504805,1991,2327,1989

2320516801,1997,2334,1989

2320517805,1995,2326,1983

2320518805,1984,2336,1984

2320519805,2019,2331,1984

2320520805,1984,2334,1991

2320521805,1984,2323,1978

2320522805,1985,2326,1985

2320523805,1989,2330,1984

2320535801,1990,2327,1983

2320536805,1990,2325,1998

2320537805,1987,2327,1985

2320538805,1988,2335,1983

2320539805,1987,2334,1990

2320540805,1987,2336,1982

2320541805,1991,2326,1984

2320542805,1984,2337,1987

2320553801,1984,2325,1991

2320554805,1995,2331,1995

2320555805,1986,2334,1989

2320556805,1984,2334,1984

2320557805,1986,2320,1989

2320558805,1979,2321,1990

2320559805,1986,2333,1981

2320560805,1991,2329,1990

2320572801,1969,2326,1982

2320573805,1990,2327,1988

2320574805,1988,2321,1986

2320575805,1990,2333,1991

2320576805,1984,2324,1983

2320577805,2005,2329,1985

2320578805,1989,2327,1989

2320579805,1984,2325,1985

2320591801,1985,2334,1985

2320592805,1995,2321,1988

2320593805,1986,2326,1984

2320594805,1989,2322,1988

2320595805,1981,2329,1993

2320596805,1994,2319,1990

2320597805,1984,2333,1993

2320598805,1990,2320,1984

2320609453,1987,2325,1989

2320610805,1991,2327,1983

2320611805,1986,2320,1977

2320612805,1986,2318,1987

2320613805,1987,2324,1984

2320614805,1988,2329,1979

2320615805,1986,2331,1983

2320627801,1984,2329,1988

2320628805,1994,2333,1987

2320629805,1984,2323,1987

2320630805,1986,2322,1993

2320631805,1985,2324,1989

2320632805,1981,2321,1987

2320633805,1988,2329,1984

2320634805,1997,2321,1986

2320646801,1987,2323,1991

2320647805,1991,2322,1977

2320648805,1990,2327,1986

2320649805,1975,2320,1989

2320650805,1981,2320,1986

2320651805,1981,2322,1987

2320652805,1973,2333,1986

2320653805,1986,2330,1984

2320665801,1979,2321,1975

2320666805,1994,2322,1984

2320667805,1978,2320,1983

2320668805,2000,2333,1989

2320669805,1996,2330,1984

2320670805,1989,2320,1990

2320671805,1997,2321,1989

2320672805,1984,2333,1990

2320684801,1997,2327,1996

2320685805,1979,2336,1990

2320686805,1979,2329,1991

2320687805,1983,2330,1985

2320688805,1996,2336,1989

2320689805,1984,2333,1984

2320690805,1989,2323,1981

2320691805,1994,2320,1983

2320703801,1988,2320,1989

2320704805,1993,2320,1991

2320705805,1989,2331,1993

2320706805,1993,2329,1986

2320707805,1988,2341,1982

2320708805,1994,2322,1994

2320709805,1981,2320,1983

2320710805,1984,2325,1997

2320721801,1979,2319,1989

2320722805,1983,2325,1990

2320723805,1997,2327,1982

2320724805,1980,2322,1994

2320725805,2004,2339,1982

2320726805,1974,2329,1983

2320727805,2004,2327,1989

2320728805,1968,2327,1990

2320740801,1987,2321,1987

2320741805,2017,2330,1984

2320742805,1994,2319,2038

2320743805,1975,2326,1982

2320744805,1981,2331,1982

2320745805,1985,2327,1989

2320746805,1994,2331,1991

2320747805,1995,2329,1983

2320759801,1984,2335,1987

2320760805,1989,2335,1983

2320761805,1985,2333,1985

2320762805,1983,2337,1985

2320763805,1977,2333,1991

2320764805,1990,2332,1995

2320765805,1983,2320,1983

2320766805,1985,2325,1988

2320777451,1986,2318,1986

2320778805,1989,2330,1988

2320779805,1984,2325,1989

2320780805,1991,2325,1984

2320781805,1989,2323,1991

2320782805,1983,2322,1991

2320783805,1998,2340,1987

2320795801,1987,2339,2002

2320796805,1980,2325,1984

2320797805,1986,2341,1975

2320798805,1968,2331,1984

2320799805,1985,2326,1985

2320800805,1985,2333,1985

2320801805,1994,2333,1993

2320802805,1990,2325,1985

2320814801,1993,2331,1983

2320815805,1994,2335,1989

2320816805,1978,2326,1989

2320817805,1979,2323,1957

2320818805,1984,2321,1982

2320819805,1989,2332,1986

2320820805,1988,2321,1980

2320821805,1988,2330,1985

2320833801,1969,2337,1985

2320834805,1985,2322,1984

2320835805,1983,2327,1983

2320836805,1968,2325,1986

2320837805,1991,2323,1993

2320838805,1989,2320,1983

2320839805,1985,2325,1992

2320840805,1991,2332,1981

2320852801,1988,2321,1984

2320853805,1990,2320,1983

2320854805,1985,2333,1982

2320855805,2007,2329,1984

2320856805,1989,2331,1986

2320857805,1984,2331,1993

2320858805,1993,2332,1997

2320859805,1989,2325,1989

2320871801,1989,2323,2002

2320872805,1997,2330,1984

2320873805,1989,2320,1984

2320874805,1989,2325,1999

2320875805,1987,2324,1990

2320876805,1988,2331,1983

2320877805,1989,2320,1975

2320878805,1984,2337,1990

2320889801,1985,2330,1989

2320890805,1992,2322,2001

2320891805,1979,2325,1984

2320892805,1981,2321,1986

2320893805,1982,2326,1980

2320894805,1977,2329,1989

2320895805,1986,2331,1982

2320896805,1988,2330,1989

2320908801,1989,2331,1991

2320909805,1988,2331,1984

2320910805,1993,2321,1980

2320911805,1986,2331,1977

2320912805,1990,2330,1978

2320913805,1985,2327,1984

2320914805,1986,2320,1997

2320915805,1987,2325,1983

2320927801,1983,2335,1987

2320928805,1984,2331,1981

2320929805,1991,2322,1984

2320930805,1990,2326,1982

2320931805,1987,2326,1982

2320932805,1988,2323,1988

2320933805,1986,2324,1989

2320934805,1991,2322,1989

2320945453,1996,269,2287

2320946805,2042,161,2263

2320947805,2019,207,2368

2320948805,1899,629,2487

2320949805,1840,599,2541

2320950805,1936,929,2512

2320951805,1840,1121,2501

2320952805,1974,1381,2351

2320963801,1891,2711,1824

2320964805,1991,3017,1637

2320965805,1917,3306,1730

2320966805,1823,3526,1843

2320967805,1839,3726,1840

2320968805,1849,3887,1740

2320969805,1968,4003,1557

2320981801,1958,3312,1456

2320982805,1970,3545,1456

2320983805,1903,3744,1505

2320984805,1840,3915,1632

2320985805,1840,4050,1663

2320986805,1925,4095,1474

2320987805,1968,4095,1424

2320988805,1950,4095,1435

2321000801,1911,2160,1551

2321001805,1905,2379,1741

2321002805,1803,2720,1817

2321003805,1886,2861,1757

2321004805,1856,3109,1648

2321005805,1880,3258,1472

2321006805,1923,2786,1551

2321007805,1867,2529,1743

2321019801,1951,539,2261

2321020805,1927,764,2344

2321021805,1911,1099,2247

2321022805,1958,1369,2096

2321023805,2020,1016,2041

2321024805,2001,788,2122

2321025805,1943,543,2325

2321026805,1895,368,2427

2321027805,1957,239,2359

2321038801,1870,1077,2694

2321039805,1903,1544,2547

2321040805,1967,1392,2380

2321041805,2000,1261,2345

2321042805,1949,1073,2493

2321043805,1905,794,2608

2321044805,1882,626,2672

2321055801,1773,2435,2582

2321056805,1780,2814,2474

2321057805,1828,3008,2267

2321058805,1906,3177,2112

2321059805,1902,3209,2099

2321060805,1866,3038,2215

2321061805,1852,2864,2352

2321062805,1797,2608,2359

2321074801,1858,4095,1871

2321075805,1915,4095,1719

2321076805,1949,4095,1618

2321077805,1936,4095,1629

2321078805,1904,4095,1739

2321079805,1836,4095,1826

2321080805,1857,3637,1806

2321081805,1924,3431,1657

2321093801,1939,4095,1318

2321094805,1941,4095,1202

2321095805,1935,4095,1253

2321096805,1854,4095,1378

2321097805,1819,3440,1463

2321098805,1853,3052,1424

2321099805,1909,2940,1328

2321100805,1949,2858,1279

2321112801,1918,2981,1115

2321113805,1879,2525,1277

2321114805,1840,1899,1485

2321115805,1835,1407,1591

2321116805,1872,1140,1584

2321117805,1926,847,1546

2321118805,1936,782,1590

2321119805,1936,848,1711

2321130801,1999,579,1798

2321131805,2001,398,1973

2321132805,1982,271,2161

2321133805,1973,177,2262

2321134805,1997,97,2231

2321135805,2058,48,2234

2321136805,2046,14,2343

2321137805,2032,0,2443

2321138805,1968,158,2544

2321149801,2025,112,2723

2321150805,1978,49,2887

2321151805,1947,18,2919

2321152805,1983,0,2873

2321153805,2017,0,2838

2321154805,1987,42,2911

2321155805,1905,421,3008

2321156805,1838,934,3008

2321167801,1894,1264,2853

2321168805,1811,1296,2929

2321169805,1829,1379,2864

2321170805,1872,1559,2762

2321171805,1889,1835,2700

2321172805,1836,2286,2717

2321173805,1789,2706,2747

2321174805,1771,3026,2654

2321186801,1778,3359,2288

2321187805,1842,3575,2151

2321188805,1894,3859,1982

2321189805,1903,3952,1927

2321190805,1880,4090,1924

2321191805,1884,4095,1913

2321192805,1879,4095,1839

2321193805,1921,4095,1690

2321205801,1901,3904,1371

2321206805,1941,4070,1252

2321207805,1926,4095,1264

2321208805,1922,4095,1275

2321209805,1902,4095,1275

2321210805,1921,4095,1179

2321211805,1956,4095,1010

2321212805,1975,4095,910

2321223801,1920,2258,1210

2321224805,1955,2509,1141

2321225805,1955,2674,1141

2321226805,1909,2722,1225

2321227805,1875,2757,1237

2321228805,1878,2733,1168

2321229805,1936,2699,1047

2321241801,1997,627,1815

2321242805,2041,815,1776

2321243805,2007,956,1856

2321244805,1904,1058,1961

2321245805,1923,1072,1986

2321246805,1958,1087,1936

2321247805,1997,877,1892

2321248805,1993,605,1937

2321249805,2000,448,2112

2321260801,1995,848,2640

2321261805,1962,1133,2701

2321262805,1910,1337,2769

2321263805,1892,1386,2740

2321264805,1918,1356,2709

2321265805,1964,1130,2672

2321266805,1984,898,2738

2321277451,1873,2074,2885

2321278805,1890,2640,2780

2321279805,1843,3033,2801

2321280805,1809,3197,2821

2321281805,1809,3247,2768

2321282805,1867,3056,2657

2321283805,1904,2859,2621

2321284805,1904,2748,2672

2321296801,1904,4038,2078

2321297805,1883,4095,2066

2321298805,1872,4095,2040

2321299805,1875,4095,1953

2321300805,1918,4095,1847

2321301805,1948,4095,1806

2321302805,1924,4095,1879

2321303805,1883,3917,1968

2321315801,1920,4095,1267

2321316805,1904,4095,1226

2321317805,1926,4095,1135

2321318805,1957,4095,1016

2321319805,1923,3794,985

2321320805,1935,3359,1100

2321321805,1915,3101,1188

2321322805,1907,2875,1203

2321334801,1904,2967,849

2321335805,1912,2659,848

2321336805,1933,2245,859

2321337805,1947,1826,961

2321338805,1945,1424,1106

2321339805,1927,1133,1237

2321340805,1918,1018,1277

2321341805,1943,1047,1227

2321353801,1965,635,1648

2321354805,2007,402,1715

2321355805,2033,299,1857

2321356805,2003,182,2070

2321357805,1979,119,2192

2321358805,1963,20,2224

2321359805,2000,66,2178

2321360805,2039,160,2159

2321361805,2029,343,2209

2321373801,2013,98,2971

2321374805,1952,73,3152

2321375805,1919,150,3238

2321376805,1909,301,3188

2321377805,1931,519,3116

2321378805,1943,816,3047

2321379805,1925,1213,3071

2321380805,1879,1622,3124

2321381805,1858,1941,3104

2321393801,1821,1927,3329

2321394805,1825,2199,3174

2321395805,1851,2541,3002

2321396805,1881,2894,2878

2321397805,1854,3185,2861

2321398805,1808,3431,2839

2321399805,1795,3658,2783

2321400805,1840,3861,2640

2321412801,1863,3936,2146

2321413805,1904,4075,1970

2321414805,1920,4095,1877

2321415805,1902,4095,1847

2321416805,1891,4095,1803

2321417805,1913,4095,1726

2321418805,1945,4095,1567

2321419805,1942,4095,1460

2321431801,1970,4095,848

2321432805,1977,4095,802

2321433805,1971,4095,803

2321434805,1942,4095,790

2321435805,1941,4095,726

2321436805,1965,4095,649

2321437805,1971,3772,627

2321438805,1968,3280,689

2321439805,1950,2851,793

2321451801,1946,2571,767

2321452805,1947,2448,833

2321453805,1959,2258,838

2321454805,1979,1968,848

2321455805,1985,1604,925

2321456805,1956,1197,1063

2321457805,1969,871,1218

2321458805,1966,634,1319

2321470801,1942,1104,1921

2321471805,1954,891,1965

2321472805,1997,631,2015

2321473805,2019,434,2173

2321474805,2002,289,2320

2321475805,1969,187,2480

2321476805,1955,109,2575

2321477805,1984,58,2592

2321478805,2010,12,2597

2321490801,1950,1031,3138

2321491805,1965,832,3247

2321492805,1920,777,3399

2321493805,1875,767,3523

2321494805,1886,787,3547

2321495805,1901,910,3478

2321496805,1919,1113,3422

2321497805,1904,1462,3399

2321508801,1891,2496,3133

2321509805,1881,2458,3166

2321510805,1854,2416,3219

2321511805,1829,2468,3214

2321512805,1829,2576,3117

2321513805,1845,2799,2958

2321514805,1878,3099,2843

2321515805,1863,3319,2783

2321527801,1909,3437,2021

2321528805,1872,3395,2013

2321529805,1865,3472,1949

2321530805,1889,3617,1813

2321531805,1920,3792,1647

2321532805,1925,4000,1520

2321533805,1909,4095,1471

2321534805,1914,4095,1424

2321546801,1958,2686,883

2321547805,1961,2769,846

2321548805,1968,2943,734

2321549805,1985,3123,654

2321550805,1994,3309,594

2321551805,1982,3472,592

2321552805,1991,3569,594

2321553805,1962,3617,560

2321554805,1961,3530,496

2321566801,1997,1534,857

2321567805,2001,1665,854

2321568805,2031,1754,881

2321569805,2000,1822,944

2321570805,1971,1885,1013

2321571805,1962,1851,1042

2321572805,1989,1712,1067

2321573805,2004,1523,1104

2321585801,1997,1007,2112

2321586805,1973,1155,2182

2321587805,1936,1296,2288

2321588805,1935,1389,2374

2321589805,1940,1343,2405

2321590805,1962,1185,2446

2321591805,1973,1005,2519

2321592805,1969,821,2654

2321604801,1889,2111,3302

2321605805,1872,2291,3380

2321606805,1859,2288,3408

2321607805,1856,2211,3356

2321608805,1903,2086,3377

2321609805,1925,1959,3408

2321610805,1906,1867,3520

2321611805,1875,1765,3650

2321623801,1838,3833,3061

2321624805,1840,3787,3018

2321625805,1869,3664,2935

2321626805,1936,3434,2864

2321627805,1872,3265,2855

2321628805,1863,3139,2863

2321629805,1861,2923,2848

2321630805,1858,2931,2787

2321642801,1904,4095,1683

2321643805,1915,4016,1584

2321644805,1927,3753,1511

2321645805,1939,3449,1472

2321646805,1915,3227,1471

2321647805,1919,3100,1439

2321648805,1918,3063,1360

2321649805,1941,3145,1245

2321661801,1985,2875,531

2321662805,2000,2593,507

2321663805,1999,2327,560

2321664805,1967,2126,608

2321665805,1975,2035,609

2321666805,1994,2035,592

2321667805,2000,2110,530

2321668805,2003,2173,503

2321669805,2014,2234,506

2321681801,2026,830,949

2321682805,2006,769,1071

2321683805,2000,769,1147

2321684805,1995,837,1171

2321685805,2014,937,1200

2321686805,2029,1113,1232

2321687805,2000,1262,1326

2321688805,1973,1431,1408

2321699801,1978,363,2421

2321700805,1947,429,2543

2321701805,1942,557,2612

2321702805,1952,720,2640

2321703805,1963,923,2659

2321704805,1949,1183,2716

2321705805,1937,1437,2783

2321706805,1914,1638,2874

2321717801,1903,1243,3724

2321718805,1877,1411,3794

2321719805,1878,1616,3781

2321720805,1882,1862,3716

2321721805,1895,2173,3639

2321722805,1879,2461,3637

2321723805,1863,2708,3651

2321724805,1856,2878,3631

2321735450,1857,2539,3392

2321736805,1842,2806,3321

2321737805,1833,3060,3193

2321738805,1857,3321,3024

2321739805,1873,3561,2899

2321740805,1870,3750,2819

2321741805,1849,3921,2759

2321752801,1908,3148,1995

2321753805,1879,3329,1952

2321754805,1883,3536,1839

2321755805,1906,3749,1680

2321756805,1929,3801,1513

2321757805,1925,4065,1384

2321758805,1936,4095,1313

2321770801,2000,2630,703

2321771805,1982,2751,672

2321772805,1995,2905,611

2321773805,1981,3067,507

2321774805,2018,3152,415

2321775805,2033,3179,368

2321776805,2007,3126,362

2321777805,1998,3027,373

2321778805,2001,2864,355

2321790821,2001,1886,685

2321791805,2022,1982,673

2321792805,2031,2016,687

2321793805,2015,2001,740

2321794805,2005,1953,823

2321795805,1990,1845,891

2321796805,1986,1667,975

2321797805,1996,1427,1038

2321808801,1943,1519,2036

2321809805,1945,1616,2078

2321810805,1970,1675,2131

2321811805,1955,1686,2232

2321812805,1943,1648,2337

2321813805,1927,1531,2438

2321814805,1928,1358,2530

2321815805,1951,1185,2617

2321826451,1877,2143,3408

2321827805,1903,2319,3387

2321828805,1904,2376,3415

2321829805,1902,2378,3499

2321830805,1885,2304,3578

2321831805,1886,2183,3665

2321832805,1894,2034,3697

2321843801,1851,3230,3519

2321844805,1872,3404,3380

2321845805,1872,3504,3275

2321846805,1856,3493,3219

2321847805,1874,3388,3203

2321848805,1879,3227,3214

2321849805,1863,3054,3151

2321850805,1876,2907,3095

2321862801,1898,4095,1986

2321863805,1904,4095,1876

2321864805,1923,3912,1808

2321865805,1911,3621,1766

2321866805,1905,3344,1731

2321867805,1907,3152,1655

2321868805,1929,2993,1575

2321869805,1943,2879,1491

2321880801,2003,3442,570

2321881805,2000,3223,508

2321882805,2000,2969,509

2321883805,2000,2717,501

2321884805,2000,2507,518

2321885805,2011,2320,487

2321886805,2002,2158,464

2321887805,2021,2035,463

2321898801,2046,2227,341

2321899805,2054,2012,389

2321900805,2036,1808,480

2321901805,2025,1613,583

2321902805,2010,1419,656

2321903805,2022,1283,718

2321904805,2039,1159,771

2321905805,2038,1124,849

2321917801,1983,1402,1693

2321918805,1957,1257,1851

2321919805,1955,1117,1993

2321920805,1952,1014,2117

2321921805,1958,923,2211

2321922805,1968,933,2295

2321923805,1957,1023,2399

2321924805,1939,1175,2499

2321935801,1928,1685,3270

2321936805,1904,1581,3418

2321937805,1904,1503,3563

2321938805,1905,1470,3632

2321939805,1919,1498,3687

2321940805,1915,1637,3744

2321941805,1901,1803,3792

2321942805,1889,2014,3863

2321954801,1887,2348,3798

2321955805,1871,2298,3803

2321956805,1872,2326,3725

2321957805,1874,2448,3613

2321958805,1883,2615,3511

2321959805,1881,2786,3435

2321960805,1867,2987,3350

2321961805,1867,3200,3232

2321973801,1889,2710,2321

2321974805,1900,2775,2205

2321975805,1915,2877,2094

2321976805,1925,3015,1968

2321977805,1914,3174,1869

2321978805,1905,3344,1757

2321979805,1918,3536,1638

2321980805,1929,3685,1469

2321992801,1990,2429,723

2321993805,2011,2511,641

2321994805,2027,2608,575

2321995805,2013,2713,528

2321996805,2004,2832,471

2321997805,2018,2899,400

2321998805,2032,2894,333

2321999805,2032,2832,291

2322000805,2035,2705,272

2322012801,2041,1972,479

2322013805,2034,2091,523

2322014805,2021,2178,566

2322015805,2014,2211,589

2322016805,2021,2175,608

2322017805,2033,2073,666

2322018805,2023,1953,752

2322019805,2001,1808,866

2322031801,1939,1975,1902

2322032805,1939,2032,1986

2322033805,1951,2034,2066

2322034805,1942,1991,2127

2322035805,1941,1927,2227

2322036805,1936,1824,2367

2322037805,1927,1685,2489

2322038805,1917,1535,2611

2322050801,1884,2492,3433

2322051805,1895,2483,3472

2322052805,1905,2435,3524

2322053805,1910,2368,3609

2322054805,1903,2256,3728

2322055805,1894,2128,3838

2322056805,1897,2021,3919

2322057805,1904,1982,3967

2322069801,1878,3091,3425

2322070805,1891,2987,3365

2322071805,1902,2855,3339

2322072805,1881,2710,3327

2322073805,1872,2598,3293

2322074805,1886,2533,3234

2322075805,1894,2506,3149

2322076805,1889,2534,3056

2322088801,1936,2985,1898

2322089805,1935,2802,1840

2322090805,1931,2646,1798

2322091805,1929,2545,1745

2322092805,1935,2494,1648

2322093805,1951,2480,1549

2322094805,1958,2495,1441

2322095805,1966,2573,1354

2322107801,2029,2215,537

2322108805,2034,2091,521

2322109805,2023,2010,506

2322110805,2030,1981,464

2322111805,2038,1972,416

2322112805,2061,2031,396

2322113805,2042,2128,365

2322114805,2032,2254,349

2322115805,2032,2363,321

2322127801,2025,1498,710

2322128805,2031,1513,742

2322129805,2025,1581,793

2322130805,2015,1703,846

2322131805,2005,1840,906

2322132805,1986,1968,978

2322133805,1986,2082,1011

2322134805,1994,2135,1064

2322145801,1936,1483,2203

2322146805,1950,1584,2259

2322147805,1936,1717,2329

2322148805,1931,1882,2407

2322149805,1921,2035,2496

2322150805,1909,2176,2567

2322151805,1918,2263,2622

2322152805,1915,2326,2686

2322164801,1902,2126,3674

2322165805,1904,2294,3706

2322166805,1904,2451,3733

2322167805,1894,2603,3762

2322168805,1886,2702,3783

2322169805,1887,2786,3767

2322170805,1904,2814,3740

2322171805,1902,2795,3745

2322183801,1884,2834,3367

2322184805,1890,2960,3280

2322185805,1882,3079,3211

2322186805,1879,3145,3106

2322187805,1885,3173,3002

2322188805,1894,3118,2914

2322189805,1909,3007,2852

2322190805,1904,2879,2807

2322201801,1931,2928,1825

2322202805,1942,3010,1728

2322203805,1930,3063,1630

2322204805,1936,3071,1519

2322205805,1950,3005,1423

2322206805,1962,2871,1338

2322207805,1962,2734,1266

2322208805,1972,2581,1232

2322220801,2019,2661,448

2322221805,2031,2640,408

2322222805,2035,2607,364

2322223805,2045,2492,336

2322224805,2045,2352,317

2322225805,2044,2202,325

2322226805,2059,2062,336

2322227805,2058,1923,357

2322239801,2017,2321,592

2322240805,2018,2231,656

2322241805,2033,2106,708

2322242805,2016,1974,794

2322243805,2002,1853,893

2322244805,1998,1751,996

2322245805,2000,1671,1095

2322246805,2000,1609,1177

2322247805,1988,1619,1251

2322259801,1936,2086,2253

2322260805,1924,1987,2375

2322261805,1927,1886,2493

2322262805,1920,1809,2599

2322263805,1914,1770,2693

2322264805,1913,1786,2782

2322265805,1906,1872,2847

2322266805,1920,1964,2928

2322277801,1907,2288,3636

2322278805,1911,2195,3706

2322279805,1905,2123,3798

2322280805,1891,2078,3877

2322281805,1904,2101,3919

2322282805,1902,2165,3922

2322283805,1901,2282,3909

2322295801,1904,2412,3375

2322296805,1909,2317,3326

2322297805,1904,2261,3283

2322298805,1899,2270,3231

2322299805,1894,2320,3149

2322300805,1904,2394,3041

2322301805,1907,2496,2933

2322302805,1899,2622,2842

2322314801,1943,2179,1838

2322315805,1957,2160,1771

2322316805,1947,2197,1680

2322317805,1962,2256,1576

2322318805,1968,2351,1463

2322319805,1979,2442,1351

2322320805,1973,2551,1250

2322321805,1974,2646,1167

2322333801,2038,1943,560

2322334805,2032,1998,509

2322335805,2041,2079,463

2322336805,2046,2157,413

2322337805,2060,2286,379

2322338805,2054,2384,353

2322339805,2047,2461,336

2322340805,2045,2489,334

2322341805,2063,2465,309

2322353801,2019,2086,805

2322354805,2018,2202,837

2322355805,2009,2333,882

2322356805,2000,2408,953

2322357805,1983,2449,1018

2322358805,1989,2448,1083

2322359805,1988,2406,1153

2322360805,1984,2342,1232

2322371801,1936,2317,2275

2322372805,1919,2439,2341

2322373805,1927,2533,2408

2322374805,1919,2589,2489

2322375805,1909,2593,2571

2322376805,1909,2573,2637

2322377805,1919,2517,2711

2322378805,1911,2433,2800

2322390801,1902,2697,3579

2322391805,1904,2742,3599

2322392805,1901,2758,3637

2322393805,1899,2731,3658

2322394805,1897,2676,3675

2322395805,1904,2593,3681

2322396805,1907,2466,3715

2322397805,1913,2363,3753

2322409801,1913,2769,3137

2322410805,1902,2736,3071

2322411805,1898,2688,2999

2322412805,1915,2583,2938

2322413805,1920,2445,2865

2322414805,1920,2320,2819

2322415805,1915,2224,2774

2322416805,1921,2154,2717

2322428801,1955,2537,1601

2322429805,1965,2448,1520

2322430805,1974,2310,1439

2322431805,1981,2199,1374

2322432805,1983,2085,1317

2322433805,1982,2013,1264

2322434805,1987,1971,1205

2322435805,2000,1968,1139

2322447801,2041,2223,464

2322448805,2053,2098,441

2322449805,2060,2005,437

2322450805,2059,1945,450

2322451805,2045,1910,461

2322452805,2045,1903,455

2322453805,2059,1935,463

2322454805,2064,2015,458

2322455805,2062,2117,451

2322467801,2013,2037,948

2322468805,1999,2005,1049

2322469805,1990,2006,1136

2322470805,1986,2032,1205

2322471805,1979,2111,1266

2322472805,1974,2223,1331

2322473805,1974,2339,1395

2322474805,1966,2455,1457

2322486801,1934,2149,2539

2322487805,1919,2160,2621

2322488805,1910,2239,2699

2322489805,1905,2336,2752

2322490805,1915,2453,2802

2322491805,1918,2555,2855

2322492805,1904,2641,2928

2322493805,1903,2695,2983

2322505801,1904,2240,3715

2322506805,1904,2335,3722

2322507805,1909,2433,3689

2322508805,1909,2528,3666

2322509805,1907,2603,3629

2322510805,1904,2661,3610

2322511805,1903,2695,3573

2322512805,1899,2690,3535

2322524801,1917,2291,2979

2322525805,1920,2373,2887

2322526805,1922,2436,2791

2322527805,1911,2497,2705

2322528805,1916,2531,2635

2322529805,1925,2535,2544

2322530805,1925,2477,2451

2322531805,1933,2397,2374

2322543801,1969,2319,1408

2322544805,1987,2384,1301

2322545805,1985,2423,1227

2322546805,1994,2429,1158

2322547805,1990,2389,1088

2322548805,2000,2322,1009

2322549805,2007,2224,960

2322550805,2021,2128,912

2322562801,2047,2476,461

2322563805,2058,2505,443

2322564805,2044,2475,446

2322565805,2058,2483,441

2322566805,2054,2343,445

2322567805,2055,2263,469

2322568805,2038,2192,522

2322569805,2037,2124,553

2322570805,2033,2075,589

2322582801,1985,2634,1127

2322583805,1975,2554,1209

2322584805,1973,2474,1284

2322585805,1971,2399,1375

2322586805,1968,2323,1471

2322587805,1965,2272,1575

2322588805,1957,2246,1659

2322589805,1959,2258,1758

2322601801,1918,2571,2651

2322602805,1914,2467,2694

2322603805,1920,2384,2822

2322604805,1910,2316,2904

2322605805,1903,2272,2992

2322606805,1904,2273,3057

2322607805,1908,2314,3120

2322608805,1904,2379,3165

2322620801,1914,2224,3571

2322621805,1920,2144,3542

2322622805,1915,2090,3600

2322623805,1906,2085,3619

2322624805,1914,2105,3573

2322625805,1915,2160,3539

2322626805,1905,2213,3481

2322627805,1906,2288,3430

2322639801,1941,1859,2762

2322640805,1926,1851,2703

2322641805,1936,1888,2638

2322642805,1937,1936,2543

2322643805,1939,2000,2459

2322644805,1939,2082,2363

2322645805,1939,2162,2273

2322646805,1941,2240,2181

2322658801,1989,1855,1319

2322659805,1994,1915,1242

2322660805,2000,1985,1157

2322661805,2015,2082,1072

2322662805,2005,2185,1006

2322663805,2006,2279,924

2322664805,2017,2339,864

2322665805,2016,2383,807

2322677801,2043,2223,583

2322678805,2043,2330,576

2322679805,2038,2432,565

2322680805,2039,2538,559

2322681805,2032,2624,577

2322682805,2032,2651,589

2322683805,2032,2663,614

2322684805,2033,2640,645

2322685805,2023,2603,657

2322697801,1978,2771,1381

2322698805,1970,2838,1439

2322699805,1965,2877,1504

2322700805,1951,2883,1583

2322701805,1955,2851,1633

2322702805,1958,2807,1735

2322703805,1945,2739,1809

2322704805,1938,2641,1919

2322716801,1914,2840,2768

2322717805,1917,2819,2831

2322718805,1916,2784,2881

2322719805,1915,2716,2945

2322720805,1910,2624,3003

2322721805,1923,2517,3066

2322722805,1917,2415,3138

2322723805,1917,2322,3216

2322735801,1906,2466,3373

2322736805,1909,2400,3373

2322737805,1923,2291,3362

2322738805,1921,2174,3344

2322739805,1925,2082,3399

2322740805,1925,1982,3312

2322741805,1920,1921,3298

2322742805,1919,1885,3248

2322754801,1936,2047,2479

2322755805,1941,1947,2416

2322756805,1957,1861,2363

2322757805,1952,1778,2304

2322758805,1965,1742,2242

2322759805,1957,1714,2186

2322760805,1962,1712,2107

2322761805,1968,1744,2022

2322773801,2007,1968,1150

2322774805,2002,1910,1113

2322775805,2016,1879,1008

2322776805,2017,1861,1015

2322777805,2016,1902,973

2322778805,2019,1949,929

2322779805,2019,2020,878

2322780805,2032,2122,822

2322792801,2038,2277,691

2322793805,2032,2275,717

2322794805,2029,2291,743

2322795805,2019,2328,765

2322796805,2021,2415,791

2322797805,2015,2510,800

2322798805,2013,2618,823

2322799805,2015,2707,855

2322800805,2007,2790,880

2322812801,1957,2576,1647

2322813805,1954,2629,1719

2322814805,1950,2704,1770

2322815805,1953,2791,1838

2322816805,1954,2859,1895

2322817805,1939,2921,1952

2322818805,1936,2967,2025

2322819805,1931,2970,2096

2322831801,1920,2505,2911

2322832805,1911,2575,2947

2322833805,1922,2623,2983

2322834805,1921,2702,3008

2322835805,1921,2679,3055

2322836805,1913,2675,3091

2322837805,1918,2642,3119

2322838805,1918,2594,3152

2322850801,1920,2176,3265

2322851805,1921,2209,3221

2322852805,1934,2240,3179

2322853805,1926,2243,3136

2322854805,1934,2217,3099

2322855805,1935,2169,3056

2322856805,1936,2081,3013

2322857805,1941,1993,2978

2322869801,1961,2013,2285

2322870805,1958,2034,2202

2322871805,1958,2043,2133

2322872805,1961,2027,2063

2322873805,1967,1968,1989

2322874805,1977,1909,1926

2322875805,1979,1840,1870

2322876805,1981,1781,1805

2322888801,2006,2301,1051

2322889805,2011,2286,1005

2322890805,2007,2265,953

2322891805,2023,2192,922

2322892805,2020,2183,891

2322893805,2017,2145,869

2322894805,2023,2111,880

2322895805,2032,2096,845

2322896805,2032,2105,831

2322908801,2011,2705,816

2322909805,2000,2671,831

2322910805,2009,2627,863

2322911805,2018,2585,929

2322912805,2000,2559,976

2322913805,2005,2549,1023

2322914805,1997,2577,1080

2322915805,1995,2634,1109

2322926801,1947,2886,1712

2322927805,1958,2803,1791

2322928805,1949,2736,1875

2322929805,1949,2681,1967

2322930805,1940,2643,2037

2322931805,1937,2634,2134

2322932805,1936,2659,2179

2322933805,1934,2713,2240

2322945801,1918,2407,2890

2322946805,1926,2331,2947

2322947805,1920,2285,2998

2322948805,1922,2254,3039

2322949805,1918,2254,3089

2322950805,1915,2277,3118

2322951805,1927,2297,3133

2322952805,1922,2336,3133

2322964801,1939,1771,3153

2322965805,1941,1746,3127

2322966805,1937,1751,3110

2322967805,1936,1776,3066

2322968805,1941,1813,3017

2322969805,1938,1857,2974

2322970805,1945,1910,2911

2322971805,1943,1953,2862

2322983801,1974,1600,2231

2322984805,1968,1654,2163

2322985805,1974,1721,2085

2322986805,1975,1788,2000

2322987805,1978,1873,1923

2322988805,1970,1943,1856

2322989805,1997,2005,1770

2322990805,1984,2032,1693

2323001801,2005,2001,1159

2323002805,2002,2091,1120

2323003805,2003,2188,1070

2323004805,2005,2289,992

2323005805,2017,2384,970

2323006805,2020,2453,959

2323007805,2019,2498,894

2323008805,2022,2513,865

2323019801,2015,2634,898

2323020805,2006,2731,907

2323021805,2002,2825,919

2323022805,2011,2919,932

2323023805,2001,2975,957

2323024805,2005,3012,976

2323025805,2002,3024,994

2323026805,2001,3022,1054

2323037801,1959,2941,1655

2323038805,1957,3003,1714

2323039805,1965,3070,1758

2323040805,1958,3106,1808

2323041805,1955,3115,1867

2323042805,1945,3102,1935

2323043805,1943,3053,2000

2323055801,1914,2669,2699

2323056805,1921,2674,2719

2323057805,1929,2671,2758

2323058805,1922,2661,2794

2323059805,1925,2625,2847

2323060805,1931,2571,2865

2323061805,1919,2483,2909

2323062805,1918,2399,2960

2323074801,1936,2077,3053

2323075805,1934,2066,2990

2323076805,1936,2037,3021

2323077805,1946,2000,2979

2323078805,1936,1939,2918

2323079805,1948,1863,2898

2323080805,1952,1776,2928

2323081805,1946,1690,2875

2323093801,1975,1845,2307

2323094805,1969,1840,2297

2323095805,1973,1813,2207

2323096805,1974,1773,2158

2323097805,1982,1715,2055

2323098805,1986,1664,2047

2323099805,1978,1638,2000

2323100805,1985,1616,1935

2323112801,2011,2224,1251

2323113805,2000,2210,1221

2323114805,2009,2179,1199

2323115805,2009,2160,1162

2323116805,2013,2151,1134

2323117805,2005,2153,1122

2323118805,2015,2174,1107

2323119805,2015,2215,1115

2323131801,2011,2795,946

2323132805,2012,2767,979

2323133805,2003,2738,1006

2323134805,2006,2731,1035

2323135805,2001,2734,1055

2323136805,2000,2751,1093

2323137805,2004,2773,1063

2323138805,1994,2857,1152

2323150801,1968,2923,1683

2323151805,1962,2864,1755

2323152805,1955,2831,1799

2323153805,1951,2803,1879

2323154805,1949,2810,1930

2323155805,1939,2832,1985

2323156805,1945,2864,2021

2323157805,1937,2907,2093

2323169801,1930,2350,2703

2323170805,1927,2305,2743

2323171805,1930,2274,2781

2323172805,1926,2270,2815

2323173805,1920,2285,2834

2323174805,1931,2305,2858

2323175805,1925,2321,2882

2323176805,1933,2323,2857

2323188801,1953,1654,2993

2323189805,1954,1664,2978

2323190805,1959,1693,2955

2323191805,1950,1734,2923

2323192805,1954,1760,2890

2323193805,1955,1781,2848

2323194805,1954,1807,2803

2323195805,1961,1820,2768

2323207801,1972,1600,2282

2323208805,1972,1657,2224

2323209805,1966,1731,2153

2323210805,1974,1792,2102

2323211805,1975,1855,2026

2323212805,1982,1897,1968

2323213805,1982,1915,1904

2323214805,1978,1911,1856

2323226801,2001,2240,1309

2323227805,2000,2333,1264

2323228805,2007,2413,1215

2323229805,2003,2471,1171

2323230805,2033,2523,1127

2323231805,2007,2535,1116

2323232805,2007,2549,1093

2323233805,2006,2530,1090

2323245801,2007,3040,1020

2323246805,2002,3100,1055

2323247805,1997,3137,1068

2323248805,1992,3129,1079

2323249805,1977,3111,1110

2323250805,2000,3066,1215

2323251805,1994,3029,1179

2323252805,1989,2999,1267

2323264801,1951,3203,1712

2323265805,1957,3148,1765

2323266805,1961,3090,1835

2323267805,1950,3023,1887

2323268805,1943,2944,1938

2323269805,1936,2858,2005

2323270805,1943,2786,2067

2323271805,1939,2723,2125

2323283801,1931,2487,2608

2323284805,1930,2407,2661

2323285805,1921,2310,2724

2323286805,1943,2215,2747

2323287805,1933,2119,2768

2323288805,1946,2038,2811

2323289805,1961,1991,2837

2323290805,1936,1953,2866

2323302801,1963,1703,2909

2323303805,1981,1637,2845

2323304805,1942,1571,2847

2323305805,1957,1504,2821

2323306805,1949,1469,2802

2323307805,1968,1453,2777

2323308805,1979,1467,2770

2323309805,1959,1489,2719

2323321801,1982,1582,2208

2323322805,1969,1561,2162

2323323805,2019,1574,2113

2323324805,1968,1594,2094

2323325805,1935,1642,2019

2323326805,1975,1696,2000

2323327805,1979,1779,1923

2323328805,1935,1847,1899

2323340801,2000,2198,1374

2323341805,1971,2241,1329

2323342805,2005,2302,1287

2323343805,1999,2365,1279

2323344805,1943,2441,1265

2323345805,2000,2539,1231

2323346805,1984,2640,1199

2323347805,1993,2721,1169

2323359801,1987,2896,1153

2323360805,2009,2944,1180

2323361805,1995,3008,1171

2323362805,2000,3066,1211

2323363805,1983,3148,1263

2323364805,1992,3216,1189

2323365805,1981,3257,1255

2323366805,1996,3286,1293

2323378801,1950,2933,1807

2323379805,1979,2960,1840

2323380805,1953,2992,1888

2323381805,1975,3003,1916

2323382805,1968,3007,1936

2323383805,1906,2985,2034

2323384805,1966,2945,2027

2323385805,1903,2898,2107

2323397801,1968,2301,2597

2323398805,1968,2303,2619

2323399805,1953,2283,2640

2323400805,1965,2256,2662

2323401805,1919,2206,2687

2323402805,1937,2154,2707

2323403805,1956,2091,2732

2323404805,1962,1998,2763

2323416801,1966,1703,2839

2323417805,1966,1716,2741

2323418805,2005,1694,2726

2323419805,1958,1667,2701

2323420805,1968,1631,2697

2323421805,1974,1589,2662

2323422805,1971,1521,2630

2323423805,1989,1481,2628

2323435801,1971,1824,2157

2323436805,1973,1843,2103

2323437805,1975,1841,2064

2323438805,1985,1840,2017

2323439805,1972,1809,1985

2323440805,1978,1808,1947

2323441805,1979,1808,1907

2323442805,1987,1814,1871

2323454801,2000,2541,1375

2323455805,1997,2544,1333

2323456805,1993,2533,1312

2323457805,2000,2535,1306

2323458805,2002,2542,1296

2323459805,1993,2559,1286

2323460805,2000,2596,1269

2323461805,2000,2629,1257

2323473801,2000,3121,1222

2323474805,1985,3093,1239

2323475805,1992,3047,1266

2323476805,1983,3030,1296

2323477805,1999,3024,1324

2323478805,2001,3014,1332

2323479805,1983,3041,1360

2323480805,1971,3088,1385

2323492801,1961,2867,1821

2323493805,1954,2803,1872

2323494805,1954,2751,1919

2323495805,1955,2707,1966

2323496805,1941,2684,2014

2323497805,1950,2686,2039

2323498805,1952,2686,2086

2323499805,1954,2683,2119

2323511801,1964,2021,2571

2323512805,1947,1966,2604

2323513805,1903,1927,2624

2323514805,1947,1921,2640

2323515805,1949,1903,2659

2323516805,1959,1921,2679

2323517805,1945,1923,2690

2323518805,1949,1919,2701

2323530801,1966,1430,2736

2323531805,1969,1453,2718

2323532805,1968,1482,2688

2323533805,1971,1509,2672

2323534805,1973,1557,2642

2323535805,1968,1585,2615

2323536805,1971,1618,2577

2323537805,1971,1634,2543

2323549801,1936,1739,2177

2323550805,1983,1801,2121

2323551805,1968,1863,2080

2323552805,1982,1946,2019

2323553805,1980,2010,1987

2323554805,1973,2080,1923

2323555805,1980,2119,1884

2323556805,1974,2129,1847

2323568801,1981,2607,1437

2323569805,1990,2687,1413

2323570805,1987,2761,1383

2323571805,1991,2815,1351

2323572805,2013,2864,1329

2323573805,1993,2877,1312

2323574805,1987,2885,1301

2323575805,1995,2893,1286

2323587801,1991,3261,1264

2323588805,1991,3297,1279

2323589805,1985,3299,1275

2323590805,1994,3281,1300

2323591805,1989,3250,1328

2323592805,2083,3214,1360

2323593805,1990,3167,1391

2323594805,1974,3119,1421

2323606801,1936,2960,1804

2323607805,1938,2922,1851

2323608805,1968,2845,1873

2323609805,1935,2750,1929

2323610805,1945,2702,1968

2323611805,1963,2624,2016

2323612805,1962,2533,2068

2323613805,1963,2455,2117

2323625801,1914,2085,2496

2323626805,1958,2023,2513

2323627805,2000,1943,2541

2323628805,1969,1869,2576

2323629805,1968,1787,2607

2323630805,1965,1714,2633

2323631805,2006,1674,2647

2323632805,2000,1635,2662

2323644801,1980,1515,2642

2323645805,1969,1472,2670

2323646805,1995,1439,2638

2323647805,1955,1409,2626

2323648805,1961,1413,2615

2323649805,1977,1411,2595

2323650805,1974,1444,2582

2323651805,1973,1470,2544

2323663801,1977,1808,2161

2323664805,1959,1808,2128

2323665805,1965,1840,2096

2323666805,1973,1883,2059

2323667805,1974,1936,2023

2323668805,1971,1999,1983

2323669805,1977,2079,1941

2323670805,1975,2160,1894

2323682801,1997,2598,1503

2323683805,1968,2638,1486

2323684805,1983,2685,1459

2323685805,1972,2736,1441

2323686805,1984,2807,1407

2323687805,1987,2879,1386

2323688805,1981,2955,1376

2323689805,1993,3017,1349

2323701801,1979,3071,1344

2323702805,1990,3109,1347

2323703805,1993,3129,1359

2323704805,2019,3167,1373

2323705805,1991,3201,1381

2323706805,1992,3223,1391

2323707805,1996,3237,1414

2323708805,1983,3225,1420

2323720801,1959,2695,1830

2323721805,1968,2702,1856

2323722805,1950,2697,1886

2323723805,1978,2681,1922

2323724805,1959,2662,1955

2323725805,1955,2629,1981

2323726805,1958,2581,2022

2323727805,1955,2526,2055

2323739801,1987,1933,2457

2323740805,1964,1924,2479

2323741805,1966,1911,2495

2323742805,1999,1893,2515

2323743805,1967,1851,2537

2323744805,1960,1814,2515

2323745805,1968,1773,2544

2323746805,1971,1707,2587

2323758801,1968,1599,2608

2323759805,1977,1620,2597

2323760805,1968,1620,2595

2323761805,1963,1623,2576

2323762805,1975,1616,2571

2323763805,1979,1591,2527

2323764805,1974,1575,2523

2323765805,1983,1554,2508

2323777801,1974,2065,2160

2323778805,1970,2112,2103

2323779805,1974,2125,2095

2323780805,1975,2137,2054

2323781805,1975,2138,2007

2323782805,1973,2154,1986

2323783805,1969,2175,1968

2323784805,1992,2197,1934

2323796801,2013,2864,1513

2323797805,1985,2864,1500

2323798805,1983,2874,1463

2323799805,1981,2855,1456

2323800805,1987,2866,1445

2323801805,2000,2880,1437

2323802805,1986,2894,1423

2323803805,1984,2919,1403

2323815801,1995,3157,1337

2323816805,1988,3114,1355

2323817805,1986,3069,1375

2323818805,1987,3031,1391

2323819805,1985,2996,1419

2323820805,1975,2990,1434

2323821805,1991,2974,1442

2323822805,1985,2985,1467

2323834801,1974,2576,1805

2323835805,1969,2511,1844

2323836805,1967,2449,1881

2323837805,1991,2402,1919

2323838805,1962,2365,1954

2323839805,1967,2352,1991

2323840805,1973,2343,2018

2323841805,1969,2327,2053

2323853801,1968,1740,2433

2323854805,1974,1697,2464

2323855805,1967,1675,2487

2323856805,1965,1667,2508

2323857805,1969,1676,2513

2323858805,1977,1675,2538

2323859805,1973,1681,2549

2323860805,1977,1687,2558

2323872801,1974,1483,2634

2323873805,1983,1506,2622

2323874805,1974,1549,2603

2323875805,1981,1585,2583

2323876805,1978,1633,2559

2323877805,1977,1681,2535

2323878805,1971,1729,2519

2323879805,1968,1765,2492

2323891801,1968,2063,2192

2323892805,1968,2129,2161

2323893805,1963,2195,2117

2323894805,1968,2273,2074

2323895805,1963,2337,2032

2323896805,1957,2391,1996

2323897805,1968,2427,1968

2323898805,1971,2454,1934

2323910801,1975,2876,1563

2323911805,1983,2944,1530

2323912805,1982,3002,1502

2323913805,1983,3046,1485

2323914805,1983,3078,1455

2323915805,1989,3087,1436

2323916805,1983,3089,1421

2323917805,1984,3088,1400

2323929801,1974,3174,1345

2323930805,1988,3183,1343

2323931805,1995,3166,1360

2323932805,2002,3123,1367

2323933805,1985,3088,1383

2323934805,1984,3025,1403

2323935805,1983,2978,1425

2323936805,1986,2925,1450

2323948801,1968,2595,1774

2323949805,1971,2529,1799

2323950805,1974,2482,1838

2323951805,2002,2418,1911

2323952805,1979,2343,1909

2323953805,1971,2276,1954

2323954805,1971,2205,1995

2323955805,1961,2130,2035

2323967801,1948,1825,2397

2323968805,1968,1775,2426

2323969805,1973,1720,2449

2323970805,1968,1663,2477

2323971805,1970,1617,2497

2323972805,1977,1579,2526

2323973805,1968,1552,2554

2323974805,1978,1526,2574

2323986801,1959,1623,2610

2323987805,1977,1605,2608

2323988805,1969,1594,2602

2323989805,1990,1599,2599

2323990805,1971,1609,2586

2323991805,1966,1642,2576

2323992805,1979,1680,2556

2323993805,1970,1719,2518

2324005801,1967,2154,2198

2324006805,1968,2189,2181

2324007805,1970,2213,2143

2324008805,1931,2256,2119

2324009805,1986,2301,2087

2324010805,1965,2353,2043

2324011805,1961,2415,2004

2324012805,1964,2491,1966

2324024801,1980,2845,1591

2324025805,1984,2865,1569

2324026805,2000,2892,1551

2324027805,1954,2927,1511

2324028805,1972,2963,1482

2324029805,1953,3024,1460

2324030805,1993,3067,1431

2324031805,1987,3117,1408

2324043801,1995,2941,1359

2324044805,1997,2939,1370

2324045805,1996,2944,1375

2324046805,2009,2944,1367

2324047805,1994,2960,1392

2324048805,1985,2959,1405

2324049805,1978,2941,1413

2324050805,1984,2916,1424

2324062801,1975,2363,1778

2324063805,1981,2362,1793

2324064805,1973,2347,1835

2324065840,1984,2321,1867

2324066805,1977,2293,1900

2324067805,1969,2275,1926

2324068805,1968,2226,1961

2324069805,1975,2193,1990

2324081801,1974,1751,2398

2324082805,1971,1757,2418

2324083805,1968,1765,2448

2324084805,1961,1739,2464

2324085805,1978,1742,2486

2324086805,1971,1719,2506

2324087805,1976,1680,2517

2324088805,1978,1651,2541

2324100801,1968,1747,2617

2324101805,1970,1777,2599

2324102805,1955,1817,2592

2324103805,1995,1829,2584

2324104805,1971,1835,2574

2324105805,1965,1839,2559

2324106805,1969,1855,2543

2324107805,1968,1837,2543

2324119801,1957,2381,2208

2324120805,1961,2406,2177

2324121842,1950,2429,2147

2324122805,1971,2442,2102

2324123805,1958,2458,2073

2324124805,1968,2469,2044

2324125805,1968,2495,2004

2324126805,1958,2513,1981

2324138801,1978,2978,1567

2324139805,1983,2977,1553

2324140805,1986,2963,1515

2324141805,1956,2955,1493

2324142805,1993,2942,1472

2324143805,1977,2946,1459

2324144805,1983,2947,1439

2324145805,1987,2939,1421

2324157801,2000,2928,1335

2324158805,1999,2889,1344

2324159805,1990,2839,1349

2324160805,1963,2793,1363

2324161805,2000,2764,1392

2324162805,1996,2733,1417

2324163805,1982,2715,1424

2324164805,1984,2694,1439

2324176801,1981,2278,1758

2324177805,1987,2224,1793

2324178805,1983,2175,1841

2324179805,1990,2130,1885

2324180805,1971,2100,1910

2324181805,1977,2086,1941

2324182805,1978,2077,1978

2324183805,1984,2058,2013

2324195801,1972,1662,2416

2324196805,1975,1648,2446

2324197805,1975,1648,2475

2324198805,1963,1652,2464

2324199805,1970,1657,2518

2324200805,1979,1668,2534

2324201805,1977,1689,2544

2324202805,1973,1708,2558

2324214801,1972,1723,2654

2324215805,1967,1776,2646

2324216805,1966,1789,2635

2324217805,2013,1849,2612

2324218805,1966,1903,2601

2324219805,1981,1942,2579

2324220805,1969,2002,2569

2324221805,1969,2066,2542

2324233801,1961,2373,2229

2324234805,1954,2418,2192

2324235805,1963,2459,2140

2324236805,1962,2529,2100

2324237805,1963,2592,2064

2324238805,1963,2627,2027

2324239805,1966,2653,1988

2324240805,1974,2686,1943

2324251801,1971,2900,1597

2324252805,1970,2929,1566

2324253805,1983,2960,1525

2324254805,1984,2995,1491

2324255805,1984,3015,1471

2324256805,1986,3025,1436

2324257805,1995,2991,1422

2324258805,1985,3015,1399

2324270801,2000,2880,1299

2324271805,1999,2878,1311

2324272805,2000,2896,1386

2324273805,1997,2847,1328

2324274805,1995,2803,1340

2324275805,1993,2768,1385

2324276805,1994,2704,1367

2324277805,1990,2671,1392

2324289801,1987,2321,1718

2324290805,1983,2288,1758

2324291805,1978,2249,1787

2324292805,1978,2208,1830

2324293805,1984,2160,1860

2324294805,1985,2099,1901

2324295805,1973,2047,1937

2324296805,1983,1995,1990

2324307453,1970,1839,2352

2324308805,1979,1825,2384

2324309805,1974,1799,2417

2324310805,1973,1776,2447

2324311805,1975,1744,2412

2324312805,1984,1709,2498

2324313805,1975,1683,2527

2324325801,1969,1873,2743

2324326805,1970,1885,2657

2324327805,1965,1888,2656

2324328805,1899,1879,2658

2324329805,1961,1875,2646

2324330805,1973,1885,2631

2324331805,1965,1900,2695

2324332805,1969,1923,2622

2324344801,1961,2388,2307

2324345805,1962,2399,2245

2324346805,1962,2401,2246

2324347805,1951,2413,2224

2324348805,1957,2429,2181

2324349805,1966,2463,2147

2324350805,1956,2487,2117

2324351805,1958,2517,2075

2324363801,1977,2836,1618

2324364805,1984,2832,1591

2324365805,1994,2832,1568

2324366805,1963,2833,1535

2324367805,1988,2837,1507

2324368805,1991,2843,1483

2324369805,1986,2859,1461

2324370805,1999,2886,1425

2324382801,1999,2751,1296

2324383805,2000,2729,1297

2324384805,1996,2703,1310

2324385805,2004,2671,1309

2324386805,2001,2661,1325

2324387805,2000,2663,1334

2324388805,2000,2653,1339

2324389805,2000,2651,1349

2324401801,1994,2224,1677

2324402805,1990,2185,1711

2324403805,1987,2171,1747

2324404805,1984,2149,1792

2324405805,1989,2142,1818

2324406805,1978,2143,1851

2324407805,1981,2125,1876

2324408805,1987,2099,1920

2324419801,1974,1776,2347

2324420805,1973,1773,2382

2324421805,1974,1785,2407

2324422805,1968,1798,2437

2324423805,1970,1808,2466

2324424805,1973,1820,2481

2324425805,1979,1826,2507

2324426805,1974,1837,2528

2324438801,1951,1853,2701

2324439805,1962,1903,2689

2324440805,1963,1936,2661

2324441805,1959,1971,2672

2324442805,1961,2010,2667

2324443805,1968,2042,2640

2324444805,1959,2073,2639

2324445805,1963,2096,2624

2324457801,1963,2394,2331

2324458805,1953,2448,2302

2324459805,1951,2475,2264

2324460805,1966,2517,2223

2324461805,1967,2559,2183

2324462805,1961,2576,2147

2324463805,1959,2607,2106

2324464805,1965,2603,2070

2324475453,1977,2814,1669

2324476805,1984,2843,1616

2324477805,1985,2864,1581

2324478805,1985,2891,1546

2324479805,1988,2890,1513

2324480805,1985,2878,1488

2324481805,1986,2896,1456

2324493801,2000,2804,1279

2324494805,2009,2799,1264

2324495805,2002,2785,1264

2324496805,1995,2767,1258

2324497805,2002,2716,1271

2324498805,2005,2677,1278

2324499805,2001,2657,1293

2324500805,2003,2623,1302

2324512801,1991,2357,1581

2324513805,1999,2309,1607

2324514805,1987,2288,1643

2324515805,2016,2254,1680

2324516805,1989,2194,1723

2324517805,1984,2157,1762

2324518805,1985,2123,1797

2324519805,1985,2096,1844

2324531801,1968,1919,2292

2324532805,1974,1905,2337

2324533805,1968,1890,2367

2324534805,1946,1858,2400

2324535805,1968,1830,2447

2324536805,1969,1776,2473

2324537805,1967,1805,2512

2324538805,1968,1797,2522

2324550801,1967,1938,2699

2324551805,1958,1943,2704

2324552805,1958,1936,2704

2324553805,1918,1936,2702

2324554805,1970,1938,2706

2324555805,1968,1962,2692

2324556805,1974,1997,2681

2324557805,1963,2074,2672

2324569801,1956,2349,2375

2324570805,1951,2358,2352

2324571805,1951,2386,2317

2324572805,1968,2394,2288

2324573805,1965,2443,2247

2324574805,1957,2480,2216

2324575805,1946,2500,2174

2324576805,1958,2554,2128

2324588801,1980,2699,1659

2324589805,1987,2674,1621

2324590805,1988,2746,1589

2324591805,1989,2737,1553

2324592805,1989,2757,1521

2324593805,1991,2763,1486

2324594805,2042,2791,1459

2324595805,1991,2800,1428

2324607801,2008,2640,1271

2324608805,2006,2647,1263

2324609805,2006,2605,1263

2324610805,2002,2622,1265

2324611805,2005,2625,1266

2324612805,2003,2598,1278

2324613805,2011,2615,1286

2324614805,2005,2596,1291

2324626801,1998,2247,1607

2324627805,1995,2230,1648

2324628805,1991,2222,1684

2324629805,1968,2224,1744

2324630805,1984,2244,1753

2324631805,1994,2227,1789

2324632805,1987,2181,1823

2324633805,1981,2153,1871

2324645801,1970,1939,2351

2324646805,1970,1962,2384

2324647805,1969,1959,2415

2324648805,1962,1953,2442

2324649805,1968,1954,2478

2324650805,1969,1952,2500

2324651805,1972,1950,2526

2324652805,1968,1919,2555

2324664801,1953,2047,2717

2324665805,1959,2069,2727

2324666805,1966,2065,2708

2324667805,1982,2110,2752

2324668805,1954,2115,2700

2324669805,1953,2126,2693

2324670805,1953,2122,2675

2324671805,1959,2126,2660

2324683801,1952,2445,2342

2324684805,1959,2457,2302

2324685805,1965,2475,2261

2324686805,1941,2487,2230

2324687805,1968,2486,2195

2324688805,1966,2486,2160

2324689805,1963,2493,2127

2324690805,1968,2495,2082

2324702801,1970,2735,1595

2324703805,1995,2719,1562

2324704805,1990,2711,1530

2324705805,1985,2701,1494

2324706805,1991,2690,1477

2324707805,1995,2682,1449

2324708805,1999,2677,1419

2324709805,2000,2672,1401

2324721801,2006,2624,1239

2324722805,2012,2591,1248

2324723805,2007,2557,1254

2324724805,2003,2534,1264

2324725805,2009,2507,1273

2324726805,2011,2480,1279

2324727805,2011,2477,1297

2324728805,2007,2454,1321

2324740801,1999,2258,1648

2324741805,1993,2201,1684

2324742805,1984,2175,1726

2324743805,1969,2160,1764

2324744805,1993,2132,1809

2324745805,1984,2123,1850

2324746805,1981,2117,1890

2324747805,1980,2122,1929

2324759801,1968,1930,2399

2324760805,1968,1965,2432

2324761805,1974,1934,2465

2324762805,1967,1935,2487

2324763805,1968,1954,2521

2324764805,1967,1968,2555

2324765805,1958,1984,2576

2324766805,1962,1997,2601

2324778801,1961,2033,2736

2324779805,1962,2045,2731

2324780805,1956,2082,2719

2324781805,1930,2103,2714

2324782805,1953,2139,2699

2324783805,1957,2170,2686

2324784805,1954,2194,2669

2324785805,1958,2224,2645

2324797801,1952,2384,2313

2324798805,1966,2419,2273

2324799805,1967,2444,2235

2324800805,1974,2476,2181

2324801805,1953,2500,2148

2324802805,1965,2509,2119

2324803805,1962,2555,2071

2324804805,1970,2595,2026

2324816801,2009,2649,1546

2324817805,1990,2647,1521

2324818805,1998,2663,1489

2324819805,1997,2695,1456

2324820805,1998,2705,1437

2324821805,2000,2711,1399

2324822805,2000,2690,1375

2324823805,2000,2663,1345

2324834801,2006,2585,1236

2324835805,2011,2577,1233

2324836805,2009,2587,1235

2324837805,2009,2701,1251

2324838805,2019,2674,1257

2324839805,2009,2514,1268

2324840805,2017,2501,1286

2324841805,2007,2476,1307

2324853801,1995,2305,1650

2324854805,1985,2259,1680

2324855805,1987,2290,1711

2324856805,1987,2203,1762

2324857805,1987,2224,1805

2324858805,1971,2199,1847

2324859805,1979,2174,1889

2324860805,1981,2160,1936

2324872801,1968,2077,2401

2324873805,1969,2082,2427

2324874805,1969,2061,2463

2324875805,1965,2027,2495

2324876805,1967,2010,2523

2324877805,1968,1998,2559

2324878805,1962,1997,2581

2324879805,1967,1986,2608

2324890453,1958,2123,2723

2324891805,1962,2120,2714

2324892805,1955,2144,2714

2324893805,1955,2128,2707

2324894805,1959,2118,2710

2324895805,1963,2095,2702

2324896805,1958,2123,2688

2324908801,1954,2365,2363

2324909805,1963,2388,2331

2324910805,1965,2378,2293

2324911805,1966,2379,2261

2324912805,1963,2376,2228

2324913805,1968,2416,2189

2324914805,1961,2406,2154

2324915805,1968,2419,2107

2324927801,1985,2577,1606

2324928805,1994,2566,1581

2324929805,1987,2551,1559

2324930805,1977,2554,1584

2324931805,1995,2540,1493

2324932805,1990,2576,1463

2324933805,1995,2576,1435

2324934805,1995,2579,1407

2324946801,2017,2528,1239

2324947805,2014,2509,1248

2324948805,2010,2494,1252

2324949805,2005,2483,1265

2324950805,2014,2481,1266

2324951805,2009,2482,1271

2324952805,1943,2481,1283

2324953805,2009,2481,1296

2324965801,1991,2270,1635

2324966805,1988,2269,1680

2324967805,1985,2256,1713

2324968805,1998,2250,1747

2324969805,1991,2253,1786

2324970805,1984,2250,1829

2324971805,1991,2251,1872

2324972805,1981,2242,1902

2324984801,1969,2065,2391

2324985805,1962,2071,2420

2324986805,1965,2086,2454

2324987805,2003,2092,2480

2324988805,1965,2102,2505

2324989805,1963,2102,2525

2324990805,1960,2102,2557

2324991805,1963,2109,2577

2325003801,1962,2106,2736

2325004805,1959,2125,2725

2325005805,1962,2154,2709

2325006805,1953,2173,2703

2325007805,1954,2185,2689

2325008805,1958,2192,2683

2325009805,2005,2207,2670

2325010805,1954,2205,2644

2325022801,1968,2349,2315

2325023805,1962,2371,2288

2325024805,1959,2391,2244

2325025805,1965,2411,2194

2325026805,1963,2413,2162

2325027805,1963,2425,2117

2325028805,1969,2433,2081

2325029805,1967,2429,2040

2325041801,1997,2567,1570

2325042805,2000,2573,1533

2325043805,2003,2576,1503

2325044805,1984,2578,1489

2325045805,1999,2573,1445

2325046805,2003,2559,1424

2325047805,1999,2547,1404

2325048805,2000,2535,1377

2325060801,2015,2558,1247

2325061805,2009,2544,1251

2325062805,2016,2525,1255

2325063805,2013,2512,1260

2325064805,2011,2487,1280

2325065805,2012,2466,1294

2325066805,2005,2449,1319

2325067805,2009,2437,1334

2325079801,1990,2345,1683

2325080805,1991,2319,1719

2325081805,1993,2304,1761

2325082805,2003,2282,1801

2325083805,1981,2257,1848

2325084805,1976,2251,1883

2325085805,1975,2225,1931

2325086805,1987,2205,1971

2325098801,1968,2131,2416

2325099805,1967,2117,2459

2325100805,1966,2105,2487

2325101805,1968,2098,2518

2325102805,1957,2090,2550

2325103805,1958,2096,2574

2325104805,1959,2095,2597

2325105805,1959,2099,2621

2325117801,1961,2115,2706

2325118805,1959,2112,2704

2325119805,1951,2115,2702

2325120805,1952,2115,2689

2325121805,1959,2142,2682

2325122805,1955,2155,2666

2325123805,1967,2174,2640

2325124805,1957,2192,2625

2325136801,1967,2287,2261

2325137805,1959,2295,2235

2325138805,1968,2310,2197

2325139805,1968,2331,2165

2325140805,1971,2355,2114

2325141805,1973,2375,2074

2325142805,1973,2385,2020

2325143805,1968,2416,1986

2325155801,1999,2479,1552

2325156805,1989,2483,1509

2325157805,2000,2509,1474

2325158805,2000,2521,1459

2325159805,1998,2532,1425

2325160805,2000,2545,1393

2325161805,2008,2557,1378

2325162805,2000,2569,1355

2325174801,2013,2501,1265

2325175805,2016,2512,1274

2325176805,2011,2514,1284

2325177805,2011,2519,1301

2325178805,2016,2515,1305

2325179805,2011,2513,1325

2325180805,2000,2507,1344

2325181805,2003,2500,1367

2325193801,1994,2355,1738

2325194805,1993,2368,1775

2325195805,1986,2366,1813

2325196805,1987,2358,1859

2325197805,1986,2327,1900

2325198805,1980,2321,1936

2325199805,1974,2294,1969

2325200805,1970,2288,2018

2325212801,1965,2201,2448

2325213805,1959,2192,2477

2325214805,1965,2189,2509

2325215805,1951,2177,2535

2325216805,1960,2157,2557

2325217805,1959,2149,2577

2325218805,1963,2128,2604

2325219805,1964,2121,2625

2325231801,1964,2167,2686

2325232805,1953,2171,2673

2325233805,1965,2161,2665

2325234805,1955,2159,2652

2325235805,1953,2161,2627

2325236805,1965,2080,2620

2325237805,1967,2135,2608

2325238805,1963,2155,2578

2325250801,1975,2302,2205

2325251805,1968,2299,2170

2325252805,1981,2303,2130

2325253805,1961,2304,2090

2325254805,1967,2310,2053

2325255805,1975,2305,2016

2325256805,1968,2320,1974

2325257805,1983,2330,1941

2325269801,1994,2471,1509

2325270805,1997,2462,1475

2325271805,2000,2466,1451

2325272805,2000,2462,1426

2325273805,2000,2469,1405

2325274805,2003,2482,1391

2325275805,2003,2480,1367

2325276805,2005,2507,1347

2325288801,2006,2499,1302

2325289805,2007,2486,1313

2325290805,2010,2477,1325

2325291805,2009,2483,1342

2325292805,2000,2481,1355

2325293805,2003,2480,1377

2325294805,2002,2486,1392

2325295805,2005,2486,1412

2325307801,1978,2354,1805

2325308805,1985,2344,1840

2325309805,1977,2340,1874

2325310805,1979,2325,1936

2325311805,1983,2337,1958

2325312805,1979,2331,1996

2325313805,1974,2335,2032

2325314805,1971,2335,2074

2325326801,1966,2187,2491

2325327805,1970,2172,2509

2325328805,1959,2174,2526

2325329805,1959,2171,2549

2325330805,1966,2186,2577

2325331805,1963,2182,2599

2325332805,1958,2178,2618

2325333805,1954,2174,2624

2325345801,1961,2128,2653

2325346805,1964,2145,2647

2325347805,1968,2147,2631

2325348805,1959,2168,2611

2325349805,1965,2167,2595

2325350805,1967,2185,2583

2325351805,1958,2182,2553

2325352805,1966,2178,2538

2325364801,1969,2277,2152

2325365805,1977,2302,2112

2325366805,1975,2304,2091

2325367805,1977,2318,2030

2325368805,1978,2333,2000

2325369805,1977,2346,1955

2325370805,1978,2336,1921

2325371805,1982,2338,1877

2325383801,2000,2480,1479

2325384805,2000,2482,1452

2325385805,2000,2496,1425

2325386805,2000,2496,1408

2325387805,2003,2503,1392

2325388805,2013,2495,1376

2325389805,2001,2495,1356

2325390805,2002,2487,1346

2325402801,2001,2559,1328

2325403805,2005,2554,1344

2325404805,2000,2531,1357

2325405805,2007,2522,1375

2325406805,2003,2515,1396

2325407805,2009,2505,1415

2325408805,2000,2490,1445

2325409805,1995,2476,1460

2325421801,1984,2419,1851

2325422805,1982,2401,1895

2325423805,1979,2381,1926

2325424805,1979,2359,1968

2325425805,1969,2346,2010

2325426805,1978,2329,2047

2325427805,1972,2320,2094

2325428805,1973,2304,2128

2325440801,1963,2192,2503

2325441805,1963,2180,2522

2325442805,1968,2161,2544

2325443805,1963,2150,2577

2325444805,1964,2135,2585

2325445805,1965,2137,2605

2325446805,1963,2133,2614

2325447805,1965,2137,2629

2325459801,1968,2097,2624

2325460805,1959,2096,2608

2325461805,1968,2096,2591

2325462805,1968,2099,2573

2325463805,1966,2111,2546

2325464805,1963,2114,2530

2325465805,1965,2125,2507

2325466805,1968,2141,2480

2325478801,1974,2213,2103

2325479805,1981,2227,2073

2325480805,1977,2245,2028

2325481805,1974,2272,1997

2325482805,1987,2286,1951

2325483805,1980,2301,1904

2325484805,1976,2321,1873

2325485805,1981,2342,1839

2325497801,2000,2430,1475

2325498805,2005,2451,1461

2325499805,2001,2474,1431

2325500805,2003,2487,1409

2325501805,2000,2501,1393

2325502805,2009,2523,1375

2325503805,2010,2519,1354

2325504805,2011,2537,1349

2325516801,2001,2543,1373

2325517805,2004,2549,1391

2325518805,2006,2549,1407

2325519805,2003,2559,1419

2325520805,1997,2573,1433

2325521805,2000,2559,1466

2325522805,2011,2553,1473

2325523805,2000,2544,1508

2325535801,1974,2429,1907

2325536805,1981,2435,1936

2325537805,1970,2426,1974

2325538805,1968,2413,2009

2325539805,1974,2401,2054

2325540805,1968,2384,2090

2325541805,1967,2363,2127

2325542805,1968,2348,2161

2325554801,1969,2217,2496

2325555805,1959,2209,2531

2325556817,1959,2192,2530

2325557805,1970,2179,2559

2325558805,1959,2159,2576

2325559805,1953,2154,2595

2325560805,1954,2131,2607

2325561805,1961,2127,2617

2325573801,1962,2114,2575

2325574805,1967,2113,2550

2325575805,1970,2107,2533

2325576805,1966,2111,2517

2325577805,1970,2099,2495

2325578805,1965,2096,2480

2325579805,1970,2093,2454

2325580805,1968,2096,2431

2325592801,1984,2220,2058

2325593805,1982,2242,2013

2325594805,1984,2243,1971

2325595805,1977,2251,1945

2325596805,1984,2257,1904

2325597805,1984,2266,1876

2325598805,1987,2274,1843

2325599805,1995,2299,1808

2325611801,2003,2464,1463

2325612805,2001,2463,1447

2325613805,2002,2473,1424

2325614805,2002,2476,1413

2325615805,2001,2480,1395

2325616805,2007,2489,1381

2325617805,2005,2511,1377

2325618805,2001,2513,1361

2325630801,1981,2544,1417

2325631805,2005,2543,1430

2325632805,2000,2544,1458

2325633805,1997,2544,1472

2325634805,2002,2544,1494

2325635805,1999,2548,1516

2325636805,1999,2551,1557

2325637805,2000,2557,1568

2325649801,1979,2416,1955

2325650805,1969,2406,2005

2325651805,1979,2385,2022

2325652805,1971,2377,2063

2325653805,1968,2379,2097

2325654805,1968,2374,2127

2325655805,1967,2367,2160

2325656805,1967,2351,2186

2325668801,1969,2173,2512

2325669805,1962,2159,2519

2325670805,1969,2160,2539

2325671805,1968,2157,2559

2325672805,1968,2147,2569

2325673805,1956,2151,2576

2325674805,1962,2133,2587

2325675805,1961,2128,2589

2325686801,1968,2047,2551

2325687805,1968,2065,2529

2325688805,1968,2068,2512

2325689805,1973,2087,2493

2325690805,1970,2092,2469

2325691805,1969,2105,2453

2325692805,1968,2111,2430

2325693805,1969,2115,2401

2325705801,1981,2201,2037

2325706805,1983,2229,2001

2325707805,1984,2252,1968

2325708805,1983,2259,1933

2325709805,1984,2282,1904

2325710805,1985,2288,1860

2325711805,1998,2303,1841

2325712805,1989,2314,1806

2325724801,2007,2485,1484

2325725805,2003,2497,1438

2325726805,2000,2512,1447

2325727805,2002,2519,1424

2325728805,2007,2542,1417

2325729805,2000,2543,1408

2325730805,2006,2537,1397

2325731805,2002,2544,1392

2325742453,2001,2609,1424

2325743805,2005,2629,1441

2325744805,1998,2625,1456

2325745805,2001,2619,1469

2325746805,1997,2613,1489

2325747805,1993,2601,1509

2325748805,2000,2588,1527

2325760801,1979,2491,1885

2325761805,1975,2478,1922

2325762805,1970,2469,1952

2325763805,1984,2438,1987

2325764805,1983,2420,2016

2325765805,1982,2403,2064

2325766805,1975,2384,2096

2325767805,1973,2363,2104

2325779801,1971,2221,2447

2325780805,1970,2191,2469

2325781805,1968,2176,2486

2325782805,1967,2141,2496

2325783805,1967,2144,2514

2325784805,1970,2128,2527

2325785805,1967,2105,2541

2325786805,1968,2085,2556

2325798801,1971,2062,2533

2325799805,1971,2033,2514

2325800805,1968,2028,2507

2325801805,1968,2033,2487

2325802805,1969,2033,2479

2325803805,1968,2022,2449

2325804805,1976,2032,2430

2325805805,1972,2046,2414

2325817801,1979,2175,2067

2325818805,1984,2179,2039

2325819805,1991,2194,2000

2325820805,1984,2203,1973

2325821805,1987,2221,1943

2325822805,1988,2241,1907

2325823805,1986,2257,1873

2325824805,1989,2288,1843

2325836801,2000,2451,1533

2325837805,2000,2463,1515

2325838805,1999,2476,1492

2325839805,2003,2531,1474

2325840805,2001,2513,1461

2325841805,2000,2529,1454

2325842805,2010,2535,1435

2325843805,2000,2570,1424

2325854801,2000,2612,1443

2325855805,2003,2606,1455

2325856805,2001,2612,1466

2325857805,2005,2611,1475

2325858805,2000,2613,1495

2325859805,1993,2610,1520

2325860805,2000,2622,1535

2325861805,2000,2622,1555

2325873801,1980,2477,1902

2325874805,1974,2465,1930

2325875805,1968,2448,1968

2325876805,1981,2450,1994

2325877805,1978,2434,2019

2325878805,1973,2426,2058

2325879805,1974,2416,2080

2325880805,1969,2402,2122

2325892801,1967,2179,2426

2325893805,1967,2169,2441

2325894805,1969,2166,2461

2325895805,1968,2157,2474

2325896805,1967,2143,2491

2325897805,1967,2142,2495

2325898805,1965,2119,2512

2325899805,1965,2102,2519

2325910453,1968,2022,2528

2325911805,1974,2027,2512

2325912805,1968,2032,2487

2325913805,1969,2045,2480

2325914805,1969,2058,2455

2325915805,1973,2042,2449

2325916805,1970,2046,2429

2325928801,1977,2173,2123

2325929805,1985,2174,2102

2325930805,1987,2192,2069

2325931805,1977,2206,2043

2325932805,1979,2223,2029

2325933805,1983,2225,1969

2325934805,1984,2245,1943

2325935805,1985,2256,1905

2325947801,1991,2465,1586

2325948805,1999,2480,1565

2325949805,1999,2497,1552

2325950805,2002,2512,1525

2325951805,2000,2512,1511

2325952805,2000,2527,1497

2325953805,2001,2537,1479

2325954805,2006,2544,1469

2325966801,1999,2661,1452

2325967805,2000,2655,1470

2325968805,2018,2647,1477

2325969805,1999,2645,1488

2325970805,2003,2637,1502

2325971805,1991,2624,1520

2325972805,1997,2622,1547

2325973805,1991,2608,1570

2325985801,1971,2512,1862

2325986805,1973,2496,1892

2325987805,1984,2469,1921

2325988805,1973,2450,1958

2325989805,1982,2427,1986

2325990805,1982,2415,2015

2325991805,1974,2393,2043

2325992805,1981,2373,2085

2326004801,1970,2192,2384

2326005805,1975,2157,2399

2326006805,1970,2153,2416

2326007805,1975,2129,2432

2326008805,1970,2118,2448

2326009805,1973,2103,2473

2326010805,1971,2091,2485

2326011805,1972,2090,2490

2326023801,1972,1999,2493

2326024805,1969,1994,2483

2326025805,1973,1994,2474

2326026805,1975,1994,2465

2326027805,1978,1999,2448

2326028805,1975,2016,2432

2326029805,1975,2017,2413

2326030805,1974,2025,2396

2326042801,1983,2135,2105

2326043805,1978,2163,2083

2326044805,1981,2182,2046

2326045805,1981,2196,2022

2326046805,1987,2226,1976

2326047805,1983,2242,1953

2326048805,1983,2221,1926

2326049805,1984,2285,1903

2326061801,1990,2465,1599

2326062805,2002,2493,1581

2326063805,2000,2512,1551

2326064805,1995,2593,1535

2326065805,1998,2546,1523

2326066805,2000,2576,1511

2326067805,2002,2578,1494

2326068805,2000,2608,1485

2326080801,2000,2643,1488

2326081805,1997,2654,1503

2326082805,1990,2662,1509

2326083805,1995,2630,1520

2326084805,2000,2658,1549

2326085805,1997,2657,1557

2326086805,1997,2649,1579

2326087805,2000,2640,1587

2326099801,1981,2492,1893

2326100805,1979,2480,1911

2326101805,1981,2457,1946

2326102805,1974,2447,1975

2326103805,1982,2425,2003

2326104805,1979,2413,2032

2326105805,1977,2396,2064

2326106805,1973,2365,2123

2326118801,1976,2169,2375

2326119805,1971,2151,2387

2326120805,1968,2138,2412

2326121805,1968,2149,2419

2326122805,1967,2096,2438

2326123805,1968,2084,2449

2326124805,1968,2067,2458

2326125805,1975,2043,2469

2326137801,1973,2015,2459

2326138805,1971,2009,2452

2326139805,1974,2011,2446

2326140805,1968,2023,2431

2326141805,1981,2006,2418

2326142805,1970,2005,2396

2326143805,1972,2003,2384

2326144805,1975,2013,2368

2326156801,1981,2192,2074

2326157805,1985,2212,2037

2326158805,1983,2215,2021

2326159805,1984,2193,1991

2326160805,1982,2243,1966

2326161805,1981,2255,1936

2326162805,1987,2241,1913

2326163805,1986,2302,1887

2326175801,1994,2513,1607

2326176805,2001,2522,1579

2326177805,2000,2543,1568

2326178805,1995,2534,1551

2326179805,1997,2559,1552

2326180805,1995,2577,1523

2326181805,1993,2595,1513

2326182805,1998,2607,1503

2326194801,2000,2661,1520

2326195805,1991,2640,1525

2326196805,1989,2647,1552

2326197805,1997,2639,1563

2326198805,1997,2629,1577

2326199805,1993,2624,1593

2326200805,1988,2598,1603

2326201805,1987,2623,1630

2326213801,1985,2448,1911

2326214805,1983,2423,1939

2326215805,1982,2414,1973

2326216805,1978,2398,1998

2326217805,1978,2383,2019

2326218805,1970,2363,2046

2326219805,1970,2360,2091

2326220805,1969,2335,2105

2326232801,1971,2109,2377

2326233805,1968,2097,2384

2326234805,1968,2083,2409

2326235805,1978,2083,2414

2326236805,1970,2079,2427

2326237805,1973,2077,2439

2326238805,1968,2059,2447

2326239805,1970,2043,2452

2326251801,1977,1993,2448

2326252805,1971,1994,2429

2326253805,1979,2010,2419

2326254805,1973,2023,2401

2326255805,1969,2029,2378

2326256805,1975,2032,2366

2326257805,1981,2033,2354

2326258805,1979,2054,2342

2326270801,1982,2215,2058

2326271805,1979,2237,2026

2326272805,1983,2263,1989

2326273805,1987,2279,1979

2326274805,1987,2293,1947

2326275805,1983,2309,1919

2326276805,1995,2331,1889

2326277805,1991,2340,1863

2326289801,1998,2559,1612

2326290805,1991,2581,1596

2326291805,1999,2592,1574

2326292805,1990,2599,1567

2326293805,1999,2608,1545

2326294805,2003,2610,1543

2326295805,2000,2623,1586

2326296805,1983,2627,1522

2326308801,1997,2671,1535

2326309805,1995,2671,1581

2326310805,1997,2647,1562

2326311805,1989,2641,1581

2326312805,1991,2640,1600

2326313805,1994,2627,1616

2326314805,1991,2610,1627

2326315805,1998,2596,1651

2326327801,1979,2439,1923

2326328805,1975,2409,1954

2326329805,1971,2394,1973

2326330805,1981,2416,2004

2326331805,1983,2342,2059

2326332805,1979,2316,2053

2326333805,1980,2297,2091

2326334805,1977,2279,2119

2326346801,1980,2093,2361

2326347805,1975,2086,2382

2326348805,1990,2061,2402

2326349805,1974,2039,2407

2326350805,1980,2039,2398

2326351805,1973,2025,2420

2326352805,1985,1988,2435

2326353805,1968,2013,2419

2326365801,1981,1986,2411

2326366805,1977,2000,2383

2326367805,1969,2001,2351

2326368805,1975,2000,2379

2326369805,1973,2022,2368

2326370805,1974,2032,2340

2326371805,1979,2066,2331

2326372805,1977,2067,2289

2326384801,1984,2240,2038

2326385805,1987,2253,1983

2326386805,1982,2278,1968

2326387805,1979,2294,1957

2326388805,1979,2317,1936

2326389805,1985,2342,1874

2326390805,1987,2364,1885

2326391805,1985,2385,1841

2326403801,1990,2570,1611

2326404805,1990,2576,1611

2326405805,1990,2598,1573

2326406805,1993,2613,1574

2326407805,1999,2626,1562

2326408805,1995,2646,1551

2326409805,1999,2640,1535

2326410805,2006,2652,1525

2326422801,2000,2644,1571

2326423805,1987,2641,1581

2326424805,2003,2623,1584

2326425805,1985,2639,1605

2326426805,1968,2626,1616

2326427805,1982,2621,1633

2326428805,1991,2608,1646

2326429805,1990,2593,1667

2326441801,1984,2402,1942

2326442805,1982,2379,1968

2326443805,1983,2368,1999

2326444805,1979,2349,2023

2326445805,1979,2329,2039

2326446805,1965,2307,2079

2326447805,1983,2287,2094

2326448805,2004,2261,2117

2326460801,1979,2091,2357

2326461805,1979,2074,2378

2326462805,1968,2064,2391

2326463805,1977,2045,2395

2326464805,1979,2034,2418

2326465805,1957,2015,2414

2326466805,1979,2001,2427

2326467805,1970,2002,2433

2326479801,1974,2025,2390

2326480805,1969,2025,2394

2326481805,1969,2033,2371

2326482805,1982,2035,2359

2326483805,1973,2043,2350

2326484805,1978,2064,2331

2326485805,1984,2063,2317

2326486805,1978,2075,2295

2326498801,1984,2293,2026

2326499805,1965,2307,1998

2326500805,1969,2316,1978

2326501805,1974,2331,1947

2326502805,1983,2349,1927

2326503805,2002,2368,1908

2326504805,1993,2379,1876

2326505805,1985,2405,1847

2326517801,1997,2595,1621

2326518805,2000,2601,1606

2326519805,1995,2605,1590

2326520805,1997,2618,1583

2326521805,1995,2630,1565

2326522805,1993,2629,1564

2326523805,1997,2639,1554

2326524805,1991,2651,1541

2326536801,1994,2633,1581

2326537805,1997,2614,1599

2326538805,1987,2604,1610

2326539805,1994,2598,1617

2326540805,1989,2590,1648

2326541805,1995,2578,1651

2326542805,1990,2575,1670

2326543805,1991,2557,1691

2326555801,1977,2349,1958

2326556805,1985,2332,1990

2326557805,1981,2307,2000

2326558805,1984,2293,2032

2326559805,1988,2285,2062

2326560805,1978,2267,2082

2326561805,1985,2249,2112

2326562805,1976,2229,2128

2326574801,1974,2045,2359

2326575805,1938,2036,2373

2326576805,1975,2032,2381

2326577805,1969,2029,2401

2326578805,1958,2019,2391

2326579805,1963,2016,2404

2326580805,1989,2016,2416

2326581805,1979,2013,2426

2326593801,1975,2030,2387

2326594805,1985,2045,2368

2326595805,1973,2059,2357

2326596805,1968,2071,2347

2326597805,1968,2091,2327

2326598805,1994,2099,2306

2326599805,1978,2111,2308

2326600805,2001,2119,2279

2326612801,1983,2326,1985

2326613805,1987,2331,1988

2326614805,1994,2367,1953

2326615805,2000,2374,1940

2326616805,1993,2400,1911

2326617805,1947,2416,1871

2326618805,1989,2431,1869

2326619805,1983,2443,1843

2326631801,1999,2614,1677

2326632805,1984,2624,1605

2326633805,1997,2634,1590

2326634805,1974,2640,1586

2326635805,1998,2641,1569

2326636805,2002,2641,1571

2326637805,2000,2641,1554

2326638805,2000,2655,1552

2326650801,2045,2623,1645

2326651805,2000,2608,1601

2326652805,2015,2590,1616

2326653805,1993,2582,1660

2326654805,1986,2569,1651

2326655805,1975,2543,1663

2326656805,1987,2531,1681

2326657805,1997,2517,1707

2326669801,1993,2324,1963

2326670805,1981,2313,1990

2326671805,1975,2279,2017

2326672805,1979,2262,2038

2326673805,1973,2254,2078

2326674805,1981,2225,2095

2326675805,1983,2215,2115

2326676805,2010,2192,2142

2326688801,1975,2047,2357

2326689805,1970,2032,2368

2326690805,1936,2025,2383

2326691805,1968,2016,2397

2326692805,1985,2000,2398

2326693805,1974,2003,2400

2326694805,1975,2001,2410

2326695805,2013,2001,2420

2326706801,1979,2041,2379

2326707805,1972,2061,2369

2326708805,1969,2059,2365

2326709805,1982,2080,2347

2326710805,1975,2095,2336

2326711805,1983,2083,2307

2326712805,1975,2112,2293

2326713805,1981,2128,2293

2326725801,1967,2315,2035

2326726805,1969,2343,2002

2326727805,1989,2348,1978

2326728805,1988,2373,1957

2326729805,1987,2394,1909

2326730805,1981,2416,1904

2326731805,1987,2435,1936

2326732805,1983,2449,1790

2326744801,2000,2591,1637

2326745805,1990,2608,1594

2326746805,1991,2612,1598

2326747805,1999,2628,1602

2326748805,1997,2630,1584

2326749805,1993,2640,1580

2326750805,2063,2643,1566

2326751805,1999,2649,1554

2326762453,1987,2595,1636

2326763805,1993,2587,1603

2326764805,1999,2593,1598

2326765805,2000,2578,1623

2326766805,1986,2559,1635

2326767805,1959,2546,1648

2326768805,1994,2537,1662

2326780801,1982,2348,1916

2326781805,1984,2329,1938

2326782805,1983,2316,1955

2326783805,1982,2295,1978

2326784805,1981,2282,2000

2326785805,1978,2265,2032

2326786805,1975,2253,2047

2326787805,1984,2238,2086

2326799801,1978,2068,2320

2326800805,1978,2065,2333

2326801805,1969,2060,2349

2326802805,1973,2058,2363

2326803805,1970,2056,2362

2326804805,1981,2039,2383

2326805805,1974,2032,2391

2326806805,1975,2032,2399

2326818801,1985,2068,2385

2326819805,1973,2073,2378

2326820805,1970,2095,2361

2326821805,1968,2102,2352

2326822805,1975,2114,2344

2326823805,1983,2123,2330

2326824805,1977,2127,2320

2326825805,1973,2135,2317

2326837801,1982,2330,2032

2326838805,1982,2342,2032

2326839805,1951,2363,2011

2326840805,1986,2378,1982

2326841805,1984,2389,1957

2326842805,1974,2402,1931

2326843805,1979,2416,1913

2326844805,1984,2431,1894

2326856801,2006,2599,1647

2326857805,1997,2603,1639

2326858805,2005,2609,1638

2326859805,1997,2592,1616

2326860805,1994,2608,1603

2326861805,1997,2610,1597

2326862805,1988,2616,1582

2326863805,2004,2609,1584

2326874801,2003,2595,1582

2326875805,2000,2583,1585

2326876805,1991,2571,1595

2326877805,2000,2555,1603

2326878805,2018,2553,1622

2326879805,1989,2523,1636

2326880805,2000,2516,1637

2326881805,2022,2500,1667

2326893801,1985,2337,1903

2326894805,1981,2321,1927

2326895805,1986,2294,1988

2326896805,1968,2283,1983

2326897805,1982,2266,1995

2326898805,1987,2241,2025

2326899805,1981,2231,2047

2326900805,1985,2224,2075

2326912801,1979,2066,2309

2326913805,1975,2062,2320

2326914805,1975,2070,2347

2326915805,1975,2042,2368

2326916805,1977,2040,2357

2326917805,1978,2047,2381

2326918805,2045,2039,2389

2326919805,1978,2042,2387

2326930453,1978,2074,2403

2326931805,1994,2075,2397

2326932805,1984,2079,2384

2326933805,1979,2096,2369

2326934805,1969,2112,2367

2326935805,1975,2112,2352

2326936805,1983,2129,2351

2326948801,1984,2303,2113

2326949805,1978,2315,2103

2326950805,1982,2325,2066

2326951805,1907,2348,2032

2326952805,1981,2361,2014

2326953805,1975,2386,1996

2326954805,1981,2393,1971

2326955805,1980,2416,1942

2326967801,1982,2547,1696

2326968805,1998,2559,1663

2326969805,2015,2575,1664

2326970805,1981,2581,1648

2326971805,1995,2595,1635

2326972805,1997,2608,1645

2326973805,1996,2603,1615

2326974805,1995,2612,1591

2326986801,2000,2576,1577

2326987805,1999,2573,1578

2326988805,1988,2567,1584

2326989805,1965,2557,1596

2326990805,1996,2547,1602

2326991805,1994,2533,1613

2326992805,2000,2534,1633

2326993805,1998,2512,1665

2327005801,1985,2336,1874

2327006805,1974,2327,1901

2327007805,2039,2324,1923

2327008805,1954,2301,1941

2327009805,1979,2283,1968

2327010805,1988,2272,1986

2327011805,1983,2254,2013

2327012805,1979,2237,2034

2327024801,1983,2110,2289

2327025805,1983,2099,2305

2327026805,1969,2091,2327

2327027805,1981,2095,2350

2327028805,1972,2078,2352

2327029805,1980,2067,2375

2327030805,1980,2063,2381

2327031805,1973,2061,2382

2327042801,1968,2095,2399

2327043805,1978,2096,2395

2327044805,1968,2098,2393

2327045805,1981,2115,2383

2327046805,1970,2122,2366

2327047805,1969,2129,2361

2327048805,1973,2130,2341

2327049805,1970,2146,2305

2327061801,1981,2313,2117

2327062805,1981,2327,2101

2327063805,1975,2342,2047

2327064805,1985,2356,2045

2327065805,1986,2371,2032

2327066805,1982,2381,2001

2327067805,1948,2387,1973

2327068805,1984,2407,1951

2327080801,1991,2550,1699

2327081805,1995,2546,1685

2327082805,1990,2555,1659

2327083805,1997,2575,1648

2327084805,2000,2575,1637

2327085805,1991,2572,1629

2327086805,1999,2579,1613

2327087805,1981,2578,1611

2327098453,1999,2570,1556

2327099805,2004,2557,1581

2327100805,2000,2544,1574

2327101805,1999,2539,1588

2327102805,1997,2525,1583

2327103805,2000,2515,1606

2327104805,1995,2510,1616

2327116801,1968,2359,1831

2327117805,1984,2352,1856

2327118805,1985,2331,1877

2327119805,1985,2313,1895

2327120805,1986,2302,1919

2327121805,1999,2289,1946

2327122805,1982,2286,1966

2327123805,1984,2261,1990

2327135801,1981,2126,2256

2327136805,1975,2113,2270

2327137805,1975,2107,2290

2327138805,1963,2098,2291

2327139805,1978,2096,2301

2327140805,1978,2092,2364

2327141805,1984,2093,2346

2327142805,1977,2091,2353

2327154801,1978,2092,2409

2327155805,1975,2098,2398

2327156805,1968,2111,2399

2327157805,1975,2114,2390

2327158805,1981,2120,2386

2327159805,1973,2137,2371

2327160805,1979,2150,2362

2327161805,1979,2160,2335

2327173801,1971,2293,2139

2327174805,1975,2311,2115

2327175805,1981,2333,2097

2327176805,1932,2338,2081

2327177805,1979,2354,2047

2327178805,1981,2382,2021

2327179805,1979,2395,2006

2327180805,1983,2395,1975

2327192801,1996,2518,1714

2327193805,1997,2537,1699

2327194805,1990,2544,1680

2327195805,1958,2544,1667

2327196805,1997,2557,1648

2327197805,1999,2576,1647

2327198805,2000,2574,1629

2327199805,1998,2566,1618

2327211801,2013,2551,1565

2327212805,2000,2546,1572

2327213805,1999,2533,1575

2327214805,2002,2534,1584

2327215805,2001,2523,1600

2327216805,1988,2512,1605

2327217805,1991,2497,1604

2327218805,1996,2485,1632

2327230801,1969,2353,1850

2327231805,1991,2337,1870

2327232805,1995,2331,1889

2327233805,1985,2309,1915

2327234805,1985,2293,1936

2327235805,1986,2284,1958

2327236805,1980,2272,1982

2327237805,1968,2249,2004

2327249801,1968,2150,2266

2327250805,1983,2123,2287

2327251805,1977,2123,2298

2327252805,1969,2118,2319

2327253805,1974,2105,2326

2327254805,1977,2101,2346

2327255805,1981,2097,2358

2327256805,1977,2095,2369

2327268801,1983,2121,2402

2327269805,1973,2122,2395

2327270805,1969,2128,2391

2327271805,1973,2137,2378

2327272805,1970,2139,2367

2327273805,1975,2157,2357

2327274805,1985,2161,2352

2327275805,1978,2171,2342

2327287801,1980,2326,2133

2327288805,1936,2323,2096

2327289805,1975,2329,2076

2327290805,1973,2351,2057

2327291805,1975,2353,2029

2327292805,1965,2374,1995

2327293805,1978,2390,1971

2327294805,1982,2395,1957

2327306801,1997,2517,1703

2327307805,2002,2521,1695

2327308805,2021,2518,1677

2327309805,1998,2529,1655

2327310805,1981,2543,1645

2327311805,2013,2546,1634

2327312805,1999,2552,1616

2327313805,1981,2547,1605

2327325801,2000,2515,1581

2327326805,2002,2512,1583

2327327805,1993,2510,1584

2327328805,2005,2507,1589

2327329805,2010,2490,1613

2327330805,2007,2486,1616

2327331805,1997,2480,1629

2327332805,1998,2473,1644

2327344801,1989,2330,1875

2327345805,1990,2319,1899

2327346805,1983,2311,1921

2327347805,1969,2295,1939

2327348805,1985,2288,1966

2327349805,1987,2279,1986

2327350805,1986,2270,2008

2327351805,1981,2254,2029

2327363801,1980,2143,2283

2327364805,1982,2138,2293

2327365805,1975,2128,2320

2327366805,1987,2130,2307

2327367805,1980,2119,2356

2327368805,1978,2125,2348

2327369805,1968,2123,2363

2327370805,1966,2113,2369

2327382801,1983,2143,2390

2327383805,1979,2142,2387

2327384805,1978,2160,2379

2327385805,2047,2164,2368

2327386805,1972,2165,2353

2327387805,1971,2187,2351

2327388805,1970,2188,2337

2327389805,1983,2189,2320

2327401801,1998,2327,2099

2327402805,1984,2348,2071

2327403805,1977,2358,2039

2327404805,1984,2365,2031

2327405805,1967,2379,1999

2327406805,1983,2384,1981

2327407805,1978,2395,1950

2327408805,1982,2403,1929

2327420801,1996,2512,1689

2327421805,1985,2512,1673

2327422805,1994,2520,1657

2327423805,1979,2527,1648

2327424805,1998,2519,1630

2327425805,1997,2527,1619

2327426805,1997,2528,1616

2327427805,1994,2526,1601

2327439801,1998,2512,1587

2327440805,1999,2498,1594

2327441805,2000,2490,1594

2327442805,1990,2481,1610

2327443805,2000,2483,1623

2327444805,1987,2459,1635

2327445805,1995,2454,1644

2327446805,1995,2464,1655

2327458801,1987,2330,1894

2327459805,1985,2314,1914

2327460805,1991,2304,1955

2327461805,1987,2291,1968

2327462805,1986,2276,1989

2327463805,1983,2266,2001

2327464805,1985,2257,2030

2327465805,1981,2245,2064

2327477801,1981,2150,2299

2327478805,1978,2141,2313

2327479805,1973,2141,2323

2327480805,1975,2131,2335

2327481805,1980,2130,2355

2327482805,1970,2129,2357

2327483805,1968,2128,2375

2327484805,1974,2134,2382

2327496801,1974,2155,2387

2327497805,1969,2160,2375

2327498805,1978,2159,2367

2327499805,1986,2163,2353

2327500805,1975,2182,2351

2327501805,1979,2186,2333

2327502805,1975,2199,2318

2327503805,1971,2224,2305

2327515801,1981,2321,2071

2327516805,1982,2336,2055

2327517805,1984,2357,2022

2327518805,1977,2367,2064

2327519805,1984,2382,1978

2327520805,1990,2389,1951

2327521805,1981,2403,1930

2327522805,1984,2442,1904

2327534801,2000,2501,1675

2327535805,1999,2510,1651

2327536805,1998,2513,1654

2327537805,1946,2514,1619

2327538805,1995,2523,1623

2327539805,1998,2523,1607

2327540805,2003,2523,1601

2327541805,1995,2524,1597

2327553801,2004,2497,1599

2327554805,2004,2493,1607

2327555805,2000,2480,1614

2327556805,2013,2480,1629

2327557805,1995,2477,1635

2327558805,1994,2461,1648

2327559805,2000,2455,1666

2327560805,1989,2433,1680

2327572801,1984,2330,1933

2327573805,1986,2320,1938

2327574805,1981,2307,1965

2327575805,2065,2295,1989

2327576805,1984,2283,2017

2327577805,1972,2269,2039

2327578805,1979,2266,2060

2327579805,1979,2256,2085

2327591801,1966,2175,2297

2327592805,1974,2160,2320

2327593805,1978,2151,2336

2327594805,1946,2153,2320

2327595805,1974,2143,2357

2327596805,1974,2135,2362

2327597805,1970,2141,2374

2327598805,1968,2130,2383

2327610801,1977,2167,2375

2327611805,1973,2171,2357

2327612805,1972,2176,2349

2327613805,1984,2181,2323

2327614805,1970,2187,2320

2327615805,1973,2192,2309

2327616805,1978,2215,2306

2327617805,1969,2220,2283

2327629801,1982,2325,2041

2327630805,1987,2346,2015

2327631805,1988,2353,1997

2327632805,1981,2367,1957

2327633805,1984,2363,1952

2327634805,1984,2383,1930

2327635805,1984,2386,1906

2327636805,1985,2395,1879

2327648801,2000,2487,1662

2327649805,1982,2486,1655

2327650805,1998,2496,1643

2327651805,2000,2495,1626

2327652805,1999,2497,1616

2327653805,2000,2509,1601

2327654805,2002,2502,1599

2327655805,1998,2525,1595

2327667801,2000,2477,1616

2327668805,2000,2469,1617

2327669805,1999,2469,1634

2327670805,1973,2463,1651

2327671805,2000,2461,1654

2327672805,1998,2448,1674

2327673805,1997,2448,1755

2327674805,1997,2407,1698

2327686801,1985,2333,1951

2327687805,1990,2307,1977

2327688805,1975,2301,1996

2327689805,2001,2302,2032

2327690805,1984,2286,2045

2327691805,1972,2276,2064

2327692805,1981,2267,2070

2327693805,1983,2265,2112

2327705801,1978,2173,2325

2327706805,1981,2167,2332

2327707805,1975,2171,2336

2327708805,2035,2159,2352

2327709805,1972,2155,2363

2327710805,1968,2163,2368

2327711805,1970,2151,2372

2327712805,1970,2146,2379

2327724801,1970,2182,2349

2327725805,1972,2191,2331

2327726805,1975,2259,2320

2327727805,2028,2192,2304

2327728805,1973,2199,2310

2327729805,1971,2208,2288

2327730805,1973,2219,2267

2327731805,1981,2225,2258

2327743801,1985,2336,2007

2327744805,1983,2345,1989

2327745805,1981,2368,1968

2327746805,1989,2363,1953

2327747805,1990,2374,1927

2327748805,1986,2386,1905

2327749805,1991,2398,1885

2327750805,1993,2406,1862

2327762801,1995,2491,1653

2327763805,2005,2486,1639

2327764805,2000,2496,1628

2327765805,1976,2496,1599

2327766805,1998,2496,1616

2327767805,1997,2497,1602

2327768805,2002,2496,1587

2327769805,1999,2416,1595

2327781801,1996,2479,1630

2327782805,2001,2475,1643

2327783805,1996,2480,1648

2327784805,2000,2452,1648

2327785805,1999,2446,1679

2327786805,2000,2437,1693

2327787805,1997,2438,1712

2327788805,1993,2431,1733

2327800801,1984,2316,1974

2327801805,1979,2310,1998

2327802805,1978,2305,2021

2327803805,1981,2288,2017

2327804805,1984,2283,2071

2327805805,1978,2233,2091

2327806805,1982,2262,2112

2327807805,1995,2273,2129

2327819801,1975,2173,2326

2327820805,1974,2239,2333

2327821805,1971,2167,2358

2327822805,1971,2167,2306

2327823805,1973,2154,2362

2327824805,1968,2145,2373

2327825805,1975,2161,2370

2327826805,1975,2151,2370

2327838801,1977,2177,2325

2327839805,1981,2268,2320

2327840805,1973,2231,2314

2327841805,2001,2192,2291

2327842805,1971,2224,2286

2327843805,1977,2209,2271

2327844805,1946,2215,2253

2327845805,1982,2155,2235

2327857801,1983,2333,1988

2327858805,1987,2331,1968

2327859805,1984,2433,1943

2327860805,1987,2366,1932

2327861805,1985,2363,1905

2327862805,1985,2409,1870

2327863805,1986,2395,1858

2327864805,1989,2384,1827

2327876801,2000,2480,1651

2327877805,2000,2498,1642

2327878805,1999,2448,1627

2327879805,1997,2498,1614

2327880805,1999,2485,1606

2327881805,2000,2489,1605

2327882805,2007,2502,1594

2327883805,2000,2544,1599

2327894801,1998,2477,1646

2327895805,2000,2480,1651

2327896805,2000,2465,1665

2327897805,1990,2459,1673

2327898805,1987,2485,1691

2327899805,1998,2461,1705

2327900805,1997,2447,1713

2327901805,1996,2434,1737

2327913801,1986,2337,1975

2327914805,1981,2320,1998

2327915805,1982,2319,1987

2327916805,1983,2314,2046

2327917805,1984,2298,2072

2327918805,1977,2293,2091

2327919805,1978,2262,2109

2327920805,1974,2256,2128

2327932801,1975,2182,2320

2327933805,1986,2171,2332

2327934805,1978,2173,2342

2327935805,1995,2164,2343

2327936805,1968,2174,2355

2327937805,1981,2162,2366

2327938805,1984,2155,2363

2327939805,1970,2157,2374

2327950453,1977,2189,2336

2327951805,1982,2182,2325

2327952805,1972,2182,2313

2327953805,1982,2192,2298

2327954805,1968,2190,2288

2327955805,1968,2192,2276

2327956805,1979,2207,2256

2327968801,1968,2302,2025

2327969805,1983,2320,2003

2327970805,1982,2320,1989

2327971805,1979,2327,2032

2327972805,1990,2341,1941

2327973805,1981,2345,1923

2327974805,1991,2359,1872

2327975805,1986,2367,1878

2327987801,1998,2468,1675

2327988805,1998,2473,1667

2327989805,1997,2475,1655

2327990805,1984,2477,1637

2327991805,2000,2474,1631

2327992805,1999,2480,1631

2327993805,1996,2484,1615

2327994805,2000,2496,1617

2328006801,2000,2481,1648

2328007805,2001,2481,1653

2328008805,1999,2477,1664

2328009805,2030,2469,1743

2328010805,2000,2464,1685

2328011805,1986,2451,1706

2328012805,1989,2453,1723

2328013805,1985,2453,1730

2328025801,1977,2329,1959

2328026805,1985,2338,1979

2328027805,1985,2320,2000

2328028805,1974,2322,2028

2328029805,1983,2308,2043

2328030805,1986,2274,2070

2328031805,1983,2294,2091

2328032805,1980,2285,2119

2328044801,1975,2238,2301

2328045805,1981,2186,2310

2328046805,1977,2192,2325

2328047805,1969,2176,2330

2328048805,1977,2192,2339

2328049805,1979,2167,2349

2328050805,1973,2170,2353

2328051805,1979,2166,2355

2328062801,1973,2162,2330

2328063805,1972,2135,2322

2328064805,1975,2168,2317

2328065805,1974,2175,2299

2328066805,1978,2189,2288

2328067805,1983,2207,2277

2328068805,1978,2192,2260

2328069805,1974,2203,2251

2328081801,1981,2320,2019

2328082805,1984,2304,2000

2328083805,1987,2320,1982

2328084805,1983,2334,1959

2328085805,1985,2337,1943

2328086805,1964,2352,1920

2328087805,1985,2361,1904

2328088805,1991,2366,1879

2328100801,2039,2459,1683

2328101805,1999,2473,1678

2328102805,1997,2477,1663

2328103805,1999,2477,1650

2328104805,2000,2478,1645

2328105805,2017,2486,1639

2328106805,2000,2495,1634

2328107805,2000,2490,1627

2328118453,2000,2495,1645

2328119805,1998,2495,1648

2328120805,2000,2487,1664

2328121805,1996,2493,1669

2328122805,1999,2480,1686

2328123805,1995,2483,1700

2328124805,2000,2465,1713

2328136801,1985,2379,1931

2328137805,1990,2366,1946

2328138805,1984,2356,1965

2328139805,1990,2351,1984

2328140805,1987,2320,2000

2328141805,1987,2323,2025

2328142805,1975,2318,2045

2328143805,1971,2321,2065

2328155801,1971,2211,2277

2328156805,1979,2211,2281

2328157805,1981,2201,2294

2328158805,1969,2190,2307

2328159805,1975,2193,2317

2328160805,1974,2159,2320

2328161805,1968,2163,2330

2328162805,1971,2185,2331

2328174801,1971,2165,2330

2328175805,1981,2174,2318

2328176805,1969,2166,2309

2328177805,2015,2166,2305

2328178805,1977,2174,2291

2328179805,1973,2134,2275

2328180805,1997,2177,2261

2328181805,1979,2202,2251

2328193801,1987,2295,2034

2328194805,1984,2285,2023

2328195805,1985,2297,1998

2328196805,1982,2313,1969

2328197805,1984,2293,1957

2328198805,1989,2411,1939

2328199805,1990,2345,1920

2328200805,1988,2346,1895

2328212801,1993,2394,1699

2328213805,1997,2453,1691

2328214805,1995,2493,1680

2328215805,1995,2473,1683

2328216805,1995,2486,1649

2328217805,1995,2479,1649

2328218805,1999,2481,1646

2328219805,2002,2498,1646

2328230801,1997,2497,1648

2328231805,1997,2495,1650

2328232805,1990,2490,1664

2328233805,1999,2486,1675

2328234805,2003,2481,1685

2328235805,1991,2473,1696

2328236805,1997,2474,1700

2328237805,1998,2476,1712

2328249801,1985,2383,1923

2328250805,1986,2368,1941

2328251805,1977,2359,1971

2328252805,1984,2352,1981

2328253805,1987,2346,2000

2328254805,1981,2329,2026

2328255805,1983,2320,2043

2328256805,1983,2315,2069

2328268801,1975,2214,2267

2328269805,1973,2199,2271

2328270805,1977,2192,2279

2328271805,1979,2186,2299

2328272805,1970,2182,2301

2328273805,1978,2177,2317

2328274805,1968,2169,2330

2328275805,1974,2167,2325

2328286453,1977,2151,2325

2328287805,1985,2160,2311

2328288805,1977,2160,2311

2328289805,1974,2163,2303

2328290805,1973,2169,2274

2328291805,1977,2173,2288

2328292805,1979,2181,2270

2328304801,2042,2254,2073

2328305805,1981,2263,2058

2328306805,1984,2282,2041

2328307805,1983,2291,2016

2328308805,1985,2308,1997

2328309805,1990,2301,1977

2328310805,1984,2319,1974

2328311805,1988,2327,1936

2328323801,1994,2437,1735

2328324805,1991,2448,1717

2328325805,1997,2449,1717

2328326805,1989,2459,1695

2328327805,1993,2469,1683

2328328805,1990,2470,1680

2328329805,2000,2477,1660

2328330805,2004,2475,1663

2328342801,1995,2503,1655

2328343805,1999,2506,1655

2328344805,2001,2506,1670

2328345805,1994,2496,1681

2328346805,1993,2496,1682

2328347805,1987,2489,1691

2328348805,1994,2487,1702

2328349805,1997,2480,1712

2328361801,1981,2333,1915

2328362805,1983,2389,1927

2328363805,1989,2369,1949

2328364805,1985,2368,1968

2328365805,1985,2348,1989

2328366805,1985,2341,1997

2328367805,1969,2334,2029

2328368805,1983,2327,2047

2328380801,1977,2219,2244

2328381805,1971,2212,2249

2328382805,1977,2195,2266

2328383805,1982,2194,2271

2328384805,1979,2189,2290

2328385805,1974,2174,2298

2328386805,1973,2175,2306

2328387805,1979,2164,2309

2328399801,1975,2157,2317

2328400805,1979,2150,2304

2328401805,1984,2153,2303

2328402805,1980,2158,2292

2328403805,1971,2154,2286

2328404805,1977,2163,2269

2328405805,1972,2170,2259

2328406805,1983,2178,2247

2328418801,1987,2265,2053

2328419805,1993,2269,2035

2328420805,1986,2289,2013

2328421805,1990,2300,1995

2328422805,1988,2306,1975

2328423805,1988,2318,1968

2328424805,1983,2326,1939

2328425805,1990,2340,1921

2328437801,1991,2428,1728

2328438805,1991,2455,1712

2328439805,1999,2458,1712

2328440805,2000,2465,1696

2328441805,1997,2474,1684

2328442805,1998,2481,1680

2328443805,1997,2485,1667

2328444805,1988,2490,1661

2328456801,1990,2551,1674

2328457805,1987,2501,1676

2328458805,1998,2494,1685

2328459805,1994,2498,1695

2328460805,1988,2494,1701

2328461805,1995,2493,1707

2328462805,2000,2485,1725

2328463805,1996,2480,1734

2328475801,1983,2387,1926

2328476805,1985,2375,1947

2328477805,1984,2359,1968

2328478805,1982,2367,1984

2328479805,1988,2351,2005

2328480805,1984,2331,2032

2328481805,1985,2322,2046

2328482805,1982,2315,2062

2328494801,1975,2199,2243

2328495805,1975,2209,2257

2328496805,1984,2224,2263

2328497805,1969,2187,2277

2328498805,1973,2151,2278

2328499805,1980,2160,2293

2328500805,1971,2160,2302

2328501805,1982,2155,2307

2328513801,1973,2156,2295

2328514805,1979,2160,2287

2328515805,1974,2162,2284

2328516805,1984,2166,2273

2328517805,1983,2176,2259

2328518805,1974,2163,2253

2328519805,1972,2173,2242

2328520805,1977,2187,2233

2328532801,1985,2277,2030

2328533805,1982,2287,2020

2328534805,1984,2302,1994

2328535805,1984,2307,1978

2328536805,1990,2315,1968

2328537805,1989,2325,1941

2328538805,1987,2335,1925

2328539805,1985,2345,1906

2328551801,1995,2462,1734

2328552805,2000,2464,1717

2328553805,1985,2469,1721

2328554805,1975,2474,1702

2328555805,1995,2477,1686

2328556805,2000,2487,1689

2328557805,2002,2502,1677

2328558805,2000,2495,1671

2328570801,1995,2502,1683

2328571805,1995,2497,1709

2328572805,1997,2491,1701

2328573805,1993,2493,1687

2328574805,1991,2489,1719

2328575805,1988,2480,1731

2328576805,1991,2485,1743

2328577805,1994,2466,1758

2328589801,1987,2372,1951

2328590805,1981,2372,1959

2328591805,1979,2352,1984

2328592805,1978,2339,2009

2328593805,1981,2320,2018

2328594805,1982,2321,2038

2328595805,1991,2313,2055

2328596805,1983,2298,2077

2328608801,1977,2192,2254

2328609805,1984,2187,2256

2328610805,1979,2190,2271

2328611805,1979,2173,2272

2328612805,1978,2171,2282

2328613805,1981,2167,2295

2328614805,1979,2161,2295

2328615805,1974,2161,2304

2328627801,1979,2151,2278

2328628805,1981,2153,2271

2328629805,1978,2157,2259

2328630805,1984,2167,2257

2328631805,1980,2175,2247

2328632805,1980,2179,2231

2328633805,1979,2183,2223

2328634805,1980,2190,2211

2328646801,1987,2287,2009

2328647805,1987,2309,2000

2328648805,1987,2314,1981

2328649805,1985,2315,1959

2328650805,1989,2336,1942

2328651805,1981,2347,1930

2328652805,1985,2346,1910

2328653805,1989,2399,1901

2328665801,1997,2467,1731

2328666805,1993,2480,1727

2328667805,1997,2480,1709

2328668805,1995,2484,1706

2328669805,1997,2496,1699

2328670805,1998,2495,1682

2328671805,2000,2495,1682

2328672805,1993,2501,1685

2328684801,2001,2503,1703

2328685805,1994,2503,1712

2328686805,1990,2489,1717

2328687805,1993,2491,1722

2328688805,1997,2493,1740

2328689805,1990,2475,1757

2328690805,1989,2467,1760

2328691805,1989,2461,1767

2328703801,1982,2365,1965

2328704805,1986,2352,1977

2328705805,1981,2341,2000

2328706805,1982,2319,2007

2328707805,1983,2317,2033

2328708805,1978,2307,2054

2328709805,2008,2289,2070

2328710805,1977,2287,2091

2328722801,1975,2183,2251

2328723805,1981,2176,2258

2328724805,1978,2176,2272

2328725805,1973,2167,2267

2328726805,1979,2160,2275

2328727805,1983,2159,2291

2328728805,1971,2148,2283

2328729805,1975,2151,2289

2328741801,1977,2160,2273

2328742805,1981,2160,2258

2328743805,1983,2157,2247

2328744805,1973,2166,2234

2328745805,1981,2178,2224

2328746805,1974,2174,2223

2328747805,1983,2180,2211

2328748805,1979,2193,2192

2328760801,1989,2304,1994

2328761805,1986,2303,1984

2328762805,1981,2320,1967

2328763805,1984,2330,1940

2328764805,1987,2349,1933

2328765805,1986,2353,1917

2328766805,1986,2351,1894

2328767805,1984,2374,1877

2328779801,1998,2475,1727

2328780805,1999,2479,1721

2328781805,1984,2483,1718

2328782805,1999,2492,1706

2328783805,1999,2496,1698

2328784805,1996,2496,1690

2328785805,1991,2495,1687

2328786805,2000,2506,1687

2328798801,1986,2491,1712

2328799805,2000,2494,1728

2328800805,1997,2481,1741

2328801805,1993,2478,1755

2328802805,1995,2477,1755

2328803805,1986,2469,1770

2328804805,1987,2459,1777

2328805805,1991,2454,1794

2328817801,1983,2341,1978

2328818805,1983,2335,1993

2328819805,1979,2330,2014

2328820805,1985,2314,2028

2328821805,1981,2311,2053

2328822805,1981,2290,2064

2328823805,1986,2288,2077

2328824805,1984,2273,2096

2328836801,1983,2187,2245

2328837805,1989,2169,2253

2328838805,1979,2170,2262

2328839805,1975,2171,2266

2328840805,1979,2161,2273

2328841805,1979,2151,2279

2328842805,1981,2144,2283

2328843805,1979,2146,2283

2328855801,1984,2163,2243

2328856805,1979,2161,2240

2328857805,1984,2174,2228

2328858805,1975,2178,2224

2328859805,1978,2187,2218

2328860805,1982,2199,2197

2328861805,1970,2193,2190

2328862805,1979,2208,2176

2328874801,1982,2321,1989

2328875805,1987,2334,1971

2328876805,1987,2335,1957

2328877805,1978,2343,1937

2328878805,1989,2353,1919

2328879805,1985,2359,1904

2328880805,1987,2372,1903

2328881805,1985,2387,1875

2328893801,1995,2475,1735

2328894805,1994,2486,1726

2328895805,1995,2496,1711

2328896805,1994,2491,1706

2328897805,2004,2498,1703

2328898805,1993,2495,1696

2328899805,1994,2495,1690

2328900805,2000,2505,1685

2328912801,1996,2483,1734

2328913805,1990,2480,1739

2328914805,1991,2474,1767

2328915805,1991,2469,1761

2328916805,1987,2465,1770

2328917805,1994,2449,1774

2328918805,1997,2450,1797

2328919805,1982,2447,1808

2328931801,1978,2321,1999

2328932805,1990,2316,2004

2328933805,1979,2309,2030

2328934805,1989,2297,2033

2328935805,1984,2285,2064

2328936805,1983,2283,2079

2328937805,1981,2271,2096

2328938805,1983,2263,2105

2328950801,1971,2175,2241

2328951805,1975,2171,2256

2328952805,1981,2162,2261

2328953805,1974,2160,2265

2328954805,1975,2151,2275

2328955805,1982,2160,2272

2328956805,1973,2150,2281

2328957805,1977,2151,2286

2328969801,1975,2175,2241

2328970805,1984,2167,2228

2328971805,1979,2178,2220

2328972805,1983,2193,2209

2328973805,1979,2194,2192

2328974805,1978,2199,2191

2328975805,1979,2211,2177

2328976805,1984,2224,2158

2328988801,1982,2330,1975

2328989805,1988,2350,1962

2328990805,1984,2358,1941

2328991805,1991,2365,1925

2328992805,1983,2373,1916

2328993805,1987,2382,1891

2328994805,1991,2395,1873

2328995805,1986,2398,1866

2329007801,1993,2486,1728

2329008817,1991,2493,1677

2329009805,1995,2492,1718

2329010805,1995,2500,1707

2329011805,1998,2508,1706

2329012805,2000,2512,1699

2329013805,2005,2506,1691

2329014805,2000,2511,1697

2329026801,1995,2474,1742

2329027805,1986,2474,1753

2329028805,1997,2471,1759

2329029805,1991,2460,1779

2329030805,1984,2452,1779

2329031805,1991,2437,1795

2329032805,1987,2436,1797

2329033805,1991,2427,1826

2329045801,1983,2320,2000

2329046805,1984,2299,2023

2329047805,1979,2298,2032

2329048805,1982,2285,2061

2329049805,1977,2272,2078

2329050805,1978,2278,2085

2329051805,1984,2262,2100

2329052805,1987,2256,2117

2329064801,1978,2160,2241

2329065805,1981,2158,2255

2329066805,1979,2160,2259

2329067805,1984,2166,2267

2329068805,1973,2155,2263

2329069805,1969,2145,2271

2329070805,1981,2145,2275

2329071805,1979,2147,2274

2329082801,1975,2178,2230

2329083805,1980,2183,2224

2329084805,1984,2269,2213

2329085805,1979,2199,2209

2329086805,1984,2203,2192

2329087805,1979,2206,2178

2329088805,1978,2212,2166

2329089805,1984,2221,2160

2329101801,1985,2339,1973

2329102805,1987,2343,1963

2329103805,1989,2352,1938

2329104805,1984,2355,1927

2329105805,1985,2375,1920

2329106805,1990,2393,1899

2329107805,1999,2387,1887

2329108805,1991,2402,1878

2329120801,1995,2483,1728

2329121805,1993,2485,1727

2329122805,2000,2488,1719

2329123805,1999,2497,1712

2329124805,1999,2497,1712

2329125805,1991,2503,1699

2329126805,2000,2497,1710

2329127805,1993,2499,1696

2329138453,1998,2476,1739

2329139805,1995,2461,1743

2329140805,1991,2463,1751

2329141805,1986,2463,1765

2329142805,1989,2454,1771

2329143805,1993,2447,1787

2329144805,1989,2438,1797

2329156801,1991,2325,1969

2329157805,1994,2320,1985

2329158805,1964,2310,2003

2329159805,1984,2299,2013

2329160805,1981,2297,2031

2329161805,1985,2287,2057

2329162805,1984,2273,2064

2329163805,1984,2257,2081

2329175801,1983,2174,2231

2329176805,1980,2173,2238

2329177805,1983,2169,2247

2329178805,1977,2161,2251

2329179805,1978,2166,2255

2329180805,1982,2159,2256

2329181805,1975,2153,2262

2329182805,1983,2151,2261

2329194801,1982,2179,2245

2329195805,1981,2182,2235

2329196805,1983,2187,2223

2329197805,1979,2192,2218

2329198805,1983,2210,2195

2329199805,1977,2209,2188

2329200805,1982,2222,2183

2329201805,1984,2219,2171

2329213801,1986,2331,1989

2329214805,1987,2343,1979

2329215805,1998,2352,1963

2329216805,1985,2358,1946

2329217805,1983,2367,1938

2329218805,1990,2375,1920

2329219805,1984,2378,1898

2329220805,1988,2385,1888

2329232801,1998,2480,1744

2329233805,2000,2485,1737

2329234805,1999,2485,1739

2329235805,2000,2485,1727

2329236805,1997,2487,1731

2329237805,1995,2489,1719

2329238805,1991,2518,1712

2329239805,1995,2496,1712

2329250801,1991,2483,1735

2329251805,1995,2473,1744

2329252805,1999,2463,1750

2329253805,1991,2459,1764

2329254805,1991,2459,1774

2329255805,1988,2447,1777

2329256805,1994,2442,1786

2329257805,1990,2431,1794

2329269801,1988,2334,1968

2329270805,1984,2320,1983

2329271805,1987,2315,2000

2329272805,1979,2302,2015

2329273805,1980,2289,2029

2329274805,1984,2335,2046

2329275805,1985,2271,2067

2329276805,1981,2267,2087

2329288801,1980,2181,2224

2329289805,1971,2183,2224

2329290805,1985,2175,2237

2329291805,1984,2165,2222

2329292805,1979,2167,2256

2329293805,1983,2160,2263

2329294805,1983,2160,2253

2329295805,1975,2163,2257

2329306453,1984,2176,2239

2329307805,1975,2183,2233

2329308805,1984,2181,2228

2329309805,1975,2192,2215

2329310805,1982,2204,2215

2329311805,1981,2206,2203

2329312805,1980,2221,2188

2329324801,1984,2318,2028

2329325805,1983,2324,2017

2329326805,1981,2331,1999

2329327805,1985,2338,1983

2329328805,1984,2354,1968

2329329805,1985,2355,1951

2329330805,1985,2366,1933

2329331805,1986,2379,1919

2329343801,1987,2464,1773

2329344805,1994,2470,1773

2329345805,1995,2471,1751

2329346805,1991,2523,1744

2329347805,1994,2484,1741

2329348805,1991,2481,1735

2329349805,1995,2487,1728

2329350805,1997,2493,1718

2329362801,1997,2468,1728

2329363805,1996,2468,1744

2329364805,1999,2458,1744

2329365805,1989,2459,1760

2329366805,1999,2448,1758

2329367805,1995,2448,1765

2329368805,1991,2450,1777

2329369805,1989,2438,1793

2329381801,1984,2339,1946

2329382805,1987,2331,1967

2329383805,1988,2321,1984

2329384805,1987,2306,1990

2329385805,1977,2295,2007

2329386805,1981,2291,2029

2329387805,1983,2283,2039

2329388805,1984,2274,2054

2329400801,1979,2191,2281

2329401805,1984,2191,2211

2329402805,1985,2182,2234

2329403805,1982,2185,2225

2329404805,1982,2183,2239

2329405805,1975,2175,2240

2329406805,1977,2169,2247

2329407805,1974,2161,2256

2329418801,1981,2187,2247

2329419805,1970,2183,2235

2329420805,1974,2128,2231

2329421805,1975,2195,2223

2329422805,1970,2209,2213

2329423805,1981,2207,2219

2329424805,1977,2205,2194

2329425805,1979,2222,2176

2329437801,1979,2322,2022

2329438805,1982,2327,2017

2329439805,1982,2336,2000

2329440805,1983,2341,1985

2329441805,1985,2352,1966

2329442805,1983,2364,1963

2329443805,1990,2371,1943

2329444805,1984,2367,1925

2329456801,1999,2455,1778

2329457805,1997,2464,1764

2329458805,1991,2466,1755

2329459805,1996,2469,1745

2329460805,2010,2480,1744

2329461805,2000,2477,1741

2329462805,1988,2482,1738

2329463805,1989,2481,1725

2329474453,1994,2469,1734

2329475805,1995,2463,1739

2329476805,1994,2455,1744

2329477805,2000,2459,1749

2329478805,1995,2433,1762

2329479805,1994,2448,1744

2329480805,1989,2439,1775

2329492801,1989,2350,1919

2329493805,1992,2345,1936

2329494805,1990,2336,1971

2329495805,1985,2276,1966

2329496805,1987,2311,1983

2329497805,1983,2303,1997

2329498805,1987,2300,2006

2329499805,1983,2283,2029

2329511801,1984,2206,2189

2329512805,1982,2193,2195

2329513805,1981,2195,2201

2329514805,1983,2186,2218

2329515805,1981,2185,2218

2329516805,1977,2181,2226

2329517805,1982,2181,2239

2329518805,1979,2182,2245

2329530801,1979,2177,2239

2329531805,1977,2192,2238

2329532805,1973,2198,2241

2329533805,1985,2201,2225

2329534805,1980,2208,2223

2329535805,1982,2204,2213

2329536805,1982,2208,2205

2329537805,1984,2220,2202

2329549801,1984,2309,2055

2329550805,1990,2313,2032

2329551805,1991,2319,2007

2329552805,1981,2325,1999

2329553805,1989,2339,1989

2329554805,1985,2355,1957

2329555805,1984,2352,1961

2329556805,1983,2365,1936

2329568801,1987,2452,1794

2329569805,1985,2450,1776

2329570805,1995,2459,1772

2329571805,1987,2463,1767

2329572805,1998,2469,1755

2329573805,1990,2467,1747

2329574805,1998,2471,1744

2329575805,1989,2470,1728

2329587801,1997,2460,1727

2329588805,2013,2457,1744

2329589805,1991,2455,1744

2329590805,1999,2443,1757

2329591805,1994,2442,1757

2329592805,1999,2433,1763

2329593805,2000,2438,1773

2329594805,1989,2423,1788

2329606801,1991,2338,1939

2329607805,1983,2330,1949

2329608805,1977,2322,1963

2329609805,1990,2319,1981

2329610805,1988,2313,1986

2329611805,1981,2296,2010

2329612805,1979,2288,2032

2329613805,1984,2287,2043

2329625801,1983,2221,2191

2329626805,1978,2199,2195

2329627805,1980,2198,2219

2329628805,1979,2202,2218

2329629805,1973,2192,2255

2329630805,1971,2192,2233

2329631805,1979,2187,2239

2329632805,1973,2179,2246

2329644801,1982,2203,2241

2329645805,1975,2199,2206

2329646805,1973,2201,2226

2329647805,1979,2207,2214

2329648805,1983,2207,2211

2329649805,1982,2218,2207

2329650805,1979,2226,2196

2329651805,1975,2224,2175

2329663801,1991,2320,2029

2329664805,1985,2325,2038

2329665805,1984,2335,2009

2329666805,1982,2345,1987

2329667805,1989,2354,1973

2329668805,1985,2361,1950

2329669805,1991,2374,1941

2329670805,1966,2365,1922

2329682801,1999,2454,1781

2329683805,1989,2450,1771

2329684805,1993,2453,1776

2329685805,2064,2452,1758

2329686805,1997,2475,1746

2329687805,1991,2468,1744

2329688805,1989,2473,1743

2329689805,1996,2481,1701

2329701801,1993,2459,1739

2329702805,1989,2448,1744

2329703805,1997,2443,1775

2329704805,2000,2447,1762

2329705805,1997,2439,1774

2329706805,1996,2429,1761

2329707805,1991,2427,1792

2329708805,1994,2420,1797

2329720801,1995,2323,1952

2329721805,1968,2317,1981

2329722805,1967,2322,1995

2329723805,1980,2305,1994

2329724805,1987,2294,2062

2329725805,1983,2300,2025

2329726805,1983,2320,2037

2329727805,1984,2277,2061

2329739801,1978,2203,2193

2329740805,1981,2206,2163

2329741805,1979,2202,2201

2329742805,1985,2198,2213

2329743805,1957,2193,2224

2329744805,1983,2192,2225

2329745805,1974,2194,2234

2329746805,1979,2192,2266

2329758801,1984,2210,2241

2329759819,1988,2215,2223

2329760805,2000,2219,2219

2329761805,1981,2227,2203

2329762805,1985,2224,2198

2329763805,1983,2225,2205

2329764805,1979,2249,2186

2329765805,1980,2239,2175

2329777801,1982,2334,2018

2329778805,1989,2336,1999

2329779805,1983,2349,1982

2329780805,1986,2353,1968

2329781805,1986,2362,1954

2329782805,1988,2366,1941

2329783805,1987,2368,1922

2329784805,1982,2378,1909

2329796801,1986,2447,1767

2329797805,1999,2449,1774

2329798805,1932,2458,1762

2329799805,1994,2463,1753

2329800805,1989,2467,1743

2329801805,1998,2462,1744

2329802805,1998,2464,1734

2329803805,1993,2458,1739

2329815837,1993,2445,1750

2329816805,1991,2446,1764

2329817805,1985,2437,1774

2329818805,1991,2432,1770

2329819805,1995,2429,1778

2329820805,1991,2426,1790

2329821805,1995,2415,1808

2329822805,1996,2415,1817

2329833801,1965,2331,1968

2329834805,1988,2321,1974

2329835805,1993,2320,1977

2329836805,1982,2314,1998

2329837805,1986,2297,2006

2329838805,1987,2297,2021

2329839805,1983,2286,2032

2329840805,1987,2277,2046

2329852801,1975,2215,2196

2329853805,1955,2206,2203

2329854805,1968,2201,2231

2329855805,1975,2192,2218

2329856805,1979,2202,2224

2329857805,1981,2199,2227

2329858805,1998,2190,2231

2329859805,1982,2189,2203

2329871803,1981,2209,2218

2329872805,1981,2215,2215

2329873805,1974,2223,2217

2329874805,1981,2226,2202

2329875805,1970,2227,2202

2329876805,1977,2234,2189

2329877805,1971,2241,2178

2329878805,1973,2240,2174

2329889453,1984,2307,2091

2329890805,1975,2320,2015

2329891805,1979,2333,2000

2329892805,1990,2337,1984

2329893805,1990,2352,1962

2329894805,1975,2353,1952

2329895805,1968,2362,1939

2329907801,1985,2432,1797

2329908805,1999,2436,1786

2329909805,1991,2438,1776

2329910805,2000,2451,1770

2329911805,1971,2443,1762

2329912805,2034,2451,1779

2329913805,2000,2453,1750

2329914805,1995,2460,1749

2329926801,2000,2448,1744

2329927805,2026,2448,1774

2329928805,2000,2446,1765

2329929805,1961,2437,1763

2329930805,2022,2437,1772

2329931805,1989,2434,1781

2329932805,1991,2425,1780

2329933805,2001,2419,1792

2329945801,1983,2349,1947

2329946805,1987,2336,1958

2329947805,1983,2326,1959

2329948805,1981,2327,1975

2329949805,1994,2314,1997

2329950805,1984,2309,2003

2329951805,1984,2301,2026

2329952805,2026,2288,2033

2329964801,1994,2221,2182

2329965805,1994,2216,2192

2329966805,1978,2218,2199

2329967805,1993,2209,2202

2329968805,1983,2208,2219

2329969805,1981,2209,2219

2329970805,1974,2207,2213

2329971805,1979,2197,2226

2329983811,1978,2210,2224

2329984805,1983,2214,2196

2329985805,1974,2218,2215

2329986805,2011,2227,2201

2329987805,1981,2226,2195

2329988805,1984,2231,2195

2329989805,1979,2225,2179

2329990805,1977,2240,2160

2330002801,1982,2320,2028

2330003805,1981,2321,2017

2330004805,2028,2326,1994

2330005805,1994,2351,1983

2330006805,1995,2348,1977

2330007805,1986,2354,1955

2330008805,1991,2352,1942

2330009805,1978,2368,1936

2330021801,1999,2434,1790

2330022805,1987,2445,1776

2330023805,1932,2441,1798

2330024805,1968,2435,1766

2330025805,1988,2448,1791

2330026805,1999,2447,1749

2330027805,1991,2451,1750

2330028805,1999,2458,1734

2330040801,1994,2442,1745

2330041805,2003,2435,1761

2330042805,1993,2436,1771

2330043805,2054,2431,1781

2330044805,2000,2423,1787

2330045805,1990,2415,1798

2330046805,1989,2415,1804

2330047805,1997,2414,1814

2330059801,2037,2334,1904

2330060805,1989,2331,1954

2330061805,1985,2327,1982

2330062805,1985,2316,2000

2330063805,2015,2305,1968

2330064805,1984,2302,2031

2330065805,1983,2290,2035

2330066805,1981,2291,2055

2330078801,1998,2224,2192

2330079805,1979,2215,2198

2330080805,1985,2208,2209

2330081805,1984,2213,2215

2330082805,1977,2214,2221

2330083805,1973,2210,2218

2330084805,1983,2208,2221

2330085805,1979,2208,2224

2330097801,1967,2217,2219

2330098805,1983,2219,2208

2330099805,1982,2224,2201

2330100805,2015,2224,2245

2330101805,1981,2239,2193

2330102805,1981,2231,2181

2330103805,1978,2240,2172

2330104805,1984,2250,2160

2330116801,1981,2323,2010

2330117805,1997,2320,2000

2330118805,1984,2335,1984

2330119805,2017,2339,1970

2330120805,1995,2352,1955

2330121805,1987,2352,1943

2330122805,1995,2362,1934

2330123805,1981,2371,1917

2330135801,1993,2431,1782

2330136805,1993,2435,1776

2330137805,1995,2442,1741

2330138805,1978,2442,1757

2330139805,1975,2448,1760

2330140805,1997,2448,1755

2330141805,1993,2450,1747

2330142805,1990,2452,1697

2330154801,1983,2431,1820

2330155805,1989,2430,1773

2330156805,1999,2425,1783

2330157805,1999,2428,1790

2330158805,1985,2423,1795

2330159805,1995,2415,1808

2330160805,1994,2413,1817

2330161805,1991,2403,1831

2330173801,1997,2338,1975

2330174805,1964,2328,1989

2330175805,1986,2320,2000

2330176805,1967,2315,2001

2330177805,1977,2302,2022

2330178805,2003,2295,2038

2330179805,1982,2288,2059

2330180805,1947,2283,2066

2330192801,1993,2230,2161

2330193805,1960,2224,2195

2330194805,1985,2210,2208

2330195805,1979,2215,2211

2330196805,1970,2207,2219

2330197805,1978,2207,2218

2330198805,1983,2207,2223

2330199805,1981,2210,2225

2330211801,1984,2224,2215

2330212805,1981,2221,2205

2330213805,1983,2221,2187

2330214805,2055,2231,2178

2330215805,1981,2235,2171

2330216805,1984,2242,2160

2330217805,2000,2240,2117

2330218805,2001,2246,2143

2330230801,1981,2327,1993

2330231805,1979,2331,1986

2330232805,1980,2339,1965

2330233805,2002,2353,1955

2330234805,1991,2353,1947

2330235805,1997,2356,1927

2330236805,1995,2369,1887

2330237805,1991,2377,1893

2330249801,1990,2432,1789

2330250805,1968,2433,1776

2330251805,1990,2443,1766

2330252805,2014,2436,1759

2330253805,1985,2437,1760

2330254805,1989,2438,1756

2330255805,1994,2445,1751

2330256805,1997,2448,1745

2330268801,1993,2434,1776

2330269805,1988,2425,1787

2330270805,1999,2423,1792

2330271805,2019,2424,1807

2330272805,1994,2417,1802

2330273805,1998,2416,1819

2330274805,1995,2413,1824

2330275805,1965,2399,1840

2330287801,1969,2333,1984

2330288805,1984,2320,2000

2330289805,1984,2317,2015

2330290805,1987,2307,2031

2330291805,1982,2298,2037

2330292805,1977,2293,2062

2330293805,1985,2289,2067

2330294805,2001,2282,2075

2330306801,1980,2224,2195

2330307805,1979,2222,2202

2330308805,1993,2223,2202

2330309805,1977,2214,2217

2330310805,1977,2214,2219

2330311805,1977,2217,2211

2330312805,1979,2211,2226

2330313805,1980,2215,2226

2330325801,1983,2223,2192

2330326805,1986,2219,2181

2330327805,1984,2229,2176

2330328805,1981,2236,2165

2330329805,1983,2240,2160

2330330805,1974,2247,2150

2330331805,1974,2256,2133

2330332805,1978,2256,2122

2330344801,1993,2327,1951

2330345805,1986,2347,1968

2330346805,1989,2343,1961

2330347805,1986,2352,1948

2330348805,1986,2360,1936

2330349805,1985,2360,1902

2330350805,1989,2369,1904

2330351805,1990,2373,1902

2330363801,1997,2431,1779

2330364805,1994,2432,1743

2330365805,2000,2435,1759

2330366805,1969,2443,1765

2330367805,1996,2441,1757

2330368805,1991,2446,1757

2330369805,1993,2448,1751

2330370805,1994,2443,1744

2330382801,1979,2423,1792

2330383805,1993,2430,1797

2330384805,1998,2419,1809

2330385805,1958,2422,1812

2330386805,1993,2413,1823

2330387805,1990,2405,1840

2330388805,1990,2396,1842

2330389805,1990,2390,1855

2330401801,1975,2322,2000

2330402805,1984,2319,2003

2330403805,1985,2310,2032

2330404805,2014,2300,2037

2330405805,1985,2301,2057

2330406805,1985,2292,2064

2330407805,1984,2288,2077

2330408805,1984,2273,2086

2330420819,1977,2221,2197

2330421805,1979,2222,2200

2330422805,1982,2210,2209

2330423805,2027,2218,2213

2330424805,1979,2219,2218

2330425805,2007,2220,2209

2330426805,1983,2209,2222

2330427805,1982,2211,2215

2330439801,1981,2229,2185

2330440805,1995,2227,2179

2330441805,1983,2231,2157

2330442805,1969,2230,2151

2330443805,1983,2255,2149

2330444805,1974,2249,2134

2330445805,1983,2246,2121

2330446805,1986,2262,2119

2330458801,1990,2333,1968

2330459805,1985,2342,1952

2330460805,1984,2342,1933

2330461805,1990,2354,1926

2330462805,1985,2363,1917

2330463805,1983,2362,1903

2330464805,1973,2369,1892

2330465805,1986,2384,1883

2330477801,1999,2434,1776

2330478805,2023,2435,1771

2330479805,2000,2432,1767

2330480805,1991,2437,1765

2330481805,1991,2453,1763

2330482805,1998,2443,1757

2330483805,2000,2445,1759

2330484805,1994,2446,1755

2330496801,2057,2421,1805

2330497805,1985,2426,1809

2330498805,1995,2416,1824

2330499805,1988,2409,1834

2330500805,1982,2407,1839

2330501805,1989,2402,1840

2330502805,1985,2391,1857

2330503805,1987,2389,1866

2330515801,1985,2316,2020

2330516805,1983,2311,2021

2330517805,1989,2302,2041

2330518805,1991,2304,2058

2330519805,2013,2289,2127

2330520805,1982,2283,2075

2330521805,1984,2283,2096

2330522805,1983,2273,2103

2330534801,1983,2226,2199

2330535805,1989,2217,2151

2330536805,1981,2215,2205

2330537805,1941,2215,2213

2330538805,1963,2213,2207

2330539805,1979,2212,2219

2330540805,1981,2211,2211

2330541805,1965,2211,2211

2330553801,1961,2240,2157

2330554805,1986,2237,2159

2330555805,1966,2240,2185

2330556805,1958,2240,2141

2330557805,2045,2255,2128

2330558805,1984,2251,2127

2330559805,1979,2251,2116

2330560805,1946,2261,2098

2330572801,1988,2344,1935

2330573805,1971,2351,1947

2330574805,1980,2352,1931

2330575805,1987,2354,1910

2330576805,2016,2369,1904

2330577805,2002,2368,1891

2330578805,1985,2374,1882

2330579805,1969,2384,1870

2330591801,1991,2434,1767

2330592805,1987,2436,1775

2330593805,1997,2446,1770

2330594805,1984,2445,1765

2330595805,2001,2446,1803

2330596805,1987,2439,1760

2330597805,1990,2437,1772

2330598805,1997,2448,1769

2330610801,1990,2420,1815

2330611805,1989,2418,1831

2330612805,1995,2413,1839

2330613805,1968,2401,1849

2330614805,1989,2404,1851

2330615805,1997,2396,1859

2330616805,1993,2398,1872

2330617805,1987,2387,1880

2330629801,1979,2318,2027

2330630805,1993,2307,2043

2330631805,1987,2313,2047

2330632805,1991,2288,2067

2330633805,1983,2287,2078

2330634805,1983,2277,2083

2330635805,1984,2274,2099

2330636805,1981,2275,2110

2330648801,1980,2223,2192

2330649805,1989,2218,2202

2330650805,1981,2225,2199

2330651805,2029,2215,2201

2330652805,1974,2207,2208

2330653805,1984,2210,2206

2330654805,1983,2215,2211

2330655805,1979,2219,2258

2330667801,1983,2235,2157

2330668805,1984,2233,2143

2330669805,1981,2243,2131

2330670805,2000,2254,2129

2330671805,1982,2254,2124

2330672805,1983,2260,2111

2330673805,1981,2267,2105

2330674805,1981,2276,2091

2330686801,1985,2349,1928

2330687805,1989,2346,1927

2330688805,1983,2359,1918

2330689805,2029,2358,1903

2330690805,1987,2365,1900

2330691805,1993,2373,1893

2330692805,1991,2384,1873

2330693805,1991,2384,1865

2330705801,1994,2431,1776

2330706805,1995,2439,1778

2330707805,1989,2448,1771

2330708805,2009,2448,1770

2330709805,1996,2446,1769

2330710805,2000,2441,1767

2330711805,1999,2442,1761

2330712805,1985,2431,1767

2330724801,2000,2418,1825

2330725805,2000,2420,1842

2330726805,1990,2416,1856

2330727805,1968,2397,1861

2330728805,1993,2393,1865

2330729805,1987,2398,1880

2330730805,1985,2385,1890

2330731805,1986,2383,1898

2330743801,1986,2307,2042

2330744805,1987,2299,2054

2330745805,1984,2298,2061

2330746805,1995,2288,2071

2330747805,1989,2285,2081

2330748805,1984,2279,2095

2330749805,1983,2272,2113

2330750805,1978,2273,2115

2330762801,1984,2219,2193

2330763805,1977,2217,2192

2330764805,1983,2208,2197

2330765805,1990,2205,2199

2330766805,1975,2222,2198

2330767805,1974,2219,2209

2330768805,1974,2205,2203

2330769805,1979,2215,2202

2330781801,1982,2241,2135

2330782805,1985,2250,2128

2330783805,1989,2249,2117

2330784805,1936,2257,2111

2330785805,1977,2256,2109

2330786805,1986,2257,2099

2330787805,1984,2274,2039

2330788805,1984,2278,2073

2330800801,1975,2352,1934

2330801805,1985,2355,1910

2330802805,1987,2368,1914

2330803805,1941,2366,1864

2330804805,1994,2368,1891

2330805805,1983,2384,1875

2330806805,1994,2391,1861

2330807805,1987,2384,1861

2330819801,1984,2442,1786

2330820805,1989,2438,1776

2330821805,1997,2439,1777

2330822805,1985,2441,1780

2330823805,1974,2439,1776

2330824805,1997,2445,1779

2330825805,1991,2439,1842

2330826805,1986,2437,1783

2330838801,1985,2411,1847

2330839805,1987,2403,1855

2330840805,1986,2409,1859

2330841805,1979,2399,1866

2330842805,1985,2385,1877

2330843805,1984,2384,1888

2330844805,1989,2380,1898

2330845805,1984,2372,1908

2330857801,1984,2301,2042

2330858805,1984,2292,2061

2330859805,1986,2288,2073

2330860805,1954,2287,2090

2330861805,1974,2274,2096

2330862805,1984,2270,2110

2330863805,1982,2270,2114

2330864805,1981,2256,2122

2330876801,1983,2209,2191

2330877805,1979,2221,2197

2330878805,1985,2214,2192

2330879805,1968,2215,2169

2330880805,1983,2207,2193

2330881805,1981,2208,2207

2330882805,1985,2211,2187

2330883805,1983,2237,2192

2330895801,1985,2239,2130

2330896805,1984,2256,2112

2330897805,1984,2252,2115

2330898805,1968,2256,2103

2330899805,1987,2260,2087

2330900805,1983,2267,2078

2330901805,1984,2275,2016

2330902805,1977,2286,2059

2330914801,1989,2363,1920

2330915805,1991,2365,1911

2330916805,1986,2372,1904

2330917805,1968,2382,1859

2330918805,1993,2384,1882

2330919805,1994,2388,1871

2330920805,1990,2391,1857

2330921805,1997,2393,1845

2330933801,1988,2445,1791

2330934805,1995,2443,1780

2330935805,1995,2442,1782

2330936805,2035,2437,1776

2330937805,1997,2447,1777

2330938805,1994,2438,1776

2330939805,1987,2446,1781

2330940805,1987,2441,1787

2330952801,1993,2413,1853

2330953805,1987,2401,1857

2330954805,1993,2487,1869

2330955805,1994,2399,1887

2330956805,1991,2387,1893

2330957805,1988,2382,1904

2330958805,1984,2381,1936

2330959805,1994,2369,1918

2330971801,1987,2291,2064

2330972805,1983,2294,2064

2330973805,1984,2281,2086

2330974805,1983,2282,2089

2330975805,1999,2274,2099

2330976805,1984,2263,2112

2330977805,1982,2261,2126

2330978805,1985,2240,2132

2330990801,1984,2213,2190

2330991805,1981,2213,2185

2330992805,1979,2214,2195

2330993805,1983,2207,2174

2330994805,1981,2209,2195

2330995805,1985,2214,2206

2330996805,1985,2219,2188

2330997805,1981,2219,2187

2331009801,1979,2256,2112

2331010805,1984,2256,2110

2331011805,1980,2258,2096

2331012805,1965,2266,2087

2331013805,1981,2279,2078

2331014805,1979,2288,2062

2331015805,1984,2283,2064

2331016805,1987,2288,2054

2331028801,1994,2371,1910

2331029805,1997,2370,1909

2331030805,1989,2375,1893

2331031805,1941,2384,1884

2331032805,1985,2385,1875

2331033805,1985,2390,1869

2331034805,1991,2394,1839

2331035805,1991,2402,1844

2331047801,1996,2434,1785

2331048805,1995,2448,1783

2331049805,1995,2442,1779

2331050805,1979,2441,1776

2331051805,1997,2442,1785

2331052805,1987,2439,1783

2331053805,1993,2446,1793

2331054805,1989,2448,1790

2331066801,1983,2401,1859

2331067805,1990,2397,1879

2331068805,1982,2421,1889

2331069805,1994,2384,1888

2331070805,1987,2378,1902

2331071805,1989,2370,1909

2331072805,1984,2361,1925

2331073805,1985,2372,1933

2331085801,1981,2288,2067

2331086805,1975,2285,2081

2331087805,1977,2277,2093

2331088805,2035,2270,2140

2331089805,1983,2259,2112

2331090805,1984,2272,2112

2331091805,2021,2256,2128

2331092805,1980,2277,2128

2331104801,1981,2220,2195

2331105805,1990,2219,2191

2331106805,1986,2215,2192

2331107805,1964,2220,2183

2331108805,1979,2155,2187

2331109805,1986,2212,2186

2331110805,1981,2217,2188

2331111805,1982,2240,2181

2331123801,1984,2256,2111

2331124805,1984,2273,2102

2331125805,1989,2267,2089

2331126805,1965,2277,2067

2331127805,1983,2285,2070

2331128805,1985,2288,2058

2331129805,2000,2298,2111

2331130805,1988,2299,2032

2331142801,1987,2398,1959

2331143805,2000,2348,1897

2331144805,1986,2379,1886

2331145805,2014,2384,1872

2331146805,1989,2387,1867

2331147805,1998,2365,1856

2331148805,1995,2405,1853

2331149805,1997,2415,1842

2331161801,1991,2430,1792

2331162805,1999,2412,1793

2331163805,1984,2437,1792

2331164805,2000,2439,1776

2331165805,1994,2458,1792

2331166805,1991,2437,1793

2331167805,1989,2437,1791

2331168805,2000,2422,1792

2331180801,1985,2396,1884

2331181805,1989,2396,1887

2331182805,1983,2382,1891

2331183805,1975,2381,1911

2331184805,1993,2366,1915

2331185805,1984,2369,1929

2331186805,1985,2366,1931

2331187805,1984,2351,1947

2331199801,1984,2288,2078

2331200805,1984,2273,2095

2331201805,1986,2275,2096

2331202805,1983,2266,2108

2331203805,1984,2257,2114

2331204805,1987,2257,2119

2331205805,1982,2247,2129

2331206805,1983,2329,2137

2331218801,1981,2224,2187

2331219805,1983,2191,2192

2331220805,1979,2214,2179

2331221805,1989,2224,2180

2331222805,1982,2223,2183

2331223805,1984,2228,2179

2331224805,1981,2218,2176

2331225805,1979,2223,2169

2331237801,1982,2272,2096

2331238805,1994,2273,2085

2331239805,1985,2274,2079

2331240805,1975,2282,2064

2331241805,1982,2289,2059

2331242805,1980,2294,2039

2331243805,1961,2303,2029

2331244805,1985,2315,2022

2331256801,2000,2384,1899

2331257805,2000,2383,1890

2331258805,1985,2384,1875

2331259805,1985,2396,1872

2331260805,1989,2379,1867

2331261805,1989,2419,1856

2331262805,1998,2405,1851

2331263805,1991,2431,1839

2331275801,1997,2453,1797

2331276805,1994,2443,1797

2331277805,1994,2391,1794

2331278805,2031,2441,1805

2331279805,1987,2443,1803

2331280805,1999,2432,1799

2331281805,1987,2432,1807

2331282805,1984,2431,1808

2331294801,1987,2384,1888

2331295805,1990,2378,1903

2331296805,1984,2378,1904

2331297805,1967,2367,1909

2331298805,1995,2366,1926

2331299805,1989,2352,1934

2331300805,2000,2352,1939

2331301805,1981,2346,1959

2331313801,1984,2281,2087

2331314805,1985,2270,2096

2331315805,1984,2261,2097

2331316805,1973,2263,2107

2331317805,1986,2259,2117

2331318805,1983,2251,2127

2331319805,1987,2243,2150

2331320805,1986,2239,2133

2331332801,1984,2202,2173

2331333805,1989,2223,2190

2331334805,1981,2223,2176

2331335805,1968,2224,2176

2331336805,1983,2227,2173

2331337805,1980,2239,2169

2331338805,1970,2224,2159

2331339805,1980,2230,2151

2331351801,1982,2279,2091

2331352805,1985,2277,2074

2331353805,1980,2288,2063

2331354805,2009,2291,2060

2331355805,1984,2291,2034

2331356805,1990,2301,2032

2331357805,2000,2305,2017

2331358805,1989,2294,2017

2331370801,1991,2391,1890

2331371805,1986,2384,1875

2331372805,1985,2394,1869

2331373805,1968,2395,1858

2331374805,1983,2397,1862

2331375805,1995,2400,1847

2331376805,1990,2414,1840

2331377805,1998,2416,1840

2331389801,1991,2458,1791

2331390805,1995,2449,1806

2331391805,1995,2433,1804

2331392805,1961,2431,1867

2331393805,1986,2433,1803

2331394805,1995,2445,1808

2331395805,1991,2430,1813

2331396805,1985,2432,1814

2331408801,1991,2381,1905

2331409805,1986,2375,1915

2331410805,1983,2377,1919

2331411805,1991,2362,1927

2331412805,1985,2352,1936

2331413805,1985,2351,1947

2331414805,1985,2343,1961

2331415805,1983,2342,1968

2331427801,1987,2239,2090

2331428805,1981,2266,2101

2331429805,1979,2267,2096

2331430805,2005,2256,2113

2331431805,1987,2249,2125

2331432805,1975,2256,2133

2331433805,1984,2240,2138

2331434805,1979,2247,2145

2331446801,1986,2225,2173

2331447805,1977,2239,2169

2331448805,1986,2230,2176

2331449805,2005,2226,2174

2331450805,1983,2226,2165

2331451805,1977,2225,2161

2331452805,1984,2229,2160

2331453805,1982,2226,2163

2331465801,1984,2274,2068

2331466805,1984,2289,2063

2331467805,1984,2297,2054

2331468805,1995,2298,2041

2331469805,1984,2307,2029

2331470805,1986,2315,2017

2331471805,1979,2317,2013

2331472805,1983,2409,2000

2331484801,1995,2386,1885

2331485805,1991,2398,1872

2331486805,1984,2394,1863

2331487805,1988,2399,1858

2331488805,1991,2401,1851

2331489805,1995,2407,1850

2331490805,1994,2410,1841

2331491805,1994,2417,1840

2331503801,1988,2437,1809

2331504805,1990,2432,1805

2331505805,1993,2512,1808

2331506805,1995,2429,1806

2331507805,1994,2429,1808

2331508805,1996,2425,1811

2331509805,1994,2417,1819

2331510805,1994,2417,1836

2331522801,1985,2362,1915

2331523805,1986,2365,1918

2331524805,1989,2363,1933

2331525805,1984,2351,1933

2331526805,1986,2352,1949

2331527805,1987,2351,1961

2331528805,1985,2337,1968

2331529805,1988,2327,1969

2331541801,1986,2271,2098

2331542805,1983,2257,2101

2331543805,1981,2256,2121

2331544805,1991,2253,2119

2331545805,1993,2256,2125

2331546805,1978,2179,2130

2331547805,1979,2239,2139

2331548805,1982,2229,2143

2331560801,1975,2222,2176

2331561805,1983,2229,2169

2331562805,1976,2226,2173

2331563805,1966,2229,2181

2331564805,1984,2231,2163

2331565805,1984,2225,2148

2331566805,1986,2237,2152

2331567805,1983,2236,2157

2331579801,1984,2285,2061

2331580805,1984,2298,2047

2331581805,1982,2303,2044

2331582805,1984,2304,2032

2331583805,1985,2315,2024

2331584805,1985,2318,2003

2331585805,1990,2320,1998

2331586805,1983,2340,1993

2331598801,1995,2387,1875

2331599805,1988,2394,1867

2331600805,1987,2399,1863

2331601805,1990,2402,1870

2331602805,1991,2410,1851

2331603805,1986,2413,1841

2331604805,1985,2415,1831

2331605805,1983,2420,1828

2331617801,1994,2436,1808

2331618805,1991,2429,1813

2331619805,1995,2425,1814

2331620805,1987,2426,1810

2331621805,1987,2429,1818

2331622805,1993,2422,1821

2331623805,1990,2416,1815

2331624805,1987,2417,1840

2331636801,1986,2365,1923

2331637805,1984,2363,1930

2331638805,1989,2352,1939

2331639805,1987,2343,1952

2331640805,1983,2347,1954

2331641805,1977,2352,1966

2331642805,1985,2333,1973

2331643805,1975,2330,1987

2331655801,1979,2261,2104

2331656805,1979,2257,2113

2331657805,1983,2255,2116

2331658805,1984,2256,2118

2331659805,1978,2251,2123

2331660805,1983,2237,2127

2331661805,1999,2237,2140

2331662805,1981,2226,2155

2331674801,1987,2224,2158

2331675805,1987,2226,2168

2331676805,1980,2238,2160

2331677805,1983,2229,2155

2331678805,1984,2243,2157

2331679805,1983,2237,2157

2331680805,1978,2240,2143

2331681805,1982,2247,2139

2331693801,1984,2292,2059

2331694805,1983,2306,2035

2331695805,1983,2306,2029

2331696805,1984,2309,2026

2331697805,1986,2319,2001

2331698805,1983,2325,2000

2331699805,1982,2327,1984

2331700805,1981,2327,1975

2331712801,1994,2387,1870

2331713805,1990,2411,1861

2331714805,1990,2409,1856

2331715805,1995,2405,1856

2331716805,1986,2405,1851

2331717805,1997,2418,1840

2331718805,1997,2422,1835

2331719805,1995,2419,1829

2331731801,2000,2429,1813

2331732805,1986,2421,1823

2331733805,2000,2417,1814

2331734805,1990,2417,1829

2331735805,1993,2416,1823

2331736805,1986,2419,1847

2331737805,1994,2416,1827

2331738805,1989,2416,1837

2331750801,1984,2348,1931

2331751805,1989,2352,1942

2331752805,1981,2349,1947

2331753805,1987,2335,2000

2331754805,1985,2336,1973

2331755805,1988,2315,1974

2331756805,1968,2320,1989

2331757805,1981,2321,1997

2331769801,1984,2257,2102

2331770805,1983,2259,2111

2331771805,1989,2254,2125

2331772805,1983,2254,2129

2331773805,1987,2247,2128

2331774805,1986,2229,2147

2331775805,1986,2242,2141

2331776805,1985,2241,2138

2331788801,1979,2229,2163

2331789805,1985,2240,2158

2331790805,1982,2227,2154

2331791805,1984,2239,2147

2331792805,1977,2226,2144

2331793805,1984,2247,2143

2331794805,1990,2250,2139

2331795805,1985,2255,2128

2331807801,1979,2300,2034

2331808805,1984,2298,2032

2331809805,1989,2315,2019

2331810805,1981,2320,2015

2331811805,1984,2291,1999

2331812805,1980,2335,1997

2331813805,1984,2337,1979

2331814805,1984,2338,1968

2331826801,1988,2395,1872

2331827805,1994,2390,1861

2331828805,1987,2404,1849

2331829805,1985,2407,1846

2331830805,1993,2401,1847

2331831805,1985,2411,1840

2331832805,1987,2412,1835

2331833805,1987,2413,1829

2331845801,1987,2415,1821

2331846805,1995,2420,1822

2331847805,1991,2399,1821

2331848805,1996,2412,1827

2331849805,1995,2420,1827

2331850805,1994,2402,1840

2331851805,1987,2405,1842

2331852805,1988,2400,1842

2331864801,1990,2349,1941

2331865805,1983,2335,1953

2331866805,1991,2339,1959

2331867805,1984,2338,1967

2331868805,1985,2334,1978

2331869805,1980,2318,1984

2331870805,1986,2319,2000

2331871805,1985,2314,2011

2331883801,1986,2255,2106

2331884805,1982,2252,2118

2331885805,1983,2249,2127

2331886805,1986,2243,2125

2331887805,1979,2244,2141

2331888805,1983,2245,2131

2331889805,1975,2239,2143

2331890805,1980,2228,2144

2331902801,1979,2231,2144

2331903805,1982,2234,2151

2331904805,1982,2243,2149

2331905805,1979,2242,2157

2331906805,1983,2247,2145

2331907805,1980,2253,2128

2331908805,1989,2254,2129

2331909805,1985,2251,2125

2331921801,1984,2305,2059

2331922805,1984,2320,2018

2331923805,1983,2320,2011

2331924805,1981,2317,2000

2331925805,1987,2335,1989

2331926805,1986,2335,1981

2331927805,1985,2343,1973

2331928805,1986,2351,1955

2331939801,1985,2393,1874

2331940805,1987,2394,1866

2331941805,1982,2409,1862

2331942805,1990,2403,1852

2331943805,1989,2409,1845

2331944805,1984,2410,1851

2331945805,1989,2416,1835

2331946805,1987,2416,1834

2331958801,1988,2416,1821

2331959805,1991,2410,1821

2331960805,1990,2417,1829

2331961805,1984,2413,1820

2331962805,1990,2412,1835

2331963805,1995,2406,1840

2331964805,1984,2403,1842

2331965805,1994,2403,1853

2331977801,1993,2347,1941

2331978805,1991,2340,1948

2331979805,1985,2336,1967

2331980805,1987,2330,1968

2331981805,1986,2325,1972

2331982805,1984,2320,1983

2331983805,1992,2320,2000

2331984805,1987,2314,2015

2331995453,1982,2267,2096

2331996805,1987,2263,2110

2331997805,1983,2256,2114

2331998805,1982,2253,2122

2331999805,1985,2250,2128

2332000805,1990,2247,2131

2332001805,1978,2242,2130

2332013801,1979,2233,2147

2332014805,1982,2241,2159

2332015805,1984,2241,2150

2332016805,1979,2242,2147

2332017805,1978,2240,2135

2332018805,1975,2249,2142

2332019805,1986,2252,2142

2332020805,1983,2245,2126

2332032801,1985,2305,2044

2332033805,1981,2301,2039

2332034805,1983,2313,2032

2332035805,1983,2310,2021

2332036805,1986,2320,2013

2332037805,1987,2321,2000

2332038805,1989,2323,1984

2332039805,1991,2322,1977

2332051801,1991,2391,1885

2332052805,1984,2391,1872

2332053805,1995,2401,1861

2332054805,1990,2399,1856

2332055805,1989,2407,1856

2332056805,1997,2403,1846

2332057805,1985,2399,1846

2332058805,1993,2414,1840

2332070801,1993,2416,1823

2332071805,1997,2416,1825

2332072805,1984,2413,1826

2332073805,1990,2403,1838

2332074805,1994,2414,1840

2332075805,1991,2401,1838

2332076805,1986,2401,1843

2332077805,1991,2396,1851

2332089801,1993,2350,1872

2332090805,1988,2352,1946

2332091805,1991,2338,1954

2332092805,1986,2331,1959

2332093805,1991,2336,1968

2332094805,1986,2326,1973

2332095805,1992,2320,1986

2332096805,1985,2315,1995

2332107801,1984,2269,2092

2332108805,1984,2260,2102

2332109805,1984,2257,2112

2332110805,1984,2249,2112

2332111805,1981,2254,2123

2332112805,1973,2251,2127

2332113805,1984,2251,2127

2332114805,1982,2246,2134

2332126801,1979,2243,2154

2332127805,1975,2234,2158

2332128805,1979,2241,2144

2332129805,1983,2245,2147

2332130805,1981,2244,2144

2332131805,1979,2243,2140

2332132805,1980,2254,2130

2332133805,1977,2256,2134

2332145801,1988,2305,2042

2332146805,1987,2301,2035

2332147805,1991,2304,2023

2332148805,1979,2311,2011

2332149805,1987,2315,2005

2332150805,1991,2332,2000

2332151805,1993,2335,1986

2332152805,1983,2331,1981

2332163453,1993,2380,1891

2332164805,1989,2391,1882

2332165805,1988,2389,1867

2332166805,1984,2386,1872

2332167805,1984,2401,1856

2332168805,1991,2399,1851

2332169805,1994,2403,1856

2332181801,1997,2415,1819

2332182805,1987,2411,1826

2332183805,1987,2413,1826

2332184805,1997,2416,1831

2332185805,1988,2413,1837

2332186805,1989,2409,1834

2332187805,1986,2410,1833

2332188805,1990,2401,1840

2332200801,1987,2367,1926

2332201805,1987,2352,1931

2332202805,1991,2357,1932

2332203805,1993,2352,1938

2332204805,1990,2350,1954

2332205805,1984,2343,1958

2332206805,1987,2333,1971

2332207805,1990,2335,1977

2332219801,1984,2281,2083

2332220805,1981,2273,2095

2332221805,1981,2265,2101

2332222805,1984,2262,2101

2332223805,1979,2255,2108

2332224805,1985,2262,2160

2332225805,1984,2242,2122

2332226805,1989,2256,2129

2332238801,1984,2240,2141

2332239805,1983,2240,2145

2332240805,1983,2242,2144

2332241805,1985,2246,2151

2332242805,1979,2249,2141

2332243805,1990,2253,2147

2332244805,1987,2252,2135

2332245805,1983,2258,2130

2332257801,1982,2293,2047

2332258805,1985,2300,2039

2332259805,1987,2305,2033

2332260805,1985,2291,2031

2332261805,1983,2318,2022

2332262805,1984,2327,2000

2332263805,1988,2317,1997

2332264805,1985,2329,1987

2332275801,1992,2375,1900

2332276805,1981,2384,1889

2332277805,1990,2386,1884

2332278805,1987,2389,1872

2332279805,1988,2398,1867

2332280805,1990,2396,1871

2332281805,1995,2400,1855

2332282805,1985,2400,1851

2332294801,1995,2416,1829

2332295805,1990,2407,1824

2332296805,1991,2416,1829

2332297805,1987,2423,1831

2332298805,1989,2412,1833

2332299805,1994,2394,1839

2332300805,1993,2403,1841

2332301805,1991,2403,1840

2332313801,1995,2356,1922

2332314805,1986,2351,1930

2332315805,1991,2350,1936

2332316805,1993,2350,1941

2332317805,1987,2342,1949

2332318805,1984,2341,1967

2332319805,1995,2331,1970

2332320805,1984,2328,1979

2332331453,1987,2279,2070

2332332805,1981,2281,2083

2332333805,1984,2272,2096

2332334805,1977,2267,2096

2332335805,1984,2256,2109

2332336805,1984,2265,2105

2332337805,1987,2260,2122

2332349801,1989,2243,2142

2332350805,1981,2255,2148

2332351805,1984,2247,2149

2332352805,1983,2243,2149

2332353805,1985,2240,2142

2332354805,1983,2256,2141

2332355805,1984,2246,2137

2332356805,1990,2251,2131

2332368801,1989,2287,2066

2332369805,1982,2288,2064

2332370805,1989,2301,2045

2332371805,1988,2359,2043

2332372805,1989,2308,2030

2332373805,1983,2308,2017

2332374805,1989,2310,2016

2332375805,1989,2321,2003

2332387801,1993,2369,1900

2332388805,1993,2379,1895

2332389805,1989,2384,1891

2332390805,1995,2384,1883

2332391805,1989,2383,1873

2332392805,1994,2390,1872

2332393805,2000,2391,1872

2332394805,1991,2389,1858

2332406801,1999,2407,1837

2332407805,1995,2416,1835

2332408805,1989,2414,1831

2332409805,1999,2384,1835

2332410805,1996,2406,1837

2332411805,1994,2405,1833

2332412805,1994,2401,1845

2332413805,1991,2410,1846

2332425801,1990,2359,1915

2332426805,1989,2365,1919

2332427805,1983,2354,1926

2332428805,1987,2352,1934

2332429805,1983,2347,1946

2332430805,1987,2343,1959

2332431805,1985,2326,1966

2332432805,1991,2326,1970

2332444801,1985,2287,2078

2332445805,1986,2282,2085

2332446805,1984,2276,2094

2332447805,1981,2272,2095

2332448805,1981,2265,2109

2332449805,1979,2259,2107

2332450805,1987,2265,2121

2332451805,1986,2257,2119

2332463801,1987,2245,2146

2332464805,1987,2253,2147

2332465805,1982,2252,2147

2332466805,1982,2239,2135

2332467805,1978,2251,2139

2332468805,1984,2256,2143

2332469805,1982,2330,2133

2332470805,1978,2261,2128

2332482801,1985,2288,2057

2332483805,1982,2302,2054

2332484805,1981,2304,2035

2332485805,1985,2307,2029

2332486805,1990,2315,2021

2332487805,1985,2309,2018

2332488805,1983,2320,2000

2332489805,1984,2319,1987

2332501801,2000,2373,1895

2332502805,1991,2378,1892

2332503805,1988,2378,1885

2332504805,1988,2387,1886

2332505805,1991,2393,1872

2332506805,1991,2389,1870

2332507805,1987,2384,1862

2332508805,1989,2400,1862

2332520801,2000,2414,1830

2332521805,1987,2401,1830

2332522805,1991,2409,1839

2332523805,1993,2407,1840

2332524805,1994,2407,1839

2332525805,1995,2403,1842

2332526805,1995,2394,1846

2332527805,1995,2400,1856

2332539801,1987,2359,1919

2332540805,1985,2352,1936

2332541805,1986,2353,1947

2332542805,1984,2352,1947

2332543805,1986,2343,1959

2332544805,1984,2339,1967

2332545805,1987,2337,1972

2332546805,1983,2323,1977

2332558801,1985,2281,2087

2332559805,1990,2274,2096

2332560805,1975,2279,2094

2332561805,1982,2271,2100

2332562805,1980,2266,2112

2332563805,1991,2267,2112

2332564805,1979,2257,2116

2332565805,1975,2259,2122

2332577801,1975,2245,2142

2332578805,1987,2247,2135

2332579805,1983,2256,2135

2332580805,1987,2256,2128

2332581805,1985,2251,2135

2332582805,1978,2251,2133

2332583805,1989,2239,2125

2332584805,1983,2267,2117

2332596801,1986,2300,2042

2332597805,1981,2303,2031

2332598805,1984,2303,2031

2332599805,1984,2311,2017

2332600805,1986,2330,2011

2332601805,1985,2323,2000

2332602805,1986,2301,1985

2332603805,1990,2325,1984

2332615801,1987,2378,1895

2332616805,1983,2380,1879

2332617805,1998,2383,1882

2332618805,1985,2394,1871

2332619805,1989,2386,1869

2332620805,1984,2394,1858

2332621805,1989,2393,1853

2332622805,1991,2397,1858

2332634801,1995,2403,1835

2332635805,1989,2399,1842

2332636805,2000,2402,1840

2332637805,1994,2399,1840

2332638811,1984,2401,1849

2332639805,1989,2396,1851

2332640805,1991,2391,1854

2332641805,1987,2391,1856

2332653801,1987,2352,1933

2332654805,1993,2352,1952

2332655805,1986,2343,1954

2332656805,1989,2344,1961

2332657805,1988,2335,2005

2332658805,1993,2335,1970

2332659805,1983,2329,1983

2332660805,1989,2326,2000

2332672801,1981,2279,2083

2332673805,1984,2276,2092

2332674805,1980,2272,2093

2332675805,1981,2259,2108

2332676805,1983,2265,2110

2332677805,1983,2259,2113

2332678805,1982,2256,2112

2332679805,1983,2259,2126

2332691801,1987,2251,2130

2332692805,1985,2254,2114

2332693805,1986,2250,2128

2332694840,1963,2239,2131

2332695805,1982,2255,2127

2332696805,1981,2258,2117

2332697805,1973,2261,2117

2332698805,1984,2261,2114

2332710801,1987,2297,2032

2332711805,1984,2306,2023

2332712805,1987,2303,2014

2332713805,1982,2353,2003

2332714805,1981,2314,2002

2332715805,2004,2325,1995

2332716805,1991,2318,1984

2332717805,1990,2330,1969

2332729801,1987,2383,1891

2332730805,1991,2375,1879

2332731805,1994,2389,1872

2332732805,1979,2384,1870

2332733805,1985,2386,1871

2332734805,1968,2393,1866

2332735805,1990,2393,1854

2332736805,1985,2391,1856

2332748801,1990,2408,1846

2332749805,1982,2405,1821

2332750842,1991,2400,1846

2332751805,1997,2404,1847

2332752805,1998,2401,1855

2332753805,1991,2389,1851

2332754805,1991,2407,1863

2332755805,1987,2390,1861

2332767801,1997,2355,1950

2332768805,1985,2343,1951

2332769805,1984,2339,1965

2332770805,1984,2338,1975

2332771805,1987,2326,1975

2332772805,1985,2325,1985

2332773805,1990,2307,1989

2332774805,1994,2307,2000

2332786801,1984,2278,2093

2332787805,1981,2269,2096

2332788805,1981,2268,2109

2332789805,1985,2268,2107

2332790805,1990,2258,2110

2332791805,1985,2265,2113

2332792805,1979,2261,2122

2332793805,1986,2256,2122

2332805801,1984,2253,2128

2332806812,1977,2255,2129

2332807805,1979,2256,2120

2332808805,1983,2260,2128

2332809805,1983,2266,2118

2332810805,1983,2266,2113

2332811805,1981,2261,2115

2332812805,1984,2261,2109

2332824801,1986,2307,2025

2332825805,1985,2311,2020

2332826805,1991,2319,2031

2332827805,1988,2320,2001

2332828805,1984,2331,1964

2332829805,1985,2332,1953

2332830805,1989,2321,1967

2332831805,1984,2330,1969

2332843801,1984,2386,1887

2332844805,1995,2384,1875

2332845805,1995,2389,1869

2332846805,1996,2394,1872

2332847805,1989,2390,1870

2332848805,1987,2394,1859

2332849805,1995,2405,1858

2332850805,1986,2391,1840

2332862801,1991,2395,1843

2332863805,1987,2405,1851

2332864805,1996,2397,1852

2332865805,1993,2396,1856

2332866805,1990,2394,1857

2332867805,1989,2384,1871

2332868805,1989,2386,1874

2332869805,1997,2386,1922

2332881801,1984,2349,1955

2332882805,1987,2339,1963

2332883805,1983,2339,1987

2332884805,1984,2388,1978

2332885805,1979,2326,1987

2332886805,1989,2322,1990

2332887805,1986,2320,2000

2332888805,1968,2316,2007

2332900801,1981,2272,2096

2332901805,1984,2269,2100

2332902805,1983,2269,2099

2332903805,1985,2270,2106

2332904805,1993,2259,2112

2332905805,1984,2266,2115

2332906805,1986,2284,2117

2332907805,1981,2251,2138

2332919801,1980,2256,2119

2332920805,1989,2254,2126

2332921805,1981,2255,2121

2332922805,1973,2263,2112

2332923805,1987,2265,2111

2332924805,1988,2263,2109

2332925805,1986,2267,2103

2332926805,1982,2267,2099

2332938801,1989,2314,2013

2332939805,1983,2320,2007

2332940805,1990,2315,2011

2332941805,1985,2321,1994

2332942805,1987,2338,1973

2332943805,1989,2330,1983

2332944805,1986,2339,1969

2332945805,1991,2340,1904

2332957801,1994,2386,1878

2332958805,1989,2384,1904

2332959805,1989,2391,1919

2332960805,1990,2385,1872

2332961805,1991,2387,1850

2332962805,1991,2399,1861

2332963805,1995,2371,1858

2332964805,1994,2391,1856

2332976801,2000,2403,1853

2332977805,2000,2401,1840

2332978805,1993,2395,1871

2332979805,1995,2400,1863

2332980805,1993,2389,1872

2332981805,1999,2389,1909

2332982805,1991,2379,1875

2332983805,2010,2376,1882

2332995801,1991,2342,1967

2332996805,1991,2341,1971

2332997805,1990,2339,1966

2332998805,1981,2325,1982

2332999805,1989,2325,1999

2333000805,1982,2330,2015

2333001805,1990,2311,2010

2333002805,1990,2306,2015

2333014801,1984,2267,2100

2333015805,1975,2266,2112

2333016805,1977,2269,2112

2333017805,2015,2258,2111

2333018805,1968,2260,2131

2333019805,1994,2259,2115

2333020805,1984,2256,2112

2333021805,1975,2262,2135

2333033801,1984,2256,2082

2333034805,1993,2259,2115

2333035805,2000,2258,2111

2333036805,1973,2267,2112

2333037805,1985,2265,2103

2333038805,1985,2271,2087

2333039805,1982,2271,2096

2333040805,1986,2280,2095

2333052801,1994,2320,2002

2333053805,1994,2319,2000

2333054805,1990,2325,1984

2333055805,1983,2326,1983

2333056805,1989,2335,2000

2333057805,1968,2335,1967

2333058805,1991,2342,1961

2333059805,1995,2346,1951

2333070801,1998,2385,1882

2333071805,1997,2384,1895

2333072805,1991,2352,1873

2333073805,1994,2388,1867

2333074805,1998,2388,1869

2333075805,1990,2398,1858

2333076805,1984,2405,1862

2333077805,1984,2399,1862

2333089801,1973,2397,1973

2333090805,1993,2395,1863

2333091805,1984,2393,1862

2333092805,1994,2395,1867

2333093805,1987,2389,1903

2333094805,1987,2384,1893

2333095805,1993,2385,1877

2333096805,1968,2373,1890

2333108801,1987,2351,1969

2333109805,1993,2350,1971

2333110805,1988,2335,1981

2333111805,1986,2336,1993

2333112805,1991,2329,1995

2333113805,1989,2318,2000

2333114805,1974,2318,1973

2333115805,1968,2320,2016

2333126453,1982,2273,2094

2333127805,1998,2263,2096

2333128805,1983,2273,2089

2333129805,1990,2274,2099

2333130805,2014,2265,2116

2333131805,1987,2261,2114

2333132805,1984,2256,2103

2333144801,1979,2256,2128

2333145805,1984,2256,2112

2333146805,1979,2257,2111

2333147805,1987,2259,2114

2333148805,1985,2267,2106

2333149805,1983,2265,2106

2333150805,1984,2273,2105

2333151805,1983,2273,2102

2333163801,1999,2302,2017

2333164805,1942,2319,2003

2333165805,1992,2318,2001

2333166805,1987,2322,1997

2333167805,1989,2327,1987

2333168805,1984,2325,1985

2333169805,1984,2326,1971

2333170805,1984,2337,1966

2333182801,1990,2384,1883

2333183805,1979,2383,1879

2333184805,1989,2387,1883

2333185805,1993,2379,1885

2333186805,1994,2386,1867

2333187805,2000,2382,1867

2333188805,1994,2395,1869

2333189805,1984,2394,1839

2333201801,2000,2393,1849

2333202805,1997,2394,1859

2333203805,1989,2392,1863

2333204805,1990,2398,1858

2333205805,1988,2397,1872

2333206805,2005,2386,1873

2333207805,1987,2383,1875

2333208805,1985,2377,1942

2333220801,1985,2346,1966

2333221805,1972,2339,1971

2333222805,1986,2335,1982

2333223805,1989,2331,1983

2333224805,1982,2333,1963

2333225805,1983,2330,1995

2333226805,1987,2319,2011

2333227805,2011,2319,2032

2333239801,1979,2278,2092

2333240805,1983,2283,2094

2333241805,1981,2276,2098

2333242805,1963,2267,2105

2333243805,1988,2269,2128

2333244805,1998,2263,2096

2333245805,1984,2266,2110

2333246805,1982,2265,2113

2333258801,1983,2262,2113

2333259805,1987,2263,2114

2333260805,1937,2256,2094

2333261805,1978,2268,2115

2333262805,1983,2262,2106

2333263805,2003,2263,2089

2333264805,1985,2274,2096

2333265805,1943,2265,2091

2333277801,1985,2309,1995

2333278805,1994,2322,2000

2333279805,1991,2317,1994

2333280805,1990,2321,1987

2333281805,1981,2335,1987

2333282805,1985,2335,1971

2333283805,1982,2339,1968

2333284805,1963,2345,1962

2333296801,1969,2383,1889

2333297805,2014,2378,1871

2333298805,1991,2384,1846

2333299805,1982,2384,1875

2333300805,1985,2388,1859

2333301805,1990,2395,1818

2333302805,1993,2395,1867

2333303805,1992,2395,1866

2333315801,1993,2394,1865

2333316805,1996,2387,1888

2333317805,1994,2384,1861

2333318805,1991,2401,1872

2333319805,1993,2387,1870

2333320805,1996,2384,1911

2333321805,1987,2384,1887

2333322805,1991,2381,1894

2333334801,1986,2339,1977

2333335805,1992,2337,1973

2333336805,1987,2337,1962

2333337805,1988,2330,1989

2333338805,1986,2325,1994

2333339805,1985,2323,2031

2333340805,1987,2320,2016

2333341805,1993,2315,2023

2333353801,1977,2272,2092

2333354805,1983,2272,2097

2333355805,1984,2269,2101

2333356805,1983,2275,2107

2333357805,1984,2261,2113

2333358805,1959,2259,2112

2333359805,1982,2266,2118

2333360805,1982,2258,2119

2333372801,1991,2263,2113

2333373805,1981,2267,2107

2333374805,1985,2258,2071

2333375805,1987,2270,2102

2333376805,1985,2272,2110

2333377805,1984,2279,2092

2333378805,1987,2269,2087

2333379805,1983,2277,2085

2333391801,1974,2319,1975

2333392805,1986,2315,1998

2333393805,1981,2320,1990

2333394805,1985,2333,1984

2333395805,1987,2337,1970

2333396805,1951,2334,1965

2333397805,1986,2333,1957

2333398805,1985,2337,1957

2333410801,1999,2383,1881

2333411805,1999,2389,1876

2333412805,2003,2384,1923

2333413805,1989,2393,1874

2333414805,1997,2386,1869

2333415805,2000,2390,1865

2333416805,1997,2387,1870

2333417805,1994,2394,1869

2333429801,1986,2395,1872

2333430805,2030,2389,1872

2333431805,1987,2383,1874

2333432805,1987,2384,1882

2333433805,1987,2381,1883

2333434805,1994,2383,1890

2333435805,1987,2379,1902

2333436805,1986,2368,1904

2333448801,1974,2338,1950

2333449805,2010,2327,1979

2333450805,1979,2327,1991

2333451805,1986,2320,2000

2333452805,1984,2322,2004

2333453805,1984,2318,2009

2333454805,1982,2320,2017

2333455805,2000,2313,2027

2333467801,1979,2266,2096

2333468805,1951,2271,2096

2333469805,1963,2275,2101

2333470805,1998,2267,2099

2333471805,1972,2267,2112

2333472805,1975,2267,2118

2333473805,1982,2265,2112

2333474805,1990,2257,2130

2333486801,1981,2272,2105

2333487805,2002,2271,2097

2333488805,1985,2267,2100

2333489805,1921,2274,2092

2333490805,1985,2283,2086

2333491805,1951,2275,2069

2333492805,1987,2278,2080

2333493805,1941,2274,2073

2333505801,2001,2322,2053

2333506805,1983,2333,1995

2333507805,1982,2326,1975

2333508805,1990,2325,1973

2333509805,2011,2333,1968

2333510805,1997,2336,1967

2333511805,1988,2345,1957

2333512805,1991,2352,1950

2333524801,1994,2384,1891

2333525805,1962,2385,1877

2333526805,2002,2399,1879

2333527805,1993,2381,1875

2333528805,1994,2390,1870

2333529805,1984,2399,1867

2333530805,1991,2397,1855

2333531805,1979,2394,1871

2333543801,1991,2389,1943

2333544805,1972,2385,1879

2333545805,1979,2384,1883

2333546805,1968,2384,1889

2333547805,1990,2384,1893

2333548805,1991,2384,1897

2333549805,1993,2371,1898

2333550805,2017,2374,1910

2333562801,1984,2336,1989

2333563805,1942,2322,1988

2333564805,2006,2320,1997

2333565805,1988,2319,1976

2333566805,1986,2321,2003

2333567805,2025,2315,2023

2333568805,1984,2304,2017

2333569805,1953,2307,2035

2333581801,1983,2268,2085

2333582805,1968,2271,2097

2333583805,2014,2263,2106

2333584805,1979,2266,2112

2333585805,1988,2263,2107

2333586805,1989,2270,2110

2333587805,1987,2257,2112

2333588805,1995,2255,2112

2333600801,2010,2262,2097

2333601805,1985,2271,2093

2333602805,2014,2276,2092

2333603805,1959,2273,2084

2333604805,1984,2278,2073

2333605805,1984,2278,2070

2333606805,1989,2282,2069

2333607805,1984,2282,2063

2333619801,1994,2326,1986

2333620805,1987,2331,1970

2333621805,1984,2337,1966

2333622805,1951,2343,1970

2333623805,1987,2336,1962

2333624805,1988,2347,1954

2333625805,1991,2347,1941

2333626805,1995,2361,1936

2333638801,1990,2389,1885

2333639805,1984,2386,1873

2333640805,1986,2394,1881

2333641805,1961,2399,1873

2333642805,1997,2401,1863

2333643805,1979,2393,1861

2333644805,1995,2394,1862

2333645805,1985,2391,1887

2333657801,1990,2390,1886

2333658805,1993,2387,1899

2333659805,1997,2384,1891

2333660805,1922,2384,1897

2333661805,1995,2383,1882

2333662805,1994,2374,1874

2333663805,1989,2371,1905

2333664805,1991,2370,1922

2333676801,1983,2331,1986

2333677805,1989,2325,2001

2333678805,1985,2319,2002

2333679805,1983,2309,2015

2333680805,1994,2319,2014

2333681805,1990,2307,2021

2333682805,1989,2304,2032

2333683805,1977,2305,2038

2333695801,1999,2266,2095

2333696805,1987,2271,2102

2333697805,1987,2265,2097

2333698805,1968,2262,2099

2333699805,1987,2267,2115

2333700805,1987,2256,2105

2333701805,1987,2266,2107

2333702805,1987,2264,2103

2333714801,1991,2269,2086

2333715805,1979,2269,2089

2333716805,1985,2288,2087

2333717805,1994,2272,2081

2333718805,1989,2278,2076

2333719805,1984,2288,2071

2333720805,1984,2290,2071

2333721805,1983,2291,2061

2333733801,1991,2335,1983

2333734805,2027,2330,1968

2333735805,1986,2340,1965

2333736805,1970,2347,1963

2333737805,1990,2352,1942

2333738805,1995,2348,1939

2333739805,1991,2354,1966

2333740805,1989,2351,1947

2333752801,1981,2384,1903

2333753805,1996,2384,1883

2333754805,1987,2391,1873

2333755805,1996,2384,1871

2333756805,1985,2381,1872

2333757805,1990,2395,1870

2333758805,1988,2406,1871

2333759805,1993,2395,1911

2333771801,1987,2379,1888

2333772805,1981,2374,1895

2333773805,1985,2375,1902

2333774805,1986,2381,1898

2333775805,1994,2379,1907

2333776805,1988,2373,1905

2333777805,1991,2374,1918

2333778805,1991,2368,1925

2333790801,1990,2323,2000

2333791805,1985,2318,2000

2333792805,1974,2313,2006

2333793805,1977,2310,2016

2333794805,1982,2311,2021

2333795805,1983,2299,2024

2333796805,1989,2305,2038

2333797805,1983,2297,2041

2333809801,1991,2266,2102

2333810805,1992,2271,2096

2333811805,1984,2272,2110

2333812805,1975,2257,2107

2333813805,1983,2257,2102

2333814805,1981,2260,2113

2333815805,1990,2263,2100

2333816805,1983,2266,2110

2333828801,1982,2272,2089

2333829805,1984,2278,2085

2333830805,1986,2283,2080

2333831805,1971,2285,2070

2333832805,1984,2283,2073

2333833805,1989,2290,2062

2333834805,1993,2284,2055

2333835805,1984,2291,2060

2333847801,1985,2337,1995

2333848805,1985,2337,1968

2333849805,1983,2332,1964

2333850805,1984,2346,1962

2333851805,1993,2349,1939

2333852805,1984,2351,1939

2333853805,1993,2363,1932

2333854805,1981,2357,1932

2333865801,1983,2384,1878

2333866805,1995,2391,1878

2333867805,1986,2385,1876

2333868805,1997,2390,1878

2333869805,1998,2386,1872

2333870805,1994,2397,1871

2333871805,1993,2394,1871

2333872805,1990,2399,1871

2333884801,1987,2385,1888

2333885805,1989,2374,1898

2333886805,1995,2373,1905

2333887805,1980,2380,1903

2333888805,2005,2382,1904

2333889805,1996,2371,1915

2333890805,1995,2374,1909

2333891805,1985,2359,1926

2333903801,1987,2326,2000

2333904805,1990,2310,2005

2333905805,1991,2309,2013

2333906805,1978,2318,2014

2333907805,1977,2313,2032

2333908805,1982,2294,2023

2333909805,1984,2305,2032

2333910805,1985,2294,2031

2333921453,1984,2283,2086

2333922805,1983,2267,2095

2333923805,1972,2257,2104

2333924805,1982,2259,2093

2333925805,1989,2265,2106

2333926805,1987,2263,2099

2333927805,1983,2271,2107

2333939801,1974,2273,2094

2333940805,1982,2269,2078

2333941805,1989,2273,2087

2333942805,1971,2282,2080

2333943805,1979,2283,2069

2333944805,1984,2278,2078

2333945805,1983,2289,2075

2333946805,1988,2293,2061

2333958801,1985,2325,1989

2333959805,1986,2337,1977

2333960805,1981,2331,1973

2333961805,1979,2333,1967

2333962805,1985,2346,1962

2333963805,1983,2345,1956

2333964805,1988,2345,1951

2333965805,1982,2354,1941

2333977801,1985,2379,1893

2333978805,1990,2385,1870

2333979805,1991,2384,1878

2333980805,1995,2395,1878

2333981805,1989,2386,1877

2333982805,1989,2390,1873

2333983805,1985,2389,1854

2333984805,1997,2395,1873

2333996801,1985,2381,1891

2333997805,1990,2384,1894

2333998805,1986,2383,1895

2333999805,2041,2373,1904

2334000805,1981,2368,1910

2334001805,1984,2369,1917

2334002805,1983,2367,1916

2334003805,1990,2362,1919

2334015801,1986,2320,1987

2334016805,1983,2317,1991

2334017805,1984,2320,2002

2334018805,1975,2309,2003

2334019805,1994,2314,2011

2334020805,1990,2308,2018

2334021805,1989,2304,2027

2334022805,1984,2305,2037

2334034801,1986,2273,2093

2334035805,1979,2266,2095

2334036805,1977,2276,2096

2334037805,1982,2273,2103

2334038805,1985,2266,2096

2334039805,1984,2271,2095

2334040805,1985,2262,2060

2334041805,1985,2275,2101

2334053801,1983,2277,2087

2334054805,1986,2276,2082

2334055805,1990,2283,2085

2334056805,1963,2288,2055

2334057805,1984,2289,2069

2334058805,1991,2284,2067

2334059805,1984,2286,2062

2334060805,1994,2288,2041

2334072801,1983,2335,1981

2334073805,1993,2338,1977

2334074805,1990,2341,1971

2334075805,2023,2339,1922

2334076805,1982,2306,1953

2334077805,1989,2339,1950

2334078805,1984,2357,1952

2334079805,1989,2362,1936

2334091801,1985,2383,1875

2334092805,1990,2390,1878

2334093805,1990,2385,1891

2334094805,2025,2384,1895

2334095805,1991,2393,1877

2334096805,2000,2391,1871

2334097805,1987,2385,1889

2334098805,1987,2384,1875

2334110801,1993,2381,1891

2334111805,1990,2451,1907

2334112805,1991,2377,1904

2334113805,1984,2374,1941

2334114805,1986,2384,1911

2334115805,1995,2380,1911

2334116805,1993,2368,1925

2334117805,1988,2358,1926

2334129801,1990,2320,1993

2334130805,1984,2318,1994

2334131805,1987,2320,2009

2334132805,1989,2309,2014

2334133805,1986,2298,2017

2334134805,1984,2301,2020

2334135805,1937,2305,2032

2334136805,1982,2304,2037

2334148801,1983,2273,2095

2334149805,1981,2272,2091

2334150805,1985,2270,2105

2334151805,2005,2272,1976

2334152805,1989,2268,2097

2334153805,1986,2266,2096

2334154805,1926,2262,2102

2334155805,1984,2270,2097

2334167801,1984,2283,2077

2334168805,1987,2293,2075

2334169805,1983,2283,2064

2334170805,2007,2288,2070

2334171805,1986,2272,2064

2334172805,1991,2288,2054

2334173805,1977,2290,2013

2334174805,1983,2302,2064

2334186801,1983,2337,1964

2334187805,1984,2339,1966

2334188805,1987,2343,1924

2334189805,1968,2352,1955

2334190805,1991,2353,1953

2334191805,1986,2350,1942

2334192805,1987,2353,1898

2334193805,1991,2359,1933

2334205801,1991,2384,1884

2334206805,1990,2378,1881

2334207805,1989,2378,1872

2334208805,1963,2388,1879

2334209805,1993,2384,1875

2334210805,1984,2389,1878

2334211805,1990,2379,1859

2334212805,1994,2390,1879

2334224801,1984,2365,1904

2334225805,1991,2366,1903

2334226805,1987,2365,1917

2334227805,1994,2367,1909

2334228805,1996,2356,1920

2334229805,1989,2368,1931

2334230805,1989,2356,1926

2334231805,1991,2353,1936

2334243801,1990,2319,1998

2334244805,1990,2313,2005

2334245805,1983,2310,2021

2334246805,1974,2303,2015

2334247805,1984,2304,2026

2334248805,1984,2304,2029

2334249805,2006,2300,2032

2334250805,1987,2291,2053

2334262801,1986,2279,2093

2334263805,1987,2275,2094

2334264805,1986,2279,2096

2334265805,1979,2277,2096

2334266805,1982,2219,2098

2334267805,1987,2261,2099

2334268805,1985,2265,2096

2334269805,1984,2268,2093

2334281801,1984,2288,2082

2334282805,1987,2282,2078

2334283805,1984,2292,2067

2334284805,1990,2291,2060

2334285805,1986,2290,2064

2334286805,1989,2288,2047

2334287805,1987,2304,2033

2334288805,1985,2303,2033

2334300801,1986,2329,1968

2334301805,1983,2345,1968

2334302805,1984,2347,1951

2334303805,2000,2342,1947

2334304805,1985,2352,1939

2334305805,1984,2369,1935

2334306805,1984,2364,1932

2334307805,1991,2368,1929

2334319801,1984,2389,1877

2334320805,1990,2384,1878

2334321805,1991,2385,1885

2334322805,1927,2384,1889

2334323805,1994,2384,1879

2334324805,1983,2393,1875

2334325805,2013,2389,1872

2334326805,1991,2383,1885

2334338801,1989,2375,1907

2334339805,1988,2369,1914

2334340805,1985,2367,1920

2334341805,2031,2367,1918

2334342805,1989,2323,1922

2334343805,1984,2354,1933

2334344805,1994,2353,1932

2334345805,1985,2350,1939

2334357801,1986,2313,2009

2334358805,1985,2329,2023

2334359805,1983,2319,2015

2334360805,1970,2304,1979

2334361805,1988,2317,2021

2334362805,1984,2317,2039

2334363805,2023,2297,2031

2334364805,1987,2310,2045

2334376801,1983,2262,2096

2334377805,1986,2249,2095

2334378805,1985,2283,2093

2334379805,1975,2273,2092

2334380805,1990,2303,2092

2334381805,1987,2265,2093

2334382805,1984,2278,2082

2334383805,1982,2272,2094

2334395801,1987,2286,2063

2334396805,1975,2284,2067

2334397805,1985,2278,2061

2334398805,1971,2288,2027

2334399805,1984,2298,2055

2334400805,1997,2297,2045

2334401805,1969,2307,2027

2334402805,1983,2304,2032

2334414801,1990,2341,1961

2334415805,1984,2341,1963

2334416805,1982,2355,1949

2334417805,1987,2357,1943

2334418805,1988,2359,1936

2334419805,1989,2299,1935

2334420805,1990,2353,1939

2334421805,1985,2367,1931

2334433801,1996,2384,1889

2334434805,1986,2380,1883

2334435805,1987,2395,1885

2334436805,1989,2385,1879

2334437805,1991,2384,1882

2334438805,1994,2387,1878

2334439805,1999,2395,1887

2334440805,1991,2382,1900

2334452801,1993,2354,1917

2334453805,1991,2395,1911

2334454805,1986,2362,1923

2334455805,2001,2361,1920

2334456805,1991,2357,1936

2334457805,1993,2370,1935

2334458805,1994,2363,1940

2334459805,1987,2454,1951

2334471801,1985,2323,2013

2334472805,1985,2314,2015

2334473805,1987,2299,2019

2334474805,1971,2300,2019

2334475805,1973,2298,2034

2334476805,1979,2293,2039

2334477805,1951,2285,2039

2334478805,1984,2293,2059

2334490801,1974,2270,2094

2334491805,1984,2273,2085

2334492805,1984,2269,2092

2334493805,1995,2269,2089

2334494805,1994,2271,2098

2334495805,1984,2269,2096

2334496805,1987,2270,2093

2334497805,1994,2263,2094

2334509801,1987,2288,2064

2334510805,1989,2304,2047

2334511805,1984,2302,2045

2334512805,1965,2304,2032

2334513805,1990,2295,2038

2334514805,1986,2307,2032

2334515805,1989,2304,2033

2334516805,1984,2369,2028

2334528801,1991,2351,1963

2334529805,1997,2326,1943

2334530805,1987,2351,1943

2334531805,2032,2350,1943

2334532805,1984,2356,1935

2334533805,1989,2362,1931

2334534805,1987,2365,1926

2334535805,1997,2359,1926

2334547801,1991,2389,1886

2334548805,1995,2384,1889

2334549805,1988,2383,1882

2334550805,1987,2384,1881

2334551805,1994,2371,1886

2334552805,1995,2377,1883

2334553805,1986,2383,1889

2334554805,1981,2379,1891

2334566801,1994,2365,1922

2334567805,1988,2352,1929

2334568805,1987,2355,1931

2334569805,1990,2355,1939

2334570805,1985,2349,1941

2334571805,1984,2351,1939

2334572805,1989,2348,1943

2334573805,1982,2342,1954

2334585801,1989,2307,2015

2334586805,1984,2306,2019

2334587805,1983,2309,2025

2334588805,1985,2298,2032

2334589805,1987,2289,2038

2334590805,1989,2295,2058

2334591805,1985,2295,2047

2334592805,1981,2286,2058

2334604801,1987,2277,2094

2334605805,1983,2269,2079

2334606805,1986,2277,2091

2334607805,1979,2279,2090

2334608805,1985,2309,2096

2334609805,1984,2262,2087

2334610805,1984,2271,2090

2334611805,1983,2274,2085

2334623801,1984,2295,2045

2334624805,1987,2288,2059

2334625805,1983,2305,2042

2334626805,1977,2303,2032

2334627805,1990,2307,2026

2334628805,1991,2317,2030

2334629805,2000,2310,2022

2334630805,1989,2317,2013

2334642801,1985,2342,1957

2334643805,1986,2353,1943

2334644805,1987,2353,1942

2334645805,1968,2365,1936

2334646805,1981,2353,1926

2334647805,1989,2359,1926

2334648805,1994,2374,1923

2334649805,1993,2367,1910

2334661801,1994,2363,1890

2334662805,1993,2384,1890

2334663805,1987,2383,1889

2334664805,2006,2384,1886

2334665805,1990,2357,1891

2334666805,1985,2387,1893

2334667805,1971,2382,1883

2334668805,1984,2352,1887

2334680801,1990,2355,1935

2334681805,1987,2367,1931

2334682805,1991,2357,1935

2334683805,1990,2365,1942

2334684805,1993,2351,1950

2334685805,1987,2342,1947

2334686805,1985,2348,1953

2334687805,1985,2338,1965

2334699807,1984,2304,2025

2334700805,1993,2311,2033

2334701805,1985,2298,2032

2334702805,1982,2302,2039

2334703805,1984,2289,2046

2334704805,1983,2282,2046

2334705805,1989,2294,2068

2334706805,1986,2290,2064

2334718801,1987,2265,2095

2334719805,1986,2225,2092

2334720805,1984,2281,2089

2334721805,2023,2288,2095

2334722805,1986,2277,2085

2334723805,1983,2275,2091

2334724805,2000,2271,2093

2334725805,1993,2260,2097

2334737801,1984,2287,2056

2334738805,1984,2301,2041

2334739805,1990,2373,2037

2334740805,2000,2301,2039

2334741805,1987,2275,2027

2334742805,1982,2307,2021

2334743805,1987,2316,2011

2334744805,1989,2333,2015

2334756801,1993,2352,1941

2334757805,1987,2287,1936

2334758805,1987,2353,1933

2334759805,1989,2358,1930

2334760805,1987,2357,1921

2334761805,1985,2345,1920

2334762805,1990,2364,1919

2334763805,1991,2359,1907

2334775801,1994,2377,1890

2334776805,1995,2382,1889

2334777805,1994,2356,1894

2334778805,2000,2384,1890

2334779805,1994,2381,1886

2334780805,1997,2378,1888

2334781805,1997,2382,1893

2334782805,1987,2378,1894

2334794801,1971,2353,1935

2334795805,1985,2368,1938

2334796805,1990,2346,1939

2334797805,2013,2353,1968

2334798805,1993,2352,1950

2334799805,1987,2351,1956

2334800805,1989,2346,1966

2334801805,1985,2334,1970

2334813801,1986,2305,2032

2334814805,1987,2295,2029

2334815805,1983,2301,2039

2334816805,1987,2297,2038

2334817805,1984,2287,2047

2334818805,1978,2294,2059

2334819805,1995,2288,2047

2334820805,1985,2315,2059

2334832801,1994,2277,2092

2334833805,1989,2274,2087

2334834805,1987,2275,2091

2334835805,1968,2275,2087

2334836805,1984,2281,2086

2334837805,1985,2279,2087

2334838805,1982,2282,2087

2334839805,1985,2282,2081

2334851801,1983,2304,2035

2334852805,1984,2303,2035

2334853805,1981,2304,2025

2334854805,1984,2306,2031

2334855805,1984,2308,2022

2334856805,1989,2322,2007

2334857805,1987,2317,2000

2334858805,1983,2310,2000

2334870801,1993,2358,1946

2334871805,1994,2345,1935

2334872805,1985,2357,1927

2334873805,1983,2352,1925

2334874805,1991,2358,1929

2334875805,1977,2368,1921

2334876805,1985,2367,1915

2334877805,1989,2369,1910

2334889801,1991,2363,1895

2334890805,1996,2384,1885

2334891805,1990,2379,1889

2334892805,1994,2383,1891

2334893805,1993,2382,1891

2334894805,1985,2381,1898

2334895805,1997,2380,1898

2334896805,1993,2372,1889

2334908801,1993,2333,1935

2334909805,1998,2352,1942

2334910805,1983,2401,1945

2334911805,1989,2352,1951

2334912805,1987,2347,1957

2334913805,1984,2342,1965

2334914805,1989,2329,1969

2334915805,1989,2336,1974

2334927801,1986,2302,2034

2334928805,1990,2295,2037

2334929805,1990,2295,2046

2334930805,2000,2291,2044

2334931805,1987,2298,2059

2334932805,1987,2293,2065

2334933805,1986,2290,2054

2334934805,1984,2287,2065

2334946801,1985,2274,2096

2334947805,1989,2287,2081

2334948805,1984,2287,2095

2334949805,1987,2273,2092

2334950805,1984,2278,2073

2334951805,1987,2314,2082

2334952805,1983,2285,2082

2334953805,1982,2275,2077

2334965801,1987,2306,2032

2334966805,1993,2306,2031

2334967805,1985,2303,2031

2334968805,1986,2315,2000

2334969805,1990,2307,2014

2334970805,1981,2320,2001

2334971805,1984,2320,2003

2334972805,1984,2318,1997

2334984801,1990,2356,1927

2334985805,1984,2359,1935

2334986805,1989,2362,1936

2334987805,1987,2354,1929

2334988805,1986,2368,1919

2334989805,1988,2365,1919

2334990805,2057,2370,1917

2334991805,1987,2373,1909

2335003801,1986,2386,1893

2335004805,1989,2380,1889

2335005805,1984,2381,1899

2335006805,2000,2377,1895

2335007805,1993,2382,1898

2335008805,1982,2374,1901

2335009805,1985,2369,1891

2335010805,1987,2366,1895

2335022801,1986,2352,1947

2335023805,1987,2352,1941

2335024805,1984,2347,1955

2335025805,1991,2334,1957

2335026805,1990,2342,1967

2335027805,1983,2336,1959

2335028805,1993,2336,1968

2335029805,1990,2330,1972

2335041801,1989,2304,2033

2335042805,1985,2304,2047

2335043805,1985,2301,2041

2335044805,1986,2293,2053

2335045805,1994,2288,2053

2335046805,1984,2288,2066

2335047805,1985,2289,2064

2335048805,1989,2290,2070

2335060801,1982,2284,2083

2335061805,1983,2274,2083

2335062805,1987,2285,2079

2335063805,1987,2278,2087

2335064805,1990,2274,2084

2335065805,1987,2279,2078

2335066805,1979,2281,2073

2335067805,1989,2288,2080

2335079801,1985,2297,2031

2335080805,1984,2309,2020

2335081805,1990,2327,2011

2335082805,1984,2304,2009

2335083805,1984,2312,2007

2335084805,1990,2320,2000

2335085805,1987,2319,2000

2335086805,1979,2311,1993

2335098801,1987,2353,1946

2335099805,1984,2348,1934

2335100805,1988,2404,1922

2335101805,1998,2359,1920

2335102805,1994,2364,1919

2335103805,1994,2382,1919

2335104805,1989,2371,1911

2335105805,1990,2343,1905

2335117801,1989,2384,1903

2335118805,1992,2371,1895

2335119805,1997,2378,1898

2335120805,1982,2381,1898

2335121805,1997,2374,1901

2335122805,1994,2375,1911

2335123805,1994,2373,1904

2335124805,1991,2363,1910

2335136801,1983,2351,1947

2335137805,1986,2342,1963

2335138805,1995,2347,1964

2335139805,1985,2345,1968

2335140805,1991,2332,1968

2335141805,1989,2334,1979

2335142805,1986,2329,1993

2335143805,1985,2329,1977

2335155801,1985,2302,2035

2335156805,1975,2303,2043

2335157805,1989,2287,2062

2335158805,1982,2295,2054

2335159805,1982,2293,2061

2335160805,1984,2294,2064

2335161805,1983,2293,2064

2335162805,1985,2282,2065

2335174801,1987,2275,2079

2335175805,1983,2285,2073

2335176805,1987,2287,2082

2335177805,1996,2273,2075

2335178805,1988,2285,2078

2335179805,1986,2279,2081

2335180805,1987,2289,2066

2335181805,1981,2283,2069

2335193801,1988,2316,2027

2335194805,1989,2309,2011

2335195805,1989,2314,2007

2335196805,1987,2311,2006

2335197805,1980,2318,2007

2335198805,1990,2320,1995

2335199805,1987,2327,1991

2335200805,1985,2330,1984

2335212801,1986,2359,1923

2335213805,1987,2363,1929

2335214805,1987,2361,1926

2335215805,1991,2364,1922

2335216805,1984,2369,1915

2335217805,1997,2371,1917

2335218805,1983,2367,1923

2335219805,1990,2368,1911

2335231801,1986,2368,1899

2335232805,1989,2373,1904

2335233805,1984,2380,1905

2335234805,1979,2373,1909

2335235805,1987,2377,1903

2335236805,2001,2368,1909

2335237805,1984,2367,1904

2335238805,1995,2372,1917

2335250801,1989,2349,1958

2335251805,1985,2350,1959

2335252805,1989,2340,1966

2335253805,1987,2347,1967

2335254805,1990,2343,1975

2335255805,1990,2339,1982

2335256805,1990,2331,1984

2335257805,1985,2326,1987

2335269801,1992,2309,2045

2335270805,1985,2298,2047

2335271805,1984,2288,2055

2335272805,1993,2291,2067

2335273805,1983,2290,2059

2335274805,1983,2289,2068

2335275805,1979,2288,2067

2335276805,1989,2282,2070

2335288801,1982,2272,2079

2335289805,1983,2286,2076

2335290805,1983,2288,2075

2335291805,1991,2285,2074

2335292805,1991,2285,2065

2335293805,1985,2287,2069

2335294805,1989,2293,2073

2335295805,1983,2289,2065

2335307801,1986,2314,2011

2335308805,1982,2321,2005

2335309805,1986,2315,2003

2335310805,1989,2320,1998

2335311805,1987,2329,2000

2335312805,1982,2320,1987

2335313805,1991,2327,1979

2335314805,1981,2313,1982

2335326801,1990,2394,1936

2335327805,1991,2365,1926

2335328805,1983,2359,1919

2335329805,1991,2368,1915

2335330805,1997,2372,1919

2335331805,1987,2369,1919

2335332805,1997,2371,1908

2335333805,1987,2369,1909

2335345801,1993,2397,1901

2335346805,1986,2368,1901

2335347805,1985,2371,1903

2335348805,2011,2353,1905

2335349805,1987,2372,1905

2335350805,1991,2362,1907

2335351805,2001,2374,1913

2335352805,1987,2369,1919

2335364801,1985,2335,1962

2335365805,1989,2347,1963

2335366805,1986,2337,1968

2335367805,1985,2334,1977

2335368805,1995,2338,1979

2335369805,1987,2331,1988

2335370805,1984,2321,1985

2335371805,1987,2321,1997

2335383801,1985,2301,2053

2335384805,1989,2291,2054

2335385805,1985,2298,2054

2335386805,1983,2288,2063

2335387805,1979,2288,2059

2335388805,1984,2288,2063

2335389805,1987,2287,2067

2335390805,1984,2281,2071

2335402801,1983,2283,2073

2335403805,1984,2326,2070

2335404805,1997,2288,2069

2335405805,1980,2288,2065

2335406805,1986,2279,2064

2335407805,1980,2288,2062

2335408805,1988,2289,2064

2335409805,1989,2292,2061

2335421801,1986,2317,2004

2335422805,1997,2315,2001

2335423805,1994,2320,1990

2335424805,1983,2320,1994

2335425805,1986,2320,1990

2335426805,1989,2327,1983

2335427805,1987,2330,1969

2335428805,1987,2323,1973

2335440801,1983,2355,1923

2335441805,1987,2359,1925

2335442805,1986,2371,1910

2335443805,1990,2357,1917

2335444805,1985,2381,1907

2335445805,1987,2369,1905

2335446805,1994,2367,1913

2335447805,1995,2367,1907

2335459801,1998,2368,1901

2335460805,2012,2355,1905

2335461805,1986,2371,1913

2335462805,1985,2371,1914

2335463805,1987,2371,1915

2335464805,1961,2381,1920

2335465805,2000,2379,1915

2335466805,1985,2363,1911

2335478801,1984,2338,1966

2335479805,1984,2339,1971

2335480805,1988,2331,1973

2335481805,1989,2331,1975

2335482805,1986,2331,1990

2335483805,1987,2329,1991

2335484805,1995,2326,2004

2335485805,1984,2321,2009

2335497801,1987,2298,2045

2335498805,1985,2289,2059

2335499805,1985,2293,2047

2335500805,1984,2294,2064

2335501805,1979,2287,2067

2335502805,1984,2285,2067

2335503805,1987,2252,2067

2335504805,1986,2288,2066

2335516801,1979,2288,2071

2335517805,1985,2287,2066

2335518805,1985,2297,2069

2335519805,1984,2290,2066

2335520805,1984,2287,2065

2335521805,1981,2289,2054

2335522805,1981,2294,2064

2335523805,1986,2293,2046

2335535801,1989,2319,2012

2335536805,1989,2320,2000

2335537805,1987,2317,1993

2335538805,1985,2328,1991

2335539805,1986,2331,1985

2335540805,1984,2333,1977

2335541805,1982,2333,1968

2335542805,1993,2335,1969

2335554801,1993,2368,1919

2335555805,1996,2364,1920

2335556805,1995,2364,1923

2335557805,1989,2363,1915

2335558805,1999,2367,1909

2335559805,1990,2363,1909

2335560805,1994,2371,1909

2335561805,1991,2365,1909

2335573801,1987,2368,1916

2335574805,1987,2370,1913

2335575805,1986,2368,1913

2335576805,1999,2368,1946

2335577805,1990,2374,1919

2335578805,1989,2375,1925

2335579805,1991,2359,1922

2335580805,1985,2358,1922

2335592801,1984,2333,1964

2335593805,1986,2332,1975

2335594805,1990,2333,1978

2335595805,1986,2325,1986

2335596805,1989,2324,1984

2335597805,1983,2323,1999

2335598805,1981,2311,2001

2335599805,1985,2315,2015

2335611801,1991,2289,2064

2335612805,1982,2288,2058

2335613805,1989,2289,2065

2335614805,1990,2293,2064

2335615805,2000,2288,2069

2335616805,1986,2281,2065

2335617805,1984,2308,2069

2335618805,1983,2291,2074

2335630801,1980,2283,2069

2335631805,1979,2288,2071

2335632805,1983,2290,2060

2335633805,1984,2352,2057

2335634805,1985,2288,2064

2335635805,1987,2293,2046

2335636805,1989,2289,2054

2335637805,1993,2288,2038

2335649801,1987,2327,1999

2335650805,1987,2320,1987

2335651805,1989,2325,1987

2335652805,2003,2321,1984

2335653805,1991,2329,1974

2335654805,1990,2337,1973

2335655805,1989,2289,1973

2335656805,1989,2342,1965

2335668801,2005,2368,1922

2335669805,1995,2374,1921

2335670805,1988,2368,1914

2335671805,1984,2373,1915

2335672805,1991,2364,1920

2335673805,1998,2366,1909

2335674805,1986,2382,1914

2335675805,1989,2375,1909

2335687801,1984,2365,1906

2335688805,1986,2367,1927

2335689805,1997,2369,1915

2335690805,1989,2363,1915

2335691805,1983,2364,1936

2335692805,1987,2361,1929

2335693805,1993,2366,1926

2335694805,1991,2357,1934

2335706801,1983,2327,1974

2335707805,1990,2334,1983

2335708805,1984,2332,1990

2335709805,1995,2323,1994

2335710805,1994,2320,1999

2335711805,1983,2320,2001

2335712805,1984,2318,2006

2335713805,1983,2323,2007

2335725801,1994,2293,2059

2335726805,1975,2295,2097

2335727805,1981,2291,2064

2335728805,1984,2288,2064

2335729805,1972,2288,2071

2335730805,1983,2291,2070

2335731805,1979,2286,2058

2335732805,1987,2287,2067

2335744801,1985,2282,2066

2335745805,1986,2288,2059

2335746805,1984,2290,2064

2335747805,1986,2298,2055

2335748805,1984,2288,2057

2335749805,1985,2296,2054

2335750805,1983,2300,2043

2335751805,1984,2302,2043

2335763801,1991,2325,1990

2335764805,1991,2325,1986

2335765805,1989,2321,1981

2335766805,1984,2326,1979

2335767805,1984,2330,2035

2335768805,1984,2333,1971

2335769805,1987,2326,1968

2335770805,1987,2346,1967

2335781801,1994,2367,1931

2335782805,1987,2358,1922

2335783805,1987,2369,1921

2335784805,1990,2365,1937

2335785805,1998,2369,1911

2335786805,1984,2368,1915

2335787805,1982,2368,1906

2335788805,1989,2368,1906

2335800801,1993,2368,1923

2335801805,1986,2368,1916

2335802805,1995,2361,1919

2335803805,1987,2369,1922

2335804805,1986,2355,1922

2335805805,1995,2358,1931

2335806805,1983,2363,1933

2335807805,1991,2363,1933

2335819801,1983,2331,1974

2335820805,1982,2330,1983

2335821805,1988,2321,2036

2335822805,1983,2326,1990

2335823805,1987,2320,2000

2335824805,1986,2321,1997

2335825805,1988,2320,2000

2335826805,1988,2320,2013

2335837453,1989,2300,2053

2335838805,1975,2293,2061

2335839805,1985,2286,2054

2335840805,1985,2289,2059

2335841805,1982,2286,2061

2335842805,1989,2288,2063

2335843805,1983,2288,2069

2335855801,1986,2281,2070

2335856805,1985,2291,2044

2335857805,1983,2288,2059

2335858805,1985,2283,2064

2335859805,1985,2288,2059

2335860805,1978,2286,2046

2335861805,1984,2307,2045

2335862805,1987,2291,2042

2335874801,1998,2320,2000

2335875840,1994,2351,1991

2335876805,1984,2326,1997

2335877805,1993,2330,1983

2335878805,1985,2334,1979

2335879805,1997,2339,1977

2335880805,1985,2322,1968

2335881805,1985,2339,1974

2335893801,1997,2359,1924

2335894805,1994,2363,1925

2335895805,1998,2365,1926

2335896805,1993,2369,1929

2335897805,1984,2365,1881

2335898805,1984,2366,1904

2335899805,1989,2368,1916

2335900805,1984,2364,1893

2335912801,1990,2359,1889

2335913805,1984,2365,1919

2335914805,1985,2364,1907

2335915805,1995,2367,1926

2335916805,1961,2357,1919

2335917805,1985,2364,1925

2335918805,1991,2354,1922

2335919805,1995,2367,1936

2335931801,1984,2329,1985

2335932805,1987,2338,1985

2335933805,1990,2333,1972

2335934805,2000,2331,1987

2335935805,1988,2320,1998

2335936805,1984,2325,1997

2335937805,1994,2322,1997

2335938805,1984,2311,1985

2335949801,1988,2297,2041

2335950805,1938,2289,2058

2335951805,1972,2296,2042

2335952805,1979,2292,2047

2335953805,1984,2291,2058

2335954805,1982,2295,2060

2335955805,1985,2285,2064

2335956805,1994,2292,2063

2335968801,1974,2288,2059

2335969805,2003,2288,2079

2335970805,1965,2288,2065

2335971805,1986,2288,2057

2335972805,1984,2288,2062

2335973805,1983,2295,2059

2335974805,1985,2301,2041

2335975805,1987,2299,2042

2335987838,1991,2326,1999

2335988805,1984,2320,1995

2335989805,1985,2329,1988

2335990805,1989,2324,1983

2335991805,1985,2326,1984

2335992805,1985,2336,1978

2335993805,1989,2334,1981

2335994805,1987,2335,1968

2336005453,1990,2367,1938

2336006805,1986,2361,1930

2336007805,1983,2365,1922

2336008805,1989,2357,1919

2336009805,1967,2363,1914

2336010805,1988,2366,1920

2336011805,1987,2359,1919

2336023801,1986,2411,1918

2336024805,1989,2369,1911

2336025805,1991,2368,1936

2336026805,1989,2365,1920

2336027805,1994,2372,1923

2336028805,1988,2368,1920

2336029805,1991,2363,1915

2336030805,1990,2363,1925

2336042801,1996,2341,1967

2336043812,1981,2335,1968

2336044805,1987,2338,1983

2336045805,1984,2339,1979

2336046805,1985,2334,1985

2336047805,1984,2324,1989

2336048805,1983,2321,1993

2336049805,1985,2323,2033

2336061801,1989,2302,2034

2336062805,1986,2303,2064

2336063805,1987,2300,2029

2336064805,1987,2288,2047

2336065805,1979,2295,2034

2336066805,1979,2288,2058

2336067805,1984,2288,2062

2336068805,1989,2288,2064

2336080801,1987,2293,2064

2336081805,1975,2292,2055

2336082805,1984,2288,2047

2336083805,1975,2290,2054

2336084805,1983,2292,2047

2336085805,1988,2288,2045

2336086805,1990,2288,2043

2336087805,1985,2291,2057

2336099801,1997,2320,2047

2336100805,1987,2315,2000

2336101805,1979,2319,1993

2336102805,1987,2326,1990

2336103805,1985,2321,1983

2336104805,1994,2332,1994

2336105805,1984,2308,1974

2336106805,1984,2334,1979

2336118801,1990,2362,1935

2336119805,1995,2356,1925

2336120805,1987,2365,1929

2336121805,1988,2365,1921

2336122805,1986,2368,1920

2336123805,1991,2368,1929

2336124805,1987,2368,1916

2336125805,1993,2365,1918

2336137801,1991,2359,1915

2336138805,2016,2370,1920

2336139805,1989,2364,1923

2336140805,2000,2310,1925

2336141805,1993,2361,1936

2336142805,1985,2355,1923

2336143805,1994,2356,1929

2336144805,1994,2348,1938

2336156801,1993,2331,1970

2336157805,1990,2335,1975

2336158805,1990,2330,1986

2336159805,1992,2327,1984

2336160805,1988,2335,1991

2336161805,1997,2323,1978

2336162805,1984,2325,2000

2336163805,1985,2319,1966

2336175801,1989,2298,2035

2336176805,1989,2304,2061

2336177805,1986,2299,2045

2336178805,1997,2285,2057

2336179805,1984,2299,2054

2336180805,1982,2285,2059

2336181805,1987,2291,2047

2336182805,1983,2287,2057

2336194801,1989,2289,2064

2336195805,1985,2293,2034

2336196805,1991,2291,2065

2336197805,1983,2293,2061

2336198805,1983,2295,2055

2336199805,1987,2304,2045

2336200805,1979,2299,2036

2336201805,1984,2299,2061

2336213801,1984,2323,1995

2336214805,1985,2321,1999

2336215805,1981,2336,1984

2336216805,1998,2325,1986

2336217805,1968,2335,1979

2336218805,1985,2331,1974

2336219805,1989,2331,1968

2336220805,1984,2338,1959

2336232801,1985,2359,1926

2336233805,1978,2359,1920

2336234805,1999,2365,1915

2336235805,1984,2362,1920

2336236805,1993,2368,1916

2336237805,2031,2366,1921

2336238805,1984,2359,1904

2336239805,1990,2364,1920

2336251801,1986,2368,1930

2336252805,1998,2357,1920

2336253805,1990,2357,1901

2336254805,1988,2358,1923

2336255805,1997,2361,1955

2336256805,1985,2353,1946

2336257805,1988,2361,1933

2336258805,1992,2356,1937

2336270801,1982,2336,1968

2336271805,1989,2334,1985

2336272805,1968,2325,1989

2336273805,1969,2323,1987

2336274805,1985,2326,1999

2336275805,1995,2323,1988

2336276805,1991,2320,2001

2336277805,1984,2318,2004

2336289801,1984,2303,2058

2336290805,1983,2295,2059

2336291805,2015,2289,2047

2336292805,1986,2290,2058

2336293805,1984,2293,2045

2336294805,1989,2288,2064

2336295805,1987,2285,2061

2336296805,1987,2288,2063

2336307801,1985,2288,2064

2336308805,1985,2291,2045

2336309805,1982,2289,2055

2336310805,1991,2295,2057

2336311805,1985,2295,2047

2336312805,1989,2295,1990

2336313805,1984,2290,2020

2336314805,1989,2304,2039

2336326801,1985,2319,1995

2336327805,1990,2320,1993

2336328805,1979,2333,1986

2336329805,1987,2323,1984

2336330805,1983,2325,1984

2336331805,1985,2325,1978

2336332805,1986,2329,1977

2336333805,1988,2325,1971

2336345801,1994,2359,1934

2336346805,1987,2353,1815

2336347805,1987,2369,1963

2336348805,1988,2359,1927

2336349805,1997,2365,1925

2336350805,1989,2364,1924

2336351805,1999,2359,1919

2336352805,1987,2357,1917

2336363453,1985,2367,1923

2336364805,1997,2363,1917

2336365805,1990,2361,1917

2336366805,1995,2357,1923

2336367805,1991,2355,1932

2336368805,1991,2357,1923

2336369805,1955,2353,1934

2336381801,1984,2338,1969

2336382805,1985,2335,1975

2336383805,1985,2331,1971

2336384805,1989,2327,1986

2336385805,1988,2330,1991

2336386805,1987,2336,2002

2336387805,1987,2323,1998

2336388805,1987,2321,2000

2336400801,1987,2305,2047

2336401805,1985,2294,2032

2336402805,1986,2300,2038

2336403805,1984,2293,2044

2336404805,1989,2290,2053

2336405805,1986,2290,2042

2336406805,1989,2286,2047

2336407805,1979,2291,2061

2336419801,1987,2295,2066

2336420805,1984,2288,2047

2336421805,1986,2293,2045

2336422805,1989,2287,2046

2336423805,1994,2288,2046

2336424805,1990,2291,2045

2336425805,1985,2323,2036

2336426805,1987,2293,2045

2336438801,1991,2319,2000

2336439805,1997,2321,2002

2336440805,2003,2321,1991

2336441805,1980,2325,1994

2336442805,1987,2333,1983

2336443805,1984,2331,1978

2336444805,1983,2331,1973

2336445805,1984,2337,1968

2336457801,1989,2361,1934

2336458805,1994,2359,1927

2336459805,1986,2364,1943

2336460805,1995,2361,1927

2336461805,1965,2373,1933

2336462805,1987,2359,1933

2336463805,1998,2359,1929

2336464805,1989,2370,1928

2336475801,1990,2359,1927

2336476805,1985,2364,1890

2336477805,1985,2366,1914

2336478805,1985,2361,1918

2336479805,1970,2363,1920

2336480805,2000,2356,1936

2336481805,1991,2351,1934

2336482805,1993,2350,1935

2336494801,1988,2349,1967

2336495805,1974,2337,1997

2336496805,1989,2335,1974

2336497805,2002,2325,2041

2336498805,1981,2335,1987

2336499805,1985,2320,1984

2336500805,2047,2327,2032

2336501805,1949,2326,1971

2336513801,1987,2303,2032

2336514805,1986,2298,2044

2336515805,1963,2297,2033

2336516805,1988,2298,2043

2336517805,1942,2298,2045

2336518805,1954,2291,2064

2336519805,1931,2289,2047

2336520805,2000,2299,2163

2336531453,1984,2295,2042

2336532805,1967,2288,2125

2336533805,1958,2297,2025

2336534805,1983,2300,2011

2336535805,1987,2293,2053

2336536805,2007,2301,2043

2336537805,1974,2305,2032

2336549801,1989,2318,2005

2336550805,1991,2311,1999

2336551805,1986,2318,1998

2336552805,1997,2330,1995

2336553805,1967,2320,1968

2336554805,1981,2330,1993

2336555805,1991,2326,1984

2336556805,1999,2342,1989

2336568801,1994,2352,1936

2336569805,1989,2349,1904

2336570805,1991,2363,1927

2336571805,1987,2352,1936

2336572805,1977,2368,1893

2336573805,1991,2355,1930

2336574805,1995,2353,1929

2336575805,1988,2355,1954

2336587801,1989,2365,1921

2336588805,1985,2358,1927

2336589805,1990,2362,1936

2336590805,1986,2365,1927

2336591805,1984,2359,1921

2336592805,1989,2362,1930

2336593805,1985,2359,1935

2336594805,1991,2350,1936

2336606801,1986,2335,1977

2336607805,1991,2339,1990

2336608805,1989,2334,1917

2336609805,1989,2337,1984

2336610805,1989,2331,1984

2336611805,1984,2333,1997

2336612805,1989,2329,1998

2336613805,1984,2320,1994

2336625801,1985,2306,2032

2336626805,1990,2304,2009

2336627805,1984,2304,2053

2336628805,1984,2305,2039

2336629805,1988,2301,2061

2336630805,1990,2297,2039

2336631805,1985,2294,2064

2336632805,1990,2291,2044

2336644801,1995,2287,2047

2336645805,1985,2288,2054

2336646805,1971,2294,2023

2336647842,1983,2293,2047

2336648805,1991,2295,2055

2336649805,1995,2298,2052

2336650805,1987,2299,2041

2336651805,1983,2297,2032

2336663801,1990,2317,2000

2336664805,1997,2320,2000

2336665805,1926,2320,1997

2336666805,1984,2322,1989

2336667805,1986,2333,1978

2336668805,1989,2323,1983

2336669805,1991,2327,1984

2336670805,1984,2330,1974

2336682801,1985,2352,1933

2336683805,1983,2351,1927

2336684805,1982,2359,1936

2336685805,1989,2361,1938

2336686805,1985,2357,1930

2336687805,1986,2362,1921

2336688805,1989,2363,1931

2336689805,1995,2359,1927

2336701801,1950,2368,1921

2336702805,1992,2364,1933

2336703805,1984,2357,1925

2336704805,2002,2362,1926

2336705805,1990,2358,1936

2336706805,1989,2362,1945

2336707805,1990,2359,1938

2336708805,1995,2355,1935

2336720801,1990,2333,1989

2336721805,2032,2336,1978

2336722805,1990,2335,1984

2336723805,1985,2339,1983

2336724805,1979,2327,1989

2336725805,1990,2329,1987

2336726805,1990,2325,1995

2336727805,1987,2320,1995

2336739801,1966,2302,2033

2336740805,1971,2302,2034

2336741805,1957,2299,2032

2336742805,1968,2289,2045

2336743805,1982,2291,2046

2336744805,2011,2291,2039

2336745805,1984,2294,2055

2336746805,1985,2295,2038

2336758801,1959,2288,2043

2336759805,1933,2300,2047

2336760805,1993,2297,2054

2336761805,1969,2288,2043

2336762805,1986,2295,2045

2336763805,1971,2293,2089

2336764805,1994,2298,2042

2336765805,2014,2302,2031

2336777801,1967,2317,1949

2336778805,1990,2321,1998

2336779805,1984,2326,1985

2336780805,1984,2322,1989

2336781805,1969,2329,1984

2336782805,1918,2335,1976

2336783805,1985,2337,1984

2336784805,2043,2330,1979

2336796801,1978,2353,1963

2336797805,1972,2353,1939

2336798805,1986,2351,1934

2336799805,1991,2365,1933

2336800805,1989,2359,1926

2336801805,1969,2367,1927

2336802805,1986,2355,1927

2336803805,1989,2354,1927

2336815801,1985,2366,1929

2336816805,1966,2363,1918

2336817805,2031,2355,1934

2336818805,2013,2365,1933

2336819805,1985,2353,1931

2336820805,1947,2357,1946

2336821805,1986,2352,1938

2336822805,2000,2355,1936

2336834801,1985,2331,1970

2336835805,1990,2326,1986

2336836805,2009,2320,1990

2336837805,1971,2327,1998

2336838805,1983,2321,1993

2336839805,1963,2317,2000

2336840805,1993,2319,2000

2336841805,1977,2318,2002

2336853801,1985,2295,2145

2336854805,2015,2294,2033

2336855805,1957,2297,2038

2336856805,1974,2304,2044

2336857805,1997,2289,2032

2336858805,2021,2293,2046

2336859805,1986,2301,2042

2336860805,2018,2294,2054

2336872801,1987,2289,2043

2336873805,1982,2301,2043

2336874805,1977,2295,2037

2336875805,2007,2298,2037

2336876805,1961,2298,2033

2336877805,1984,2314,2033

2336878805,1984,2310,2032

2336879805,1980,2307,2032

2336891801,1986,2320,1991

2336892805,1986,2326,1988

2336893805,1985,2320,1987

2336894805,2003,2330,1984

2336895805,1995,2330,1977

2336896805,1987,2335,1975

2336897805,1984,2336,1969

2336898805,1995,2334,1969

2336910801,1996,2354,1935

2336911805,1985,2363,1932

2336912805,1986,2352,1923

2336913805,1970,2358,1936

2336914805,1983,2353,1935

2336915805,1986,2362,1915

2336916805,1999,2359,1926

2336917805,1990,2356,1939

2336929801,1989,2359,1933

2336930805,1986,2352,1933

2336931805,1990,2356,1946

2336932805,1986,2352,1936

2336933805,1985,2355,1949

2336934805,1984,2349,1929

2336935805,1991,2350,1938

2336936805,1983,2352,1942

2336948801,2000,2335,1985

2336949835,1982,2326,1983

2336950805,1985,2331,2021

2336951805,2030,2319,1997

2336952805,1983,2321,1993

2336953805,1994,2320,2001

2336954805,1983,2307,2000

2336955805,1984,2320,2009

2336967801,1984,2298,2032

2336968805,2007,2301,2041

2336969805,1985,2298,2039

2336970805,2005,2293,2053

2336971805,1984,2294,2032

2336972805,1991,2291,2047

2336973805,1984,2297,2044

2336974805,1987,2294,2046

2336986801,1998,2305,2037

2336987805,1986,2297,2038

2336988805,1969,2303,2043

2336989805,1966,2300,2033

2336990805,1990,2304,2038

2336991805,1989,2305,2030

2336992805,1984,2307,2033

2336993805,1985,2306,2025

2337005836,1984,2323,1989

2337006805,1993,2331,1989

2337007805,1984,2331,1959

2337008805,1984,2331,1996

2337009805,1989,2327,1971

2337010805,1984,2337,1974

2337011805,1978,2334,1963

2337012805,1982,2341,1967

2337023801,2003,2358,1936

2337024805,1994,2362,1932

2337025805,1997,2358,1932

2337026805,1987,2353,1930

2337027805,1993,2354,1935

2337028805,1993,2359,1931

2337029805,1989,2353,1933

2337030805,1991,2361,1914

2337042801,1990,2359,1934

2337043805,1989,2353,1930

2337044805,1988,2355,1889

2337045805,1990,2361,1936

2337046805,2001,2353,1941

2337047805,1991,2352,1945

2337048805,1995,2352,1947

2337049805,1984,2349,1943

2337061801,1985,2331,1971

2337062805,1984,2329,1982

2337063805,1995,2320,1984

2337064805,1985,2321,1987

2337065805,1991,2321,1999

2337066805,1984,2323,2002

2337067805,1989,2319,2003

2337068805,1984,2325,2014

2337079450,1982,2301,2032

2337080805,1984,2293,2039

2337081805,1982,2304,2038

2337082805,1991,2297,2045

2337083805,1982,2305,2046

2337084805,1991,2302,2047

2337085805,1994,2301,2037

2337097801,1991,2293,2055

2337098805,1986,2305,2046

2337099805,1985,2305,2038

2337100805,1970,2298,2032

2337101805,1989,2297,2033

2337102805,1994,2303,2033

2337103805,2000,2298,2032

2337104805,1986,2308,2035

2337116801,1991,2322,1996

2337117805,1985,2325,1991

2337118805,1989,2330,1996

2337119805,2011,2333,1982

2337120805,1982,2327,1975

2337121805,1994,2371,1971

2337122805,1991,2336,1983

2337123805,1998,2333,1965

2337135801,1985,2373,1936

2337136805,1987,2356,1932

2337137805,1993,2351,1936

2337138805,2005,2357,1936

2337139805,1993,2359,1936

2337140805,1990,2357,1930

2337141805,1998,2361,1935

2337142805,1984,2364,1931

2337154801,2003,2366,1934

2337155805,1998,2368,1938

2337156805,1995,2367,1937

2337157805,1987,2357,1933

2337158805,1989,2353,1949

2337159805,1992,2349,1943

2337160805,1991,2354,1943

2337161805,2000,2341,1946

2337173801,1994,2334,1979

2337174805,1984,2329,1984

2337175805,1929,2335,1983

2337176805,1966,2321,1987

2337177805,1987,2325,1999

2337178805,1982,2320,1999

2337179805,1994,2319,2000

2337180805,1985,2323,2000

2337192801,1991,2307,2039

2337193805,1984,2305,2027

2337194805,1987,2303,2035

2337195805,1971,2299,2032

2337196805,1999,2299,2027

2337197805,1986,2297,2045

2337198805,1981,2300,2047

2337199805,1979,2295,2039

2337211801,1987,2302,2041

2337212805,1987,2301,2032

2337213805,1987,2299,2034

2337214805,1935,2309,2039

2337215805,1986,2353,2031

2337216805,1985,2301,2032

2337217805,1984,2306,2030

2337218805,1985,2303,2033

2337230801,1990,2323,1991

2337231805,1995,2325,1991

2337232805,1996,2353,1979

2337233805,1995,2331,2044

2337234805,1994,2371,1981

2337235805,1993,2331,1978

2337236805,1984,2343,1967

2337237805,1989,2339,1963

2337249801,1988,2352,1938

2337250805,1991,2333,1937

2337251805,2000,2407,1929

2337252805,1994,2352,1943

2337253805,1989,2356,1932

2337254805,2000,2363,1930

2337255805,1995,2367,1936

2337256805,1997,2364,1930

2337268801,1994,2353,1930

2337269805,1993,2341,1937

2337270805,1989,2354,1941

2337271805,2002,2358,1935

2337272805,1982,2352,1936

2337273805,1987,2349,1952

2337274805,1984,2357,1939

2337275805,1983,2347,1943

2337287801,1968,2323,1983

2337288805,1994,2326,1991

2337289805,1984,2326,1986

2337290805,1991,2322,1997

2337291805,1990,2325,2000

2337292805,1987,2323,2001

2337293805,1989,2317,1985

2337294805,1994,2320,2002

2337306801,1990,2303,2032

2337307805,1995,2307,2031

2337308805,1986,2298,2037

2337309805,2019,2292,2047

2337310805,1988,2303,2033

2337311805,1999,2295,2046

2337312805,1991,2299,2047

2337313805,1985,2295,2042

2337325801,1988,2307,2033

2337326805,1984,2305,2032

2337327805,1975,2304,2033

2337328805,2028,2303,2033

2337329805,1985,2315,2032

2337330805,1990,2305,2030

2337331805,1977,2309,2022

2337332805,1985,2263,1993

2337344801,1983,2326,1984

2337345805,1953,2333,1982

2337346805,1990,2331,1982

2337347805,2032,2333,1974

2337348805,1994,2336,1975

2337349805,1991,2338,1969

2337350805,1970,2335,1967

2337351805,1975,2338,1973

2337363801,1985,2363,1936

2337364805,1986,2355,1936

2337365805,1984,2359,1943

2337366805,1986,2354,1932

2337367805,1987,2358,1930

2337368805,2000,2359,1934

2337369805,2007,2355,1918

2337370805,1998,2353,1921

2337381801,1988,2363,1935

2337382805,1983,2357,1936

2337383805,1989,2354,1937

2337384805,1994,2354,1936

2337385805,1983,2347,1936

2337386805,1987,2350,1939

2337387805,1991,2341,1984

2337388805,1985,2345,1953

2337400801,1987,2326,1989

2337401805,1997,2320,1987

2337402805,1988,2320,1962

2337403805,1987,2416,1989

2337404805,2009,2320,2047

2337405805,1989,2320,2000

2337406805,1993,2326,2001

2337407805,1985,2311,2005

2337419801,2007,2305,2033

2337420805,1987,2297,2032

2337421805,1987,2304,2037

2337422805,1985,2304,2030

2337423805,1988,2299,2037

2337424805,1989,2304,2039

2337425805,1991,2294,2044

2337426805,1989,2289,2043

2337437453,1986,2294,2038

2337438805,1984,2305,2025

2337439805,1986,2302,2032

2337440805,1990,2305,2035

2337441805,1989,2303,2028

2337442805,1987,2313,2030

2337443805,1991,2308,2023

2337455801,1987,2326,1996

2337456805,1983,2336,1977

2337457805,1993,2324,1989

2337458805,1995,2322,1974

2337459805,1994,2310,1984

2337460805,1984,2334,1972

2337461805,1991,2334,1974

2337462805,1988,2341,1968

2337474801,1989,2355,1939

2337475841,1986,2358,1969

2337476805,1985,2358,1936

2337477805,1979,2352,1933

2337478805,1989,2361,1938

2337479805,1999,2352,1931

2337480805,1987,2349,1936

2337481805,1983,2342,1935

2337493801,1993,2355,1935

2337494805,1988,2351,1941

2337495805,1991,2355,1942

2337496805,1990,2352,1941

2337497805,1991,2356,1937

2337498805,1987,2361,1946

2337499805,1995,2347,1949

2337500805,1984,2339,1941

2337512801,1983,2338,1984

2337513805,1985,2331,1983

2337514805,1984,2321,1990

2337515805,1993,2326,1969

2337516805,1990,2326,1995

2337517805,1989,2350,1999

2337518805,1985,2320,2015

2337519805,1986,2316,2003

2337531801,1993,2306,2032

2337532805,1983,2253,2032

2337533805,1990,2247,2031

2337534805,1979,2307,2021

2337535805,1983,2303,2047

2337536805,1986,2302,2032

2337537805,1988,2304,2000

2337538805,1988,2302,2032

2337550801,1982,2304,2034

2337551805,1990,2295,2038

2337552805,1990,2307,2031

2337553805,1967,2299,2042

2337554805,1991,2389,2026

2337555805,1987,2300,2017

2337556805,1991,2307,2032

2337557805,1986,2313,2021

2337569801,1993,2329,1986

2337570805,1985,2329,1984

2337571805,1987,2319,2006

2337572805,1987,2333,1977

2337573805,1986,2329,1982

2337574805,1967,2334,1975

2337575805,2003,2339,1963

2337576805,1991,2339,1969

2337588801,1987,2358,1941

2337589805,1985,2351,1936

2337590805,1984,2368,1937

2337591805,1968,2352,1991

2337592805,1985,2317,1936

2337593805,1986,2356,1937

2337594805,1971,2352,1933

2337595805,1991,2351,1933

2337607801,1991,2353,1936

2337608805,1991,2327,1937

2337609805,1997,2351,1941

2337610805,1982,2352,1947

2337611805,1989,2347,1947

2337612805,1998,2352,1951

2337613805,2021,2352,1947

2337614805,1998,2311,1954

2337626801,1987,2336,1986

2337627805,1985,2325,1994

2337628805,1981,2337,1984

2337629805,1981,2321,1994

2337630805,1986,2293,1999

2337631805,1986,2322,1995

2337632805,1967,2323,2000

2337633805,1971,2320,2007

2337645801,1983,2294,2033

2337646805,1987,2302,2041

2337647805,1988,2303,2032

2337648805,1982,2301,2058

2337649805,1986,2288,2032

2337650805,1985,2306,2034

2337651805,1984,2293,2037

2337652805,1983,2303,2043

2337664801,1987,2303,2034

2337665805,1984,2306,2032

2337666805,1984,2304,2027

2337667805,1983,2300,2032

2337668805,1991,2304,2030

2337669805,1986,2309,2025

2337670805,1990,2306,2001

2337671805,1984,2314,2016

2337683801,1994,2324,1984

2337684805,1993,2320,1983

2337685805,1994,2324,1979

2337686805,1997,2342,1971

2337687805,1997,2347,1981

2337688805,1990,2333,1971

2337689805,2014,2334,1968

2337690805,1987,2339,1963

2337702801,1994,2349,1936

2337703805,1989,2352,1943

2337704805,1990,2355,1949

2337705805,1938,2354,1936

2337706805,1978,2353,1945

2337707805,1990,2358,1938

2337708805,1996,2363,1933

2337709805,1985,2352,1931

2337721801,1993,2355,1968

2337722805,1979,2358,1942

2337723805,1979,2352,1982

2337724805,1987,2352,1947

2337725805,1991,2349,1946

2337726805,1991,2354,1945

2337727805,1980,2342,1949

2337728805,1984,2342,1958

2337739801,1990,2323,1982

2337740805,1983,2321,1995

2337741805,1985,2324,1989

2337742805,1984,2325,1991

2337743805,1990,2315,1997

2337744805,1987,2331,1997

2337745805,1983,2331,1989

2337746805,1987,2311,1997

2337758801,1994,2300,2028

2337759805,1985,2295,2033

2337760805,1985,2309,2032

2337761805,1994,2306,2031

2337762805,1982,2304,2032

2337763805,1979,2301,1974

2337764805,1978,2307,2044

2337765805,1983,2305,2039

2337777801,1985,2304,2025

2337778805,1986,2302,2065

2337779805,1984,2311,2026

2337780805,2025,2304,2037

2337781805,1985,2292,2022

2337782805,1989,2304,2030

2337783805,1984,2308,2012

2337784805,1983,2311,2017

2337795453,1985,2330,1996

2337796805,1986,2323,1985

2337797805,1982,2336,1980

2337798805,1991,2330,1975

2337799805,1986,2338,1970

2337800805,1990,2334,1971

2337801805,1995,2336,1968

2337813801,1982,2352,1951

2337814805,1984,2353,1927

2337815805,1987,2321,1942

2337816805,1929,2352,1937

2337817805,1987,2352,1936

2337818805,1990,2367,1932

2337819805,1946,2367,1943

2337820805,1990,2351,1935

2337832801,1984,2353,1938

2337833805,1990,2341,1903

2337834805,1982,2348,1942

2337835805,1999,2349,1939

2337836805,1985,2350,1941

2337837805,1989,2357,1949

2337838805,1983,2350,1938

2337839805,1990,2349,1951

2337851801,1985,2330,1983

2337852805,1991,2331,1984

2337853805,1993,2330,1985

2337854805,1993,2320,2005

2337855805,1985,2320,1997

2337856805,1985,2315,1999

2337857805,1981,2321,2004

2337858805,1985,2319,2000

2337870801,1984,2311,2031

2337871805,1989,2305,2032

2337872805,1985,2301,2032

2337873805,1955,2303,2034

2337874805,1987,2301,2035

2337875805,1978,2303,2036

2337876805,2000,2307,2032

2337877805,1988,2301,2035

2337889801,1992,2303,1980

2337890805,1984,2339,2022

2337891805,1979,2306,2027

2337892805,1985,2302,2025

2337893805,1979,2351,2027

2337894805,1987,2306,2019

2337895805,2002,2312,2005

2337896805,1984,2311,2022

2337907801,1997,2404,1994

2337908805,1988,2322,1985

2337909805,1987,2320,1981

2337910805,1990,2333,1981

2337911805,1991,2326,1979

2337912805,1985,2319,1972

2337913805,1986,2253,1969

2337914805,1984,2339,1975

2337926801,1985,2335,1943

2337927805,1983,2352,1938

2337928805,1983,2359,1943

2337929805,1989,2409,1939

2337930805,1990,2352,1937

2337931805,1989,2349,1941

2337932805,1995,2353,1937

2337933805,1987,2353,1954

2337945801,1991,2351,1939

2337946805,1997,2351,1938

2337947805,1987,2359,1936

2337948805,1997,2349,1944

2337949805,1997,2349,1942

2337950805,1987,2350,1954

2337951805,1988,2345,1953

2337952805,1987,2352,1959

2337963453,1987,2333,1983

2337964805,1993,2337,1979

2337965805,1991,2317,1979

2337966805,1984,2331,1989

2337967805,1982,2325,1993

2337968805,1991,2334,1998

2337969805,1984,2345,2002

2337981801,1990,2313,2027

2337982805,1989,2281,2030

2337983805,1982,2310,2029

2337984805,1951,2307,2040

2337985805,1991,2301,2037

2337986805,1983,2315,2037

2337987805,1945,2299,2023

2337988805,1983,2299,2032

2338000801,1989,2302,2035

2338001840,1989,2299,2032

2338002805,1989,2269,2030

2338003805,2047,2317,2021

2338004805,1984,2294,2026

2338005805,1995,2308,2022

2338006805,1985,2315,2019

2338007805,1983,2304,2021

2338019801,1987,2320,1996

2338020805,1985,2320,1995

2338021805,1988,2256,1981

2338022805,2002,2330,1978

2338023805,1995,2318,1987

2338024805,1984,2325,1979

2338025805,1985,2336,1975

2338026805,1989,2333,1979

2338038801,1968,2346,1957

2338039805,1987,2305,1942

2338040805,1985,2349,1945

2338041805,2000,2357,1953

2338042805,1994,2343,1941

2338043805,1989,2319,1939

2338044805,1987,2358,1940

2338045805,1991,2350,1935

2338057810,1993,2359,1935

2338058805,1987,2356,1946

2338059805,1986,2336,1950

2338060805,1991,2351,1941

2338061805,1986,2327,1952

2338062805,1994,2351,1950

2338063805,1991,2343,1949

2338064805,1994,2378,1958

2338076801,1989,2330,1979

2338077805,1987,2350,1989

2338078805,1985,2330,1991

2338079805,1983,2320,1984

2338080805,1987,2351,1996

2338081805,1984,2284,2001

2338082805,2032,2322,1997

2338083805,1983,2314,1994

2338095801,1985,2309,2032

2338096805,1985,2311,2027

2338097805,1987,2303,2032

2338098805,1970,2314,2029

2338099805,1987,2309,2027

2338100805,1998,2309,2034

2338101805,1989,2302,2032

2338102805,1986,2297,2034

2338114801,1993,2308,2031

2338115805,1985,2305,2033

2338116805,1981,2303,2029

2338117805,2007,2307,2032

2338118805,1983,2310,2025

2338119805,1979,2307,2019

2338120805,1989,2307,2021

2338121805,1990,2316,2014

2338133801,1987,2330,1989

2338134805,1990,2279,1985

2338135805,1989,2327,1989

2338136805,1986,2323,1975

2338137805,1984,2329,1975

2338138805,1989,2331,1981

2338139805,1991,2327,1970

2338140805,1987,2336,1973

2338152801,1984,2351,1943

2338153805,1991,2354,1950

2338154805,1987,2342,1940

2338155805,1983,2352,1943

2338156805,1984,2353,1937

2338157805,1985,2352,1947

2338158805,1985,2357,1941

2338159805,1987,2350,1937

2338171801,1989,2347,1953

2338172805,1984,2352,1947

2338173805,1984,2351,1955

2338174805,1983,2349,1949

2338175805,1983,2352,1952

2338176805,1990,2352,1942

2338177805,1986,2338,1957

2338178805,1987,2362,1958

2338190801,1982,2323,1983

2338191805,1983,2326,1989

2338192805,1986,2326,1989

2338193805,1987,2328,1991

2338194805,1983,2342,1999

2338195805,1983,2319,2000

2338196805,1971,2320,2001

2338197805,1988,2320,2001

2338209801,1989,2308,2023

2338210805,1984,2288,2029

2338211805,1987,2302,2031

2338212805,1978,2304,2027

2338213805,1979,2310,2023

2338214805,1984,2304,2038

2338215805,1984,2301,2037

2338216805,1985,2305,2032

2338228801,1990,2307,2030

2338229805,1984,2304,2030

2338230805,1989,2311,2019

2338231805,1981,2309,2021

2338232805,1999,2304,2019

2338233805,1980,2304,2010

2338234805,1984,2314,2013

2338235805,1990,2311,2018

2338247801,1993,2389,1983

2338248805,1989,2327,1983

2338249805,1987,2322,1982

2338250805,1988,2337,1984

2338251805,1993,2335,1978

2338252805,1986,2326,1974

2338253805,1975,2335,1973

2338254805,1991,2331,1971

2338266801,1995,2337,1950

2338267805,1985,2355,1938

2338268805,1987,2352,1942

2338269805,1989,2355,1942

2338270805,1999,2352,1939

2338271805,1989,2352,1935

2338272805,1977,2353,1935

2338273805,1989,2354,1942

2338285801,1985,2347,1941

2338286805,1989,2353,1954

2338287805,1991,2352,1949

2338288805,1993,2353,1950

2338289805,1991,2341,1949

2338290805,1991,2346,1953

2338291805,1995,2350,1964

2338292805,1994,2345,1951

2338304801,1986,2303,1986

2338305805,1983,2322,1991

2338306805,1984,2330,1993

2338307805,1986,2327,2000

2338308805,1986,2325,2000

2338309805,1983,2320,2064

2338310805,1979,2320,2003

2338311805,1981,2320,2003

2338323801,1986,2301,2032

2338324805,1982,2300,2027

2338325805,1993,2306,2025

2338326805,1968,2302,2032

2338327805,1993,2301,2032

2338328805,1985,2313,2032

2338329805,1984,2305,2039

2338330805,1982,2298,2022

2338342801,1984,2305,2018

2338343805,1987,2309,2025

2338344805,1985,2301,2023

2338345805,1990,2308,2036

2338346805,1986,2314,2009

2338347805,1983,2310,2019

2338348805,1985,2307,2015

2338349805,1984,2314,2009

2338361801,1983,2335,1984

2338362805,1988,2327,1983

2338363805,1990,2319,1982

2338364805,1985,2331,1977

2338365805,1998,2327,1969

2338366805,1987,2335,1963

2338367805,1991,2331,1976

2338368805,1986,2338,1963

2338380801,1993,2349,1939

2338381805,1982,2342,1943

2338382805,1989,2318,1941

2338383805,1998,2352,1942

2338384805,1985,2356,1943

2338385805,1985,2352,1946

2338386805,1993,2349,1939

2338387805,2005,2357,1941

2338399801,1995,2352,1954

2338400805,1986,2346,1960

2338401805,1990,2351,1948

2338402805,1985,2346,1954

2338403805,1984,2347,1957

2338404805,1995,2338,1963

2338405805,1987,2346,1963

2338406805,1995,2341,1967

2338418801,1987,2320,1991

2338419805,1987,2320,2000

2338420805,1993,2320,1998

2338421805,1984,2320,2002

2338422805,1986,2320,2000

2338423805,2000,2322,2005

2338424805,1991,2320,2011

2338425805,1986,2318,2005

2338437801,1986,2306,2025

2338438805,1989,2306,2031

2338439805,1990,2304,2031

2338440805,1986,2305,2039

2338441805,1986,2304,2029

2338442805,1991,2311,2029

2338443805,1984,2305,2030

2338444805,1986,2305,2032

2338456801,1985,2307,2025

2338457805,1986,2311,2021

2338458805,1991,2310,2020

2338459805,1983,2307,2023

2338460805,1985,2321,2017

2338461805,1986,2306,2020

2338462805,1982,2320,2014

2338463805,1983,2309,2003

2338475801,1986,2331,1980

2338476805,1986,2331,1978

2338477805,1990,2332,1979

2338478805,1990,2337,1972

2338479805,1989,2341,1968

2338480805,1986,2335,1966

2338481805,1990,2341,1968

2338482805,1991,2304,1969

2338494801,1996,2354,1939

2338495805,1992,2351,1942

2338496805,1987,2350,1941

2338497805,1985,2350,1941

2338498805,1986,2359,1937

2338499805,1996,2352,1939

2338500805,1981,2355,1946

2338501805,1983,2352,1939

2338513801,1989,2352,1954

2338514805,1991,2352,1961

2338515805,1987,2339,1965

2338516805,1987,2353,1955

2338517805,1983,2349,1961

2338518805,1991,2343,1965

2338519805,1981,2347,1968

2338520805,1990,2346,1967

2338532801,1993,2323,2002

2338533805,1985,2329,1990

2338534805,1990,2315,2000

2338535805,1981,2320,2003

2338536805,1983,2323,2005

2338537805,1984,2318,2005

2338538805,1983,2314,2003

2338539805,1983,2318,2005

2338551801,1991,2303,2019

2338552805,1984,2304,2026

2338553805,1983,2309,2032

2338554805,1995,2298,2025

2338555805,1987,2305,2032

2338556805,1994,2303,2025

2338557805,1985,2301,2032

2338558805,1986,2308,2031

2338570801,1997,2312,2017

2338571805,1986,2311,2015

2338572805,1982,2308,2013

2338573805,1983,2313,2011

2338574805,1991,2306,2010

2338575805,1990,2316,2001

2338576805,1984,2315,2011

2338577805,1982,2323,2005

2338589801,1982,2333,1975

2338590805,1999,2327,1973

2338591805,1986,2331,1969

2338592805,1989,2339,1969

2338593805,1986,2324,1967

2338594805,1987,2331,1968

2338595805,1984,2342,1968

2338596805,1986,2343,1966

2338608801,1985,2379,1940

2338609805,1995,2353,1941

2338610805,1984,2352,1936

2338611805,1982,2349,1947

2338612805,1984,2352,1944

2338613805,1986,2351,1941

2338614805,1984,2349,1943

2338615805,1990,2351,1939

2338627801,1986,2351,1954

2338628805,1989,2347,1951

2338629805,1986,2346,1957

2338630805,1989,2343,1965

2338631805,1990,2335,1966

2338632805,1989,2333,1966

2338633805,1988,2338,1968

2338634805,1979,2341,1967

2338646801,1991,2327,2000

2338647805,1984,2323,2003

2338648805,1984,2322,2004

2338649805,1984,2320,2027

2338650805,1992,2320,2005

2338651805,1984,2319,2002

2338652805,1989,2321,2014

2338653805,1991,2320,2007

2338665801,1985,2318,2027

2338666805,1984,2307,2059

2338667805,1985,2313,2031

2338668805,1988,2301,2032

2338669805,1991,2312,2030

2338670805,1990,2311,2020

2338671805,1989,2302,2031

2338672805,1987,2306,2032

2338684801,1991,2307,2017

2338685805,1986,2315,2011

2338686805,1987,2318,2010

2338687805,1993,2320,2011

2338688805,1991,2317,2010

2338689805,1986,2316,2003

2338690805,1989,2317,2002

2338691805,1987,2313,2004

2338703801,1994,2335,1984

2338704805,1989,2332,1947

2338705824,1991,2330,1965

2338706805,1983,2331,1973

2338707805,1982,2339,1968

2338708805,1986,2339,1963

2338709805,1991,2336,1968

2338710805,1995,2334,1963

2338722801,1986,2352,1948

2338723805,1987,2352,1953

2338724805,1983,2349,1943

2338725805,1985,2352,1941

2338726805,1995,2355,1941

2338727805,1994,2358,1943

2338728805,1998,2339,1954

2338729805,1990,2347,1939

2338741801,1994,2345,1965

2338742805,1985,2343,1963

2338743805,1989,2347,1961

2338744805,1987,2335,1963

2338745805,1989,2341,1964

2338746805,1991,2341,1968

2338747805,1997,2342,1974

2338748805,1990,2346,1968

2338760801,1989,2320,2000

2338761805,1983,2320,2018

2338762805,1990,2320,2007

2338763805,1989,2319,2010

2338764805,1988,2315,2010

2338765805,1979,2313,1943

2338766805,1983,2320,2005

2338767805,1982,2310,2005

2338779801,1993,2301,2025

2338780805,1989,2308,2026

2338781805,1989,2301,2032

2338782805,1983,2305,2022

2338783805,1984,2303,2034

2338784805,1974,2309,2026

2338785805,1985,2237,2025

2338786805,1985,2300,2032

2338798801,1989,2306,2002

2338799805,1983,2310,1959

2338800805,1986,2314,2007

2338801805,1993,2313,2008

2338802805,1985,2317,1983

2338803805,1989,2319,1990

2338804805,1986,2325,1998

2338805805,1984,2323,2000

2338817801,1985,2333,1969

2338818805,1998,2336,1969

2338819805,1989,2344,1968

2338820805,1989,2336,1972

2338821805,1993,2345,1967

2338822805,1988,2333,1965

2338823805,1990,2350,1955

2338824805,1986,2336,1952

2338836801,1991,2344,1942

2338837805,1991,2351,1950

2338838805,1987,2352,1943

2338839805,1969,2341,1949

2338840805,1984,2354,1949

2338841805,1990,2341,1945

2338842805,1985,2375,1947

2338843805,1991,2354,1945

2338855801,1993,2343,1962

2338856805,1991,2341,1968

2338857805,1989,2341,1962

2338858805,1979,2338,1967

2338859805,1986,2337,1978

2338860805,1989,2326,1971

2338861805,1991,2345,1974

2338862805,1984,2334,1983

2338874801,1983,2319,1999

2338875805,1984,2331,1987

2338876805,1989,2319,2006

2338877805,1989,2311,2007

2338878805,1985,2311,2004

2338879805,1989,2314,2013

2338880805,1982,2321,2013

2338881805,1984,2317,2015

2338893801,1994,2309,2029

2338894805,1990,2304,2021

2338895840,1990,2306,2025

2338896805,1980,2304,2018

2338897805,1985,2302,2027

2338898805,1988,2308,2015

2338899805,1990,2315,2027

2338900805,1989,2304,2032

2338912801,1991,2320,2007

2338913805,1987,2318,2011

2338914805,1971,2321,2006

2338915805,1989,2320,1994

2338916805,1985,2320,2007

2338917805,1986,2314,2005

2338918805,1991,2320,1995

2338919805,1990,2319,1978

2338931801,1995,2336,1963

2338932805,1990,2334,1936

2338933805,1989,2345,1968

2338934805,1989,2287,1965

2338935805,1984,2335,1950

2338936805,1968,2341,1972

2338937805,1984,2339,1959

2338938805,1991,2343,1968

2338950801,1991,2357,1916

2338951805,1985,2350,1950

2338952805,1994,2353,1939

2338953805,1990,2352,1943

2338954805,1994,2352,1957

2338955805,1993,2351,1953

2338956805,1985,2347,1950

2338957805,1994,2344,1951

2338969801,1986,2341,1989

2338970805,1985,2333,1966

2338971805,1994,2345,1975

2338972805,1983,2343,1973

2338973805,1991,2336,1971

2338974805,1990,2330,1967

2338975805,1990,2338,1978

2338976805,1981,2332,1982

2338988801,1987,2319,2000

2338989805,1988,2319,1983

2338990805,1985,2320,2011

2338991805,1982,2348,2016

2338992805,1987,2321,2003

2338993805,1989,2315,2013

2338994805,1989,2307,2007

2338995805,1989,2320,2014

2339007801,1987,2306,2029

2339008805,1991,2311,2023

2339009805,1985,2311,2021

2339010805,1990,2302,2031

2339011805,1983,2313,2033

2339012805,1985,2308,2023

2339013805,1988,2304,2027

2339014805,1985,2308,2027

2339026801,1986,2311,2011

2339027805,1985,2320,2003

2339028805,1989,2321,2007

2339029805,1995,2321,1993

2339030805,1994,2320,2000

2339031805,1994,2323,2003

2339032805,1986,2325,1997

2339033805,2000,2331,1994

2339045801,1998,2335,1973

2339046805,1984,2343,1968

2339047805,1987,2337,1968

2339048805,1995,2349,1956

2339049805,1989,2349,1963

2339050805,1988,2347,1959

2339051805,1985,2339,1958

2339052805,1994,2342,1959

2339064801,1987,2354,1948

2339065805,1993,2352,1968

2339066805,1985,2356,1948

2339067805,1985,2352,1943

2339068805,1981,2355,1910

2339069805,1989,2343,1948

2339070805,1989,2391,1949

2339071805,1984,2345,1939

2339083801,1967,2339,1971

2339084805,1994,2340,2058

2339085805,1977,2333,1969

2339086805,1994,2341,1978

2339087805,1989,2326,1974

2339088805,1989,2331,1970

2339089805,1989,2342,1971

2339090805,1994,2333,1978

2339102801,1990,2321,1970

2339103805,1997,2317,2009

2339104805,1991,2309,2022

2339105805,1985,2319,2011

2339106805,1997,2317,2007

2339107805,1992,2317,2019

2339108805,1990,2325,2011

2339109805,1989,2315,2013

2339121801,1988,2313,2076

2339122805,1988,2309,2019

2339123805,1983,2304,2022

2339124805,1987,2317,2019

2339125805,1981,2305,2022

2339126805,1983,2310,2015

2339127805,1986,2309,2027

2339128805,1990,2317,2029

2339140801,1986,2313,2003

2339141805,1990,2321,2003

2339142805,1989,2317,2001

2339143805,1990,2320,2000

2339144805,1995,2321,1998

2339145805,1984,2320,1996

2339146805,2007,2315,1995

2339147805,1993,2320,1989

2339159801,1990,2335,1971

2339160805,1991,2346,1970

2339161805,1994,2336,1954

2339162805,1997,2337,1969

2339163805,1989,2343,1963

2339164805,1984,2349,1957

2339165805,1995,2337,1952

2339166805,1991,2349,1953

2339178801,1984,2351,1949

2339179805,1985,2346,1952

2339180805,1994,2350,1949

2339181805,1991,2361,1950

2339182805,1986,2349,1952

2339183805,1991,2352,1954

2339184805,1988,2354,1950

2339185805,1983,2344,1953

2339197801,1995,2345,1975

2339198805,1990,2334,1968

2339199805,1987,2330,1978

2339200805,1986,2331,1976

2339201805,1984,2336,1986

2339202805,1989,2331,1968

2339203805,1987,2330,1984

2339204805,1987,2333,2029

2339216801,1984,2313,2019

2339217805,1987,2313,2003

2339218805,1985,2317,2011

2339219805,1988,2311,2013

2339220805,1983,2309,2013

2339221805,2010,2317,2007

2339222805,1984,2316,2013

2339223805,1987,2313,2027

2339235801,1984,2303,2028

2339236805,1989,2315,2021

2339237805,1989,2313,2023

2339238805,1995,2289,2030

2339239805,1983,2310,2021

2339240805,1984,2310,2032

2339241805,1991,2307,2019

2339242805,1990,2301,2039

2339254801,1988,2319,1990

2339255805,1986,2318,2023

2339256805,1982,2321,1999

2339257805,1980,2319,2002

2339258805,1984,2318,1985

2339259805,1990,2327,1991

2339260805,1983,2314,1989

2339261805,1977,2320,1995

2339273801,1989,2338,1968

2339274805,1991,2337,1968

2339275805,1989,2338,1962

2339276805,1982,2331,1967

2339277805,1987,2341,1959

2339278805,1993,2345,1955

2339279805,1991,2346,1956

2339280805,1989,2342,1953

2339292801,1983,2356,1954

2339293805,1998,2351,1955

2339294805,1991,2352,1954

2339295805,2000,2329,1948

2339296805,1990,2351,1950

2339297805,1991,2344,1955

2339298805,1987,2323,1957

2339299805,1985,2337,1951

2339311801,1984,2340,1968

2339312805,1989,2331,2032

2339313805,1989,2344,1972

2339314805,1987,2331,1981

2339315805,1990,2329,1984

2339316805,1984,2330,1979

2339317805,1985,2334,1982

2339318805,1993,2330,1977

2339330801,1986,2323,2015

2339331805,1985,2319,2010

2339332805,1986,2320,2006

2339333805,1987,2309,2017

2339334805,1985,2320,2009

2339335805,1990,2320,2014

2339336805,1982,2288,2021

2339337805,1984,2312,2017

2339349801,1994,2307,2027

2339350805,1986,2301,2023

2339351805,1986,2304,2022

2339352805,1979,2311,2027

2339353805,1989,2307,2023

2339354805,1989,2306,2017

2339355805,1993,2307,2021

2339356805,1985,2306,2022

2339368801,1986,2320,2000

2339369805,1989,2320,1999

2339370805,1991,2322,1994

2339371805,1989,2320,1998

2339372805,1993,2325,1989

2339373805,1995,2327,2065

2339374805,1994,2320,1987

2339375805,1993,2330,1984

2339387801,1987,2337,1959

2339388805,1982,2346,1965

2339389805,1987,2337,1968

2339390805,1987,2329,1966

2339391805,1989,2351,1963

2339392805,1986,2341,1957

2339393805,1991,2354,1959

2339394805,1994,2347,1957

2339406801,1986,2349,1953

2339407805,2000,2348,1953

2339408805,1989,2345,1943

2339409805,1990,2354,1947

2339410805,1989,2347,1953

2339411805,1983,2347,1963

2339412805,1987,2366,1943

2339413805,1987,2343,1955

2339425801,1998,2330,1982

2339426805,1989,2331,1970

2339427805,1987,2335,1957

2339428805,1991,2324,1973

2339429805,2027,2336,1973

2339430805,1982,2331,1979

2339431805,1990,2329,1986

2339432805,1985,2331,1985

2339444801,1993,2318,2007

2339445805,1984,2310,2007

2339446805,1991,2317,2003

2339447805,1985,2352,2011

2339448805,1987,2315,1994

2339449805,1986,2310,2010

2339450805,1989,2307,2013

2339451805,1987,2311,2021

2339463801,1986,2303,2025

2339464805,1983,2317,2017

2339465805,1985,2310,2018

2339466805,1983,2307,2017

2339467805,1982,2302,2007

2339468805,1986,2318,2041

2339469805,1982,2302,2017

2339470805,1985,2309,2019

2339482801,1984,2320,2000

2339483805,1988,2321,1984

2339484805,1988,2326,1987

2339485805,1985,2330,1989

2339486805,1984,2322,1990

2339487805,1991,2326,1981

2339488842,1993,2330,1987

2339489805,1984,2329,1975

2339501801,1991,2336,1959

2339502805,1993,2345,1964

2339503805,1991,2346,2021

2339504805,1993,2342,1958

2339505805,1987,2341,1963

2339506805,1984,2350,1923

2339507805,1995,2343,1963

2339508805,1990,2342,1921

2339520801,1999,2355,1953

2339521805,1989,2349,1955

2339522805,1985,2347,1970

2339523805,1985,2373,1954

2339524805,1983,2352,1947

2339525805,1997,2350,1920

2339526805,1987,2342,1957

2339527805,1987,2346,1956

2339539801,1981,2335,1984

2339540805,1988,2343,2047

2339541805,1989,2333,2026

2339542805,1989,2329,1981

2339543805,1983,2340,1979

2339544842,1984,2336,1986

2339545805,1994,2325,1994

2339546805,1987,2321,1998

2339558801,1988,2320,2015

2339559805,1985,2308,1998

2339560805,1985,2319,2095

2339561805,1991,2320,2010

2339562805,1983,2319,2015

2339563805,1989,2310,2016

2339564805,1983,2307,2021

2339565805,1990,2313,2019

2339577801,1987,2304,2018

2339578805,1979,2313,2022

2339579805,1997,2315,2005

2339580805,1986,2316,2016

2339581805,1990,2307,2032

2339582805,1983,2309,2018

2339583805,1985,2311,2017

2339584805,1991,2313,2017

2339596801,1990,2325,1990

2339597805,1987,2320,1986

2339598805,1988,2325,1993

2339599805,1983,2320,1985

2339600805,1978,2315,1981

2339601805,1994,2333,1988

2339602805,1983,2331,1982

2339603805,1994,2325,1979

2339615801,1987,2344,1966

2339616805,1989,2338,1963

2339617805,1997,2343,1954

2339618805,1985,2343,1957

2339619805,1986,2351,1957

2339620805,1990,2351,1948

2339621805,1990,2337,1965

2339622805,1988,2349,1961

2339634801,1995,2345,1966

2339635805,1989,2343,1956

2339636805,1987,2352,1956

2339637805,1989,2346,1953

2339638805,1986,2346,1953

2339639805,1987,2339,1950

2339640805,1989,2335,1966

2339641805,1995,2346,1967

2339653801,1986,2338,1975

2339654805,1984,2337,1982

2339655805,1983,2327,2003

2339656805,1985,2327,1979

2339657805,1986,2326,1981

2339658805,1985,2319,1983

2339659805,1990,2322,1995

2339660805,1984,2320,1990

2339672801,1994,2315,2006

2339673805,1982,2314,2011

2339674805,1987,2319,2017

2339675805,1983,2311,2019

2339676805,1984,2318,2015

2339677805,1984,2319,2032

2339678805,1984,2304,2011

2339679805,1985,2310,2013

2339691801,1986,2313,2022

2339692805,1983,2320,2026

2339693805,1983,2316,2015

2339694805,1990,2314,2001

2339695805,1987,2309,2007

2339696805,1985,2315,2025

2339697805,1987,2314,2014

2339698805,1984,2316,2004

2339710801,2000,2321,1995

2339711805,1994,2327,1996

2339712805,1985,2329,1987

2339713805,1991,2338,1984

2339714805,1953,2326,1982

2339715805,1995,2330,1984

2339716805,1990,2336,1987

2339717805,1991,2333,1981

2339729801,1985,2352,1955

2339730805,1991,2347,1961

2339731805,1991,2351,1958

2339732805,1994,2342,1967

2339733805,1983,2350,1952

2339734805,1939,2352,1957

2339735805,1986,2338,1955

2339736805,1999,2349,1952

2339748801,1984,2346,1978

2339749805,1975,2343,1943

2339750805,2000,2343,1952

2339751805,2058,2357,1954

2339752805,1958,2343,1982

2339753805,1990,2342,1990

2339754805,1984,2343,1968

2339755805,1986,2345,1979

2339767801,1988,2333,1974

2339768805,1983,2329,1984

2339769805,1985,2321,2057

2339770805,1995,2326,1986

2339771805,2034,2327,1988

2339772805,1989,2317,1968

2339773805,1984,2322,1996

2339774805,1982,2327,1997

2339786801,1982,2317,2006

2339787805,1971,2308,2007

2339788805,2022,2319,2029

2339789805,1993,2320,2009

2339790805,1983,2315,2022

2339791805,1999,2318,1994

2339792805,1983,2306,2022

2339793805,2000,2318,2021

2339805801,1993,2316,2039

2339806805,1993,2310,2015

2339807805,1981,2315,2014

2339808805,1978,2311,2012

2339809805,1968,2318,2006

2339810805,1991,2320,2031

2339811805,1987,2311,2005

2339812805,1970,2319,2015

2339824801,1990,2321,1990

2339825805,1967,2330,2022

2339826805,1996,2327,1982

2339827805,1959,2328,1979

2339828805,1936,2331,1979

2339829805,2001,2322,1982

2339830805,1985,2331,1983

2339831805,1991,2331,2013

2339842801,1984,2338,1962

2339843805,2000,2344,1942

2339844805,1984,2339,1959

2339845805,1947,2339,1984

2339846805,1984,2346,1955

2339847805,1987,2341,1952

2339848805,1998,2347,2006

2339849805,1997,2336,1957

2339861801,1989,2342,1957

2339862805,1995,2335,1959

2339863805,1982,2337,1962

2339864805,1986,2343,2013

2339865805,1985,2340,1936

2339866805,1985,2341,1966

2339867805,1987,2337,1964

2339868805,1989,2345,1967

2339880801,1984,2326,1982

2339881805,1989,2336,1947

2339882805,1993,2336,1947

2339883805,1993,2325,1985

2339884805,1986,2321,1975

2339885805,1983,2321,1938

2339886805,1971,2317,1999

2339887805,1989,2322,1994

2339898453,1984,2318,2015

2339899805,1983,2309,2010

2339900805,1990,2314,2000

2339901805,1986,2321,2032

2339902805,2032,2307,2022

2339903805,1987,2311,2017

2339904805,1995,2315,2032

2339916801,1989,2309,2012

2339917805,1987,2320,2017

2339918805,1995,2314,2015

2339919805,1991,2305,1968

2339920805,1984,2313,2023

2339921805,1991,2320,2018

2339922805,1986,2315,2013

2339923805,1986,2320,2020

2339935801,1984,2320,1988

2339936840,1986,2331,1991

2339937805,1987,2326,1989

2339938805,1984,2334,1991

2339939805,1984,2331,1989

2339940805,1973,2327,1991

2339941805,1981,2323,1981

2339942805,1995,2330,1981

2339954801,2013,2341,1947

2339955805,1964,2344,1957

2339956805,1985,2341,1959

2339957805,1994,2351,1962

2339958805,1985,2335,1968

2339959805,1991,2337,1964

2339960805,1983,2339,1959

2339961805,1988,2342,1953

2339973801,1989,2346,1952

2339974805,1989,2335,1961

2339975805,1982,2346,1953

2339976805,1975,2345,1965

2339977805,1967,2332,1955

2339978805,1984,2343,1961

2339979805,1994,2349,1959

2339980805,1984,2337,1968

2339992801,1954,2330,1979

2339993805,2015,2328,1979

2339994805,1984,2327,1987

2339995805,1985,2330,1987

2339996805,1959,2330,1999

2339997805,1999,2322,1990

2339998805,1984,2334,1987

2339999805,1990,2320,1993

2340011801,2061,2309,1995

2340012805,2011,2314,2007

2340013805,1991,2315,2005

2340014805,1991,2307,2005

2340015805,1981,2307,2017

2340016805,1952,2304,2016

2340017805,1994,2320,2013

2340018805,1987,2311,2015

2340030801,1986,2319,2013

2340031805,1984,2313,2016

2340032805,1998,2310,2014

2340033805,1968,2316,2013

2340034805,1975,2309,2018

2340035805,1954,2311,2032

2340036805,1986,2317,2017

2340037805,1973,2313,2013

2340049801,1971,2323,2003

