Tiempo,Temp_Dist_81.4mm,Temp_Dist_123.1mm,Temp_Dist_164.0mm,Temp_Dist_211.9mm,Temp_Dist_249.6mm,Temp_Dist_410.5mm
0,32.931,33.112,33.149,33.27,33.395,33.545
3,33.426,33.464,33.499,33.672,33.831,34.04
6,33.454,33.466,33.508,33.66,33.816,34.049
9,33.509,33.499,33.497,33.658,33.816,34.04
12,33.603,33.53,33.506,33.654,33.818,34.044
15,33.831,33.552,33.499,33.649,33.803,34.038
18,34.228,33.611,33.521,33.651,33.81,34.061
21,34.729,33.754,33.553,33.643,33.814,34.042
24,35.318,33.925,33.592,33.664,33.805,34.042
27,35.931,34.151,33.662,33.686,33.82,34.036
30,36.568,34.426,33.735,33.681,33.827,34.047
33,37.188,34.735,33.87,33.711,33.835,34.038
36,37.811,35.07,33.996,33.763,33.84,34.053
39,38.394,35.402,34.13,33.812,33.857,34.042
42,38.941,35.748,34.297,33.865,33.876,34.032
45,39.502,36.105,34.46,33.929,33.895,34.034
48,40.038,36.431,34.656,33.996,33.925,34.038
51,40.49,36.782,34.853,34.071,33.964,34.034
54,40.955,37.114,35.056,34.175,34.008,34.053
57,41.358,37.457,35.264,34.278,34.073,34.057
60,41.755,37.754,35.471,34.376,34.107,34.042
63,42.117,38.07,35.683,34.487,34.147,34.047
66,42.441,38.388,35.877,34.594,34.222,34.064
69,42.745,38.683,36.105,34.715,34.296,34.067
72,43.07,38.95,36.316,34.869,34.376,34.079
75,43.336,39.235,36.551,34.99,34.477,34.09
78,43.575,39.496,36.766,35.142,34.568,34.108
81,43.807,39.739,36.953,35.278,34.637,34.123
84,43.994,39.975,37.159,35.405,34.731,34.12
87,44.125,40.149,37.337,35.521,34.814,34.124
90,44.256,40.34,37.503,35.662,34.889,34.133
93,44.367,40.516,37.658,35.777,35.0,34.141
96,44.457,40.677,37.852,35.895,35.062,34.148
99,44.517,40.824,37.978,36.019,35.16,34.158
102,44.59,40.938,38.114,36.132,35.25,34.169
105,44.612,41.083,38.256,36.232,35.327,34.175
108,44.658,41.189,38.384,36.369,35.421,34.18
111,44.642,41.276,38.501,36.47,35.502,34.195
114,44.645,41.363,38.621,36.557,35.588,34.192
117,44.598,41.423,38.712,36.658,35.646,34.229
120,44.563,41.496,38.814,36.763,35.735,34.231
123,44.541,41.548,38.916,36.857,35.821,34.244
126,44.481,41.575,38.995,36.936,35.9,34.25
129,44.397,41.608,39.072,37.039,35.992,34.263
132,44.321,41.646,39.142,37.107,36.043,34.28
135,44.228,41.651,39.206,37.203,36.12,34.319
138,44.158,41.657,39.27,37.267,36.199,34.316
141,44.065,41.654,39.321,37.34,36.283,34.329
144,43.945,41.638,39.359,37.408,36.323,34.366
147,43.869,41.635,39.408,37.461,36.396,34.366
150,43.708,41.621,39.434,37.529,36.462,34.396
153,43.621,41.589,39.476,37.576,36.526,34.425
156,43.513,41.572,39.485,37.632,36.573,34.436
159,43.366,41.516,39.526,37.685,36.638,34.468
162,43.249,41.459,39.539,37.715,36.689,34.483
165,43.117,41.41,39.525,37.745,36.726,34.511
168,43.006,41.377,39.534,37.791,36.771,34.526
171,42.846,41.294,39.522,37.81,36.81,34.556
174,42.785,41.284,39.539,37.883,36.881,34.599
177,42.665,41.23,39.553,37.912,36.938,34.624
180,42.627,41.225,39.589,37.961,37.0,34.67
183,42.507,41.173,39.561,37.995,37.034,34.694
186,42.465,41.172,39.6,38.037,37.106,34.738
189,42.394,41.129,39.6,38.062,37.134,34.768
192,42.336,41.071,39.583,38.088,37.162,34.789
195,42.26,41.031,39.583,38.098,37.192,34.819
198,42.208,40.987,39.564,38.124,37.226,34.847
201,42.168,40.954,39.556,38.126,37.262,34.869
204,42.124,40.922,39.543,38.154,37.29,34.896
207,42.113,40.886,39.537,38.162,37.297,34.922
210,42.097,40.881,39.539,38.156,37.329,34.95
213,42.083,40.843,39.515,38.186,37.344,34.982
216,42.102,40.848,39.507,38.184,37.367,34.997
219,42.127,40.835,39.505,38.196,37.397,35.027
222,42.151,40.832,39.513,38.205,37.416,35.067
225,42.222,40.824,39.507,38.218,37.439,35.074
228,42.287,40.862,39.515,38.226,37.452,35.11
231,42.366,40.878,39.515,38.247,37.471,35.136
234,42.459,40.903,39.526,38.258,37.493,35.161
237,42.568,40.962,39.556,38.264,37.501,35.189
240,42.679,41.012,39.571,38.269,37.529,35.196
243,42.84,41.058,39.59,38.295,37.546,35.226
246,42.99,41.128,39.61,38.305,37.553,35.253
249,43.149,41.168,39.643,38.306,37.574,35.268
252,43.318,41.24,39.665,38.341,37.566,35.3
255,43.483,41.34,39.695,38.354,37.609,35.318
258,43.73,41.455,39.77,38.386,37.63,35.345
261,43.981,41.585,39.819,38.414,37.645,35.377
264,44.245,41.694,39.876,38.45,37.66,35.397
267,44.517,41.836,39.955,38.49,37.696,35.431
270,44.816,41.999,40.023,38.518,37.736,35.448
273,45.143,42.157,40.113,38.567,37.753,35.471
276,45.485,42.377,40.236,38.616,37.809,35.496
279,45.877,42.595,40.334,38.718,37.869,35.55
282,46.268,42.821,40.485,38.776,37.908,35.605
285,46.688,43.05,40.631,38.867,37.968,35.624
288,47.091,43.276,40.734,38.927,38.008,35.649
291,47.51,43.526,40.883,39.004,38.047,35.671
294,47.953,43.752,41.019,39.08,38.102,35.69
297,48.416,44.029,41.166,39.161,38.153,35.711
300,48.861,44.302,41.304,39.229,38.185,35.735
303,49.339,44.577,41.475,39.325,38.253,35.739
306,49.843,44.881,41.651,39.41,38.315,35.782
309,50.326,45.186,41.845,39.515,38.379,35.797
312,50.854,45.505,42.028,39.604,38.436,35.827
315,51.394,45.856,42.23,39.728,38.496,35.872
318,51.939,46.18,42.443,39.832,38.587,35.863
321,52.505,46.535,42.643,39.947,38.654,35.897
324,53.061,46.906,42.866,40.08,38.72,35.927
327,53.652,47.297,43.089,40.195,38.831,35.934
330,54.241,47.631,43.322,40.334,38.895,35.968
333,54.848,48.048,43.559,40.469,38.978,35.992
336,55.466,48.452,43.829,40.615,39.087,36.015
339,56.094,48.856,44.09,40.771,39.187,36.066
342,56.739,49.288,44.366,40.931,39.287,36.079
345,57.384,49.714,44.631,41.101,39.393,36.109
348,58.063,50.172,44.928,41.271,39.508,36.133
351,58.705,50.617,45.229,41.467,39.63,36.154
354,59.374,51.078,45.53,41.642,39.736,36.193
357,60.037,51.531,45.829,41.803,39.857,36.218
360,60.726,52.019,46.156,42.012,39.992,36.257
363,61.416,52.472,46.463,42.208,40.13,36.291
366,62.087,52.977,46.798,42.423,40.264,36.319
369,62.774,53.457,47.131,42.618,40.417,36.355
372,63.463,53.95,47.468,42.838,40.566,36.383
375,64.174,54.479,47.806,43.048,40.703,36.419
378,64.89,54.987,48.179,43.279,40.87,36.465
381,65.603,55.501,48.55,43.522,41.037,36.522
384,66.31,56.048,48.915,43.761,41.215,36.577
387,67.021,56.566,49.289,44.022,41.376,36.613
390,67.739,57.082,49.685,44.273,41.552,36.658
393,68.441,57.64,50.07,44.524,41.748,36.715
396,69.154,58.166,50.457,44.764,41.923,36.76
399,69.851,58.697,50.838,45.03,42.099,36.815
402,70.517,59.231,51.223,45.285,42.284,36.862
405,71.21,59.74,51.61,45.548,42.475,36.905
408,71.892,60.273,51.966,45.782,42.66,36.95
411,72.526,60.778,52.369,46.061,42.845,36.986
414,73.154,61.301,52.756,46.332,43.051,37.027
417,73.776,61.815,53.137,46.595,43.244,37.102
420,74.409,62.33,53.533,46.886,43.456,37.132
423,75.015,62.832,53.935,47.14,43.638,37.2
426,75.621,63.35,54.331,47.424,43.863,37.234
429,76.251,63.83,54.729,47.699,44.05,37.305
432,76.846,64.337,55.119,47.988,44.275,37.358
435,77.447,64.839,55.496,48.263,44.493,37.413
438,78.013,65.325,55.9,48.553,44.705,37.477
441,78.587,65.824,56.285,48.853,44.939,37.535
444,79.174,66.315,56.685,49.125,45.155,37.599
447,79.713,66.795,57.077,49.417,45.376,37.665
450,80.26,67.267,57.464,49.713,45.6,37.728
453,80.788,67.742,57.865,50.0,45.819,37.795
456,81.289,68.198,58.245,50.294,46.056,37.871
459,81.788,68.649,58.635,50.575,46.283,37.929
462,82.276,69.13,59.013,50.877,46.523,38.01
465,82.74,69.545,59.382,51.162,46.741,38.088
468,83.185,69.972,59.779,51.446,46.975,38.15
471,83.63,70.404,60.121,51.729,47.21,38.244
474,84.035,70.82,60.499,52.027,47.449,38.305
477,84.421,71.225,60.849,52.322,47.675,38.401
480,84.802,71.628,61.219,52.603,47.914,38.467
483,85.169,72.017,61.567,52.906,48.142,38.555
486,85.518,72.371,61.911,53.184,48.381,38.638
489,85.86,72.753,62.269,53.463,48.615,38.748
492,86.176,73.103,62.616,53.771,48.88,38.831
495,86.488,73.491,62.963,54.052,49.128,38.922
498,86.78,73.831,63.307,54.335,49.378,39.025
501,86.996,74.123,63.614,54.627,49.617,39.133
504,87.275,74.419,63.934,54.896,49.865,39.221
507,87.482,74.736,64.225,55.166,50.094,39.326
510,87.684,75.007,64.52,55.425,50.311,39.415
513,87.856,75.288,64.802,55.686,50.544,39.5
516,88.034,75.548,65.087,55.949,50.778,39.624
519,88.152,75.771,65.357,56.202,50.998,39.701
522,88.289,76.007,65.618,56.444,51.22,39.822
525,88.378,76.224,65.89,56.69,51.442,39.916
528,88.466,76.417,66.129,56.937,51.679,40.003
531,88.539,76.626,66.372,57.172,51.894,40.099
534,88.582,76.8,66.61,57.412,52.11,40.229
537,88.609,76.964,66.838,57.632,52.315,40.344
540,88.636,77.122,67.039,57.855,52.525,40.441
543,88.617,77.267,67.252,58.075,52.742,40.554
546,88.62,77.366,67.448,58.285,52.942,40.661
549,88.577,77.498,67.627,58.497,53.161,40.782
552,88.517,77.605,67.821,58.692,53.369,40.889
555,88.437,77.68,67.98,58.889,53.553,40.999
558,88.359,77.755,68.138,59.093,53.748,41.118
561,88.243,77.811,68.28,59.276,53.93,41.223
564,88.133,77.857,68.422,59.467,54.134,41.346
567,88.009,77.9,68.56,59.628,54.304,41.455
570,87.837,77.916,68.691,59.798,54.488,41.576
573,87.681,77.924,68.799,59.966,54.66,41.704
576,87.51,77.932,68.9,60.109,54.827,41.804
579,87.287,77.915,68.976,60.265,55.01,41.923
582,87.085,77.87,69.076,60.41,55.174,42.04
585,86.855,77.839,69.154,60.545,55.318,42.162
588,86.618,77.791,69.227,60.666,55.484,42.28
591,86.381,77.728,69.279,60.809,55.648,42.414
594,86.139,77.689,69.351,60.944,55.794,42.538
597,85.873,77.614,69.397,61.06,55.94,42.673
600,85.612,77.532,69.455,61.19,56.111,42.789
603,85.35,77.463,69.486,61.305,56.247,42.935
606,85.099,77.38,69.519,61.428,56.388,43.069
609,84.812,77.283,69.551,61.526,56.552,43.194
612,84.506,77.162,69.553,61.625,56.663,43.312
615,84.192,77.017,69.555,61.7,56.783,43.444
618,83.871,76.894,69.559,61.784,56.899,43.561
621,83.554,76.738,69.542,61.851,57.006,43.684
624,83.208,76.58,69.551,61.919,57.131,43.807
627,82.873,76.449,69.48,61.973,57.219,43.919
630,82.543,76.258,69.449,62.023,57.314,44.04
633,82.181,76.079,69.401,62.089,57.408,44.157
636,81.841,75.907,69.348,62.114,57.509,44.284
639,81.503,75.736,69.294,62.164,57.584,44.384
642,81.152,75.529,69.236,62.2,57.672,44.515
645,80.79,75.379,69.163,62.229,57.754,44.636
648,80.457,75.175,69.117,62.26,57.821,44.765
651,80.106,74.971,69.019,62.277,57.901,44.884
654,79.763,74.776,68.961,62.298,57.954,44.982
657,79.425,74.575,68.867,62.319,58.021,45.105
660,79.106,74.368,68.771,62.302,58.075,45.213
663,78.755,74.156,68.698,62.334,58.134,45.336
666,78.439,73.958,68.593,62.327,58.185,45.467
669,78.098,73.741,68.514,62.317,58.22,45.578
672,77.79,73.55,68.391,62.317,58.275,45.686
675,77.454,73.325,68.289,62.304,58.311,45.792
678,77.144,73.142,68.169,62.29,58.359,45.919
681,76.831,72.899,68.05,62.243,58.391,46.034
684,76.545,72.685,67.956,62.233,58.423,46.118
687,76.232,72.493,67.836,62.213,58.435,46.244
690,75.969,72.305,67.717,62.185,58.467,46.36
693,75.709,72.091,67.613,62.144,58.492,46.456
696,75.468,71.916,67.515,62.12,58.509,46.566
699,75.232,71.75,67.4,62.099,58.542,46.661
702,75.017,71.587,67.303,62.088,58.561,46.773
705,74.844,71.431,67.218,62.059,58.579,46.918
708,74.651,71.268,67.138,62.042,58.597,47.007
711,74.46,71.133,67.045,62.012,58.606,47.112
714,74.319,70.991,66.943,61.994,58.633,47.22
717,74.169,70.868,66.893,61.979,58.673,47.343
720,74.081,70.744,66.793,61.959,58.678,47.434
723,73.934,70.623,66.695,61.921,58.674,47.534
726,73.803,70.479,66.577,61.874,58.671,47.624
729,73.728,70.364,66.514,61.847,58.69,47.72
732,73.645,70.256,66.428,61.798,58.682,47.831
735,73.612,70.191,66.368,61.791,58.693,47.936
738,73.582,70.097,66.295,61.768,58.701,48.013
741,73.54,70.033,66.241,61.728,58.706,48.087
744,73.523,69.976,66.18,61.711,58.708,48.184
747,73.556,69.917,66.113,61.68,58.708,48.294
750,73.577,69.885,66.078,61.648,58.714,48.366
753,73.623,69.866,66.042,61.619,58.722,48.456
756,73.695,69.872,65.994,61.631,58.72,48.535
759,73.786,69.845,65.965,61.587,58.716,48.63
762,73.902,69.85,65.939,61.594,58.727,48.699
765,74.011,69.866,65.929,61.585,58.731,48.784
768,74.135,69.883,65.921,61.571,58.75,48.877
771,74.307,69.933,65.905,61.574,58.763,48.951
774,74.458,69.962,65.914,61.566,58.761,49.038
777,74.646,70.06,65.915,61.57,58.784,49.122
780,74.848,70.126,65.928,61.573,58.793,49.2
783,75.074,70.199,65.96,61.569,58.801,49.272
786,75.334,70.306,66.002,61.596,58.822,49.352
789,75.602,70.448,66.046,61.626,58.849,49.42
792,75.907,70.569,66.113,61.649,58.868,49.509
795,76.2,70.719,66.167,61.676,58.889,49.583
798,76.503,70.886,66.246,61.699,58.923,49.636
801,76.859,71.057,66.32,61.76,58.954,49.72
804,77.213,71.234,66.416,61.785,58.982,49.786
807,77.594,71.417,66.512,61.838,59.03,49.849
810,77.972,71.642,66.608,61.913,59.057,49.934
813,78.38,71.862,66.728,61.966,59.093,50.001
816,78.798,72.101,66.847,62.016,59.143,50.058
819,79.258,72.354,66.997,62.118,59.201,50.155
822,79.713,72.627,67.148,62.196,59.255,50.248
825,80.202,72.962,67.354,62.314,59.361,50.318
828,80.726,73.239,67.513,62.426,59.427,50.374
831,81.219,73.532,67.687,62.516,59.499,50.471
834,81.736,73.863,67.875,62.615,59.562,50.532
837,82.226,74.174,68.069,62.743,59.632,50.589
840,82.752,74.483,68.267,62.837,59.722,50.653
843,83.277,74.821,68.465,62.956,59.802,50.739
846,83.83,75.18,68.676,63.082,59.879,50.794
849,84.371,75.523,68.886,63.205,59.963,50.866
852,84.951,75.901,69.112,63.343,60.058,50.934
855,85.516,76.282,69.362,63.483,60.159,50.974
858,86.086,76.649,69.608,63.647,60.253,51.056
861,86.672,77.027,69.846,63.783,60.356,51.118
864,87.256,77.406,70.109,63.934,60.474,51.211
867,87.842,77.836,70.37,64.099,60.585,51.268
870,88.427,78.201,70.626,64.257,60.699,51.331
873,88.989,78.599,70.887,64.435,60.827,51.39
876,89.573,79.026,71.18,64.597,60.94,51.46
879,90.176,79.456,71.464,64.775,61.066,51.534
882,90.797,79.872,71.749,64.955,61.203,51.595
885,91.381,80.311,72.062,65.158,61.339,51.663
888,91.983,80.751,72.347,65.356,61.482,51.735
891,92.588,81.196,72.669,65.566,61.625,51.811
894,93.193,81.631,72.983,65.76,61.769,51.891
897,93.792,82.078,73.289,65.982,61.929,51.935
900,94.365,82.526,73.614,66.187,62.072,52.005
903,94.97,82.977,73.925,66.409,62.227,52.079
906,95.556,83.432,74.254,66.637,62.407,52.153
909,96.148,83.872,74.585,66.844,62.562,52.223
912,96.705,84.323,74.922,67.081,62.737,52.299
915,97.234,84.773,75.259,67.314,62.892,52.381
918,97.759,85.202,75.579,67.535,63.078,52.455
921,98.318,85.647,75.916,67.775,63.252,52.511
924,98.848,86.05,76.265,68.007,63.422,52.602
927,99.378,86.51,76.592,68.251,63.597,52.667
930,99.944,86.97,76.951,68.515,63.803,52.771
933,100.452,87.379,77.302,68.765,64.005,52.84
936,100.994,87.838,77.646,69.016,64.205,52.932
939,101.5,88.255,77.975,69.273,64.379,53.017
942,102.008,88.726,78.334,69.542,64.603,53.107
945,102.504,89.133,78.671,69.783,64.803,53.206
948,102.974,89.544,79.001,70.052,64.987,53.291
951,103.45,89.968,79.35,70.307,65.208,53.369
954,103.893,90.361,79.69,70.553,65.4,53.466
957,104.334,90.759,80.037,70.799,65.616,53.556
960,104.729,91.132,80.346,71.054,65.813,53.628
963,105.142,91.528,80.677,71.306,66.016,53.719
966,105.503,91.882,80.981,71.568,66.209,53.803
969,105.869,92.236,81.292,71.812,66.424,53.885
972,106.202,92.574,81.597,72.046,66.617,53.988
975,106.535,92.927,81.902,72.288,66.818,54.066
978,106.876,93.279,82.21,72.552,67.04,54.176
981,107.168,93.579,82.506,72.785,67.244,54.251
984,107.474,93.918,82.815,73.037,67.453,54.354
987,107.736,94.219,83.108,73.288,67.655,54.451
990,107.985,94.523,83.406,73.536,67.858,54.546
993,108.226,94.805,83.681,73.786,68.081,54.639
996,108.442,95.082,83.965,74.01,68.291,54.742
999,108.653,95.356,84.246,74.253,68.5,54.83
1002,108.831,95.62,84.503,74.497,68.706,54.95
1005,109.004,95.867,84.755,74.732,68.905,55.035
1008,109.164,96.082,85.003,74.958,69.109,55.136
1011,109.291,96.305,85.245,75.185,69.313,55.254
1014,109.413,96.518,85.496,75.408,69.497,55.334
1017,109.499,96.706,85.723,75.634,69.714,55.46
1020,109.575,96.881,85.942,75.832,69.893,55.565
1023,109.64,97.058,86.143,76.052,70.104,55.687
1026,109.672,97.225,86.358,76.254,70.302,55.776
1029,109.699,97.373,86.559,76.464,70.498,55.894
1032,109.707,97.505,86.759,76.674,70.696,55.999
1035,109.702,97.628,86.932,76.863,70.882,56.121
1038,109.672,97.738,87.116,77.044,71.059,56.231
1041,109.618,97.825,87.275,77.239,71.241,56.334
1044,109.564,97.919,87.442,77.419,71.414,56.462
1047,109.467,97.975,87.574,77.602,71.612,56.549
1050,109.359,98.057,87.732,77.777,71.795,56.681
1053,109.284,98.107,87.869,77.969,71.975,56.804
1056,109.162,98.161,88.016,78.123,72.134,56.945
1059,109.041,98.212,88.153,78.307,72.332,57.077
1062,108.924,98.257,88.262,78.47,72.495,57.186
1065,108.726,98.238,88.36,78.615,72.669,57.317
1068,108.526,98.191,88.437,78.744,72.805,57.429
1071,108.307,98.189,88.526,78.867,72.967,57.557
1074,108.092,98.123,88.581,79.002,73.092,57.645
1077,107.825,98.055,88.629,79.125,73.248,57.775
1080,107.582,98.002,88.689,79.233,73.389,57.888
1083,107.308,97.918,88.716,79.349,73.522,58.018
1086,107.043,97.83,88.767,79.448,73.647,58.115
1089,106.768,97.738,88.79,79.55,73.77,58.262
1092,106.462,97.636,88.804,79.637,73.916,58.356
1095,106.154,97.496,88.821,79.728,74.013,58.468
1098,105.835,97.391,88.817,79.805,74.136,58.589
1101,105.505,97.254,88.804,79.88,74.255,58.717
1104,105.167,97.106,88.788,79.959,74.354,58.845
1107,104.818,96.95,88.763,80.008,74.465,58.934
1110,104.453,96.792,88.741,80.079,74.556,59.072
1113,104.093,96.622,88.691,80.133,74.652,59.194
1116,103.725,96.418,88.658,80.187,74.75,59.322
1119,103.368,96.24,88.608,80.224,74.824,59.414
1122,102.982,96.052,88.536,80.264,74.926,59.53
1125,102.611,95.842,88.478,80.288,74.991,59.639
1128,102.233,95.673,88.412,80.311,75.064,59.773
1131,101.832,95.455,88.322,80.349,75.153,59.891
1134,101.457,95.227,88.247,80.349,75.22,59.991
1137,101.07,95.02,88.157,80.378,75.274,60.124
1140,100.67,94.775,88.07,80.39,75.324,60.231
1143,100.288,94.56,87.963,80.386,75.386,60.336
1146,99.88,94.321,87.868,80.382,75.442,60.455
1149,99.493,94.068,87.754,80.38,75.49,60.556
1152,99.098,93.842,87.637,80.369,75.527,60.684
1155,98.714,93.608,87.515,80.34,75.571,60.768
1158,98.336,93.361,87.405,80.336,75.59,60.9
1161,97.964,93.13,87.291,80.323,75.633,61.013
1164,97.595,92.899,87.162,80.297,75.671,61.121
1167,97.219,92.673,87.046,80.273,75.697,61.25
1170,96.864,92.402,86.914,80.236,75.718,61.342
1173,96.508,92.16,86.787,80.202,75.767,61.475
1176,96.169,91.931,86.654,80.176,75.762,61.58
1179,95.835,91.696,86.523,80.134,75.797,61.682
1182,95.489,91.468,86.387,80.095,75.803,61.805
1185,95.168,91.231,86.243,80.044,75.813,61.9
1188,94.854,90.994,86.103,80.011,75.811,61.996
1191,94.534,90.752,85.952,79.949,75.829,62.093
1194,94.265,90.55,85.815,79.897,75.819,62.193
1197,93.982,90.325,85.668,79.835,75.813,62.313
1200,93.697,90.107,85.542,79.785,75.805,62.376
1203,93.445,89.884,85.395,79.723,75.796,62.486
1206,93.203,89.706,85.252,79.663,75.79,62.578
1209,92.977,89.496,85.137,79.594,75.786,62.698
1212,92.759,89.308,84.996,79.54,75.775,62.761
1215,92.568,89.139,84.868,79.472,75.748,62.861
1218,92.391,88.94,84.733,79.426,75.728,62.949
1221,92.184,88.776,84.601,79.351,75.715,63.033
1224,92.057,88.604,84.502,79.312,75.711,63.125
1227,91.901,88.485,84.371,79.25,75.682,63.217
1230,91.783,88.348,84.259,79.188,75.678,63.288
1233,91.662,88.206,84.156,79.115,75.646,63.378
1236,91.587,88.077,84.046,79.051,75.628,63.459
1239,91.533,87.956,83.953,79.013,75.615,63.554
1242,91.474,87.867,83.866,78.966,75.599,63.621
1245,91.436,87.781,83.767,78.897,75.567,63.696
1248,91.401,87.695,83.686,78.849,75.559,63.788
1251,91.412,87.633,83.616,78.812,75.528,63.851
1254,91.447,87.566,83.542,78.775,75.515,63.937
1257,91.46,87.531,83.473,78.719,75.493,64.008
1260,91.525,87.504,83.43,78.681,75.474,64.073
1263,91.597,87.466,83.362,78.652,75.472,64.154
1266,91.667,87.447,83.321,78.605,75.416,64.219
1269,91.768,87.431,83.272,78.587,75.41,64.311
1272,91.868,87.436,83.242,78.534,75.404,64.359
1275,91.993,87.459,83.207,78.503,75.398,64.447
1278,92.159,87.497,83.191,78.488,75.394,64.497
1281,92.364,87.545,83.195,78.47,75.385,64.564
1284,92.547,87.612,83.205,78.471,75.383,64.639
1287,92.812,87.711,83.222,78.454,75.392,64.718
1290,93.061,87.787,83.229,78.473,75.381,64.785
1293,93.326,87.931,83.313,78.518,75.412,64.874
1296,93.639,88.058,83.347,78.527,75.413,64.93
1299,93.928,88.208,83.422,78.553,75.435,64.996
1302,94.262,88.367,83.457,78.568,75.456,65.046
1305,94.574,88.507,83.53,78.57,75.445,65.121
1308,94.929,88.697,83.594,78.593,75.479,65.174
1311,95.281,88.867,83.675,78.64,75.493,65.249
1314,95.63,89.047,83.753,78.667,75.516,65.285
1317,96.036,89.246,83.852,78.715,75.537,65.352
1320,96.429,89.461,83.962,78.755,75.58,65.404
1323,96.846,89.703,84.08,78.815,75.597,65.475
1326,97.268,89.932,84.202,78.871,75.626,65.504
1329,97.709,90.179,84.339,78.916,75.678,65.575
1332,98.144,90.451,84.467,78.997,75.707,65.619
1335,98.611,90.725,84.616,79.078,75.755,65.68
1338,99.092,90.999,84.779,79.149,75.803,65.741
1341,99.558,91.295,84.918,79.24,75.857,65.787
1344,100.047,91.596,85.102,79.31,75.911,65.847
1347,100.534,91.924,85.284,79.42,75.976,65.896
1350,101.05,92.225,85.48,79.518,76.048,65.952
1353,101.578,92.551,85.677,79.636,76.1,66.002
1356,102.078,92.884,85.876,79.767,76.192,66.05
1359,102.64,93.209,86.093,79.879,76.256,66.096
1362,103.162,93.58,86.312,79.999,76.333,66.157
1365,103.733,93.922,86.525,80.115,76.429,66.197
1368,104.271,94.288,86.771,80.26,76.514,66.266
1371,104.791,94.65,87.001,80.387,76.604,66.312
1374,105.348,95.023,87.216,80.533,76.696,66.375
1377,105.914,95.415,87.482,80.685,76.808,66.425
1380,106.457,95.796,87.742,80.834,76.91,66.484
1383,107.044,96.215,87.998,81.002,77.001,66.532
1386,107.601,96.593,88.269,81.176,77.146,66.601
1389,108.141,96.972,88.524,81.33,77.234,66.655
1392,108.687,97.379,88.795,81.509,77.373,66.703
1395,109.261,97.78,89.079,81.681,77.483,66.77
1398,109.841,98.2,89.39,81.875,77.631,66.83
1401,110.389,98.631,89.684,82.075,77.77,66.884
1404,110.955,99.048,89.987,82.265,77.902,66.953
1407,111.493,99.483,90.276,82.449,78.054,67.012
1410,112.054,99.914,90.593,82.674,78.2,67.072
1413,112.6,100.335,90.909,82.879,78.363,67.152
1416,113.162,100.768,91.241,83.128,78.531,67.207
1419,113.666,101.209,91.562,83.338,78.699,67.298
1422,114.207,101.625,91.865,83.552,78.853,67.354
1425,114.713,102.033,92.184,83.763,79.007,67.427
1428,115.176,102.428,92.489,83.99,79.166,67.485
1431,115.694,102.82,92.791,84.197,79.345,67.558
1434,116.173,103.229,93.102,84.435,79.5,67.616
1437,116.644,103.629,93.401,84.644,79.664,67.679
1440,117.102,104.007,93.724,84.87,79.843,67.735
1443,117.57,104.402,94.029,85.108,80.009,67.835
1446,117.981,104.783,94.335,85.316,80.197,67.881
1449,118.417,105.167,94.65,85.536,80.367,67.979
1452,118.848,105.527,94.922,85.767,80.525,68.032
1455,119.259,105.914,95.251,85.976,80.724,68.096
1458,119.643,106.255,95.552,86.216,80.894,68.165
1461,120.021,106.622,95.844,86.44,81.077,68.251
1464,120.403,106.979,96.147,86.679,81.255,68.324
1467,120.759,107.307,96.426,86.902,81.45,68.386
1470,121.089,107.628,96.73,87.138,81.633,68.474
1473,121.408,107.958,97.006,87.371,81.809,68.536
1476,121.71,108.294,97.293,87.583,81.987,68.624
1479,121.985,108.567,97.563,87.79,82.161,68.697
1482,122.252,108.851,97.834,88.025,82.361,68.78
1485,122.495,109.145,98.093,88.236,82.529,68.849
1488,122.732,109.407,98.359,88.461,82.713,68.926
1491,122.924,109.661,98.606,88.67,82.896,69.014
1494,123.088,109.898,98.851,88.873,83.084,69.095
1497,123.281,110.155,99.085,89.093,83.254,69.179
1500,123.432,110.381,99.322,89.308,83.436,69.254
1503,123.587,110.589,99.567,89.517,83.62,69.343
1506,123.715,110.805,99.782,89.715,83.804,69.448
1509,123.818,110.981,100.002,89.921,83.968,69.514
1512,123.922,111.187,100.207,90.109,84.166,69.623
1515,124.004,111.348,100.423,90.309,84.348,69.713
1518,124.07,111.536,100.62,90.503,84.518,69.788
1521,124.142,111.702,100.832,90.701,84.696,69.898
1524,124.175,111.841,101.007,90.889,84.859,69.989
1527,124.214,111.977,101.209,91.096,85.069,70.089
1530,124.213,112.136,101.407,91.268,85.231,70.178
1533,124.263,112.293,101.608,91.51,85.423,70.299
1536,124.239,112.389,101.767,91.685,85.623,70.41
1539,124.188,112.487,101.914,91.844,85.787,70.504
1542,124.122,112.547,102.066,92.019,85.932,70.608
1545,124.04,112.598,102.215,92.167,86.118,70.7
1548,123.933,112.658,102.332,92.326,86.257,70.806
1551,123.82,112.694,102.451,92.482,86.433,70.904
1554,123.676,112.702,102.545,92.626,86.569,71.004
1557,123.54,112.724,102.652,92.756,86.714,71.081
1560,123.368,112.729,102.75,92.9,86.85,71.204
1563,123.159,112.718,102.845,93.024,87.007,71.298
1566,122.949,112.666,102.91,93.153,87.139,71.398
1569,122.756,112.628,102.976,93.264,87.269,71.492
1572,122.519,112.574,103.029,93.388,87.401,71.594
1575,122.263,112.517,103.068,93.485,87.535,71.697
1578,122.007,112.435,103.099,93.59,87.665,71.797
1581,121.715,112.348,103.134,93.688,87.77,71.886
1584,121.465,112.25,103.152,93.777,87.89,71.995
1587,121.159,112.138,103.156,93.861,88.008,72.105
1590,120.849,112.013,103.175,93.925,88.109,72.205
1593,120.518,111.871,103.16,94.0,88.206,72.313
1596,120.167,111.717,103.127,94.06,88.302,72.388
1599,119.809,111.552,103.096,94.112,88.385,72.508
1602,119.444,111.38,103.057,94.166,88.477,72.59
1605,119.087,111.231,103.012,94.215,88.556,72.696
1608,118.711,111.038,102.975,94.257,88.632,72.804
1611,118.344,110.837,102.932,94.289,88.711,72.908
1614,117.935,110.667,102.862,94.327,88.797,72.995
1617,117.554,110.451,102.795,94.337,88.869,73.095
1620,117.167,110.234,102.703,94.368,88.925,73.203
1623,116.764,110.013,102.637,94.372,88.985,73.292
1626,116.369,109.796,102.547,94.39,89.039,73.386
1629,115.961,109.583,102.448,94.401,89.107,73.507
1632,115.544,109.339,102.35,94.399,89.154,73.6
1635,115.138,109.12,102.252,94.386,89.206,73.715
1638,114.735,108.863,102.129,94.374,89.235,73.781
1641,114.351,108.644,102.014,94.378,89.28,73.891
1644,113.931,108.388,101.912,94.356,89.327,73.995
1647,113.538,108.137,101.777,94.34,89.347,74.092
1650,113.146,107.893,101.673,94.323,89.382,74.19
1653,112.718,107.645,101.557,94.307,89.404,74.291
1656,112.373,107.395,101.421,94.277,89.429,74.392
1659,111.972,107.174,101.284,94.258,89.472,74.515
1662,111.619,106.927,101.193,94.23,89.51,74.62
1665,111.251,106.665,101.047,94.195,89.519,74.718
1668,110.852,106.424,100.891,94.142,89.535,74.78
1671,110.503,106.165,100.743,94.09,89.539,74.897
1674,110.127,105.894,100.597,94.039,89.545,74.973
1677,109.773,105.629,100.439,93.975,89.535,75.075
1680,109.416,105.402,100.289,93.919,89.535,75.159
1683,109.078,105.126,100.135,93.862,89.535,75.246
1686,108.743,104.891,99.987,93.792,89.523,75.335
1689,108.416,104.634,99.829,93.732,89.508,75.419
1692,108.099,104.415,99.675,93.668,89.486,75.504
1695,107.802,104.164,99.517,93.602,89.467,75.589
1698,107.518,103.931,99.361,93.518,89.446,75.658
1701,107.228,103.709,99.207,93.444,89.424,75.737
1704,106.969,103.477,99.045,93.374,89.389,75.818
1707,106.702,103.243,98.88,93.282,89.383,75.899
1710,106.433,103.023,98.724,93.193,89.332,75.982
1713,106.174,102.806,98.567,93.131,89.305,76.061
1716,105.969,102.605,98.413,93.045,89.274,76.113
1719,105.777,102.446,98.263,92.983,89.246,76.209
1722,105.587,102.232,98.14,92.903,89.215,76.277
1725,105.43,102.067,98.002,92.812,89.194,76.361
1728,105.257,101.911,97.854,92.734,89.134,76.411
1731,105.133,101.74,97.727,92.652,89.091,76.471
1734,105.017,101.608,97.608,92.592,89.05,76.546
1737,104.903,101.462,97.501,92.522,89.021,76.612
1740,104.817,101.332,97.372,92.437,88.984,76.685
1743,104.76,101.216,97.265,92.374,88.932,76.758
1746,104.695,101.097,97.154,92.287,88.911,76.812
1749,104.662,101.015,97.049,92.228,88.866,76.868
1752,104.649,100.929,96.957,92.176,88.837,76.943
1755,104.635,100.848,96.887,92.104,88.794,77.007
1758,104.641,100.794,96.797,92.036,88.742,77.071
1761,104.711,100.731,96.718,91.983,88.73,77.102
1764,104.741,100.661,96.649,91.925,88.688,77.163
1767,104.806,100.664,96.581,91.884,88.655,77.237
1770,104.911,100.64,96.527,91.818,88.618,77.281
1773,105.027,100.662,96.503,91.794,88.605,77.34
1776,105.175,100.654,96.464,91.755,88.574,77.391
1779,105.332,100.704,96.437,91.719,88.548,77.458
1782,105.52,100.74,96.425,91.702,88.533,77.511
1785,105.709,100.786,96.425,91.671,88.533,77.556
1788,105.922,100.903,96.435,91.671,88.519,77.628
1791,106.188,100.983,96.459,91.658,88.518,77.671
1794,106.457,101.11,96.485,91.666,88.516,77.756
1797,106.722,101.221,96.51,91.652,88.516,77.796
1800,106.996,101.318,96.545,91.664,88.506,77.817
1803,107.317,101.454,96.578,91.662,88.508,77.87
1806,107.615,101.586,96.619,91.672,88.49,77.929
1809,107.95,101.732,96.701,91.691,88.498,77.974
1812,108.285,101.911,96.746,91.697,88.52,78.014
1815,108.64,102.095,96.828,91.726,88.514,78.067
1818,109.0,102.278,96.905,91.747,88.504,78.09
1821,109.371,102.47,96.994,91.768,88.521,78.142
1824,109.79,102.68,97.073,91.805,88.542,78.175
1827,110.173,102.887,97.178,91.851,88.54,78.213
1830,110.592,103.139,97.32,91.894,88.575,78.244
1833,111.012,103.354,97.415,91.936,88.592,78.296
1836,111.458,103.625,97.547,92.008,88.639,78.323
1839,111.945,103.887,97.697,92.063,88.65,78.364
1842,112.387,104.157,97.847,92.137,88.701,78.395
1845,112.869,104.452,98.009,92.22,88.743,78.443
1848,113.367,104.752,98.169,92.304,88.8,78.474
1851,113.855,105.039,98.348,92.38,88.84,78.513
1854,114.372,105.358,98.529,92.471,88.879,78.553
1857,114.876,105.674,98.714,92.57,88.951,78.572
1860,115.388,106.01,98.896,92.673,89.015,78.625
1863,115.914,106.369,99.118,92.792,89.081,78.659
1866,116.458,106.691,99.317,92.893,89.147,78.698
1869,116.981,107.048,99.55,93.039,89.24,78.742
1872,117.518,107.4,99.771,93.165,89.304,78.785
1875,118.079,107.781,100.008,93.292,89.384,78.825
1878,118.618,108.143,100.244,93.414,89.486,78.843
1881,119.149,108.495,100.474,93.566,89.56,78.905
1884,119.697,108.89,100.718,93.712,89.663,78.93
1887,120.239,109.295,100.969,93.869,89.762,78.972
1890,120.786,109.671,101.232,94.019,89.865,79.005
1893,121.333,110.05,101.496,94.165,89.958,79.055
1896,121.856,110.437,101.754,94.346,90.078,79.098
1899,122.426,110.829,102.015,94.505,90.185,79.117
1902,122.943,111.23,102.3,94.669,90.303,79.194
1905,123.496,111.622,102.583,94.844,90.426,79.221
1908,124.006,112.02,102.855,95.015,90.55,79.273
1911,124.522,112.417,103.144,95.225,90.678,79.324
1914,125.037,112.851,103.43,95.401,90.813,79.361
1917,125.571,113.248,103.753,95.621,90.955,79.418
1920,126.075,113.659,104.048,95.814,91.123,79.471
1923,126.56,114.077,104.369,96.042,91.27,79.543
1926,127.077,114.479,104.664,96.25,91.41,79.59
1929,127.568,114.872,104.963,96.437,91.574,79.659
1932,128.055,115.272,105.267,96.662,91.738,79.719
1935,128.514,115.652,105.549,96.857,91.867,79.748
1938,128.951,116.012,105.84,97.073,92.022,79.798
1941,129.423,116.396,106.14,97.283,92.181,79.866
1944,129.841,116.752,106.413,97.458,92.344,79.918
1947,130.239,117.136,106.718,97.68,92.506,79.966
1950,130.654,117.494,106.982,97.888,92.646,80.041
1953,131.049,117.859,107.279,98.102,92.813,80.072
1956,131.452,118.199,107.561,98.315,92.966,80.132
1959,131.828,118.551,107.87,98.521,93.147,80.202
1962,132.171,118.888,108.138,98.753,93.307,80.242
1965,132.533,119.21,108.413,98.938,93.474,80.31
1968,132.837,119.528,108.689,99.182,93.645,80.385
1971,133.142,119.863,108.983,99.379,93.824,80.424
1974,133.469,120.152,109.253,99.597,93.991,80.495
1977,133.726,120.452,109.501,99.8,94.155,80.574
1980,133.984,120.749,109.767,100.02,94.326,80.634
1983,134.237,120.999,110.008,100.232,94.487,80.692
1986,134.451,121.282,110.272,100.408,94.662,80.767
1989,134.67,121.525,110.52,100.639,94.839,80.816
1992,134.862,121.762,110.755,100.832,94.995,80.891
1995,135.027,121.98,110.992,101.027,95.16,80.959
1998,135.172,122.225,111.213,101.213,95.331,81.032
2001,135.345,122.41,111.445,101.427,95.499,81.105
2004,135.436,122.622,111.643,101.621,95.641,81.183
2007,135.562,122.808,111.862,101.8,95.835,81.252
2010,135.639,122.987,112.064,101.976,95.985,81.312
2013,135.713,123.162,112.256,102.171,96.162,81.407
2016,135.759,123.298,112.446,102.357,96.314,81.47
2019,135.77,123.442,112.621,102.538,96.489,81.54
2022,135.831,123.576,112.801,102.708,96.651,81.634
2025,135.839,123.706,112.965,102.868,96.81,81.712
2028,135.812,123.807,113.132,103.028,96.964,81.785
2031,135.79,123.9,113.281,103.208,97.126,81.865
2034,135.754,123.993,113.432,103.37,97.272,81.946
2037,135.683,124.065,113.569,103.52,97.426,82.019
2040,135.6,124.119,113.712,103.675,97.57,82.103
2043,135.507,124.188,113.818,103.817,97.724,82.196
2046,135.4,124.194,113.943,103.963,97.863,82.271
2049,135.26,124.216,114.047,104.102,97.991,82.35
2052,135.112,124.23,114.123,104.221,98.147,82.43
2055,134.954,124.212,114.217,104.355,98.26,82.521
2058,134.776,124.209,114.323,104.469,98.409,82.616
2061,134.58,124.192,114.387,104.602,98.538,82.714
2064,134.375,124.161,114.441,104.718,98.67,82.8
2067,134.157,124.101,114.49,104.805,98.799,82.88
2070,133.934,124.023,114.521,104.922,98.916,82.967
2073,133.678,123.972,114.578,105.028,99.039,83.078
2076,133.438,123.935,114.644,105.142,99.174,83.189
2079,133.219,123.846,114.677,105.231,99.29,83.271
2082,132.93,123.758,114.686,105.336,99.4,83.37
2085,132.64,123.643,114.709,105.4,99.503,83.469
2088,132.341,123.534,114.699,105.459,99.608,83.537
2091,132.028,123.379,114.68,105.521,99.678,83.655
2094,131.671,123.229,114.639,105.57,99.776,83.734
2097,131.323,123.061,114.627,105.625,99.858,83.808
2100,130.969,122.892,114.588,105.658,99.922,83.912
2103,130.612,122.734,114.533,105.707,100.011,83.993
2106,130.231,122.535,114.48,105.738,100.078,84.069
2109,129.858,122.35,114.427,105.761,100.16,84.168
2112,129.482,122.145,114.343,105.781,100.197,84.262
2115,129.059,121.933,114.251,105.816,100.265,84.357
2118,128.659,121.74,114.186,105.802,100.315,84.402
2121,128.25,121.503,114.092,105.818,100.364,84.524
2124,127.86,121.274,113.996,105.812,100.407,84.586
2127,127.449,121.032,113.886,105.808,100.452,84.675
2130,127.043,120.797,113.782,105.802,100.487,84.775
2133,126.617,120.552,113.67,105.785,100.524,84.851
2136,126.178,120.274,113.549,105.757,100.549,84.934
2139,125.764,120.027,113.41,105.732,100.582,85.017
2142,125.347,119.792,113.3,105.714,100.598,85.095
2145,124.936,119.517,113.151,105.671,100.612,85.186
2148,124.513,119.25,113.01,105.627,100.621,85.263
2151,124.096,118.983,112.877,105.601,100.633,85.356
2154,123.683,118.725,112.72,105.558,100.637,85.428
2157,123.291,118.433,112.577,105.515,100.658,85.488
2160,122.866,118.164,112.418,105.443,100.647,85.585
2163,122.482,117.891,112.269,105.381,100.639,85.654
2166,122.068,117.611,112.103,105.336,100.649,85.728
2169,121.665,117.357,111.94,105.273,100.629,85.799
2172,121.311,117.071,111.773,105.191,100.612,85.881
2175,120.922,116.805,111.607,105.131,100.612,85.964
2178,120.557,116.546,111.43,105.062,100.594,86.018
2181,120.178,116.282,111.272,104.982,100.569,86.101
2184,119.827,116.009,111.103,104.916,100.54,86.177
2187,119.484,115.754,110.936,104.818,100.51,86.252
2190,119.152,115.495,110.762,104.734,100.485,86.318
2193,118.825,115.222,110.585,104.653,100.457,86.384
2196,118.51,114.959,110.411,104.563,100.424,86.456
2199,118.173,114.689,110.23,104.469,100.379,86.533
2202,117.879,114.46,110.067,104.383,100.34,86.587
2205,117.607,114.228,109.901,104.297,100.301,86.667
2208,117.348,114.008,109.727,104.205,100.243,86.698
2211,117.098,113.773,109.562,104.111,100.221,86.785
2214,116.858,113.547,109.411,104.019,100.174,86.84
2217,116.624,113.345,109.233,103.912,100.114,86.89
2220,116.425,113.141,109.1,103.838,100.073,86.958
2223,116.267,112.967,108.951,103.755,100.044,87.025
2226,116.073,112.782,108.798,103.665,100.001,87.094
2229,115.907,112.6,108.661,103.581,99.941,87.118
2232,115.776,112.458,108.499,103.476,99.89,87.18
2235,115.658,112.307,108.39,103.414,99.862,87.258
2238,115.566,112.194,108.268,103.333,99.814,87.296
2241,115.507,112.084,108.166,103.272,99.78,87.366
2244,115.439,111.918,108.045,103.19,99.725,87.429
2247,115.386,111.834,107.949,103.121,99.67,87.478
2250,115.369,111.736,107.845,103.033,99.625,87.523
2253,115.39,111.678,107.759,102.977,99.596,87.578
2256,115.362,111.586,107.657,102.912,99.547,87.635
2259,115.392,111.531,107.575,102.838,99.506,87.683
2262,115.417,111.458,107.487,102.76,99.452,87.722
2265,115.444,111.39,107.421,102.713,99.401,87.745
2268,115.52,111.382,107.335,102.633,99.356,87.813
2271,115.616,111.341,107.284,102.578,99.313,87.832
2274,115.717,111.338,107.211,102.516,99.276,87.887
2277,115.839,111.33,107.157,102.469,99.235,87.914
2280,115.978,111.368,107.121,102.41,99.202,87.943
2283,116.133,111.376,107.09,102.377,99.152,87.984
2286,116.318,111.436,107.067,102.326,99.113,88.032
2289,116.52,111.485,107.053,102.299,99.087,88.073
2292,116.73,111.553,107.055,102.268,99.066,88.087
2295,116.961,111.635,107.045,102.244,99.037,88.12
2298,117.22,111.714,107.053,102.221,98.998,88.172
2301,117.481,111.828,107.086,102.205,99.005,88.191
2304,117.767,111.943,107.11,102.203,98.97,88.236
2307,118.067,112.079,107.149,102.194,98.953,88.267
2310,118.391,112.231,107.196,102.196,98.955,88.306
2313,118.718,112.392,107.241,102.201,98.937,88.316
2316,119.058,112.55,107.313,102.196,98.937,88.362
2319,119.423,112.732,107.378,102.219,98.931,88.395
2322,119.796,112.937,107.454,102.254,98.933,88.418
2325,120.189,113.12,107.538,102.267,98.933,88.428
2328,120.573,113.335,107.639,102.293,98.929,88.467
2331,120.987,113.551,107.739,102.332,98.935,88.496
2334,121.431,113.808,107.852,102.357,98.964,88.529
2337,121.843,114.035,107.965,102.415,98.982,88.543
2340,122.263,114.276,108.09,102.471,98.999,88.572
2343,122.718,114.552,108.226,102.528,99.036,88.595
2346,123.171,114.805,108.37,102.564,99.045,88.609
2349,123.659,115.102,108.515,102.644,99.088,88.642
2352,124.115,115.374,108.693,102.722,99.139,88.682
2355,124.617,115.687,108.859,102.816,99.166,88.686
2358,125.13,116.006,109.043,102.898,99.211,88.709
2361,125.613,116.308,109.217,102.994,99.275,88.733
2364,126.126,116.651,109.405,103.076,99.318,88.768
2367,126.637,116.997,109.618,103.179,99.371,88.785
2370,127.172,117.324,109.81,103.289,99.431,88.826
2373,127.698,117.667,110.025,103.402,99.497,88.834
2376,128.22,118.016,110.244,103.509,99.568,88.849
2379,128.744,118.356,110.473,103.648,99.638,88.882
2382,129.271,118.718,110.694,103.777,99.729,88.903
2385,129.805,119.086,110.927,103.904,99.807,88.925
2388,130.356,119.476,111.175,104.067,99.888,88.96
2391,130.897,119.847,111.412,104.203,99.979,88.974
2394,131.402,120.236,111.671,104.342,100.071,89.021
2397,131.915,120.595,111.915,104.476,100.16,89.052
2400,132.469,120.977,112.167,104.656,100.276,89.073
2403,132.997,121.377,112.44,104.823,100.399,89.12
2406,133.524,121.753,112.713,104.972,100.491,89.114
2409,134.026,122.162,112.986,105.148,100.618,89.173
2412,134.541,122.543,113.26,105.324,100.718,89.2
2415,135.05,122.935,113.551,105.507,100.856,89.239
2418,135.551,123.358,113.843,105.697,100.99,89.288
2421,136.025,123.723,114.123,105.876,101.115,89.321
2424,136.507,124.113,114.408,106.081,101.252,89.355
2427,136.975,124.486,114.689,106.261,101.387,89.38
2430,137.417,124.854,114.967,106.441,101.502,89.431
2433,137.865,125.219,115.237,106.634,101.639,89.456
2436,138.32,125.603,115.506,106.818,101.764,89.471
2439,138.765,125.959,115.769,106.996,101.898,89.539
2442,139.163,126.308,116.044,107.194,102.043,89.57
2445,139.58,126.651,116.324,107.401,102.197,89.598
2448,139.975,126.983,116.605,107.577,102.322,89.646
2451,140.362,127.339,116.88,107.784,102.474,89.695
2454,140.704,127.682,117.154,107.978,102.611,89.72
2457,141.08,128.001,117.4,108.152,102.755,89.78
2460,141.43,128.316,117.682,108.348,102.898,89.807
2463,141.748,128.634,117.943,108.553,103.05,89.869
2466,142.071,128.944,118.2,108.751,103.195,89.91
2469,142.367,129.241,118.436,108.942,103.357,89.955
2472,142.635,129.556,118.715,109.142,103.521,89.991
2475,142.925,129.825,118.956,109.324,103.663,90.044
2478,143.152,130.081,119.205,109.513,103.8,90.106
2481,143.393,130.313,119.438,109.702,103.969,90.154
2484,143.617,130.595,119.681,109.902,104.124,90.201
2487,143.827,130.83,119.91,110.082,104.284,90.271
2490,144.004,131.064,120.124,110.281,104.428,90.312
2493,144.159,131.269,120.343,110.445,104.584,90.368
2496,144.322,131.488,120.561,110.62,104.722,90.424
2499,144.461,131.685,120.769,110.802,104.875,90.473
2502,144.582,131.869,120.958,110.965,105.037,90.533
2505,144.685,132.047,121.162,111.161,105.185,90.599
2508,144.773,132.236,121.353,111.333,105.345,90.647
2511,144.842,132.379,121.538,111.496,105.466,90.719
2514,144.911,132.546,121.726,111.674,105.644,90.787
2517,144.936,132.703,121.899,111.833,105.779,90.837
2520,144.969,132.821,122.057,111.994,105.917,90.886
2523,144.964,132.939,122.222,112.158,106.062,90.956
2526,144.952,133.013,122.359,112.307,106.205,91.026
2529,144.939,133.117,122.517,112.444,106.348,91.072
2532,144.87,133.188,122.639,112.597,106.479,91.148
2535,144.801,133.262,122.776,112.723,106.606,91.235
2538,144.726,133.284,122.894,112.872,106.758,91.282
2541,144.61,133.347,123.004,113.001,106.878,91.334
2544,144.511,133.375,123.112,113.132,107.013,91.416
2547,144.372,133.394,123.205,113.254,107.136,91.482
2550,144.229,133.372,123.289,113.383,107.253,91.542
2553,144.069,133.386,123.366,113.493,107.388,91.606
2556,143.889,133.378,123.435,113.599,107.498,91.684
2559,143.687,133.342,123.509,113.718,107.617,91.762
2562,143.491,133.287,123.539,113.807,107.705,91.836
2565,143.254,133.227,123.598,113.897,107.822,91.894
2568,143.016,133.155,123.637,113.993,107.932,91.974
2571,142.757,133.106,123.655,114.081,108.042,92.05
2574,142.51,133.027,123.695,114.166,108.152,92.132
2577,142.245,132.901,123.701,114.247,108.24,92.199
2580,141.968,132.81,123.718,114.326,108.344,92.282
2583,141.637,132.66,123.707,114.366,108.422,92.336
2586,141.33,132.552,123.702,114.432,108.517,92.424
2589,141.009,132.432,123.67,114.503,108.59,92.503
2592,140.728,132.292,123.672,114.566,108.699,92.586
2595,140.374,132.146,123.663,114.624,108.786,92.689
2598,140.066,132.003,123.626,114.677,108.867,92.761
2601,139.682,131.822,123.581,114.696,108.934,92.848
2604,139.32,131.627,123.5,114.735,109.0,92.916
2607,138.922,131.422,123.445,114.741,109.034,92.984
2610,138.544,131.208,123.366,114.759,109.102,93.068
2613,138.149,131.005,123.286,114.771,109.141,93.146
2616,137.743,130.771,123.188,114.771,109.196,93.204
2619,137.356,130.555,123.093,114.763,109.237,93.28
2622,136.931,130.332,122.995,114.751,109.272,93.368
2625,136.515,130.064,122.877,114.745,109.306,93.428
2628,136.118,129.839,122.771,114.731,109.352,93.496
2631,135.676,129.581,122.653,114.7,109.376,93.593
2634,135.245,129.322,122.519,114.666,109.378,93.648
2637,134.813,129.059,122.367,114.627,109.407,93.71
2640,134.38,128.792,122.247,114.601,109.417,93.788
2643,133.927,128.519,122.084,114.549,109.422,93.846
2646,133.533,128.231,121.939,114.52,109.432,93.932
2649,133.094,127.953,121.783,114.443,109.432,93.994
2652,132.664,127.654,121.634,114.388,109.42,94.07
2655,132.263,127.407,121.468,114.335,109.422,94.14
2658,131.813,127.097,121.311,114.288,109.424,94.194
2661,131.413,126.817,121.148,114.2,109.41,94.258
2664,130.998,126.54,120.985,114.137,109.377,94.328
2667,130.598,126.228,120.812,114.078,109.381,94.402
2670,130.233,125.97,120.637,114.004,109.359,94.435
2673,129.81,125.684,120.454,113.914,109.318,94.519
2676,129.437,125.418,120.287,113.83,109.287,94.579
2679,129.061,125.13,120.103,113.759,109.277,94.655
2682,128.699,124.864,119.906,113.679,109.224,94.698
2685,128.321,124.598,119.743,113.573,109.197,94.768
2688,127.986,124.299,119.567,113.496,109.148,94.824
2691,127.632,124.057,119.392,113.389,109.121,94.886
2694,127.303,123.795,119.198,113.304,109.068,94.941
2697,126.973,123.52,119.025,113.183,109.025,94.997
2700,126.688,123.277,118.837,113.097,108.964,95.046
2703,126.384,123.013,118.644,112.991,108.921,95.112
2706,126.096,122.779,118.481,112.889,108.882,95.147
2709,125.838,122.55,118.301,112.81,108.814,95.221
2712,125.582,122.308,118.126,112.691,108.757,95.27
2715,125.3,122.079,117.95,112.579,108.714,95.301
2718,125.072,121.869,117.804,112.483,108.651,95.347
2721,124.883,121.659,117.624,112.379,108.602,95.404
2724,124.683,121.474,117.465,112.297,108.528,95.443
2727,124.491,121.267,117.298,112.187,108.479,95.487
2730,124.337,121.079,117.159,112.081,108.42,95.536
2733,124.183,120.91,117.008,111.979,108.354,95.585
2736,124.054,120.736,116.866,111.889,108.293,95.606
2739,123.923,120.611,116.715,111.78,108.242,95.649
2742,123.849,120.453,116.58,111.695,108.176,95.707
2745,123.764,120.352,116.442,111.619,108.113,95.744
2748,123.694,120.229,116.336,111.529,108.055,95.758
2751,123.669,120.107,116.215,111.417,107.99,95.808
2754,123.628,119.995,116.103,111.339,107.933,95.874
2757,123.673,119.941,116.016,111.282,107.896,95.891
2760,123.681,119.875,115.905,111.184,107.843,95.928
2763,123.713,119.803,115.835,111.126,107.793,95.957
2766,123.741,119.748,115.753,111.052,107.73,95.987
2769,123.827,119.742,115.677,110.994,107.671,96.029
2772,123.909,119.707,115.626,110.933,107.636,96.092
2775,124.047,119.72,115.573,110.88,107.596,96.114
2778,124.181,119.732,115.537,110.838,107.564,96.138
2781,124.312,119.732,115.492,110.769,107.511,96.173
2784,124.487,119.769,115.458,110.741,107.478,96.212
2787,124.663,119.794,115.424,110.694,107.412,96.251
2790,124.849,119.846,115.391,110.649,107.38,96.255
2793,125.055,119.897,115.393,110.608,107.355,96.296
2796,125.299,119.96,115.366,110.567,107.32,96.317
2799,125.528,120.046,115.367,110.527,107.265,96.327
2802,125.786,120.153,115.378,110.505,107.251,96.362
2805,126.047,120.236,115.396,110.487,107.216,96.374
2808,126.346,120.386,115.421,110.468,107.192,96.393
2811,126.653,120.506,115.444,110.464,107.151,96.411
2814,126.961,120.649,115.489,110.43,107.129,96.43
2817,127.294,120.8,115.557,110.437,107.117,96.444
2820,127.632,120.967,115.596,110.447,107.104,96.454
2823,127.994,121.139,115.686,110.447,107.102,96.495
2826,128.383,121.343,115.755,110.47,107.086,96.495
2829,128.765,121.556,115.843,110.484,107.094,96.51
2832,129.157,121.782,115.918,110.525,107.08,96.53
2835,129.571,121.986,116.043,110.547,107.098,96.543
2838,130.005,122.223,116.151,110.59,107.086,96.559
2841,130.433,122.468,116.277,110.627,107.1,96.573
2844,130.872,122.71,116.399,110.656,107.121,96.571
2847,131.319,122.975,116.54,110.727,107.143,96.61
2850,131.78,123.255,116.683,110.785,107.168,96.627
2853,132.233,123.525,116.846,110.848,107.186,96.625
2856,132.737,123.83,116.993,110.911,107.215,96.633
2859,133.218,124.112,117.17,110.997,107.256,96.664
2862,133.689,124.433,117.325,111.075,107.291,96.666
2865,134.183,124.754,117.511,111.166,107.325,96.68
2868,134.685,125.059,117.692,111.262,107.389,96.703
2871,135.185,125.396,117.89,111.35,107.43,96.692
2874,135.709,125.714,118.079,111.436,107.491,96.721
2877,136.2,126.046,118.283,111.554,107.532,96.719
2880,136.718,126.392,118.483,111.663,107.6,96.74
2883,137.204,126.732,118.711,111.781,107.657,96.742
2886,137.718,127.094,118.934,111.895,107.72,96.764
2889,138.218,127.443,119.156,112.008,107.794,96.787
2892,138.721,127.786,119.37,112.142,107.874,96.795
2895,139.237,128.142,119.613,112.285,107.947,96.805
2898,139.726,128.499,119.839,112.404,108.044,96.828
2901,140.215,128.872,120.092,112.551,108.119,96.853
2904,140.734,129.237,120.326,112.679,108.211,96.851
2907,141.212,129.632,120.568,112.833,108.312,96.867
2910,141.687,129.945,120.833,112.996,108.404,96.9
2913,142.173,130.318,121.098,113.151,108.496,96.912
2916,142.626,130.686,121.332,113.298,108.614,96.937
2919,143.076,131.048,121.596,113.48,108.719,96.949
2922,143.51,131.391,121.843,113.627,108.829,96.984
2925,143.971,131.745,122.103,113.786,108.932,96.982
2928,144.397,132.104,122.362,113.951,109.058,97.019
2931,144.828,132.455,122.626,114.133,109.167,97.046
2934,145.256,132.793,122.895,114.301,109.286,97.06
2937,145.678,133.149,123.149,114.478,109.419,97.105
2940,146.093,133.484,123.4,114.664,109.529,97.12
2943,146.488,133.813,123.666,114.842,109.67,97.161
2946,146.894,134.156,123.931,115.032,109.803,97.173
2949,147.286,134.496,124.202,115.201,109.934,97.19
2952,147.666,134.846,124.463,115.39,110.069,97.248
2955,148.0,135.149,124.725,115.587,110.217,97.277
2958,148.365,135.463,124.971,115.771,110.36,97.295
2961,148.693,135.781,125.228,115.938,110.479,97.358
2964,149.03,136.109,125.504,116.16,110.651,97.38
2967,149.355,136.405,125.776,116.353,110.79,97.416
2970,149.636,136.687,126.018,116.531,110.933,97.486
2973,149.913,136.971,126.266,116.723,111.092,97.517
2976,150.168,137.23,126.494,116.898,111.215,97.543
2979,150.393,137.484,126.735,117.073,111.36,97.609
2982,150.604,137.744,126.957,117.265,111.505,97.634
2985,150.785,137.994,127.169,117.431,111.656,97.659
2988,151.01,138.199,127.396,117.608,111.788,97.732
2991,151.177,138.436,127.618,117.775,111.933,97.769
2994,151.329,138.624,127.825,117.957,112.082,97.802
2997,151.463,138.828,128.018,118.122,112.209,97.847
3000,151.588,139.024,128.221,118.291,112.364,97.897
3003,151.693,139.207,128.394,118.456,112.501,97.94
3006,151.796,139.373,128.583,118.617,112.632,97.997
3009,151.863,139.527,128.76,118.788,112.787,98.051
3012,151.904,139.66,128.926,118.945,112.909,98.096
3015,151.943,139.784,129.101,119.094,113.05,98.135
3018,151.971,139.919,129.264,119.253,113.191,98.178
3021,151.957,140.035,129.4,119.41,113.314,98.236
3024,151.951,140.102,129.562,119.545,113.45,98.289
3027,151.935,140.218,129.684,119.671,113.581,98.347
3030,151.888,140.281,129.824,119.826,113.699,98.404
3033,151.81,140.345,129.946,119.949,113.832,98.462
3036,151.74,140.392,130.06,120.095,113.945,98.505
3039,151.629,140.436,130.159,120.195,114.079,98.562
3042,151.51,140.447,130.263,120.324,114.196,98.62
3045,151.365,140.461,130.344,120.454,114.32,98.677
3048,151.232,140.461,130.433,120.56,114.439,98.735
3051,151.057,140.444,130.494,120.657,114.539,98.788
3054,150.885,140.436,130.573,120.759,114.643,98.858
3057,150.691,140.386,130.62,120.861,114.776,98.926
3060,150.477,140.342,130.683,120.965,114.869,98.973
3063,150.271,140.276,130.717,121.036,114.959,99.051
3066,150.013,140.215,130.74,121.126,115.055,99.107
3069,149.76,140.149,130.768,121.205,115.161,99.158
3072,149.515,140.044,130.778,121.268,115.243,99.23
3075,149.233,139.944,130.788,121.333,115.331,99.3
3078,148.923,139.82,130.786,121.405,115.425,99.359
3081,148.642,139.69,130.78,121.459,115.513,99.429
3084,148.305,139.58,130.756,121.516,115.574,99.501
3087,147.99,139.425,130.732,121.549,115.643,99.546
3090,147.639,139.268,130.693,121.594,115.723,99.614
3093,147.319,139.127,130.648,121.626,115.78,99.694
3096,146.957,138.92,130.606,121.659,115.837,99.733
3099,146.581,138.754,130.549,121.665,115.892,99.801
3102,146.219,138.536,130.488,121.704,115.955,99.875
3105,145.824,138.348,130.407,121.722,115.992,99.941
3108,145.474,138.152,130.332,121.716,116.049,100.002
3111,145.059,137.928,130.234,121.722,116.1,100.07
3114,144.656,137.699,130.151,121.722,116.126,100.13
3117,144.244,137.472,130.048,121.706,116.167,100.193
3120,143.838,137.224,129.936,121.708,116.196,100.284
3123,143.424,136.989,129.83,121.685,116.212,100.31
3126,143.004,136.735,129.709,121.632,116.247,100.386
3129,142.56,136.472,129.569,121.624,116.267,100.46
3132,142.14,136.195,129.439,121.59,116.265,100.501
3135,141.709,135.925,129.283,121.542,116.276,100.573
3138,141.257,135.67,129.151,121.498,116.28,100.645
3141,140.832,135.387,129.011,121.466,116.292,100.701
3144,140.398,135.101,128.841,121.389,116.276,100.76
3147,139.973,134.827,128.682,121.328,116.27,100.803
3150,139.547,134.534,128.539,121.275,116.278,100.89
3153,139.089,134.239,128.357,121.206,116.253,100.957
3156,138.656,133.973,128.184,121.137,116.247,100.988
3159,138.217,133.654,128.0,121.066,116.231,101.044
3162,137.787,133.366,127.835,120.984,116.19,101.121
3165,137.399,133.097,127.647,120.914,116.168,101.168
3168,137.005,132.83,127.499,120.849,116.173,101.243
3171,136.613,132.54,127.323,120.783,116.146,101.305
3174,136.239,132.268,127.145,120.694,116.118,101.38
3177,135.855,131.991,126.946,120.609,116.084,101.414
3180,135.495,131.698,126.784,120.533,116.058,101.472
3183,135.132,131.448,126.612,120.442,116.005,101.555
3186,134.757,131.155,126.418,120.331,115.969,101.58
3189,134.425,130.872,126.225,120.241,115.916,101.625
3192,134.071,130.595,126.038,120.121,115.867,101.683
3195,133.766,130.364,125.858,120.031,115.823,101.737
3198,133.447,130.084,125.684,119.914,115.762,101.772
3201,133.126,129.851,125.495,119.819,115.709,101.815
3204,132.866,129.577,125.306,119.723,115.658,101.887
3207,132.569,129.324,125.121,119.623,115.603,101.903
3210,132.301,129.083,124.948,119.507,115.55,101.955
3213,132.037,128.88,124.746,119.395,115.478,101.987
3216,131.807,128.636,124.6,119.28,115.413,102.041
3219,131.593,128.422,124.429,119.178,115.352,102.074
3222,131.368,128.224,124.252,119.076,115.28,102.11
3225,131.168,128.005,124.068,118.956,115.213,102.174
3228,131.008,127.834,123.914,118.852,115.152,102.186
3231,130.825,127.648,123.743,118.734,115.086,102.227
3234,130.676,127.456,123.602,118.636,115.011,102.272
3237,130.545,127.288,123.45,118.528,114.937,102.274
3240,130.41,127.146,123.307,118.436,114.852,102.326
3243,130.314,126.998,123.155,118.314,114.807,102.36
3246,130.251,126.836,123.018,118.226,114.735,102.363
3249,130.166,126.74,122.882,118.128,114.668,102.404
3252,130.125,126.6,122.768,118.033,114.588,102.44
3255,130.125,126.496,122.644,117.943,114.527,102.455
3258,130.087,126.4,122.554,117.851,114.462,102.475
3261,130.1,126.309,122.432,117.733,114.396,102.518
3264,130.136,126.276,122.342,117.686,114.335,102.553
3267,130.166,126.191,122.265,117.584,114.257,102.557
3270,130.232,126.142,122.169,117.509,114.204,102.592
3273,130.314,126.128,122.084,117.437,114.145,102.596
3276,130.399,126.095,122.009,117.358,114.072,102.615
3279,130.512,126.122,121.95,117.295,114.012,102.631
3282,130.641,126.092,121.903,117.227,113.961,102.65
3285,130.781,126.101,121.858,117.17,113.902,102.658
3288,130.954,126.109,121.809,117.119,113.855,102.684
3291,131.132,126.169,121.775,117.062,113.806,102.678
3294,131.329,126.21,121.768,117.015,113.757,102.715
3297,131.535,126.276,121.75,116.962,113.712,102.727
3300,131.785,126.361,121.742,116.928,113.669,102.75
3303,132.045,126.465,121.738,116.893,113.635,102.742
3306,132.312,126.548,121.744,116.879,113.592,102.77
3309,132.591,126.671,121.777,116.854,113.561,102.783
3312,132.891,126.787,121.801,116.84,113.535,102.779
3315,133.204,126.937,121.847,116.822,113.502,102.795
3318,133.512,127.074,121.878,116.816,113.482,102.822
3321,133.844,127.241,121.939,116.808,113.474,102.824
3324,134.214,127.432,121.99,116.812,113.437,102.838
3327,134.585,127.597,122.072,116.823,113.425,102.855
3330,134.942,127.829,122.151,116.815,113.427,102.838
3333,135.313,127.982,122.24,116.842,113.421,102.85
3336,135.73,128.228,122.329,116.876,113.409,102.873
3339,136.169,128.463,122.433,116.917,113.417,102.879
3342,136.57,128.708,122.561,116.942,113.411,102.881
3345,136.999,128.956,122.672,116.989,113.427,102.881
3348,137.452,129.195,122.808,117.03,113.446,102.896
3351,137.908,129.466,122.93,117.078,113.462,102.906
3354,138.385,129.739,123.078,117.134,113.478,102.915
3357,138.858,130.065,123.249,117.218,113.504,102.919
3360,139.324,130.315,123.422,117.281,113.533,102.913
3363,139.822,130.641,123.562,117.355,113.564,102.913
3366,140.28,130.943,123.749,117.436,113.602,102.926
3369,140.783,131.24,123.928,117.52,113.645,102.948
3372,141.259,131.543,124.111,117.611,113.699,102.93
3375,141.78,131.89,124.307,117.703,113.729,102.95
3378,142.285,132.249,124.551,117.814,113.809,102.975
3381,142.824,132.589,124.749,117.945,113.871,102.981
3384,143.348,132.968,124.978,118.056,113.938,103.006
3387,143.853,133.322,125.198,118.197,114.022,103.036
3390,144.353,133.653,125.418,118.31,114.078,103.014
3393,144.855,134.038,125.659,118.444,114.167,103.04
3396,145.366,134.378,125.888,118.57,114.257,103.042
3399,145.852,134.727,126.112,118.69,114.31,103.063
3402,146.362,135.094,126.369,118.859,114.407,103.07
3405,146.835,135.448,126.609,118.975,114.47,103.089
3408,147.329,135.799,126.836,119.12,114.57,103.118
3411,147.79,136.161,127.084,119.256,114.666,103.105
3414,148.221,136.498,127.32,119.401,114.754,103.134
3417,148.644,136.842,127.57,119.564,114.85,103.14
3420,149.078,137.187,127.81,119.711,114.942,103.134
3423,149.525,137.543,128.064,119.864,115.038,103.163
3426,149.954,137.886,128.324,120.019,115.146,103.179
3429,150.376,138.226,128.568,120.196,115.256,103.187
3432,150.821,138.563,128.809,120.339,115.367,103.187
3435,151.198,138.889,129.053,120.512,115.479,103.226
3438,151.612,139.234,129.311,120.675,115.589,103.241
3441,152.001,139.551,129.563,120.85,115.722,103.243
3444,152.406,139.88,129.819,121.019,115.836,103.271
3447,152.792,140.203,130.073,121.18,115.944,103.296
3450,153.159,140.521,130.327,121.351,116.072,103.312
3453,153.503,140.836,130.566,121.53,116.209,103.323
3456,153.842,141.137,130.818,121.693,116.329,103.37
3459,154.15,141.435,131.047,121.86,116.45,103.398
3462,154.472,141.736,131.313,122.053,116.59,103.425
3465,154.775,142.029,131.553,122.228,116.725,103.446
3468,155.056,142.3,131.768,122.401,116.847,103.476
3471,155.33,142.57,132.011,122.586,116.978,103.519
3474,155.572,142.83,132.259,122.739,117.12,103.542
3477,155.841,143.106,132.474,122.924,117.253,103.55
3480,156.044,143.36,132.705,123.091,117.381,103.616
3483,156.264,143.581,132.918,123.258,117.52,103.636
3486,156.475,143.819,133.13,123.443,117.646,103.665
3489,156.636,144.007,133.347,123.616,117.795,103.72
3492,156.811,144.236,133.556,123.789,117.932,103.732
3495,156.947,144.435,133.757,123.948,118.06,103.778
3498,157.072,144.625,133.956,124.107,118.201,103.827
3501,157.169,144.788,134.146,124.265,118.334,103.864
3504,157.264,144.955,134.319,124.422,118.462,103.919
3507,157.325,145.097,134.476,124.563,118.597,103.929
3510,157.398,145.246,134.653,124.734,118.721,103.983
3513,157.431,145.341,134.794,124.857,118.85,104.026
3516,157.418,145.479,134.944,125.008,118.978,104.067
3519,157.415,145.573,135.1,125.142,119.103,104.12
3522,157.421,145.674,135.227,125.288,119.233,104.145
3525,157.365,145.766,135.359,125.424,119.345,104.214
3528,157.31,145.819,135.49,125.553,119.466,104.253
3531,157.236,145.879,135.604,125.685,119.586,104.306
3534,157.147,145.918,135.719,125.811,119.725,104.347
3537,157.052,145.956,135.806,125.919,119.829,104.38
3540,156.939,145.981,135.908,126.047,119.925,104.446
3543,156.819,145.987,136.001,126.153,120.037,104.497
3546,156.669,145.987,136.064,126.256,120.155,104.544
3549,156.5,145.967,136.135,126.358,120.255,104.604
3552,156.339,145.94,136.187,126.447,120.359,104.655
3555,156.117,145.898,136.236,126.533,120.449,104.694
3558,155.9,145.846,136.285,126.618,120.554,104.749
3561,155.686,145.793,136.305,126.722,120.634,104.807
3564,155.447,145.713,136.337,126.766,120.727,104.87
3567,155.222,145.634,136.365,126.851,120.816,104.902
3570,154.919,145.534,136.375,126.914,120.894,104.972
3573,154.633,145.441,136.369,126.966,120.971,105.021
3576,154.352,145.282,136.344,127.03,121.049,105.053
3579,154.023,145.153,136.34,127.075,121.122,105.126
3582,153.733,145.032,136.322,127.115,121.187,105.185
3585,153.406,144.894,136.288,127.161,121.272,105.226
3588,153.09,144.736,136.267,127.206,121.332,105.301
3591,152.798,144.586,136.236,127.242,121.4,105.369
3594,152.405,144.446,136.216,127.298,121.479,105.452
3597,152.085,144.272,136.151,127.308,121.552,105.495
3600,151.717,144.098,136.097,127.326,121.588,105.551
3603,151.351,143.893,136.02,127.35,121.641,105.633
3606,150.948,143.675,135.923,127.342,121.671,105.66
3609,150.562,143.454,135.832,127.324,121.706,105.73
3612,150.168,143.239,135.724,127.324,121.741,105.787
3615,149.748,143.009,135.625,127.317,121.767,105.832
3618,149.356,142.775,135.516,127.283,121.789,105.875
3621,148.92,142.523,135.4,127.267,121.806,105.943
3624,148.494,142.266,135.262,127.242,121.818,105.982
3627,148.088,142.012,135.147,127.202,121.822,106.031
3630,147.649,141.717,134.999,127.149,121.816,106.098
3633,147.196,141.485,134.863,127.11,121.84,106.154
3636,146.765,141.2,134.721,127.053,121.844,106.201
3639,146.332,140.907,134.549,127.009,121.83,106.254
3642,145.904,140.615,134.405,126.954,121.83,106.301
3645,145.456,140.347,134.24,126.887,121.816,106.352
3648,145.031,140.048,134.066,126.82,121.787,106.395
3651,144.605,139.733,133.907,126.757,121.771,106.461
3654,144.166,139.457,133.721,126.667,121.747,106.489
3657,143.746,139.167,133.56,126.586,121.724,106.538
3660,143.316,138.891,133.357,126.509,121.708,106.594
3663,142.885,138.576,133.169,126.425,121.657,106.632
3666,142.476,138.289,132.994,126.346,121.621,106.686
3669,142.064,137.996,132.803,126.247,121.592,106.731
3672,141.661,137.667,132.615,126.153,121.549,106.755
3675,141.263,137.386,132.426,126.054,121.515,106.817
3678,140.868,137.085,132.231,125.956,121.466,106.862
3681,140.509,136.825,132.03,125.863,121.419,106.89
3684,140.134,136.526,131.835,125.743,121.362,106.95
3687,139.777,136.24,131.645,125.645,121.317,106.976
3690,139.449,135.952,131.442,125.525,121.252,107.007
3693,139.081,135.7,131.255,125.44,121.199,107.056
3696,138.75,135.423,131.054,125.314,121.13,107.117
3699,138.438,135.143,130.859,125.202,121.083,107.132
3702,138.126,134.89,130.66,125.076,121.006,107.175
3705,137.803,134.652,130.474,124.968,120.939,107.207
3708,137.519,134.379,130.265,124.853,120.856,107.234
3711,137.243,134.119,130.075,124.733,120.792,107.279
3714,137.008,133.905,129.896,124.623,120.711,107.293
3717,136.738,133.66,129.706,124.477,120.648,107.332
3720,136.513,133.451,129.541,124.375,120.575,107.373
3723,136.275,133.202,129.355,124.263,120.5,107.387
3726,136.097,132.998,129.18,124.155,120.418,107.424
3729,135.9,132.811,129.012,124.025,120.349,107.461
3732,135.754,132.622,128.842,123.914,120.27,107.479
3735,135.6,132.452,128.677,123.791,120.19,107.514
3738,135.461,132.286,128.515,123.69,120.129,107.537
3741,135.337,132.119,128.373,123.564,120.05,107.553
3744,135.247,131.96,128.228,123.464,119.974,107.576
3747,135.173,131.828,128.09,123.366,119.897,107.61
3750,135.112,131.707,127.964,123.263,119.821,107.625
3753,135.071,131.589,127.848,123.149,119.736,107.645
3756,135.041,131.488,127.716,123.057,119.677,107.664
3759,135.033,131.389,127.613,122.976,119.599,107.672
3762,135.03,131.326,127.499,122.868,119.532,107.686
3765,135.047,131.246,127.391,122.79,119.45,107.729
3768,135.118,131.2,127.316,122.707,119.389,107.717
3771,135.159,131.148,127.235,122.619,119.336,107.735
3774,135.261,131.118,127.147,122.548,119.255,107.76
3777,135.37,131.087,127.072,122.465,119.191,107.762
3780,135.475,131.107,127.013,122.391,119.142,107.784
3783,135.623,131.093,126.944,122.33,119.069,107.799
3786,135.771,131.123,126.907,122.265,119.006,107.803
3789,135.947,131.161,126.865,122.208,118.961,107.825
3792,136.133,131.183,126.84,122.139,118.906,107.823
3795,136.333,131.246,126.806,122.104,118.839,107.84
3798,136.536,131.31,126.8,122.047,118.81,107.856
3801,136.794,131.417,126.788,122.005,118.755,107.835
3804,137.043,131.496,126.796,121.982,118.718,107.872
3807,137.314,131.578,126.804,121.939,118.676,107.852
3810,137.593,131.705,126.826,121.921,118.635,107.854
3813,137.891,131.801,126.84,121.889,118.588,107.883
3816,138.22,131.976,126.875,121.872,118.568,107.876
3819,138.55,132.133,126.939,121.883,118.542,107.9
3822,138.882,132.303,126.988,121.886,118.516,107.894
3825,139.257,132.47,127.074,121.889,118.511,107.883
3828,139.61,132.657,127.133,121.882,118.48,107.898
3831,140.029,132.847,127.229,121.924,118.49,107.901
3834,140.411,133.074,127.325,121.918,118.481,107.903
3837,140.808,133.327,127.426,121.959,118.463,107.93
3840,141.238,133.527,127.538,121.994,118.476,107.91
3843,141.684,133.776,127.657,122.031,118.487,107.947
3846,142.101,134.031,127.766,122.066,118.473,107.942
3849,142.541,134.262,127.892,122.109,118.483,107.917
3852,142.963,134.536,128.02,122.153,118.499,107.919
3855,143.389,134.8,128.159,122.22,118.521,107.935
3858,143.888,135.069,128.33,122.262,118.545,107.919
3861,144.349,135.371,128.464,122.323,118.556,107.938
3864,144.821,135.664,128.63,122.412,118.6,107.93
3867,145.282,135.952,128.796,122.471,118.61,107.922
3870,145.765,136.259,128.947,122.551,118.645,107.926
3873,146.232,136.55,129.152,122.624,118.683,107.92
3876,146.702,136.872,129.333,122.713,118.73,107.92
3879,147.188,137.184,129.516,122.809,118.773,107.924
3882,147.671,137.526,129.723,122.907,118.816,107.93
3885,148.168,137.847,129.916,123.009,118.861,107.926
3888,148.641,138.186,130.125,123.114,118.93,107.93
3891,149.14,138.512,130.342,123.23,118.989,107.934
3894,149.616,138.86,130.543,123.353,119.046,107.914
3897,150.106,139.203,130.778,123.473,119.124,107.955
3900,150.573,139.534,131.01,123.597,119.207,107.93
3903,151.056,139.899,131.223,123.717,119.268,107.93
3906,151.534,140.225,131.458,123.845,119.338,107.934
3909,151.995,140.578,131.69,123.988,119.427,107.938
3912,152.428,140.913,131.931,124.124,119.511,107.957
3915,152.858,141.283,132.167,124.273,119.619,107.953
3918,153.3,141.584,132.406,124.413,119.705,107.951
3921,153.714,141.929,132.638,124.56,119.796,107.967
3924,154.136,142.247,132.896,124.714,119.894,107.985
3927,154.561,142.587,133.141,124.873,119.984,107.977
3930,154.931,142.909,133.365,125.014,120.094,108.006
3933,155.334,143.234,133.601,125.163,120.189,108.018
3936,155.723,143.527,133.845,125.314,120.299,108.016
3939,156.107,143.847,134.089,125.478,120.403,108.03
3942,156.456,144.198,134.324,125.647,120.512,108.065
3945,156.857,144.479,134.566,125.81,120.637,108.071
3948,157.196,144.786,134.812,125.952,120.743,108.086
3951,157.524,145.119,135.019,126.123,120.859,108.094
3954,157.877,145.401,135.27,126.292,120.977,108.114
3957,158.207,145.699,135.51,126.454,121.093,108.135
3960,158.518,145.967,135.749,126.617,121.213,108.147
3963,158.807,146.254,135.984,126.788,121.343,108.178
3966,159.068,146.516,136.203,126.952,121.461,108.184
3969,159.34,146.79,136.432,127.111,121.577,108.206
3972,159.609,147.025,136.653,127.267,121.706,108.235
3975,159.826,147.295,136.876,127.434,121.824,108.251
3978,160.057,147.525,137.095,127.607,121.962,108.268
3981,160.262,147.732,137.283,127.771,122.088,108.296
3984,160.437,147.972,137.504,127.936,122.202,108.333
3987,160.593,148.182,137.699,128.09,122.328,108.358
3990,160.779,148.378,137.911,128.239,122.459,108.389
3993,160.92,148.571,138.086,128.407,122.585,108.431
3996,161.048,148.734,138.284,128.562,122.705,108.462
3999,161.148,148.914,138.465,128.718,122.837,108.499
4002,161.231,149.085,138.637,128.86,122.968,108.526
4005,161.317,149.223,138.811,129.013,123.09,108.56
4008,161.37,149.356,138.963,129.163,123.216,108.597
4011,161.415,149.483,139.115,129.301,123.326,108.642
4014,161.415,149.615,139.257,129.437,123.45,108.669
4017,161.426,149.72,139.395,129.578,123.574,108.697
4020,161.445,149.806,139.551,129.7,123.696,108.751
4023,161.434,149.881,139.687,129.838,123.802,108.779
4026,161.384,149.967,139.806,129.97,123.928,108.826
4029,161.32,150.034,139.934,130.087,124.038,108.886
4032,161.251,150.07,140.023,130.215,124.158,108.923
4035,161.173,150.101,140.126,130.329,124.276,108.949
4038,161.048,150.117,140.215,130.434,124.374,108.998
4041,160.917,150.137,140.298,130.542,124.478,109.033
4044,160.792,150.131,140.365,130.639,124.592,109.072
4047,160.618,150.142,140.444,130.735,124.692,109.125
4050,160.451,150.095,140.492,130.836,124.775,109.178
4053,160.276,150.07,140.555,130.922,124.881,109.221
4056,160.082,150.04,140.588,131.001,124.962,109.242
4059,159.846,149.965,140.616,131.066,125.052,109.309
4062,159.648,149.906,140.64,131.143,125.133,109.336
4065,159.371,149.817,140.66,131.208,125.219,109.395
4068,159.123,149.723,140.669,131.267,125.29,109.44
4071,158.824,149.632,140.667,131.323,125.365,109.493
4074,158.549,149.491,140.65,131.378,125.422,109.534
4077,158.246,149.381,140.644,131.427,125.489,109.577
4080,157.96,149.248,140.626,131.47,125.562,109.635
4083,157.616,149.113,140.581,131.498,125.635,109.684
4086,157.293,148.922,140.561,131.518,125.686,109.735
4089,156.952,148.787,140.507,131.555,125.731,109.792
4092,156.635,148.61,140.454,131.585,125.788,109.823
4095,156.249,148.425,140.381,131.569,125.822,109.882
4098,155.88,148.226,140.308,131.593,125.865,109.917
4101,155.477,148.013,140.231,131.599,125.905,109.966
4104,155.1,147.801,140.148,131.585,125.938,110.013
4107,154.705,147.599,140.041,131.583,125.97,110.058
4110,154.314,147.359,139.952,131.571,125.991,110.105
4113,153.886,147.143,139.834,131.555,126.015,110.158
4116,153.492,146.909,139.737,131.524,126.033,110.205
4119,153.056,146.666,139.612,131.506,126.04,110.242
4122,152.631,146.398,139.478,131.47,126.068,110.298
4125,152.212,146.138,139.338,131.431,126.07,110.345
4128,151.795,145.881,139.217,131.394,126.08,110.383
4131,151.359,145.616,139.061,131.346,126.084,110.439
4134,150.918,145.329,138.911,131.293,126.072,110.5
4137,150.487,145.066,138.781,131.236,126.072,110.537
4140,150.054,144.801,138.601,131.173,126.048,110.582
4143,149.624,144.506,138.436,131.116,126.031,110.639
4146,149.188,144.224,138.268,131.049,126.017,110.672
4149,148.762,143.931,138.11,130.956,125.977,110.721
4152,148.329,143.638,137.928,130.877,125.972,110.77
4155,147.909,143.354,137.741,130.806,125.93,110.801
4158,147.467,143.031,137.557,130.719,125.896,110.837
4161,147.031,142.723,137.363,130.614,125.857,110.901
4164,146.601,142.423,137.179,130.529,125.824,110.909
4167,146.181,142.115,136.975,130.429,125.78,110.956
4170,145.767,141.81,136.791,130.319,125.75,111.023
4173,145.345,141.523,136.578,130.227,125.693,111.029
4176,144.94,141.204,136.37,130.114,125.618,111.066
4179,144.548,140.903,136.186,130.012,125.581,111.121
4182,144.144,140.622,135.983,129.911,125.53,111.148
4185,143.774,140.315,135.776,129.797,125.465,111.183
4188,143.407,140.028,135.563,129.677,125.4,111.227
4191,143.051,139.746,135.361,129.57,125.333,111.236
4194,142.722,139.475,135.158,129.438,125.281,111.295
4197,142.393,139.194,134.965,129.326,125.187,111.315
4200,142.065,138.937,134.761,129.2,125.13,111.346
4203,141.772,138.652,134.57,129.08,125.061,111.372
4206,141.46,138.39,134.369,128.954,124.976,111.393
4209,141.172,138.144,134.154,128.83,124.908,111.432
4212,140.916,137.879,133.975,128.702,124.831,111.454
4215,140.653,137.647,133.781,128.576,124.754,111.477
4218,140.429,137.404,133.608,128.466,124.672,111.493
4221,140.214,137.21,133.413,128.348,124.589,111.526
4224,139.976,136.995,133.245,128.228,124.514,111.552
4227,139.78,136.791,133.06,128.098,124.43,111.554
4230,139.628,136.59,132.884,127.983,124.353,111.573
4233,139.479,136.39,132.721,127.863,124.273,111.597
4236,139.303,136.22,132.561,127.745,124.19,111.617
4239,139.217,136.052,132.407,127.629,124.11,111.628
4242,139.07,135.899,132.248,127.515,124.021,111.65
4245,138.977,135.745,132.096,127.401,123.956,111.656
4248,138.91,135.608,131.966,127.296,123.85,111.687
4251,138.85,135.471,131.838,127.184,123.781,111.677
4254,138.808,135.358,131.706,127.076,123.701,111.691
4257,138.778,135.257,131.564,126.973,123.614,111.709
4260,138.769,135.199,131.453,126.877,123.543,111.697
4263,138.792,135.095,131.329,126.769,123.457,111.724
4266,138.803,135.018,131.232,126.664,123.386,111.738
4269,138.855,134.955,131.128,126.595,123.306,111.746
4272,138.91,134.925,131.049,126.489,123.225,111.758
4275,139.001,134.895,130.97,126.406,123.164,111.732
4278,139.106,134.851,130.899,126.328,123.076,111.746
4281,139.222,134.851,130.813,126.251,123.019,111.764
4284,139.341,134.859,130.771,126.18,122.94,111.752
4287,139.493,134.862,130.704,126.125,122.893,111.75
4290,139.645,134.897,130.667,126.052,122.81,111.777
4293,139.825,134.944,130.621,125.977,122.763,111.756
4296,140.048,134.98,130.59,125.922,122.692,111.756
4299,140.266,135.051,130.58,125.877,122.639,111.752
4302,140.482,135.125,130.558,125.845,122.598,111.75
4305,140.764,135.213,130.58,125.782,122.549,111.756
4308,141.012,135.301,130.574,125.757,122.484,111.744
4311,141.283,135.419,130.592,125.707,122.441,111.724
4314,141.587,135.545,130.606,125.682,122.405,111.732
4317,141.877,135.646,130.631,125.66,122.348,111.726
4320,142.197,135.816,130.673,125.64,122.323,111.707
4323,142.534,135.967,130.714,125.627,122.291,111.703
4326,142.882,136.124,130.781,125.621,122.272,111.697
4329,143.227,136.324,130.848,125.621,122.236,111.697
4332,143.584,136.497,130.907,125.627,122.211,111.693
4335,143.968,136.697,131.0,125.638,122.209,111.679
4338,144.382,136.915,131.083,125.642,122.185,111.666
4341,144.76,137.114,131.179,125.668,122.175,111.658
4344,145.164,137.36,131.286,125.713,122.169,111.658
4347,145.6,137.581,131.408,125.721,122.167,111.644
4350,146.025,137.868,131.514,125.762,122.169,111.64
4353,146.44,138.097,131.658,125.81,122.179,111.644
4356,146.907,138.348,131.777,125.845,122.185,111.622
4359,147.357,138.614,131.909,125.906,122.203,111.63
4362,147.799,138.909,132.066,125.981,122.209,111.613
4365,148.265,139.188,132.236,126.03,122.234,111.593
4368,148.699,139.47,132.384,126.093,122.252,111.599
4371,149.193,139.766,132.568,126.184,122.298,111.598
4374,149.676,140.087,132.742,126.265,122.331,111.598
4377,150.161,140.406,132.948,126.359,122.375,111.596
4380,150.6,140.711,133.104,126.438,122.414,111.578
4383,151.116,141.05,133.326,126.546,122.464,111.572
4386,151.581,141.368,133.504,126.639,122.498,111.555
4389,152.085,141.725,133.745,126.754,122.579,111.579
4392,152.559,142.075,133.939,126.869,122.64,111.604
4395,153.026,142.386,134.157,126.955,122.689,111.576
4398,153.455,142.684,134.345,127.069,122.735,111.571
4401,153.925,143.002,134.554,127.189,122.804,111.558
4404,154.378,143.332,134.772,127.297,122.878,111.547
4407,154.876,143.688,135.008,127.44,122.951,111.577
4410,155.337,144.046,135.252,127.592,123.034,111.572
4413,155.751,144.388,135.491,127.715,123.135,111.576
4416,156.2,144.712,135.716,127.866,123.222,111.596
4419,156.63,145.051,135.962,128.019,123.325,111.587
4422,157.045,145.387,136.196,128.163,123.414,111.597
4425,157.453,145.718,136.435,128.304,123.496,111.621
4428,157.853,146.025,136.665,128.438,123.584,111.615
4431,158.277,146.368,136.934,128.607,123.712,111.622
4434,158.652,146.679,137.142,128.77,123.798,111.629
4437,159.049,147.002,137.387,128.904,123.904,111.649
4440,159.432,147.306,137.621,129.057,124.004,111.66
4443,159.812,147.62,137.869,129.219,124.127,111.657
4446,160.173,147.933,138.108,129.385,124.223,111.681
4449,160.495,148.218,138.32,129.541,124.316,111.666
4452,160.824,148.491,138.561,129.679,124.44,111.696
4455,161.099,148.783,138.779,129.818,124.536,111.695
4458,161.416,149.046,139.005,130.006,124.672,111.717
4461,161.707,149.317,139.236,130.16,124.778,111.749
4464,161.992,149.62,139.468,130.325,124.897,111.753
4467,162.264,149.869,139.684,130.496,125.015,111.777
4470,162.509,150.122,139.909,130.642,125.133,111.781
4473,162.725,150.353,140.126,130.809,125.255,111.796
4476,162.979,150.608,140.322,130.953,125.364,111.82
4479,163.171,150.811,140.541,131.115,125.478,111.841
4482,163.36,151.019,140.735,131.261,125.608,111.853
4485,163.553,151.238,140.948,131.427,125.742,111.904
4488,163.725,151.436,141.128,131.582,125.848,111.93
4491,163.856,151.613,141.316,131.724,125.966,111.928
4494,163.982,151.827,141.486,131.866,126.086,111.965
4497,164.113,151.983,141.68,132.022,126.2,111.986
4500,164.221,152.144,141.836,132.17,126.322,112.022
4503,164.302,152.294,142.014,132.306,126.448,112.063
4506,164.38,152.438,142.18,132.458,126.559,112.079
4509,164.422,152.574,142.332,132.582,126.679,112.114
4512,164.458,152.683,142.474,132.734,126.799,112.126
4515,164.495,152.788,142.624,132.862,126.899,112.18
4518,164.483,152.896,142.757,132.996,127.025,112.212
4521,164.458,152.988,142.879,133.11,127.142,112.224
4524,164.422,153.066,143.016,133.238,127.244,112.259
4527,164.38,153.116,143.116,133.356,127.35,112.292
4530,164.308,153.174,143.229,133.479,127.447,112.351
4533,164.247,153.202,143.33,133.575,127.577,112.376
4536,164.163,153.255,143.423,133.701,127.679,112.418
4539,164.049,153.26,143.512,133.794,127.766,112.447
4542,163.937,153.285,143.585,133.895,127.866,112.494
4545,163.795,153.282,143.65,133.991,127.976,112.531
4548,163.645,153.274,143.713,134.092,128.065,112.567
4551,163.466,153.255,143.776,134.169,128.163,112.631
4554,163.263,153.202,143.814,134.251,128.25,112.666
4557,163.087,153.163,143.861,134.324,128.327,112.704
4560,162.853,153.11,143.895,134.389,128.427,112.747
4563,162.603,153.03,143.899,134.47,128.492,112.804
4566,162.345,152.935,143.929,134.541,128.569,112.851
4569,162.095,152.838,143.921,134.585,128.642,112.874
4572,161.798,152.721,143.917,134.626,128.713,112.925
4575,161.503,152.594,143.909,134.689,128.756,112.972
4578,161.212,152.466,143.891,134.735,128.843,113.013
4581,160.862,152.338,143.853,134.768,128.902,113.06
4584,160.537,152.16,143.816,134.786,128.949,113.096
4587,160.234,151.999,143.774,134.819,128.996,113.158
4590,159.868,151.819,143.711,134.841,129.061,113.196
4593,159.501,151.663,143.652,134.853,129.097,113.223
4596,159.121,151.461,143.579,134.863,129.142,113.292
4599,158.79,151.269,143.5,134.863,129.181,113.325
4602,158.39,151.044,143.446,134.871,129.219,113.37
4605,157.988,150.855,143.336,134.849,129.256,113.433
4608,157.602,150.633,143.243,134.853,129.286,113.456
4611,157.199,150.408,143.142,134.831,129.298,113.513
4614,156.791,150.167,143.031,134.821,129.321,113.537
4617,156.372,149.922,142.917,134.788,129.353,113.617
4620,155.963,149.664,142.79,134.76,129.349,113.644
4623,155.538,149.405,142.648,134.727,129.351,113.705
4626,155.102,149.123,142.518,134.671,129.347,113.721
4629,154.683,148.883,142.356,134.626,129.349,113.774
4632,154.225,148.618,142.221,134.573,129.343,113.815
4635,153.786,148.319,142.047,134.508,129.341,113.864
4638,153.356,148.049,141.897,134.453,129.323,113.909
4641,152.922,147.764,141.731,134.384,129.317,113.936
4644,152.478,147.466,141.559,134.32,129.296,113.985
4647,152.048,147.179,141.385,134.226,129.274,114.015
4650,151.595,146.889,141.217,134.147,129.24,114.06
4653,151.156,146.587,141.028,134.064,129.209,114.115
4656,150.712,146.289,140.852,133.995,129.179,114.138
4659,150.312,145.991,140.656,133.906,129.134,114.185
4662,149.898,145.701,140.476,133.824,129.107,114.221
4665,149.464,145.38,140.269,133.721,129.065,114.264
4668,149.061,145.088,140.089,133.603,129.018,114.303
4671,148.655,144.8,139.883,133.506,128.963,114.334
4674,148.232,144.505,139.683,133.415,128.907,114.377
4677,147.849,144.185,139.472,133.293,128.85,114.399
4680,147.452,143.902,139.273,133.178,128.791,114.442
4683,147.068,143.6,139.059,133.065,128.729,114.452
4686,146.693,143.318,138.844,132.941,128.659,114.491
4689,146.347,142.996,138.639,132.83,128.605,114.536
4692,145.986,142.736,138.47,132.707,128.535,114.554
4695,145.646,142.451,138.248,132.576,128.468,114.593
4698,145.342,142.197,138.033,132.468,128.377,114.611
4701,145.011,141.906,137.843,132.345,128.314,114.638
4704,144.699,141.657,137.644,132.225,128.239,114.669
4707,144.436,141.41,137.441,132.112,128.185,114.701
4710,144.163,141.165,137.264,131.986,128.107,114.728
4713,143.916,140.928,137.08,131.88,128.04,114.767
4716,143.637,140.687,136.885,131.744,127.963,114.775
4719,143.432,140.464,136.713,131.634,127.885,114.813
4722,143.198,140.251,136.528,131.501,127.78,114.829
4725,143.023,140.052,136.368,131.404,127.726,114.86
4728,142.832,139.873,136.198,131.277,127.648,114.879
4731,142.674,139.663,136.018,131.182,127.581,114.904
4734,142.525,139.495,135.862,131.062,127.483,114.918
4737,142.378,139.335,135.724,130.964,127.437,114.927
4740,142.296,139.179,135.571,130.85,127.346,114.953
4743,142.186,139.025,135.416,130.748,127.257,114.98
4746,142.081,138.895,135.266,130.62,127.18,114.984
4749,142.01,138.735,135.124,130.491,127.083,114.99
4752,141.957,138.6,134.976,130.384,127.008,114.99
4755,141.916,138.492,134.862,130.297,126.921,115.003
4758,141.912,138.406,134.735,130.19,126.846,115.016
4761,141.923,138.317,134.63,130.087,126.767,115.02
4764,141.929,138.229,134.531,129.981,126.684,115.018
4767,141.976,138.185,134.425,129.886,126.605,115.047
4770,142.009,138.121,134.326,129.8,126.536,115.037
4773,142.064,138.08,134.234,129.717,126.456,115.061
4776,142.18,138.027,134.155,129.626,126.393,115.043
4779,142.271,138.027,134.068,129.544,126.324,115.043
4782,142.395,138.027,134.023,129.467,126.249,115.057
4785,142.539,138.019,133.958,129.396,126.166,115.037
4788,142.685,138.05,133.912,129.323,126.111,115.043
4791,142.873,138.072,133.877,129.266,126.05,115.055
4794,143.064,138.102,133.826,129.189,125.985,115.029
4797,143.263,138.185,133.798,129.14,125.928,115.029
4800,143.489,138.24,133.796,129.105,125.869,115.029
4803,143.724,138.317,133.769,129.044,125.81,115.024
4806,143.97,138.406,133.792,128.996,125.761,115.004
4809,144.257,138.527,133.794,128.963,125.723,114.994
4812,144.544,138.643,133.81,128.933,125.668,115.004
4815,144.826,138.751,133.83,128.912,125.633,114.986
4818,145.144,138.892,133.859,128.888,125.591,114.971
4821,145.456,139.055,133.908,128.874,125.558,114.984
4824,145.804,139.21,133.958,128.855,125.517,114.953
4827,146.141,139.364,134.007,128.851,125.495,114.939
4830,146.519,139.563,134.076,128.843,125.465,114.939
4833,146.87,139.762,134.161,128.862,125.454,114.926
4836,147.268,139.964,134.232,128.878,125.418,114.918
4839,147.657,140.168,134.326,128.88,125.424,114.888
4842,148.055,140.381,134.427,128.906,125.416,114.877
4845,148.447,140.616,134.533,128.931,125.387,114.877
4848,148.862,140.834,134.638,128.955,125.385,114.851
4851,149.306,141.091,134.754,128.987,125.387,114.849
4854,149.723,141.35,134.892,129.046,125.394,114.837
4857,150.148,141.61,135.035,129.073,125.391,114.826
4860,150.612,141.875,135.165,129.136,125.404,114.82
4863,151.039,142.16,135.309,129.195,125.422,114.802
4866,151.503,142.436,135.465,129.242,125.432,114.79
4869,151.964,142.742,135.617,129.325,125.456,114.767
4872,152.425,143.032,135.808,129.398,125.495,114.755
4875,152.897,143.339,135.956,129.475,125.524,114.735
4878,153.344,143.637,136.144,129.554,125.548,114.741
4881,153.825,143.941,136.318,129.638,125.587,114.716
4884,154.277,144.262,136.509,129.739,125.648,114.716
4887,154.763,144.582,136.702,129.817,125.67,114.722
4890,155.219,144.889,136.902,129.92,125.735,114.696
4893,155.705,145.201,137.119,130.024,125.771,114.688
4896,156.146,145.532,137.314,130.121,125.822,114.688
4899,156.604,145.869,137.512,130.243,125.895,114.671
4902,157.063,146.167,137.727,130.352,125.944,114.659
4905,157.507,146.518,137.958,130.472,126.009,114.645
4908,157.971,146.822,138.167,130.584,126.088,114.657
4911,158.398,147.156,138.39,130.714,126.158,114.647
4914,158.837,147.501,138.601,130.833,126.241,114.626
4917,159.243,147.805,138.824,130.984,126.306,114.626
4920,159.668,148.115,139.069,131.103,126.397,114.634
4923,160.056,148.432,139.284,131.235,126.47,114.628
4926,160.462,148.755,139.523,131.383,126.558,114.614
4929,160.864,149.068,139.752,131.519,126.645,114.632
4932,161.25,149.371,139.97,131.661,126.735,114.612
4935,161.609,149.67,140.207,131.806,126.836,114.63
4938,161.959,149.983,140.426,131.938,126.936,114.616
4941,162.345,150.283,140.659,132.094,127.04,114.632
4944,162.698,150.56,140.881,132.257,127.117,114.626
4947,163.018,150.868,141.099,132.385,127.217,114.616
4950,163.35,151.145,141.324,132.54,127.329,114.639
4953,163.707,151.435,141.553,132.7,127.438,114.618
4956,164.022,151.71,141.781,132.85,127.532,114.665
4959,164.328,152.013,142.004,133.0,127.658,114.664
4962,164.637,152.275,142.229,133.166,127.763,114.671
4965,164.927,152.548,142.458,133.325,127.872,114.672
4968,165.181,152.786,142.668,133.462,127.992,114.698
4971,165.445,153.046,142.894,133.63,128.117,114.698
4974,165.665,153.296,143.108,133.794,128.229,114.722
4977,165.917,153.549,143.345,133.96,128.365,114.749
4980,166.135,153.78,143.539,134.12,128.483,114.778
4983,166.34,154.019,143.765,134.286,128.599,114.778
4986,166.475,154.196,143.938,134.424,128.711,114.802
4989,166.612,154.377,144.111,134.566,128.811,114.797
4992,166.733,154.549,144.278,134.693,128.92,114.832
4995,166.887,154.763,144.468,134.855,129.044,114.856
4998,166.979,154.931,144.653,134.99,129.179,114.879
5001,167.092,155.093,144.836,135.159,129.289,114.909
5004,167.156,155.235,144.978,135.313,129.396,114.94
5007,167.19,155.354,145.145,135.423,129.532,114.926
5010,167.245,155.457,145.297,135.54,129.614,114.977
5013,167.259,155.576,145.429,135.694,129.74,114.998
5016,167.267,155.701,145.579,135.837,129.854,115.029
5019,167.233,155.77,145.716,135.939,129.95,115.056
5022,167.231,155.839,145.826,136.056,130.072,115.092
5025,167.169,155.898,145.931,136.174,130.187,115.117
5028,167.094,155.978,146.042,136.285,130.275,115.146
5031,167.047,155.984,146.141,136.397,130.384,115.164
5034,166.927,156.034,146.224,136.506,130.478,115.199
5037,166.824,156.039,146.309,136.603,130.575,115.227
5040,166.682,156.037,146.376,136.703,130.685,115.278
5043,166.553,156.042,146.45,136.784,130.758,115.293
5046,166.386,156.028,146.517,136.885,130.857,115.331
5049,166.239,155.981,146.564,136.96,130.94,115.362
5052,166.055,155.953,146.604,137.035,131.011,115.393
5055,165.854,155.914,146.643,137.12,131.109,115.421
5058,165.667,155.848,146.681,137.187,131.168,115.482
5061,165.447,155.787,146.693,137.252,131.253,115.489
5064,165.18,155.714,146.687,137.317,131.334,115.548
5067,164.926,155.628,146.705,137.372,131.393,115.572
5070,164.653,155.537,146.693,137.406,131.466,115.619
5073,164.36,155.401,146.685,137.453,131.527,115.633
5076,164.051,155.273,146.679,137.503,131.584,115.682
5079,163.758,155.126,146.649,137.542,131.644,115.733
5082,163.418,154.984,146.598,137.552,131.703,115.774
5085,163.095,154.817,146.558,137.576,131.742,115.809
5088,162.758,154.659,146.513,137.609,131.797,115.825
5091,162.405,154.487,146.453,137.615,131.827,115.874
5094,162.042,154.29,146.392,137.627,131.878,115.931
5097,161.656,154.104,146.307,137.627,131.908,115.958
5100,161.264,153.898,146.218,137.623,131.949,115.99
5103,160.872,153.673,146.119,137.619,131.961,116.025
5106,160.5,153.454,146.03,137.603,132.004,116.076
5109,160.075,153.237,145.939,137.586,132.014,116.106
5112,159.667,152.985,145.813,137.572,132.036,116.149
5115,159.251,152.74,145.694,137.53,132.046,116.192
5118,158.831,152.485,145.573,137.491,132.048,116.235
5121,158.406,152.24,145.425,137.455,132.054,116.282
5124,157.97,151.982,145.302,137.404,132.044,116.302
5127,157.548,151.713,145.152,137.359,132.05,116.351
5130,157.11,151.446,145.005,137.319,132.038,116.386
5133,156.679,151.155,144.851,137.246,132.028,116.416
5136,156.238,150.882,144.685,137.197,132.014,116.455
5139,155.791,150.596,144.531,137.122,132.004,116.496
5142,155.363,150.308,144.357,137.055,131.996,116.543
5145,154.941,150.016,144.186,136.966,131.951,116.567
5148,154.48,149.711,144.014,136.887,131.933,116.594
5151,154.038,149.413,143.833,136.806,131.892,116.634
5154,153.622,149.114,143.655,136.739,131.866,116.677
5157,153.186,148.819,143.457,136.648,131.827,116.71
5160,152.753,148.515,143.26,136.555,131.76,116.73
5163,152.33,148.214,143.06,136.445,131.736,116.773
5166,151.892,147.926,142.86,136.338,131.683,116.806
5169,151.52,147.617,142.677,136.234,131.628,116.826
5172,151.114,147.308,142.469,136.141,131.575,116.861
5175,150.689,147.015,142.268,136.036,131.517,116.897
5178,150.309,146.717,142.072,135.906,131.462,116.916
5181,149.903,146.435,141.856,135.799,131.399,116.95
5184,149.524,146.12,141.651,135.683,131.322,116.981
5187,149.162,145.847,141.438,135.568,131.275,117.005
5190,148.834,145.557,141.232,135.454,131.206,117.028
5193,148.45,145.267,141.032,135.308,131.141,117.05
5196,148.124,144.99,140.825,135.201,131.062,117.077
5199,147.817,144.725,140.623,135.083,130.979,117.101
5202,147.5,144.455,140.416,134.943,130.912,117.13
5205,147.207,144.189,140.222,134.82,130.825,117.142
5208,146.925,143.916,140.017,134.692,130.747,117.156
5211,146.665,143.687,139.835,134.578,130.67,117.169
5214,146.397,143.46,139.629,134.442,130.571,117.175
5217,146.163,143.217,139.428,134.319,130.498,117.201
5220,145.909,143.005,139.243,134.177,130.413,117.216
5223,145.702,142.752,139.054,134.041,130.328,117.226
5226,145.484,142.553,138.884,133.919,130.234,117.25
5229,145.31,142.359,138.691,133.806,130.143,117.271
5232,145.147,142.165,138.534,133.677,130.043,117.269
5235,144.992,141.98,138.359,133.558,129.975,117.279
5238,144.851,141.792,138.182,133.438,129.873,117.283
5241,144.732,141.627,138.024,133.308,129.778,117.295
5244,144.622,141.464,137.862,133.199,129.702,117.303
5247,144.535,141.341,137.729,133.068,129.614,117.332
5250,144.455,141.211,137.587,132.948,129.524,117.326
5253,144.416,141.084,137.449,132.862,129.436,117.34
5256,144.383,140.975,137.319,132.744,129.36,117.345
5259,144.356,140.869,137.183,132.619,129.271,117.343
5262,144.302,140.751,137.053,132.518,129.181,117.358
5265,144.346,140.668,136.933,132.402,129.095,117.352
5268,144.365,140.594,136.845,132.316,129.009,117.355
5271,144.444,140.577,136.76,132.221,128.955,117.357
5274,144.537,140.511,136.676,132.159,128.865,117.358
5277,144.595,140.491,136.59,132.046,128.78,117.364
5280,144.73,140.463,136.523,131.963,128.715,117.354
5283,144.848,140.464,136.469,131.887,128.647,117.342
5286,144.973,140.466,136.385,131.803,128.564,117.356
5289,145.149,140.505,136.351,131.757,128.511,117.353
5292,145.321,140.544,136.299,131.694,128.428,117.349
5295,145.53,140.587,136.279,131.624,128.38,117.338
5298,145.74,140.629,136.255,131.589,128.321,117.332
5301,145.95,140.703,136.23,131.506,128.266,117.326
5304,146.196,140.778,136.232,131.474,128.193,117.324
5307,146.441,140.869,136.224,131.413,128.15,117.308
5310,146.737,140.98,136.22,131.376,128.107,117.312
5313,146.999,141.085,136.247,131.334,128.053,117.285
5316,147.289,141.206,136.269,131.32,127.998,117.279
5319,147.579,141.358,136.291,131.289,127.951,117.277
5322,147.919,141.51,136.332,131.277,127.927,117.251
5325,148.242,141.659,136.38,131.275,127.908,117.249
5328,148.599,141.828,136.441,131.255,127.853,117.232
5331,148.969,142.021,136.514,131.238,127.835,117.226
5334,149.314,142.203,136.581,131.247,127.817,117.206
5337,149.706,142.405,136.65,131.265,127.786,117.196
5340,150.092,142.612,136.741,131.263,127.756,117.179
5343,150.483,142.827,136.849,131.277,127.746,117.169
5346,150.886,143.043,136.958,131.307,127.738,117.151
5349,151.322,143.272,137.059,131.344,127.727,117.143
5352,151.761,143.521,137.173,131.372,127.73,117.122
5355,152.158,143.794,137.311,131.423,127.752,117.108
5358,152.611,144.048,137.436,131.476,127.742,117.11
5361,153.044,144.3,137.57,131.529,127.756,117.073
5364,153.516,144.595,137.726,131.583,127.764,117.077
5367,153.957,144.855,137.872,131.632,127.78,117.039
5370,154.432,145.145,138.022,131.683,127.807,117.035
5373,154.879,145.465,138.203,131.762,127.819,117.008
5376,155.338,145.744,138.359,131.821,127.849,116.998
5379,155.799,146.031,138.539,131.906,127.876,116.984
5382,156.257,146.341,138.707,131.987,127.9,116.976
5385,156.712,146.658,138.898,132.064,127.941,116.943
5388,157.159,146.957,139.08,132.168,127.973,116.947
5391,157.629,147.269,139.271,132.267,128.008,116.914
5394,158.054,147.573,139.457,132.346,128.053,116.906
5397,158.556,147.896,139.672,132.456,128.134,116.884
5400,158.989,148.211,139.872,132.56,128.183,116.902
5403,159.431,148.545,140.099,132.663,128.24,116.872
5406,159.892,148.871,140.32,132.791,128.294,116.874
5409,160.325,149.2,140.538,132.917,128.378,116.845
5412,160.778,149.525,140.749,133.032,128.461,116.849
5415,161.153,149.824,140.963,133.146,128.508,116.827
5418,161.566,150.146,141.188,133.282,128.585,116.816
5421,161.947,150.471,141.409,133.426,128.676,116.825
5424,162.341,150.757,141.635,133.554,128.754,116.823
5427,162.73,151.06,141.87,133.698,128.847,116.794
5430,163.098,151.382,142.097,133.838,128.926,116.8
5433,163.493,151.679,142.299,133.966,129.03,116.802
5436,163.886,151.962,142.526,134.114,129.126,116.796
5439,164.237,152.282,142.757,134.248,129.203,116.798
5442,164.6,152.557,142.976,134.404,129.29,116.792
5445,164.942,152.873,143.214,134.551,129.394,116.798
5448,165.305,153.157,143.431,134.697,129.499,116.794
5451,165.608,153.44,143.66,134.841,129.603,116.812
5454,165.96,153.726,143.88,134.986,129.705,116.812
5457,166.224,153.99,144.095,135.132,129.814,116.814
5460,166.536,154.267,144.326,135.295,129.934,116.8
5463,166.821,154.534,144.53,135.436,130.034,116.823
5466,167.097,154.778,144.75,135.599,130.139,116.819
5469,167.359,155.039,144.961,135.74,130.239,116.839
5472,167.59,155.264,145.171,135.901,130.346,116.837
5475,167.818,155.5,145.379,136.045,130.466,116.855
5478,168.019,155.731,145.571,136.203,130.576,116.853
5481,168.2,155.956,145.763,136.345,130.685,116.888
5484,168.373,156.147,145.958,136.497,130.803,116.886
5487,168.546,156.345,146.14,136.64,130.898,116.894
5490,168.685,156.542,146.311,136.78,131.018,116.916
5493,168.808,156.725,146.516,136.906,131.126,116.933
5496,168.933,156.878,146.667,137.056,131.229,116.945
5499,169.031,157.017,146.837,137.178,131.339,116.965
5502,169.103,157.169,146.993,137.328,131.475,116.996
5505,169.156,157.311,147.157,137.457,131.572,116.994
5508,169.198,157.428,147.298,137.579,131.676,117.02
5511,169.237,157.544,147.446,137.715,131.779,117.029
5514,169.228,157.641,147.567,137.842,131.889,117.069
5517,169.226,157.719,147.695,137.956,131.996,117.077
5520,169.206,157.791,147.822,138.073,132.092,117.102
5523,169.159,157.897,147.921,138.181,132.191,117.128
5526,169.111,157.927,148.041,138.294,132.295,117.161
5529,169.061,157.958,148.132,138.404,132.398,117.181
5532,168.967,157.997,148.221,138.493,132.48,117.216
5535,168.845,158.015,148.298,138.601,132.583,117.249
5538,168.742,158.021,148.373,138.696,132.66,117.269
5541,168.589,158.02,148.439,138.776,132.756,117.285
5544,168.411,158.004,148.506,138.849,132.841,117.318
5547,168.263,157.992,148.562,138.944,132.918,117.332
5550,168.104,157.942,148.596,139.028,133.018,117.381
5553,167.909,157.91,148.64,139.112,133.087,117.424
5556,167.73,157.851,148.679,139.175,133.154,117.442
5559,167.461,157.765,148.686,139.227,133.245,117.5
5562,167.271,157.72,148.708,139.303,133.324,117.517
5565,167.018,157.618,148.71,139.329,133.383,117.548
5568,166.792,157.531,148.699,139.394,133.458,117.582
5571,166.486,157.4,148.678,139.437,133.507,117.614
5574,166.191,157.291,148.661,139.474,133.56,117.65
5577,165.895,157.172,148.648,139.52,133.624,117.668
5580,165.575,157.028,148.615,139.552,133.685,117.737
5583,165.262,156.909,148.593,139.589,133.755,117.771
5586,164.938,156.753,148.557,139.611,133.781,117.799
5589,164.621,156.598,148.516,139.64,133.842,117.875
5592,164.248,156.403,148.455,139.662,133.889,117.898
5595,163.874,156.222,148.391,139.661,133.933,117.936
5598,163.475,156.011,148.304,139.647,133.957,117.978
5601,163.112,155.842,148.231,139.669,134.006,118.024
5604,162.727,155.608,148.15,139.663,134.034,118.053
5607,162.295,155.347,148.013,139.618,134.03,118.099
5610,161.887,155.125,147.91,139.608,134.048,118.131
5613,161.487,154.864,147.789,139.56,134.058,118.166
5616,161.034,154.622,147.669,139.533,134.071,118.212
5619,160.653,154.373,147.553,139.502,134.072,118.225
5622,160.203,154.121,147.401,139.461,134.082,118.28
5625,159.781,153.873,147.264,139.421,134.086,118.333
5628,159.323,153.587,147.13,139.37,134.076,118.357
5631,158.907,153.313,146.973,139.314,134.066,118.388
5634,158.475,153.023,146.824,139.262,134.049,118.444
5637,158.023,152.743,146.639,139.178,134.019,118.461
5640,157.568,152.446,146.469,139.105,134.009,118.488
5643,157.129,152.138,146.305,139.048,133.97,118.549
5646,156.677,151.879,146.14,138.972,133.955,118.56
5649,156.262,151.568,145.956,138.895,133.939,118.583
5652,155.843,151.271,145.766,138.804,133.911,118.644
5655,155.398,150.982,145.584,138.704,133.864,118.668
5658,154.96,150.693,145.396,138.619,133.831,118.699
5661,154.521,150.374,145.198,138.514,133.777,118.727
5664,154.115,150.063,145.012,138.423,133.726,118.766
5667,153.693,149.782,144.809,138.319,133.689,118.789
5670,153.271,149.459,144.589,138.208,133.624,118.827
5673,152.866,149.152,144.403,138.092,133.559,118.848
5676,152.455,148.846,144.193,137.987,133.499,118.882
5679,152.085,148.564,143.982,137.855,133.444,118.899
5682,151.669,148.257,143.774,137.746,133.377,118.911
5685,151.313,147.965,143.563,137.628,133.298,118.956
5688,150.955,147.658,143.357,137.504,133.245,118.964
5691,150.594,147.39,143.134,137.383,133.16,118.982
5694,150.236,147.108,142.921,137.259,133.07,119.021
5697,149.914,146.829,142.717,137.123,132.993,119.015
5700,149.598,146.556,142.512,136.996,132.918,119.068
5703,149.305,146.28,142.302,136.868,132.829,119.058
5706,148.968,146.017,142.083,136.732,132.756,119.082
5709,148.695,145.727,141.895,136.594,132.673,119.115
5712,148.41,145.498,141.699,136.475,132.595,119.133
5715,148.167,145.247,141.5,136.333,132.506,119.137
5718,147.927,145.023,141.308,136.205,132.415,119.158
5721,147.706,144.785,141.122,136.082,132.321,119.141
5724,147.482,144.578,140.925,135.954,132.228,119.164
5727,147.292,144.36,140.749,135.822,132.145,119.168
5730,147.107,144.167,140.573,135.684,132.058,119.188
5733,146.947,143.965,140.399,135.565,131.964,119.198
5736,146.784,143.808,140.223,135.439,131.867,119.209
5739,146.648,143.623,140.061,135.309,131.784,119.227
5742,146.554,143.457,139.911,135.194,131.7,119.209
5745,146.46,143.308,139.737,135.072,131.597,119.217
5748,146.364,143.153,139.597,134.955,131.506,119.231
5751,146.325,143.054,139.454,134.845,131.424,119.225
5754,146.256,142.927,139.318,134.722,131.345,119.243
5757,146.228,142.802,139.188,134.614,131.244,119.231
5760,146.231,142.703,139.054,134.498,131.159,119.231
5763,146.237,142.631,138.935,134.397,131.081,119.245
5766,146.256,142.554,138.84,134.291,130.996,119.231
5769,146.317,142.487,138.744,134.2,130.921,119.241
5772,146.358,142.468,138.629,134.105,130.84,119.241
5775,146.452,142.421,138.554,134.003,130.736,119.221
5778,146.543,142.38,138.463,133.92,130.655,119.231
5781,146.637,142.333,138.379,133.833,130.586,119.219
5784,146.784,142.363,138.321,133.758,130.517,119.215
5787,146.916,142.369,138.27,133.672,130.42,119.194
5790,147.068,142.371,138.201,133.595,130.367,119.201
5793,147.245,142.418,138.181,133.536,130.292,119.188
5796,147.416,142.443,138.122,133.449,130.215,119.178
5799,147.643,142.49,138.1,133.402,130.148,119.158
5802,147.852,142.573,138.075,133.342,130.091,119.143
5805,148.09,142.637,138.071,133.289,130.032,119.135
5808,148.347,142.744,138.063,133.24,129.967,119.119
5811,148.615,142.849,138.069,133.202,129.931,119.115
5814,148.888,142.962,138.102,133.177,129.882,119.099
5817,149.195,143.09,138.108,133.141,129.833,119.074
5820,149.504,143.225,138.142,133.11,129.778,119.072
5823,149.836,143.369,138.191,133.104,129.746,119.05
5826,150.186,143.531,138.238,133.084,129.711,119.023
5829,150.525,143.714,138.288,133.084,129.677,119.007
5832,150.902,143.891,138.363,133.068,129.646,119.001
5835,151.266,144.078,138.426,133.076,129.618,118.984
5838,151.633,144.28,138.503,133.078,129.596,118.952
5841,152.027,144.493,138.615,133.096,129.579,118.929
5844,152.438,144.711,138.708,133.118,129.563,118.927
5847,152.863,144.946,138.803,133.143,129.559,118.907
5850,153.28,145.172,138.904,133.167,129.543,118.882
5853,153.702,145.429,139.034,133.199,129.543,118.878
5856,154.135,145.686,139.164,133.238,129.539,118.848
5859,154.574,145.934,139.294,133.285,129.549,118.836
5862,155.029,146.211,139.435,133.323,129.545,118.807
5865,155.471,146.481,139.583,133.396,129.577,118.803
5868,155.923,146.785,139.745,133.443,129.585,118.791
5871,156.412,147.07,139.903,133.518,129.602,118.748
5874,156.859,147.36,140.071,133.575,129.632,118.738
5877,157.331,147.666,140.241,133.66,129.656,118.734
5880,157.795,147.965,140.435,133.739,129.697,118.699
5883,158.27,148.274,140.612,133.825,129.732,118.691
5886,158.734,148.581,140.803,133.924,129.756,118.685
5889,159.206,148.892,140.977,134.008,129.805,118.658
5892,159.696,149.202,141.182,134.114,129.85,118.644
5895,160.137,149.536,141.38,134.193,129.897,118.638
5898,160.606,149.85,141.595,134.299,129.935,118.615
5901,161.046,150.169,141.814,134.408,130.015,118.611
5904,161.485,150.493,141.999,134.524,130.056,118.591
5907,161.905,150.808,142.222,134.651,130.112,118.591
5910,162.344,151.13,142.435,134.768,130.198,118.564
5913,162.76,151.477,142.663,134.896,130.267,118.544
5916,163.166,151.785,142.88,135.015,130.34,118.55
5919,163.582,152.11,143.119,135.155,130.399,118.536
5922,163.975,152.403,143.334,135.269,130.486,118.524
5925,164.379,152.725,143.552,135.411,130.569,118.524
5928,164.811,153.028,143.779,135.555,130.659,118.505
5931,165.196,153.336,143.998,135.695,130.752,118.501
5934,165.578,153.656,144.224,135.831,130.827,118.503
5937,165.954,153.972,144.455,135.958,130.92,118.475
5940,166.325,154.253,144.682,136.112,131.03,118.493
5943,166.681,154.555,144.912,136.25,131.105,118.491
5946,167.041,154.853,145.128,136.396,131.207,118.495
5949,167.408,155.17,145.36,136.553,131.305,118.496
5952,167.734,155.488,145.602,136.72,131.428,118.488
5955,168.087,155.73,145.83,136.87,131.532,118.498
5958,168.355,155.997,146.043,137.005,131.622,118.494
5961,168.645,156.275,146.252,137.157,131.731,118.494
5964,168.954,156.547,146.487,137.32,131.858,118.494
5967,169.221,156.794,146.715,137.468,131.959,118.526
5970,169.471,157.077,146.934,137.637,132.08,118.527
5973,169.721,157.314,147.151,137.792,132.197,118.536
5976,169.966,157.547,147.36,137.962,132.298,118.562
5979,170.169,157.772,147.56,138.094,132.396,118.557
5982,170.313,157.964,147.732,138.222,132.509,118.56
5985,170.459,158.144,147.9,138.341,132.608,118.561
5988,170.618,158.375,148.104,138.505,132.737,118.573
5991,170.8,158.557,148.307,138.663,132.851,118.592
5994,170.943,158.749,148.495,138.825,132.987,118.631
5997,171.06,158.922,148.666,138.966,133.094,118.651
6000,171.132,159.066,148.842,139.113,133.2,118.674
6003,171.243,159.218,149.014,139.248,133.329,118.679
6006,171.301,159.354,149.156,139.394,133.432,118.704
6009,171.34,159.485,149.317,139.51,133.54,118.726
6012,171.341,159.577,149.434,139.64,133.642,118.751
6015,171.349,159.685,149.575,139.756,133.754,118.768
6018,171.313,159.755,149.699,139.871,133.853,118.796
6021,171.326,159.865,149.826,140.004,133.97,118.824
6024,171.273,159.932,149.948,140.119,134.076,118.848
6027,171.212,159.982,150.061,140.244,134.169,118.869
6030,171.145,160.01,150.138,140.338,134.268,118.873
6033,171.023,160.046,150.235,140.441,134.368,118.938
6036,170.914,160.054,150.319,140.536,134.445,118.936
6039,170.794,160.076,150.378,140.625,134.538,118.967
6042,170.621,160.037,150.459,140.72,134.617,118.995
6045,170.49,160.023,150.513,140.801,134.717,119.036
6048,170.301,160.001,150.566,140.876,134.814,119.054
6051,170.097,159.954,150.602,140.953,134.885,119.089
6054,169.894,159.918,150.633,141.03,134.946,119.12
6057,169.677,159.832,150.663,141.101,135.033,119.152
6060,169.426,159.754,150.663,141.151,135.106,119.175
6063,169.158,159.671,150.669,141.218,135.165,119.217
6066,168.916,159.56,150.667,141.253,135.224,119.248
6069,168.629,159.457,150.655,141.313,135.307,119.281
6072,168.358,159.346,150.653,141.348,135.351,119.315
6075,168.094,159.207,150.612,141.372,135.4,119.35
6078,167.773,159.082,150.59,141.41,135.471,119.391
6081,167.456,158.921,150.546,141.437,135.528,119.415
6084,167.11,158.763,150.499,141.453,135.558,119.442
6087,166.77,158.588,150.449,141.469,135.605,119.487
6090,166.41,158.404,150.384,141.465,135.641,119.521
6093,166.037,158.232,150.311,141.463,135.653,119.548
6096,165.664,158.027,150.227,141.485,135.694,119.591
6099,165.26,157.807,150.134,141.455,135.714,119.611
6102,164.861,157.585,150.037,141.451,135.738,119.652
6105,164.451,157.36,149.95,141.433,135.759,119.684
6108,164.045,157.127,149.826,141.415,135.769,119.733
6111,163.629,156.872,149.709,141.38,135.789,119.75
6114,163.181,156.647,149.584,141.34,135.789,119.782
6117,162.754,156.374,149.457,141.307,135.789,119.813
6120,162.332,156.119,149.321,141.267,135.797,119.843
6123,161.871,155.836,149.17,141.212,135.783,119.884
6126,161.441,155.569,149.034,141.157,135.779,119.911
6129,160.983,155.297,148.867,141.101,135.771,119.927
6132,160.552,155.003,148.705,141.03,135.763,119.978
6135,160.1,154.711,148.545,140.957,135.726,120.011
6138,159.658,154.417,148.365,140.894,135.72,120.017
6141,159.189,154.136,148.183,140.807,135.665,120.072
6144,158.753,153.839,148.005,140.726,135.643,120.086
6147,158.295,153.525,147.827,140.639,135.621,120.125
6150,157.847,153.198,147.641,140.552,135.572,120.147
6153,157.389,152.887,147.437,140.449,135.53,120.194
6156,156.962,152.592,147.251,140.36,135.487,120.19
6159,156.528,152.292,147.059,140.255,135.428,120.233
6162,156.092,151.967,146.848,140.153,135.394,120.278
6165,155.659,151.673,146.64,140.05,135.327,120.294
6168,155.248,151.329,146.434,139.933,135.278,120.302
6171,154.837,151.054,146.228,139.827,135.228,120.343
6174,154.423,150.746,146.011,139.712,135.169,120.363
6177,154.015,150.446,145.807,139.574,135.082,120.386
6180,153.615,150.124,145.593,139.469,135.023,120.398
6183,153.243,149.818,145.366,139.354,134.958,120.43
6186,152.857,149.519,145.16,139.22,134.893,120.436
6189,152.502,149.246,144.962,139.098,134.812,120.471
6192,152.152,148.939,144.745,138.975,134.727,120.491
6195,151.802,148.669,144.515,138.847,134.65,120.508
6198,151.488,148.392,144.331,138.707,134.571,120.514
6201,151.147,148.1,144.108,138.581,134.488,120.534
6204,150.844,147.862,143.898,138.45,134.404,120.544
6207,150.547,147.591,143.689,138.316,134.313,120.587
6210,150.269,147.34,143.499,138.172,134.222,120.583
6213,149.997,147.075,143.294,138.046,134.145,120.593
6216,149.742,146.848,143.088,137.91,134.051,120.609
6219,149.509,146.583,142.888,137.779,133.968,120.63
6222,149.286,146.368,142.693,137.645,133.862,120.626
6225,149.081,146.15,142.507,137.511,133.761,120.64
6228,148.871,145.962,142.327,137.375,133.67,120.64
6231,148.697,145.724,142.141,137.256,133.586,120.662
6234,148.532,145.536,141.962,137.116,133.479,120.65
6237,148.374,145.373,141.796,136.994,133.392,120.65
6240,148.255,145.183,141.624,136.863,133.298,120.66
6243,148.137,145.034,141.448,136.739,133.203,120.662
6246,148.04,144.871,141.298,136.607,133.093,120.654
6249,147.943,144.738,141.157,136.494,133.004,120.677
6252,147.896,144.589,140.995,136.358,132.905,120.673
6255,147.836,144.462,140.854,136.235,132.812,120.662
6258,147.789,144.346,140.73,136.121,132.71,120.654
6261,147.795,144.247,140.589,136.003,132.631,120.656
6264,147.814,144.169,140.472,135.904,132.541,120.642
6267,147.82,144.083,140.348,135.777,132.442,120.638
6270,147.864,144.022,140.241,135.686,132.367,120.632
6273,147.922,143.948,140.146,135.572,132.262,120.638
6276,147.997,143.901,140.026,135.483,132.185,120.626
6279,148.064,143.886,139.956,135.388,132.1,120.607
6282,148.182,143.861,139.895,135.289,132.016,120.587
6285,148.304,143.844,139.818,135.224,131.957,120.587
6288,148.456,143.855,139.754,135.131,131.866,120.581
6291,148.591,143.872,139.699,135.064,131.791,120.565
6294,148.79,143.914,139.655,134.999,131.714,120.548
6297,148.976,143.943,139.625,134.912,131.657,120.563
6300,149.183,143.99,139.581,134.856,131.578,120.526
6303,149.424,144.062,139.577,134.807,131.513,120.514
6306,149.656,144.159,139.561,134.749,131.463,120.493
6309,149.916,144.278,139.563,134.714,131.402,120.479
6312,150.222,144.37,139.567,134.658,131.351,120.469
6315,150.5,144.478,139.587,134.633,131.29,120.441
6318,150.819,144.622,139.599,134.591,131.244,120.426
6321,151.144,144.768,139.636,134.574,131.185,120.408
6324,151.458,144.912,139.678,134.53,131.15,120.404
6327,151.851,145.1,139.757,134.566,131.134,120.41
6330,152.233,145.305,139.829,134.549,131.124,120.365
6333,152.614,145.49,139.894,134.557,131.075,120.361
6336,152.972,145.703,139.977,134.56,131.057,120.329
6339,153.388,145.901,140.067,134.565,131.035,120.33
6342,153.799,146.133,140.172,134.581,131.013,120.318
6345,154.2,146.352,140.268,134.622,131.002,120.297
6348,154.636,146.577,140.36,134.638,130.985,120.267
6351,155.026,146.834,140.484,134.652,130.985,120.248
6354,155.462,147.077,140.607,134.69,130.962,120.241
6357,155.941,147.363,140.768,134.758,130.992,120.23
6360,156.39,147.625,140.902,134.803,130.996,120.214
6363,156.851,147.904,141.039,134.847,131.005,120.191
6366,157.293,148.164,141.207,134.908,131.011,120.163
6369,157.756,148.468,141.345,134.953,131.031,120.152
6372,158.217,148.762,141.516,135.047,131.064,120.136
6375,158.686,149.023,141.667,135.08,131.076,120.083
6378,159.12,149.346,141.849,135.178,131.092,120.087
6381,159.586,149.63,142.019,135.249,131.124,120.073
6384,160.056,149.929,142.182,135.311,131.141,120.039
6387,160.505,150.246,142.398,135.411,131.185,120.01
6390,160.961,150.566,142.59,135.498,131.234,120.01
6393,161.422,150.898,142.799,135.608,131.29,120.013
6396,161.888,151.203,143.001,135.71,131.334,119.979
6399,162.304,151.528,143.204,135.809,131.387,119.962
6402,162.735,151.85,143.402,135.929,131.448,119.962
6405,163.155,152.15,143.607,136.04,131.493,119.956
6408,163.609,152.475,143.817,136.148,131.568,119.905
6411,164.022,152.786,144.042,136.265,131.618,119.901
6414,164.434,153.089,144.263,136.387,131.712,119.907
6417,164.836,153.408,144.479,136.515,131.791,119.87
6420,165.256,153.711,144.701,136.632,131.838,119.877
6423,165.641,154.025,144.896,136.774,131.931,119.856
6426,166.059,154.344,145.126,136.902,132.004,119.846
6429,166.438,154.652,145.365,137.029,132.079,119.832
6432,166.817,154.936,145.575,137.165,132.168,119.832
6435,167.207,155.23,145.808,137.297,132.26,119.836
6438,167.578,155.516,146.012,137.451,132.341,119.813
6441,167.923,155.83,146.232,137.585,132.418,119.819
6444,168.291,156.124,146.449,137.733,132.53,119.822
6447,168.615,156.402,146.683,137.883,132.621,119.813
6450,168.943,156.691,146.892,138.014,132.72,119.817
6453,169.272,156.946,147.118,138.164,132.816,119.813
6456,169.562,157.235,147.345,138.294,132.919,119.811
6459,169.852,157.504,147.545,138.454,133.017,119.801
6462,170.125,157.757,147.765,138.604,133.12,119.813
6465,170.379,157.996,147.965,138.76,133.222,119.813
6468,170.671,158.243,148.178,138.896,133.337,119.824
6471,170.869,158.476,148.384,139.048,133.443,119.826
6474,171.117,158.715,148.578,139.188,133.542,119.836
6477,171.301,158.926,148.78,139.334,133.672,119.844
6480,171.496,159.146,148.972,139.484,133.76,119.846
6483,171.694,159.351,149.172,139.622,133.867,119.868
6486,171.836,159.554,149.356,139.767,133.981,119.885
6489,171.975,159.726,149.538,139.911,134.094,119.883
6492,172.117,159.907,149.71,140.053,134.2,119.893
6495,172.209,160.084,149.886,140.186,134.31,119.913
6498,172.29,160.215,150.055,140.33,134.429,119.934
6501,172.363,160.368,150.203,140.447,134.531,119.942
6504,172.427,160.515,150.348,140.581,134.634,119.958
6507,172.466,160.648,150.514,140.721,134.752,119.976
6510,172.51,160.731,150.631,140.84,134.849,119.989
6513,172.524,160.826,150.781,140.964,134.961,120.015
6516,172.524,160.912,150.912,141.091,135.058,120.044
6519,172.494,160.998,151.017,141.19,135.151,120.056
6522,172.441,161.07,151.124,141.312,135.257,120.074
6525,172.36,161.123,151.219,141.429,135.362,120.121
6528,172.313,161.156,151.33,141.524,135.447,120.142
6531,172.212,161.184,151.429,141.614,135.555,120.154
6534,172.09,161.198,151.492,141.717,135.638,120.205
6537,171.961,161.201,151.581,141.826,135.727,120.213
6540,171.828,161.198,151.633,141.887,135.816,120.26
6543,171.666,161.176,151.688,141.99,135.889,120.264
6546,171.471,161.159,151.745,142.063,135.984,120.297
6549,171.29,161.106,151.795,142.138,136.063,120.329
6552,171.092,161.067,151.819,142.217,136.154,120.347
6555,170.858,160.998,151.856,142.278,136.219,120.378
6558,170.627,160.92,151.87,142.346,136.288,120.429
6561,170.409,160.837,151.88,142.389,136.355,120.445
6564,170.147,160.74,151.872,142.439,136.432,120.476
6567,169.852,160.615,151.87,142.504,136.493,120.516
6570,169.587,160.495,151.844,142.527,136.542,120.545
6573,169.281,160.356,151.819,142.567,136.615,120.573
6576,168.968,160.229,151.779,142.585,136.643,120.61
6579,168.659,160.093,151.753,142.618,136.706,120.663
6582,168.322,159.929,151.7,142.65,136.748,120.683
6585,167.999,159.768,151.656,142.654,136.799,120.716
6588,167.634,159.596,151.589,142.672,136.827,120.746
6591,167.271,159.396,151.522,142.674,136.868,120.791
6594,166.903,159.201,151.45,142.67,136.909,120.83
6597,166.513,159.004,151.369,142.682,136.933,120.862
6600,166.126,158.782,151.278,142.666,136.971,120.897
6603,165.727,158.59,151.181,142.644,136.981,120.938
6606,165.298,158.351,151.06,142.628,137.014,120.952
6609,164.894,158.104,150.959,142.593,137.016,120.991
6612,164.49,157.871,150.841,142.579,137.028,121.033
6615,164.064,157.599,150.707,142.531,137.033,121.074
6618,163.641,157.352,150.577,142.507,137.024,121.105
6621,163.192,157.097,150.43,142.454,137.035,121.147
6624,162.762,156.838,150.31,142.413,137.04,121.174
6627,162.321,156.541,150.143,142.345,137.035,121.217
6630,161.861,156.273,149.99,142.282,137.014,121.239
6633,161.439,155.999,149.808,142.22,136.98,121.274
6636,160.975,155.692,149.639,142.135,136.972,121.31
6639,160.509,155.39,149.469,142.064,136.927,121.351
6642,160.03,155.073,149.293,141.992,136.914,121.369
6645,159.594,154.773,149.107,141.897,136.887,121.414
6648,159.158,154.492,148.919,141.826,136.865,121.445
6651,158.719,154.161,148.73,141.741,136.816,121.465
6654,158.288,153.859,148.553,141.646,136.772,121.506
6657,157.858,153.537,148.336,141.541,136.731,121.504
6660,157.4,153.255,148.149,141.434,136.687,121.565
6663,156.975,152.936,147.942,141.333,136.626,121.579
6666,156.57,152.658,147.752,141.223,136.592,121.607
6669,156.131,152.322,147.54,141.136,136.537,121.64
6672,155.715,152.036,147.346,141.003,136.462,121.662
6675,155.348,151.717,147.119,140.903,136.403,121.671
6678,154.923,151.397,146.915,140.77,136.336,121.719
6681,154.559,151.118,146.718,140.667,136.274,121.723
6684,154.197,150.848,146.511,140.551,136.193,121.769
6687,153.839,150.545,146.308,140.436,136.14,121.802
6690,153.456,150.267,146.082,140.31,136.069,121.803
6693,153.15,149.984,145.874,140.162,135.984,121.826
6696,152.812,149.729,145.689,140.059,135.931,121.865
6699,152.495,149.472,145.501,139.976,135.869,121.888
6702,152.203,149.196,145.287,139.843,135.78,121.898
6705,151.906,148.93,145.077,139.699,135.701,121.921
6708,151.611,148.682,144.874,139.57,135.61,121.941
6711,151.361,148.444,144.684,139.428,135.535,121.947
6714,151.1,148.194,144.487,139.313,135.435,121.983
6717,150.858,147.98,144.304,139.183,135.367,121.999
6720,150.632,147.759,144.105,139.057,135.267,122.017
6723,150.438,147.527,143.933,138.909,135.176,121.999
6726,150.213,147.331,143.745,138.785,135.079,122.033
6729,150.032,147.113,143.565,138.664,135.004,122.031
6732,149.866,146.922,143.381,138.522,134.898,122.042
6735,149.694,146.715,143.2,138.39,134.807,122.05
6738,149.556,146.547,143.034,138.287,134.716,122.04
6741,149.448,146.395,142.873,138.149,134.617,122.052
6744,149.34,146.232,142.711,138.017,134.527,122.068
6747,149.241,146.094,142.547,137.904,134.43,122.06
6750,149.147,145.928,142.415,137.786,134.332,122.06
6753,149.122,145.798,142.267,137.66,134.243,122.07
6756,149.078,145.702,142.138,137.553,134.16,122.068
6759,149.078,145.591,142.004,137.443,134.077,122.076
6762,149.056,145.494,141.883,137.328,133.969,122.066
6765,149.086,145.412,141.753,137.223,133.894,122.064
6768,149.1,145.345,141.654,137.117,133.797,122.07
6771,149.15,145.276,141.54,137.018,133.709,122.06
6774,149.23,145.238,141.47,136.923,133.632,122.046
6777,149.288,145.221,141.383,136.821,133.549,122.058
6780,149.423,145.174,141.296,136.73,133.454,122.031
6783,149.517,145.174,141.227,136.639,133.381,122.048
6786,149.664,145.171,141.162,136.572,133.318,122.017
6789,149.813,145.191,141.105,136.487,133.243,122.013
6792,149.971,145.221,141.057,136.422,133.18,122.009
6795,150.171,145.235,141.018,136.365,133.103,121.981
6798,150.366,145.301,141.004,136.304,133.034,121.978
6801,150.591,145.367,140.966,136.244,132.975,121.964
6804,150.832,145.442,140.955,136.195,132.926,121.944
6807,151.079,145.528,140.943,136.142,132.849,121.958
6810,151.368,145.622,140.947,136.098,132.8,121.946
6813,151.626,145.743,140.953,136.061,132.741,121.928
6816,151.896,145.87,140.984,136.023,132.709,121.915
6819,152.221,145.994,141.008,136.004,132.654,121.877
6822,152.54,146.146,141.038,135.964,132.618,121.869
6825,152.882,146.293,141.085,135.962,132.575,121.848
6828,153.245,146.478,141.136,135.929,132.524,121.842
6831,153.598,146.655,141.213,135.944,132.498,121.834
6834,153.948,146.82,141.275,135.931,132.475,121.801
6837,154.328,147.033,141.346,135.931,132.455,121.781
6840,154.731,147.235,141.433,135.944,132.433,121.771
6843,155.114,147.428,141.524,135.972,132.413,121.738
6846,155.509,147.685,141.634,135.976,132.39,121.724
6849,155.903,147.9,141.729,136.021,132.372,121.702
6852,156.333,148.124,141.85,136.039,132.36,121.696
6855,156.742,148.364,141.968,136.063,132.372,121.655
6858,157.18,148.624,142.099,136.112,132.366,121.632
6861,157.616,148.886,142.227,136.152,132.37,121.622
6864,158.047,149.157,142.383,136.223,132.378,121.602
6867,158.497,149.425,142.522,136.256,132.388,121.577
6870,158.949,149.723,142.68,136.312,132.404,121.563
6873,159.399,150.006,142.844,136.4,132.423,121.539
6876,159.852,150.287,142.99,136.442,132.449,121.531
6879,160.313,150.587,143.166,136.517,132.471,121.504
6882,160.763,150.901,143.342,136.604,132.516,121.488
6885,161.229,151.173,143.518,136.696,132.532,121.474
6888,161.682,151.511,143.717,136.777,132.573,121.451
6891,162.11,151.789,143.905,136.872,132.607,121.445
6894,162.573,152.125,144.093,136.975,132.664,121.419
6897,163.021,152.422,144.306,137.075,132.719,121.4
6900,163.442,152.731,144.516,137.184,132.778,121.402
6903,163.907,153.055,144.7,137.287,132.829,121.392
6906,164.334,153.341,144.92,137.381,132.892,121.374
6909,164.794,153.7,145.133,137.506,132.954,121.368
6912,165.198,153.994,145.339,137.622,133.015,121.345
6915,165.624,154.319,145.557,137.752,133.084,121.321
6918,166.014,154.627,145.782,137.879,133.151,121.341
6921,166.435,154.944,146.0,138.021,133.239,121.319
6924,166.836,155.249,146.213,138.135,133.32,121.307
6927,167.235,155.552,146.441,138.26,133.397,121.301
6930,167.63,155.874,146.672,138.406,133.478,121.299
6933,168.015,156.171,146.872,138.536,133.571,121.282
6936,168.394,156.454,147.106,138.678,133.667,121.28
6939,168.77,156.785,147.333,138.82,133.738,121.295
6942,169.138,157.068,147.553,138.964,133.856,121.29
6945,169.498,157.346,147.79,139.108,133.931,121.278
6948,169.84,157.662,147.99,139.245,134.034,121.293
6951,170.164,157.937,148.225,139.389,134.121,121.27
6954,170.487,158.218,148.463,139.547,134.221,121.276
6957,170.791,158.485,148.662,139.691,134.325,121.284
6960,171.084,158.75,148.877,139.825,134.44,121.262
6963,171.363,159.014,149.087,139.983,134.538,121.288
6966,171.628,159.27,149.305,140.137,134.651,121.272
6969,171.865,159.509,149.498,140.273,134.743,121.282
6972,172.105,159.73,149.7,140.427,134.852,121.286
6975,172.334,159.952,149.899,140.551,134.964,121.295
6978,172.529,160.188,150.099,140.703,135.06,121.293
6981,172.699,160.387,150.281,140.849,135.175,121.313
6984,172.875,160.601,150.455,141.004,135.278,121.323
6987,173.034,160.768,150.661,141.134,135.376,121.323
6990,173.168,160.971,150.837,141.264,135.489,121.333
6993,173.276,161.134,151.013,141.42,135.601,121.356
6996,173.402,161.293,151.182,141.547,135.702,121.36
6999,173.488,161.454,151.34,141.675,135.816,121.384
7002,173.555,161.583,151.498,141.803,135.923,121.394
7005,173.608,161.73,151.637,141.944,136.023,121.398
7008,173.647,161.85,151.795,142.066,136.128,121.419
7011,173.684,161.944,151.936,142.204,136.242,121.451
7014,173.675,162.058,152.06,142.313,136.347,121.451
7017,173.684,162.133,152.199,142.434,136.444,121.5
7020,173.639,162.213,152.314,142.538,136.544,121.5
7023,173.581,162.261,152.423,142.665,136.633,121.51
7026,173.539,162.311,152.525,142.768,136.736,121.555
7029,173.469,162.355,152.619,142.88,136.838,121.584
7032,173.377,162.424,152.702,142.971,136.939,121.592
7035,173.252,162.397,152.785,143.058,137.01,121.612
7038,173.143,162.405,152.858,143.159,137.105,121.655
7041,172.97,162.413,152.919,143.246,137.19,121.657
7044,172.816,162.406,152.984,143.33,137.288,121.703
7047,172.635,162.353,153.023,143.417,137.372,121.721
7050,172.434,162.323,153.075,143.482,137.441,121.756
7053,172.231,162.273,153.113,143.561,137.528,121.793
7056,171.986,162.175,153.11,143.606,137.581,121.82
7059,171.727,162.094,153.127,143.671,137.652,121.836
7062,171.504,162.011,153.135,143.724,137.717,121.852
7065,171.212,161.908,153.137,143.783,137.79,121.893
7068,170.941,161.794,153.117,143.819,137.851,121.913
7071,170.665,161.676,153.111,143.881,137.921,121.953
7074,170.382,161.573,153.101,143.924,137.999,122.038
7077,170.074,161.472,153.112,143.987,138.083,122.066
7080,169.798,161.315,153.05,144.005,138.11,122.103
7083,169.439,161.139,152.985,144.008,138.139,122.111
7086,169.092,160.951,152.926,144.013,138.167,122.143
7089,168.751,160.789,152.864,144.014,138.225,122.183
7092,168.391,160.604,152.81,144.031,138.264,122.227
7095,168.036,160.386,152.724,144.018,138.279,122.253
7098,167.61,160.204,152.648,144.037,138.323,122.284
7101,167.212,159.959,152.557,144.005,138.339,122.337
7104,166.813,159.771,152.452,144.007,138.366,122.362
7107,166.42,159.548,152.342,143.977,138.379,122.398
7110,166.01,159.303,152.233,143.957,138.385,122.45
7113,165.605,159.087,152.14,143.941,138.426,122.492
7116,165.2,158.82,152.004,143.906,138.428,122.518
7119,164.763,158.573,151.865,143.862,138.414,122.553
7122,164.342,158.301,151.722,143.805,138.424,122.573
7125,163.899,158.037,151.592,143.748,138.418,122.632
7128,163.475,157.751,151.431,143.688,138.389,122.641
7131,163.01,157.476,151.267,143.643,138.385,122.671
7134,162.551,157.198,151.113,143.562,138.361,122.694
7137,162.106,156.893,150.933,143.491,138.337,122.738
7140,161.659,156.61,150.754,143.404,138.32,122.779
7143,161.212,156.307,150.578,143.344,138.286,122.803
7146,160.762,156.01,150.398,143.257,138.252,122.836
7149,160.313,155.702,150.202,143.159,138.211,122.838
7152,159.877,155.393,150.024,143.08,138.175,122.895
7155,159.432,155.082,149.836,142.981,138.132,122.924
7158,159.002,154.771,149.632,142.884,138.075,122.932
7161,158.577,154.46,149.424,142.769,138.039,122.968
7164,158.149,154.169,149.218,142.667,137.984,123.001
7167,157.722,153.855,149.02,142.56,137.923,123.005
7170,157.3,153.555,148.816,142.455,137.86,123.046
7173,156.891,153.252,148.597,142.343,137.802,123.068
7176,156.489,152.933,148.385,142.22,137.741,123.088
7179,156.1,152.63,148.185,142.095,137.674,123.115
7182,155.694,152.333,147.964,141.955,137.599,123.129
7185,155.336,152.011,147.742,141.848,137.528,123.158
7188,154.959,151.728,147.54,141.724,137.447,123.166
7191,154.598,151.447,147.327,141.601,137.36,123.2
7194,154.25,151.158,147.109,141.473,137.285,123.213
7197,153.909,150.872,146.887,141.345,137.208,123.239
7200,153.612,150.609,146.678,141.196,137.121,123.239
7203,153.287,150.317,146.46,141.058,137.035,123.261
7206,152.981,150.062,146.254,140.922,136.952,123.255
7209,152.698,149.801,146.055,140.805,136.865,123.296
7212,152.426,149.549,145.857,140.661,136.77,123.306
7215,152.17,149.3,145.637,140.515,136.675,123.304
7218,151.921,149.068,145.445,140.39,136.6,123.316
7221,151.707,148.847,145.255,140.252,136.494,123.318
7224,151.493,148.615,145.075,140.109,136.407,123.314
7227,151.271,148.419,144.874,139.979,136.318,123.341
7230,151.087,148.193,144.69,139.847,136.208,123.345
7233,150.924,147.999,144.49,139.71,136.109,123.349
7236,150.774,147.809,144.341,139.586,136.018,123.353
7239,150.654,147.638,144.171,139.436,135.914,123.343
7242,150.526,147.461,144.009,139.321,135.819,123.335
7245,150.429,147.309,143.837,139.201,135.724,123.355
7248,150.349,147.165,143.681,139.072,135.621,123.333
7251,150.254,147.03,143.533,138.952,135.527,123.331
7254,150.224,146.919,143.393,138.83,135.434,123.327
7257,150.168,146.792,143.268,138.715,135.337,123.335
7260,150.177,146.676,143.122,138.597,135.246,123.322
7263,150.157,146.605,143.009,138.472,135.158,123.31
7266,150.196,146.535,142.887,138.36,135.055,123.31
7269,150.227,146.45,142.776,138.271,134.966,123.3
7272,150.293,146.4,142.679,138.166,134.879,123.276
7275,150.343,146.345,142.578,138.07,134.802,123.27
7278,150.443,146.32,142.501,137.969,134.708,123.268
7281,150.549,146.298,142.422,137.886,134.617,123.231
7284,150.671,146.292,142.341,137.819,134.552,123.253
7287,150.818,146.281,142.29,137.722,134.463,123.215
7290,150.985,146.312,142.225,137.641,134.39,123.217
7293,151.16,146.339,142.181,137.566,134.329,123.2
7296,151.346,146.378,142.15,137.503,134.256,123.184
7299,151.576,146.447,142.124,137.43,134.187,123.18
7302,151.798,146.516,142.092,137.377,134.118,123.174
7305,152.051,146.582,142.08,137.32,134.049,123.145
7308,152.301,146.69,142.086,137.284,133.988,123.131
7311,152.559,146.779,142.076,137.229,133.931,123.115
7314,152.867,146.911,142.092,137.195,133.876,123.07
7317,153.14,147.011,142.103,137.148,133.818,123.074
7320,153.462,147.152,142.145,137.122,133.771,123.027
7323,153.749,147.289,142.156,137.106,133.731,123.011
7326,154.104,147.446,142.216,137.07,133.684,122.991
7329,154.471,147.615,142.253,137.049,133.649,122.993
7332,154.765,147.786,142.319,137.049,133.613,122.958
7335,155.143,147.963,142.384,137.043,133.576,122.917
7338,155.487,148.164,142.467,137.039,133.542,122.915
7341,155.865,148.333,142.547,137.044,133.51,122.867
7344,156.273,148.56,142.634,137.058,133.502,122.858
7347,156.67,148.788,142.728,137.073,133.48,122.83
7350,157.051,149.001,142.827,137.091,133.47,122.799
7353,157.471,149.236,142.954,137.126,133.461,122.777
7356,157.893,149.487,143.072,137.16,133.451,122.763
7359,158.327,149.743,143.198,137.196,133.453,122.734
7362,158.765,149.991,143.333,137.255,133.463,122.718
7365,159.231,150.26,143.485,137.298,133.468,122.683
7368,159.654,150.542,143.637,137.363,133.48,122.657
7371,160.093,150.812,143.779,137.419,133.5,122.661
7374,160.527,151.106,143.947,137.47,133.5,122.624
7377,160.99,151.387,144.109,137.564,133.541,122.596
7380,161.44,151.698,144.285,137.616,133.555,122.586
7383,161.904,151.994,144.451,137.7,133.594,122.557
7386,162.343,152.28,144.649,137.793,133.638,122.557
7389,162.776,152.599,144.825,137.884,133.679,122.523
7392,163.225,152.905,145.007,137.955,133.707,122.496
7395,163.673,153.23,145.206,138.057,133.752,122.49
7398,164.097,153.524,145.414,138.15,133.795,122.474
7401,164.526,153.827,145.612,138.269,133.839,122.453
7404,164.98,154.146,145.8,138.375,133.892,122.433
7407,165.412,154.471,146.012,138.49,133.957,122.417
7410,165.833,154.762,146.219,138.598,134.018,122.396
7413,166.237,155.076,146.431,138.729,134.085,122.376
7416,166.655,155.396,146.649,138.837,134.166,122.38
7419,167.068,155.676,146.866,138.961,134.231,122.36
7422,167.466,156.001,147.088,139.08,134.316,122.356
7425,167.867,156.298,147.311,139.214,134.391,122.35
7428,168.258,156.618,147.519,139.342,134.468,122.321
7431,168.662,156.92,147.733,139.479,134.556,122.319
7434,169.043,157.226,147.952,139.613,134.631,122.299
7437,169.422,157.531,148.18,139.741,134.724,122.293
7440,169.801,157.828,148.399,139.88,134.813,122.274
7443,170.155,158.089,148.611,140.026,134.904,122.28
7446,170.487,158.398,148.846,140.17,134.994,122.288
7449,170.824,158.684,149.064,140.307,135.087,122.262
7452,171.147,158.959,149.288,140.447,135.174,122.266
7455,171.454,159.236,149.492,140.609,135.275,122.264
7458,171.749,159.503,149.714,140.734,135.373,122.258
7461,172.022,159.764,149.925,140.882,135.472,122.262
7464,172.29,160.017,150.129,141.028,135.567,122.254
7467,172.521,160.264,150.343,141.166,135.675,122.266
7470,172.769,160.514,150.553,141.318,135.772,122.266
7473,173.003,160.719,150.751,141.467,135.871,122.282
7476,173.228,160.959,150.942,141.61,136.0,122.288
7479,173.434,161.2,151.153,141.769,136.107,122.287
7482,173.623,161.386,151.351,141.907,136.212,122.307
7485,173.786,161.578,151.514,142.033,136.32,122.288
7488,173.923,161.744,151.689,142.174,136.412,122.288
7491,174.023,161.942,151.871,142.308,136.519,122.324
7494,174.151,162.114,152.041,142.448,136.636,122.318
7497,174.257,162.253,152.203,142.586,136.72,122.354
7500,174.342,162.4,152.356,142.723,136.841,122.353
7503,174.412,162.558,152.513,142.856,136.946,122.371
7506,174.511,162.694,152.69,142.984,137.08,122.409
7509,174.571,162.833,152.849,143.131,137.183,122.421
7512,174.557,162.937,152.974,143.242,137.28,122.432
7515,174.555,163.029,153.098,143.363,137.385,122.46
7518,174.535,163.109,153.222,143.502,137.496,122.472
7521,174.511,163.196,153.362,143.606,137.603,122.508
7524,174.464,163.24,153.457,143.716,137.696,122.534
7527,174.389,163.293,153.548,143.811,137.783,122.54
7530,174.318,163.357,153.658,143.937,137.879,122.578
7533,174.172,163.34,153.707,144.006,137.958,122.582
7536,174.049,163.323,153.783,144.089,138.035,122.598
7539,173.907,163.332,153.844,144.174,138.126,122.618
7542,173.75,163.316,153.905,144.284,138.215,122.657
7545,173.574,163.304,153.981,144.368,138.295,122.688
7548,173.407,163.268,154.011,144.439,138.37,122.7
7551,173.19,163.206,154.045,144.492,138.449,122.723
7554,172.953,163.142,154.047,144.556,138.524,122.749
7557,172.735,163.059,154.072,144.613,138.572,122.773
7560,172.473,162.947,154.068,144.666,138.643,122.784
7563,172.211,162.852,154.074,144.706,138.698,122.818
7566,171.905,162.741,154.072,144.757,138.751,122.841
7569,171.623,162.622,154.035,144.777,138.812,122.867
7572,171.311,162.48,154.005,144.809,138.864,122.91
7575,171.01,162.336,153.971,144.835,138.891,122.928
7578,170.698,162.177,153.926,144.848,138.962,122.951
7581,170.355,162.011,153.872,144.866,139.002,122.985
7584,170.052,161.855,153.823,144.878,139.024,123.01
7587,169.703,161.675,153.745,144.88,139.069,123.036
7590,169.333,161.48,153.67,144.892,139.079,123.063
7593,168.984,161.297,153.605,144.874,139.112,123.081
7596,168.589,161.072,153.502,144.856,139.116,123.111
7599,168.168,160.88,153.419,144.852,139.14,123.148
7602,167.792,160.656,153.296,144.819,139.16,123.164
7605,167.385,160.444,153.179,144.783,139.164,123.199
7608,166.95,160.17,153.066,144.769,139.185,123.225
7611,166.507,159.928,152.934,144.72,139.158,123.264
7614,166.106,159.675,152.805,144.688,139.18,123.29
7617,165.654,159.42,152.684,144.637,139.172,123.317
7620,165.233,159.139,152.532,144.57,139.162,123.337
7623,164.79,158.859,152.389,144.528,139.152,123.356
7626,164.355,158.589,152.225,144.467,139.144,123.411
7629,163.893,158.303,152.053,144.407,139.12,123.419
7632,163.45,158.026,151.904,144.33,139.101,123.445
7635,162.987,157.74,151.726,144.259,139.079,123.486
7638,162.539,157.429,151.554,144.19,139.049,123.49
7641,162.098,157.115,151.385,144.105,139.016,123.516
7644,161.662,156.834,151.183,144.004,138.966,123.551
7647,161.209,156.537,151.007,143.917,138.935,123.557
7650,160.757,156.218,150.817,143.828,138.899,123.584
7653,160.309,155.918,150.625,143.735,138.86,123.622
7656,159.871,155.601,150.411,143.63,138.812,123.647
7659,159.432,155.288,150.219,143.522,138.745,123.655
7662,159.01,154.971,150.013,143.405,138.696,123.679
7665,158.574,154.677,149.805,143.287,138.627,123.704
7668,158.152,154.346,149.59,143.19,138.558,123.718
7671,157.73,154.044,149.374,143.087,138.493,123.753
7674,157.327,153.719,149.154,142.964,138.445,123.767
7677,156.897,153.427,148.956,142.836,138.386,123.787
7680,156.524,153.135,148.74,142.719,138.307,123.805
7683,156.133,152.822,148.521,142.591,138.226,123.826
7686,155.766,152.513,148.307,142.466,138.167,123.854
7689,155.408,152.238,148.113,142.334,138.064,123.852
7692,155.047,151.952,147.874,142.217,137.993,123.885
7695,154.708,151.664,147.666,142.077,137.928,123.885
7698,154.392,151.375,147.455,141.931,137.835,123.911
7701,154.053,151.105,147.231,141.808,137.741,123.932
7704,153.742,150.836,147.027,141.658,137.648,123.932
7707,153.448,150.572,146.823,141.52,137.561,123.942
7710,153.153,150.295,146.612,141.393,137.468,123.954
7713,152.881,150.045,146.404,141.253,137.387,123.95
7716,152.642,149.806,146.206,141.105,137.283,123.972
7719,152.395,149.554,146.006,140.98,137.186,123.981
7722,152.153,149.336,145.795,140.84,137.099,123.987
7725,151.951,149.123,145.621,140.712,137.004,123.999
7728,151.767,148.916,145.427,140.573,136.896,123.985
7731,151.581,148.712,145.247,140.433,136.805,123.985
7734,151.418,148.499,145.063,140.306,136.695,124.001
7737,151.279,148.314,144.889,140.174,136.602,123.995
7740,151.145,148.129,144.717,140.03,136.511,123.993
7743,151.04,147.974,144.558,139.893,136.402,123.981
7746,150.932,147.836,144.39,139.765,136.298,123.997
7749,150.851,147.684,144.236,139.635,136.211,123.976
7752,150.796,147.552,144.076,139.516,136.102,123.958
7755,150.765,147.436,143.945,139.411,136.014,123.954
7758,150.726,147.32,143.793,139.273,135.903,123.976
7761,150.715,147.223,143.66,139.164,135.82,123.94
7764,150.718,147.124,143.551,139.052,135.723,123.946
7767,150.732,147.041,143.433,138.949,135.636,123.932
7770,150.788,146.986,143.324,138.844,135.551,123.915
7773,150.843,146.914,143.206,138.726,135.463,123.915
7776,150.94,146.895,143.127,138.635,135.358,123.897
7779,151.038,146.862,143.057,138.523,135.281,123.889
7782,151.146,146.837,142.978,138.448,135.196,123.883
7785,151.246,146.83,142.895,138.362,135.103,123.862
7788,151.41,146.848,142.825,138.271,135.024,123.836
7791,151.558,146.854,142.776,138.188,134.949,123.824
7794,151.727,146.879,142.722,138.123,134.87,123.818
7797,151.939,146.931,142.691,138.046,134.785,123.797
7800,152.164,146.984,142.658,137.986,134.732,123.777
7803,152.386,147.052,142.629,137.931,134.647,123.761
7806,152.589,147.138,142.618,137.862,134.605,123.748
7809,152.853,147.215,142.604,137.83,134.528,123.734
7812,153.15,147.318,142.628,137.773,134.483,123.7
7815,153.447,147.427,142.628,137.729,134.434,123.683
7818,153.733,147.574,142.662,137.69,134.379,123.671
7821,154.058,147.688,142.684,137.655,134.331,123.647
7824,154.392,147.881,142.721,137.655,134.29,123.618
7827,154.747,148.018,142.78,137.638,134.248,123.61
7830,155.094,148.199,142.85,137.633,134.209,123.584
7833,155.466,148.392,142.917,137.613,134.174,123.545
7836,155.852,148.583,142.996,137.617,134.158,123.537
7839,156.236,148.798,143.053,137.617,134.134,123.494
7842,156.647,149.012,143.14,137.632,134.102,123.482
7845,157.041,149.228,143.248,137.65,134.083,123.451
7848,157.458,149.451,143.363,137.676,134.073,123.439
7851,157.877,149.706,143.47,137.711,134.049,123.433
7854,158.302,149.952,143.602,137.733,134.043,123.382
7857,158.752,150.208,143.715,137.773,134.063,123.38
7860,159.193,150.466,143.853,137.814,134.043,123.362
7863,159.643,150.733,144.009,137.865,134.063,123.335
7866,160.099,151.019,144.155,137.934,134.073,123.307
7869,160.554,151.308,144.316,137.98,134.089,123.297
7872,161.007,151.61,144.48,138.045,134.108,123.274
7875,161.465,151.885,144.636,138.124,134.13,123.254
7878,161.954,152.205,144.83,138.217,134.156,123.217
7881,162.409,152.513,145.002,138.278,134.201,123.199
7884,162.856,152.816,145.19,138.363,134.225,123.191
7887,163.311,153.118,145.372,138.456,134.264,123.168
7890,163.768,153.424,145.566,138.536,134.305,123.144
7893,164.219,153.749,145.768,138.641,134.347,123.134
7896,164.682,154.074,145.971,138.746,134.404,123.122
7899,165.122,154.379,146.177,138.856,134.447,123.107
7902,165.585,154.709,146.379,138.957,134.512,123.093
7905,166.028,155.032,146.585,139.077,134.583,123.067
7908,166.485,155.351,146.816,139.184,134.635,123.06
7911,166.914,155.662,147.02,139.308,134.712,123.048
7914,167.326,155.998,147.243,139.433,134.769,123.018
7917,167.761,156.303,147.461,139.555,134.828,123.016
7920,168.179,156.612,147.685,139.682,134.917,122.993
7923,168.567,156.931,147.906,139.81,135.004,122.999
7926,168.982,157.237,148.118,139.952,135.096,122.973
7929,169.372,157.553,148.345,140.073,135.154,122.955
7932,169.748,157.864,148.577,140.217,135.227,122.959
7935,170.108,158.17,148.8,140.363,135.325,122.957
7938,170.515,158.45,149.024,140.496,135.424,122.944
7941,170.855,158.756,149.238,140.626,135.497,122.94
7944,171.217,159.047,149.463,140.782,135.596,122.934
7947,171.54,159.33,149.689,140.923,135.7,122.928
7950,171.88,159.603,149.917,141.055,135.793,122.936
7953,172.203,159.911,150.131,141.217,135.898,122.928
7956,172.493,160.18,150.354,141.34,135.993,122.932
7959,172.8,160.438,150.568,141.5,136.091,122.924
7962,173.078,160.711,150.79,141.67,136.196,122.932
7965,173.354,160.958,151.0,141.798,136.31,122.936
7968,173.586,161.199,151.214,141.974,136.419,122.961
7971,173.828,161.438,151.406,142.106,136.527,122.949
7974,174.04,161.685,151.608,142.247,136.63,122.947
7977,174.26,161.919,151.812,142.399,136.727,122.961
7980,174.422,162.105,152.006,142.523,136.82,122.965
7983,174.617,162.313,152.194,142.674,136.93,122.973
7986,174.762,162.499,152.38,142.82,137.045,122.979
7989,174.923,162.679,152.566,142.952,137.157,122.983
7992,175.029,162.849,152.732,143.081,137.258,123.003
7995,175.146,163.019,152.9,143.225,137.36,123.012
7998,175.241,163.164,153.053,143.359,137.469,123.032
8001,175.305,163.306,153.209,143.492,137.579,123.038
8004,175.352,163.437,153.372,143.61,137.69,123.024
8007,175.386,163.543,153.502,143.733,137.799,123.069
8010,175.411,163.66,153.637,143.865,137.883,123.085
8013,175.419,163.749,153.772,143.982,138.0,123.095
8016,175.397,163.833,153.903,144.092,138.075,123.12
8019,175.383,163.888,154.0,144.203,138.162,123.138
8022,175.336,163.975,154.107,144.33,138.282,123.132
8025,175.26,164.005,154.21,144.421,138.377,123.15
8028,175.18,164.028,154.299,144.526,138.46,123.191
8031,175.074,164.07,154.382,144.632,138.553,123.207
8034,174.976,164.078,154.475,144.708,138.651,123.223
8037,174.823,164.075,154.535,144.803,138.732,123.24
8040,174.697,164.061,154.594,144.878,138.801,123.272
8043,174.516,164.045,154.628,144.963,138.884,123.284
8046,174.33,164.028,154.697,145.034,138.965,123.325
8049,174.146,163.972,154.731,145.113,139.026,123.335
8052,173.931,163.897,154.749,145.176,139.119,123.37
8055,173.711,163.849,154.779,145.232,139.178,123.378
8058,173.457,163.766,154.792,145.293,139.247,123.423
8061,173.209,163.668,154.8,145.341,139.31,123.443
8064,172.931,163.56,154.781,145.384,139.374,123.465
8067,172.676,163.485,154.801,145.437,139.446,123.506
8070,172.389,163.349,154.764,145.48,139.493,123.54
8073,172.066,163.187,154.736,145.516,139.545,123.561
8076,171.759,163.036,154.695,145.509,139.583,123.584
8079,171.387,162.891,154.634,145.546,139.623,123.616
8082,171.061,162.707,154.602,145.556,139.68,123.665
8085,170.704,162.549,154.527,145.568,139.717,123.679
8088,170.372,162.369,154.476,145.587,139.76,123.719
8091,170.023,162.194,154.399,145.593,139.801,123.762
8094,169.65,162.025,154.346,145.601,139.836,123.799
8097,169.287,161.799,154.249,145.588,139.85,123.818
8100,168.907,161.611,154.159,145.587,139.884,123.854
8103,168.524,161.394,154.047,145.562,139.881,123.89
8106,168.088,161.122,153.942,145.533,139.901,123.934
8109,167.668,160.905,153.825,145.495,139.921,123.955
8112,167.236,160.641,153.696,145.467,139.915,123.973
8115,166.831,160.423,153.559,145.428,139.923,124.029
8118,166.414,160.178,153.474,145.403,139.939,124.063
8121,165.975,159.87,153.28,145.331,139.917,124.084
8124,165.49,159.592,153.137,145.276,139.906,124.115
8127,165.033,159.303,152.979,145.215,139.886,124.142
8130,164.583,159.036,152.84,145.168,139.881,124.179
8133,164.166,158.758,152.669,145.095,139.855,124.222
8136,163.689,158.456,152.487,145.024,139.831,124.257
8139,163.287,158.171,152.316,144.938,139.8,124.266
8142,162.83,157.878,152.157,144.887,139.796,124.31
8145,162.355,157.578,151.964,144.794,139.75,124.351
8148,161.921,157.274,151.791,144.72,139.727,124.379
8151,161.487,156.96,151.613,144.613,139.693,124.405
8154,161.024,156.654,151.394,144.51,139.641,124.438
8157,160.596,156.352,151.219,144.424,139.603,124.47
8160,160.157,156.043,151.007,144.331,139.535,124.493
8163,159.734,155.765,150.809,144.231,139.507,124.527
8166,159.332,155.44,150.615,144.102,139.447,124.549
8169,158.91,155.126,150.393,143.991,139.382,124.571
8172,158.504,154.826,150.179,143.895,139.309,124.59
8175,158.104,154.529,149.971,143.758,139.248,124.606
8178,157.699,154.21,149.741,143.638,139.189,124.632
8181,157.335,153.896,149.52,143.491,139.096,124.647
8184,156.935,153.577,149.328,143.381,139.029,124.651
8187,156.555,153.288,149.106,143.256,138.956,124.673
8190,156.18,152.999,148.874,143.122,138.865,124.683
8193,155.827,152.721,148.657,142.995,138.786,124.704
8196,155.488,152.43,148.439,142.857,138.711,124.716
8199,155.172,152.133,148.233,142.721,138.612,124.728
8202,154.839,151.863,148.018,142.586,138.537,124.744
8205,154.539,151.575,147.788,142.446,138.437,124.767
8208,154.241,151.316,147.575,142.298,138.35,124.748
8211,153.944,151.069,147.381,142.152,138.261,124.781
8214,153.672,150.819,147.171,142.037,138.155,124.775
8217,153.422,150.564,146.981,141.875,138.062,124.787
8220,153.197,150.344,146.787,141.772,137.981,124.807
8223,152.967,150.119,146.58,141.624,137.874,124.799
8226,152.775,149.886,146.394,141.486,137.789,124.81
8229,152.603,149.684,146.212,141.335,137.687,124.805
8232,152.414,149.482,146.02,141.213,137.59,124.797
8235,152.256,149.283,145.838,141.086,137.495,124.824
8238,152.087,149.107,145.679,140.948,137.395,124.824
8241,151.987,148.941,145.482,140.814,137.296,124.812
8244,151.862,148.775,145.347,140.695,137.201,124.82
8247,151.781,148.634,145.177,140.557,137.116,124.818
8250,151.681,148.488,145.042,140.44,137.014,124.812
8253,151.64,148.358,144.901,140.327,136.909,124.818
8256,151.59,148.231,144.751,140.201,136.812,124.818
8259,151.601,148.132,144.62,140.092,136.731,124.805
8262,151.592,148.049,144.51,139.98,136.631,124.805
8265,151.598,147.957,144.384,139.865,136.54,124.791
8268,151.634,147.908,144.277,139.768,136.461,124.793
8271,151.676,147.828,144.156,139.677,136.368,124.773
8274,151.737,147.781,144.053,139.555,136.283,124.775
8277,151.82,147.734,143.97,139.466,136.196,124.765
8280,151.918,147.731,143.884,139.376,136.107,124.746
8283,152.029,147.697,143.819,139.289,136.036,124.763
8286,152.207,147.692,143.764,139.181,135.945,124.738
8289,152.343,147.736,143.703,139.12,135.873,124.726
8292,152.476,147.752,143.649,139.049,135.805,124.708
8295,152.668,147.78,143.6,138.979,135.722,124.679
8298,152.857,147.829,143.562,138.902,135.657,124.679
8301,153.052,147.879,143.527,138.835,135.578,124.649
8304,153.302,147.942,143.52,138.778,135.513,124.647
8307,153.557,148.044,143.498,138.726,135.456,124.61
8310,153.813,148.131,143.509,138.687,135.389,124.602
8313,154.085,148.246,143.504,138.626,135.339,124.575
8316,154.363,148.357,143.518,138.596,135.28,124.559
8319,154.671,148.469,143.533,138.566,135.232,124.541
8322,154.955,148.604,143.57,138.538,135.189,124.502
8325,155.283,148.765,143.612,138.532,135.14,124.494
8328,155.625,148.907,143.659,138.5,135.096,124.478
8331,155.994,149.084,143.718,138.487,135.058,124.437
8334,156.341,149.258,143.783,138.483,135.043,124.437
8337,156.732,149.466,143.859,138.491,135.015,124.392
8340,157.107,149.668,143.95,138.495,134.978,124.392
8343,157.51,149.867,144.05,138.495,134.986,124.345
8346,157.913,150.113,144.119,138.532,134.96,124.337
8349,158.321,150.336,144.246,138.556,134.936,124.315
8352,158.738,150.591,144.359,138.575,134.92,124.293
8355,159.174,150.835,144.495,138.607,134.93,124.278
8358,159.615,151.083,144.604,138.639,134.936,124.24
8361,160.057,151.349,144.748,138.696,134.93,124.223
8364,160.487,151.616,144.885,138.741,134.924,124.179
8367,160.957,151.918,145.039,138.787,134.934,124.17
8370,161.373,152.171,145.178,138.856,134.958,124.15
8373,161.809,152.435,145.348,138.911,134.981,124.117
8376,162.273,152.738,145.51,138.994,134.993,124.109
8379,162.723,153.049,145.674,139.063,135.015,124.083
8382,163.152,153.332,145.852,139.128,135.041,124.061
8385,163.609,153.64,146.034,139.205,135.076,124.046
8388,164.041,153.926,146.206,139.29,135.098,124.022
8391,164.489,154.232,146.394,139.385,135.155,123.999
8394,164.927,154.526,146.586,139.479,135.191,123.983
8397,165.381,154.845,146.786,139.57,135.242,123.955
8400,165.824,155.134,146.98,139.677,135.281,123.951
8403,166.25,155.465,147.176,139.754,135.321,123.93
8406,166.682,155.756,147.389,139.877,135.384,123.91
8409,167.126,156.078,147.593,139.997,135.455,123.877
8412,167.521,156.4,147.797,140.096,135.487,123.865
8415,167.939,156.686,148.008,140.217,135.564,123.857
8418,168.329,156.992,148.216,140.337,135.631,123.826
8421,168.747,157.303,148.43,140.473,135.714,123.818
8424,169.107,157.589,148.641,140.598,135.773,123.812
8427,169.514,157.9,148.851,140.722,135.86,123.794
8430,169.935,158.205,149.075,140.845,135.927,123.784
8433,170.297,158.489,149.277,140.964,136.006,123.786
8436,170.642,158.794,149.497,141.106,136.089,123.767
8439,171.007,159.075,149.72,141.24,136.168,123.743
8442,171.364,159.363,149.936,141.363,136.254,123.745
8445,171.713,159.661,150.138,141.505,136.357,123.743
8448,172.039,159.927,150.378,141.651,136.438,123.716
8451,172.37,160.213,150.584,141.78,136.527,123.729
8454,172.668,160.463,150.787,141.92,136.631,123.708
8457,172.958,160.741,151.011,142.058,136.724,123.719
8460,173.27,161.013,151.221,142.218,136.811,123.704
8463,173.535,161.263,151.439,142.365,136.92,123.719
8466,173.789,161.507,151.627,142.495,137.026,123.708
8469,174.034,161.749,151.841,142.647,137.131,123.714
8472,174.257,161.971,152.043,142.784,137.233,123.731
8475,174.471,162.207,152.239,142.922,137.326,123.719
8478,174.664,162.41,152.425,143.076,137.427,123.727
8481,174.856,162.638,152.615,143.205,137.555,123.731
8484,175.032,162.818,152.793,143.345,137.648,123.747
8487,175.182,163.013,152.981,143.487,137.753,123.743
8490,175.316,163.194,153.169,143.631,137.861,123.759
8493,175.433,163.345,153.332,143.762,137.989,123.761
8496,175.522,163.515,153.506,143.894,138.076,123.765
8499,175.625,163.649,153.648,144.037,138.179,123.788
8502,175.692,163.824,153.801,144.147,138.293,123.79
8505,175.756,163.936,153.973,144.292,138.388,123.814
8508,175.773,164.03,154.088,144.408,138.481,123.828
8511,175.801,164.164,154.227,144.527,138.589,123.822
8514,175.787,164.245,154.344,144.648,138.672,123.847
8517,175.776,164.32,154.473,144.745,138.785,123.865
8520,175.734,164.39,154.582,144.857,138.872,123.863
8523,175.684,164.44,154.695,144.968,138.964,123.898
8526,175.595,164.49,154.778,145.059,139.059,123.896
8529,175.508,164.512,154.867,145.154,139.136,123.928
8532,175.408,164.529,154.94,145.263,139.233,123.932
8535,175.277,164.524,155.016,145.342,139.318,123.961
8538,175.124,164.54,155.073,145.431,139.391,123.991
8541,174.976,164.524,155.139,145.53,139.478,124.001
8544,174.803,164.496,155.196,145.599,139.547,124.036
8547,174.614,164.485,155.24,145.657,139.642,124.034
8550,174.427,164.401,155.271,145.742,139.723,124.079
8553,174.209,164.365,155.297,145.793,139.784,124.071
8556,173.97,164.27,155.317,145.864,139.843,124.128
8559,173.725,164.161,155.315,145.906,139.932,124.142
8562,173.465,164.094,155.319,145.965,139.984,124.174
8565,173.187,163.977,155.307,146.011,140.027,124.195
8568,172.916,163.858,155.295,146.042,140.108,124.227
8571,172.604,163.718,155.285,146.092,140.163,124.248
8574,172.298,163.587,155.238,146.118,140.209,124.284
8577,171.972,163.434,155.2,146.133,140.258,124.299
8580,171.651,163.283,155.137,146.161,140.298,124.327
8583,171.283,163.094,155.101,146.171,140.335,124.352
8586,170.96,162.921,155.034,146.171,140.363,124.409
8589,170.603,162.732,154.968,146.177,140.399,124.417
8592,170.241,162.535,154.881,146.177,140.414,124.466
8595,169.879,162.349,154.8,146.155,140.438,124.48
8598,169.483,162.14,154.693,146.135,140.454,124.51
8601,169.087,161.91,154.59,146.125,140.472,124.535
8604,168.658,161.674,154.473,146.098,140.48,124.549
8607,168.251,161.449,154.388,146.07,140.513,124.594
8610,167.811,161.213,154.257,146.027,140.501,124.614
8613,167.41,160.935,154.126,146.005,140.515,124.659
8616,166.961,160.713,153.989,145.953,140.515,124.669
8619,166.546,160.427,153.85,145.914,140.503,124.7
8622,166.094,160.155,153.708,145.852,140.495,124.726
8625,165.679,159.877,153.549,145.807,140.486,124.751
8628,165.225,159.608,153.391,145.728,140.466,124.785
8631,164.771,159.325,153.248,145.674,140.446,124.82
8634,164.33,159.03,153.068,145.599,140.434,124.838
8637,163.857,158.764,152.882,145.522,140.391,124.871
8640,163.436,158.447,152.714,145.447,140.365,124.885
8643,162.982,158.144,152.536,145.366,140.339,124.919
8646,162.537,157.842,152.348,145.273,140.294,124.942
8649,162.09,157.533,152.148,145.184,140.25,124.983
8652,161.648,157.236,151.954,145.081,140.207,124.989
8655,161.206,156.928,151.765,144.982,140.163,125.017
8658,160.768,156.6,151.55,144.877,140.106,125.044
8661,160.318,156.3,151.348,144.76,140.057,125.058
8664,159.882,155.964,151.148,144.638,139.986,125.072
8667,159.457,155.659,150.93,144.533,139.92,125.092
8670,159.024,155.345,150.716,144.414,139.839,125.113
8673,158.613,155.023,150.492,144.286,139.772,125.123
8676,158.205,154.723,150.279,144.171,139.711,125.143
8679,157.81,154.418,150.067,144.05,139.644,125.139
8682,157.438,154.098,149.843,143.914,139.559,125.168
8685,157.052,153.807,149.623,143.782,139.468,125.176
8688,156.688,153.512,149.411,143.643,139.385,125.212
8691,156.333,153.212,149.184,143.519,139.304,125.206
8694,155.975,152.915,148.958,143.371,139.215,125.208
8697,155.633,152.64,148.748,143.236,139.124,125.21
8700,155.311,152.36,148.535,143.098,139.039,125.235
8703,154.992,152.085,148.321,142.967,138.943,125.239
8706,154.697,151.841,148.103,142.843,138.864,125.261
8709,154.417,151.566,147.908,142.677,138.765,125.245
8712,154.15,151.31,147.69,142.545,138.688,125.259
8715,153.909,151.055,147.492,142.41,138.578,125.255
8718,153.672,150.835,147.294,142.264,138.489,125.283
8721,153.445,150.613,147.081,142.128,138.378,125.288
8724,153.22,150.374,146.905,141.999,138.278,125.286
8727,153.037,150.161,146.715,141.839,138.187,125.265
8730,152.828,149.952,146.505,141.717,138.086,125.279
8733,152.659,149.752,146.333,141.58,137.991,125.286
8736,152.531,149.573,146.165,141.442,137.881,125.269
8739,152.392,149.393,145.981,141.317,137.792,125.283
8742,152.267,149.241,145.826,141.177,137.685,125.271
8745,152.142,149.065,145.656,141.058,137.583,125.269
8748,152.062,148.915,145.506,140.946,137.488,125.263
8751,151.998,148.797,145.354,140.817,137.399,125.269
8754,151.956,148.667,145.229,140.689,137.303,125.247
8757,151.929,148.548,145.073,140.574,137.208,125.255
8760,151.912,148.457,144.958,140.45,137.111,125.253
8763,151.926,148.369,144.837,140.343,137.024,125.239
8766,151.948,148.283,144.723,140.24,136.926,125.233
8769,152.001,148.228,144.62,140.128,136.837,125.223
8772,152.054,148.172,144.499,140.021,136.746,125.218
8775,152.103,148.153,144.424,139.92,136.655,125.184
8778,152.198,148.095,144.325,139.837,136.576,125.198
8781,152.334,148.09,144.254,139.73,136.479,125.164
8784,152.434,148.092,144.192,139.651,136.41,125.164
8787,152.601,148.092,144.117,139.584,136.335,125.151
8790,152.751,148.09,144.056,139.505,136.251,125.127
8793,152.934,148.131,144.005,139.414,136.176,125.109
8796,153.123,148.183,143.971,139.351,136.112,125.088
8799,153.331,148.23,143.949,139.286,136.014,125.07
8802,153.55,148.277,143.914,139.217,135.97,125.058
8805,153.789,148.382,143.892,139.162,135.907,125.033
8808,154.069,148.477,143.915,139.133,135.839,125.018
8811,154.327,148.565,143.903,139.076,135.78,125.002
8814,154.624,148.673,143.931,139.026,135.734,124.972
8817,154.911,148.78,143.922,138.976,135.664,124.952
8820,155.227,148.941,143.964,138.963,135.634,124.935
8823,155.541,149.087,144.012,138.947,135.578,124.929
8826,155.871,149.239,144.055,138.918,135.555,124.876
8829,156.232,149.402,144.099,138.912,135.505,124.85
8832,156.561,149.576,144.155,138.899,135.463,124.836
8835,156.919,149.75,144.212,138.899,135.433,124.826
8838,157.308,149.966,144.303,138.897,135.412,124.805
8841,157.685,150.169,144.386,138.903,135.386,124.781
8844,158.115,150.406,144.484,138.932,135.387,124.76
8847,158.518,150.625,144.599,138.963,135.369,124.748
8850,158.959,150.869,144.71,138.969,135.361,124.723
8853,159.378,151.114,144.828,139.009,135.355,124.691
8856,159.841,151.374,144.968,139.059,135.36,124.699
8859,160.29,151.669,145.137,139.129,135.376,124.676
8862,160.756,151.958,145.274,139.182,135.386,124.67
8865,161.251,152.269,145.45,139.257,135.425,124.662
8868,161.69,152.525,145.592,139.322,135.425,124.642
8871,162.126,152.821,145.744,139.373,135.463,124.607
8874,162.571,153.074,145.906,139.443,135.45,124.582
8877,163.026,153.346,146.048,139.487,135.466,124.556
8880,163.488,153.686,146.263,139.575,135.508,124.544
8883,163.939,154.002,146.442,139.655,135.551,124.531
8886,164.388,154.303,146.614,139.749,135.566,124.508
8889,164.823,154.598,146.815,139.842,135.635,124.494
8892,165.272,154.926,147.003,139.927,135.655,124.451
8895,165.726,155.214,147.179,140.039,135.696,124.459
8898,166.191,155.558,147.394,140.137,135.782,124.434
8901,166.651,155.861,147.617,140.239,135.811,124.424
8904,167.091,156.18,147.812,140.36,135.871,124.392
8907,167.523,156.478,148.026,140.469,135.936,124.377
8910,167.951,156.827,148.265,140.589,136.028,124.385
8913,168.358,157.132,148.47,140.721,136.073,124.358
8916,168.758,157.436,148.663,140.825,136.121,124.339
8919,169.145,157.734,148.884,140.953,136.208,124.341
8922,169.56,158.04,149.1,141.079,136.295,124.322
8925,169.945,158.34,149.31,141.2,136.362,124.314
8928,170.369,158.654,149.53,141.341,136.45,124.299
8931,170.729,158.945,149.764,141.483,136.525,124.297
8934,171.118,159.25,149.976,141.608,136.623,124.279
8937,171.516,159.562,150.216,141.75,136.708,124.285
8940,171.87,159.871,150.435,141.881,136.793,124.265
8943,172.216,160.164,150.637,142.027,136.878,124.256
8946,172.561,160.45,150.863,142.165,136.985,124.254
8949,172.88,160.714,151.08,142.309,137.067,124.252
8952,173.147,160.978,151.29,142.436,137.166,124.254
8955,173.454,161.246,151.508,142.597,137.249,124.244
8958,173.752,161.493,151.723,142.74,137.357,124.244
8961,174.031,161.771,151.955,142.882,137.448,124.242
8964,174.273,162.018,152.137,143.026,137.559,124.244
8967,174.535,162.237,152.339,143.157,137.671,124.234
8970,174.761,162.482,152.535,143.307,137.756,124.242
8973,174.989,162.698,152.739,143.457,137.874,124.246
8976,175.173,162.927,152.945,143.597,137.981,124.261
8979,175.38,163.11,153.131,143.732,138.082,124.269
8982,175.552,163.35,153.321,143.87,138.184,124.261
8985,175.692,163.512,153.501,144.03,138.295,124.269
8988,175.817,163.71,153.671,144.162,138.405,124.283
8991,175.937,163.877,153.848,144.283,138.506,124.297
8994,176.051,164.013,154.002,144.414,138.607,124.313
8997,176.146,164.175,154.167,144.552,138.711,124.307
9000,176.205,164.298,154.32,144.677,138.806,124.336
9003,176.255,164.434,154.462,144.797,138.915,124.354
9006,176.294,164.546,154.605,144.94,139.017,124.358
9009,176.328,164.668,154.744,145.037,139.102,124.368
9012,176.325,164.744,154.863,145.163,139.205,124.395
9015,176.308,164.838,154.98,145.276,139.323,124.409
9018,176.275,164.891,155.091,145.389,139.408,124.417
9021,176.23,164.964,155.205,145.492,139.497,124.427
9024,176.144,165.022,155.299,145.607,139.594,124.464
9027,176.079,165.072,155.408,145.694,139.687,124.474
9030,175.979,165.081,155.475,145.8,139.772,124.503
9033,175.87,165.1,155.544,145.891,139.868,124.537
9036,175.722,165.103,155.618,145.969,139.957,124.546
9039,175.589,165.1,155.679,146.062,140.034,124.566
9042,175.435,165.047,155.745,146.151,140.106,124.605
9045,175.257,165.047,155.79,146.216,140.183,124.613
9048,175.065,164.986,155.83,146.295,140.262,124.643
9051,174.861,164.925,155.842,146.354,140.341,124.68
9054,174.633,164.858,155.865,146.42,140.416,124.678
9057,174.418,164.791,155.901,146.463,140.481,124.714
9060,174.17,164.702,155.883,146.521,140.548,124.743
9063,173.917,164.604,155.903,146.564,140.598,124.769
9066,173.635,164.507,155.852,146.615,140.651,124.806
9069,173.343,164.384,155.854,146.647,140.71,124.82
9072,173.039,164.242,155.828,146.675,140.754,124.867
9075,172.738,164.097,155.79,146.701,140.803,124.877
9078,172.401,163.949,155.758,146.728,140.849,124.908
9081,172.055,163.774,155.701,146.74,140.894,124.93
9084,171.704,163.612,155.645,146.754,140.92,124.973
9087,171.344,163.437,155.576,146.75,140.963,124.995
9090,171.013,163.233,155.489,146.744,141.001,125.022
9093,170.656,163.038,155.41,146.738,141.007,125.046
9096,170.252,162.823,155.322,146.736,141.038,125.075
9099,169.881,162.607,155.229,146.72,141.056,125.101
9102,169.494,162.382,155.126,146.701,141.07,125.122
9105,169.082,162.149,155.009,146.673,141.078,125.164
9108,168.658,161.932,154.908,146.629,141.092,125.205
9111,168.243,161.676,154.777,146.604,141.104,125.213
9114,167.797,161.415,154.643,146.574,141.082,125.243
9117,167.379,161.179,154.52,146.515,141.096,125.276
9120,166.941,160.904,154.371,146.473,141.08,125.274
9123,166.512,160.646,154.213,146.42,141.068,125.311
9126,166.072,160.343,154.066,146.333,141.046,125.367
9129,165.618,160.077,153.907,146.273,141.032,125.382
9132,165.163,159.78,153.733,146.216,141.005,125.39
9135,164.72,159.497,153.563,146.139,140.985,125.422
9138,164.244,159.183,153.386,146.052,140.951,125.439
9141,163.801,158.886,153.194,145.965,140.902,125.461
9144,163.352,158.583,153.018,145.893,140.87,125.471
9147,162.903,158.266,152.83,145.777,140.825,125.514
9150,162.453,157.953,152.62,145.672,140.777,125.53
9153,162.025,157.65,152.422,145.577,140.724,125.55
9156,161.55,157.347,152.224,145.466,140.681,125.569
9159,161.126,157.028,152.006,145.379,140.619,125.589
9162,160.695,156.722,151.806,145.28,140.568,125.613
9165,160.276,156.4,151.595,145.152,140.497,125.617
9168,159.843,156.064,151.389,145.023,140.436,125.658
9171,159.423,155.77,151.165,144.92,140.37,125.678
9174,159.021,155.456,150.949,144.782,140.313,125.693
9177,158.59,155.156,150.749,144.669,140.23,125.701
9180,158.226,154.84,150.52,144.526,140.157,125.725
9183,157.843,154.545,150.31,144.406,140.07,125.727
9186,157.443,154.245,150.094,144.281,139.995,125.729
9189,157.091,153.954,149.86,144.127,139.916,125.764
9192,156.732,153.654,149.639,144.004,139.823,125.764
9195,156.399,153.348,149.419,143.86,139.736,125.766
9198,156.063,153.084,149.203,143.722,139.647,125.784
9201,155.716,152.81,148.991,143.583,139.556,125.788
9204,155.424,152.532,148.766,143.453,139.465,125.798
9207,155.111,152.254,148.55,143.307,139.357,125.806
9210,154.847,152.001,148.344,143.147,139.276,125.806
9213,154.575,151.754,148.144,143.03,139.185,125.821
9216,154.308,151.515,147.939,142.884,139.086,125.827
9219,154.069,151.263,147.731,142.753,138.978,125.825
9222,153.847,151.035,147.527,142.609,138.889,125.837
9225,153.625,150.805,147.343,142.463,138.786,125.849
9228,153.447,150.607,147.155,142.327,138.682,125.823
9231,153.258,150.413,146.977,142.204,138.583,125.839
9234,153.122,150.202,146.805,142.052,138.472,125.833
9237,152.953,150.027,146.617,141.931,138.384,125.808
9240,152.831,149.863,146.451,141.785,138.279,125.829
9243,152.725,149.691,146.295,141.67,138.176,125.819
9246,152.611,149.526,146.133,141.534,138.091,125.831
9249,152.548,149.387,145.97,141.394,137.981,125.821
9252,152.498,149.26,145.82,141.285,137.896,125.798
9255,152.456,149.128,145.681,141.159,137.786,125.804
9258,152.414,149.028,145.541,141.044,137.691,125.806
9261,152.4,148.912,145.424,140.931,137.6,125.782
9264,152.411,148.83,145.282,140.805,137.505,125.79
9267,152.445,148.76,145.187,140.698,137.401,125.764
9270,152.47,148.708,145.07,140.593,137.312,125.76
9273,152.556,148.65,144.957,140.495,137.229,125.743
9276,152.609,148.598,144.866,140.378,137.126,125.723
9279,152.697,148.564,144.783,140.301,137.051,125.719
9282,152.811,148.534,144.698,140.194,136.951,125.686
9285,152.934,148.545,144.623,140.127,136.874,125.676
9288,153.058,148.548,144.57,140.032,136.795,125.666
9291,153.245,148.551,144.514,139.953,136.714,125.636
9294,153.433,148.6,144.465,139.87,136.637,125.64
9297,153.617,148.633,144.425,139.803,136.585,125.595
9300,153.819,148.68,144.392,139.728,136.507,125.577
9303,154.047,148.766,144.376,139.68,136.432,125.554
9306,154.291,148.843,144.358,139.625,136.368,125.54
9309,154.536,148.926,144.362,139.584,136.295,125.532
9312,154.805,149.015,144.352,139.522,136.234,125.491
9315,155.08,149.131,144.382,139.493,136.195,125.471
9318,155.383,149.258,144.384,139.451,136.133,125.449
9321,155.702,149.407,144.425,139.406,136.088,125.428
9324,156.013,149.539,144.465,139.408,136.041,125.406
9327,156.352,149.694,144.516,139.38,135.995,125.38
9330,156.702,149.872,144.56,139.362,135.966,125.361
9333,157.052,150.055,144.619,139.364,135.918,125.321
9336,157.416,150.249,144.694,139.354,135.905,125.319
9339,157.81,150.419,144.777,139.366,135.861,125.282
9342,158.215,150.652,144.853,139.358,135.845,125.258
9345,158.585,150.871,144.938,139.382,135.804,125.225
9348,159.012,151.093,145.052,139.396,135.806,125.191
9351,159.415,151.329,145.145,139.41,135.776,125.172
9354,159.857,151.582,145.28,139.443,135.772,125.148
9357,160.256,151.835,145.395,139.485,135.764,125.126
9360,160.695,152.063,145.517,139.518,135.772,125.095
9363,161.151,152.354,145.668,139.568,135.77,125.065
9366,161.595,152.607,145.802,139.607,135.776,125.038
9369,162.031,152.89,145.943,139.661,135.778,125.024
9372,162.481,153.171,146.111,139.732,135.79,124.979
9375,162.912,153.437,146.261,139.781,135.81,124.963
9378,163.385,153.729,146.423,139.866,135.833,124.934
9381,163.809,154.04,146.605,139.933,135.855,124.922
9384,164.238,154.334,146.783,140.016,135.879,124.894
9387,164.681,154.642,146.955,140.086,135.926,124.871
9390,165.113,154.937,147.141,140.18,135.95,124.855
9393,165.573,155.228,147.343,140.267,135.997,124.824
9396,166.027,155.548,147.525,140.362,136.037,124.818
9399,166.465,155.842,147.727,140.463,136.082,124.784
9402,166.911,156.145,147.917,140.576,136.139,124.776
9405,167.359,156.467,148.131,140.669,136.189,124.747
9408,167.791,156.795,148.334,140.785,136.25,124.721
9411,168.218,157.108,148.538,140.904,136.307,124.725
9414,168.619,157.419,148.75,141.016,136.374,124.686
9417,169.04,157.716,148.981,141.133,136.449,124.686
9420,169.435,158.008,149.197,141.255,136.522,124.664
9423,169.803,158.333,149.389,141.37,136.587,124.639
9426,170.232,158.636,149.613,141.516,136.657,124.637
9429,170.606,158.93,149.829,141.629,136.724,124.607
9432,170.977,159.233,150.05,141.757,136.816,124.613
9435,171.347,159.516,150.246,141.886,136.895,124.582
9438,171.696,159.808,150.482,142.024,136.968,124.582
9441,172.066,160.069,150.674,142.149,137.037,124.576
9444,172.409,160.385,150.9,142.269,137.132,124.556
9447,172.729,160.649,151.11,142.417,137.221,124.56
9450,173.053,160.921,151.325,142.58,137.316,124.531
9453,173.329,161.193,151.551,142.694,137.424,124.546
9456,173.632,161.454,151.761,142.834,137.509,124.525
9459,173.936,161.724,151.967,142.989,137.596,124.521
9462,174.192,161.96,152.161,143.121,137.707,124.539
9465,174.452,162.21,152.369,143.255,137.801,124.523
9468,174.694,162.471,152.565,143.404,137.912,124.537
9471,174.917,162.698,152.771,143.534,137.997,124.529
9474,175.148,162.896,152.951,143.676,138.095,124.539
9477,175.318,163.127,153.145,143.817,138.196,124.523
9480,175.525,163.319,153.341,143.967,138.301,124.548
9483,175.681,163.506,153.517,144.093,138.403,124.527
9486,175.812,163.685,153.697,144.22,138.508,124.537
9489,175.962,163.877,153.874,144.372,138.601,124.546
9492,176.068,164.058,154.028,144.499,138.709,124.541
9495,176.197,164.2,154.195,144.619,138.814,124.558
9498,176.283,164.345,154.361,144.736,138.903,124.564
9501,176.342,164.493,154.506,144.869,139.015,124.558
9504,176.417,164.585,154.651,144.995,139.11,124.58
9507,176.448,164.744,154.787,145.124,139.213,124.59
9510,176.462,164.838,154.926,145.235,139.307,124.588
9513,176.49,164.936,155.039,145.347,139.398,124.603
9516,176.484,165.003,155.164,145.462,139.497,124.611
9519,176.456,165.089,155.277,145.565,139.584,124.633
9522,176.406,165.142,155.382,145.666,139.681,124.645
9525,176.325,165.189,155.487,145.783,139.768,124.649
9528,176.233,165.231,155.562,145.868,139.853,124.678
9531,176.16,165.262,155.638,145.963,139.944,124.694
9534,176.024,165.254,155.731,146.058,140.036,124.706
9537,175.89,165.273,155.796,146.137,140.106,124.737
9540,175.745,165.248,155.854,146.224,140.196,124.749
9543,175.555,165.234,155.901,146.307,140.281,124.769
9546,175.382,165.187,155.963,146.374,140.351,124.8
9549,175.198,165.136,155.98,146.437,140.418,124.814
9552,174.953,165.078,156.006,146.511,140.497,124.822
9555,174.741,165.011,156.04,146.56,140.554,124.857
9558,174.507,164.93,156.036,146.623,140.619,124.883
9561,174.229,164.822,156.034,146.667,140.696,124.904
9564,173.964,164.718,156.034,146.718,140.746,124.94
9567,173.666,164.593,156.014,146.77,140.807,124.947
9570,173.379,164.484,156.002,146.792,140.851,124.987
9573,173.061,164.348,155.98,146.825,140.91,125.008
9576,172.735,164.197,155.923,146.833,140.961,125.018
9579,172.428,164.013,155.871,146.875,140.999,125.077
9582,172.063,163.868,155.83,146.861,141.038,125.091
9585,171.707,163.676,155.766,146.877,141.066,125.093
9588,171.347,163.478,155.689,146.869,141.096,125.126
9591,170.988,163.289,155.616,146.883,141.127,125.16
9594,170.62,163.063,155.527,146.883,141.159,125.193
9597,170.224,162.857,155.418,146.861,141.175,125.203
9600,169.845,162.64,155.314,146.861,141.192,125.243
9603,169.449,162.407,155.217,146.821,141.208,125.272
9606,169.031,162.196,155.11,146.803,141.212,125.296
9609,168.597,161.951,154.982,146.75,141.2,125.308
9612,168.179,161.69,154.876,146.724,141.214,125.339
9615,167.736,161.452,154.73,146.671,141.22,125.373
9618,167.323,161.193,154.593,146.629,141.216,125.406
9621,166.88,160.918,154.45,146.562,141.202,125.426
9624,166.451,160.635,154.284,146.528,141.187,125.436
9627,165.985,160.352,154.131,146.445,141.165,125.473
9630,165.545,160.071,153.969,146.374,141.141,125.508
9633,165.091,159.799,153.798,146.301,141.115,125.526
9636,164.645,159.485,153.624,146.226,141.096,125.546
9639,164.18,159.183,153.434,146.157,141.044,125.565
9642,163.742,158.891,153.256,146.058,141.021,125.591
9645,163.288,158.58,153.062,145.965,140.973,125.619
9648,162.845,158.277,152.864,145.862,140.938,125.621
9651,162.395,157.969,152.67,145.783,140.88,125.64
9654,161.967,157.642,152.47,145.658,140.835,125.672
9657,161.526,157.35,152.262,145.557,140.785,125.697
9660,161.078,157.028,152.062,145.468,140.718,125.715
9663,160.642,156.706,151.854,145.34,140.665,125.725
9666,160.223,156.403,151.642,145.219,140.6,125.758
9669,159.795,156.084,151.44,145.106,140.548,125.768
9672,159.379,155.781,151.207,144.983,140.469,125.786
9675,158.979,155.462,150.987,144.853,140.388,125.786
9678,158.554,155.164,150.765,144.732,140.317,125.821
9681,158.185,154.834,150.547,144.604,140.24,125.835
9684,157.793,154.542,150.335,144.463,140.169,125.847
9687,157.432,154.242,150.118,144.346,140.082,125.861
9690,157.06,153.951,149.898,144.204,139.995,125.859
9693,156.741,153.657,149.676,144.074,139.904,125.871
9696,156.38,153.37,149.466,143.933,139.819,125.873
9699,156.06,153.093,149.241,143.797,139.734,125.89
9702,155.722,152.804,149.024,143.656,139.643,125.91
9705,155.436,152.543,148.815,143.512,139.548,125.91
9708,155.133,152.296,148.613,143.382,139.459,125.91
9711,154.864,152.04,148.417,143.249,139.361,125.932
9714,154.608,151.79,148.206,143.091,139.27,125.94
9717,154.364,151.532,148.0,142.975,139.183,125.944
9720,154.128,151.299,147.798,142.817,139.068,125.949
9723,153.911,151.103,147.615,142.689,138.985,125.944
9726,153.735,150.875,147.429,142.557,138.884,125.968
9729,153.541,150.675,147.247,142.42,138.787,125.948
9732,153.358,150.452,147.05,142.269,138.674,125.947
9735,153.2,150.277,146.874,142.147,138.577,125.947
9738,153.05,150.099,146.684,142.006,138.472,125.963
9741,152.934,149.902,146.528,141.874,138.378,125.944
9744,152.814,149.752,146.362,141.737,138.271,125.94
9747,152.699,149.611,146.194,141.618,138.164,125.94
9750,152.63,149.452,146.032,141.468,138.081,125.934
9753,152.565,149.305,145.896,141.37,137.983,125.936
9756,152.54,149.204,145.75,141.261,137.896,125.937
9759,152.531,149.112,145.64,141.145,137.792,125.933
9762,152.526,149.002,145.515,141.024,137.697,125.905
9765,152.551,148.936,145.392,140.912,137.616,125.901
9768,152.578,148.87,145.277,140.8,137.515,125.886
9771,152.656,148.813,145.179,140.704,137.435,125.887
9774,152.711,148.788,145.111,140.61,137.357,125.868
9777,152.797,148.714,144.993,140.505,137.271,125.866
9780,152.882,148.692,144.903,140.39,137.174,125.86
9783,153.026,148.703,144.838,140.315,137.09,125.851
9786,153.175,148.738,144.798,140.274,137.05,125.832
9789,153.367,148.776,144.745,140.216,136.96,125.829
9792,153.516,148.781,144.692,140.107,136.874,125.798
9795,153.69,148.792,144.633,140.027,136.804,125.772
9798,153.868,148.83,144.594,139.955,136.71,125.759
9801,154.087,148.896,144.569,139.9,136.652,125.743
9804,154.341,148.998,144.586,139.881,136.62,125.752
9807,154.618,149.103,144.574,139.8,136.543,125.75
9810,154.881,149.198,144.587,139.766,136.49,125.686
9813,155.133,149.28,144.568,139.717,136.408,125.678
9816,155.406,149.361,144.571,139.653,136.357,125.646
9819,155.697,149.528,144.612,139.636,136.319,125.643
9822,156.043,149.667,144.656,139.629,136.272,125.631
9825,156.371,149.853,144.698,139.592,136.24,125.609
9828,156.683,149.969,144.742,139.594,136.173,125.547
9831,157.014,150.139,144.783,139.546,136.142,125.52
9834,157.38,150.327,144.851,139.553,136.121,125.522
9837,157.76,150.529,144.943,139.573,136.094,125.51
9840,158.164,150.749,145.034,139.593,136.08,125.487
9843,158.58,150.977,145.14,139.61,136.069,125.468
9846,158.957,151.191,145.239,139.62,136.069,125.45
9849,159.371,151.422,145.33,139.653,136.045,125.424
9852,159.795,151.654,145.451,139.692,136.038,125.409
9855,160.217,151.918,145.582,139.721,136.036,125.367
9858,160.629,152.141,145.7,139.754,136.02,125.344
9861,161.059,152.391,145.834,139.784,136.018,125.328
9864,161.501,152.674,145.967,139.835,136.02,125.313
9867,161.975,152.994,146.12,139.89,136.042,125.293
9870,162.433,153.244,146.275,139.961,136.054,125.262
9873,162.861,153.515,146.431,140.014,136.072,125.242
9876,163.313,153.806,146.579,140.077,136.095,125.212
9879,163.759,154.106,146.771,140.154,136.119,125.201
9882,164.213,154.414,146.929,140.219,136.143,125.18
9885,164.645,154.69,147.104,140.303,136.158,125.172
9888,165.056,154.956,147.261,140.375,136.188,125.126
9891,165.516,155.264,147.457,140.468,136.226,125.102
9894,165.969,155.59,147.656,140.566,136.27,125.09
9897,166.459,155.922,147.871,140.682,136.34,125.081
9900,166.902,156.214,148.071,140.777,136.384,125.051
9903,167.365,156.528,148.278,140.889,136.435,125.043
9906,167.794,156.858,148.476,140.994,136.494,125.014
9909,168.22,157.191,148.692,141.087,136.557,125.002
9912,168.619,157.466,148.897,141.219,136.605,124.984
9915,169.026,157.808,149.107,141.34,136.684,124.982
9918,169.421,158.102,149.331,141.466,136.749,124.955
9921,169.814,158.413,149.541,141.571,136.82,124.935
9924,170.207,158.71,149.749,141.686,136.883,124.935
9927,170.606,158.999,149.969,141.826,136.966,124.908
9930,170.999,159.299,150.173,141.943,137.045,124.888
9933,171.375,159.585,150.388,142.079,137.116,124.868
9936,171.737,159.888,150.608,142.215,137.205,124.868
9939,172.099,160.166,150.812,142.338,137.272,124.856
9942,172.434,160.46,151.032,142.478,137.355,124.856
9945,172.746,160.724,151.242,142.599,137.449,124.827
9948,173.08,161.029,151.463,142.751,137.552,124.831
9951,173.381,161.274,151.661,142.875,137.645,124.811
9954,173.699,161.54,151.871,143.02,137.716,124.805
9957,173.933,161.793,152.075,143.158,137.822,124.819
9960,174.22,162.034,152.285,143.298,137.921,124.792
9963,174.468,162.279,152.483,143.437,138.002,124.813
9966,174.716,162.526,152.693,143.563,138.115,124.784
9969,174.947,162.72,152.891,143.721,138.209,124.803
9972,175.19,162.993,153.079,143.842,138.312,124.794
9975,175.404,163.199,153.271,144.006,138.397,124.788
9978,175.583,163.397,153.451,144.126,138.513,124.807
9981,175.742,163.603,153.645,144.263,138.608,124.792
9984,175.898,163.796,153.835,144.413,138.715,124.815
9987,176.051,163.974,154.0,144.542,138.815,124.809
9990,176.174,164.141,154.178,144.674,138.904,124.805
9993,176.302,164.325,154.343,144.815,139.024,124.837
9996,176.386,164.448,154.493,144.929,139.125,124.843
9999,176.462,164.604,154.638,145.058,139.232,124.847
10002,176.506,164.738,154.789,145.179,139.317,124.849
10005,176.54,164.846,154.929,145.305,139.441,124.88
10008,176.559,164.952,155.064,145.424,139.51,124.888
10011,176.579,165.044,155.181,145.541,139.621,124.898
10014,176.576,165.136,155.304,145.651,139.7,124.929
10017,176.529,165.186,155.429,145.764,139.807,124.925
10020,176.501,165.273,155.524,145.865,139.888,124.947
10023,176.414,165.323,155.625,145.964,139.984,124.972
10026,176.342,165.356,155.718,146.053,140.083,124.996
10029,176.224,165.381,155.805,146.146,140.156,124.996
10032,176.132,165.379,155.881,146.247,140.247,125.024
10035,176.015,165.384,155.946,146.33,140.32,125.031
10038,175.856,165.381,156.019,146.417,140.397,125.047
10041,175.711,165.368,156.053,146.49,140.48,125.077
10044,175.555,165.317,156.101,146.569,140.556,125.106
10047,175.365,165.264,156.134,146.639,140.631,125.118
10050,175.148,165.217,156.164,146.702,140.69,125.153
10053,174.928,165.156,156.176,146.757,140.763,125.173
10056,174.697,165.086,156.198,146.803,140.82,125.181
10059,174.426,164.986,156.194,146.866,140.89,125.201
10062,174.148,164.888,156.19,146.894,140.935,125.216
10065,173.886,164.766,156.188,146.931,141.008,125.244
10068,173.587,164.649,156.166,146.977,141.052,125.283
10071,173.275,164.495,156.136,147.007,141.101,125.281
10074,172.947,164.359,156.093,147.022,141.148,125.317
10077,172.612,164.208,156.037,147.042,141.184,125.315
10080,172.286,164.033,155.972,147.05,141.212,125.374
10083,171.946,163.86,155.93,147.042,141.247,125.374
10086,171.587,163.665,155.843,147.058,141.275,125.415
10089,171.208,163.481,155.774,147.056,141.31,125.423
10092,170.876,163.255,155.688,147.054,141.332,125.441
10095,170.475,163.074,155.587,147.038,141.338,125.486
10098,170.082,162.832,155.506,147.009,141.362,125.5
10101,169.678,162.612,155.383,146.979,141.37,125.522
10104,169.271,162.376,155.26,146.931,141.378,125.547
10107,168.853,162.143,155.149,146.914,141.376,125.573
10110,168.429,161.898,155.019,146.874,141.37,125.604
10113,168.006,161.643,154.89,146.821,141.372,125.62
10116,167.554,161.365,154.741,146.785,141.378,125.634
10119,167.094,161.107,154.604,146.726,141.352,125.661
10122,166.66,160.826,154.458,146.649,141.346,125.689
10125,166.205,160.543,154.287,146.585,141.305,125.718
10128,165.757,160.246,154.131,146.532,141.301,125.75
10131,165.319,159.96,153.96,146.455,141.271,125.754
10134,164.865,159.68,153.776,146.381,141.241,125.789
10137,164.422,159.385,153.61,146.296,141.196,125.805
10140,163.945,159.069,153.415,146.213,141.176,125.825
10143,163.483,158.755,153.229,146.13,141.131,125.854
10146,163.031,158.455,153.047,146.023,141.089,125.864
10149,162.58,158.147,152.843,145.932,141.048,125.894
10152,162.131,157.822,152.643,145.835,140.996,125.919
10155,161.703,157.491,152.439,145.746,140.957,125.929
10158,161.264,157.216,152.232,145.614,140.892,125.963
10161,160.831,156.903,152.026,145.513,140.838,125.988
10164,160.398,156.583,151.808,145.404,140.793,125.994
10167,159.976,156.264,151.604,145.28,140.716,126.02
10170,159.54,155.961,151.396,145.151,140.652,126.057
10173,159.151,155.656,151.186,145.036,140.579,126.055
10176,158.77,155.322,150.962,144.925,140.528,126.077
10179,158.351,155.045,150.743,144.785,140.447,126.093
10182,157.979,154.728,150.521,144.668,140.362,126.093
10185,157.618,154.431,150.303,144.528,140.283,126.124
10188,157.229,154.142,150.085,144.401,140.206,126.138
10191,156.874,153.845,149.866,144.265,140.123,126.142
10194,156.529,153.554,149.67,144.138,140.048,126.163
10197,156.205,153.29,149.436,144.0,139.947,126.167
10200,155.888,153.012,149.226,143.848,139.864,126.187
10203,155.558,152.734,149.02,143.715,139.769,126.187
10206,155.28,152.459,148.797,143.563,139.66,126.183
10209,154.997,152.198,148.587,143.429,139.587,126.201
10212,154.727,151.943,148.375,143.298,139.479,126.187
10215,154.461,151.71,148.175,143.15,139.382,126.217
10218,154.222,151.443,147.972,143.004,139.277,126.209
10221,153.972,151.224,147.766,142.86,139.178,126.207
10224,153.75,151.018,147.574,142.705,139.082,126.226
10227,153.544,150.79,147.382,142.589,138.983,126.221
10230,153.369,150.56,147.202,142.433,138.878,126.203
10233,153.211,150.385,147.01,142.308,138.768,126.223
10236,153.055,150.18,146.828,142.176,138.687,126.219
10239,152.928,150.007,146.656,142.047,138.571,126.201
10242,152.814,149.855,146.48,141.907,138.47,126.195
10245,152.714,149.672,146.328,141.781,138.377,126.197
10248,152.631,149.525,146.162,141.65,138.269,126.179
10251,152.547,149.398,146.015,141.516,138.182,126.181
10254,152.517,149.268,145.861,141.407,138.083,126.173
10257,152.461,149.166,145.722,141.267,137.961,126.158
10260,152.472,149.056,145.604,141.152,137.86,126.165
10263,152.481,148.959,145.477,141.053,137.771,126.144
10266,152.469,148.893,145.362,140.927,137.67,126.142
10269,152.533,148.829,145.25,140.824,137.582,126.11
10272,152.578,148.763,145.147,140.723,137.495,126.1
10275,152.653,148.722,145.064,140.611,137.406,126.085
10278,152.744,148.669,144.963,140.522,137.311,126.067
10281,152.864,148.669,144.874,140.419,137.224,126.053
10284,152.989,148.658,144.81,140.342,137.155,126.035
10287,153.117,148.669,144.745,140.245,137.063,126.018
10290,153.275,148.686,144.688,140.184,136.984,125.994
10293,153.45,148.702,144.648,140.085,136.913,125.99
10296,153.622,148.752,144.593,140.022,136.83,125.978
10299,153.839,148.791,144.557,139.943,136.751,125.943
10302,154.052,148.857,144.543,139.905,136.697,125.927
10305,154.291,148.945,144.534,139.84,136.628,125.909
10308,154.541,149.02,144.512,139.773,136.569,125.888
10311,154.813,149.13,144.51,139.741,136.512,125.866
10314,155.097,149.222,144.537,139.694,136.451,125.841
10317,155.374,149.349,144.551,139.664,136.391,125.809
10320,155.688,149.484,144.579,139.625,136.354,125.793
10323,156.01,149.641,144.611,139.601,136.291,125.768
10326,156.327,149.785,144.66,139.587,136.261,125.746
10329,156.66,149.955,144.694,139.571,136.21,125.726
10332,157.01,150.138,144.783,139.555,136.184,125.687
10335,157.379,150.31,144.838,139.553,136.161,125.669
10338,157.718,150.499,144.925,139.557,136.133,125.659
10341,158.098,150.707,144.998,139.559,136.086,125.622
10344,158.49,150.879,145.076,139.577,136.08,125.598
10347,158.893,151.11,145.18,139.571,136.07,125.571
10350,159.29,151.337,145.287,139.609,136.042,125.561
10353,159.687,151.582,145.376,139.638,136.036,125.52
10356,160.112,151.829,145.523,139.676,136.034,125.502
10359,160.534,152.065,145.633,139.715,136.038,125.466
10362,160.962,152.329,145.77,139.747,136.032,125.449
10365,161.409,152.587,145.912,139.802,136.048,125.419
10368,161.842,152.873,146.055,139.86,136.048,125.405
10371,162.297,153.154,146.199,139.927,136.064,125.384
10374,162.736,153.426,146.371,139.97,136.095,125.354
10377,163.187,153.723,146.528,140.045,136.107,125.333
10380,163.63,154.017,146.702,140.107,136.131,125.315
10383,164.051,154.314,146.87,140.192,136.159,125.285
10386,164.469,154.598,147.044,140.275,136.19,125.277
10389,164.912,154.886,147.242,140.356,136.234,125.236
10392,165.355,155.181,147.416,140.451,136.255,125.209
10395,165.801,155.495,147.594,140.541,136.305,125.205
10398,166.244,155.778,147.792,140.636,136.358,125.179
10401,166.665,156.081,147.984,140.727,136.399,125.161
10404,167.094,156.386,148.177,140.838,136.455,125.153
10407,167.546,156.694,148.379,140.935,136.498,125.128
10410,167.955,157.008,148.601,141.045,136.571,125.102
10413,168.34,157.305,148.785,141.16,136.628,125.094
10416,168.736,157.613,149.0,141.281,136.691,125.067
10419,169.148,157.925,149.218,141.379,136.751,125.053
10422,169.547,158.191,149.41,141.516,136.824,125.045
10425,169.915,158.488,149.62,141.626,136.891,125.022
10428,170.305,158.799,149.84,141.767,136.964,125.006
10431,170.678,159.091,150.048,141.881,137.057,125.008
10434,171.032,159.377,150.258,142.008,137.124,124.988
10437,171.397,159.666,150.481,142.142,137.193,124.992
10440,171.737,159.963,150.685,142.273,137.27,124.965
10443,172.085,160.238,150.901,142.401,137.359,124.947
10446,172.414,160.513,151.097,142.537,137.445,124.941
10449,172.71,160.785,151.309,142.666,137.54,124.935
10452,173.019,161.046,151.523,142.808,137.631,124.923
10455,173.323,161.299,151.731,142.933,137.716,124.931
10458,173.593,161.543,151.929,143.067,137.805,124.908
10461,173.863,161.773,152.125,143.213,137.911,124.919
10464,174.097,162.023,152.329,143.35,138.002,124.925
10467,174.332,162.27,152.519,143.486,138.093,124.91
10470,174.549,162.476,152.723,143.626,138.199,124.906
10473,174.761,162.693,152.909,143.773,138.298,124.923
10476,174.97,162.901,153.089,143.893,138.399,124.913
10479,175.14,163.107,153.291,144.037,138.497,124.915
10482,175.301,163.305,153.455,144.158,138.6,124.931
10485,175.432,163.486,153.635,144.292,138.697,124.931
10488,175.572,163.631,153.81,144.433,138.805,124.929
10491,175.678,163.826,153.97,144.567,138.896,124.935
10494,175.795,163.971,154.119,144.678,138.991,124.955
10497,175.859,164.116,154.269,144.811,139.107,124.949
10500,175.917,164.247,154.424,144.931,139.194,124.955
10503,175.987,164.381,154.563,145.074,139.285,124.974
10506,176.023,164.479,154.692,145.179,139.382,124.967
10509,176.043,164.584,154.83,145.278,139.479,125.0
10512,176.04,164.676,154.933,145.404,139.567,125.006
10515,176.029,164.746,155.066,145.499,139.666,125.006
10518,176.007,164.83,155.165,145.606,139.745,125.035
10521,175.951,164.874,155.256,145.713,139.84,125.043
10524,175.909,164.91,155.371,145.814,139.941,125.061
10527,175.814,164.963,155.463,145.893,140.016,125.057
10530,175.714,164.986,155.526,145.994,140.093,125.09
10533,175.616,164.975,155.601,146.079,140.19,125.096
10536,175.471,164.977,155.659,146.166,140.263,125.11
10539,175.315,164.98,155.712,146.251,140.322,125.149
10542,175.182,164.977,155.78,146.318,140.425,125.142
10545,175.014,164.944,155.819,146.385,140.494,125.173
10548,174.833,164.877,155.843,146.457,140.554,125.193
10551,174.61,164.805,155.869,146.518,140.631,125.218
10554,174.393,164.732,155.899,146.569,140.694,125.242
10557,174.159,164.668,155.908,146.625,140.747,125.264
10560,173.902,164.57,155.903,146.666,140.818,125.279
10563,173.624,164.47,155.897,146.71,140.876,125.295
10566,173.331,164.381,155.881,146.747,140.931,125.319
10569,173.066,164.228,155.861,146.781,140.965,125.364
10572,172.754,164.086,155.825,146.807,141.016,125.368
10575,172.411,163.955,155.79,146.827,141.079,125.39
10578,172.063,163.785,155.732,146.852,141.109,125.419
10581,171.745,163.612,155.685,146.86,141.139,125.429
10584,171.405,163.45,155.625,146.876,141.186,125.482
10587,171.054,163.252,155.564,146.864,141.22,125.486
10590,170.712,163.071,155.47,146.866,141.247,125.508
10593,170.335,162.868,155.381,146.866,141.261,125.551
10596,169.97,162.67,155.292,146.842,141.273,125.577
10599,169.594,162.448,155.187,146.821,141.297,125.618
10602,169.204,162.229,155.088,146.793,141.318,125.624
10605,168.783,162.004,154.967,146.759,141.322,125.638
10608,168.368,161.751,154.868,146.726,141.32,125.677
10611,167.936,161.518,154.723,146.692,141.316,125.685
10614,167.488,161.241,154.594,146.646,141.312,125.713
10617,167.067,161.002,154.455,146.591,141.305,125.748
10620,166.64,160.719,154.309,146.543,141.301,125.756
10623,166.206,160.465,154.174,146.49,141.285,125.791
10626,165.773,160.179,154.002,146.423,141.261,125.825
10629,165.319,159.902,153.847,146.352,141.239,125.829
10632,164.873,159.591,153.68,146.276,141.204,125.87
10635,164.405,159.305,153.498,146.205,141.192,125.884
10638,163.943,159.002,153.318,146.116,141.137,125.915
10641,163.502,158.713,153.142,146.043,141.123,125.943
10644,163.048,158.378,152.944,145.942,141.073,125.967
10647,162.592,158.1,152.77,145.853,141.024,125.976
10650,162.145,157.771,152.553,145.758,140.972,125.998
10653,161.69,157.463,152.361,145.653,140.929,126.012
10656,161.257,157.143,152.149,145.55,140.879,126.032
10659,160.818,156.833,151.955,145.437,140.818,126.039
10662,160.39,156.536,151.748,145.323,140.765,126.085
10665,159.974,156.23,151.522,145.206,140.686,126.079
10668,159.538,155.903,151.326,145.095,140.623,126.087
10671,159.135,155.588,151.1,144.968,140.561,126.122
10674,158.726,155.273,150.901,144.832,140.494,126.126
10677,158.321,154.975,150.672,144.717,140.419,126.152
10680,157.927,154.672,150.451,144.583,140.336,126.181
10683,157.528,154.35,150.235,144.46,140.253,126.173
10686,157.175,154.041,149.997,144.331,140.176,126.177
10689,156.79,153.755,149.784,144.178,140.1,126.205
10692,156.442,153.458,149.553,144.032,139.998,126.213
10695,156.123,153.165,149.339,143.903,139.911,126.219
10698,155.782,152.896,149.129,143.767,139.82,126.217
10701,155.446,152.604,148.9,143.632,139.732,126.242
10704,155.135,152.367,148.717,143.484,139.651,126.233
10707,154.886,152.109,148.503,143.344,139.556,126.245
10710,154.614,151.864,148.316,143.211,139.457,126.263
10713,154.337,151.566,148.06,143.063,139.348,126.25
10716,154.049,151.343,147.87,142.933,139.249,126.248
10719,153.835,151.115,147.675,142.791,139.155,126.279
10722,153.65,150.891,147.489,142.66,139.073,126.273
10725,153.448,150.68,147.311,142.51,138.972,126.269
10728,153.215,150.458,147.1,142.367,138.859,126.272
10731,153.044,150.258,146.928,142.25,138.754,126.261
10734,152.913,150.058,146.744,142.104,138.653,126.265
10737,152.771,149.886,146.558,141.979,138.576,126.272
10740,152.66,149.716,146.397,141.837,138.462,126.245
10743,152.543,149.568,146.246,141.705,138.36,126.271
10746,152.481,149.429,146.085,141.582,138.294,126.258
10749,152.39,149.274,145.944,141.469,138.173,126.256
10752,152.331,149.156,145.784,141.354,138.078,126.252
10755,152.295,149.026,145.643,141.212,137.966,126.242
10758,152.27,148.906,145.504,141.102,137.872,126.214
10761,152.289,148.857,145.399,141.004,137.819,126.237
10764,152.333,148.769,145.289,140.89,137.725,126.225
10767,152.357,148.743,145.211,140.829,137.644,126.224
10770,152.447,148.691,145.107,140.715,137.565,126.222
10773,152.517,148.617,144.981,140.607,137.442,126.194
10776,152.6,148.572,144.883,140.497,137.358,126.162
10779,152.668,148.55,144.81,140.395,137.273,126.154
10782,152.785,148.545,144.724,140.318,137.187,126.131
10785,152.916,148.514,144.653,140.217,137.096,126.129
10788,153.042,148.522,144.588,140.13,137.008,126.099
10791,153.246,148.57,144.553,140.066,136.951,126.097
10794,153.432,148.619,144.515,139.999,136.867,126.075
10797,153.656,148.678,144.492,139.943,136.811,126.068
10800,153.861,148.728,144.463,139.878,136.747,126.04
10803,154.083,148.808,144.459,139.828,136.674,126.018
10806,154.344,148.887,144.454,139.79,136.606,126.013
10809,154.582,148.981,144.448,139.731,136.553,125.969
10812,154.855,149.078,144.447,139.676,136.481,125.944
10815,155.136,149.178,144.459,139.625,136.43,125.93
10818,155.447,149.316,144.479,139.607,136.372,125.925
10821,155.763,149.464,144.525,139.575,136.338,125.889
10824,156.082,149.616,144.567,139.559,136.294,125.873
10827,156.413,149.768,144.606,139.537,136.253,125.82
10830,156.751,149.938,144.662,139.525,136.197,125.81
10833,157.118,150.132,144.727,139.523,136.17,125.795
10836,157.496,150.304,144.798,139.511,136.128,125.751
10839,157.87,150.507,144.873,139.517,136.105,125.73
10842,158.256,150.732,144.96,139.517,136.075,125.694
10845,158.631,150.946,145.067,139.535,136.057,125.663
10848,159.059,151.151,145.158,139.545,136.042,125.663
10851,159.464,151.393,145.265,139.58,136.034,125.61
10854,159.889,151.645,145.397,139.614,136.034,125.594
10857,160.32,151.887,145.518,139.642,136.022,125.56
10860,160.731,152.134,145.623,139.685,136.012,125.539
10863,161.181,152.401,145.775,139.729,136.016,125.523
10866,161.6,152.676,145.914,139.784,136.024,125.474
10869,162.036,152.931,146.068,139.826,136.02,125.462
10872,162.491,153.226,146.21,139.885,136.042,125.438
10875,162.931,153.523,146.379,139.952,136.067,125.395
10878,163.349,153.798,146.541,140.021,136.075,125.393
10881,163.808,154.084,146.709,140.098,136.105,125.363
10884,164.212,154.378,146.889,140.181,136.142,125.342
10887,164.647,154.684,147.081,140.262,136.178,125.322
10890,165.09,154.953,147.257,140.357,136.203,125.289
10893,165.531,155.264,147.449,140.428,136.261,125.285
10896,165.946,155.567,147.637,140.527,136.286,125.235
10899,166.408,155.872,147.821,140.614,136.347,125.228
10902,166.832,156.172,148.021,140.725,136.391,125.212
10905,167.261,156.483,148.228,140.831,136.452,125.18
10908,167.696,156.786,148.426,140.946,136.503,125.161
10911,168.092,157.094,148.632,141.061,136.559,125.145
10914,168.482,157.405,148.842,141.177,136.614,125.125
10917,168.886,157.688,149.049,141.288,136.687,125.111
10920,169.284,158.008,149.253,141.403,136.752,125.098
10923,169.677,158.299,149.473,141.515,136.837,125.082
10926,170.054,158.577,149.667,141.648,136.902,125.054
10929,170.435,158.896,149.891,141.774,136.975,125.045
10932,170.795,159.166,150.091,141.906,137.064,125.045
10935,171.168,159.46,150.314,142.035,137.147,125.023
10938,171.533,159.749,150.528,142.163,137.214,125.005
10941,171.868,160.035,150.756,142.31,137.307,124.999
10944,172.213,160.31,150.952,142.428,137.392,125.003
10947,172.545,160.587,151.162,142.559,137.484,124.978
10950,172.824,160.862,151.372,142.699,137.563,124.991
10953,173.141,161.104,151.586,142.845,137.656,124.968
10956,173.428,161.37,151.786,142.98,137.751,124.98
10959,173.696,161.632,151.995,143.114,137.84,124.962
10962,173.949,161.873,152.195,143.254,137.944,124.96
10965,174.192,162.112,152.389,143.387,138.035,124.96
10968,174.432,162.348,152.601,143.527,138.118,124.952
10971,174.643,162.565,152.797,143.661,138.223,124.956
10974,174.855,162.773,152.969,143.796,138.335,124.97
10977,175.022,162.976,153.15,143.932,138.432,124.956
10980,175.209,163.182,153.33,144.078,138.536,124.964
10983,175.357,163.383,153.502,144.215,138.639,124.968
10986,175.491,163.534,153.686,144.331,138.732,124.978
10989,175.627,163.712,153.861,144.478,138.836,124.982
10992,175.736,163.865,154.021,144.595,138.935,124.986
10995,175.825,164.027,154.168,144.727,139.038,125.003
10998,175.9,164.149,154.318,144.844,139.14,125.015
11001,175.978,164.311,154.467,144.959,139.229,124.999
11004,176.015,164.389,154.61,145.085,139.33,125.017
11007,176.048,164.517,154.741,145.204,139.421,125.025
11010,176.07,164.623,154.865,145.336,139.51,125.031
11013,176.059,164.704,154.982,145.435,139.628,125.052
11016,176.065,164.793,155.109,145.552,139.707,125.07
11019,176.029,164.857,155.208,145.653,139.798,125.084
11022,175.967,164.916,155.323,145.752,139.891,125.107
11025,175.9,164.955,155.391,145.859,139.992,125.115
11028,175.811,164.98,155.488,145.946,140.061,125.135
11031,175.73,165.011,155.561,146.029,140.146,125.149
11034,175.588,165.008,155.636,146.124,140.223,125.172
11037,175.454,165.008,155.702,146.207,140.318,125.163
11040,175.276,164.98,155.755,146.288,140.389,125.204
11043,175.139,164.963,155.811,146.363,140.46,125.21
11046,174.939,164.927,155.835,146.438,140.539,125.235
11049,174.741,164.874,155.87,146.486,140.62,125.253
11052,174.532,164.813,155.898,146.561,140.668,125.279
11055,174.289,164.737,155.904,146.604,140.743,125.295
11058,174.044,164.637,155.918,146.674,140.804,125.316
11061,173.791,164.534,155.916,146.705,140.865,125.344
11064,173.512,164.423,155.912,146.755,140.915,125.348
11067,173.256,164.308,155.9,146.784,140.97,125.389
11070,172.935,164.177,155.868,146.818,141.015,125.397
11073,172.642,164.049,155.829,146.828,141.059,125.434
11076,172.294,163.887,155.791,146.854,141.116,125.442
11079,171.988,163.709,155.728,146.873,141.146,125.47
11082,171.625,163.547,155.668,146.868,141.166,125.505
11085,171.269,163.386,155.615,146.868,141.213,125.515
11088,170.94,163.18,155.535,146.877,141.225,125.545
11091,170.577,162.996,155.45,146.877,141.253,125.568
11094,170.196,162.806,155.375,146.864,141.268,125.594
11097,169.808,162.601,155.262,146.844,141.3,125.615
11100,169.429,162.359,155.155,146.83,141.306,125.657
11103,169.031,162.126,155.044,146.798,141.31,125.682
11106,168.63,161.923,154.941,146.765,141.322,125.694
11109,168.192,161.67,154.83,146.723,141.33,125.728
11112,167.768,161.451,154.693,146.686,141.32,125.743
11115,167.362,161.165,154.574,146.648,141.332,125.785
11118,166.905,160.904,154.421,146.591,141.316,125.785
11121,166.473,160.626,154.279,146.529,141.292,125.832
11124,166.041,160.335,154.126,146.488,141.286,125.846
11127,165.606,160.071,153.966,146.413,141.272,125.881
11130,165.168,159.79,153.807,146.341,141.245,125.899
11133,164.686,159.499,153.635,146.27,141.217,125.927
11136,164.249,159.204,153.449,146.191,141.185,125.96
11139,163.8,158.907,153.272,146.112,141.144,125.964
11142,163.343,158.61,153.092,146.023,141.116,125.99
11145,162.897,158.302,152.898,145.934,141.079,126.017
11148,162.45,157.977,152.702,145.839,141.025,126.027
11151,162.005,157.672,152.528,145.744,140.998,126.051
11154,161.583,157.374,152.32,145.631,140.925,126.086
11157,161.139,157.058,152.106,145.54,140.881,126.08
11160,160.711,156.758,151.912,145.429,140.83,126.123
11163,160.281,156.425,151.702,145.323,140.776,126.141
11166,159.845,156.139,151.5,145.204,140.715,126.151
11169,159.439,155.842,151.273,145.093,140.652,126.179
11172,159.053,155.514,151.059,144.978,140.575,126.19
11175,158.631,155.208,150.845,144.852,140.5,126.186
11178,158.231,154.889,150.645,144.711,140.436,126.212
11181,157.857,154.597,150.419,144.595,140.357,126.23
11184,157.49,154.303,150.21,144.464,140.272,126.234
11187,157.113,154.006,149.989,144.309,140.181,126.228
11190,156.732,153.69,149.766,144.193,140.098,126.259
11193,156.41,153.418,149.55,144.048,140.025,126.259
11196,156.082,153.145,149.321,143.924,139.94,126.275
11199,155.749,152.865,149.117,143.788,139.84,126.287
11202,155.443,152.576,148.913,143.636,139.747,126.279
11205,155.141,152.32,148.691,143.513,139.66,126.295
11208,154.841,152.068,148.489,143.357,139.571,126.297
11211,154.577,151.809,148.28,143.227,139.468,126.303
11214,154.324,151.546,148.086,143.074,139.379,126.305
11217,154.091,151.34,147.858,142.946,139.273,126.312
11220,153.841,151.079,147.682,142.806,139.174,126.318
11223,153.641,150.887,147.477,142.665,139.083,126.316
11226,153.436,150.649,147.283,142.539,138.99,126.334
11229,153.244,150.438,147.113,142.391,138.876,126.305
11232,153.077,150.254,146.938,142.252,138.783,126.312
11235,152.925,150.077,146.739,142.124,138.69,126.301
11238,152.819,149.896,146.567,141.974,138.576,126.299
11241,152.683,149.707,146.396,141.859,138.473,126.293
11244,152.594,149.558,146.244,141.723,138.384,126.305
11247,152.511,149.417,146.094,141.612,138.29,126.283
11250,152.442,149.269,145.939,141.481,138.185,126.295
11253,152.356,149.155,145.783,141.365,138.094,126.277
11256,152.309,149.034,145.656,141.222,137.984,126.265
11259,152.339,148.959,145.524,141.112,137.883,126.277
11262,152.339,148.852,145.401,141.009,137.794,126.251
11265,152.342,148.783,145.282,140.888,137.69,126.246
11268,152.373,148.674,145.157,140.789,137.606,126.226
11271,152.456,148.619,145.05,140.661,137.506,126.21
11274,152.476,148.579,144.972,140.573,137.417,126.196
11277,152.585,148.543,144.87,140.465,137.328,126.19
11280,152.693,148.52,144.776,140.373,137.235,126.167
11283,152.807,148.505,144.695,140.271,137.164,126.147
11286,152.957,148.524,144.65,140.212,137.079,126.121
11289,153.096,148.538,144.592,140.132,137.002,126.108
11292,153.276,148.565,144.539,140.046,136.917,126.096
11295,153.465,148.612,144.497,139.978,136.848,126.07
11298,153.692,148.648,144.474,139.913,136.785,126.064
11301,153.923,148.718,144.46,139.866,136.718,126.031
11304,154.131,148.797,144.438,139.793,136.629,126.015
11307,154.381,148.864,144.418,139.735,136.566,125.988
11310,154.632,148.98,144.424,139.688,136.519,125.958
11313,154.91,149.059,144.428,139.638,136.44,125.938
11316,155.204,149.208,144.444,139.595,136.4,125.901
11319,155.504,149.315,144.465,139.573,136.329,125.901
11322,155.812,149.47,144.515,139.541,136.295,125.864
11325,156.151,149.625,144.544,139.521,136.238,125.854
11328,156.482,149.763,144.599,139.505,136.206,125.806
11331,156.835,149.957,144.652,139.511,136.157,125.783
11334,157.174,150.12,144.712,139.486,136.139,125.775
11337,157.562,150.329,144.781,139.48,136.098,125.747
11340,157.962,150.551,144.868,139.497,136.072,125.714
11343,158.342,150.746,144.967,139.501,136.06,125.678
11346,158.742,150.969,145.064,139.525,136.035,125.661
11349,159.194,151.221,145.2,139.562,136.038,125.644
11352,159.572,151.465,145.296,139.589,136.016,125.602
11355,159.991,151.682,145.423,139.615,136.026,125.596
11358,160.46,151.96,145.559,139.665,136.017,125.564
11361,160.898,152.216,145.686,139.707,136.015,125.538
11364,161.329,152.477,145.826,139.748,136.015,125.512
11367,161.765,152.745,145.97,139.811,136.032,125.48
11370,162.183,153.026,146.103,139.84,136.041,125.461
11373,162.629,153.331,146.273,139.914,136.052,125.434
11376,163.096,153.6,146.445,139.985,136.072,125.402
11379,163.526,153.897,146.605,140.052,136.103,125.392
11382,163.999,154.201,146.806,140.14,136.142,125.356
11385,164.404,154.475,146.971,140.216,136.169,125.335
11388,164.835,154.789,147.145,140.305,136.204,125.312
11391,165.285,155.061,147.32,140.376,136.215,125.281
11394,165.728,155.348,147.5,140.474,136.27,125.266
11397,166.177,155.686,147.713,140.586,136.328,125.241
11400,166.649,156.017,147.922,140.694,136.374,125.233
11403,167.075,156.3,148.127,140.793,136.418,125.228
11406,167.548,156.649,148.342,140.906,136.496,125.201
11409,167.963,156.955,148.55,141.035,136.563,125.187
11412,168.389,157.275,148.778,141.127,136.607,125.184
11415,168.804,157.586,148.982,141.253,136.684,125.156
11418,169.189,157.886,149.192,141.385,136.763,125.144
11421,169.585,158.207,149.391,141.503,136.839,125.148
11424,169.983,158.494,149.622,141.636,136.895,125.107
11427,170.378,158.799,149.864,141.762,136.973,125.119
11430,170.754,159.14,150.068,141.908,137.07,125.086
11433,171.131,159.404,150.272,142.032,137.147,125.084
11436,171.473,159.693,150.492,142.173,137.229,125.076
11439,171.856,160.021,150.74,142.311,137.334,125.085
11442,172.205,160.293,150.957,142.459,137.413,125.079
11445,172.529,160.568,151.148,142.581,137.501,125.035
11448,172.828,160.818,151.339,142.71,137.583,125.05
11451,173.131,161.068,151.536,142.844,137.669,125.03
11454,173.413,161.351,151.769,142.987,137.758,125.013
11457,173.686,161.598,151.977,143.117,137.869,125.031
11460,173.951,161.87,152.177,143.246,137.956,125.013
11463,174.224,162.067,152.369,143.388,138.037,125.007
11466,174.455,162.32,152.582,143.546,138.147,125.006
11469,174.702,162.592,152.795,143.686,138.273,125.038
11472,174.913,162.792,152.991,143.837,138.352,125.026
11475,175.115,162.985,153.174,143.958,138.454,125.014
11478,175.293,163.197,153.354,144.104,138.557,125.041
11481,175.483,163.392,153.536,144.241,138.675,125.026
11484,175.636,163.584,153.716,144.373,138.774,125.052
11487,175.797,163.79,153.892,144.527,138.873,125.05
11490,175.933,163.94,154.074,144.643,138.982,125.046
11493,176.031,164.113,154.227,144.768,139.086,125.083
11496,176.148,164.272,154.391,144.916,139.187,125.075
11499,176.238,164.411,154.548,145.029,139.278,125.093
11502,176.268,164.542,154.69,145.152,139.367,125.081
11505,176.316,164.668,154.823,145.278,139.469,125.103
11508,176.349,164.773,154.956,145.389,139.57,125.111
11511,176.374,164.874,155.087,145.506,139.669,125.125
11514,176.358,164.969,155.212,145.623,139.77,125.142
11517,176.349,165.033,155.323,145.735,139.861,125.156
11520,176.302,165.1,155.428,145.842,139.96,125.162
11523,176.266,165.133,155.525,145.931,140.027,125.195
11526,176.16,165.194,155.61,146.028,140.122,125.178
11529,176.067,165.197,155.713,146.121,140.201,125.225
11532,175.981,165.231,155.765,146.21,140.305,125.227
11535,175.816,165.236,155.856,146.289,140.388,125.258
11538,175.68,165.228,155.899,146.396,140.467,125.272
11541,175.54,165.225,155.961,146.465,140.545,125.296
11544,175.348,165.169,156.008,146.544,140.633,125.314
11547,175.164,165.141,156.044,146.614,140.699,125.325
11550,174.955,165.072,156.086,146.667,140.774,125.359
11553,174.738,165.016,156.092,146.742,140.835,125.377
11556,174.498,164.938,156.111,146.794,140.904,125.406
11559,174.25,164.849,156.123,146.859,140.969,125.444
11562,173.985,164.732,156.111,146.893,141.037,125.449
11565,173.724,164.634,156.092,146.924,141.094,125.485
11568,173.423,164.512,156.092,146.972,141.147,125.491
11571,173.119,164.367,156.056,146.999,141.187,125.505
11574,172.812,164.213,156.01,147.019,141.224,125.55
11577,172.5,164.082,155.983,147.027,141.28,125.566
11580,172.138,163.912,155.933,147.055,141.303,125.607
11583,171.803,163.748,155.86,147.051,141.349,125.619
11586,171.427,163.556,155.775,147.055,141.38,125.66
11589,171.084,163.358,155.715,147.057,141.41,125.666
11592,170.731,163.14,155.64,147.053,141.434,125.703
11595,170.357,162.948,155.541,147.041,141.454,125.733
11598,169.984,162.739,155.449,147.019,141.467,125.759
11601,169.58,162.539,155.36,147.007,141.495,125.774
11604,169.187,162.309,155.233,146.98,141.499,125.824
11607,168.774,162.076,155.122,146.952,141.509,125.839
11610,168.353,161.823,154.996,146.914,141.493,125.861
11613,167.924,161.573,154.859,146.861,141.497,125.887
11616,167.478,161.312,154.74,146.823,141.493,125.912
11619,167.058,161.048,154.605,146.78,141.483,125.948
11622,166.617,160.768,154.445,146.709,141.493,125.963
11625,166.183,160.504,154.292,146.663,141.463,125.993
11628,165.742,160.226,154.132,146.59,141.448,126.032
11631,165.288,159.935,153.961,146.531,141.424,126.052
11634,164.834,159.637,153.791,146.448,141.406,126.072
11637,164.366,159.326,153.614,146.368,141.378,126.099
11640,163.931,159.052,153.454,146.285,141.345,126.121
11643,163.485,158.729,153.262,146.196,141.301,126.16
11646,163.02,158.452,153.072,146.105,141.26,126.164
11649,162.588,158.138,152.884,146.006,141.216,126.192
11652,162.158,157.835,152.682,145.915,141.165,126.209
11655,161.711,157.513,152.484,145.818,141.108,126.235
11658,161.278,157.188,152.274,145.704,141.05,126.261
11661,160.839,156.908,152.074,145.595,140.999,126.259
11664,160.4,156.588,151.856,145.49,140.936,126.288
11667,159.986,156.272,151.654,145.356,140.875,126.292
11670,159.556,155.95,151.438,145.249,140.805,126.33
11673,159.156,155.636,151.219,145.11,140.728,126.345
11676,158.759,155.339,150.995,145.007,140.667,126.365
11679,158.359,155.025,150.807,144.889,140.59,126.355
11682,157.976,154.725,150.573,144.736,140.499,126.381
11685,157.593,154.433,150.355,144.614,140.432,126.391
11688,157.24,154.145,150.128,144.481,140.341,126.398
11691,156.879,153.85,149.918,144.351,140.254,126.416
11694,156.546,153.556,149.708,144.21,140.177,126.436
11697,156.204,153.273,149.478,144.066,140.084,126.444
11700,155.893,153.006,149.263,143.947,140.011,126.45
11703,155.579,152.731,149.073,143.807,139.906,126.475
11706,155.285,152.467,148.831,143.659,139.819,126.46
11709,155.013,152.212,148.631,143.522,139.72,126.467
11712,154.741,151.962,148.451,143.366,139.624,126.485
11715,154.505,151.715,148.22,143.24,139.521,126.469
11718,154.257,151.462,148.044,143.098,139.444,126.489
11721,154.041,151.251,147.816,142.961,139.325,126.493
11724,153.832,151.032,147.642,142.833,139.246,126.489
11727,153.644,150.796,147.46,142.704,139.154,126.491
11730,153.46,150.634,147.286,142.556,139.039,126.487
11733,153.313,150.437,147.09,142.414,138.952,126.479
11736,153.172,150.254,146.918,142.299,138.836,126.483
11739,153.03,150.079,146.762,142.165,138.737,126.475
11742,152.93,149.904,146.574,142.015,138.648,126.479
11745,152.841,149.771,146.431,141.9,138.55,126.458
11748,152.78,149.638,146.289,141.779,138.447,126.475
11751,152.722,149.492,146.127,141.661,138.346,126.458
11754,152.666,149.37,145.994,141.542,138.261,126.467
11757,152.658,149.262,145.868,141.418,138.159,126.44
11760,152.652,149.188,145.735,141.305,138.05,126.442
11763,152.686,149.083,145.61,141.2,137.969,126.418
11766,152.691,148.986,145.492,141.094,137.875,126.422
11769,152.727,148.948,145.395,140.983,137.78,126.389
11772,152.783,148.912,145.3,140.886,137.699,126.391
11775,152.869,148.879,145.207,140.772,137.61,126.365
11778,152.98,148.851,145.124,140.687,137.513,126.353
11781,153.083,148.829,145.049,140.596,137.419,126.351
11784,153.219,148.829,144.97,140.503,137.371,126.314
11787,153.383,148.834,144.91,140.426,137.269,126.304
11790,153.53,148.845,144.859,140.355,137.188,126.272
11793,153.699,148.895,144.821,140.272,137.097,126.278
11796,153.899,148.923,144.768,140.214,137.05,126.245
11799,154.102,148.984,144.754,140.139,136.973,126.217
11802,154.335,149.053,144.742,140.084,136.917,126.219
11805,154.588,149.13,144.708,140.032,136.844,126.184
11808,154.832,149.238,144.716,139.995,136.789,126.186
11811,155.11,149.354,144.722,139.951,136.716,126.148
11814,155.429,149.45,144.734,139.906,136.659,126.135
11817,155.712,149.597,144.784,139.872,136.629,126.089
11820,156.007,149.718,144.803,139.847,136.574,126.087
11823,156.343,149.868,144.835,139.825,136.532,126.064
11826,156.682,150.032,144.886,139.809,136.495,126.026
11829,157.032,150.207,144.948,139.799,136.446,126.013
11832,157.387,150.382,145.009,139.797,136.414,125.997
11835,157.729,150.576,145.08,139.795,136.388,125.967
11838,158.131,150.779,145.161,139.799,136.361,125.942
11841,158.506,150.984,145.241,139.795,136.331,125.926
11844,158.909,151.184,145.339,139.815,136.313,125.908
11847,159.306,151.418,145.44,139.839,136.303,125.877
11850,159.728,151.656,145.557,139.855,136.296,125.851
11853,160.128,151.912,145.656,139.894,136.292,125.837
11856,160.567,152.153,145.785,139.934,136.296,125.827
11859,160.989,152.392,145.921,139.977,136.286,125.792
11862,161.433,152.662,146.062,140.036,136.294,125.782
11865,161.847,152.917,146.202,140.086,136.319,125.739
11868,162.294,153.223,146.364,140.133,136.331,125.725
11871,162.744,153.514,146.522,140.22,136.353,125.719
11874,163.189,153.786,146.683,140.252,136.386,125.684
11877,163.647,154.072,146.859,140.353,136.382,125.668
11880,164.095,154.358,147.035,140.412,136.424,125.656
11883,164.527,154.681,147.197,140.487,136.465,125.627
11886,164.979,154.989,147.387,140.592,136.507,125.609
11889,165.416,155.253,147.585,140.683,136.534,125.597
11892,165.862,155.569,147.765,140.768,136.582,125.566
11895,166.313,155.908,147.953,140.868,136.629,125.554
11898,166.74,156.183,148.151,140.959,136.665,125.546
11901,167.219,156.511,148.352,141.076,136.732,125.514
11904,167.643,156.816,148.552,141.173,136.787,125.507
11907,168.083,157.108,148.776,141.301,136.842,125.481
11910,168.493,157.446,148.979,141.398,136.896,125.487
11913,168.914,157.749,149.183,141.521,136.977,125.449
11916,169.309,158.071,149.393,141.643,137.046,125.461
11919,169.711,158.363,149.621,141.764,137.113,125.422
11922,170.09,158.638,149.827,141.886,137.176,125.404
11925,170.486,158.948,150.032,142.006,137.245,125.414
11928,170.865,159.256,150.242,142.134,137.314,125.379
11931,171.241,159.552,150.474,142.281,137.407,125.386
11934,171.592,159.837,150.706,142.398,137.49,125.359
11937,171.971,160.132,150.886,142.54,137.565,125.361
11940,172.314,160.424,151.107,142.676,137.661,125.333
11943,172.657,160.701,151.327,142.805,137.729,125.337
11946,172.983,160.982,151.537,142.933,137.827,125.341
11949,173.298,161.256,151.73,143.065,137.935,125.306
11952,173.588,161.517,151.948,143.209,138.006,125.321
11955,173.894,161.757,152.169,143.358,138.092,125.304
11958,174.172,162.037,152.375,143.491,138.188,125.306
11961,174.423,162.287,152.567,143.625,138.297,125.314
11964,174.66,162.511,152.762,143.751,138.395,125.294
11967,174.892,162.744,152.976,143.883,138.482,125.304
11970,175.12,162.967,153.162,144.041,138.591,125.3
11973,175.327,163.192,153.35,144.176,138.674,125.31
11976,175.511,163.382,153.522,144.32,138.776,125.306
11979,175.686,163.597,153.732,144.455,138.883,125.302
11982,175.848,163.77,153.902,144.575,138.999,125.321
11985,175.993,163.968,154.071,144.712,139.082,125.314
11988,176.094,164.131,154.225,144.84,139.183,125.31
11991,176.17,164.258,154.395,144.98,139.273,125.314
11994,176.279,164.406,154.561,145.097,139.38,125.331
11997,176.374,164.568,154.7,145.223,139.487,125.337
12000,176.419,164.699,154.85,145.354,139.579,125.351
12003,176.467,164.798,154.992,145.474,139.682,125.355
12006,176.509,164.926,155.119,145.583,139.769,125.375
12009,176.514,165.023,155.273,145.696,139.878,125.39
12012,176.518,165.134,155.374,145.831,139.971,125.371
12015,176.518,165.23,155.504,145.933,140.07,125.396
12018,176.49,165.272,155.617,146.049,140.157,125.406
12021,176.435,165.315,155.709,146.142,140.248,125.416
12024,176.354,165.369,155.812,146.223,140.323,125.442
12027,176.251,165.375,155.864,146.325,140.403,125.471
12030,176.16,165.4,155.944,146.41,140.484,125.485
12033,176.053,165.398,156.023,146.495,140.573,125.475
12036,175.917,165.387,156.087,146.58,140.646,125.526
12039,175.771,165.39,156.147,146.671,140.747,125.54
12042,175.612,165.356,156.208,146.747,140.821,125.542
12045,175.401,165.318,156.233,146.808,140.879,125.577
12048,175.211,165.279,156.255,146.863,140.978,125.611
12051,174.991,165.22,156.287,146.926,141.04,125.631
12054,174.779,165.151,156.318,146.994,141.097,125.646
12057,174.547,165.056,156.333,147.04,141.155,125.688
12060,174.286,164.972,156.319,147.087,141.21,125.701
12063,173.988,164.851,156.31,147.132,141.283,125.717
12066,173.699,164.751,156.284,147.156,141.314,125.745
12069,173.426,164.609,156.267,147.179,141.362,125.764
12072,173.099,164.486,156.233,147.227,141.425,125.804
12075,172.79,164.321,156.183,147.231,141.457,125.835
12078,172.445,164.165,156.128,147.261,141.51,125.841
12081,172.11,164.002,156.093,147.27,141.538,125.9
12084,171.784,163.821,156.025,147.272,141.571,125.906
12087,171.413,163.632,155.952,147.263,141.601,125.934
12090,171.056,163.436,155.873,147.27,141.636,125.955
12093,170.719,163.244,155.787,147.259,141.658,125.997
12096,170.329,163.027,155.692,147.251,141.676,126.015
12099,169.939,162.804,155.591,147.235,141.686,126.052
12102,169.535,162.593,155.478,147.211,141.69,126.072
12105,169.126,162.331,155.371,147.185,141.7,126.081
12108,168.724,162.097,155.246,147.132,141.713,126.105
12111,168.278,161.867,155.113,147.092,141.711,126.144
12114,167.849,161.628,154.974,147.041,141.692,126.172
12117,167.403,161.345,154.848,147.003,141.69,126.192
12120,166.974,161.089,154.699,146.952,141.674,126.196
12123,166.534,160.809,154.544,146.881,141.664,126.249
12126,166.113,160.52,154.402,146.831,141.65,126.243
12129,165.639,160.24,154.239,146.758,141.619,126.276
12132,165.199,159.942,154.063,146.685,141.601,126.304
12135,164.739,159.637,153.896,146.606,141.571,126.337
12138,164.307,159.331,153.708,146.521,141.534,126.363
12141,163.85,159.04,153.514,146.453,141.492,126.367
12144,163.382,158.721,153.34,146.347,141.464,126.387
12147,162.95,158.443,153.142,146.275,141.429,126.434
12150,162.508,158.126,152.95,146.155,141.391,126.428
12153,162.066,157.829,152.76,146.058,141.318,126.471
12156,161.625,157.526,152.538,145.953,141.279,126.501
12159,161.2,157.213,152.344,145.85,141.213,126.497
12162,160.792,156.91,152.14,145.733,141.158,126.528
12165,160.328,156.571,151.93,145.621,141.091,126.515
12168,159.931,156.268,151.714,145.516,141.016,126.564
12171,159.514,155.969,151.502,145.389,140.957,126.574
12174,159.098,155.66,151.287,145.255,140.883,126.576
12177,158.706,155.352,151.075,145.144,140.806,126.601
12180,158.334,155.035,150.857,145.015,140.729,126.611
12183,157.965,154.755,150.647,144.871,140.648,126.627
12186,157.601,154.463,150.421,144.754,140.581,126.656
12189,157.248,154.175,150.198,144.62,140.516,126.666
12192,156.901,153.877,149.996,144.489,140.417,126.678
12195,156.557,153.578,149.772,144.347,140.326,126.684
12198,156.213,153.308,149.578,144.206,140.237,126.696
12201,155.907,153.064,149.344,144.082,140.152,126.708
12204,155.632,152.75,149.125,143.922,140.046,126.69
12207,155.341,152.525,148.927,143.785,139.955,126.708
12210,155.08,152.258,148.721,143.647,139.872,126.719
12213,154.818,152.018,148.532,143.519,139.771,126.729
12216,154.592,151.811,148.355,143.388,139.688,126.729
12219,154.356,151.578,148.136,143.241,139.595,126.744
12222,154.132,151.329,147.944,143.098,139.469,126.725
12225,153.897,151.092,147.734,142.969,139.368,126.731
12228,153.724,150.892,147.548,142.809,139.277,126.723
12231,153.563,150.706,147.36,142.702,139.166,126.71
12234,153.405,150.512,147.194,142.542,139.078,126.721
12237,153.28,150.323,147.01,142.418,138.963,126.715
12240,153.15,150.17,146.844,142.283,138.862,126.71
12243,153.054,150.027,146.692,142.167,138.778,126.72
12246,152.963,149.866,146.538,142.039,138.693,126.698
12249,152.885,149.724,146.382,141.905,138.591,126.69
12252,152.844,149.585,146.226,141.785,138.468,126.694
12255,152.791,149.469,146.102,141.657,138.365,126.666
12258,152.788,149.398,145.966,141.545,138.287,126.679
12261,152.813,149.299,145.844,141.442,138.188,126.637
12264,152.81,149.219,145.731,141.329,138.105,126.647
12267,152.849,149.127,145.616,141.221,138.01,126.645
12270,152.886,149.06,145.5,141.098,137.897,126.611
12273,152.947,149.011,145.399,141.013,137.81,126.599
12276,153.002,148.98,145.312,140.918,137.739,126.599
12279,153.13,148.967,145.244,140.833,137.643,126.572
12282,153.252,148.959,145.173,140.756,137.574,126.555
12285,153.415,148.98,145.123,140.657,137.492,126.574
12288,153.578,148.994,145.071,140.593,137.413,126.532
12291,153.726,149.027,145.016,140.498,137.352,126.534
12294,153.86,149.045,144.94,140.411,137.256,126.485
12297,154.077,149.069,144.907,140.339,137.175,126.469
12300,154.302,149.129,144.885,140.287,137.092,126.452
12303,154.532,149.226,144.863,140.224,137.039,126.427
12306,154.779,149.304,144.86,140.191,136.986,126.413
12309,155.078,149.425,144.876,140.147,136.946,126.394
12312,155.351,149.549,144.907,140.115,136.886,126.393
12315,155.663,149.666,144.942,140.1,136.849,126.382
12318,156.005,149.834,144.986,140.075,136.808,126.353
12321,156.319,149.982,145.0,140.046,136.749,126.346
