Tiempo,Altura,Senal_de_Control,Set_value
0.10367419999965932,-2.4513618600000004,100.0,30
0.13422339999942778,0.0,0.0,30
0.16628159999982017,0.0,77.87167355236036,30
0.21421419999933278,0.0,78.0408474347116,30
0.24606839999978547,0.0,78.15327402294848,30
0.2781418999993548,0.0,78.26647461118226,30
0.31017139999948995,0.0,78.37951990530037,30
0.34210869999969873,0.0,78.49223978765406,30
0.37415640000017447,0.0,78.60534931706749,30
0.40615579999939655,0.0,78.71828837588828,30
0.4381647999998677,0.0,78.83126131706642,30
0.47021069999937026,0.0,78.94436449353525,30
0.5021864999998797,0.0,79.05722025824294,30
0.5341619000000719,0.0,79.17007461118479,30
0.5661610999995901,0.0,79.28301296412425,30
0.6141434999999547,0.0,79.45236261118437,30
0.6461144999993849,0.0,79.56520143471178,30
0.6781322999995609,-0.13618676999999968,85.56488120192115,30
0.7101210999999239,-0.13618676999999968,79.84019851260929,30
0.7421254999999292,-0.13618676999999968,79.95366799212246,30
0.7741623000001709,-0.13618676999999968,80.06725234368956,30
0.8061538000001747,-0.13618676999999968,80.18067608710751,30
0.8381350999998176,-0.13618676999999968,80.29406366710006,30
0.8702167000001282,-0.13618676999999968,80.40780685409887,30
0.9021629999997458,-0.13618676999999968,80.52107034391051,30
0.9341181999998298,0.0,74.73625383534765,30
0.966216799999529,0.0,80.69907666038033,30
1.0141856999998708,0.0,80.86837866038154,30
1.0467023999999583,0.0,80.98314348391126,30
1.078230899999653,0.0,81.09442054273372,30
1.1101588999999876,0.0,81.20710760155842,30
1.1422163999995973,0.0,81.32025171920411,30
1.1742764999999054,0.0,81.43340501332284,30
1.2061138999997638,0.0,81.54577230743998,30
1.2380803999994896,0.0,81.65859524861548,30
1.2701652999994621,0.0,81.7718360721448,30
1.302211599999282,0.0,81.88494066037946,30
1.3341448000001037,0.0,81.99764607214706,30
1.3661683999998786,0.0,82.11067054273451,30
1.4142047999994247,0.0,82.28021077802701,30
1.4460927999998603,0.0,82.39275666038151,30
1.4781173000001218,0.0,82.50578430744125,30
1.5102478999997402,0.0,82.61918642508695,30
1.5421587999999247,0.0,82.73181313096997,30
1.5743047999994815,0.0,82.84526960155664,30
1.6061739999995552,0.0,82.95774913096866,30
1.6381444999997257,0.0,83.07058618979279,30
1.670120799999495,0.0,83.18344371920374,30
1.7021528999994189,0.0,83.2964981897917,30
1.7341221999995469,0.0,83.40933101332158,30
1.766077299999779,0.0,83.52211371920474,30
1.8141381999994337,0.0,83.69174042508588,30
1.8461661000001186,0.0,83.80478007214712,30
1.87812059999942,0.0,83.91756066037995,30
1.9100576999999248,0.0,84.03027983685232,30
1.9421380999992834,0.0,84.14350477802653,30
1.974176599999737,0.0,84.25658183685165,30
2.006078599999455,0.0,84.36917713096831,30
2.0381252999995922,0.0,84.4822831309688,30
2.0702416999993147,0.0,84.5956351309678,30
2.10214569999971,0.0,84.70823748391038,30
2.134161199999653,0.0,84.82123336626313,30
2.1662626999996064,0.0,84.93453277802766,30
2.2141987999993944,0.0,85.10371901332104,30
2.2461085999993884,0.0,85.21634183685042,30
2.278279499999371,0.0,85.32988618979154,30
2.310131399999591,0.0,85.44230466038056,30
2.342125799999849,0.0,85.55522607214616,30
2.374192499999481,0.0,85.66840266038017,30
2.4061542999997982,0.0,85.78120901332245,30
2.438106799999332,0.0,85.89398254273257,30
2.4701946999994107,0.0,86.00723395449756,30
2.5021944999998595,0.0,86.12017442508738,30
2.534114999999474,0.0,86.23283501332132,30
2.566092799999751,0.0,86.3456978368517,30
2.61425859999963,0.0,86.51569477802774,30
2.646108599999934,0.0,86.62810654273471,30
2.6781193999995594,0.0,86.74108583685103,30
2.7101466999993136,0.0,86.85412336626193,30
2.7421352999999726,0.0,86.96702430744072,30
2.7741009000001213,0.0,87.07984407214713,30
2.806155100000069,0.0,87.19297654273518,30
2.83819929999936,0.0,87.30607371920325,30
2.870148699999845,0.0,87.41883630744027,30
2.902103499999612,0.0,87.53161795449827,30
2.934142299999621,0.0,87.64469607214536,30
2.966131099999984,0.0,87.75759771920548,30
3.014124599999377,0.0,87.92698654273273,30
3.046169100000043,0.0,88.04008477802921,30
3.0781265999994503,0.0,88.1528759544977,30
3.1101131999994323,0.0,88.26576983685058,30
3.1421990999997433,0.0,88.37901418979285,30
3.1741865999993024,0.0,88.49191124861483,30
3.206066099999589,0.0,88.60442713096876,30
3.2381242000001293,0.0,88.71757336626479,30
3.270201299999826,0.0,88.83078666038136,30
3.302184600000146,0.0,88.94366889567662,30
3.3341421999994054,0.0,89.05646042508577,30
3.3661010999994687,0.0,89.16925654273304,30
3.414208099999996,0.0,89.33904595449962,30
3.4461680999993405,0.0,89.4518459544973,30
3.478172699999959,0.0,89.56480336626419,30
3.510178300000007,0.0,89.67776430744084,30
3.542096899999706,0.0,89.7904181897927,30
3.574103500000092,0.0,89.9033826603823,30
3.6061575999992783,0.0,90.01651477802649,30
3.638185899999371,0.0,90.12955583685034,30
3.670159999999669,0.0,90.24240560155728,30
3.702176299999337,0.0,90.35540430743848,30
3.734212899999875,0.0,90.46847466038153,30
3.7661621999995987,0.0,90.58123689567469,30
3.8141909999994823,0.0,90.75075030743898,30
3.84605079999983,0.0,90.86319666038139,30
3.878139899999951,0.0,90.97645230744064,30
3.910123599999679,0.0,91.0893359544985,30
3.9421235999998316,0.0,91.20227713096962,30
3.9741070000000036,0.0,91.31515971920552,30
4.006125699999757,0.0,91.42816689567525,30
4.038125299999592,0.0,91.54110666038055,30
4.070130199999767,0.0,91.6540651309694,30
4.102127999999539,0.0,91.76699854273329,30
4.134259800000109,0.0,91.88040489567648,30
4.166186099999322,0.0,91.99308595449723,30
4.214081399999486,0.0,92.16212818979194,30
4.246051699999953,0.0,92.27496454273476,30
4.278103300000112,0.0,92.38808783685296,30
4.310066399999414,0.0,92.50089877802698,30
4.342194699999709,0.0,92.61429277802802,30
4.374196099999608,0.0,92.72723889567472,30
4.406089600000087,0.0,92.83980418979405,30
4.43811949999963,0.0,92.95285089567479,30
4.4702102000001105,0.0,93.06611218979414,30
4.502131999999619,0.0,93.17877736626299,30
4.5340674999997646,0.0,93.29149089567527,30
4.566404899999725,0.0,93.40562289567514,30
4.614365899999939,0.13618677000000012,89.62866649597171,30
4.646302899999682,0.13618677000000012,93.63826979443385,30
4.678171499999735,0.13618677000000012,93.75023660835188,30
4.7101262999995015,0.27237354000000025,87.96432150748572,30
4.742078599999331,0.27237354000000025,93.92567732446129,30
4.774140200000147,0.40856031000000037,88.15910760582778,30
4.806120100000044,0.5447470800000003,88.20696801373596,30
4.838074599999345,0.6809338500000002,88.26447672499582,30
4.870144399999845,0.8171206200000003,88.3475465953524,30
4.902175599999282,0.9533073900000004,88.4019156119902,30
4.934085299999424,1.2256809300000002,82.53371049413249,30
4.9660893000000215,1.4980544700000005,82.57941404404394,30
5.01418029999968,1.7704280100000003,86.55050554307955,30
5.046064000000115,2.0428015500000005,82.60766045322296,30
5.07813139999962,2.4513618600000004,76.80549592261337,30
5.1101613000000725,2.7237354000000007,82.62756485494032,30
5.1421997999996165,3.9494163300000005,41.45602123077063,30
5.174196999999367,4.35797664,76.39170722698478,30
5.206115799999679,4.630350180000001,82.20399985582539,30
5.2381163000000015,4.630350180000001,94.0119194583283,30
5.2701060999997935,4.902723720000001,82.3238277202242,30
5.302135299999463,5.311284030000001,76.45101737560066,30
5.334225999999944,5.719844340000001,76.43203954228719,30
5.366123400000106,6.26459142,70.3628163909073,30
5.41416930000014,6.673151730000001,82.1194783952293,30
5.446088799999416,7.081712040000001,76.16464392883323,30
5.478151700000126,7.626459120000001,70.30546386194756,30
5.510095300000103,8.035019430000002,76.00837824270312,30
5.5422067999998035,8.44357974,76.03740576253563,30
5.574166800000057,8.988326820000001,69.99271011776287,30
5.60607809999965,9.396887130000001,75.74774015342697,30
5.638124099999914,9.94163421,69.87200353779446,30
5.67018730000018,10.48638129,69.7658641305148,30
5.702147500000137,11.031128370000001,69.56977132145752,30
5.7341153999996095,11.575875450000002,69.45243442559646,30
5.766139700000167,12.120622530000002,69.3687240117584,30
5.8141427999999,12.66536961,77.04609172857967,30
5.846045399999639,13.210116690000001,69.05604412609375,30
5.878165000000081,13.891050540000002,63.21533149941341,30
5.910146999999597,14.299610850000002,74.69427997353114,30
5.942169099999774,14.980544700000001,62.8578644466761,30
5.974219099999573,15.525291780000002,68.5778177124349,30
6.006123399999524,16.206225630000002,62.423858217042586,30
6.038083299999926,16.75097271,68.18104691002425,30
6.070240500000182,17.43190656,62.319013730209086,30
6.102134899999328,18.112840410000004,61.88381018976794,30
6.134195399999953,18.657587490000004,67.71646549602946,30
6.166206500000044,19.202334570000005,67.52887620499484,30
6.214179699999477,19.747081650000005,75.16613407821869,30
6.246064500000102,20.4280155,61.23508497967123,30
6.278120500000114,21.108949350000003,61.18483270944355,30
6.3104936999998245,21.653696430000004,67.08403602384372,30
6.342141000000083,22.198443510000004,66.39106149688614,30
6.374159399999371,22.87937736,60.61339464557943,30
6.40618910000012,23.560311210000002,60.40762922673857,30
6.438212099999873,24.105058290000002,66.06861797515926,30
6.47015250000004,24.785992140000005,59.9352559003843,30
6.502261699999508,25.330739220000005,65.73593711066043,30
6.534158299999945,26.01167307,59.49508624116322,30
6.566116500000135,26.692606920000003,59.32367071826786,30
6.614035499999773,27.237354000000003,72.7886556090748,30
6.646659699999873,27.918287850000006,59.51165629247567,30
6.678228799999488,28.5992217,58.31906104810996,30
6.710170599999401,29.14396878,64.32744020587839,30
6.7422018999996,29.688715860000002,64.20175470720318,30
6.7742075999994995,30.233462940000003,63.989941245327174,30
6.806085799999892,30.778210020000003,63.70132350607916,30
6.838169099999504,31.322957100000004,63.65400566678454,30
6.870264700000007,32.003890950000006,57.5910952776468,30
6.902105499999379,32.548638030000006,63.026809631662196,30
6.934137899999769,33.09338511,62.96334594697939,30
6.9661098999995374,33.77431896,56.81826350537086,30
7.014104599999882,30.233462940000003,100.0,30
7.046053099999881,30.914396790000005,57.801390597640165,30
7.078115700000126,31.459143870000005,63.53766684411325,30
7.110142800000176,32.003890950000006,63.31200425372149,30
7.142249499999707,32.6848248,57.2974807882788,30
7.174142099999699,33.22957188,62.75869718316073,30
7.206156299999748,33.77431896,62.64126591985061,30
7.238101099999767,34.455252810000005,56.48201580048795,30
7.2701146999997945,34.999999890000005,62.17265961743019,30
7.302023599999302,35.68093374,55.976348223471106,30
7.334170399999493,40.31128392,0.0,30
7.366237700000056,40.856031,60.04365730971559,30
7.414161199999398,41.40077808,67.50167192493485,30
7.446118500000011,41.94552516,59.46968330978009,30
7.478096599999844,42.49027224,59.24564781639392,30
7.510129799999959,43.03501932,59.04447829956403,30
7.542158599999311,43.579766400000004,58.797838262092775,30
7.574135599999863,44.124513480000005,58.51462229327462,30
7.606112699999358,44.53307379,64.16135157029167,30
7.638149899999917,45.077820870000004,58.110594374064995,30
7.670108499999515,45.48638118,63.69968287724787,30
7.702140399999735,45.89494149,63.535738648677665,30
7.734112600000117,46.43968857,57.402525653042446,30
7.766138299999511,46.84824888,63.07057157066749,30
7.814100199999302,47.256809190000006,68.64700205515452,30
7.846102099999371,47.665369500000004,62.605272056255714,30
7.900025399999322,44.26070025,100.0,30
7.91022299999986,44.669260560000005,26.08735004632443,30
7.9422915999994075,45.077820870000004,63.390017942642906,30
7.9742630999999164,45.48638118,63.134462403565216,30
8.006165599999804,45.89494149,62.89267172745868,30
8.03802689999975,46.3035018,62.66463245114576,30
8.06989799999974,46.712062110000005,62.46318402725572,30
8.102081999999427,47.256809190000006,56.56869298410603,30
8.134129999999459,47.665369500000004,62.0918987131028,30
8.166245200000048,48.210116580000005,56.04705515264059,30
8.214204699999755,48.48249012,71.3331671158783,30
8.246087200000147,48.89105043,61.324531278177915,30
8.278170699999464,49.163423970000004,67.09239921095502,30
8.310136399999465,49.43579751,66.8802347457606,30
8.342105400000037,49.844357820000006,60.81559984101439,30
8.374210299999504,50.11673136,66.53999551243139,30
8.406128799999351,50.3891049,66.29929768527035,30
8.438130599999567,54.338521230000005,0.0,30
8.47006969999984,54.74708154,58.731639581150375,30
8.502117500000168,55.01945508,64.43335946128434,30
8.534102699999494,55.291828620000004,64.21922463366835,30
8.566110599999774,55.56420216,64.0351165299817,30
8.614203999999518,55.836575700000004,67.69927182481115,30
8.646126199999344,56.10894924,63.567258539301086,30
8.678105999999389,56.381322780000005,63.39296488078473,30
8.710135499999524,56.65369632,63.21453662636828,30
8.742153600000165,56.789883090000004,68.89944401540188,30
8.774122499999976,53.52140061,100.0,30
8.80614979999973,53.65758738,69.8290322190475,30
8.838209200000165,53.793774150000004,69.69706721866935,30
8.870171999999911,53.929960920000006,69.5413953925425,30
8.902145199999723,53.929960920000006,75.29952434514637,30
8.934085799999593,53.929960920000006,75.2096023087042,30
8.96615919999931,53.929960920000006,75.11930640181423,30
9.014244799999688,53.929960920000006,74.98393151607027,30
9.046129599999404,53.793774150000004,80.80519246735888,30
9.078125099999852,57.334630170000004,0.0,30
9.110103099999833,57.334630170000004,73.48730099334045,30
9.142111399999521,57.1984434,79.27277580955227,30
9.174166299999342,57.334630170000004,67.45045699348576,30
9.206115599999976,57.334630170000004,73.17905310249212,30
9.23812850000013,57.1984434,78.96367406223266,30
9.270214099999976,57.1984434,73.02201555963624,30
9.302093599999353,57.06225663,78.83200744569075,30
9.334112399999867,56.926069860000005,78.75313584671466,30
9.366096799999468,56.926069860000005,72.81390200379084,30
9.41412229999969,56.789883090000004,76.60276533060687,30
9.446075599999858,56.789883090000004,72.60989466359214,30
9.478144599999723,56.789883090000004,72.50882116232043,30
9.510096399999384,56.789883090000004,72.4081170462609,30
9.54202179999993,56.789883090000004,72.30749613642372,30
9.57414449999942,56.789883090000004,72.20625338612707,30
9.606063799999902,56.926069860000005,66.20096168742502,30
9.638126199999533,56.926069860000005,71.95550797036654,30
9.670155400000112,56.926069860000005,71.85404673780471,30
9.702277899999899,56.926069860000005,71.75228995203152,30
9.734158999999636,56.789883090000004,77.56300407562532,30
9.766135899999426,56.789883090000004,71.59909135857875,30
9.814163899999585,56.789883090000004,71.44771906386688,30
9.846082600000045,56.789883090000004,71.34711927076134,30
9.87808159999986,56.926069860000005,65.35616093690213,30
9.910112099999424,56.926069860000005,71.09622243545734,30
9.94212879999941,56.926069860000005,70.99480080005895,30
9.974134699999922,57.06225663,65.00456715806315,30
10.00608370000009,57.06225663,70.74311559693372,30
10.038129599999593,57.06225663,70.6410880240248,30
10.070125799999914,57.06225663,70.53921868571969,30
10.102046500000142,57.1984434,64.5331565283216,30
10.134161899999526,57.1984434,70.28624897379072,30
10.166176299999279,57.1984434,70.18380875656976,30
10.214136399999916,57.1984434,70.03034521947261,30
10.246218999999655,57.1984434,69.92768677474112,30
10.278197999999975,57.1984434,69.82535983103556,30
10.310124999999971,57.334630170000004,63.81992148884037,30
10.3421658999996,57.334630170000004,69.57158345465422,30
10.374173700000028,57.1984434,75.35715109573835,30
10.406113000000005,57.1984434,69.41503036407127,30
10.43805919999977,57.1984434,69.31280837436083,30
10.47011620000012,57.1984434,69.21023184493926,30
10.502123399999618,57.1984434,69.10781466640059,30
10.534114600000066,57.334630170000004,63.11391909101953,30
10.566118299999289,57.334630170000004,68.85395146237032,30
10.614116599999761,57.470816940000006,64.75639425872839,30
10.646098600000187,57.470816940000006,68.54740034588431,30
10.678172899999481,57.60700371,62.56734801146974,30
10.710182400000122,57.74319048,62.40300831485743,30
10.742115299999568,57.879377250000005,62.23619688243662,30
10.774154099999578,58.01556402000001,62.10188108143804,30
10.80614019999939,58.15175079,61.93826564793334,30
10.83816139999999,58.28793756,61.79003917593392,30
10.870092699999987,58.424124330000005,61.61875957709459,30
10.902151299999787,58.56031110000001,61.486220614788856,30
10.934177699999964,58.69649787,61.32416942156694,30
10.966347300000052,58.69649787,67.05209213257561,30
11.014172399999552,58.832684640000004,62.933328596784655,30
11.046152500000062,58.968871410000006,60.83976309646635,30
11.078078599999571,59.10505818000001,60.67249200319266,30
11.110107900000003,59.10505818000001,66.41768507390746,30
11.142185199999403,59.24124495,60.432000737112325,30
11.174159399999553,59.24124495,66.14927261380137,30
11.206095200000163,59.377431720000004,60.13774413371708,30
11.238155099999858,59.377431720000004,65.88002677649166,30
11.270158499999525,59.513618490000006,59.88011523444731,30
11.302096399999755,59.513618490000006,65.60994448896794,30
11.33418249999977,59.513618490000006,65.49853544023472,30
11.366134699999748,59.513618490000006,65.3875913177976,30
11.414089899999453,59.513618490000006,65.22108173222078,30
11.446096699999543,59.513618490000006,65.10994802818684,30
11.47816309999962,59.377431720000004,70.87643567801098,30
11.510116299999936,59.377431720000004,64.93675142609823,30
11.542081399999915,59.377431720000004,64.82627465637208,30
11.574198499999511,59.377431720000004,64.71527254904473,30
11.606127600000036,59.24124495,70.5078129560219,30
11.638124499999321,59.24124495,64.5434236649661,30
11.670140999999603,59.10505818000001,70.32019501249445,30
11.702156899999864,58.968871410000006,70.25925687628441,30
11.73409409999931,58.968871410000006,64.31196829962603,30
11.766125199999806,58.968871410000006,64.20280302703365,30
11.814185999999609,58.968871410000006,64.03900689349766,30
11.846092400000089,58.968871410000006,63.93026661128942,30
11.878129599999738,58.968871410000006,63.82108054927457,30
11.910119799999848,59.10505818000001,57.82034244196915,30
11.94209679999949,59.10505818000001,63.55398297426228,30
11.974092699999346,59.10505818000001,63.44442502943672,30
12.006143699999484,59.24124495,57.454049503674106,30
12.03814009999951,59.377431720000004,57.285446583012714,30
12.07008549999955,59.377431720000004,63.01703942644233,30
12.102104999999938,59.513618490000006,57.020008806757886,30
12.134186999999656,59.513618490000006,62.74640089401411,30
12.166202800000065,59.513618490000006,62.635235940265375,30
12.21418519999952,59.513618490000006,62.468631911110265,30
12.246258699999998,59.64980526,56.48072860253206,30
12.278195199999573,59.64980526,62.19728551761683,30
12.310085099999924,59.64980526,62.08604677352609,30
12.342128700000103,59.513618490000006,67.85624751068862,30
12.374147800000173,59.513618490000006,61.91167479973237,30
12.406167799999821,59.513618490000006,61.80049526278656,30
12.43811370000003,59.513618490000006,61.68957301514821,30
12.470131499999297,59.513618490000006,61.57840111702263,30
12.502096700000038,59.513618490000006,61.467411856107525,30
12.53420079999978,59.513618490000006,61.355940307947854,30
12.566157100000055,59.513618490000006,61.244981949529006,30
12.614073400000052,59.513618490000006,61.07860743215816,30
12.646080399999846,59.513618490000006,60.96747303368718,30
12.678156399999352,59.513618490000006,60.85609905407886,30
12.710129899999629,59.513618490000006,60.745080973984955,30
12.742058099999667,59.513618490000006,60.63422018411748,30
12.774319899999682,59.377431720000004,66.36472649654146,30
12.806143299999349,59.24124495,66.3831327650265,30
12.838124099999732,59.24124495,60.39935401379925,30
12.870113399999354,59.10505818000001,66.18118274137929,30
12.902131099999679,59.10505818000001,60.22825199627858,30
12.934072500000184,59.10505818000001,60.1188806662356,30
12.966095299999324,59.10505818000001,60.00923061246365,30
13.014097899999797,58.968871410000006,63.78771735758298,30
13.046119399999952,58.968871410000006,59.78456619450846,30
13.078094699999383,58.832684640000004,65.57002589237143,30
13.110114600000088,58.832684640000004,59.61555524038168,30
13.14223260000017,58.69649787,65.37507239107828,30
13.174255999999332,58.69649787,59.44707603585731,30
13.206111099999362,58.56031110000001,65.25602260664945,30
13.238119499999812,58.424124330000005,65.1689483647263,30
13.270042399999511,58.424124330000005,59.22238636928022,30
13.302079399999457,58.28793756,64.99843143493213,30
13.334124999999403,58.15175079,64.93879744915881,30
13.366151499999432,58.15175079,58.999694389586175,30
13.414111299999604,58.01556402000001,62.78718095281296,30
13.446089799999754,58.01556402000001,58.78428777178512,30
13.478106599999592,57.879377250000005,64.56562013722834,30
13.510088799999721,57.74319048,64.51561535385788,30
13.542569700000058,57.74319048,58.56500543204658,30
13.574142999999822,57.60700371,64.43081261016962,30
13.606097500000033,57.60700371,58.406740502601004,30
13.63808919999974,57.60700371,58.302835210767924,30
13.670114399999875,57.60700371,58.198821114860024,30
13.702108899999985,57.470816940000006,63.985833717881654,30
13.734140300000035,57.470816940000006,58.039964236233764,30
13.766175199999452,57.470816940000006,57.9364318981661,30
13.814094299999852,57.334630170000004,61.731201728241935,30
13.846156099999462,57.334630170000004,57.72729213202915,30
13.878163700000187,57.334630170000004,57.624360848658675,30
13.91009699999995,57.334630170000004,57.52166850211735,30
13.942056799999591,57.1984434,63.31616063423171,30
13.974208099999487,57.1984434,57.3645906415704,30
14.006086399999731,57.06225663,63.17480706582484,30
14.03825389999929,57.06225663,57.20874786913883,30
14.070126499999787,56.789883090000004,68.93381143105285,30
14.102154999999584,56.51750955000001,68.8729304783003,30
14.134169399999337,56.51750955000001,57.100761963240544,30
14.166215799999918,56.24513601,68.76371854694351,30
14.214135599999281,56.10894924,60.89956584019406,30
14.246042699999634,56.10894924,56.90081164833168,30
14.278172199999972,55.972762470000006,62.66850244328105,30
14.310116499999822,55.836575700000004,62.65319978893758,30
14.342092400000183,55.70038893,62.59880142981798,30
14.374122399999578,55.70038893,56.656209437657964,30
14.40606789999947,55.56420216,62.459507379398026,30
14.438103299999966,55.56420216,56.51184939624754,30
14.470095499999843,55.56420216,56.41563115291341,30
14.502072899999803,55.70038893,50.42540649495651,30
14.534111699999812,55.70038893,56.174007441405195,30
14.566101499999604,55.70038893,56.077283876489005,30
14.614090099999885,55.70038893,55.932186737169786,30
14.646117599999343,55.56420216,61.72025695261995,30
14.678090899999916,55.56420216,55.78776684545185,30
14.710106099999393,55.428015390000006,61.57862927423705,30
14.742110000000139,55.428015390000006,55.64431762779777,30
14.7742161999995,55.291828620000004,61.41887371609236,30
14.8061588999999,55.291828620000004,55.50180545225736,30
14.838217599999552,55.15564185,61.285642761646955,30
14.870216899999832,55.15564185,55.360292535124934,30
14.902010099999643,55.01945508,61.19411580609982,30
14.934090899999319,54.883268310000005,61.0955595232744,30
14.96606729999985,54.883268310000005,55.17531836876762,30
15.014101499999924,54.74708154,58.97499336310038,30
15.04613739999968,54.61089477,60.873644072563984,30
15.07815699999992,54.47470800000001,60.83248375945569,30
15.110131999999794,54.338521230000005,60.79713663979602,30
15.142172400000163,54.338521230000005,54.85948216640264,30
15.174178700000084,54.338521230000005,54.767836753221246,30
15.20612759999949,54.47470800000001,48.777090775838644,30
15.238083499999448,54.47470800000001,54.53576479677622,30
15.27015979999942,54.47470800000001,54.44340502310332,30
15.302149099999951,54.47470800000001,54.35129575526362,30
15.334117499999593,54.61089477,48.36355021986344,30
15.365998799999943,54.61089477,54.118359454346454,30
15.414118699999563,54.47470800000001,57.91239633138389,30
15.446106299999883,54.47470800000001,53.93576564715721,30
15.478224999999838,54.47470800000001,53.84328378788209,30
15.510182799999711,54.47470800000001,53.751265220432764,30
15.542109500000151,54.61089477,47.756003403708014,30
15.574141399999462,54.47470800000001,59.402119754189286,30
15.6060609999995,54.47470800000001,53.47468416834922,30
15.638135499999407,54.338521230000005,59.25868590245218,30
15.670109699999557,54.20233446,59.23399178772096,30
15.702061399999366,54.20233446,53.29695695756745,30
15.734133299999485,54.06614769,59.08246629189936,30
15.766112399999656,53.929960920000006,59.05741475387409,30
15.814137700000174,53.793774150000004,57.01806111824923,30
15.846044699999766,53.65758738,58.94351417834963,30
15.8780885999995,53.385213840000006,64.75979996801956,30
15.910070999999334,53.249027070000004,58.89826371409506,30
15.94216779999988,53.1128403,58.83822208937871,30
15.974120999999286,52.97665353,58.8260864266547,30
16.006094700000176,52.840466760000005,58.78448470209624,30
16.03809850000016,52.70427999,58.74156715343473,30
16.070102499999848,52.70427999,52.81543080843547,30
16.10208650000004,52.56809322,58.62284340972902,30
16.134076999999706,52.43190645000001,58.585297400289704,30
16.166245999999774,52.295719680000005,58.51656100550515,30
16.214214300000094,52.295719680000005,52.58008214448785,30
16.246087099999386,52.295719680000005,52.49647896634657,30
16.27803330000006,52.15953291,58.31244261849308,30
16.31010139999944,52.295719680000005,46.500140054647694,30
16.34232879999945,52.15953291,58.09325575433806,30
16.374169099999563,52.15953291,52.21012082103581,30
16.406184599999506,52.15953291,52.126656288579476,30
16.438071599999603,52.15953291,52.043526756120265,30
16.47009639999942,52.15953291,51.96003797852825,30
16.502175999999963,52.15953291,51.87640633712217,30
16.534095699999853,52.02334614,57.69780819113971,30
16.566071499999452,52.02334614,51.75892017203074,30
16.614118499999677,51.887159370000006,55.573687155845775,30
16.646021200000177,51.750972600000004,57.50885568945952,30
16.678080099999534,51.750972600000004,51.56765914434788,30
16.710116499999458,51.61478583,57.36896651157569,30
16.742150499999298,51.07003875,74.98769392802814,30
16.774103799999466,51.342412290000006,39.77099065654386,30
16.806130899999516,51.206225520000004,57.275318306257226,30
16.838185599999633,51.07003875,57.238900828102224,30
16.870254599999498,51.07003875,51.32803099754175,30
16.902186499999516,50.93385198,57.15125676145855,30
16.934183999999732,50.93385198,51.21865119909764,30
16.966152099999817,50.797665210000005,57.035671280020516,30
17.014109400000052,50.66147844,55.0176880664758,30
17.04602199999954,50.52529167,56.94833865420572,30
17.078074999999444,50.3891049,56.89386186271035,30
17.110081299999365,50.11673136,62.762948667546404,30
17.142192299999806,49.98054459,56.87629594359903,30
17.174102299999504,49.844357820000006,56.88653104741036,30
17.20609179999974,49.708171050000004,56.84586804714531,30
17.238114199999472,49.57198428,56.81419622280396,30
17.270153099999334,49.43579751,56.78599695115432,30
17.302073599999858,49.299610740000006,56.783226515549,30
17.334087100000033,49.163423970000004,56.74210583251721,30
17.36612530000002,49.0272372,56.71395277631135,30
17.41410899999937,48.89105043,54.71654893659088,30
17.446025199999895,48.754863660000005,56.65532229774152,30
17.478106099999422,48.61867689,56.60304957545288,30
17.510138199999346,48.48249012,56.59034123811484,30
17.54206720000002,48.34630335,56.58833499541841,30
17.574110200000177,48.07392981,62.42900982311522,30
17.606089599999905,47.93774304,56.5876849202816,30
17.638084600000184,47.665369500000004,62.45672944784193,30
17.670102099999895,47.52918273,56.59240431402372,30
17.702110999999604,47.256809190000006,62.46483996804607,30
17.73408919999929,47.120622420000004,56.61438185973089,30
17.766102900000078,46.84824888,62.47942050214974,30
17.814198799999758,46.712062110000005,54.64169948151969,30
17.84607749999941,46.57587534,56.6047048506776,30
17.878145300000142,46.3035018,62.433746094905054,30
17.910167600000023,46.3035018,50.714337192968394,30
17.942121099999895,46.167315030000005,56.55147122782225,30
17.974113399999624,46.03112826,56.53210454208957,30
18.00604529999964,45.89494149,56.531509738113265,30
18.038144099999954,45.758754720000006,56.489628147324424,30
18.070080299999972,45.622567950000004,56.50864603845643,30
18.102140500000132,45.48638118,56.475662766077924,30
18.134296899999754,45.35019441,56.44821495599251,30
18.16618539999945,45.214007640000005,56.48803949666365,30
18.214109499999722,45.077820870000004,54.489722844734764,30
18.246121199999834,44.9416341,56.420329642478585,30
18.278083299999707,44.80544733,56.42178492826859,30
18.309977399999298,44.669260560000005,56.42727699696978,30
18.342083900000034,44.53307379,56.38167645346761,30
18.37411119999979,44.39688702,56.3898931762469,30
18.40606889999981,44.26070025,56.39705361728229,30
18.438094799999817,43.98832671,62.26464542080535,30
18.470079499999883,43.715953170000006,62.324201904124386,30
18.502030300000115,43.579766400000004,56.48328473694255,30
18.534064800000124,43.30739286,62.34903171318403,30
18.56618879999951,43.171206090000005,56.49600946651181,30
18.614143599999807,42.89883255,58.49637307783968,30
18.646082499999466,42.76264578,56.553201971148546,30
18.678072599999723,42.49027224,62.436111253165585,30
18.710142899999482,42.35408547,56.57980117333092,30
18.742069099999753,42.081711930000004,62.51170817321906,30
18.774131099999977,41.94552516,56.63507006861545,30
18.80608570000004,41.80933839,56.65833527834491,30
18.838050199999998,41.673151620000006,56.66069222383694,30
18.87009769999986,41.536964850000004,56.65011505974631,30
18.9021616,41.40077808,56.65219140067465,30
18.93410849999964,41.26459131,56.67927009711583,30
18.966063799999574,40.99221777,62.58205456719105,30
19.01418299999932,40.856031,54.754215734373716,30
19.046109500000057,40.71984423,56.73222649413133,30
19.078047299999525,40.44747069,62.63975215573191,30
19.110129799999413,40.31128392,56.76978130073734,30
19.14219099999991,40.17509715,56.783338454312705,30
19.17416239999966,39.90272361,62.70516806096145,30
19.206075000000055,39.76653684,56.8807690849398,30
19.23821659999976,35.27237343,100.0,30
19.270105799999328,35.13618666,58.480102341364514,30
19.302110300000095,34.86381312,64.37732650291235,30
19.33408739999959,34.59143958,64.46619434963988,30
19.366229799999928,38.540855910000005,0.0,30
19.41415379999944,38.40466914,55.250015375755126,30
19.44619379999949,38.1322956,63.08319154039195,30
19.478316599999744,37.85992206,63.119543728547214,30
19.51003059999948,37.58754852,63.337382553189514,30
19.54210460000013,37.31517498,63.27360169117052,30
19.57411569999931,37.042801440000005,63.36611311539567,30
19.60609839999961,36.7704279,63.4471404600501,30
19.638069099999484,36.498054360000005,63.52321882875336,30
19.67016489999969,36.22568082,63.550265221874355,30
19.702055499999915,35.953307280000004,63.69900909173326,30
19.734075200000007,35.54474697,69.61280515646135,30
19.76612159999968,35.27237343,63.84158120073633,30
19.814083799999935,34.86381312,63.98445708715589,30
19.846058699999958,34.59143958,64.06328049765673,30
19.878086199999416,34.18287927,70.0088441256976,30
19.91008619999957,33.910505730000004,64.26395654254358,30
19.942086299999573,33.501945420000006,70.23626000238461,30
19.974251900000127,33.09338511,70.2785865875751,30
20.006124399999862,32.82101157,64.65975056220077,30
20.038073099999565,32.548638030000006,64.71832737220065,30
20.070190999999795,32.27626449,64.74421388728577,30
20.102063199999975,32.003890950000006,64.92256201804295,30
20.134140600000137,31.731517410000002,64.93712529066035,30
20.166153799999847,31.459143870000005,65.05113381315091,30
20.214107499999955,31.59533064,49.41820670717819,30
20.246093099999598,30.914396790000005,82.77295533477914,30
20.278106199999456,31.18677033,41.774575418064835,30
20.310083200000008,31.05058356,59.342142788362,30
20.34214780000002,30.914396790000005,59.3707893806218,30
20.374152800000047,30.64202325,65.3157914346865,30
20.40609940000013,30.505836480000006,59.532201076261806,30
20.438093499999923,30.369649710000004,59.57018878870528,30
20.47005850000005,30.09727617,65.51901384748923,30
20.502073999999993,29.961089400000006,59.710262059664856,30
20.534094699999514,29.688715860000002,65.64418652780579,30
20.566143299999567,29.55252909,59.85128956514721,30
20.614098099999865,29.416342320000005,57.96806217335491,30
20.646095899999636,29.14396878,65.85300828145627,30
20.678101399999832,29.00778201,60.061658901030626,30
20.710087899999962,28.735408470000003,66.00982836976085,30
20.74207579999984,28.463034930000006,66.11123271425939,30
20.77411839999968,28.326848160000004,60.3120765028017,30
20.80612999999994,28.190661390000002,60.37260574965268,30
20.83807209999941,28.735408470000003,30.93813612523671,30
20.870138100000077,28.5992217,60.22853833388017,30
20.902092999999695,28.463034930000006,60.30264955849846,30
20.93406219999997,28.326848160000004,60.354391785738535,30
20.966070399999808,28.05447462,66.29057350008868,30
21.014138999999886,27.918287850000006,58.5593880634802,30
21.04608459999963,27.782101080000004,60.57840904797913,30
21.07812130000002,27.50972754,66.5019406522653,30
21.110141699999986,27.373540770000005,60.72821816982989,30
21.14213099999961,27.237354000000003,60.7923564980455,30
21.17415970000002,27.237354000000003,54.959468221325736,30
21.20609239999976,27.10116723,60.872079711253555,30
21.238083399999596,26.96498046,60.92090074395941,30
21.27024949999941,26.828793690000005,60.94916029114378,30
21.30217579999953,26.692606920000003,61.05329695692948,30
21.334097999999358,26.55642015,61.11504740041579,30
21.36620529999982,26.42023338,61.14287759608084,30
21.41410949999954,26.284046610000004,59.29208015071843,30
21.446066200000132,26.147859840000002,61.30187039051034,30
21.478067099999862,26.01167307,61.356872547758066,30
21.510075600000164,25.875486300000006,61.41908326012311,30
21.542144399999415,25.739299530000004,61.47224319835175,30
21.574093000000175,25.739299530000004,55.65944536272445,30
21.60609839999961,25.603112760000002,61.56442580315712,30
21.638091499999973,25.603112760000002,55.740616480139536,30
21.670080299999427,25.603112760000002,55.75716367385019,30
21.702080699999897,25.46692599,61.66356678187947,30
21.73408329999984,25.46692599,55.83936257336357,30
21.766067900000053,25.46692599,55.856420050890776,30
21.814139999999497,25.46692599,55.882057037610025,30
21.84609730000011,25.46692599,55.899099955970335,30
21.878124699999717,25.46692599,55.916180258858105,30
21.91006979999929,25.603112760000002,50.03325584792599,30
21.942065399999592,25.603112760000002,55.901189639792946,30
21.97411099999954,25.603112760000002,55.91776621505623,30
22.006136199999673,25.739299530000004,50.04900534957447,30
22.038109600000098,25.739299530000004,55.901780162715255,30
22.070181399999456,25.739299530000004,55.91785643722478,30
22.102157599999373,25.739299530000004,55.93388479138578,30
22.13411449999967,25.739299530000004,55.94990347125061,30
22.166173599999638,25.739299530000004,55.965973379772684,30
22.214062000000013,25.739299530000004,55.98997786546553,30
22.2460430000001,25.739299530000004,56.006008625669224,30
22.278104500000154,25.603112760000002,61.90079884662679,30
22.31009939999967,25.603112760000002,56.08720969364551,30
22.342050899999776,25.603112760000002,56.10373759278073,30
22.374086499999976,25.46692599,62.003741215016795,30
22.406132299999626,25.46692599,56.185978303235274,30
22.438041800000065,25.330739220000005,62.10948410821068,30
22.470056699999986,25.194552450000003,62.15636403223612,30
22.50209790000008,25.05836568,62.21826525300301,30
22.53411099999994,24.92217891,62.2905762391275,30
22.566059799999493,24.785992140000005,62.369991407811355,30
22.614100799999505,24.649805370000003,60.48849661906879,30
22.6460634999994,24.5136186,62.51444808685959,30
22.67807509999966,24.241245060000004,68.4625619007304,30
22.71009259999937,24.105058290000002,62.692529077468336,30
22.742112500000076,23.96887152,62.76287695167168,30
22.773987999999918,23.832684750000006,62.86051623973855,30
22.806084299999384,23.696497980000004,62.89204310595407,30
22.83800809999957,23.560311210000002,62.995763784695235,30
22.870084600000155,23.42412444,63.04077106153221,30
22.90205160000005,23.287937670000005,63.1340411268213,30
22.9340830000001,23.151750900000003,63.19615768240684,30
22.96611849999954,23.151750900000003,57.38634982638832,30
23.01400079999985,23.01556413,61.3775625335902,30
23.0461507,22.87937736,63.36286792992969,30
23.078126299999894,22.743190590000005,63.46992566045141,30
23.11005759999989,22.607003820000003,63.55387447599428,30
23.14217169999938,22.607003820000003,57.72789425368096,30
23.174150899999404,22.47081705,63.64943055232766,30
23.206084699999337,22.33463028,63.734604622775414,30
23.23806499999955,22.198443510000004,63.803511986482434,30
23.27026549999937,22.062256740000002,63.841678337743915,30
23.3021762999997,21.92606997,63.97275554280012,30
23.333981799999492,21.92606997,58.145294200479945,30
23.366100899999765,21.789883200000006,64.04406799696162,30
23.414135999999417,21.789883200000006,58.27078074801052,30
23.446048199999495,21.789883200000006,58.30160461734529,30
23.478047399999923,21.789883200000006,58.3325125196406,30
23.51010589999987,21.789883200000006,58.36347769957382,30
23.54202389999955,21.653696430000004,64.29923568074487,30
23.574075900000025,21.653696430000004,58.474356917147254,30
23.60614540000006,21.653696430000004,58.50584653859884,30
23.638076999999612,21.653696430000004,58.53720075354848,30
23.670081399999617,21.653696430000004,58.56862645213386,30
23.70207169999958,21.51750966,64.49173226808139,30
23.734100799999396,21.51750966,58.680579893553954,30
23.76610459999938,21.38132289,64.60174717404732,30
23.814079599999786,21.245136120000005,62.754834686151476,30
23.84606410000015,21.108949350000003,64.78427282051359,30
23.878064300000005,20.97276258,64.86345656517635,30
23.91008150000016,20.83657581,64.94293709566054,30
23.94211499999983,20.700389040000005,65.0230792397269,30
23.974120299999413,20.564202270000003,65.11181549504903,30
24.00608269999975,20.4280155,65.20371374431892,30
24.03849859999991,20.4280155,59.39200184708695,30
24.07005719999961,20.29182873,65.39915734351399,30
24.10207199999968,20.29182873,59.51267734890037,30
24.13420219999989,20.155641960000004,65.4156288145493,30
24.166188399999555,20.155641960000004,59.63500030276325,30
24.214053199999398,20.019455190000002,63.64449745926651,30
24.246061799999552,20.019455190000002,59.77685210956645,30
24.27808709999954,19.88326842,65.69976429653714,30
24.310152299999572,19.88326842,59.90119877960506,30
24.34203609999986,19.747081650000005,65.85035674448096,30
24.374103000000105,19.747081650000005,60.02640367554986,30
24.40609200000017,19.747081650000005,60.064989629090896,30
24.43807629999992,19.610894880000004,65.99635990162498,30
24.470088699999906,19.610894880000004,60.191275364812114,30
24.50207159999991,19.610894880000004,60.230366389534765,30
24.5340671999993,19.610894880000004,60.26947293680195,30
24.566292200000134,19.610894880000004,60.30885986768438,30
24.614174399999683,19.610894880000004,60.36738377464582,30
24.646143500000107,19.47470811,66.30202636063291,30
24.678118499999982,19.47470811,60.494629730780694,30
24.710103599999456,19.47470811,60.534235908854264,30
24.742025900000044,19.33852134,66.47790403931324,30
24.77409970000008,19.33852134,60.66257159879307,30
24.80610290000004,19.33852134,60.70271294395205,30
24.83803649999936,19.202334570000005,66.6448348424677,30
24.87003939999977,19.202334570000005,60.8319982669829,30
24.902030399999603,19.066147800000003,66.76420298825552,30
24.934121700000105,19.066147800000003,60.96249552661111,30
24.96608920000017,19.066147800000003,61.00361645839983,30
25.014055699999517,18.92996103,65.01110118970632,30
25.04609739999978,18.92996103,61.155881658625155,30
25.078080499999487,18.92996103,61.197535089610824,30
25.11011520000011,18.79377426,67.12285185501293,30
25.142132299999503,18.79377426,61.33004558841713,30
25.174087399999735,18.79377426,61.37217453714029,30
25.206125300000167,18.79377426,61.41441264768622,30
25.23823469999934,18.79377426,61.45674502236464,30
25.270140799999353,18.79377426,61.49880937049207,30
25.302018999999746,18.657587490000004,67.4530764745039,30
25.334000099999685,18.657587490000004,61.63208923322191,30
25.366129799999726,18.657587490000004,61.67496315218932,30
25.414018899999974,18.657587490000004,61.73886643771114,30
25.44606190000013,18.657587490000004,61.7816246640711,30
25.478076999999757,18.79377426,55.93717757948813,30
25.51008120000006,18.79377426,61.81796047789652,30
25.542052599999806,18.79377426,61.86011091620488,30
25.574095799999668,18.92996103,56.02030758186821,30
25.606076399999438,19.066147800000003,56.001960799295006,30
25.638020599999436,19.066147800000003,61.887939524185356,30
25.6701022999996,19.202334570000005,56.05415882574174,30
25.702071499999875,19.33852134,56.02568819298125,30
25.734054699999433,19.33852134,61.91277646428903,30
25.766095699999823,19.33852134,61.952965221671306,30
25.81411229999958,19.47470811,58.071473555016496,30
25.846071500000107,19.47470811,62.00393090745238,30
25.87809870000001,19.47470811,62.04358921667807,30
25.910097199999655,19.610894880000004,56.19301526225509,30
25.942089999999553,19.610894880000004,62.07373651461463,30
25.974087199999303,19.610894880000004,62.11284501747853,30
26.006081300000005,19.610894880000004,62.15194973137584,30
26.03801829999975,19.610894880000004,62.1909846549305,30
26.07006360000014,19.747081650000005,56.348485762310055,30
26.101996899999904,19.610894880000004,68.12221420518372,30
26.134158699999716,19.610894880000004,62.30797860504554,30
26.166125299999294,19.747081650000005,56.45102404535285,30
26.21415259999958,19.747081650000005,62.35640338330397,30
26.246025499999632,19.88326842,56.48163479831765,30
26.278092799999285,19.88326842,62.384439328076745,30
26.310009299999365,19.88326842,62.422426464956025,30
26.342107899999974,19.88326842,62.460630337932486,30
26.37412989999939,19.747081650000005,68.38465315216476,30
26.406159899999693,19.747081650000005,62.58595742453852,30
26.438082499999837,19.747081650000005,62.62446328469395,30
26.470138399999996,19.747081650000005,62.663129934733654,30
26.502001299999392,19.747081650000005,62.701563783214596,30
26.53418689999944,19.747081650000005,62.74038688072591,30
26.56610079999973,19.747081650000005,62.77888224671804,30
26.61409309999999,19.88326842,58.89308260781847,30
26.646146399999452,19.88326842,62.82608689840713,30
26.677971899999648,19.88326842,62.86396572674846,30
26.7101118999999,19.88326842,62.90221887415831,30
26.742061099999773,20.019455190000002,57.04103494257742,30
26.77405540000018,20.155641960000004,57.03827073872439,30
26.806109099999958,20.155641960000004,62.91777902074537,30
26.83802899999955,20.29182873,57.05016741809783,30
26.870093800000177,20.4280155,57.064673302104666,30
26.90214019999985,20.564202270000003,57.04883476281866,30
26.93404389999978,20.700389040000005,57.00958424303673,30
26.966096799999832,20.700389040000005,62.9036285773824,30
27.01408480000009,20.700389040000005,62.95613089864721,30
27.04602160000013,20.700389040000005,62.991072053389296,30
27.078058499999315,20.700389040000005,63.02612272472538,30
27.11006019999968,20.700389040000005,63.061134884732695,30
27.142147300000033,20.700389040000005,63.096240478478315,30
27.17414099999951,20.700389040000005,63.13124388590962,30
27.206286399999954,20.700389040000005,63.16641326404583,30
27.23811359999945,20.700389040000005,63.201234508509515,30
27.27007760000015,20.700389040000005,63.236205422007394,30
27.302118999999948,20.700389040000005,63.271261016667616,30
27.33403079999971,20.700389040000005,63.30617481961246,30
27.366061899999295,20.700389040000005,63.341219145332104,30
27.41409979999935,20.700389040000005,63.39377606078339,30
27.44613130000016,20.700389040000005,63.428820824133126,30
27.478072999999313,20.564202270000003,69.36435095262331,30
27.510034599999926,20.564202270000003,63.54782540331869,30
27.54206819999945,20.4280155,69.46718218935453,30
27.574077999999645,20.4280155,63.66801160827452,30
27.606040900000153,20.4280155,63.70400553573099,30
27.638092700000016,20.4280155,63.74009957488342,30
27.670072199999595,20.29182873,69.66977930093614,30
27.702057599999534,20.29182873,63.86122222364388,30
27.7341121999998,20.29182873,63.89783299385492,30
27.766080399999737,20.29182873,63.93434508335998,30
27.814115399999537,20.29182873,63.989207672413215,30
27.846042499999385,20.29182873,64.02567282005474,30
27.87810239999999,20.4280155,58.183279597587486,30
27.910057299999607,20.4280155,64.04969498045153,30
27.942171900000176,20.564202270000003,58.2167796445606,30
27.974080500000127,20.700389040000005,58.16604723240497,30
28.006116900000052,20.700389040000005,64.05917378899521,30
28.038094999999885,20.83657581,58.200237148542875,30
28.070053800000096,20.97276258,58.18258234962768,30
28.10206190000008,21.108949350000003,58.17700573640799,30
28.134108499999456,21.245136120000005,58.16896317429534,30
28.166142099999888,21.38132289,58.15101099926881,30
28.198073399999885,21.51750966,58.11611600782521,30
28.246138699999392,21.653696430000004,60.08021923711042,30
28.278059700000085,21.789883200000006,58.09612383489638,30
28.31014999999934,21.92606997,58.109433329409946,30
28.34209069999997,22.062256740000002,58.0639133043097,30
28.37408129999949,22.062256740000002,63.9459769341965,30
28.40610680000009,22.198443510000004,58.090611799174155,30
28.438111699999354,22.33463028,58.067651365462794,30
28.47003609999956,22.47081705,58.03313646577533,30
28.502051599999504,22.607003820000003,58.02957737180936,30
28.534093599999323,22.743190590000005,58.013695746850956,30
28.56612529999984,22.743190590000005,63.87473015010099,30
28.59810109999944,22.87937736,58.00768584693764,30
28.646091499999784,22.87937736,63.89365354117796,30
28.678010199999335,22.87937736,63.92039248445517,30
28.710032599999977,23.01556413,58.06138109788047,30
28.742091099999925,23.01556413,63.92498173463704,30
28.774066899999525,23.01556413,63.951256196341646,30
28.806115699999282,23.01556413,63.97759064202503,30
28.838061299999936,23.01556413,64.0038402884407,30
28.870098599999437,23.01556413,64.03016528459298,30
28.902051399999436,23.01556413,64.05642084723617,30
28.934081499999593,23.01556413,64.08273992716096,30
28.966049799999382,23.01556413,64.1090082261282,30
28.99806290000015,23.01556413,64.13531333718174,30
29.04607339999984,22.87937736,68.11697648490895,30
29.0780893000001,22.87937736,64.2504189966685,30
29.11005489999934,22.743190590000005,70.1734058042314,30
29.142116799999712,22.743190590000005,64.35314789955038,30
29.174097099999926,22.607003820000003,70.27397173444146,30
29.2060907999994,22.607003820000003,64.45685611691708,30
29.238056700000016,22.47081705,70.38081261390484,30
29.270159199999398,22.47081705,64.56167294220107,30
29.302107699999397,22.47081705,64.58997248355143,30
29.334049799999775,22.33463028,70.51877669218128,30
29.366089299999658,22.33463028,64.69573753405484,30
29.398029099999803,22.33463028,64.72454110767649,30
29.446063800000047,22.33463028,64.76785919413427,30
29.47807990000001,22.33463028,64.7967315757216,30
29.510042999999314,22.33463028,64.8255561614736,30
29.54205379999985,22.33463028,64.85442376347795,30
29.574066299999686,22.33463028,64.88329289855564,30
29.60606000000007,22.33463028,64.9121450796396,30
29.638098099999297,22.198443510000004,70.82401425522532,30
29.670180199999777,22.198443510000004,65.01906245286875,30
29.702184799999486,22.33463028,59.15935381586932,30
29.73404179999943,22.33463028,65.02858744874028,30
29.766106099999888,22.33463028,65.05750329748341,30
29.798121099999662,22.33463028,65.08637468708153,30
29.84598670000014,22.33463028,65.1295402777725,30
29.878109799999947,22.33463028,65.15850915283734,30
29.910141399999702,22.47081705,59.303234719578036,30
29.94211019999966,22.47081705,65.16713390701041,30
29.974174199999652,22.47081705,65.19553575667025,30
30.006273999999394,22.47081705,65.2239693174769,30
30.038133099999868,22.607003820000003,59.33643508459133,30
30.070166299999983,22.743190590000005,59.347605295690556,30
30.102114999999685,22.743190590000005,65.21017143966398,30
30.134096799999497,23.01556413,53.4509820805326,30
30.16622920000009,23.151750900000003,59.3008660656028,30
30.198219799999606,23.151750900000003,65.14391546062231,30
30.24614399999973,23.287937670000005,61.233304198361616,30
30.278298000000177,23.42412444,59.29713508433453,30
30.310293399999864,23.42412444,65.13525523346534,30
30.34225249999963,23.560311210000002,59.26258203829141,30
30.374519099999816,23.560311210000002,65.13584737585589,30
30.406509699999333,23.696497980000004,59.26844461659482,30
30.43817189999936,23.696497980000004,65.13498563978244,30
30.470093299999462,23.696497980000004,65.15865818206267,30
30.502042399999482,23.832684750000006,59.28312296749776,30
30.53423169999951,23.832684750000006,65.15712893764277,30
30.566241499999705,23.96887152,59.29221945979292,30
30.598197599999367,23.96887152,65.15444967308254,30
30.646171200000026,24.105058290000002,61.243281988704915,30
30.67811079999956,24.105058290000002,65.16180536083085,30
30.710089799999878,24.105058290000002,65.1839835185892,30
30.742086700000073,24.241245060000004,59.315685281622365,30
30.774151199999324,24.37743183,59.30114555397352,30
30.80618030000005,24.5136186,59.26730990136567,30
30.837995500000034,24.649805370000003,59.200032718386886,30
30.870168299999932,24.92217891,53.3784536996586,30
30.902166199999556,25.05836568,59.12720361683519,30
30.934156499999517,25.330739220000005,53.204141517454794,30
30.966174799999862,25.46692599,59.02137634828626,30
30.998133000000053,25.46692599,64.87642543852118,30
31.046138099999553,25.603112760000002,60.95937582229062,30
31.078170199999477,25.739299530000004,58.98569151942175,30
31.11021840000012,26.01167307,53.07496973210012,30
31.142238800000086,25.194552450000003,100.0,30
31.174205299999812,26.147859840000002,23.79235038300146,30
31.2060720999998,25.46692599,94.31073835141463,30
31.238079099999595,25.603112760000002,59.11035960552764,30
31.270123299999796,25.739299530000004,59.08513583970397,30
31.302111799999693,26.55642015,29.58232107109874,30
31.334091400000034,25.875486300000006,94.12418675242454,30
31.36673840000003,26.01167307,59.1405063978775,30
31.398180799999864,26.147859840000002,58.887335389428955,30
31.44676780000009,26.284046610000004,60.958263379583386,30
31.47825920000014,26.42023338,58.83495715242702,30
31.510106499999893,26.55642015,58.86612590826461,30
31.542129499999646,26.55642015,64.74845140764916,30
31.574268700000175,26.692606920000003,58.8968465066691,30
31.6062981999994,26.692606920000003,64.72535385521759,30
31.63823880000018,26.828793690000005,58.83699697287966,30
31.67021139999997,26.828793690000005,64.70113287088043,30
31.7021907999997,26.96498046,58.81937846330412,30
31.734305399999357,27.10116723,58.806872332350046,30
31.766291299999466,27.10116723,64.63828041368625,30
31.7981663999999,27.10116723,64.6491510706778,30
31.84616559999995,27.237354000000003,60.722391277094026,30
31.87808109999969,27.237354000000003,64.62705880200669,30
31.910215099999732,27.373540770000005,58.771936461100005,30
31.942163300000175,27.50972754,58.699400874925146,30
31.974127800000133,27.645914310000002,58.66317113343232,30
32.006153899999845,27.645914310000002,64.51987254191943,30
32.0381725999996,27.645914310000002,64.52874016115258,30
32.070131699999365,27.782101080000004,58.64019348308064,30
32.102121899999474,27.782101080000004,64.49736048743549,30
32.134157099999356,27.918287850000006,58.622214340304915,30
32.166124899999886,27.918287850000006,64.46496937128691,30
32.19823269999961,28.05447462,58.6025201164469,30
32.24608629999966,28.05447462,64.43520544459516,30
32.27808389999973,28.05447462,64.44252922611271,30
32.31033359999947,28.190661390000002,58.6052116068706,30
32.342267099999845,28.190661390000002,64.4081255592743,30
32.374187399999755,28.326848160000004,58.51041365155227,30
32.406168599999546,28.326848160000004,64.37263810072173,30
32.43820109999979,28.463034930000006,58.494946574649695,30
32.470124499999656,28.5992217,58.43219868510639,30
32.502022799999395,28.5992217,64.29281601437276,30
32.53435629999967,28.735408470000003,58.46846606972156,30
32.56614780000018,28.871595240000005,58.32606111999162,30
32.59805520000009,28.871595240000005,64.20995086051427,30
32.646051499999885,29.00778201,60.27295788547523,30
32.6780648999993,29.14396878,58.28374649708182,30
32.71004709999943,29.55252909,46.44634558958922,30
32.74205389999952,29.280155550000003,75.75918063760521,30
32.774118199999975,29.416342320000005,58.203479486640305,30
32.80610759999945,29.55252909,58.14344810595902,30
32.83801979999953,29.688715860000002,58.08241516754672,30
32.87005669999962,29.688715860000002,63.9410039975879,30
32.90210819999993,29.824902630000004,58.06163983653255,30
32.93403129999933,29.824902630000004,63.89425593572987,30
32.966210099999444,30.505836480000006,34.60757565296901,30
32.99810179999986,30.505836480000006,63.65011349500138,30
33.04608579999967,30.09727617,75.48034624135603,30
33.07810619999964,30.64202325,40.24858859774531,30
33.110066399999596,30.64202325,63.596665842943715,30
33.14220419999947,30.778210020000003,57.72935970732623,30
33.174081600000136,30.778210020000003,63.54273906881751,30
33.206143399999746,30.914396790000005,57.661139116835336,30
33.23799939999935,30.914396790000005,63.487797122800686,30
33.27004519999991,30.914396790000005,63.48434976084144,30
33.30210519999946,30.914396790000005,63.48090087130179,30
33.33407459999944,30.914396790000005,63.47746172815613,30
33.36608410000008,30.914396790000005,63.474018271209054,30
33.398155199999565,30.914396790000005,63.470568187574784,30
33.44603169999937,30.914396790000005,63.465417820761104,30
33.47804409999935,30.914396790000005,63.46197405184345,30
33.510132800000065,30.914396790000005,63.458522074869805,30
33.542074999999386,30.914396790000005,63.455085857793925,30
33.574112799999966,30.914396790000005,63.45163935644344,30
33.606041500000174,30.914396790000005,63.44820459164473,30
33.638057899999694,30.914396790000005,63.44476039242274,30
33.67011029999958,30.914396790000005,63.44131232046135,30
33.70201829999951,30.914396790000005,63.43787978248779,30
33.73409730000003,30.914396790000005,63.43442884900228,30
33.766097899999295,30.914396790000005,63.43098634948259,30
33.798089199999595,30.914396790000005,63.427544850420446,30
33.8460914999996,30.914396790000005,63.422380950534254,30
33.87808270000005,30.914396790000005,63.41893946222971,30
33.91004189999967,30.914396790000005,63.41550141636023,30
33.942051699999865,30.914396790000005,63.412057927140374,30
33.97419639999953,30.778210020000003,69.27223024138158,30
34.00610090000009,30.778210020000003,63.45425987782117,30
34.03815149999991,30.778210020000003,63.45132551334272,30
34.07005789999948,30.778210020000003,63.44840435096838,30
34.102060000000165,30.914396790000005,57.55593478297952,30
34.13413149999997,30.914396790000005,63.393445644596135,30
34.166142399999444,30.914396790000005,63.390002037042656,30
34.19808860000012,30.914396790000005,63.38656538966227,30
34.24608459999945,30.914396790000005,63.38140216750554,30
34.278040999999575,31.05058356,57.480072507688405,30
34.31008969999948,31.18677033,57.444377925658806,30
34.34209229999942,31.18677033,63.27237773563322,30
34.37405510000008,31.322957100000004,57.371194294998176,30
34.406111999999666,31.322957100000004,63.21434766190909,30
34.43808409999929,31.322957100000004,63.2093714599448,30
34.470058199999585,31.459143870000005,57.30974077055403,30
34.502173500000026,31.59533064,57.28135045929815,30
34.53410989999975,32.27626449,33.58795573395633,30
34.566115999999965,32.412451260000005,56.95546037447319,30
34.59810099999959,32.412451260000005,62.7866134696861,30
34.646084599999995,32.412451260000005,62.77299487012371,30
34.6780248999994,32.412451260000005,62.76392964459685,30
34.710128699999586,32.27626449,68.62585600415726,30
34.74206419999973,32.27626449,62.794846106413885,30
34.774083499999506,32.27626449,62.78627147163929,30
34.80612609999935,32.27626449,62.77769059722199,30
34.83819399999993,32.27626449,62.76910294757021,30
34.870070199999645,32.14007772,68.6731740433817,30
34.902049700000134,32.003890950000006,68.6947587759059,30
34.93399489999956,32.003890950000006,62.84213882366092,30
34.96609249999983,31.867704180000004,68.70673431511007,30
34.99802769999951,31.867704180000004,62.87613482151774,30
35.04605099999935,31.867704180000004,62.86558266644161,30
35.07808279999972,32.14007772,51.09029560253941,30
35.11007879999943,31.731517410000002,80.42528965926029,30
35.142138299999715,31.731517410000002,62.89253520232767,30
35.17410909999944,31.867704180000004,56.99076494623449,30
35.20606199999929,31.867704180000004,62.83042333506999,30
35.238028400000076,31.731517410000002,68.71946160439622,30
35.27006999999958,31.731517410000002,62.865450316672366,30
35.302061699999285,31.731517410000002,62.85893335366942,30
35.33401529999992,31.731517410000002,62.85242415193846,30
35.366069400000015,31.59533064,68.7259594126774,30
35.39806270000008,31.59533064,62.88846927315815,30
35.44608590000007,31.459143870000005,66.82063957078005,30
35.478178399999706,31.322957100000004,68.79587014925303,30
35.51011419999941,31.322957100000004,62.96639176351311,30
35.542071799999576,31.18677033,68.85909011243939,30
35.57411069999944,31.18677033,63.00552248852207,30
35.60600669999985,31.05058356,68.91003669418569,30
35.63809929999934,30.914396790000005,68.91874933027853,30
35.67004089999955,30.505836480000006,80.79262928907438,30
35.7020466999993,30.505836480000006,63.23465188130164,30
35.7340635999999,30.369649710000004,69.11958641252362,30
35.76609819999976,30.64202325,51.51270362353441,30
35.7980606000001,30.505836480000006,69.07715374896175,30
35.84605359999932,30.505836480000006,63.22608172201958,30
35.87804419999975,30.505836480000006,63.22417795584343,30
35.91010379999989,30.369649710000004,69.10133468342241,30
35.942092299999786,30.369649710000004,63.2694585380092,30
35.97410729999956,29.961089400000006,80.92962521291318,30
36.0060125,29.961089400000006,63.41394890310733,30
36.03804940000009,30.233462940000003,51.647704613494724,30
36.07007209999938,30.233462940000003,63.31605758986603,30
36.10206409999955,30.233462940000003,63.31517889029232,30
36.134223199999724,30.233462940000003,63.31429560111187,30
36.16636489999928,30.09727617,69.17758581475397,30
36.1981052000001,30.09727617,63.36163043801869,30
36.246123299999454,30.09727617,63.361080906623556,30
36.27796760000001,30.09727617,63.3607164723247,30
36.31004690000009,30.09727617,63.36034934862583,30
36.34207770000012,30.09727617,63.359982779973365,30
36.37407339999936,29.824902630000004,75.1410323946176,30
36.40605929999947,29.824902630000004,63.45743261878375,30
36.438032799999746,29.961089400000006,57.56332739168405,30
36.47010959999989,29.961089400000006,63.40965990414884,30
36.502089599999636,29.961089400000006,63.40980629955919,30
36.533953699999984,30.09727617,57.49511815584187,30
36.566180099999656,30.369649710000004,51.663228156836524,30
36.59807009999986,30.369649710000004,63.26245557529157,30
36.646079299999656,30.505836480000006,59.31804933724918,30
36.678132000000005,30.505836480000006,63.20962515885884,30
36.710112099999606,30.505836480000006,63.20772201753956,30
36.74200099999962,30.505836480000006,63.20582430354814,30
36.77404320000005,30.505836480000006,63.203917466647,30
36.806067800000164,30.505836480000006,63.20201167712495,30
36.83804069999951,30.505836480000006,63.20010896427893,30
36.87006999999994,30.505836480000006,63.198202895059055,30
36.90214490000017,30.505836480000006,63.196294112175224,30
36.93410789999962,30.505836480000006,63.194391988479936,30
36.96610640000017,30.505836480000006,63.1924877521734,30
36.99804479999966,30.505836480000006,63.19058709242839,30
37.0461949999999,30.505836480000006,63.18772166564257,30
37.07815810000011,30.505836480000006,63.185819535996224,30
37.1100649,30.505836480000006,63.18392075677269,30
37.14215710000008,30.505836480000006,63.182010944362865,30
37.17408230000001,30.505836480000006,63.18011107015214,30
37.20604389999971,30.369649710000004,69.0751493728133,30
37.238076900000124,30.369649710000004,63.22539397893665,30
37.270088499999474,30.369649710000004,63.2240018520359,30
37.302053200000046,30.369649710000004,63.22261176473173,30
37.33405260000018,30.505836480000006,57.3311877273366,30
37.36612849999983,30.505836480000006,63.17073271364857,30
37.39808809999977,30.505836480000006,63.16883079228784,30
37.44605580000007,30.505836480000006,63.165976226108796,30
37.47805699999935,30.505836480000006,63.164071829124865,30
37.51006729999972,30.505836480000006,63.16216689059829,30
37.54203499999949,30.505836480000006,63.16026448720516,30
37.57414119999976,30.505836480000006,63.15835384165289,30
37.606135999999424,30.505836480000006,63.15644982553405,30
37.63799049999943,30.505836480000006,63.15455415869262,30
37.67010039999968,30.505836480000006,63.1526432929527,30
37.70215519999965,30.505836480000006,63.1507357062234,30
37.73406949999935,30.505836480000006,63.14883648067357,30
37.76618319999943,30.505836480000006,63.14692538879502,30
37.79812779999975,30.505836480000006,63.14502436008688,30
37.84626599999956,30.505836480000006,63.14215964742318,30
37.87822539999979,30.505836480000006,63.14025773796447,30
37.9101727999996,30.505836480000006,63.138356542627875,30
37.94205299999976,30.64202325,57.22458763170685,30
37.9740155999998,30.64202325,63.08546844004608,30
38.00617919999968,30.778210020000003,57.22282547992863,30
38.03802540000015,30.778210020000003,63.031542160312135,30
38.07010170000012,30.778210020000003,63.02860544289278,30
38.10210689999985,30.09727617,92.47054494779967,30
38.13410339999973,30.09727617,63.26820258521639,30
38.1661938999996,30.233462940000003,57.39438442274145,30
38.19808399999965,30.233462940000003,63.218379360630635,30
38.24604509999972,30.369649710000004,59.270839657307086,30
38.27858370000013,30.369649710000004,63.166812654658834,30
38.31023189999996,30.505836480000006,57.21058691796173,30
38.34210970000004,30.64202325,57.202653183435736,30
38.374253099999805,30.64202325,63.063961768426005,30
38.40618749999976,30.64202325,63.06154969462897,30
38.4382685999999,30.778210020000003,57.183969050007576,30
38.47025070000018,30.914396790000005,57.114426558570216,30
38.50231040000017,30.914396790000005,62.955591333473826,30
38.534178599999905,31.05058356,57.038083725420464,30
38.56614389999959,31.18677033,57.00337226614839,30
38.59813589999976,31.18677033,62.846590927234615,30
38.64619959999982,31.322957100000004,58.9019758610187,30
38.67816319999929,31.322957100000004,62.786069398443054,30
38.71004660000017,31.459143870000005,56.869823709871035,30
38.742015799999535,31.59533064,56.83149214724099,30
38.774058399999376,31.731517410000002,56.79029255850776,30
38.80607999999938,31.731517410000002,62.617347854958496,30
38.83800400000018,31.731517410000002,62.610844682982226,30
38.87008699999933,31.867704180000004,56.7294966586136,30
38.90204959999937,31.867704180000004,62.54870603064939,30
38.934073599999465,32.003890950000006,56.65612381721229,30
38.96598219999942,32.003890950000006,62.48556788140821,30
38.99805169999945,32.14007772,56.600742575164766,30
39.04608550000012,32.27626449,58.47700925409852,30
39.078031799999735,32.27626449,62.35994344564598,30
39.11005959999966,32.412451260000005,56.46651342882459,30
39.14213329999984,32.412451260000005,62.29368438041738,30
39.174088499999925,32.548638030000006,56.386503373268624,30
39.20609569999942,32.548638030000006,62.226439990402206,30
39.23808670000017,32.6848248,56.325281697007746,30
39.27000399999997,32.82101157,56.25313094664555,30
39.30204379999941,32.82101157,62.098977099901,30
39.334052000000156,32.957198340000005,56.19992750593924,30
39.36609359999966,32.957198340000005,62.0286278914024,30
39.398037199999635,32.957198340000005,62.017514531297266,30
39.44599299999936,32.957198340000005,62.00083043574991,30
39.47807610000018,32.957198340000005,61.989668542801155,30
39.51001029999952,32.957198340000005,61.978558453009704,30
39.54206499999964,32.957198340000005,61.96740644058269,30
39.57404719999977,32.957198340000005,61.956279651318,30
39.60608839999986,32.957198340000005,61.94513233561778,30
39.63815439999962,32.957198340000005,61.93397639185664,30
39.670111200000065,32.957198340000005,61.92285843939628,30
39.7021236999999,32.957198340000005,61.91172110858937,30
39.73403009999947,32.957198340000005,61.90062069057595,30
39.76614739999968,32.957198340000005,61.88944689925289,30
39.7980907000001,32.957198340000005,61.878333643519326,30
39.84603799999968,32.957198340000005,61.86165250517035,30
39.87805070000013,32.957198340000005,61.85051510478209,30
39.91007780000018,32.957198340000005,61.839372694552075,30
39.94201759999942,32.957198340000005,61.82826065648881,30
39.974080399999366,32.957198340000005,61.817105826025795,30
40.006074799999624,32.957198340000005,61.80597479231168,30
40.03802170000017,32.957198340000005,61.79486028411759,30
40.070047899999736,32.957198340000005,61.78371818700285,30
40.10206759999983,32.957198340000005,61.77257835127491,30
40.13410750000003,32.957198340000005,61.761431487852036,30
40.16609779999999,32.957198340000005,61.750301880551326,30
40.197978899999725,32.957198340000005,61.73921026455174,30
40.24606419999964,32.957198340000005,61.72248111521783,30
40.27800919999936,32.957198340000005,61.711367268044846,30
40.310056299999815,32.82101157,67.5815564852207,30
40.34204049999971,32.82101157,61.73818224120448,30
40.37410610000006,32.82101157,61.72754019078095,30
40.40606949999983,32.82101157,61.7169320588732,30
40.438045599999896,32.6848248,67.60060826742593,30
40.47001360000013,32.6848248,61.74480048293266,30
40.502145599999494,32.6848248,61.734651213465376,30
40.53410720000011,32.6848248,61.72455576683841,30
40.566092999999455,32.6848248,61.71445267635769,30
40.5980712999999,32.6848248,61.70435195483967,30
40.646109199999955,32.6848248,61.6891786201032,30
40.67807420000008,32.6848248,61.67908209954647,30
40.71004379999977,32.6848248,61.66898412602585,30
40.742031199999474,32.6848248,61.65888053016623,30
40.774096299999655,32.6848248,61.64875239184917,30
40.80608940000002,32.6848248,61.63864699557743,30
40.83796419999999,32.6848248,61.62857896574978,30
40.870036499999514,32.6848248,61.61844855322839,30
40.902070099999946,32.6848248,61.60833036455611,30
40.934060300000056,32.6848248,61.598225884283494,30
40.96609889999945,32.6848248,61.58810611630283,30
40.99813559999984,32.548638030000006,67.46121884252543,30
41.04604070000005,32.548638030000006,61.61220230434188,30
41.07817419999992,32.412451260000005,67.46822435081748,30
41.11006240000006,32.82101157,43.91089508566628,30
41.14217499999995,32.82101157,61.48570958435926,30
41.17426439999963,32.82101157,61.475059635103555,30
41.20604389999971,32.82101157,61.46451253661073,30
41.2380505000001,32.6848248,67.34260856760108,30
41.27006379999966,32.6848248,61.49235701835032,30
41.302041899999494,32.548638030000006,67.3761793403676,30
41.334055199999966,32.548638030000006,61.521235770628714,30
41.36604660000012,32.548638030000006,61.511643476667146,30
41.398031899999296,32.412451260000005,67.3946603005609,30
41.44607639999958,32.412451260000005,61.53699551409699,30
41.47807060000014,32.27626449,67.41889675677709,30
41.51001559999986,32.27626449,61.56793878227585,30
41.542010299999674,32.14007772,67.45026120673849,30
41.57405839999956,32.14007772,61.59988039881637,30
41.60603589999937,32.14007772,61.59182930054685,30
41.63800099999935,32.003890950000006,67.480081360315,30
41.670105899999726,32.003890950000006,61.62479059664481,30
41.70204009999998,32.003890950000006,61.617262049071165,30
41.73410899999999,32.003890950000006,61.609701745719825,30
41.76608699999997,32.003890950000006,61.60216287221404,30
41.79817819999971,31.867704180000004,67.46792117649741,30
41.846118899999965,31.867704180000004,61.6326433893713,30
41.87801450000006,31.867704180000004,61.625634972260265,30
41.91010920000008,31.731517410000002,67.49127152630234,30
41.94206940000004,31.731517410000002,61.66065239996077,30
41.97416859999976,31.731517410000002,61.65411353835528,30
42.00606609999977,31.59533064,67.55630772661553,30
42.03827829999955,32.27626449,32.43291656154588,30
42.07010790000004,32.27626449,61.43871302373108,30
42.10209709999981,32.14007772,67.32204131933561,30
42.13402489999953,32.14007772,61.47068631342189,30
42.166120099999716,32.14007772,61.46260558137021,30
42.1980238999995,32.14007772,61.454573038833395,30
42.24605139999949,32.14007772,61.442480970280776,30
42.27815190000001,32.003890950000006,67.3060354012853,30
42.31015359999947,32.003890950000006,61.47543467516841,30
42.3421043999997,31.867704180000004,67.36681924573539,30
42.37415890000011,31.731517410000002,67.38942888743303,30
42.40621509999983,31.59533064,67.43116905711108,30
42.438112899999396,31.59533064,61.59407886184092,30
42.470418699999755,31.459143870000005,67.4226503865165,30
42.50229320000017,31.322957100000004,67.54404746947858,30
42.53462099999979,31.18677033,67.50537002953043,30
42.56665100000009,31.18677033,61.71878422611569,30
42.598442599999544,31.05058356,67.64255619195973,30
42.646135399999366,31.05058356,61.75702602683148,30
42.678175199999714,30.914396790000005,67.63573338341745,30
42.71010659999956,30.914396790000005,61.79821017389824,30
42.74199940000017,30.778210020000003,67.70433475508483,30
42.774215899999945,30.778210020000003,61.8404066221764,30
42.8062790999993,30.64202325,67.7158811252368,30
42.83821429999989,30.64202325,61.88363860443962,30
42.87031969999953,30.505836480000006,67.75196146252985,30
42.902244699999756,30.505836480000006,61.92789406301033,30
42.93462360000012,30.505836480000006,61.92596718903357,30
42.96651959999963,30.505836480000006,61.92406905251995,30
42.99824129999979,30.505836480000006,61.92218128862963,30
43.046112099999846,30.505836480000006,61.91933248898647,30
43.07812339999964,30.505836480000006,61.91742749094975,30
43.11168339999949,30.64202325,56.29701093115308,30
43.142129199999545,30.64202325,61.864527076628015,30
43.17412950000016,30.64202325,61.86211002526244,30
43.20623929999965,30.64202325,61.85968470312685,30
43.23812120000002,30.778210020000003,55.945717494290314,30
43.27013859999988,30.778210020000003,61.805768540123175,30
43.30211059999965,30.778210020000003,61.80284137179856,30
43.334019899999475,30.778210020000003,61.79991994391726,30
43.36619160000009,30.778210020000003,61.79697449223479,30
43.39822659999936,30.778210020000003,61.794041556000664,30
43.44614550000006,30.914396790000005,57.840000413922645,30
43.47815949999949,30.914396790000005,61.737376768097675,30
43.51013619999958,30.914396790000005,61.73393683964652,30
43.54205120000006,30.914396790000005,61.730503548640236,30
43.57403840000006,30.914396790000005,61.727062490640115,30
43.60610309999993,30.914396790000005,61.723613095492794,30
43.638103299999784,30.914396790000005,61.72017063900348,30
43.67001309999978,30.64202325,73.52960452784016,30
43.70208259999981,30.778210020000003,55.93420512131293,30
43.73399739999968,30.778210020000003,61.759968315840474,30
43.76607639999929,30.778210020000003,61.75703135122503,30
43.79803139999967,30.778210020000003,61.754105739320394,30
43.84608190000017,30.914396790000005,57.81073394924681,30
43.87802439999996,30.914396790000005,61.6974344860942,30
43.91005099999984,30.778210020000003,67.57906095465958,30
43.94201280000016,30.778210020000003,61.7396420032655,30
43.97406580000006,30.778210020000003,61.73670741905715,30
44.00606770000013,30.778210020000003,61.73377751326432,30
44.038037399999666,30.778210020000003,61.730850555514195,30
44.070020699999986,30.778210020000003,61.727922352627964,30
44.10208419999981,30.778210020000003,61.72498680710136,30
44.134144300000116,30.914396790000005,55.84307789547095,30
44.166114699999525,30.914396790000005,61.67003273725881,30
44.1981423999996,30.914396790000005,61.6665873224269,30
44.2460645000001,30.914396790000005,61.66143205014332,30
44.27798179999991,30.914396790000005,61.657998511712094,30
44.310046099999454,30.914396790000005,61.65454915959525,30
44.34218629999941,30.914396790000005,61.651091642452904,30
44.37408259999938,30.914396790000005,61.64766036311963,30
44.40603099999953,30.778210020000003,67.54357995636443,30
44.438025299999936,30.914396790000005,55.79890855746134,30
44.47005780000018,30.914396790000005,61.637847602484605,30
44.502079500000036,30.914396790000005,61.634402833109306,30
44.534009899999546,31.18677033,49.8256590340573,30
44.56606329999977,31.18677033,61.52933757482219,30
44.59798880000017,31.322957100000004,55.62132729091365,30
44.64608649999991,31.322957100000004,61.468816684162796,30
44.67803659999936,31.18677033,67.36288910291697,30
44.710122299999966,31.322957100000004,55.633619691627636,30
44.74205040000015,31.59533064,49.6482403773095,30
44.77409389999957,31.459143870000005,67.23321734105726,30
44.80615469999975,31.459143870000005,61.394299152640855,30
44.83810859999994,31.459143870000005,61.38881381883993,30
44.87001859999964,31.459143870000005,61.383336021088006,30
44.902149099999406,31.459143870000005,61.37782037142746,30
44.934006299999965,31.459143870000005,61.37235163753378,30
44.9659987999994,31.459143870000005,61.366859677503186,30
44.99795619999986,31.459143870000005,61.361373742878264,30
45.04608399999961,31.459143870000005,61.35311193295519,30
45.078014199999416,31.459143870000005,61.34763066759076,30
45.11001440000018,31.459143870000005,61.34213738574724,30
45.14213549999931,30.64202325,96.54403755706169,30
45.17404399999941,30.505836480000006,67.53236855271814,30
45.20606099999986,30.505836480000006,61.67236842422753,30
45.23811229999956,30.505836480000006,61.67046104578385,30
45.270097099999475,31.322957100000004,26.31236580257486,30
45.302050499999496,31.322957100000004,61.37211406276607,30
45.334121899999445,31.322957100000004,61.36712240554998,30
45.36609119999957,31.322957100000004,61.36214663938324,30
45.39803169999959,31.322957100000004,61.357175355706474,30
45.446000599999934,31.459143870000005,57.4041205980199,30
45.4782366999998,31.459143870000005,61.29534112698957,30
45.5100566000001,31.459143870000005,61.28987879616257,30
45.54213499999969,31.459143870000005,61.284372090195646,30
45.57410189999973,31.459143870000005,61.278884524762944,30
45.606051099999604,31.459143870000005,61.2733999977828,30
45.63798989999941,31.459143870000005,61.26791725610812,30
45.67005900000004,30.64202325,96.52643748560963,30
45.701968999999735,30.64202325,61.551480290259384,30
45.73403169999983,30.64202325,61.54905852568787,30
45.766075999999885,30.64202325,61.54663815090786,30
45.79809059999934,30.64202325,61.544220019432686,30
45.845955499999945,30.505836480000006,65.49465859422115,30
45.87825040000007,30.505836480000006,61.58751561460093,30
45.91002649999973,30.369649710000004,67.51670309080451,30
45.94202689999929,30.369649710000004,61.632808008162165,30
45.974061199999596,30.369649710000004,61.63141489407921,30
46.00609259999965,30.369649710000004,61.630021906112034,30
46.03805190000003,30.369649710000004,61.62863205364416,30
46.07000960000005,30.369649710000004,61.62724227075742,30
46.10209750000013,30.369649710000004,61.62584682570689,30
46.13409640000009,30.369649710000004,61.62445525110627,30
46.16606919999958,30.369649710000004,61.623064811547714,30
46.19801430000007,30.369649710000004,61.62167557661229,30
46.24621250000018,30.233462940000003,65.54663340783877,30
46.278079499999876,30.233462940000003,61.66754240637893,30
46.31013249999978,30.233462940000003,61.666662031365306,30
46.342042799999945,30.09727617,67.57212710769544,30
46.374060799999825,30.09727617,61.713996338403106,30
46.40608759999941,30.09727617,61.71362981552766,30
46.43805530000009,30.09727617,61.713263969007684,30
46.47005029999946,30.09727617,61.71289781005955,30
46.502115199999935,30.09727617,61.71253085115798,30
46.5340142999994,30.09727617,61.71216578971392,30
46.56604939999943,30.09727617,61.71179917185115,30
46.59803019999981,30.233462940000003,55.81800364894771,30
46.64601479999965,30.233462940000003,61.66153690510029,30
46.67804729999989,30.233462940000003,61.660657093144344,30
46.71005100000002,30.233462940000003,61.65977807221575,30
46.74200539999947,30.233462940000003,61.658900405372265,30
46.77406459999929,30.09727617,67.53715720015585,30
46.806072100000165,30.09727617,61.70623312852511,30
46.838050499999554,30.09727617,61.70586715955163,30
46.870147099999485,30.09727617,61.70549983786716,30
46.90198909999981,30.09727617,61.70513542989008,30
46.93406679999953,30.09727617,61.704768324502034,30
46.96615239999937,30.233462940000003,55.8300607428169,30
46.99817139999959,30.233462940000003,61.65494169410397,30
47.04604539999946,30.369649710000004,57.7003150299858,30
47.07806729999993,30.369649710000004,61.603401246308046,30
47.109983599999396,30.505836480000006,55.69677284683063,30
47.142110599999796,30.505836480000006,61.551524099550456,30
47.174048899999434,30.64202325,55.64841691071697,30
47.20604309999999,30.64202325,61.49862922173508,30
47.238051799999994,30.64202325,61.49621153589951,30
47.27002459999949,30.64202325,61.49379656166808,30
47.302030699999705,30.778210020000003,55.602569345129105,30
47.33400299999994,30.778210020000003,61.43987315673349,30
47.36615660000007,30.778210020000003,61.43692936218065,30
47.398038799999995,30.778210020000003,61.434010415416,30
47.44602059999943,30.914396790000005,57.485076145549264,30
47.47811089999959,31.05058356,55.50384344257871,30
47.510076200000185,31.05058356,61.32479973492369,30
47.54201120000016,31.18677033,55.41904136776788,30
47.57407509999939,31.322957100000004,55.3895155282291,30
47.606043099999624,31.322957100000004,61.21424307760376,30
47.63804170000003,31.459143870000005,55.31908428020831,30
47.67003990000012,31.59533064,55.264939724411164,30
47.70205689999966,31.59533064,61.10060347865972,30
47.73404059999939,31.731517410000002,55.20170097383825,30
47.76602240000011,31.867704180000004,55.14626049332082,30
47.798018099999354,32.003890950000006,55.093190646968296,30
47.84604929999932,32.14007772,56.983461136405545,30
47.87799939999968,32.27626449,54.96807166967377,30
47.91009489999942,32.412451260000005,54.93740044005394,30
47.94210729999941,32.412451260000005,60.7522781619778,30
47.97417499999938,32.548638030000006,54.86558477408396,30
48.00599659999989,32.6848248,54.76238756029319,30
48.03803059999973,32.6848248,60.62636161159494,30
48.07004069999948,32.82101157,54.7281708529474,30
48.1020367000001,32.957198340000005,54.66639999202935,30
48.1340954999996,32.957198340000005,60.49732111386723,30
48.16613509999934,33.09338511,54.603470526027984,30
48.198009400000046,33.22957188,54.513038230693034,30
48.246029399999316,33.22957188,60.35917336960585,30
48.278060699999514,33.365758650000004,54.46278764582351,30
48.30998829999953,33.501945420000006,54.38261376842344,30
48.34204109999973,33.501945420000006,60.22399853268856,30
48.3740072999999,33.63813219,54.31472983790767,30
48.40602609999951,33.63813219,60.14854603878547,30
48.43805749999956,34.18287927,36.598047196452136,30
48.47005999999965,34.18287927,59.924771060798655,30
48.502019599999585,34.31906604,54.0117373359274,30
48.5340398999997,34.31906604,59.84419532864187,30
48.566070099999706,34.18287927,65.71233580630313,30
48.59806339999977,34.18287927,59.86075506264855,30
48.646047799999906,34.18287927,59.837141774172785,30
48.67808479999985,33.77431896,77.47090804292858,30
48.709995100000015,33.63813219,65.8592860617527,30
48.741971999999805,33.63813219,59.98783510412924,30
48.77403729999969,33.63813219,59.97411065705729,30
48.80600520000007,33.63813219,59.96042789869986,30
48.83802289999949,33.501945420000006,65.83341782488064,30
48.869976199999655,33.501945420000006,59.98213817629265,30
48.902100399999654,33.365758650000004,65.83624406235057,30
48.934119599999576,33.365758650000004,60.00480513001146,30
48.966129499999624,33.77431896,42.32778069331615,30
48.998067999999876,33.910505730000004,53.93104199553018,30
49.04606280000007,33.910505730000004,59.761553784111754,30
49.078017299999374,33.910505730000004,59.746852812894524,30
49.110069100000146,33.910505730000004,59.73210707788746,30
49.142078999999285,34.046692500000006,53.82926414414542,30
49.174077799999395,34.046692500000006,59.65356780303787,30
49.20600039999954,34.046692500000006,59.6383700446848,30
49.238022499999715,34.046692500000006,59.62312491622539,30
49.270044699999744,34.18287927,53.72200608423036,30
49.30202559999998,34.18287927,59.54356285149518,30
49.33412169999974,34.18287927,59.527768250161415,30
49.36614139999983,34.18287927,59.512011245530594,30
49.398007799999505,34.18287927,59.496329680357874,30
49.446012999999766,34.18287927,59.47270615613043,30
49.478111099999296,34.18287927,59.456910570589905,30
49.510061299999506,34.31906604,53.54216088029877,30
49.54206729999987,34.18287927,65.26517485376351,30
49.57404339999994,34.86381312,29.93774727325557,30
49.60609349999959,34.999999890000005,53.26716669392682,30
49.63802450000003,34.999999890000005,59.080596995839485,30
49.67006719999972,34.999999890000005,59.06174834919553,30
49.70200939999995,34.999999890000005,59.042958820196986,30
49.73401169999943,35.13618666,53.13463079433173,30
49.7660735999998,35.13618666,58.9561816437943,30
49.797977100000026,35.13618666,58.93690372248743,30
49.84599729999991,35.13618666,58.90788716829333,30
49.87806029999956,35.13618666,58.88851286795476,30
49.91010509999978,35.13618666,58.869149565097864,30
49.9420913999993,35.13618666,58.84982161129078,30
49.97409679999964,35.13618666,58.830482116169634,30
50.006020400000125,35.13618666,58.81119204929179,30
50.03808229999959,35.13618666,58.79181841363632,30
50.07003889999942,35.13618666,58.77250840626949,30
50.10203610000008,35.27237343,52.862739825258274,30
50.134138899999925,35.27237343,58.68468258899119,30
50.16612359999999,35.27237343,58.66484314399744,30
50.19799559999956,35.27237343,58.64507360447288,30
50.24598199999946,35.27237343,58.61530863737161,30
50.278009499999825,35.27237343,58.595442644426754,30
50.310024299999895,35.13618666,64.46280731675202,30
50.34200890000011,35.13618666,58.604836461540934,30
50.37406469999951,35.13618666,58.58546651185475,30
50.40600709999944,35.13618666,58.566165084940856,30
50.43805609999981,34.999999890000005,64.4277920695938,30
50.47004190000007,34.999999890000005,58.576563475180954,30
50.50205129999995,34.999999890000005,58.55773441677172,30
50.53412959999969,34.999999890000005,58.538864828951716,30
50.566102099999625,34.999999890000005,58.520057476424334,30
50.598053799999434,34.999999890000005,58.50126235919089,30
50.64603959999931,35.13618666,54.528818754481904,30
50.67798289999973,35.13618666,58.40489870187707,30
50.7100262999993,35.13618666,58.38553624498075,30
50.74202019999939,35.27237343,52.47516715458001,30
50.774088299999676,35.27237343,58.29773399831315,30
50.80604940000012,35.27237343,58.277909191908925,30
50.83797330000016,35.27237343,58.258107459892194,30
50.870060599999306,35.408560200000004,52.364172612479834,30
50.901979199999914,35.408560200000004,58.16931451009174,30
50.93400669999937,35.408560200000004,58.14893537340908,30
50.96606239999983,35.408560200000004,58.12853829303195,30
50.998044399999344,35.408560200000004,58.10818810805386,30
51.04611699999987,35.408560200000004,58.077599454986405,30
51.0781008999993,35.408560200000004,58.057248061036084,30
51.11008909999964,35.408560200000004,58.03689393099003,30
51.142131399999926,35.408560200000004,58.016505377049086,30
51.17397859999983,35.408560200000004,57.9962409654725,30
51.2059749,35.408560200000004,57.97588168138683,30
51.238028400000076,35.408560200000004,57.95548600087259,30
51.27002679999987,35.408560200000004,57.935125380554645,30
51.3020321999993,35.408560200000004,57.91476030612852,30
51.33397799999966,35.27237343,63.79426577315175,30
51.366057100000035,35.27237343,57.923112909467086,30
51.398005099999864,35.13618666,63.80272595343387,30
51.445998499999405,35.13618666,57.92287365743667,30
51.478019799999856,34.999999890000005,63.78956226076306,30
51.510016899999755,34.86381312,63.82373399152461,30
51.542069099999935,34.72762635,63.843930160047826,30
51.574124499999925,34.72762635,57.994270097406385,30
51.605983399999786,34.59143958,63.892341867401626,30
51.63807689999976,34.455252810000005,63.8806973570405,30
51.66998160000003,34.31906604,63.94701785685057,30
51.70194889999948,34.046692500000006,69.86377719984792,30
51.734207499999684,33.910505730000004,63.9968805389609,30
51.766211099999964,33.77431896,64.0769055245315,30
51.79806670000016,33.63813219,64.13847237909135,30
51.84603199999947,33.501945420000006,62.19600082468879,30
51.87798389999989,33.365758650000004,64.1845057136829,30
51.90999639999973,33.22957188,64.2093341224762,30
51.9419754999999,33.09338511,64.25186046773497,30
51.97405889999936,32.957198340000005,64.26976233881867,30
52.00609290000011,32.82101157,64.3161812826885,30
52.03804169999967,32.6848248,64.36971676781121,30
52.069973599999685,32.548638030000006,64.41130472658489,30
52.10205049999968,32.412451260000005,64.42380520058022,30
52.13404249999985,32.412451260000005,58.58738482777747,30
52.16611879999982,32.27626449,64.4543103240945,30
52.19798699999956,32.14007772,64.53240602824725,30
52.246012300000075,31.322957100000004,82.3008921381376,30
52.27804779999951,31.18677033,64.82628830789348,30
52.31001399999968,31.18677033,58.98695394451855,30
52.34199600000011,31.05058356,64.87569885683952,30
52.37401469999986,31.05058356,59.02710950060695,30
52.40598580000005,30.914396790000005,64.91836062762324,30
52.437987899999825,30.914396790000005,59.068293432521536,30
52.47000579999985,30.778210020000003,64.95150660692032,30
52.502054300000054,30.64202325,64.99157761942953,30
52.53404979999959,30.64202325,59.156656518683626,30
52.56608419999975,30.64202325,59.15423689167187,30
52.598122800000056,30.505836480000006,65.0347028568261,30
52.64599709999948,30.505836480000006,59.197547179902166,30
52.6780949999993,30.505836480000006,59.19563702828437,30
52.709967799999504,30.505836480000006,59.193740272406735,30
52.742010500000106,30.505836480000006,59.19183340575051,30
52.77408899999955,30.505836480000006,59.1899244086301,30
52.805993599999965,30.64202325,53.28063778553339,30
52.83799459999955,30.64202325,59.1370315626295,30
52.87000910000006,30.64202325,59.13461343870744,30
52.902017200000046,30.778210020000003,53.24375096108491,30
52.93396709999979,30.778210020000003,59.08069190147698,30
52.96604049999951,30.778210020000003,59.07775544956459,30
52.99800039999991,30.778210020000003,59.07482938904477,30
53.04604620000009,30.914396790000005,55.131077558430555,30
53.078057400000034,30.914396790000005,59.018151250948634,30
53.110051999999996,30.914396790000005,59.01470939688542,30
53.142091300000175,30.914396790000005,59.01126273417084,30
53.17404979999992,30.914396790000005,59.00782476360461,30
53.20614579999983,30.914396790000005,59.00437200132558,30
53.23804629999995,30.914396790000005,59.0009402701727,30
53.270028699999784,30.914396790000005,58.997499728537825,30
53.30195999999978,30.914396790000005,58.99406468404129,30
53.3340148999996,31.05058356,53.110696932604064,30
53.366018599999734,31.05058356,58.93808124615464,30
53.397972599999775,31.05058356,58.934131793557434,30
53.446038099999896,31.05058356,58.92819099072174,30
53.47796749999998,31.05058356,58.92424457863695,30
53.509938399999555,31.05058356,58.92029303723248,30
53.542012399999294,30.914396790000005,64.79277591870307,30
53.57404849999966,30.914396790000005,58.96146224197993,30
53.60602370000015,30.914396790000005,58.95802247489288,30
53.6379366000001,30.914396790000005,58.954589409796455,30
53.670039099999485,30.914396790000005,58.95113594827288,30
53.70199799999955,30.914396790000005,58.94769793467617,30
53.73412670000016,30.914396790000005,58.944241654658825,30
53.766112299999804,30.914396790000005,58.94080076878049,30
53.7980278999994,30.914396790000005,58.93736741322866,30
53.845987499999865,31.05058356,54.985863842130755,30
53.87801599999966,31.05058356,58.879415119951496,30
53.90997929999958,31.05058356,58.875464517892276,30
53.9419941999995,31.05058356,58.87150753817287,30
53.97413299999971,31.05058356,58.86753524465307,30
54.006047699999726,31.18677033,52.95805664236717,30
54.038028299999496,31.18677033,58.81054826156292,30
54.070048399999905,31.18677033,58.80607761395774,30
54.101992199999586,31.18677033,58.801617619361615,30
54.13407019999977,31.322957100000004,52.92141836997226,30
54.16611589999957,31.322957100000004,58.74357135886829,30
54.19803379999939,31.322957100000004,58.73860359270101,30
54.24599059999946,31.459143870000005,54.78456772043899,30
54.27808389999973,31.459143870000005,58.67679595473532,30
54.31002949999947,31.459143870000005,58.67131204574554,30
54.341959999999744,31.459143870000005,58.66583072888184,30
54.37401150000005,31.459143870000005,58.660328640675985,30
54.406060599999364,31.322957100000004,64.53580159328037,30
54.438006100000166,31.322957100000004,58.69843431121342,30
54.46998149999945,31.18677033,64.58787411323466,30
54.50200339999992,31.18677033,58.737564924526396,30
54.5340884999996,31.05058356,64.60751636559793,30
54.56601789999968,31.05058356,58.77771877496152,30
54.59796399999959,31.05058356,58.77377029878904,30
54.64605279999978,30.914396790000005,62.703701525443634,30
54.678068899999744,30.914396790000005,58.813218845445114,30
54.71003819999987,30.778210020000003,64.70531156581508,30
54.74201269999958,30.778210020000003,58.8554304459302,30
54.774318899999344,30.64202325,64.68703591628471,30
54.806213099999695,30.505836480000006,64.80794540877383,30
54.838026499999614,30.369649710000004,64.86951294030597,30
54.87004269999943,30.09727617,70.76644917943094,30
54.90202499999941,29.961089400000006,64.98246135283306,30
54.934029799999735,29.824902630000004,65.02707770863816,30
54.96607229999972,29.688715860000002,65.06944540198496,30
54.99801469999966,29.416342320000005,71.03792939056508,30
55.04598059999989,29.280155550000003,63.28330008952001,30
55.07804450000003,29.55252909,47.632451959443074,30
55.110037999999804,29.00778201,82.85798077350857,30
55.14210279999952,28.871595240000005,65.36971862832317,30
55.174181899999894,28.735408470000003,65.41995847842516,30
55.2061350999993,28.463034930000006,71.3947268031442,30
55.23795859999973,28.326848160000004,65.62299900174469,30
55.27003579999928,28.326848160000004,59.75557146475124,30
55.30200439999953,28.190661390000002,65.65752407776506,30
55.33407939999961,28.190661390000002,59.81726991983407,30
55.36602279999988,28.05447462,65.72434170063279,30
55.398048899999594,28.05447462,59.87997751933948,30
55.44597220000014,28.05447462,59.89094646009765,30
55.47798629999943,27.918287850000006,65.78562445895786,30
55.5099967999995,27.918287850000006,59.95469247159383,30
55.541981999999734,27.782101080000004,65.85515143901986,30
55.57399350000014,27.782101080000004,60.01945700357205,30
55.60596699999951,27.782101080000004,60.02779982605644,30
55.63807540000016,28.190661390000002,42.42556611697016,30
55.66999979999946,28.190661390000002,59.89723230692071,30
55.702001599999676,28.190661390000002,59.90404431778305,30
55.73404449999998,28.190661390000002,59.910865077329746,30
55.76601539999956,28.190661390000002,59.91767051071394,30
55.79801940000016,28.190661390000002,59.92448298987577,30
55.8460129999994,28.326848160000004,55.99111536390874,30
55.87800509999943,28.326848160000004,59.892161567655464,30
55.910170999999536,28.190661390000002,65.7582912027053,30
55.942165399999794,27.918287850000006,71.73577535955963,30
55.97407999999996,28.190661390000002,48.24775333239473,30
56.0060055999993,28.190661390000002,59.96849933056574,30
56.037940100000014,28.190661390000002,59.97529701572366,30
56.07005279999976,28.326848160000004,54.11270818900239,30
56.1019852999998,28.326848160000004,59.939837843279285,30
56.13407469999947,28.463034930000006,54.07250380036189,30
56.16603119999945,28.190661390000002,71.69909989255117,30
56.19811519999985,28.190661390000002,60.00733802518178,30
56.246005399999376,28.5992217,48.1615584265222,30
56.27796549999948,28.735408470000003,53.9790845911302,30
56.31002309999985,28.871595240000005,53.95306247782238,30
56.34201799999937,28.871595240000005,59.788158686427636,30
56.373991899999965,29.00778201,53.897712592915035,30
56.406103399999665,29.00778201,59.747573554283726,30
56.43801359999998,29.14396878,53.84493859338442,30
56.4699757999997,29.14396878,59.705940196459764,30
56.502051599999504,29.280155550000003,53.83305038420563,30
56.534044099999846,29.280155550000003,59.663300067068704,30
56.56599610000012,28.871595240000005,77.36209800533324,30
56.59799440000006,28.871595240000005,59.81598744976561,30
56.646034399999735,29.00778201,55.8825422684227,30
56.677968099999816,29.00778201,59.777256983161685,30
56.709988199999316,28.871595240000005,65.66725119274362,30
56.742004599999746,28.871595240000005,59.83382397156329,30
56.77401180000015,28.871595240000005,59.8380730394262,30
56.80599379999967,28.871595240000005,59.842318761900756,30
56.83802529999957,28.871595240000005,59.84657105567367,30
56.87003300000015,28.871595240000005,59.85082018991336,30
56.901973399999406,28.871595240000005,59.855060389842244,30
56.93422920000012,28.871595240000005,59.859342460225584,30
56.9664245999993,29.00778201,54.00914268649899,30
56.9980501,29.00778201,59.818726452592394,30
57.04610629999934,29.00778201,59.8243361262595,30
57.078117199999724,29.688715860000002,30.388402469496718,30
57.1100421000001,29.688715860000002,59.586347967496955,30
57.14199019999978,29.824902630000004,53.68810654733818,30
57.17411989999982,29.824902630000004,59.539602031527,30
57.20613499999945,29.961089400000006,53.65309345153966,30
57.23808829999962,29.961089400000006,59.49182894197701,30
57.27012099999956,29.961089400000006,59.491975578633074,30
57.302013099999385,29.961089400000006,59.49212157166205,30
57.33393249999972,30.09727617,53.58759602005034,30
57.36602640000001,29.961089400000006,65.31615695151181,30
57.39803690000008,29.961089400000006,59.492049729742746,30
57.4460653999995,29.961089400000006,59.49226959065476,30
57.47808780000014,29.961089400000006,59.49241618016033,30
57.510071400000015,29.824902630000004,65.38548047674793,30
57.54203369999959,29.824902630000004,59.54179936473823,30
57.574195999999574,29.824902630000004,59.54246189816684,30
57.606038899999476,29.280155550000003,83.21807480616829,30
57.63833309999973,29.280155550000003,59.7401571893991,30
57.670042899999316,29.688715860000002,41.91271231539129,30
57.702101899999434,29.14396878,83.11498959547042,30
57.73412980000012,29.55252909,42.141333882717205,30
57.766144399999575,29.416342320000005,65.53904595461388,30
57.79809909999949,29.416342320000005,59.70255973992759,30
57.84628059999977,29.416342320000005,59.70586815198749,30
57.87824790000013,29.280155550000003,65.60396083521299,30
57.91005479999967,29.280155550000003,59.75933495362548,30
57.94209589999991,29.14396878,65.64447916585354,30
57.974161999999524,29.14396878,59.81385708005216,30
58.00614029999997,29.00778201,65.71096402568413,30
58.03809519999959,29.688715860000002,30.378553695059786,30
58.070065500000055,28.871595240000005,94.9997612177858,30
58.10212929999943,29.55252909,30.53188809153421,30
58.13406320000013,29.416342320000005,65.58418854846697,30
58.166129599999294,29.416342320000005,59.732955103722205,30
58.198047299999416,29.280155550000003,65.64013030165599,30
58.24613270000009,29.280155550000003,59.78779629166554,30
58.27832009999929,29.14396878,65.64643888469173,30
58.310109199999715,28.326848160000004,95.41434363946377,30
58.34211669999968,28.190661390000002,66.02861141310781,30
58.37397830000009,28.190661390000002,60.19541802332016,30
58.406021699999656,28.05447462,66.08425091504866,30
58.438047099999494,28.05447462,60.25814835113956,30
58.46999030000006,27.918287850000006,66.16576851731601,30
58.50199969999994,27.918287850000006,60.321876729309565,30
58.534081899999364,27.918287850000006,60.32973389466692,30
58.56612109999969,27.782101080000004,66.22035718861346,30
58.59803899999952,27.782101080000004,60.394488093845354,30
58.64598620000015,28.463034930000006,40.67023876484,30
58.67803809999987,28.326848160000004,66.049089055972,30
58.71000749999985,28.190661390000002,66.1190098104837,30
58.74200099999962,28.190661390000002,60.278884621097404,30
58.77399090000017,28.05447462,66.17746111677964,30
58.80598459999965,28.05447462,60.3415954478861,30
58.837996700000076,27.918287850000006,66.2366377420138,30
58.87004009999964,27.918287850000006,60.40534902701836,30
58.90202099999988,27.782101080000004,66.30659263528965,30
58.934019199999966,27.782101080000004,60.4701089666411,30
58.96604560000014,27.645914310000002,66.36357380209992,30
58.99798269999974,27.645914310000002,60.53588965723308,30
59.04603749999933,27.50972754,64.48782303831439,30
59.078058499999315,27.50972754,60.60741564187442,30
59.109997999999905,27.373540770000005,66.51775972515236,30
59.14214249999986,27.237354000000003,66.5389497022193,30
59.174041499999475,27.237354000000003,60.73423186936595,30
59.20605710000018,27.10116723,66.63171439473238,30
59.23796499999935,26.96498046,66.7108802983288,30
59.270043099999384,26.96498046,60.86412919297973,30
59.30208189999939,26.828793690000005,66.75841849526878,30
59.333991499999684,26.828793690000005,60.9360531788145,30
59.366041700000096,26.692606920000003,66.82878503831411,30
59.39807010000004,26.55642015,66.89379618795004,30
59.446006499999385,26.55642015,61.07705181454164,30
59.478073100000074,26.42023338,66.96783480368435,30
59.510042599999906,26.42023338,61.15208647374833,30
59.541911999999684,26.284046610000004,67.07936675323344,30
59.5740380999996,26.147859840000002,67.09512611632296,30
59.60603749999973,26.01167307,67.18124435465717,30
59.63788079999995,26.01167307,61.35473187782545,30
59.6700050999998,26.01167307,61.36980507909568,30
59.70204079999985,26.01167307,61.384836707922915,30
59.73404649999975,26.01167307,61.3998542603021,30
59.76599979999992,26.01167307,61.41484722581894,30
59.79797479999979,26.01167307,61.42985037329968,30
59.84601969999949,26.01167307,61.45239375783119,30
59.877994899999976,26.01167307,61.4673969991552,30
59.910018099999434,26.01167307,61.48242276279551,30
59.94198580000011,26.147859840000002,55.60159801491251,30
59.973981600000116,26.147859840000002,61.46334465186924,30
60.00592719999986,26.147859840000002,61.477822172892104,30
60.03800599999977,26.284046610000004,55.61678484922988,30
60.07000220000009,26.42023338,55.567151380560986,30
60.1019753999999,26.55642015,55.52783618513234,30
60.134018199999446,26.692606920000003,55.50493687092638,30
60.16602239999975,26.828793690000005,55.46177539172221,30
60.19805170000018,26.96498046,55.42972290305555,30
60.24602379999942,27.10116723,57.33752368992106,30
60.27806619999956,27.237354000000003,55.362751711315504,30
60.309963900000184,27.373540770000005,55.298078551705984,30
60.34198949999973,27.50972754,55.282798553767364,30
60.37404950000018,27.645914310000002,55.24987437548303,30
60.40603490000012,27.782101080000004,55.19655603123591,30
60.43795880000016,27.918287850000006,55.14505027754678,30
60.47000709999975,28.05447462,55.1270477971952,30
60.50198949999958,28.190661390000002,55.073771761098754,30
60.53397700000005,28.326848160000004,55.03293414700842,30
60.565999499999634,28.5992217,49.111226519425635,30
60.59799310000017,28.735408470000003,54.899887644030386,30
60.646097499999996,28.871595240000005,56.814942589414166,30
60.67806779999955,29.00778201,54.80961574408336,30
60.71008519999941,29.14396878,54.7733753224392,30
60.741960299999846,29.280155550000003,54.70194548909,30
60.77404620000016,29.416342320000005,54.69460998241553,30
60.8060402000001,29.55252909,54.631494507240674,30
60.83797429999959,29.55252909,60.475615393328084,30
60.869992799999636,29.824902630000004,48.70420467586773,30
60.902034699999604,29.824902630000004,60.38080318009998,30
60.934009999999944,29.824902630000004,60.38146186138644,30
60.96599079999942,29.824902630000004,60.38212065597119,30
60.99798749999991,29.961089400000006,54.49225445686604,30
61.04596529999981,29.961089400000006,60.33442083782764,30
61.078029199999946,30.09727617,54.456284858505654,30
61.109966500000155,30.233462940000003,54.38423270030306,30
61.14207170000009,30.233462940000003,60.236163046801494,30
61.17408879999948,30.369649710000004,54.348480261528145,30
61.20604229999935,30.505836480000006,54.286892427417634,30
61.237996799999564,30.64202325,54.23659598461471,30
61.27001560000008,30.778210020000003,54.197345875429725,30
61.30203989999973,30.914396790000005,54.146837537562064,30
61.33398489999945,30.914396790000005,59.98031291583651,30
61.3661562999996,31.05058356,54.11804738126622,30
61.39812059999986,31.18677033,54.02787356903636,30
61.4459810999997,31.18677033,59.86905961369761,30
61.477997299999515,31.322957100000004,53.97762201183035,30
61.51002909999988,31.322957100000004,59.81102513530453,30
61.5420581999997,31.322957100000004,59.80604006174555,30
61.574134599999525,31.322957100000004,59.801047626319416,30
61.60596979999991,31.459143870000005,53.87593379659914,30
61.63801539999986,31.459143870000005,59.74201567482162,30
61.67014389999986,31.459143870000005,59.736500368489,30
61.702019800000016,31.459143870000005,59.73102842447889,30
61.73403199999939,31.459143870000005,59.725533082667795,30
61.76601179999943,31.459143870000005,59.72004330276969,30
61.79797580000013,31.459143870000005,59.71455623516242,30
61.845991799999865,31.459143870000005,59.70631361727283,30
61.87803249999979,31.322957100000004,65.58331693613198,30
61.909999499999685,31.322957100000004,59.744417248899964,30
61.94194569999945,31.322957100000004,59.73944507806376,30
61.973981499999354,31.322957100000004,59.73445896170328,30
62.00599719999991,30.505836480000006,95.05182799807402,30
62.038012699999854,30.505836480000006,60.01904396678347,30
62.06998620000013,30.505836480000006,60.017141218231295,30
62.10200999999961,30.505836480000006,60.01523547631742,30
62.13407009999992,30.505836480000006,60.013327574184174,30
62.16608170000018,30.505836480000006,60.01142255829438,30
62.19812929999989,30.505836480000006,60.00951540003834,30
62.24614029999975,30.64202325,56.0644857961113,30
62.27801649999947,30.778210020000003,54.04280802047241,30
62.310023799999726,30.778210020000003,59.903908390853836,30
62.34209259999989,30.914396790000005,54.02358028094263,30
62.373992499999986,31.05058356,53.94070985657648,30
62.405977299999904,31.05058356,59.79643069163796,30
62.43793829999959,31.18677033,53.89543024982032,30
62.46999559999949,31.18677033,59.73942653528308,30
62.50194620000002,31.18677033,59.73496559127057,30
62.53403679999974,31.18677033,59.730485100452746,30
62.566031599999405,31.18677033,59.72601798523465,30
62.597972099999424,31.18677033,59.721558451384595,30
62.64600519999931,31.18677033,59.7148520680978,30
62.677936499999305,31.18677033,59.71039381875212,30
62.71000029999959,31.05058356,65.58421800849801,30
62.741932999999335,31.05058356,59.75054989395239,30
62.77416970000013,31.05058356,59.74656550018187,30
62.8060059999998,31.05058356,59.74263059507705,30
62.83798819999993,31.05058356,59.738677657014385,30
62.87005429999954,31.05058356,59.73471434907404,30
62.90205470000001,31.05058356,59.73075916152653,30
62.93404120000014,31.05058356,59.72680569199215,30
62.96591129999979,31.05058356,59.72286660927272,30
62.99798969999938,31.05058356,59.71890178107617,30
63.0459536999997,31.05058356,59.71297352344415,30
63.07797870000013,31.05058356,59.70901529538422,30
63.10998329999984,31.05058356,59.70505958872491,30
63.14205429999947,30.914396790000005,65.57808794594968,30
63.17399279999972,30.914396790000005,59.74623961562733,30
63.20602079999935,30.778210020000003,65.62761083273973,30
63.23798970000007,30.64202325,65.68405135885156,30
63.26998249999997,30.505836480000006,65.72584539972934,30
63.30205239999941,30.505836480000006,59.88127801465502,30
63.33400749999964,30.369649710000004,65.77750621767485,30
63.366096699999616,30.233462940000003,65.80024562941892,30
63.39806940000017,30.09727617,65.86917078159345,30
63.44605899999988,30.369649710000004,52.134473075405964,30
63.477945499999805,29.961089400000006,77.6553734344749,30
63.509929400000146,29.824902630000004,65.96197321753296,30
63.542002899999716,29.824902630000004,60.11834921455738,30
63.57398490000014,29.688715860000002,66.01221827426446,30
63.60594309999942,29.688715860000002,60.16875672987131,30
63.63802179999948,29.55252909,66.04552487827412,30
63.67003879999993,29.55252909,60.22019687942498,30
63.7019978999997,29.55252909,60.221879322667306,30
63.73397339999974,29.416342320000005,66.11796086609006,30
63.76609929999995,29.416342320000005,60.274346803186,30
63.79793840000002,29.416342320000005,60.27653305439063,30
63.84602730000006,29.280155550000003,64.21570193592817,30
63.87798549999934,29.280155550000003,60.331377968587454,30
63.910060899999735,29.14396878,66.21028717497607,30
63.94190569999955,29.14396878,60.385881262327324,30
63.97403399999985,29.00778201,66.2557152534637,30
64.00598489999993,29.00778201,60.44142724409499,30
64.03794870000002,28.871595240000005,66.34169627526478,30
64.07000739999967,28.871595240000005,60.497992373947554,30
64.10197369999969,28.871595240000005,60.50223601219221,30
64.13403219999964,29.14396878,48.74796261118857,30
64.16605499999969,29.14396878,60.41255777377083,30
64.19805919999999,29.14396878,60.415780902520396,30
64.24604529999942,29.14396878,60.42061356131164,30
64.27802629999951,29.00778201,66.31722733129892,30
64.31006239999988,29.00778201,60.476152294051424,30
64.34193989999949,29.00778201,60.4798734033427,30
64.37397939999937,29.00778201,60.48361342314158,30
64.40590379999958,28.871595240000005,66.39109457530505,30
64.43801549999989,28.871595240000005,60.54018035844185,30
64.46996219999983,28.871595240000005,60.54442139471789,30
64.50199639999937,28.735408470000003,66.43236124668134,30
64.5339114999997,28.735408470000003,60.60200140096838,30
64.56602829999974,28.5992217,66.47546101949739,30
64.59794939999938,28.5992217,60.660620602226864,30
64.64597820000017,28.5992217,60.66853562585229,30
64.67796999999973,28.463034930000006,66.56522781308927,30
64.7100034999994,28.463034930000006,60.72817856228701,30
64.74202079999941,28.463034930000006,60.73396791190299,30
64.77401490000011,28.326848160000004,66.63075309174272,30
64.80592539999998,28.326848160000004,60.794612901205966,30
64.83799159999944,28.326848160000004,60.800924856680204,30
64.87001789999977,28.326848160000004,60.80722895818301,30
64.90195979999953,28.190661390000002,66.71406342059667,30
64.93404779999946,28.190661390000002,60.86892449703759,30
64.96610669999973,28.190661390000002,60.87574866239813,30
64.9981272999994,28.05447462,66.76872998241679,30
65.04597719999947,28.05447462,60.94209576767612,30
65.07800270000007,28.05447462,60.949425935094744,30
65.1099252999993,28.735408470000003,31.43630909134394,30
65.1420623999993,28.5992217,66.58363222929356,30
65.17404350000015,28.5992217,60.77247807542072,30
65.20599539999967,28.463034930000006,66.67645930819502,30
65.23796880000009,28.463034930000006,60.83210292991357,30
65.27005099999951,28.463034930000006,60.837904014709785,30
65.30201039999974,28.326848160000004,66.74102578826977,30
65.33395740000014,28.326848160000004,60.898549358327294,30
65.3659631999999,28.326848160000004,60.90484942458144,30
65.39798509999946,28.190661390000002,66.79708099839911,30
65.44620929999928,28.190661390000002,60.96999679834977,30
65.47802030000003,28.05447462,66.90139350867963,30
65.51003069999933,28.05447462,61.0326704999365,30
65.54201339999963,27.918287850000006,66.93307320222351,30
65.57398180000018,27.918287850000006,61.09639851074563,30
65.6060035999999,27.782101080000004,66.99018744978746,30
65.63799279999967,27.782101080000004,61.16116677401236,30
65.6699835999998,27.782101080000004,61.16951411057355,30
65.70209689999956,27.645914310000002,67.0472091089502,30
65.73399139999947,27.645914310000002,61.2353070701062,30
65.76598740000009,27.50972754,67.13482152109381,30
65.79796480000005,27.50972754,61.30211548259962,30
65.84587509999983,27.373540770000005,65.2665059550896,30
65.87787659999958,27.373540770000005,61.3748737643284,30
65.90994299999966,27.237354000000003,67.26261042452937,30
65.94202049999967,27.237354000000003,61.443787552417774,30
65.97405160000017,27.237354000000003,61.454198210099186,30
66.00605209999958,27.10116723,67.35443058422254,30
66.03794139999991,27.10116723,61.52405305197072,30
66.07002099999954,27.10116723,61.53499345146807,30
66.10198279999986,26.96498046,67.44279742673722,30
66.13400860000002,26.96498046,61.60590685456443,30
66.16604319999988,26.828793690000005,67.50095951083091,30
66.19799719999992,26.692606920000003,67.57617704514959,30
66.24609359999977,26.692606920000003,61.74513827629017,30
66.27806169999985,26.692606920000003,61.75757722602204,30
66.30995600000006,26.692606920000003,61.76998745979995,30
66.34191529999953,26.692606920000003,61.782422985406996,30
66.37406899999951,26.692606920000003,61.79493415303949,30
66.4059701999995,26.692606920000003,61.80734707164228,30
66.43793000000005,26.692606920000003,61.81978279180228,30
66.47002989999964,26.55642015,67.70401835610788,30
66.50203539999984,26.55642015,61.893819541651176,30
66.53396919999977,26.55642015,61.90675678755867,30
66.56594700000005,26.55642015,61.9197118590561,30
66.59803329999977,26.55642015,61.93271088683729,30
66.64594750000015,26.55642015,61.952122224913786,30
66.67795930000011,26.55642015,61.9650910707305,30
66.70995249999942,26.55642015,61.97805238118399,30
66.74219129999983,26.692606920000003,56.14445458476833,30
66.77403989999948,26.828793690000005,56.03723445803838,30
66.80616699999973,26.828793690000005,61.91833307619049,30
66.83796589999929,26.96498046,56.00333565533852,30
66.8699590999995,27.10116723,56.00188047225725,30
66.90196469999955,27.10116723,61.855381485782324,30
66.9340231999995,27.237354000000003,55.98705004979302,30
66.96601969999938,27.373540770000005,55.93757270790378,30
66.99792989999969,27.373540770000005,61.78941607506058,30
67.04605769999944,27.373540770000005,61.80428733441692,30
67.07799129999967,27.373540770000005,61.81415466364841,30
67.10994299999948,27.373540770000005,61.82402758569297,30
67.14206039999954,27.50972754,55.9653790002486,30
67.1739534999997,27.50972754,61.79471502984607,30
67.20597469999939,27.50972754,61.80409638425729,30
67.23797819999982,27.645914310000002,55.92418840077672,30
67.27002149999953,27.645914310000002,61.77376830724207,30
67.30197179999959,27.645914310000002,61.7826169830093,30
67.33396309999989,27.782101080000004,55.89996568242748,30
67.36595959999977,27.918287850000006,55.860685520775945,30
67.39795009999943,28.05447462,55.81884606119759,30
67.4459483999999,28.05447462,61.67291113395558,30
67.47800089999964,28.190661390000002,55.79989147503921,30
67.5100296999999,28.326848160000004,55.75381487416369,30
67.54205469999943,28.326848160000004,61.59621053855852,30
67.57399420000002,28.463034930000006,55.70151088944878,30
67.60608619999948,28.463034930000006,61.55972275842674,30
67.63791009999932,28.5992217,55.64323350730237,30
67.66997919999994,28.5992217,61.52218624288821,30
67.70200589999968,28.735408470000003,55.642410618427384,30
67.73396129999946,28.735408470000003,61.483639291327165,30
67.76596129999962,28.735408470000003,61.48840010649894,30
67.7980405999997,28.5992217,67.36865711579912,30
67.84598499999993,28.5992217,61.549653726786715,30
67.87796290000006,28.463034930000006,67.44888313882603,30
67.90998200000013,28.326848160000004,67.49573030288181,30
67.9419754999999,28.326848160000004,61.66416811911437,30
67.9739510999998,28.326848160000004,61.67046224075848,30
68.00602509999953,28.326848160000004,61.676775731595626,30
68.0379727999998,28.326848160000004,61.68306436136495,30
68.06995219999953,28.326848160000004,61.689359231006314,30
68.10207360000004,28.190661390000002,67.56353007462033,30
68.13405129999956,28.190661390000002,61.75106950000588,30
68.16595569999936,28.190661390000002,61.757860777976305,30
68.19795939999949,28.326848160000004,55.875425537943634,30
68.24600349999946,28.326848160000004,61.725551579606666,30
68.27793889999975,28.326848160000004,61.73183778822685,30
68.30997969999953,28.326848160000004,61.73814474392976,30
68.3419301999993,28.326848160000004,61.74443392485488,30
68.37409149999985,28.326848160000004,61.750764599945796,30
68.40598679999948,28.326848160000004,61.75704291522599,30
68.43789930000003,28.190661390000002,67.66926235776052,30
68.46998119999989,28.463034930000006,50.068706476341575,30
68.50199179999981,28.463034930000006,61.72735916724261,30
68.53413949999958,28.5992217,55.87008438837003,30
68.56614350000018,28.5992217,61.68986528480364,30
68.59802189999937,28.735408470000003,55.7829160093276,30
68.6460376999994,28.735408470000003,61.653685663464245,30
68.67804329999944,28.735408470000003,61.658447311778666,30
68.70996609999929,28.871595240000005,55.759148632042574,30
68.74195009999949,29.00778201,55.72602044414563,30
68.7739077999995,29.00778201,61.574017349957934,30
68.8059733,29.00778201,61.57776040477662,30
68.83796939999957,29.14396878,55.69086049679238,30
68.87003249999998,29.14396878,61.53614585949758,30
68.90196119999928,29.280155550000003,55.63639529386122,30
68.93392559999938,29.280155550000003,61.493490892842026,30
68.9660813999999,29.280155550000003,61.49621408980269,30
68.99804859999949,29.280155550000003,61.49892131468525,30
69.04598399999941,29.280155550000003,61.50298084782037,30
69.07795129999977,29.280155550000003,61.50568808117175,30
69.10999790000005,29.280155550000003,61.5084020302484,30
69.14205260000017,29.416342320000005,55.63116087433572,30
69.17402899999979,29.416342320000005,61.46473284592767,30
69.20602030000009,29.55252909,55.57541821668769,30
69.23806739999964,29.55252909,61.420038141353885,30
69.27000950000001,29.688715860000002,55.5212093533434,30
69.30194659999961,29.688715860000002,61.374311585099285,30
69.33397379999951,29.824902630000004,55.490522041066924,30
69.3660977999998,29.824902630000004,61.327567161146625,30
69.39793060000011,29.961089400000006,55.407621328533416,30
69.44604639999943,29.961089400000006,61.279867224440174,30
69.47799479999958,29.14396878,96.67615233894958,30
69.50997730000017,29.14396878,61.57470118988998,30
69.54206280000017,29.280155550000003,55.703573965079926,30
69.57412759999988,29.280155550000003,61.532068004880635,30
69.60610309999993,29.280155550000003,61.53477593267017,30
69.63786079999954,29.280155550000003,61.53746541550422,30
69.67006020000008,29.14396878,67.39394495221757,30
69.7019577000001,29.14396878,61.591986504622554,30
69.73385700000017,29.14396878,61.595199068939756,30
69.76603889999933,29.14396878,61.598440093777185,30
69.79800040000009,29.00778201,67.4986175616226,30
69.84596729999976,29.00778201,61.655836176882175,30
69.8780085999997,29.00778201,61.6595764067978,30
69.91000379999969,29.00778201,61.66331125539,30
69.94195659999968,29.00778201,61.667041154565396,30
69.97398819999944,29.00778201,61.67078025218519,30
70.00600149999991,28.871595240000005,67.56201354996581,30
70.03795649999938,28.871595240000005,61.72733818679801,30
70.06999600000017,28.871595240000005,61.73159154259906,30
70.10198129999935,28.871595240000005,61.73583770316012,30
70.13404429999991,28.871595240000005,61.74009417866843,30
70.16598189999968,28.871595240000005,61.74433400688757,30
70.19799150000017,28.871595240000005,61.74858339335889,30
70.24602109999978,28.735408470000003,65.69562451146966,30
70.27800709999974,28.735408470000003,61.80855367100917,30
70.31004429999939,28.735408470000003,61.81332002062852,30
70.34205079999992,28.735408470000003,61.81808180284094,30
70.3739216999993,28.735408470000003,61.822823411098916,30
70.40597669999988,28.5992217,67.70749362925118,30
70.43797970000014,28.5992217,61.88144592478626,30
70.46996679999938,28.5992217,61.886717317204955,30
70.50197260000004,28.463034930000006,67.78085625577884,30
70.53398669999933,28.463034930000006,61.94635927721494,30
70.56597309999961,28.735408470000003,50.167330374814725,30
70.5980056999997,28.735408470000003,61.85975189664548,30
70.64608789999966,28.871595240000005,57.93049699106364,30
70.67803599999934,28.871595240000005,61.822310280347104,30
70.70991090000007,28.871595240000005,61.826541784921844,30
70.74197569999978,28.463034930000006,79.46515593213181,30
70.77409859999989,28.5992217,56.11476961200895,30
70.80599079999956,28.5992217,61.93902108616044,30
70.83796170000005,28.5992217,61.944289808860695,30
70.87005959999988,28.5992217,61.94957946083661,30
70.90195349999976,28.463034930000006,67.86418885452932,30
70.93398259999958,28.463034930000006,62.009203899444756,30
70.96608190000006,28.463034930000006,62.01500807625324,30
70.99802999999974,28.326848160000004,67.92019632589266,30
71.04598609999994,28.326848160000004,62.078802449106604,30
71.07800979999956,28.326848160000004,62.08510603882166,30
71.10992089999945,28.326848160000004,62.09138746419591,30
71.1420352999994,28.326848160000004,62.09770890742538,30
71.17398580000008,28.735408470000003,44.40708221244113,30
71.20595729999968,28.735408470000003,61.96302117681138,30
71.23793309999928,28.735408470000003,61.96777839161661,30
71.2699720999999,28.871595240000005,56.08973193333918,30
71.30203389999951,28.871595240000005,61.92822207842133,30
71.33399370000006,29.00778201,56.03519515555042,30
71.36597549999988,29.00778201,61.88762016028365,30
71.3980247999998,29.14396878,56.01042308853916,30
71.4459766,29.280155550000003,57.90063299491352,30
71.47796620000008,29.416342320000005,55.90966422640874,30
71.50997469999947,29.55252909,55.86673360043095,30
71.5419622999998,29.280155550000003,73.49258489669093,30
71.57396049999988,29.416342320000005,55.917825858649415,30
71.60598579999987,29.55252909,55.876389126528245,30
71.63808309999968,29.688715860000002,55.84259149548557,30
71.67009849999977,29.824902630000004,55.78028738311686,30
71.70197139999982,29.961089400000006,55.706263965992434,30
71.73395119999986,30.233462940000003,49.7838237156966,30
71.765985,30.369649710000004,55.58925177122849,30
71.79796970000007,30.505836480000006,55.5303247987747,30
71.84593529999984,30.778210020000003,53.479895242250805,30
71.87795409999944,30.914396790000005,55.38451514003629,30
71.90995769999972,31.05058356,55.32972094080317,30
71.94198830000005,31.322957100000004,49.39776331578538,30
71.97399659999974,31.459143870000005,55.17590083336928,30
72.00594319999982,31.59533064,55.110560243562254,30
72.03790570000001,31.731517410000002,55.05889399043594,30
72.07000590000007,31.867704180000004,55.028861669705485,30
72.10189749999972,32.548638030000006,31.29608482410341,30
72.13397179999993,32.6848248,54.71607058021502,30
72.1660611999996,32.82101157,54.66009704982151,30
72.19796919999953,32.82101157,60.474577815061416,30
72.24597219999941,32.957198340000005,56.51582521935358,30
72.27800079999997,32.957198340000005,60.39866844745332,30
72.31000129999939,32.957198340000005,60.387535291514794,30
72.34212320000006,32.957198340000005,60.376359899825424,30
72.37404030000016,32.957198340000005,60.36525575922096,30
72.40602020000006,32.82101157,66.2477237720328,30
72.43795129999944,32.82101157,60.39211065799177,30
72.46994360000008,32.82101157,60.381492934644385,30
72.50198910000017,32.6848248,66.25248733891016,30
72.53395739999996,32.548638030000006,66.30505407842597,30
72.56600160000016,32.548638030000006,60.448309331700386,30
72.59796610000012,32.412451260000005,66.3351348964209,30
72.64604129999952,32.27626449,64.41063285568849,30
72.67797960000007,32.14007772,66.41514832927109,30
72.70994079999946,32.14007772,60.55447243344422,30
72.74202799999966,32.003890950000006,66.42044363062345,30
72.77411299999949,32.003890950000006,60.587409635700496,30
72.80600929999946,31.867704180000004,66.48880243464906,30
72.83792110000013,31.731517410000002,66.52752122110513,30
72.87012739999955,31.731517410000002,60.66347153696133,30
72.9020529999998,31.59533064,66.56050254560351,30
72.9340572000001,31.459143870000005,66.5886951448884,30
72.96596529999988,31.322957100000004,66.64938532563893,30
72.99797229999967,32.003890950000006,31.34300785832691,30
73.04594089999955,31.18677033,84.20571199021663,30
73.07795439999973,31.59533064,43.1581906165706,30
73.10991019999983,31.59533064,60.66883603216543,30
73.14206740000009,31.459143870000005,66.52417069348122,30
73.17405329999929,31.322957100000004,66.59838856544849,30
73.20592020000004,31.59533064,48.92087223466125,30
73.23794819999966,31.18677033,78.30079526640803,30
73.26997299999948,31.459143870000005,49.0168116122297,30
73.30194510000001,31.459143870000005,60.684964684965806,30
73.33395010000004,31.459143870000005,60.67947057913528,30
73.36597339999935,31.459143870000005,60.67397333185396,30
73.39797989999988,31.459143870000005,60.66847896852738,30
73.44599889999972,31.459143870000005,60.66023583564583,30
73.47801049999998,31.459143870000005,60.654740596832966,30
73.51004879999982,31.459143870000005,60.649240774591796,30
73.54195459999937,31.459143870000005,60.64376369782863,30
73.57389549999971,31.459143870000005,60.63828059565949,30
73.60600949999935,31.322957100000004,66.50195661108526,30
73.63794599999983,31.322957100000004,60.67637756580847,30
73.6699220999999,31.459143870000005,54.77711218589231,30
73.70201429999997,31.459143870000005,60.617313427313576,30
73.73394289999942,31.459143870000005,60.61183243661159,30
73.76597899999979,31.459143870000005,60.6063329920311,30
73.79803309999988,31.459143870000005,60.60083045749892,30
73.84594800000013,31.459143870000005,60.592605194838086,30
73.87795490000008,31.322957100000004,66.47577452850125,30
73.90997289999996,31.322957100000004,60.63070614942261,30
73.94196359999933,31.322957100000004,60.62572705251695,30
73.97401329999957,31.18677033,66.50160422316476,30
74.00592640000013,31.18677033,60.66486248272112,30
74.0380056999993,31.18677033,60.6603835696098,30
74.06997379999939,30.778210020000003,78.34317412153956,30
74.10192490000009,30.778210020000003,60.79872925997321,30
74.13451099999929,30.778210020000003,60.79574586826355,30
74.1660323999995,30.778210020000003,60.79285995422536,30
74.19793859999936,30.778210020000003,60.78993881016183,30
74.2459689999996,30.778210020000003,60.78554142915655,30
74.27799270000014,30.778210020000003,60.782609527483864,30
74.30994639999972,30.778210020000003,60.779684034599654,30
74.3419543,30.914396790000005,54.888272255479706,30
74.37402399999974,30.914396790000005,60.72472489792309,30
74.40592829999969,30.914396790000005,60.72129275798106,30
74.43793300000016,30.914396790000005,60.71784981739926,30
74.47005509999963,30.914396790000005,60.71439424738425,30
74.50201529999958,30.914396790000005,60.71095609393864,30
74.53393319999941,30.914396790000005,60.707522490961765,30
74.56603649999943,30.914396790000005,60.704068943377244,30
74.59798259999934,30.778210020000003,66.60040998147339,30
74.64593849999983,30.778210020000003,60.74481950490449,30
74.67801899999995,30.778210020000003,60.74188240295781,30
74.70997939999961,30.914396790000005,54.84179638751293,30
74.74195619999955,30.914396790000005,60.68693836996475,30
74.77389049999965,30.778210020000003,66.58544255733186,30
74.80601109999952,30.914396790000005,54.86114685353414,30
74.83794249999937,30.914396790000005,60.67712418932538,30
74.86996989999989,31.05058356,54.788752816488454,30
74.90201379999962,31.18677033,54.73921817052736,30
74.93397149999964,31.18677033,60.56809792110628,30
74.96595699999943,31.322957100000004,54.67106135416836,30
74.99799679999978,31.459143870000005,54.627399561889334,30
75.04595329999938,31.59533064,56.506659154652596,30
75.07798599999933,31.731517410000002,54.514448530607574,30
75.10993179999969,31.867704180000004,54.44348957114422,30
75.14202169999953,32.003890950000006,54.414133513495386,30
75.17394349999995,32.14007772,54.32735621322876,30
75.20597519999956,32.27626449,54.290802948452374,30
75.2379664,32.412451260000005,54.22626969133416,30
75.27005569999983,32.548638030000006,54.18644457372973,30
75.30191709999963,32.548638030000006,60.00197992238922,30
75.33391819999997,32.548638030000006,59.99238471998184,30
75.36596869999994,32.548638030000006,59.982774705490016,30
75.39792200000011,32.548638030000006,59.97319383542362,30
75.44602510000004,32.548638030000006,59.95877061306823,30
75.47792010000012,32.548638030000006,59.94920722366035,30
75.50991789999989,32.548638030000006,59.93961301072438,30
75.54205709999951,32.548638030000006,59.92997640044523,30
75.5740337999996,32.548638030000006,59.92038851412828,30
75.60590839999986,32.548638030000006,59.9108312414516,30
75.63795359999949,32.548638030000006,59.90122281611067,30
75.67001079999955,32.548638030000006,59.891610792692376,30
75.70193199999994,32.548638030000006,59.88203954748246,30
75.73391730000003,32.412451260000005,65.76505637120977,30
75.76600210000015,32.412451260000005,59.911921231779644,30
75.79808119999961,32.27626449,65.77833733383711,30
75.84603419999985,31.459143870000005,83.61983843972097,30
75.87794349999967,31.459143870000005,60.22608253393387,30
75.90997639999932,31.322957100000004,66.10450762538228,30
75.94194299999981,31.18677033,66.16021310343703,30
75.97394379999969,31.18677033,60.308297575710846,30
76.00602769999932,31.05058356,66.17846706322533,30
76.0378909000001,31.05058356,60.34845975665554,30
76.0699896999995,31.05058356,60.34449240705846,30
76.10194859999956,31.05058356,60.34054234883073,30
76.13417339999978,31.05058356,60.336559425877255,30
76.1659581999993,31.05058356,60.33263088607285,30
76.19794730000012,31.05058356,60.32867709518342,30
76.24599649999982,31.05058356,60.322738306996285,30
76.27792339999996,31.05058356,60.318792203906646,30
76.30982789999962,31.05058356,60.31484886941374,30
76.34191509999982,31.05058356,60.310882953554135,30
76.3739958999995,31.05058356,60.30691782872222,30
76.40604249999978,31.05058356,60.30295693094408,30
76.43798739999966,31.05058356,60.29900860308929,30
76.47014169999966,31.05058356,60.29503439379948,30
76.5019956999995,31.05058356,60.29109730100889,30
76.53391629999987,31.05058356,60.28715197658704,30
76.56592490000003,30.914396790000005,66.17154939723018,30
76.59794669999974,30.914396790000005,60.32832975514913,30
76.6459750999993,30.914396790000005,60.32316304752696,30
76.67797889999929,30.914396790000005,60.319720203763694,30
76.7099306,30.914396790000005,60.31628296471477,30
76.7419033999995,30.914396790000005,60.31284345581044,30
76.77401959999952,30.914396790000005,60.30938852049432,30
76.80601969999952,30.914396790000005,60.305946074762595,30
76.83799739999995,30.914396790000005,60.3025060387353,30
76.86998659999972,30.914396790000005,60.29906476558302,30
76.90196019999985,30.914396790000005,60.29562517061774,30
76.9340302999999,30.914396790000005,60.29217519455949,30
76.96594980000009,30.778210020000003,66.19339474425529,30
76.99797909999961,30.778210020000003,60.33438633727399,30
77.04594670000006,30.64202325,64.27568907500013,30
77.07794339999964,30.64202325,60.376412380830466,30
77.10996729999988,30.64202325,60.373993546906256,30
77.14225499999975,30.64202325,60.37155478760168,30
77.17404019999958,30.505836480000006,66.2985484646986,30
77.20603239999946,30.505836480000006,60.41582530224644,30
77.23799220000001,30.505836480000006,60.413923368983646,30
77.26996959999997,30.64202325,54.51796946193229,30
77.3019260000001,30.64202325,60.36102839297648,30
77.33393299999989,30.64202325,60.35861083554559,30
77.36609669999962,30.64202325,60.35618144222725,30
77.39791119999973,30.778210020000003,54.4297994950146,30
77.44599409999955,30.778210020000003,60.30080058725644,30
77.47798950000015,30.778210020000003,60.29787127656534,30
77.50995819999935,30.914396790000005,54.399302829334786,30
77.54189379999934,30.914396790000005,60.24293078282575,30
77.57397489999948,30.914396790000005,60.23947962343049,30
77.60596759999953,30.914396790000005,60.236037973761846,30
77.63789409999936,31.05058356,54.32923397434901,30
77.67001619999974,31.05058356,60.18005577185581,30
77.70202759999938,31.05058356,60.176099224729676,30
77.73389839999982,31.05058356,60.172160055491496,30
77.76597390000006,31.18677033,54.29202093421506,30
77.79795740000009,31.18677033,60.11515021660093,30
77.8459772999995,31.18677033,60.10844567629871,30
77.87793539999984,31.18677033,60.103983685135944,30
77.91007780000018,31.18677033,60.09949596200001,30
77.94205879999936,31.18677033,60.09503077353852,30
77.97407879999992,31.05058356,65.97683482382301,30
78.00605389999964,31.05058356,60.13518702177606,30
78.03797039999972,30.914396790000005,66.03644592429164,30
78.06995860000006,30.914396790000005,60.17637832265296,30
78.10196209999958,30.778210020000003,66.06221966359436,30
78.13401069999964,30.778210020000003,60.21858000782687,30
78.16597329999968,30.778210020000003,60.21565370011096,30
78.19800179999947,30.778210020000003,60.21272135897856,30
78.24601629999961,30.64202325,64.15021414724944,30
78.27797839999948,30.64202325,60.25474647348963,30
78.30993750000016,31.18677033,36.66274137067387,30
78.34196350000002,30.64202325,83.5942735994472,30
78.37393559999964,30.64202325,60.24545042880612,30
78.40598559999944,31.18677033,36.719786171738235,30
78.43794829999933,31.18677033,60.04424929785285,30
78.46999749999941,31.18677033,60.03977458730457,30
78.50199780000003,31.322957100000004,54.145438538143466,30
78.53396049999992,30.778210020000003,83.5687096927561,30
78.56598399999984,30.914396790000005,54.28749684177154,30
78.59794879999936,30.914396790000005,60.12111590570327,30
78.6459877999996,30.914396790000005,60.115948057774425,30
78.67802159999974,30.914396790000005,60.11250198672836,30
78.70993360000011,31.05058356,54.20303951121277,30
78.74194679999982,31.05058356,60.056535036823675,30
78.77394069999991,31.18677033,54.16154410842546,30
78.80601429999933,31.18677033,59.9995240111629,30
78.8379974999998,31.18677033,59.995058515537124,30
78.87000279999938,31.322957100000004,54.10163423832645,30
78.90204269999958,31.322957100000004,59.937024472941744,30
78.93401790000007,31.322957100000004,59.9320477884871,30
78.9660058999998,31.731517410000002,42.250726940591576,30
78.99799389999953,31.731517410000002,59.77481761344931,30
79.04593829999976,31.731517410000002,59.765050958941956,30
79.07794379999996,31.731517410000002,59.75853118476948,30
79.10994779999965,31.59533064,65.64120462695406,30
79.1420978999995,31.59533064,59.79455627989761,30
79.17408629999954,31.59533064,59.78855250641001,30
79.20592949999991,31.459143870000005,65.70125992440464,30
79.23803239999961,31.459143870000005,59.825641182901116,30
79.26999809999961,31.459143870000005,59.82015382346522,30
79.30193249999957,31.459143870000005,59.81467183711202,30
79.33386669999982,31.459143870000005,59.809189885091584,30
79.36601379999956,31.459143870000005,59.80367138580889,30
79.3978619999998,31.459143870000005,59.79820419689115,30
79.44583419999981,31.322957100000004,63.735289875264066,30
79.47801749999962,31.322957100000004,59.8337945524407,30
79.51016230000005,31.322957100000004,59.828791471100864,30
79.54195019999952,31.322957100000004,59.82384393839516,30
79.57411820000016,31.18677033,65.67825596478839,30
79.6061181999994,31.05058356,65.75287364213392,30
79.63800149999952,30.914396790000005,65.81889030491938,30
79.67006739999943,30.778210020000003,65.8306350375152,30
79.7019795999995,30.64202325,65.90436663938061,30
79.73391409999931,30.505836480000006,65.94644187186393,30
79.76588609999999,31.18677033,30.616023250049857,30
79.79802019999988,31.18677033,59.84383645479138,30
79.84594449999986,31.05058356,63.78635978263174,30
79.87802599999941,31.05058356,59.88201381147559,30
79.91001340000003,31.05058356,59.8780602307029,30
79.94192399999974,30.914396790000005,65.78040260866894,30
79.97395770000003,30.914396790000005,59.919247271566576,30
80.00595040000007,30.914396790000005,59.915805621897945,30
80.03795009999976,30.914396790000005,59.912363219196685,30
80.06998029999977,30.914396790000005,59.90891753542456,30
80.10193889999937,30.914396790000005,59.90547955410073,30
80.13395709999986,30.914396790000005,59.90203516124166,30
80.16596839999966,31.05058356,54.01073040270787,30
80.19790889999967,31.05058356,59.84606492362846,30
80.2459562999993,31.18677033,55.90090284853723,30
80.2779387999999,30.914396790000005,71.57306297913941,30
80.30998709999949,30.914396790000005,59.880534279306765,30
80.34201940000003,30.914396790000005,59.877088369624786,30
80.37400139999954,30.914396790000005,59.873647871020395,30
80.40593480000007,30.369649710000004,83.47863063758379,30
80.43794679999974,30.369649710000004,60.06313067589498,30
80.46997229999943,30.505836480000006,54.176465727346255,30
80.5019425999999,31.322957100000004,24.639162465837764,30
80.5339297999999,31.322957100000004,59.71480892708158,30
80.56600809999964,31.459143870000005,53.83415016936283,30
80.59794539999984,31.459143870000005,59.655753835278716,30
80.64593309999964,31.59533064,55.70345361260052,30
80.67797379999956,31.867704180000004,47.82766060337451,30
80.70993169999929,31.867704180000004,59.48848705517445,30
80.7418545999999,31.867704180000004,59.48147263943694,30
80.7739647999997,31.867704180000004,59.474417068288666,30
80.80598199999986,31.867704180000004,59.467381932021354,30
80.83791979999933,31.867704180000004,59.460364242308536,30
80.87006609999935,31.731517410000002,65.31664165072225,30
80.90199459999985,31.731517410000002,59.49537761622109,30
80.93398189999971,31.731517410000002,59.48886154953302,30
80.96608560000004,31.59533064,65.35337789531674,30
80.99806720000015,31.59533064,59.524899557454866,30
81.04602049999994,31.59533064,59.515899396422064,30
81.07793669999955,31.59533064,59.509909173860684,30
81.10992859999988,31.59533064,59.50390474347218,30
81.14201969999976,31.731517410000002,53.62453968071264,30
81.17387359999975,31.731517410000002,59.4428127210272,30
81.20601269999952,31.459143870000005,71.16555264146218,30
81.2378979999994,31.459143870000005,59.52795387505193,30
81.2699776999998,31.459143870000005,59.52244694592169,30
81.30194579999988,31.459143870000005,59.5169591744922,30
81.3340032999995,31.459143870000005,59.51145605630255,30
81.36593589999939,31.459143870000005,59.50597437894455,30
81.39805309999974,31.322957100000004,65.36906995936556,30
81.44594619999953,31.18677033,63.493342260615336,30
81.47796519999974,31.05058356,65.47240708817387,30
81.50993190000008,30.914396790000005,65.52658537548074,30
81.5419981999994,30.778210020000003,65.55355299938677,30
81.57396449999942,30.64202325,65.61744009795864,30
81.60594020000008,30.505836480000006,65.66188412797302,30
81.63792999999987,30.369649710000004,65.70598224846988,30
81.66998549999971,30.233462940000003,65.74119166057946,30
81.70195349999995,30.09727617,65.80485246172172,30
81.73394869999993,29.961089400000006,65.84809398718465,30
81.7660337999996,30.09727617,54.13158906516562,30
81.79803409999931,29.688715860000002,77.62667852270991,30
81.84599600000001,29.55252909,64.05072374647402,30
81.87796199999957,29.55252909,60.15508351854194,30
81.90996009999981,29.416342320000005,66.04703775824122,30
81.94196250000005,29.416342320000005,60.20754407070067,30
81.97399949999999,29.280155550000003,66.09292117308819,30
82.00602619999972,29.280155550000003,60.26103538939375,30
82.03795429999991,29.280155550000003,60.263739302991894,30
82.06997460000002,29.280155550000003,60.26645102478512,30
82.10194669999964,29.280155550000003,60.26915866463683,30
82.1340124999997,29.280155550000003,60.27187423971505,30
82.16598799999974,29.280155550000003,60.27458216750459,30
82.19796369999949,29.280155550000003,60.2772901122316,30
82.24597959999937,29.280155550000003,60.28135646271709,30
82.27798929999972,29.416342320000005,54.39591432896681,30
82.30997599999955,29.416342320000005,60.237684895699736,30
82.3419000999993,29.688715860000002,48.43225781101035,30
82.37389639999947,29.55252909,66.03449227708711,30
82.40596269999969,29.55252909,60.194160578750655,30
82.4379786999998,29.688715860000002,54.30884205020099,30
82.47001929999988,29.688715860000002,60.14844051917918,30
82.5019714,29.961089400000006,48.35225260594627,30
82.53399769999942,29.824902630000004,65.9377279891101,30
82.56598679999934,30.09727617,48.318013296117826,30
82.59793600000012,30.09727617,60.004317036043005,30
82.64598219999971,29.961089400000006,63.943087839393755,30
82.67794830000003,30.09727617,54.156632111690726,30
82.70990279999933,30.09727617,60.003805454315675,30
82.74193529999957,30.233462940000003,54.11944201821649,30
82.77395279999928,30.369649710000004,54.067249858843745,30
82.8059233999993,30.505836480000006,54.00871695466969,30
82.83793770000011,30.64202325,53.966213782228834,30
82.86995859999934,30.778210020000003,53.916419670907345,30
82.90200709999954,30.778210020000003,59.751017162436746,30
82.93392249999943,30.914396790000005,53.84268961829049,30
82.96597049999946,31.05058356,53.81489551158556,30
82.99804439999934,31.05058356,59.643526647932354,30
83.04597740000008,31.18677033,55.68909549421227,30
83.0781167999994,31.18677033,59.58428101751213,30
83.10985789999995,31.18677033,59.57984932389776,30
83.14217139999982,31.18677033,59.575337711773244,30
83.17399529999966,31.18677033,59.57089445761975,30
83.2059150999994,31.322957100000004,53.66183952287508,30
83.23785469999984,31.322957100000004,59.512889333310106,30
83.26994319999994,31.322957100000004,59.50789501461558,30
83.30193179999969,31.322957100000004,59.502916244558065,30
83.33395159999964,31.322957100000004,59.49793261846978,30
83.3659364999994,31.322957100000004,59.492954424287724,30
83.39796320000005,31.322957100000004,59.48796972426944,30
83.4459670999995,31.322957100000004,59.480498300700965,30
83.47790410000016,31.459143870000005,53.574082815677414,30
83.51004699999976,31.459143870000005,59.42143217090384,30
83.54192429999966,31.459143870000005,59.41595998656419,30
83.57407160000002,31.322957100000004,65.27360150207959,30
83.60603189999983,31.322957100000004,59.45404806955429,30
83.63798309999947,31.322957100000004,59.449075120508056,30
83.66994419999992,31.322957100000004,59.44410063060577,30
83.70192580000003,31.322957100000004,59.439122950042304,30
83.73396820000016,31.18677033,65.31632986962008,30
83.76596059999974,31.18677033,59.47824832760382,30
83.79791659999955,31.18677033,59.4737866296432,30
83.8459640000001,31.05058356,63.40630175909673,30
83.87797129999944,30.914396790000005,65.40054873014036,30
83.90996769999947,30.914396790000005,59.5570946335998,30
83.94196479999937,30.778210020000003,65.44410480738546,30
83.97396939999999,30.64202325,65.48838435756299,30
84.00599710000006,30.64202325,59.64546050781364,30
84.03797709999981,30.505836480000006,65.53662071617576,30
84.07008669999959,30.505836480000006,59.68971244338207,30
84.10193849999996,30.369649710000004,65.60491608279428,30
84.13404300000002,30.369649710000004,59.73499701776468,30
84.1660082999997,30.369649710000004,59.73360690436763,30
84.197991,30.369649710000004,59.73221603427585,30
84.24589659999947,30.369649710000004,59.73013270590559,30
84.27794059999997,30.369649710000004,59.728739169987065,30
84.30997859999934,30.369649710000004,59.72734589499781,30
84.34190399999989,30.369649710000004,59.72595751677995,30
84.37399550000009,30.369649710000004,59.72456191517188,30
84.40594189999956,30.233462940000003,65.62289535627312,30
84.43796449999991,30.233462940000003,59.77087084684144,30
84.46999159999996,30.233462940000003,59.76999118320312,30
84.50190750000002,30.233462940000003,59.769114573809375,30
84.53392749999966,29.416342320000005,95.08588320974172,30
84.5660315999994,29.416342320000005,60.061913207155,30
84.59794019999936,29.416342320000005,60.06410423061946,30
84.64595689999987,29.416342320000005,60.067401326586946,30
84.67797269999937,29.280155550000003,65.95664014727576,30
84.70997179999995,29.280155550000003,60.12088851252604,30
84.74209449999944,29.280155550000003,60.12360890632764,30
84.77397659999951,29.14396878,66.03783124888504,30
84.8064003999998,29.14396878,60.178151043743014,30
84.83795939999982,29.14396878,60.18132933659853,30
84.86995299999944,29.00778201,66.07564272134405,30
84.90191390000018,29.00778201,60.236860761944634,30
84.93396010000015,29.00778201,60.24060156384476,30
84.96593609999945,28.871595240000005,66.13864100666788,30
84.99789929999952,28.871595240000005,60.29715563533063,30
85.04595079999945,28.735408470000003,64.24242626743552,30
85.07795189999979,28.735408470000003,60.35713141767356,30
85.10999170000014,28.735408470000003,60.36189815410924,30
85.14204079999945,28.735408470000003,60.366666274156685,30
85.17398950000006,28.5992217,66.27072100003619,30
85.20594819999951,28.5992217,60.42526396934838,30
85.2378877000001,28.463034930000006,66.33151418218822,30
85.26994159999958,28.463034930000006,60.48490113764377,30
85.30189999999948,28.326848160000004,66.38820572624341,30
85.33398589999979,28.190661390000002,66.41985954601385,30
85.36600069999986,28.190661390000002,60.60096840202046,30
85.39792219999981,28.05447462,66.51204977202259,30
85.4459610999993,28.05447462,60.66733608409034,30
85.47796000000017,28.05447462,60.67466016315901,30
85.50997699999971,28.05447462,60.68198838505202,30
85.54199869999957,28.05447462,60.6893176827062,30
85.57394569999997,28.05447462,60.69662988262567,30
85.60586890000013,28.05447462,60.703936635074044,30
85.63802739999937,28.05447462,60.71129724424244,30
85.66993579999962,28.05447462,60.7186006091878,30
85.70198989999972,28.190661390000002,54.845872387610186,30
85.73395709999932,28.190661390000002,60.68416247977038,30
85.76593799999955,28.326848160000004,54.79755878976393,30
85.79796780000015,28.463034930000006,54.764207806349354,30
85.84595439999975,28.463034930000006,60.60879432606539,30
85.87793199999942,28.871595240000005,42.93253338753367,30
85.90997309999966,29.00778201,54.59066454722776,30
85.9418826000001,29.14396878,54.52175246190958,30
85.97394290000011,28.871595240000005,72.14076706542696,30
86.00590550000015,28.871595240000005,60.48429477020852,30
86.03791889999957,29.00778201,54.60106656197985,30
86.06996879999951,29.00778201,60.443707058297726,30
86.10203659999934,29.00778201,60.447450381598856,30
86.1341281999994,29.00778201,60.45119648311037,30
86.16598280000017,29.00778201,60.45491491924979,30
86.19790399999965,29.00778201,60.45864112970882,30
86.24598090000018,29.00778201,60.4642532197187,30
86.27793349999956,29.00778201,60.46798309554773,30
86.3099400000001,29.00778201,60.471719263206246,30
86.3419989999993,29.00778201,60.47546155926986,30
86.37392490000002,29.00778201,60.47918831836723,30
86.40584510000008,29.00778201,60.4829144120948,30
86.43793539999933,29.00778201,60.48666036185525,30
86.46995079999942,29.280155550000003,48.71617081758691,30
86.50187539999934,29.280155550000003,60.39594344822383,30
86.53391180000017,29.280155550000003,60.39865653348719,30
86.5659928999994,29.280155550000003,60.40137340428535,30
86.59786949999943,29.14396878,66.31660678768382,30
86.64593090000017,29.14396878,60.45748984354006,30
86.6779321999993,29.14396878,60.46071268023181,30
86.70999789999951,29.00778201,66.341897541333,30
86.74197850000019,29.00778201,60.516254821532264,30
86.7739246000001,29.00778201,60.519983938606416,30
86.80599600000005,29.00778201,60.52372768214105,30
86.83796009999969,28.5992217,78.21690780029363,30
86.86993879999955,28.5992217,60.67846304880935,30
86.90193229999932,28.463034930000006,66.57484507938143,30
86.93399210000007,28.463034930000006,60.738111048188046,30
86.96593589999975,28.326848160000004,66.64408604038071,30
86.9979530999999,28.326848160000004,60.79876713934546,30
87.04595049999989,28.326848160000004,60.80821501441901,30
87.07788230000006,28.190661390000002,66.71689829952989,30
87.1099779999995,28.05447462,66.74241731719177,30
87.14198029999989,28.05447462,60.92581505494067,30
87.1739533,28.05447462,60.933133205878896,30
87.20589119999931,27.918287850000006,66.84172315173969,30
87.23795029999928,28.463034930000006,37.48025035648234,30
87.26997690000007,28.463034930000006,60.80834521374497,30
87.30192420000003,28.463034930000006,60.81412190600153,30
87.33398570000008,28.463034930000006,60.81991924783588,30
87.36597319999964,28.463034930000006,60.825703209033044,30
87.3979602999998,28.326848160000004,66.72376555619964,30
87.44593939999959,28.326848160000004,60.88950978605278,30
87.47788309999942,28.190661390000002,66.7960148781767,30
87.50992349999979,28.190661390000002,60.951195575765304,30
87.54191829999945,28.190661390000002,60.95800609658396,30
87.5739724999994,28.05447462,66.84487600565424,30
87.60596199999964,28.05447462,61.02073067938155,30
87.63803250000001,27.918287850000006,66.90515427804077,30
87.66999619999933,27.918287850000006,61.084479041988004,30
87.70184439999957,27.782101080000004,67.01004134257441,30
87.73389760000009,27.782101080000004,61.14921870740544,30
87.76602920000005,27.645914310000002,67.02360367432529,30
87.79791399999976,27.645914310000002,61.215014048718906,30
87.84590990000015,27.645914310000002,61.228306573585925,30
87.87794549999944,27.50972754,67.12061109324202,30
87.90989069999978,27.50972754,61.295117154080955,30
87.94190769999932,27.373540770000005,67.19131890743675,30
87.97392330000002,27.373540770000005,61.36296883917408,30
88.00596459999997,27.373540770000005,61.37286944718892,30
88.03792280000016,27.373540770000005,61.3827443777024,30
88.06992329999957,28.05447462,31.943474068873893,30
88.10193720000007,28.05447462,61.15706674121834,30
88.13400759999968,28.05447462,61.16440718558845,30
88.16598309999972,28.05447462,61.171725908740015,30
88.19793339999978,27.918287850000006,67.07804744136688,30
88.24591979999968,27.918287850000006,61.239368909871864,30
88.27794839999933,27.782101080000004,67.13192029028413,30
88.30996039999991,27.782101080000004,61.30414489664558,30
88.34192660000008,27.782101080000004,61.31248581434641,30
88.37394909999966,27.645914310000002,67.2066603969948,30
88.40583520000018,27.645914310000002,61.37825130031441,30
88.43794609999986,27.645914310000002,61.38714445445351,30
88.46994469999936,27.645914310000002,61.396006506966316,30
88.50194289999945,27.50972754,67.29511993737167,30
88.53394109999954,27.50972754,61.46282165784391,30
88.56600679999974,27.50972754,61.47221604956405,30
88.59790710000016,27.50972754,61.48156198351191,30
88.64596720000009,27.645914310000002,57.55744663800407,30
88.67794499999945,27.782101080000004,55.56168484796049,30
88.70987479999985,27.782101080000004,61.41541581535769,30
88.74187840000013,27.918287850000006,55.53450058807018,30
88.77397990000009,27.918287850000006,61.38304970424561,30
88.80595809999977,28.05447462,55.49697669640552,30
88.83795250000003,28.05447462,61.349626175648496,30
88.86998249999942,28.190661390000002,55.47250509995037,30
88.90183979999983,28.190661390000002,61.31515952254005,30
88.9339258,28.190661390000002,61.321989456497796,30
88.9659660999996,28.190661390000002,61.328809662599596,30
88.99790609999945,28.190661390000002,61.335608518505836,30
89.04587629999969,28.190661390000002,61.34581961673994,30
89.0779408999997,28.190661390000002,61.35264499542161,30
89.10985459999938,28.190661390000002,61.3594382530213,30
89.14197580000018,28.190661390000002,61.36627567976966,30
89.17397129999972,28.190661390000002,61.373086349592654,30
89.20611989999998,28.05447462,67.24285455336478,30
89.23792689999937,28.05447462,61.43579076759177,30
89.26992259999952,28.326848160000004,49.661698332955645,30
89.3019518000001,28.326848160000004,61.35226168044375,30
89.3339060999997,28.463034930000006,55.46027531753794,30
89.36604829999942,28.463034930000006,61.31578565357414,30
89.39786839999942,28.5992217,55.398594334779595,30
89.44589159999941,28.735408470000003,57.33969412885198,30
89.47797569999966,28.735408470000003,61.23681568871007,30
89.5099166,28.871595240000005,55.34083754064289,30
89.54190560000006,28.735408470000003,67.08916808769379,30
89.57395159999942,28.871595240000005,55.36904401111388,30
89.60585649999939,28.871595240000005,61.20623892071215,30
89.63791029999993,29.00778201,55.33037466624301,30
89.66993039999943,29.14396878,55.27939599178057,30
89.70194549999997,29.280155550000003,55.233129647664434,30
89.73386979999941,29.416342320000005,55.17064954901858,30
89.76600700000017,29.55252909,55.16306448905155,30
89.79793439999958,29.688715860000002,55.07794727681324,30
89.84594709999965,30.09727617,49.108228661448656,30
89.87796519999938,30.233462940000003,54.90083954311275,30
89.90995320000002,29.961089400000006,72.52223122614384,30
89.9419184999997,30.369649710000004,43.14651594574313,30
89.97397139999975,30.369649710000004,60.68817817888422,30
90.00594050000018,30.09727617,72.4779247567953,30
90.03791209999963,30.233462940000003,54.88846699620632,30
90.0699641000001,30.233462940000003,60.73411974835577,30
90.10188279999966,30.233462940000003,60.733243062056616,30
90.13393910000013,30.233462940000003,60.732362596404435,30
90.16596130000016,30.369649710000004,54.84560941142277,30
90.19792789999974,30.233462940000003,66.5775395815514,30
90.24602969999978,30.233462940000003,60.72877083157988,30
90.27809809999962,30.09727617,66.60535481113101,30
90.3100416999996,30.09727617,60.776104180733526,30
90.34188529999938,29.961089400000006,66.69434996370866,30
90.37390929999947,29.961089400000006,60.82446246739666,30
90.40590040000006,29.824902630000004,66.71615677020168,30
90.4379487999995,29.824902630000004,60.87384758010561,30
90.46998619999977,29.824902630000004,60.87450754063286,30
90.50187989999995,29.824902630000004,60.875164540984585,30
90.53390549999949,29.688715860000002,66.76107825214046,30
90.56592809999984,29.688715860000002,60.925576011438174,30
90.59790470000007,29.55252909,66.82094420502361,30
90.6459275999996,29.416342320000005,64.91906128356771,30
90.67801379999946,29.416342320000005,61.0288919537621,30
90.70991939999931,29.280155550000003,66.93828713260518,30
90.74191100000007,29.280155550000003,61.08236917197279,30
90.77396020000015,29.280155550000003,61.085083341237144,30
90.80590699999993,29.280155550000003,61.087788838493026,30
90.8379015999999,29.280155550000003,61.090498383815394,30
90.86999099999957,29.14396878,66.9668665226325,30
90.90197189999981,29.14396878,61.14501679405947,30
90.93391209999936,29.14396878,61.148233477397426,30
90.96603039999991,29.14396878,61.1514680971073,30
90.99791829999958,29.14396878,61.154679513335516,30
91.04593740000018,29.14396878,61.159515495542195,30
91.07792319999953,29.14396878,61.162736771235856,30
91.11004950000006,29.14396878,61.165972196622164,30
91.1419720999993,29.00778201,67.07327179924553,30
91.17390009999963,29.00778201,61.22149149356238,30
91.2058849999994,29.00778201,61.225225139819806,30
91.23789149999993,29.00778201,61.228961307478336,30
91.26999249999972,29.14396878,55.3611626996484,30
91.30199079999966,29.14396878,61.18735080065243,30
91.33389309999984,29.280155550000003,55.28275333746363,30
91.36589980000008,29.280155550000003,61.14469718052954,30
91.39797429999999,29.280155550000003,61.1474134923897,30
91.4458937999998,29.280155550000003,61.15147167899225,30
91.47791379999944,29.280155550000003,61.15418337537917,30
91.50997889999962,29.280155550000003,61.156898891176084,30
91.54189029999998,29.280155550000003,61.159601390491616,30
91.5739294999994,28.463034930000006,96.45897467149325,30
91.60598919999939,28.463034930000006,61.45958722935333,30
91.63801009999952,28.463034930000006,61.46537722991923,30
91.66990589999932,28.5992217,55.562140339546815,30
91.70197949999965,28.5992217,61.4278533049056,30
91.73386389999996,28.5992217,61.43310777262665,30
91.76604140000018,28.735408470000003,55.580707247834226,30
91.79790119999961,28.871595240000005,55.47894334642564,30
91.84592229999998,29.00778201,57.41101386731263,30
91.87793179999971,29.14396878,55.419079391945466,30
91.90987399999995,29.14396878,61.26190694380559,30
91.94192310000017,29.280155550000003,55.38415996576318,30
91.97393829999965,29.280155550000003,61.219266475664156,30
92.0058769999996,29.416342320000005,55.3208380438335,30
92.03795079999963,29.416342320000005,61.175596014163105,30
92.06994020000002,29.416342320000005,61.177792585808845,30
92.10196639999958,29.416342320000005,61.179991684348956,30
92.13397859999986,29.55252909,55.294492866515775,30
92.16601989999981,29.688715860000002,55.2529034570767,30
92.19791939999959,29.688715860000002,61.08788670378473,30
92.24591189999956,29.824902630000004,57.14597131284148,30
92.2780703999997,29.961089400000006,55.180336714384026,30
92.30993529999978,30.09727617,55.07834983462725,30
92.34188559999984,29.961089400000006,66.84310305044305,30
92.37398359999952,29.961089400000006,60.99281923430383,30
92.40599719999955,30.369649710000004,43.33064090961001,30
92.4378960999993,30.09727617,72.66271162188592,30
92.46987199999967,30.09727617,60.94263010208505,30
92.50194490000013,30.233462940000003,55.06561602595398,30
92.53392679999979,30.233462940000003,60.89280483950517,30
92.56602109999949,30.369649710000004,55.019162029659526,30
92.59800730000006,30.369649710000004,60.84195217500612,30
92.6458991999998,30.505836480000006,56.888016741465684,30
92.67786569999953,30.505836480000006,60.78913386889386,30
92.70989279999958,30.64202325,54.90224727558611,30
92.74199219999991,30.64202325,60.736224337841946,30
92.77390539999942,30.778210020000003,54.8280045905974,30
92.80595979999998,30.778210020000003,60.682301921691895,30
92.83787309999934,30.778210020000003,60.679380127594165,30
92.86992980000014,30.778210020000003,60.67644520463548,30
92.90186480000011,30.778210020000003,60.673521423813284,30
92.9339274999993,30.778210020000003,60.67058595153003,30
92.96598529999937,30.778210020000003,60.66765092786189,30
92.99793239999963,30.778210020000003,60.664726039234814,30
93.04591879999953,30.778210020000003,60.660332686610865,30
93.07787769999959,30.778210020000003,60.65740671764518,30
93.10994909999954,30.778210020000003,60.65447044884101,30
93.14198810000016,30.64202325,66.53435022208306,30
93.17395899999974,30.64202325,60.69770156248451,30
93.20589539999946,30.64202325,60.695289337623215,30
93.23791729999994,30.505836480000006,66.57879899301432,30
93.26996749999944,30.369649710000004,66.6203167864638,30
93.30195099999946,30.369649710000004,60.78673083599801,30
93.3339318999997,30.369649710000004,60.78534004418499,30
93.3660132999994,30.233462940000003,66.65904789138635,30
93.39797809999982,30.233462940000003,60.83164685546172,30
93.44588579999981,30.233462940000003,60.83033101163928,30
93.47797480000008,30.233462940000003,60.829449647841436,30
93.5099137999996,30.233462940000003,60.828572403977844,30
93.5418753999993,30.233462940000003,60.82769453937749,30
93.57396890000018,30.369649710000004,54.95390658420688,30
93.60595889999968,30.369649710000004,60.776841744413844,30
93.63797869999962,30.369649710000004,60.77544926090982,30
93.66988369999945,30.505836480000006,54.866747241738125,30
93.70193279999967,30.505836480000006,60.72357742245974,30
93.73389469999984,30.505836480000006,60.721675364225604,30
93.76587059999929,30.505836480000006,60.719772472849066,30
93.79795169999943,30.505836480000006,60.71786332100218,30
93.84589009999945,30.914396790000005,48.870807886651484,30
93.8778115999994,30.914396790000005,60.565074548506914,30
93.90994749999936,30.914396790000005,60.561617493941775,30
93.94194079999943,30.914396790000005,60.55817577972748,30
93.97393019999981,30.914396790000005,60.5547344850599,30
94.00595470000007,30.914396790000005,60.551289414471476,30
94.03791420000016,30.914396790000005,60.54785133632912,30
94.06991539999945,30.914396790000005,60.54440877226377,30
94.10189309999987,30.914396790000005,60.54096873623648,30
94.13413570000012,30.369649710000004,83.92140150738054,30
94.16633879999972,30.369649710000004,60.730429783964034,30
94.19786130000011,30.369649710000004,60.72905892714243,30
94.24591259999943,30.778210020000003,48.910245816491724,30
94.27792450000015,30.778210020000003,60.577531054851455,30
94.30994529999953,30.778210020000003,60.574599418685814,30
94.34194409999964,30.64202325,66.46181175951857,30
94.3739255999999,30.64202325,60.617832768080845,30
94.40590929999962,30.64202325,60.615416970548985,30
94.43791469999996,30.64202325,60.61299953396949,30
94.47000759999992,30.64202325,60.61057548832714,30
94.50194769999962,31.322957100000004,31.103779303519218,30
94.53385749999961,31.322957100000004,60.360308167322565,30
94.56593969999994,31.322957100000004,60.35531482917268,30
94.59788599999956,31.322957100000004,60.350342642772304,30
94.6459320999993,30.505836480000006,83.9788371638038,30
94.67797789999986,30.505836480000006,60.633971872799044,30
94.71002270000008,30.369649710000004,66.51382207335037,30
94.74196080000002,30.369649710000004,60.67925529039552,30
94.77405249999993,30.233462940000003,66.55109280140994,30
94.80582239999967,30.09727617,66.65779353983982,30
94.83776919999946,30.09727617,60.77377649990463,30
94.86997849999989,29.961089400000006,66.62537639020209,30
94.90190489999986,29.824902630000004,66.72552382190979,30
94.93391530000008,29.824902630000004,60.871372860929895,30
94.96586620000016,29.688715860000002,66.77092976242996,30
94.9978459999993,29.688715860000002,60.921780028338,30
95.04591290000008,30.505836480000006,37.2976670097974,30
95.07791589999943,30.369649710000004,66.51799493862607,30
95.10991139999987,30.369649710000004,60.67580678498903,30
95.14194319999933,30.233462940000003,66.55853813958159,30
95.1739420999993,30.505836480000006,48.94186660414431,30
95.20602759999929,30.09727617,78.246123023373,30
95.23791009999968,30.09727617,60.76842250367329,30
95.26991670000007,30.09727617,60.76805621197179,30
95.30215159999989,30.09727617,60.7676873075468,30
95.33393029999934,30.233462940000003,54.83672638661652,30
95.36585399999967,30.233462940000003,60.71787172406575,30
95.39793699999973,30.09727617,66.59180298773187,30
95.44601669999975,30.09727617,60.7650202404854,30
95.47791679999955,29.961089400000006,66.6728695458397,30
95.50992880000013,29.961089400000006,60.81337873085697,30
95.54187000000002,29.824902630000004,66.71420015922061,30
95.57392049999999,29.824902630000004,60.86276285890071,30
95.60586079999939,29.824902630000004,60.86342081919799,30
95.63794019999932,29.688715860000002,66.73954787876754,30
95.66997119999996,29.688715860000002,60.913834567519075,30
95.70194290000018,29.55252909,66.81009840586427,30
95.73394829999961,29.416342320000005,66.85420592304979,30
95.7659724999994,29.416342320000005,61.01604614322264,30
95.79789559999972,29.280155550000003,66.92223114922642,30
95.84593940000013,29.280155550000003,61.07088426547548,30
95.87791659999948,28.871595240000005,78.75585478794626,30
95.90990580000016,28.735408470000003,67.1154686550625,30
95.94188519999989,28.5992217,67.1705953659352,30
95.97396469999967,28.463034930000006,67.20622296801909,30
96.00586500000009,28.463034930000006,61.38512298587732,30
96.03809509999974,28.463034930000006,61.3909508138658,30
96.07003589999931,28.463034930000006,61.39672633079606,30
96.10191779999968,28.463034930000006,61.40249119746263,30
96.13388799999939,28.463034930000006,61.40827203048386,30
96.16590569999971,28.5992217,55.527367452881215,30
96.19798349999928,28.5992217,61.37076888642826,30
96.24589490000017,28.5992217,61.37866456283342,30
96.27796979999948,28.735408470000003,55.507666770151786,30
96.30995709999934,28.735408470000003,61.340129528187795,30
96.34191349999946,28.735408470000003,61.3448838567489,30
96.37389649999932,28.735408470000003,61.34964214273759,30
96.40591959999983,28.735408470000003,61.354406394622885,30
96.43799989999934,28.735408470000003,61.359179156465146,30
96.46994959999938,28.735408470000003,61.363932488230574,30
96.50194359999932,28.735408470000003,61.36869241074948,30
96.53391180000017,28.5992217,67.26918151882944,30
96.56591529999969,28.5992217,61.42730070241708,30
96.59791899999982,28.5992217,61.43257483047354,30
96.64592429999993,28.5992217,61.44048598135885,30
96.67790819999937,28.5992217,61.44575684642574,30
96.70988859999943,28.5992217,61.451027134701675,30
96.74193259999993,28.5992217,61.45630790409531,30
96.77400539999962,28.5992217,61.461593419655294,30
96.80608479999955,28.5992217,61.46688002287844,30
96.83798680000018,28.5992217,61.47213739103463,30
96.87016570000014,28.5992217,61.477440391603785,30
96.90201389999947,28.5992217,61.48268889365709,30
96.93396639999992,28.5992217,61.48795458408431,30
96.96592549999968,28.5992217,61.49322136217458,30
96.9979057999999,28.735408470000003,55.60497073342985,30
97.04591029999938,28.735408470000003,61.457055219893206,30
97.07791610000004,28.735408470000003,61.46181689796282,30
97.10990859999947,28.735408470000003,61.466576597318436,30
97.14198979999946,28.871595240000005,55.59621016314016,30
97.17402649999985,28.871595240000005,61.427022554208044,30
97.20595879999928,29.00778201,55.528955545426875,30
97.23778429999948,29.00778201,61.386399180815395,30
97.26988549999987,29.14396878,55.51863687204178,30
97.30190270000003,29.280155550000003,55.458005434431826,30
97.33402169999954,29.280155550000003,61.29893178046405,30
97.36595299999954,29.416342320000005,55.39914652519274,30
97.39793240000017,29.55252909,55.36156894785636,30
97.42990759999975,29.688715860000002,55.31390624853123,30
97.47792779999963,29.824902630000004,57.22011298342133,30
97.5099167999997,29.961089400000006,55.22143194927946,30
97.5420936999999,30.09727617,55.20712059282774,30
97.57400309999957,30.369649710000004,49.202972094561176,30
97.60596299999997,30.505836480000006,55.020189945466136,30
97.63786439999967,30.64202325,54.95898929230337,30
97.6699138999993,30.778210020000003,54.93506525530838,30
97.70188309999958,30.914396790000005,54.86891063065524,30
97.73391179999999,31.05058356,54.82774799823744,30
97.76599579999947,30.369649710000004,90.03304694663501,30
97.79806120000012,30.505836480000006,55.023387817784375,30
97.82998210000005,30.505836480000006,60.850918602434135,30
97.87803829999939,30.64202325,56.90954752286017,30
97.91006310000012,30.64202325,60.796803993741975,30
97.94199810000009,30.778210020000003,54.89258061170381,30
97.97398819999944,30.778210020000003,60.74288546864209,30
98.00603880000017,30.914396790000005,54.85924941347692,30
98.03796749999947,31.05058356,54.784970815881366,30
98.0699799999993,31.05058356,60.63540274402045,30
98.1020183999999,31.18677033,54.74852053289159,30
98.13392489999933,31.18677033,60.57840883577635,30
98.16586730000017,31.322957100000004,54.673493656413704,30
98.19791989999976,31.322957100000004,60.520382606409875,30
98.2298652999998,31.459143870000005,54.61550468284408,30
98.27792499999941,31.459143870000005,60.458582693323606,30
98.30990029999975,31.59533064,54.55865888774878,30
98.3419146999995,31.59533064,60.39850680637602,30
98.37398969999958,31.731517410000002,54.51622129249532,30
98.4060816000001,31.731517410000002,60.33736958114109,30
98.43797379999978,31.731517410000002,60.330872887077255,30
98.46985359999962,31.731517410000002,60.324378718991724,30
98.50195929999973,31.867704180000004,54.44714508379808,30
98.53396259999954,32.003890950000006,54.37290548596438,30
98.56590150000011,32.003890950000006,60.20611780534515,30
98.59781930000008,32.14007772,54.29362792126301,30
98.62981799999943,32.14007772,60.14195938327587,30
98.67789339999945,32.14007772,60.129855254755846,30
98.70992919999935,32.27626449,54.23839368211001,30
98.74188379999941,32.412451260000005,54.16643159643064,30
98.7738918999994,32.412451260000005,60.00699061120801,30
98.80594939999992,32.548638030000006,54.11844561671095,30
98.8379004999997,32.548638030000006,59.93973236859533,30
98.86991750000016,32.548638030000006,59.9301323987356,30
98.9019146999999,32.6848248,54.03010432473838,30
98.93396289999964,32.6848248,59.86183698835388,30
98.96589479999966,32.6848248,59.8517509228208,30
98.99793039999986,32.6848248,59.841632102425116,30
99.02993249999963,32.6848248,59.83152386339788,30
99.07790380000006,32.6848248,59.81637156505325,30
99.1099121999996,32.6848248,59.80626133609712,30
99.1419122999996,32.6848248,59.7961537287933,30
99.17425180000009,32.6848248,59.78593891801437,30
99.20604889999959,32.6848248,59.77589543064417,30
99.23789889999989,32.6848248,59.765835234187605,30
99.26992819999941,32.6848248,59.75571840372108,30
99.30187719999958,32.548638030000006,65.64487354663662,30
99.33389420000003,32.548638030000006,59.784604771929494,30
99.36594749999949,32.548638030000006,59.774993917886476,30
99.39787029999934,32.412451260000005,65.66947020237431,30
99.42986389999987,32.412451260000005,59.80491922497876,30
99.4779598999994,32.27626449,63.72656185703999,30
99.50990869999987,32.27626449,59.83154948076121,30
99.54188519999934,32.14007772,65.7172017444685,30
99.57436569999936,32.003890950000006,65.66690355740322,30
99.60592709999946,32.003890950000006,59.90453247381492,30
99.6380567999995,31.867704180000004,65.76330271279416,30
99.67002909999974,31.731517410000002,65.83349654035032,30
99.70208939999975,31.59533064,65.85949781636465,30
99.73404589999973,31.59533064,60.023142308921386,30
99.76751469999999,31.459143870000005,65.65045595751194,30
99.80344739999964,31.459143870000005,60.05929448971036,30
99.83068860000003,31.322957100000004,66.96489672693694,30
99.8788711999996,31.18677033,64.02393057435005,30
99.91312779999953,31.05058356,65.64484593758598,30
99.94253380000009,31.05058356,60.18465654029834,30
99.97416109999995,30.914396790000005,66.13949954021578,30
100.00677600000017,30.778210020000003,66.00561542332987,30
100.03799780000008,30.778210020000003,60.271541523688924,30
100.07031029999962,30.64202325,66.10201842006111,30
100.10201929999948,30.505836480000006,66.25829723757482,30
100.1339696999994,30.505836480000006,60.36144434685596,30
100.16607769999973,30.369649710000004,66.22981002366546,30
100.19866120000006,30.369649710000004,60.406696948713055,30
100.22999970000001,30.233462940000003,66.41854680809433,30
100.27795090000018,30.233462940000003,60.45258507853968,30
100.31026229999952,30.233462940000003,60.451697606252694,30
100.34187709999969,30.233462940000003,60.45082926694029,30
100.37398669999948,30.09727617,66.3199337013117,30
100.4060313,30.09727617,60.498160988720805,30
100.43803930000013,29.961089400000006,66.38625776149436,30
100.47002319999956,29.961089400000006,60.54651984439424,30
100.50197750000007,29.824902630000004,66.44494241381896,30
100.53394879999996,29.824902630000004,60.59590261079845,30
100.5658997999999,29.824902630000004,60.596560791512424,30
100.59793059999993,29.688715860000002,66.4815271453456,30
100.62995359999968,29.688715860000002,60.64697246704732,30
100.67798289999973,29.688715860000002,60.64873137991148,30
100.7099449999996,29.688715860000002,60.64990188518337,30
100.74191999999948,29.688715860000002,60.65107286287471,30
100.77519510000002,29.688715860000002,60.65229145239085,30
100.8060501,29.688715860000002,60.65342141381904,30
100.83795139999984,29.688715860000002,60.654589692493786,30
100.87000529999932,29.824902630000004,54.775662242113135,30
100.90221239999937,29.824902630000004,60.60784753038714,30
100.93395019999934,30.369649710000004,36.85579471627993,30
100.96595040000011,30.505836480000006,54.52292558580724,30
100.99794269999984,30.505836480000006,60.36232951162095,30
101.02989470000011,30.64202325,54.461730708993336,30
101.07799089999935,30.778210020000003,56.372940405590946,30
101.10995719999937,30.778210020000003,60.256454219078606,30
101.14195370000016,30.914396790000005,54.36296297355023,30
101.17389459999958,30.914396790000005,60.20151016457024,30
101.20594419999998,30.505836480000006,77.84071333329334,30
101.23788830000012,31.05058356,36.741323714503196,30
101.2698918999995,31.18677033,54.254367252523174,30
101.30192669999997,31.18677033,60.09058177677622,30
101.33388819999982,31.322957100000004,54.189160671345164,30
101.36586110000007,31.322957100000004,60.032564979315694,30
101.39783249999982,31.459143870000005,54.132441049409394,30
101.42993119999937,31.459143870000005,59.97350053182578,30
101.47786309999992,31.59533064,56.0166761463854,30
101.50987199999963,31.59533064,59.910430847399134,30
101.54193570000007,31.731517410000002,54.02609382235505,30
101.57397459999993,31.731517410000002,59.84930672058422,30
101.60598260000006,31.731517410000002,59.84278643714192,30
101.63800689999971,31.867704180000004,53.95077192540546,30
101.66997790000005,31.867704180000004,59.780658837223065,30
101.70196309999938,31.867704180000004,59.77363073231283,30
101.73394619999999,31.867704180000004,59.76660308883513,30
101.76591409999946,31.731517410000002,65.65536667678607,30
101.79782929999965,31.731517410000002,59.801655513558174,30
101.82988899999964,31.731517410000002,59.79512469841589,30
101.87790599999971,31.731517410000002,59.78534325471282,30
101.90993369999978,31.59533064,65.66369028495981,30
101.94193749999977,31.59533064,59.821391360139266,30
101.97394350000013,31.59533064,59.81538428337875,30
102.00590869999996,31.59533064,59.8093848642054,30
102.03787519999969,31.459143870000005,65.69942915361221,30
102.06983739999941,31.459143870000005,59.84647652764995,30
102.10189249999985,31.459143870000005,59.84097382145372,30
102.13397480000003,31.459143870000005,59.83546644599716,30
102.16597529999945,31.459143870000005,59.82997311265469,30
102.19791879999957,31.322957100000004,65.72474344805589,30
102.22989299999972,31.322957100000004,59.8680907520628,30
102.27796479999961,31.322957100000004,59.86060876040167,30
102.30997509999997,31.18677033,65.74367012359242,30
102.34190750000016,31.18677033,59.89974699696864,30
102.3739685999999,31.867704180000004,30.501311420327397,30
102.40601249999963,31.867704180000004,59.64533161738537,30
102.43787979999979,31.867704180000004,59.638329418630576,30
102.46985229999973,31.867704180000004,59.631304104289995,30
102.50191219999942,32.14007772,47.866239493207416,30
102.53388180000002,32.14007772,59.519051312951966,30
102.56586209999932,32.14007772,59.51099950971579,30
102.59790459999931,31.731517410000002,77.14945962296042,30
102.63000599999941,31.731517410000002,59.64213064505749,30
102.67798709999988,32.003890950000006,51.74316019074969,30
102.70987789999981,32.003890950000006,59.52716885710807,30
102.7419420999995,32.003890950000006,59.51960966179062,30
102.77391679999982,32.003890950000006,59.51207156626596,30
102.80584499999986,32.003890950000006,59.50454443320362,30
102.83790409999983,32.003890950000006,59.49698644022067,30
102.8699544000001,32.003890950000006,59.48943052185416,30
102.90196749999996,32.003890950000006,59.481883373457556,30
102.93407070000012,32.003890950000006,59.47431498381681,30
102.9659843999998,32.003890950000006,59.46679126915676,30
102.99793109999973,31.59533064,77.1582631485521,30
103.0298058999997,31.867704180000004,47.77328073513647,30
103.07783800000016,31.59533064,67.37222829865841,30
103.10990169999968,31.59533064,59.58295637498868,30
103.14192790000016,31.59533064,59.5769455069718,30
103.1739891999996,31.59533064,59.570928051177994,30
103.20595869999943,31.459143870000005,65.46042310264684,30
103.23791399999936,31.459143870000005,59.60802038411204,30
103.26990870000009,31.459143870000005,59.602528046420446,30
103.30188360000011,31.731517410000002,47.80802326291002,30
103.33384959999967,31.731517410000002,59.49337094035452,30
103.3659477000001,31.731517410000002,59.48683230282761,30
103.39791779999996,31.731517410000002,59.48031973991594,30
103.42988439999954,31.731517410000002,59.47380788998209,30
103.4778910999994,31.731517410000002,59.46402854447075,30
103.50989279999976,31.322957100000004,77.12634748139232,30
103.54188040000008,31.59533064,47.81389263142115,30
103.57387749999998,31.18677033,77.16646151499901,30
103.60592869999982,31.18677033,59.636365361325495,30
103.63797720000002,31.05058356,65.51297455946928,30
103.6698652999994,31.322957100000004,47.85569031817537,30
103.70193440000003,30.914396790000005,77.2063965521093,30
103.7340108999997,30.778210020000003,65.59266539492121,30
103.76591329999974,30.64202325,65.67012342191953,30
103.79787889999989,30.369649710000004,71.60091123466353,30
103.82989369999996,30.233462940000003,65.79148074785346,30
103.87788829999954,30.09727617,63.89502116004302,30
103.90991679999934,29.961089400000006,65.88471249537969,30
103.94189790000019,29.824902630000004,65.94208711560243,30
103.9739184,29.824902630000004,60.09795034381482,30
104.0058653999995,29.688715860000002,65.99822129333552,30
104.03786919999948,29.55252909,66.0375876543596,30
104.0698668999994,29.55252909,60.1986214054462,30
104.10192789999928,29.416342320000005,66.07911923711721,30
104.13396639999974,29.14396878,72.01689699164271,30
104.16586769999958,29.14396878,60.35145999884377,30
104.19789709999986,29.00778201,66.23924725098182,30
104.22992259999955,29.00778201,60.40700314403525,30
104.27808120000009,28.871595240000005,64.34286701177503,30
104.30989210000007,28.871595240000005,60.46568529397117,30
104.34187209999982,28.871595240000005,60.46993075093876,30
104.37393209999937,29.00778201,54.595194966379665,30
104.40584489999947,29.00778201,60.42933247482469,30
104.43784549999964,29.00778201,60.433067953767164,30
104.46988199999942,29.00778201,60.43680762337145,30
104.5019728999996,29.00778201,60.4405536431709,30
104.5338671999998,29.14396878,54.534996849298565,30
104.56594549999954,29.14396878,60.39893037644438,30
104.59797359999993,29.14396878,60.40215591215233,30
104.62989860000016,29.14396878,60.40537106470513,30
104.67790979999972,29.14396878,60.41020625130621,30
104.70992729999944,29.14396878,60.41343071949281,30
104.74186219999956,29.14396878,60.41664686907019,30
104.77395929999966,29.14396878,60.41987935373743,30
104.8059545999995,29.14396878,60.423101586171924,30
104.83793989999958,29.280155550000003,54.53371552284458,30
104.86993859999984,29.280155550000003,60.380454317617684,30
104.9019615999996,29.280155550000003,60.38316626806734,30
104.93386889999965,29.280155550000003,60.38586842016377,30
104.96588199999951,29.280155550000003,60.38857953220638,30
104.99787839999954,29.280155550000003,60.391289229966375,30
105.02986689999943,29.416342320000005,54.50197553170869,30
105.0778937999994,29.416342320000005,60.34871761734617,30
105.10987690000002,29.55252909,54.45790451378989,30
105.14194299999963,29.688715860000002,54.42614065308554,30
105.17393619999984,29.688715860000002,60.25661544451927,30
105.20591839999997,29.824902630000004,54.36461299150538,30
105.23787099999936,29.961089400000006,54.311279071932475,30
105.26990990000013,29.280155550000003,89.57559178485506,30
105.30200309999964,29.416342320000005,54.53408857918778,30
105.33395019999989,29.55252909,54.461068500873544,30
105.36594819999937,29.688715860000002,54.42348175714664,30
105.39790099999937,30.505836480000006,24.875056065940406,30
105.42984350000006,30.505836480000006,59.972993232181516,30
105.4779168999994,30.64202325,56.03301252569791,30
105.50998729999992,30.64202325,59.91887388007054,30
105.54204930000014,30.778210020000003,54.03782397074984,30
105.57397630000014,30.778210020000003,59.86494950466231,30
105.60584669999935,30.778210020000003,59.86203163823633,30
105.63782319999973,30.778210020000003,59.859104057918124,30
105.66987269999936,30.778210020000003,59.85616979414922,30
105.70186099999955,30.778210020000003,59.85324113349241,30
105.73386649999975,30.778210020000003,59.85031089810473,30
105.7659251999994,30.778210020000003,59.847375792037916,30
105.79797509999935,30.778210020000003,59.84444149164734,30
105.82984260000012,29.961089400000006,95.32677298009298,30
105.87793839999995,29.961089400000006,60.13320305399805,30
105.90987109999969,29.961089400000006,60.13334923288235,30
105.94189959999949,29.961089400000006,60.133495850312,30
105.97392809999928,29.961089400000006,60.133642467741666,30
106.00591219999933,29.961089400000006,60.133788881920665,30
106.03790179999942,29.961089400000006,60.13393532127711,30
106.06985939999959,29.961089400000006,60.13408161414658,30
106.10191909999958,30.09727617,54.2551819591519,30
106.1340812999997,30.09727617,60.08528072350398,30
106.16584340000009,30.09727617,60.084917229922894,30
106.19788759999938,30.233462940000003,54.202684103959356,30
106.2299081000001,30.233462940000003,60.03509169542735,30
106.27788839999994,30.369649710000004,56.08911075241255,30
106.30988279999929,30.505836480000006,54.09260257276173,30
106.34189559999959,30.64202325,54.04547667624969,30
106.37396239999998,30.778210020000003,54.00430771099231,30
106.4059830999995,30.914396790000005,53.944404902406774,30
106.43789349999952,31.18677033,47.96589387766947,30
106.46992219999993,31.322957100000004,53.79222488782089,30
106.50185929999952,31.459143870000005,53.721937751873185,30
106.5338912999996,31.731517410000002,47.801111963945935,30
106.56593579999935,31.867704180000004,53.5837900329365,30
106.59784339999987,32.003890950000006,53.503174272957374,30
106.62988499999938,32.27626449,47.589201029843785,30
106.67789709999943,32.412451260000005,55.30178113735127,30
106.70992560000013,32.548638030000006,53.301213428478725,30
106.74188400000003,32.6848248,53.23025162336247,30
106.77412039999945,32.82101157,53.2219270771625,30
106.80604399999993,32.957198340000005,53.105938694202884,30
106.83789590000015,33.09338511,53.03310040141138,30
106.86982799999987,33.09338511,58.88998390067699,30
106.90197589999934,33.22957188,53.01523285353484,30
106.93381869999939,33.22957188,58.817604738876994,30
106.96598099999937,33.365758650000004,52.944936225143955,30
106.9978089999995,33.365758650000004,58.744200478201535,30
107.02989230000003,33.365758650000004,58.731496402378326,30
107.07787409999946,33.365758650000004,58.71249697197941,30
107.1098664000001,33.365758650000004,58.699828929572305,30
107.14196329999959,33.365758650000004,58.687119468535656,30
107.17386119999992,33.365758650000004,58.674488805848256,30
107.20589969999946,33.365758650000004,58.66180246955337,30
107.23786909999944,33.365758650000004,58.649143494896286,30
107.26985629999945,33.365758650000004,58.6364774719446,30
107.30186869999943,33.22957188,64.51146194846974,30
107.33387529999982,33.09338511,64.54893789549149,30
107.36585769999965,32.957198340000005,64.59029599174285,30
107.3978118999994,32.82101157,64.63291473169947,30
107.42993879999995,32.6848248,64.63938750295972,30
107.47784279999996,32.412451260000005,66.70771931640587,30
107.50983039999937,32.14007772,70.67894770973587,30
107.54187300000012,32.003890950000006,64.86582047573829,30
107.57390399999986,31.731517410000002,70.79323094627851,30
107.60588769999958,31.459143870000005,70.9011328880818,30
107.6378423999995,31.322957100000004,65.10520798492304,30
107.66981099999975,31.05058356,71.04192688909684,30
107.70188489999964,30.914396790000005,65.22026445063862,30
107.7338479,30.914396790000005,59.388940467630924,30
107.7658977000001,30.778210020000003,65.26633992985492,30
107.79790289999983,31.05058356,47.653194002166735,30
107.82987349999985,30.64202325,77.01591534046051,30
107.8780227999996,30.64202325,59.47213060515553,30
107.9099655,30.64202325,59.469717904441644,30
107.94184499999938,30.505836480000006,65.37931042533764,30
107.9739485,30.505836480000006,59.51397618379459,30
108.00585599999977,30.369649710000004,65.41893289031732,30
108.03783469999962,30.369649710000004,59.559263806700145,30
108.06991560000006,30.369649710000004,59.557868666067,30
108.10188789999938,30.233462940000003,65.45146152240685,30
108.13399369999934,30.233462940000003,59.60417460117108,30
108.1659853000001,30.09727617,65.49475245677779,30
108.1980825999999,29.961089400000006,65.5237240570002,30
108.2298350000001,29.961089400000006,59.7002326046789,30
108.27787679999983,29.824902630000004,63.640129429788836,30
108.30984110000009,29.688715860000002,65.64639300391016,30
108.34187349999956,29.55252909,65.68371281791899,30
108.37386030000016,29.416342320000005,65.74229405740127,30
108.40593829999943,29.280155550000003,65.7764623805317,30
108.4379171999999,29.280155550000003,59.95202994998142,30
108.46988210000018,29.688715860000002,42.26572711654602,30
108.5019513999996,29.688715860000002,59.81017723243761,30
108.53386409999985,29.688715860000002,59.81134592859934,30
108.56587349999973,29.55252909,65.7007258491404,30
108.5978242000001,29.55252909,59.8627789396759,30
108.62991819999934,29.416342320000005,65.7372842220748,30
108.67793559999973,28.871595240000005,75.68296031629579,30
108.7098589999996,28.735408470000003,66.01986267448456,30
108.74194809999972,28.5992217,66.04298119331806,30
108.77385400000003,28.5992217,60.223114235071485,30
108.80588840000019,28.463034930000006,66.1120441949954,30
108.83784879999985,28.463034930000006,60.282751656514,30
108.86995969999953,28.326848160000004,66.15830863780174,30
108.90187119999973,28.326848160000004,60.34341983373294,30
108.93394819999958,28.735408470000003,42.722027426554135,30
108.96601999999984,28.5992217,66.08561274478745,30
108.99790339999981,28.5992217,60.26259992065531,30
109.02994539999963,28.463034930000006,66.15014724188039,30
109.07788859999982,28.463034930000006,60.325128716951426,30
109.1098677,28.326848160000004,66.22465136918419,30
109.14190919999965,28.326848160000004,60.38579653985584,30
109.17391409999982,28.326848160000004,60.392096428952826,30
109.20595139999932,28.326848160000004,60.39840269571079,30
109.2378734999993,28.326848160000004,60.4046862863404,30
109.26993729999958,28.326848160000004,60.41099776939545,30
109.30185389999951,28.326848160000004,60.41728027739738,30
109.33384609999939,28.463034930000006,54.532230693313124,30
109.36593170000015,28.463034930000006,60.38080086920484,30
109.3979077999993,28.463034930000006,60.38658276906056,30
109.42985869999939,28.463034930000006,60.39236011226704,30
109.4778937000001,28.326848160000004,64.34127336827919,30
109.50997079999979,28.326848160000004,60.45619540844609,30
109.5418510999998,28.190661390000002,66.37432409581035,30
109.57393039999988,28.190661390000002,60.51787598300614,30
109.60592180000003,28.05447462,66.41617884899576,30
109.63789120000001,28.05447462,60.58058159120912,30
109.66990219999934,27.918287850000006,66.47582426747827,30
109.70194939999965,27.782101080000004,66.52565621821319,30
109.73396159999993,27.782101080000004,60.70126813023376,30
109.76589719999993,27.645914310000002,66.6113023665845,30
109.79795120000017,27.645914310000002,60.76705604925369,30
109.82995990000018,27.645914310000002,60.77592089897432,30
109.8779985000001,27.50972754,64.72916128268112,30
109.90998459999992,27.50972754,60.84743191268364,30
109.94200459999956,28.326848160000004,25.539164810966238,30
109.97395509999933,27.50972754,95.96546019488802,30
110.00596899999982,28.326848160000004,25.548153148263808,30
110.03799429999981,28.326848160000004,60.58730546767913,30
110.06999349999933,28.326848160000004,60.59360423478004,30
110.10196949999954,28.326848160000004,60.59989843516077,30
110.13390769999933,28.326848160000004,60.60618519493677,30
110.1660398999993,28.326848160000004,60.61251014194302,30
110.19791110000006,28.326848160000004,60.61878371334588,30
110.22984439999982,28.326848160000004,60.62506950859905,30
110.27788359999977,28.326848160000004,60.63452561164282,30
110.30990769999971,28.326848160000004,60.640829280094486,30
110.34188269999959,28.326848160000004,60.64712328363375,30
110.37392319999981,28.190661390000002,66.53597014605775,30
110.4059115,28.190661390000002,60.70881858833879,30
110.43784669999968,28.190661390000002,60.71561642250085,30
110.46990949999963,28.05447462,66.60092416277965,30
110.50184929999978,28.05447462,60.77833159811099,30
110.53388319999976,28.05447462,60.78566368816632,30
110.5658728999997,27.918287850000006,66.684789207978,30
110.59789319999982,27.918287850000006,60.849406124015914,30
110.6299597999996,27.782101080000004,66.73505141134848,30
110.67788560000008,27.782101080000004,60.91834440255344,30
110.70993559999988,27.782101080000004,60.92670718612819,30
110.74187209999945,27.782101080000004,60.935040354229095,30
110.77385439999944,27.645914310000002,66.83654089443326,30
110.80581209999946,27.645914310000002,61.000814536466585,30
110.83779849999974,27.645914310000002,61.009673210174256,30
110.86988190000011,27.50972754,66.89329857857967,30
110.90191259999938,27.50972754,61.07652284400095,30
110.93395369999962,27.50972754,61.08591002857962,30
110.96594610000011,27.50972754,61.09528294536203,30
110.99787039999956,27.50972754,61.104635910667135,30
111.02988539999933,27.645914310000002,55.22682913208937,30
111.07789719999982,27.645914310000002,61.07873351474914,30
111.10981329999959,27.645914310000002,61.08757271878328,30
111.14193259999956,27.782101080000004,55.22823973938523,30
111.17390989999967,27.782101080000004,61.056231479949844,30
111.20589399999972,27.918287850000006,55.171750538808496,30
111.23787309999989,27.918287850000006,61.02383061649024,30
111.26990320000004,27.918287850000006,61.03167502217682,30
111.30188480000015,28.05447462,55.146224215875925,30
111.33388169999944,28.05447462,60.99825284400309,30
111.36594249999962,28.190661390000002,55.12674470045242,30
111.39790790000006,28.190661390000002,60.963815757616345,30
111.42981659999987,28.190661390000002,60.97060795089922,30
111.47786749999977,28.326848160000004,57.041896035386245,30
111.50982889999977,28.463034930000006,55.04131482846743,30
111.54183449999982,28.5992217,55.00660003842991,30
111.5738008999997,28.735408470000003,54.95612802112939,30
111.60585269999956,28.871595240000005,54.92789734379029,30
111.6378780999994,28.871595240000005,60.76405273481299,30
111.66994549999981,29.00778201,54.8906632632126,30
111.70194179999999,29.00778201,60.72346506959493,30
111.73388989999967,29.14396878,54.82778300740474,30
111.76589749999948,29.14396878,60.68184010087688,30
111.79786650000005,29.280155550000003,54.789472968435014,30
111.82986059999985,29.280155550000003,60.63919106235217,30
111.87787019999996,29.00778201,68.52782882224862,30
111.90997799999968,29.14396878,54.874362436714506,30
111.94189490000008,29.14396878,60.699309114218536,30
111.97391389999939,29.280155550000003,54.81607674559659,30
112.00611639999988,29.416342320000005,54.8034881014332,30
112.03799350000008,29.416342320000005,60.61028895305568,30
112.06994619999932,29.55252909,54.71391382052552,30
112.10184769999978,29.688715860000002,54.657627301647146,30
112.13396459999967,30.09727617,42.912193762848474,30
112.16589079999994,30.09727617,60.37207682567393,30
112.19797179999932,29.961089400000006,66.24688533339614,30
112.22992879999947,29.961089400000006,60.420435892380134,30
112.27782119999938,29.961089400000006,60.42065513026478,30
112.30989909999971,30.09727617,54.545063292086496,30
112.3418372999995,30.09727617,60.3718565948499,30
112.37377849999939,30.09727617,60.37149105160271,30
112.40584779999972,30.09727617,60.371124042346395,30
112.43782649999957,29.961089400000006,66.26457138669714,30
112.46991629999957,29.961089400000006,60.41948324867301,30
112.50186099999974,29.824902630000004,66.31966356787642,30
112.53391599999941,29.688715860000002,66.34876876200904,30
112.56596809999974,29.688715860000002,60.51862084590205,30
112.59785180000017,29.688715860000002,60.519788480035544,30
112.62991059999968,29.55252909,66.40017260865615,30
112.67782110000007,29.55252909,60.572064273617066,30
112.70982099999947,29.55252909,60.57374886471973,30
112.7419074999998,29.55252909,60.57543801476135,30
112.7739316999996,29.55252909,60.57712388510441,30
112.80588589999934,29.55252909,60.5788060703929,30
112.83786969999983,29.55252909,60.58048981393307,30
112.8698276999994,29.416342320000005,66.47977129009851,30
112.90184859999954,29.416342320000005,60.63294888291458,30
112.9338601999998,29.416342320000005,60.63514697893685,30
112.96593799999937,29.280155550000003,66.51310646661194,30
112.99784989999989,29.280155550000003,60.68863203074887,30
113.02997210000012,29.14396878,66.55905548932715,30
113.07794990000002,29.14396878,60.74476478495148,30
113.11002709999957,29.14396878,60.74799526549851,30
113.14192509999975,29.00778201,66.6598078117583,30
113.17388870000013,29.00778201,60.80351584648566,30
113.20586670000012,28.871595240000005,66.70118994529825,30
113.2378977999997,28.871595240000005,60.86007919744129,30
113.26981669999986,28.871595240000005,60.864316543170006,30
113.30186259999937,28.871595240000005,60.868570748593285,30
113.33391909999955,29.00778201,54.99319797820325,30
113.36588309999934,29.00778201,60.82797804057315,30
113.3978662999998,28.871595240000005,66.7247024591849,30
113.42986409999958,28.871595240000005,60.88453766115548,30
113.4779297999994,28.871595240000005,60.890918551116954,30
113.50987040000018,28.871595240000005,60.895158777596734,30
113.54182729999957,28.871595240000005,60.8994011679584,30
113.57392290000007,28.871595240000005,60.90366197123082,30
113.60587409999971,28.871595240000005,60.90790360489756,30
113.63791270000002,28.190661390000002,90.32658638822664,30
113.66992750000009,28.190661390000002,61.161867821335505,30
113.70200320000004,28.190661390000002,61.168695562800536,30
113.73385299999973,28.05447462,67.09294284447428,30
113.76577189999989,28.05447462,61.23135720212986,30
113.79780959999971,28.05447462,61.23869016194945,30
113.82993170000009,28.05447462,61.24604243969176,30
113.8779199999999,27.918287850000006,65.20104002827036,30
113.90985529999944,27.918287850000006,61.31368223253768,30
113.94187479999982,27.782101080000004,67.20788987660069,30
113.97392249999939,27.645914310000002,67.25969455386817,30
114.00596200000018,27.645914310000002,61.43591792605566,30
114.0379069999999,27.50972754,67.34474427240379,30
114.06986979999965,27.373540770000005,67.39942791292896,30
114.10189209999953,27.373540770000005,61.56117988255101,30
114.13393149999956,27.237354000000003,67.45382014744361,30
114.16592969999965,27.237354000000003,61.63005912131453,30
114.19790879999982,27.10116723,67.53419308802128,30
114.22992969999996,27.10116723,61.699951545700515,30
114.27786500000002,27.10116723,61.71629935963935,30
114.30992869999955,26.96498046,67.6055534555833,30
114.3419616000001,26.96498046,61.7872516823979,30
114.37391269999989,26.96498046,61.79866017802424,30
114.40587919999962,26.828793690000005,67.70611812496374,30
114.4378670999995,26.828793690000005,61.87058640235731,30
114.46990769999957,26.692606920000003,67.76506196795722,30
114.50187379999988,26.692606920000003,61.943557652551995,30
114.53394010000011,26.55642015,67.83388128591686,30
114.56586999999945,26.55642015,62.01755016252789,30
114.59788239999943,26.55642015,62.030519251420834,30
114.62987679999969,26.42023338,67.93442629586058,30
114.67790199999945,26.42023338,62.11228534589447,30
114.70987119999972,26.55642015,56.23019900249406,30
114.74182229999951,26.55642015,62.09011526908107,30
114.77385909999975,26.692606920000003,56.219880559723634,30
114.80587769999966,27.10116723,44.40738389372376,30
114.83783959999982,27.10116723,61.93213713033605,30
114.86997530000008,27.237354000000003,56.077837914503945,30
114.9019215999997,26.96498046,73.70438105522668,30
114.93392679999943,27.10116723,56.12450835543778,30
114.96607089999998,27.645914310000002,38.520910592881094,30
114.99806529999933,27.373540770000005,73.5722936516747,30
115.02987649999977,27.50972754,55.97280135458358,30
115.07779200000004,27.645914310000002,57.912921379888736,30
115.1098549999997,27.782101080000004,55.94445197598176,30
115.14194039999984,27.782101080000004,61.78269074782049,30
115.17394819999936,27.918287850000006,55.902542952392,30
115.2058864999999,28.05447462,55.849079161572966,30
115.23787769999944,28.190661390000002,55.8175007856198,30
115.26994269999977,28.190661390000002,61.66727736255795,30
115.30194940000001,28.326848160000004,55.78539016116322,30
115.3339763999993,28.463034930000006,55.746817049511364,30
115.36597509999956,28.463034930000006,61.5890228582614,30
115.39793829999962,28.5992217,55.6981548117203,30
115.42989299999954,28.735408470000003,55.653287372889324,30
115.4779367000001,28.735408470000003,61.510060274262926,30
115.50995299999977,28.871595240000005,55.62787424974099,30
115.54192049999983,28.871595240000005,61.47048842890792,30
115.57398719999946,29.00778201,55.596971629843786,30
115.60590830000001,29.00778201,61.429891903766844,30
115.63788059999933,29.00778201,61.43362407920695,30
115.66990259999966,29.14396878,55.5514519455078,30
115.70189329999994,29.14396878,61.392004850933645,30
115.73389940000015,29.14396878,61.39522817103137,30
115.7659552999994,29.14396878,61.398456506464846,30
115.79775029999928,29.14396878,61.40165856677541,30
115.82984390000001,29.00778201,67.27777902042592,30
115.87786739999956,29.00778201,61.45907667711976,30
115.9098340999999,28.871595240000005,67.35881556979488,30
115.94185179999931,28.871595240000005,61.51563674906393,30
115.97389190000013,28.735408470000003,67.40250297701341,30
116.00586010000006,28.735408470000003,61.573225533067536,30
116.03788499999973,29.14396878,43.921845371369855,30
116.06991649999964,29.14396878,61.43547886815465,30
116.10196739999992,29.280155550000003,55.55805959378145,30
116.1339455999996,29.280155550000003,61.39283541901035,30
116.16590110000016,29.280155550000003,61.39554165304827,30
116.19787009999982,29.280155550000003,61.39824903036849,30
116.22987959999955,29.416342320000005,55.51277039626643,30
116.27784879999945,29.416342320000005,61.35567489772039,30
116.3098403999993,29.55252909,55.466415076070696,30
116.34183870000015,29.55252909,61.310977639930286,30
116.3738631999995,29.688715860000002,55.427209067743256,30
116.40581099999963,29.688715860000002,61.265254493152554,30
116.43779449999965,29.688715860000002,61.26642578212804,30
116.4699529999998,29.824902630000004,55.40646832351713,30
116.50200940000013,29.961089400000006,55.340036099036105,30
116.53387019999991,29.961089400000006,61.171248994525165,30
116.5657827999994,29.961089400000006,61.17139508139734,30
116.59788919999937,29.961089400000006,61.1715420554312,30
116.62988739999946,29.961089400000006,61.17168853415602,30
116.67786410000008,30.09727617,57.22695278150594,30
116.70983720000004,30.09727617,61.12270764941057,30
116.74186430000009,30.09727617,61.12234112310183,30
116.77384419999998,30.09727617,61.12197513696196,30
116.8058973999996,29.961089400000006,67.00183697105668,30
116.83784719999949,29.961089400000006,61.17033404344805,30
116.86984179999945,29.961089400000006,61.17048050569308,30
116.90183889999935,29.824902630000004,67.0610792761715,30
116.93382999999994,30.505836480000006,31.762125278728227,30
116.96595999999954,30.369649710000004,66.84135066300408,30
116.99795289999929,30.369649710000004,61.022249494075766,30
117.02987829999984,30.233462940000003,66.92443229813986,30
117.07789739999953,30.233462940000003,61.068119639016146,30
117.10999939999965,30.09727617,66.93860235124075,30
117.1418877999995,30.09727617,61.11545323536569,30
117.17386389999956,30.09727617,61.11508729271398,30
117.2059406999997,30.09727617,61.11472019762576,30
117.23786629999995,30.09727617,61.114354832908944,30
117.27018679999946,30.09727617,61.1139849488557,30
117.3020362999996,30.09727617,61.113620455046714,30
117.33394419999968,30.09727617,61.11325529289321,30
117.36597509999956,30.233462940000003,55.228600411258654,30
117.39797509999971,30.233462940000003,61.063430686756185,30
117.42994409999937,30.369649710000004,55.1669659025243,30
117.4779822999999,30.505836480000006,57.07191697210704,30
117.50988189999953,30.505836480000006,60.96115146240913,30
117.5418738999997,30.64202325,55.06786411644743,30
117.57388159999937,30.64202325,60.9082515088335,30
117.60600769999928,30.778210020000003,55.03882820767495,30
117.63784699999997,30.778210020000003,60.85432929410246,30
117.66987879999942,30.914396790000005,54.96727229088654,30
117.70183170000018,30.914396790000005,60.7993801512449,30
117.73399619999964,31.05058356,54.93586904736571,30
117.76622950000001,31.05058356,60.74335478889431,30
117.7979691999999,31.18677033,54.80160770517551,30
117.82999930000005,31.18677033,60.68638532811901,30
117.87800549999974,31.322957100000004,56.737121033096614,30
117.90995010000006,31.322957100000004,60.625875705941276,30
117.94192190000012,31.322957100000004,60.62089955066953,30
117.97386329999972,31.322957100000004,60.61592812691501,30
118.00601479999932,31.322957100000004,60.610924002773814,30
118.03797159999976,31.322957100000004,60.6059501821322,30
118.06995359999928,31.322957100000004,60.60097243931201,30
118.10201189999952,31.322957100000004,60.59598282100621,30
118.13397669999995,31.18677033,66.48736266914749,30
118.16612179999993,31.18677033,60.63509771310272,30
118.19796779999979,31.05058356,66.54881923952874,30
118.22984719999931,31.05058356,60.67528729573874,30
118.27793500000007,30.914396790000005,64.60529946203681,30
118.30985460000011,30.914396790000005,60.71474633106379,30
118.34183779999967,30.778210020000003,66.60429667433242,30
118.37391049999951,30.505836480000006,72.51031439920438,30
118.40584609999951,30.369649710000004,66.75390805181178,30
118.43780659999993,30.369649710000004,60.899394434214535,30
118.46987549999994,30.369649710000004,60.89799981543984,30
118.5018712000001,30.233462940000003,66.78731627063722,30
118.53387089999978,30.505836480000006,49.16435265841095,30
118.56602539999949,30.505836480000006,60.84523726780521,30
118.59789730000011,30.505836480000006,60.84334056548671,30
118.62992179999947,30.505836480000006,60.841434781915716,30
118.67793549999988,30.233462940000003,68.72248461114296,30
118.70996449999984,30.369649710000004,55.05073368560902,30
118.74175879999984,30.369649710000004,60.885406384986474,30
118.77386899999965,30.369649710000004,60.88400997014908,30
118.8058631999993,30.369649710000004,60.88261859994301,30
118.83782679999968,30.505836480000006,54.98465412441508,30
118.8699158999998,30.505836480000006,60.83074089378974,30
118.90185759999986,30.778210020000003,49.027672812400915,30
118.93382010000005,30.778210020000003,60.72875836334736,30
118.96590379999998,30.778210020000003,60.72582096842753,30
118.9978443,30.778210020000003,60.72289668405766,30
119.02990599999976,30.778210020000003,60.719961303328475,30
119.07788919999985,30.778210020000003,60.71556824367767,30
119.10998589999963,30.778210020000003,60.7126296585543,30
119.14195430000018,30.778210020000003,60.70970281982443,30
119.17401139999947,30.778210020000003,60.70676786024425,30
119.2061206999997,30.778210020000003,60.703828121538905,30
119.23800839999967,30.778210020000003,60.700908671226586,30
119.2698907999993,30.64202325,66.60945686777065,30
119.30184889999964,30.64202325,60.74415258001582,30
119.33384190000015,30.505836480000006,66.63293696486026,30
119.36587019999934,30.369649710000004,66.67317058285185,30
119.39782190000005,30.369649710000004,60.83559813355103,30
119.42994209999961,30.233462940000003,66.70226669317107,30
119.47793060000004,30.09727617,64.82546130816334,30
119.50984169999992,30.09727617,60.92993335903364,30
119.5417910999995,30.09727617,60.92956772194354,30
119.57387269999981,29.961089400000006,66.80426726144893,30
119.6058278999999,29.961089400000006,60.9779267831565,30
119.63784329999999,29.961089400000006,60.97807334061807,30
119.66992819999996,29.961089400000006,60.978220216230994,30
119.70189979999941,29.961089400000006,60.978366573188524,30
119.73392090000016,29.824902630000004,66.86458731969923,30
119.76591649999955,29.824902630000004,61.02775121622452,30
119.79792409999936,29.824902630000004,61.028410562881,30
119.82985869999993,29.824902630000004,61.02906840576006,30
119.87785209999947,29.14396878,80.74805671658551,30
119.9100669999998,29.14396878,61.27747574210159,30
119.94184769999993,29.14396878,61.28067636226554,30
119.97385940000004,29.14396878,61.28390024633676,30
120.00586469999962,29.14396878,61.28712348586678,30
120.03785530000005,29.280155550000003,55.39870607314177,30
120.06987089999984,29.280155550000003,61.244478097376856,30
120.10184639999989,30.09727617,25.880796604216467,30
120.13390829999935,29.416342320000005,90.34858162350918,30
120.16593299999931,29.55252909,55.31502877913168,30
120.19793759999993,29.55252909,61.15355260903971,30
120.22983199999999,29.688715860000002,55.245970155691296,30
120.2779260999996,29.688715860000002,61.108416002149404,30
120.30981710000015,29.824902630000004,55.19969764158931,30
120.34184329999971,29.824902630000004,61.061666757869126,30
120.37384349999957,29.961089400000006,55.172439533602734,30
120.4059699999998,29.961089400000006,61.013894392971835,30
120.43785149999985,30.09727617,55.10240768367023,30
120.46978399999989,30.09727617,60.96509817044097,30
120.50182539999969,30.233462940000003,55.08235536834937,30
120.53381889999946,30.369649710000004,55.02416387098907,30
120.5658383,30.369649710000004,60.86530247051544,30
120.59784940000009,30.505836480000006,54.97601277780758,30
120.6298711999998,30.505836480000006,60.813425942663656,30
120.6778835999994,30.64202325,56.868509759315,30
120.70990269999947,30.64202325,60.75931507281281,30
120.74184909999985,30.778210020000003,54.857179360225274,30
120.77390239999932,30.778210020000003,60.70538971777554,30
120.80585470000005,30.778210020000003,60.702464353067,30
120.83784809999997,30.778210020000003,60.69953522548419,30
120.86987539999973,30.778210020000003,60.69660299421673,30
120.9018688999995,30.778210020000003,60.69367385747854,30
120.93408120000004,30.778210020000003,60.69072468869881,30
120.96609529999932,30.778210020000003,60.68779366594579,30
120.99812539999948,30.778210020000003,60.68486117832676,30
121.0298445999997,31.05058356,48.79869717559034,30
121.07787310000003,30.778210020000003,68.46038095461194,30
121.10987109999951,30.778210020000003,60.67361399077124,30
121.14190729999973,30.778210020000003,60.67068094467207,30
121.17386819999956,30.778210020000003,60.66775479259818,30
121.20587139999952,30.778210020000003,60.664824767785,30
121.23784799999976,30.778210020000003,60.661897178311385,30
121.26992849999988,30.64202325,66.53422653120498,30
121.30186009999943,30.64202325,60.7051281257842,30
121.33383779999986,30.64202325,60.702712781445165,30
121.36586069999976,30.64202325,60.700294023053125,30
121.39790420000008,30.64202325,60.697873708698815,30
121.42984299999989,30.64202325,60.695461302560346,30
121.4778411999996,30.64202325,60.69183589545941,30
121.50980590000017,30.64202325,60.68942153303828,30
121.54186369999934,30.64202325,60.687000138574355,30
121.57388379999975,30.64202325,60.68458159167229,30
121.60589079999954,30.64202325,60.682164034241396,30
121.63786359999995,30.505836480000006,66.57464091418434,30
121.66977419999967,30.505836480000006,60.726428240807685,30
121.70179469999948,30.369649710000004,66.61070623175159,30
121.73381439999957,30.369649710000004,60.77170916653024,30
121.76603100000011,30.233462940000003,66.62096174657158,30
121.79783820000011,30.09727617,66.743343856619,30
121.82987549999962,29.961089400000006,66.74934811440558,30
121.87783679999939,29.961089400000006,60.91502425579821,30
121.9098344999993,29.824902630000004,66.80551349562688,30
121.9418126999999,29.824902630000004,60.96440805836686,30
121.97383119999995,29.688715860000002,66.8516157734273,30
122.00585390000015,30.09727617,43.357471709969346,30
122.03808209999988,29.961089400000006,66.71727893744922,30
122.06999459999952,29.416342320000005,84.5411928193334,30
122.10194210000009,29.416342320000005,61.113944427034085,30
122.13400629999978,29.280155550000003,66.99437435452013,30
122.16595959999995,29.280155550000003,61.16743183316087,30
122.19797539999945,29.14396878,67.05718361013099,30
122.22985979999976,29.14396878,61.22193311270959,30
122.27786620000006,29.00778201,65.1693132648763,30
122.30992220000007,29.416342320000005,43.6401868598549,30
122.34193219999997,29.280155550000003,67.02390250026981,30
122.37384589999965,29.280155550000003,61.18708574270649,30
122.4058699999996,29.14396878,67.07532514415465,30
122.43783149999945,29.14396878,61.24159562285123,30
122.46983180000007,29.00778201,67.13468652486623,30
122.50182849999965,29.00778201,61.29713200928726,30
122.53383029999986,28.871595240000005,67.1904620234,30
122.56632850000005,28.871595240000005,61.35376052893672,30
122.59801729999981,28.871595240000005,61.35796732808476,30
122.62986490000003,28.735408470000003,67.28006821626961,30
122.67787619999945,28.735408470000003,61.417914292618256,30
122.70985859999928,28.735408470000003,61.42267248934166,30
122.74186849999933,28.735408470000003,61.42743477739062,30
122.77400419999958,28.5992217,67.29747452902019,30
122.80587569999989,28.5992217,61.48604891936762,30
122.83800780000001,28.5992217,61.49134420741629,30
122.86984959999972,28.5992217,61.496591654765986,30
122.9017987999996,28.5992217,61.50185680136154,30
122.93374379999932,28.5992217,61.50712125580778,30
122.96590959999958,28.5992217,61.51242209753044,30
122.99782359999972,28.5992217,61.5176814432559,30
123.02984449999985,28.5992217,61.52295840582844,30
123.07786769999984,29.280155550000003,41.82495461707133,30
123.10992159999932,29.280155550000003,61.28941034771158,30
123.14187519999996,29.280155550000003,61.292116420843115,30
123.17382959999941,29.280155550000003,61.2948225617246,30
123.2058720999994,29.280155550000003,61.297536163582144,30
123.2378504999997,29.280155550000003,61.30024433696568,30
123.26983729999938,29.14396878,67.19528648259629,30
123.30189209999935,29.14396878,61.35475985684551,30
123.33394700000008,29.14396878,61.35798809156958,30
123.3659434000001,29.00778201,67.25179052570091,30
123.39789939999991,29.00778201,61.41351927177941,30
123.42983109999932,29.00778201,61.417246707919496,30
123.47790639999948,29.00778201,61.42285861115888,30
123.50989709999976,28.871595240000005,67.31821384303987,30
123.5418482999994,28.871595240000005,61.47941304107927,30
123.57383769999979,28.735408470000003,67.37551808591797,30
123.60588929999994,28.5992217,67.41752643644394,30
123.63785699999971,28.5992217,61.5908543340806,30
123.6698738999994,28.463034930000006,67.48297050014455,30
123.70185929999934,28.326848160000004,67.54308213103782,30
123.73394419999931,28.326848160000004,61.705387136113956,30
123.76592399999936,28.326848160000004,61.71168208449194,30
123.7978551999995,28.326848160000004,61.71796746637824,30
123.8298320999993,28.326848160000004,61.72426184391614,30
123.87785919999988,28.463034930000006,57.79284799968146,30
123.90990210000018,28.463034930000006,61.69067413605218,30
123.94181500000013,28.463034930000006,61.69644460812069,30
123.97386389999974,28.463034930000006,61.70223967163025,30
124.00585319999936,28.463034930000006,61.708023958302405,30
124.03795139999966,28.463034930000006,61.71382793620948,30
124.07001839999975,28.5992217,55.84190703658118,30
124.10192719999941,28.5992217,61.67630506589946,30
124.13385599999947,28.5992217,61.68156685062712,30
124.16590120000001,28.5992217,61.6868478177777,30
124.19777840000006,28.190661390000002,79.42937150315915,30
124.22982890000003,28.190661390000002,61.84465343964342,30
124.2778502000001,28.190661390000002,61.85487541519549,30
124.30986739999935,28.190661390000002,61.861690704153446,30
124.34181799999988,28.190661390000002,61.86849181641153,30
124.37384409999959,28.190661390000002,61.87530899985355,30
124.40593159999935,28.190661390000002,61.88213925310625,30
124.43787639999937,28.326848160000004,55.98892336113948,30
124.46987290000015,28.326848160000004,61.84665962884134,30
124.50187759999972,28.326848160000004,61.85295947856992,30
124.53390909999962,28.463034930000006,55.97508559414438,30
124.56585069999983,28.463034930000006,61.816461138584025,30
124.59786309999981,28.5992217,55.93458912422382,30
124.6298683999994,28.735408470000003,55.88998947730482,30
124.67786119999982,28.735408470000003,61.737506617987194,30
124.70984580000004,29.00778201,49.95679478779362,30
124.74184049999985,29.14396878,55.75795271034457,30
124.7739060999993,29.280155550000003,55.72552024029783,30
124.80577869999979,29.416342320000005,55.64434380593251,30
124.83780139999999,29.55252909,55.6254532541371,30
124.86984589999975,29.688715860000002,55.58253193076528,30
124.90183590000015,29.824902630000004,55.52518716655253,30
124.93383499999982,29.961089400000006,55.47892942872586,30
124.96595479999996,30.09727617,55.45244718299607,30
124.99785179999981,30.369649710000004,49.45407185132652,30
125.02984519999973,30.369649710000004,61.173094200456454,30
125.07783620000009,30.505836480000006,57.22721248961285,30
125.10981989999982,30.778210020000003,49.33446974639536,30
125.14189579999947,30.914396790000005,55.144073585448716,30
125.1738507,31.05058356,55.06999168497184,30
125.20587069999965,31.18677033,55.02934795606682,30
125.23785679999946,31.322957100000004,54.970116659918,30
125.2700320999993,31.459143870000005,54.9508911088926,30
125.30191469999954,31.59533064,54.843506658081395,30
125.33393429999978,31.59533064,60.700350674530235,30
125.36586029999944,31.59533064,60.69435861264646,30
125.39776299999994,31.731517410000002,54.7806340516519,30
125.42982260000008,31.731517410000002,60.633263066054134,30
125.4778854999995,31.731517410000002,60.62347227215717,30
125.50987709999936,31.867704180000004,54.72549878516496,30
125.54180939999969,31.867704180000004,60.56136036095339,30
125.57385650000015,32.003890950000006,54.67298006924213,30
125.60587469999973,32.003890950000006,60.49819092743819,30
125.63785039999948,32.003890950000006,60.49065259616179,30
125.66985440000008,32.003890950000006,60.48310759310708,30
125.70183689999976,32.003890950000006,60.47556765871794,30
125.73379919999934,32.003890950000006,60.46803248651672,30
125.7658365999996,32.003890950000006,60.46047960934943,30
125.7978493999999,32.003890950000006,60.45293253167827,30
125.82984249999936,32.003890950000006,60.445390098319294,30
125.87794940000003,32.003890950000006,60.43404880637296,30
125.90987289999975,32.003890950000006,60.4265227813445,30
125.94184299999961,32.003890950000006,60.41898577027859,30
125.97376059999988,32.003890950000006,60.411461136186084,30
126.00586089999979,32.003890950000006,60.40389343022583,30
126.03782919999958,31.18677033,95.77064525522687,30
126.06982639999933,31.18677033,60.68335807757372,30
126.10186280000016,31.18677033,60.67888515416183,30
126.13393850000011,31.05058356,66.55054506194588,30
126.16591199999948,31.05058356,60.71903471574412,30
126.19778379999934,31.05058356,60.71509542290795,30
126.2297994999999,31.05058356,60.71113834431002,30
126.27783480000016,31.18677033,56.76499797744833,30
126.30976029999965,31.05058356,66.55546114001199,30
126.34183070000017,31.18677033,54.81942058053302,30
126.37390229999983,31.18677033,60.643464296453054,30
126.40592039999956,31.18677033,60.638993928088034,30
126.43782349999947,31.18677033,60.63453961602745,30
126.46978559999934,31.18677033,60.630077066384594,30
126.50186539999959,31.18677033,60.6255980834631,30
126.53375499999947,31.18677033,60.62114565627306,30
126.56588379999994,31.18677033,60.61665983196964,30
126.59779479999997,31.18677033,60.61220441691073,30
126.62979749999977,31.18677033,60.607736198694305,30
126.6779004,31.322957100000004,56.66628430972506,30
126.70980650000001,31.18677033,66.4543300770497,30
126.74178609999944,31.322957100000004,54.697680813502956,30
126.77382059999945,31.322957100000004,60.53776543351709,30
126.80580689999988,31.322957100000004,60.53278702143612,30
126.83786710000004,31.322957100000004,60.52779710741052,30
126.86979139999949,31.322957100000004,60.522828345134414,30
126.90185539999948,31.18677033,66.39610241864217,30
126.93379060000007,31.18677033,60.561958693169196,30
126.96591709999939,31.05058356,66.42439750053514,30
126.99783529999968,31.05058356,60.60210881094276,30
127.02989889999935,31.05058356,60.598145811997576,30
127.0778838999995,31.05058356,60.59221495880618,30
127.10989449999943,31.05058356,60.588258510558454,30
127.14191159999973,31.05058356,60.584301258923254,30
127.17384969999966,31.05058356,60.58035377153532,30
127.20589049999944,31.05058356,60.57639359062602,30
127.23779449999984,31.05058356,60.57245031793206,30
127.26988889999939,31.05058356,60.56848351216646,30
127.30176309999933,31.05058356,60.56454392269492,30
127.33385389999967,31.05058356,60.560577561882255,30
127.36584229999971,31.05058356,60.55662385751158,30
127.39786809999987,31.18677033,54.667447983606465,30
127.42985700000008,31.18677033,60.49962020378873,30
127.47790910000003,31.18677033,60.492911167721196,30
127.50987519999944,31.18677033,60.488448059598234,30
127.54180910000014,31.18677033,60.48398944724035,30
127.57380899999953,31.05058356,66.36946279615528,30
127.60585529999935,31.05058356,60.52413937961686,30
127.63790410000001,31.18677033,54.63914899071221,30
127.6698381999995,31.18677033,60.46714016581127,30
127.70183610000004,31.18677033,60.46267261777093,30
127.73382189999938,31.18677033,60.45820675913321,30
127.7658623999996,31.322957100000004,54.571193297505836,30
127.79777550000017,31.459143870000005,54.494359346721296,30
127.82991119999951,31.459143870000005,60.34609320138454,30
127.87787859999935,31.59533064,56.39214831243531,30
127.90980709999985,31.59533064,60.2830319440574,30
127.94180569999935,31.59533064,60.277026256173116,30
127.97382219999963,31.59533064,60.27101720871006,30
128.00586339999973,31.731517410000002,54.38259100218544,30
128.03783339999973,31.731517410000002,60.209911700800035,30
128.06983729999956,31.59533064,66.09260341142145,30
128.1018508999996,31.59533064,60.245962433829924,30
128.13386879999962,31.59533064,60.23995312360657,30
128.1658985999993,31.59533064,60.23394157992038,30
128.1978638999999,31.59533064,60.227942141978296,30
128.22976159999962,31.459143870000005,66.13061061365975,30
128.27782829999978,31.459143870000005,60.26228105326324,30
128.30980790000012,31.459143870000005,60.25679130769787,30
128.34193479999976,31.322957100000004,66.11812815090423,30
128.3739171999996,31.322957100000004,60.29487912609666,30
128.40594729999975,31.322957100000004,60.289893896895606,30
128.4378858,31.322957100000004,60.28492292450282,30
128.46991699999944,31.322957100000004,60.27993752409567,30
128.50181770000017,31.322957100000004,60.274972434970856,30
128.53385509999953,31.322957100000004,60.26998606958324,30
128.5658569999996,31.322957100000004,60.265005229486945,30
128.5978243999998,31.322957100000004,60.26002975904002,30
128.6298423999997,31.322957100000004,60.25504641310736,30
128.67778329999965,31.18677033,64.19544903688144,30
128.70990399999937,31.18677033,60.291934128230665,30
128.74180269999943,31.59533064,42.562065843456615,30
128.77383049999935,31.05058356,83.67515068851726,30
128.8058549999996,30.914396790000005,66.21155082675875,30
128.83779030000005,31.459143870000005,36.76421477868055,30
128.86983299999974,31.322957100000004,66.05356844019448,30
128.90184239999962,31.322957100000004,60.215026288074505,30
128.93382909999946,31.322957100000004,60.210047813736814,30
128.9658362,31.18677033,66.09369344061497,30
128.99777929999982,31.18677033,60.249185003153514,30
129.02981089999957,31.05058356,66.12887354279155,30
129.07782609999958,31.05058356,60.287357292317,30
129.1097835999999,30.914396790000005,66.18109800230657,30
129.14196939999965,30.914396790000005,60.32852292553819,30
129.17386699999952,30.778210020000003,66.23376509831296,30
129.20592149999993,30.64202325,66.25072593795963,30
129.2379975999993,30.64202325,60.41689048457699,30
129.2698516999999,30.64202325,60.41448447601131,30
129.30183989999932,30.505836480000006,66.30414586334732,30
129.33383239999966,30.505836480000006,60.45874289223767,30
129.36588560000018,30.505836480000006,60.456835400724614,30
129.39786269999968,30.505836480000006,60.454932437935874,30
129.4298173999996,30.505836480000006,60.453030808175,30
129.47785599999952,30.505836480000006,60.45017202272462,30
129.5097999999998,30.369649710000004,66.34843332887189,30
129.5418407999996,30.369649710000004,60.49545535769353,30
129.57382280000002,30.369649710000004,60.49406451804349,30
129.60590030000003,30.369649710000004,60.49266952527025,30
129.63780029999998,30.233462940000003,66.39951499703538,30
129.66989130000002,30.233462940000003,60.538977852682784,30
129.70196510000005,30.09727617,66.4145804093104,30
129.73427869999978,30.09727617,60.58630690566298,30
129.76621969999997,29.961089400000006,66.48665321518482,30
129.79819729999963,29.961089400000006,60.634665425789706,30
129.83010299999933,29.824902630000004,66.54199748175883,30
129.8779416999996,29.824902630000004,60.68437405457937,30
129.90986089999933,29.824902630000004,60.68503158022319,30
129.94188500000018,29.688715860000002,66.57121862445096,30
129.9738923999994,29.688715860000002,60.73544243909501,30
130.0058728999993,29.55252909,66.63009796883917,30
130.03784050000013,29.55252909,60.786874818447956,30
130.0698494999997,29.55252909,60.78855988860772,30
130.1018387999993,29.55252909,60.790243921687846,30
130.1338323,29.416342320000005,66.68303775915489,30
130.1659694,29.416342320000005,60.84271340724238,30
130.19784809999965,29.416342320000005,60.8449023776051,30
130.22986339999989,29.416342320000005,60.84710072769012,30
130.2779200999994,29.416342320000005,60.850400570281906,30
130.30973110000014,29.416342320000005,60.85258489198295,30
130.34175520000008,29.416342320000005,60.85478384632532,30
130.3737801999996,29.416342320000005,60.856982862466694,30
130.40581539999948,30.09727617,31.441657234238164,30
130.43784199999936,30.09727617,60.61592012875524,30
130.46984109999994,30.09727617,60.61555392288566,30
130.50181840000005,30.09727617,60.61518796650084,30
130.53387669999938,30.09727617,60.61482108313135,30
130.56590330000017,29.961089400000006,66.49952632744225,30
130.59790239999984,29.961089400000006,60.66318009353164,30
130.62985539999954,29.961089400000006,60.663326365343615,30
130.6778217000001,29.824902630000004,64.60934590392306,30
130.70984599999974,29.824902630000004,60.713040065777115,30
130.74184999999943,29.824902630000004,60.71369933827469,30
130.77387389999967,29.824902630000004,60.714359020706134,30
130.80587800000012,29.824902630000004,60.71501829526369,30
130.83786239999972,29.824902630000004,60.71567716400733,30
130.8698558999995,29.824902630000004,60.716336220208156,30
130.90194119999978,29.824902630000004,60.7169971674606,30
130.93390459999955,29.824902630000004,60.717655603610744,30
130.9658714999996,29.824902630000004,60.71831411185982,30
130.9978215000001,29.824902630000004,60.71897227197412,30
131.02975119999974,29.824902630000004,60.71963001391468,30
131.0778468999997,29.824902630000004,60.7206207704533,30
131.1099334999999,29.824902630000004,60.72128174448533,30
131.14187570000013,29.961089400000006,54.82144772636241,30
131.17383129999962,29.961089400000006,60.67350833174848,30
131.20585369999935,29.961089400000006,60.67365492125406,30
131.23786329999984,29.961089400000006,60.67380145216485,30
131.26983569999993,29.961089400000006,60.673947812784554,30
131.30182650000006,29.961089400000006,60.67409425763426,30
131.33380599999964,29.961089400000006,60.67424065075575,30
131.36586110000007,30.09727617,54.79450435955131,30
131.39781289999974,30.09727617,60.62544222062803,30
131.4298171999999,30.09727617,60.62507595524832,30
131.47788820000005,30.233462940000003,56.687211879853294,30
131.50981150000007,30.233462940000003,60.574812894723465,30
131.5418983999998,30.233462940000003,60.573931588604715,30
131.57405469999958,30.369649710000004,54.71151558441743,30
131.6060295999996,30.369649710000004,60.52307671925391,30
131.63788299999942,30.369649710000004,60.52169147218655,30
131.6697282999994,30.369649710000004,60.52030657737363,30
131.70184289999997,30.369649710000004,60.518909971188094,30
131.73388290000003,30.369649710000004,60.51751660922241,30
131.76593869999942,30.369649710000004,60.51612256014316,30
131.79811489999975,30.369649710000004,60.51472327508446,30
131.82983979999972,30.369649710000004,60.51334361625095,30
131.87788850000015,30.369649710000004,60.511254064719054,30
131.90982089999943,30.369649710000004,60.50986538208385,30
131.94185389999984,30.369649710000004,60.508472324535546,30
131.97381369999948,30.369649710000004,60.507082450323594,30
132.00583129999995,30.233462940000003,66.39240229449207,30
132.03779469999972,30.233462940000003,60.553391052398396,30
132.06979779999983,30.233462940000003,60.552512047949556,30
132.10183189999952,30.233462940000003,60.551632192047656,30
132.13391450000017,30.233462940000003,60.55075100403366,30
132.1658824999995,30.233462940000003,60.549872963649456,30
132.19774479999978,30.233462940000003,60.548997826445536,30
132.22974879999947,30.233462940000003,60.548118797277105,30
132.27783739999995,29.961089400000006,68.4185801293155,30
132.30980670000008,29.961089400000006,60.64461711738579,30
132.34180089999973,29.961089400000006,60.64476357779973,30
132.37386179999976,29.961089400000006,60.64491034354743,30
132.4059183999998,30.233462940000003,48.885836700060075,30
132.43785630000002,30.09727617,66.44830064698934,30
132.4698615999996,30.09727617,60.595232168526735,30
132.50183449999986,30.09727617,60.59486626249664,30
132.53383759999997,30.09727617,60.59450001085004,30
132.56582139999955,30.09727617,60.59413398007757,30
132.59784929999933,29.688715860000002,78.24827209944144,30
132.62980949999928,29.688715860000002,60.74067508721623,30
132.67784329999995,29.688715860000002,60.74243416487789,30
132.70981260000008,29.55252909,66.6391367865838,30
132.74189079999996,29.55252909,60.79387177700827,30
132.77390949999972,29.55252909,60.795557357811326,30
132.8059634000001,29.55252909,60.7972447916704,30
132.83777800000007,29.55252909,60.79891962790725,30
132.8700859999999,29.416342320000005,66.63486134475171,30
132.9018986000001,29.416342320000005,60.85138842680564,30
132.9338592999993,29.280155550000003,66.75068804390727,30
132.96583069999997,29.280155550000003,60.90486860061291,30
132.9978046999995,29.14396878,66.80224885989341,30
133.02980200000002,29.14396878,60.95937704061103,30
133.07784979999997,29.00778201,64.90340704130016,30
133.1097749999999,29.00778201,61.01677832994211,30
133.14188299999932,29.00778201,61.02052634585063,30
133.1738362999995,29.00778201,61.0242563033918,30
133.20587539999997,29.00778201,61.02799627649814,30
133.23780110000007,29.14396878,55.12820684339125,30
133.26986579999993,29.14396878,60.9863748024017,30
133.30186999999933,29.14396878,60.989597931151174,30
133.3337888999995,29.14396878,60.992812469375664,30
133.36585689999993,29.14396878,60.99604202339489,30
133.39782680000008,29.14396878,60.999261697806695,30
133.4300285999998,29.280155550000003,55.14918470014313,30
133.4780093999998,29.280155550000003,60.95798624952391,30
133.50985949999995,29.416342320000005,55.043271206534975,30
133.54172539999945,29.416342320000005,60.914295428669654,30
133.57381429999987,29.55252909,55.04275751100579,30
133.60585829999945,29.55252909,60.869605698919514,30
133.63784940000005,29.55252909,60.871289826758236,30
133.66974320000008,29.688715860000002,54.96359709769282,30
133.7018677999995,29.688715860000002,60.82556836823918,30
133.73379059999934,29.824902630000004,54.92268942483848,30
133.76585160000013,29.824902630000004,60.77882049589832,30
133.79785769999944,29.824902630000004,60.77947981165524,30
133.82978079999975,29.824902630000004,60.78013741763787,30
133.87777149999965,29.824902630000004,60.78112601120898,30
133.90986429999975,29.961089400000006,54.90875361753119,30
133.9418111999994,29.961089400000006,60.73335324805026,30
133.97388039999987,29.961089400000006,60.73350005179303,30
134.00586199999998,29.961089400000006,60.73364645452774,30
134.03765680000015,29.961089400000006,60.73379200214477,30
134.06980449999992,29.961089400000006,60.73393916523837,30
134.10193749999962,29.961089400000006,60.73408626103952,30
134.1339256000001,29.961089400000006,60.734232693529385,30
134.16589889999977,30.09727617,54.83957862088198,30
134.19780290000017,29.961089400000006,66.59293389501721,30
134.23019829999976,29.961089400000006,60.734161127419675,30
134.27781629999936,29.961089400000006,60.73437910917859,30
134.3097646999995,29.961089400000006,60.734525359933066,30
134.3418259,30.09727617,54.85589846930281,30
134.37388999999985,30.09727617,60.68572557480552,30
134.4058411999995,30.09727617,60.685359917115775,30
134.4378216999994,30.233462940000003,54.79150957347569,30
134.4698585999995,30.369649710000004,54.75234020902512,30
134.5018025999998,30.369649710000004,60.58556728150597,30
134.53388069999983,30.369649710000004,60.584172262639804,30
134.56587899999977,30.505836480000006,54.69254748002766,30
134.59782790000008,30.505836480000006,60.532300834809924,30
134.6298896999997,30.64202325,54.651728269412125,30
134.67787919999955,29.961089400000006,80.19777041300058,30
134.70982559999993,30.09727617,54.82278600508715,30
134.74184759999935,30.233462940000003,54.787654395506536,30
134.77387249999992,30.233462940000003,60.624105928714975,30
134.805883,30.369649710000004,54.735219691760626,30
134.83784149999974,30.369649710000004,60.57325811315039,30
134.8699072999998,30.369649710000004,60.5718636291891,30
134.90180710000004,30.505836480000006,54.66220688426154,30
134.9338404,30.505836480000006,60.51999304045268,30
134.96584339999936,30.505836480000006,60.518088536350426,30
134.99771269999928,30.64202325,54.60231507311744,30
135.02987679999933,30.64202325,60.46518603734143,30
135.07793140000012,30.64202325,60.46155637022732,30
135.10987979999936,30.64202325,60.45914323898028,30
135.14184810000006,30.778210020000003,54.5610138695241,30
135.17387469999994,30.778210020000003,60.4052183234027,30
135.20604019999973,30.778210020000003,60.40227343935587,30
135.23790579999968,30.914396790000005,54.4847981203261,30
135.27003569999943,30.914396790000005,60.34732313467656,30
135.30197339999995,31.05058356,54.44257092557695,30
135.33384229999956,31.05058356,60.29137084350248,30
135.36572699999942,31.18677033,54.376385676903574,30
135.39782419999938,31.18677033,60.23437176931697,30
135.42985529999987,31.18677033,60.229899585891346,30
135.47785059999933,31.18677033,60.22319848024208,30
135.50990920000004,31.322957100000004,54.33947600382578,30
135.54185609999968,31.322957100000004,60.16517061663448,30
135.57388199999968,31.322957100000004,60.160186041129904,30
135.60607999999957,31.322957100000004,60.155174679635124,30
135.63785159999952,31.322957100000004,60.15022968389414,30
135.66984159999993,31.322957100000004,60.14525069593773,30
135.70180189999974,31.459143870000005,54.243098123509,30
135.73379269999987,31.459143870000005,60.086206676461885,30
135.76585979999982,31.459143870000005,60.08070191029793,30
135.79785730000003,31.59533064,54.18482981793454,30
135.82981109999946,31.59533064,60.02063323049119,30
135.87784699999975,31.59533064,60.011617566598204,30
135.90983349999988,31.59533064,60.00561414971391,30
135.9417982999994,31.731517410000002,54.10325989152962,30
135.97384210000018,31.731517410000002,59.94450917144446,30
136.00581590000002,31.867704180000004,54.04328683152043,30
136.03779269999995,31.867704180000004,59.88239139345234,30
136.0698244999994,31.867704180000004,59.87535304912858,30
136.10183400000005,32.003890950000006,53.980130163677956,30
136.13388069999928,32.003890950000006,59.81218576095551,30
136.16584069999953,32.003890950000006,59.804651130983444,30
136.19782049999958,32.003890950000006,59.79711183312427,30
136.22988470000018,31.867704180000004,65.66778085729406,30
136.27773909999996,31.867704180000004,59.82761724567952,30
136.30982009999934,31.867704180000004,59.820568090644535,30
136.34177240000008,31.731517410000002,65.7121896263684,30
136.37383210000007,31.731517410000002,59.85559425741509,30
136.40582019999965,31.59533064,65.7411738186223,30
136.43782539999938,31.459143870000005,65.78062347501067,30
136.46978069999932,31.322957100000004,65.8328359125896,30
136.50184119999994,31.18677033,65.85723154998519,30
136.5338069999998,31.05058356,65.91861912519698,30
136.56580489999942,30.914396790000005,65.95737658237637,30
136.5978129999994,30.778210020000003,66.0006504482251,30
136.62980179999977,30.64202325,66.04982358665723,30
136.67777449999994,30.64202325,60.202810617900916,30
136.70987499999956,30.505836480000006,66.07202249583696,30
136.74183979999998,30.369649710000004,66.14341891348555,30
136.77381239999977,30.369649710000004,60.29425162668982,30
136.80604099999982,30.233462940000003,66.14134353335663,30
136.8378514999995,30.09727617,66.26527629918522,30
136.86982589999934,30.09727617,60.38876829557407,30
136.90179379999972,29.961089400000006,66.2841903381325,30
136.9338447,29.961089400000006,60.43712727438811,30
136.9658802999993,29.824902630000004,66.32070614426637,30
136.99784,29.688715860000002,66.3837994733881,30
137.0298219999995,29.688715860000002,60.53626068690586,30
137.07784559999982,29.55252909,64.4791705550177,30
137.1098806,29.55252909,60.58854118156417,30
137.14185999999972,29.55252909,60.590224693472294,30
137.17387159999998,29.55252909,60.591909900505556,30
137.20585599999959,29.55252909,60.593593675631865,30
137.23781429999963,29.824902630000004,48.80018769789906,30
137.26986119999947,29.416342320000005,78.14290527676432,30
137.30183380000017,29.416342320000005,60.64671386352889,30
137.33378209999955,29.416342320000005,60.648907613018025,30
137.36583869999959,29.416342320000005,60.651108798992695,30
137.3978094999993,29.416342320000005,60.65330409345806,30
137.4297934999995,29.416342320000005,60.6555002943095,30
137.47784279999996,29.416342320000005,60.65879962877584,30
137.50983349999933,29.416342320000005,60.66099628968681,30
137.54177999999956,29.416342320000005,60.663189915577895,30
137.57374329999948,29.280155550000003,66.56201401430634,30
137.60579469999993,29.280155550000003,60.716677084579494,30
137.63778920000004,29.280155550000003,60.71938662143309,30
137.66982159999952,29.280155550000003,60.722099367946015,30
137.7019021999995,29.280155550000003,60.72481619640045,30
137.73377419999997,29.14396878,66.64089544561558,30
137.76584000000003,29.14396878,60.779321262628514,30
137.79788519999966,29.00778201,66.66423290728889,30
137.82977419999952,29.416342320000005,43.10408880706784,30
137.87783390000004,29.416342320000005,60.692419836357224,30
137.90978129999985,29.416342320000005,60.694613524047334,30
137.94185430000016,29.416342320000005,60.696815836138015,30
137.9738271999995,29.280155550000003,66.59388484555595,30
138.00597729999936,29.280155550000003,60.75031217680469,30
138.03782589999992,29.14396878,66.67069809404461,30
138.0698941999999,29.14396878,60.80481513820306,30
138.10181049999937,29.14396878,60.80802941458264,30
138.1339210999995,29.14396878,60.81126325882889,30
138.16587919999984,29.14396878,60.814481744867955,30
138.19779560000006,29.14396878,60.81769603131857,30
138.2298506999996,29.14396878,60.82092428618443,30
138.2778634999995,29.14396878,60.82575963392085,30
138.30981679999968,29.14396878,60.82897763655405,30
138.3417988000001,29.14396878,60.8321985295515,30
138.37384159999965,29.14396878,60.83542554568984,30
138.40582369999993,29.14396878,60.83864644875824,30
138.43782680000004,29.14396878,60.84186946672728,30
138.46987269999954,29.00778201,66.72665377671294,30
138.50183199999992,29.00778201,60.8974068103618,30
138.53379499999937,29.00778201,60.901137900198734,30
138.56586359999983,29.00778201,60.90488131688514,30
138.59782229999928,29.00778201,60.908611904776485,30
138.62982439999996,29.688715860000002,31.464649339390803,30
138.6776934999998,29.688715860000002,60.671207326870956,30
138.70968170000015,29.55252909,66.56445631256499,30
138.74170520000007,29.55252909,60.72264305435916,30
138.77389119999953,29.55252909,60.724337442442575,30
138.80582139999933,29.416342320000005,66.62870945467472,30
138.83780419999948,29.416342320000005,60.776791986360436,30
138.86982759999955,29.280155550000003,66.66464582918553,30
138.90182920000007,29.280155550000003,60.83028002764416,30
138.93382979999933,29.14396878,66.72280349111558,30
138.96582669999952,29.14396878,60.88479110623257,30
138.99778759999936,29.00778201,66.78507829549739,30
139.02980599999955,28.871595240000005,66.82689180192813,30
139.07784769999944,28.735408470000003,64.93496704774341,30
139.1098320000001,28.735408470000003,61.04887616819783,30
139.14186379999956,28.5992217,66.93776607438454,30
139.1738110999995,28.5992217,61.10748567936638,30
139.20581949999996,28.5992217,61.112760581970896,30
139.23781439999948,28.463034930000006,67.00888721425787,30
139.26985839999998,28.463034930000006,61.17240597754987,30
139.30178009999963,28.463034930000006,61.17817804082921,30
139.33404059999975,28.326848160000004,67.02677024815249,30
139.36594629999945,28.326848160000004,61.23887452384045,30
139.39780569999948,28.190661390000002,67.16084511481083,30
139.4299192999997,28.190661390000002,61.30055795076963,30
139.47784580000007,28.190661390000002,61.310759746874666,30
139.5097984999993,28.190661390000002,61.31756130614553,30
139.54180879999967,28.190661390000002,61.32437512634652,30
139.57382509999934,28.190661390000002,61.331190223727546,30
139.60581610000008,28.190661390000002,61.33799993566564,30
139.6378535999993,28.190661390000002,61.34481954574993,30
139.66977159999988,28.190661390000002,61.35161371866229,30
139.70178940000005,28.326848160000004,55.47175336812956,30
139.73378349999984,28.326848160000004,61.31614799139956,30
139.76580229999945,28.326848160000004,61.32245061659178,30
139.7977648999995,28.326848160000004,61.32874217929783,30
139.82985169999938,28.326848160000004,61.33505818970482,30
139.87789069999963,28.326848160000004,61.34451425338037,30
139.9098623,28.326848160000004,61.350807587659,30
139.9416997999997,28.326848160000004,61.357074525506704,30
139.9737430999994,28.326848160000004,61.36338197331308,30
140.00579190000008,28.326848160000004,61.36969050374731,30
140.03780069999993,28.463034930000006,55.48767402413072,30
140.06981859999996,28.463034930000006,61.333201855682276,30
140.1017871999993,28.326848160000004,67.23464226881808,30
140.13393219999944,28.326848160000004,61.39388798483616,30
140.16581849999966,28.190661390000002,67.31091466486764,30
140.19778439999936,28.05447462,67.35169939777835,30
140.22978169999988,28.05447462,61.51144748633111,30
140.27779800000008,28.05447462,61.5224377134257,30
140.30979769999976,27.918287850000006,67.41973965739709,30
140.34181059999992,27.918287850000006,61.58618078603425,30
140.37389799999983,27.782101080000004,67.46805283319323,30
140.40580559999944,27.782101080000004,61.650944874432426,30
140.43777950000003,27.782101080000004,61.65928780128883,30
140.46984019999945,27.645914310000002,67.54651795105366,30
140.5018296999997,27.645914310000002,61.725092503554805,30
140.5338002999997,27.645914310000002,61.73394680143255,30
140.56591039999967,27.645914310000002,61.742839734010715,30
140.59778310000002,27.645914310000002,61.75166691836041,30
140.62982339999962,27.645914310000002,61.76054051974068,30
140.67781550000018,27.50972754,65.71753740419325,30
140.70978819999982,27.50972754,61.832033984353615,30
140.7417932999997,27.50972754,61.841410621895875,30
140.77380469999935,27.373540770000005,67.73863197348973,30
140.8058162999996,27.373540770000005,61.90925934063495,30
140.83779679999952,27.237354000000003,67.81262551237505,30
140.8698803999996,27.237354000000003,61.9781471923536,30
140.90186829999948,27.10116723,67.88067613269448,30
140.93376369999987,27.10116723,62.04799981747085,30
140.96579789999942,27.10116723,62.058924733790775,30
140.9978726999998,26.96498046,67.94616531792653,30
141.0297811999999,26.828793690000005,68.03650854871731,30
141.0778554999997,26.692606920000003,66.13339653793687,30
141.10985619999974,26.55642015,68.14743242266134,30
141.14191459999984,26.42023338,68.19848644817368,30
141.1738381999994,26.284046610000004,68.28512905806002,30
141.20585239999946,26.284046610000004,62.44380085014437,30
141.23777400000017,26.147859840000002,68.36202415702205,30
141.26981669999986,26.147859840000002,62.520854939419415,30
141.30187539999952,26.147859840000002,62.535383716565995,30
141.33384519999981,26.01167307,68.44531262064375,30
141.36581509999996,26.01167307,62.61345109743752,30
141.39776970000003,26.01167307,62.62844467293371,30
141.4298958999998,25.875486300000006,68.5104974040653,30
141.4778510999995,25.875486300000006,62.7153690425117,30
141.50976459999947,25.739299530000004,68.63660886957233,30
141.5418222999997,25.603112760000002,68.67491122478121,30
141.57383630000004,25.603112760000002,62.86064086893841,30
141.60579890000008,25.603112760000002,62.87717450989104,30
141.6377827999995,25.603112760000002,62.89371916892551,30
141.66981249999935,25.46692599,68.79479444821531,30
141.70195009999952,25.46692599,62.976005690092784,30
141.73384709999937,25.46692599,62.99301645029235,30
141.76583239999945,25.603112760000002,57.117467012465184,30
141.79772779999985,25.603112760000002,62.9779947943764,30
141.82976789999975,25.603112760000002,62.994568524594975,30
141.87773689999995,25.739299530000004,59.07380131005533,30
141.90975939999953,25.875486300000006,57.10078008074772,30
141.94174219999968,25.875486300000006,62.953539307838234,30
141.9738884999997,26.01167307,57.10579696717457,30
142.00579209999978,26.147859840000002,57.02795495865337,30
142.03781549999985,26.284046610000004,57.01580732399534,30
142.0698524999998,26.42023338,56.98371164832604,30
142.10177119999935,26.55642015,56.9269521379578,30
142.1338597999993,26.828793690000005,51.04858331121994,30
142.16584369999964,26.96498046,56.81808436330046,30
142.19777759999943,27.10116723,56.77175855791222,30
142.22977600000013,27.237354000000003,56.745891589356276,30
142.27783839999938,27.373540770000005,58.665139496081196,30
142.30981350000002,27.50972754,56.669721897334945,30
142.3417847999999,27.50972754,62.52498176933333,30
142.37388629999987,27.645914310000002,56.66293153105706,30
142.4057482999997,27.782101080000004,56.579410006716536,30
142.43780669999978,27.782101080000004,62.4544191867337,30
142.46974239999963,27.918287850000006,56.56106916921493,30
142.501886,27.918287850000006,62.42204675701299,30
142.53382539999984,27.918287850000006,62.42986894960634,30
142.5657739999997,27.918287850000006,62.43769339534694,30
142.59782730000006,28.05447462,56.56533301592104,30
142.62979769999947,28.190661390000002,56.5089508673981,30
142.67782559999978,28.326848160000004,58.42512404671656,30
142.7097630999997,28.326848160000004,62.32337799698296,30
142.74185519999992,28.463034930000006,56.45653452219138,30
142.77378539999972,28.463034930000006,62.286888553312515,30
142.80577149999954,28.463034930000006,62.29267226136253,30
142.83779479999976,28.5992217,56.412789533385556,30
142.86981539999942,28.5992217,62.255160613758676,30
142.90179269999953,27.782101080000004,97.62484562026242,30
142.93383209999956,27.782101080000004,62.56025995844012,30
142.96597119999933,27.645914310000002,68.43328944580774,30
142.9978704999994,27.645914310000002,62.62606139268131,30
143.02999069999987,27.645914310000002,62.63495712246731,30
143.07786299999952,27.645914310000002,62.64821541615868,30
143.10987529999966,27.645914310000002,62.657081262903894,30
143.14180129999932,27.50972754,68.56938436522324,30
143.17379040000014,27.50972754,62.72387259505794,30
143.20576749999964,27.50972754,62.73324102934963,30
143.23780459999944,27.50972754,62.74262704203526,30
143.26982619999944,27.50972754,62.75200851363586,30
143.30176959999972,27.50972754,62.76136707472991,30
143.3337547000001,27.645914310000002,56.87809402520432,30
143.3657807999998,27.645914310000002,62.731029138249895,30
143.3977563999997,27.645914310000002,62.73988482088389,30
143.4297760999998,27.645914310000002,62.74875271706839,30
143.47811829999955,27.782101080000004,58.84663724772988,30
143.50980679999975,27.782101080000004,62.72156915155038,30
143.54179879999992,27.782101080000004,62.72991680122673,30
143.5738464999995,27.918287850000006,56.85704959082622,30
143.6058420999998,27.918287850000006,62.69753555484271,30
143.6377461000002,28.05447462,56.7978509292773,30
143.66982689999986,28.190661390000002,56.78890284652438,30
143.70177779999995,28.190661390000002,62.62233607823069,30
143.7338076999995,28.326848160000004,56.74468357900284,30
143.7658339999998,28.326848160000004,62.58687907104164,30
143.79779079999935,28.463034930000006,56.69535078565487,30
143.8298248000001,28.5992217,56.666660304510096,30
143.8778812999999,28.5992217,62.509724353369315,30
143.90975479999997,28.735408470000003,56.601872917843046,30
143.9418259999993,28.735408470000003,62.47117183760551,30
143.97381169999971,28.871595240000005,56.5833963132912,30
144.00579449999987,28.871595240000005,62.43159796112205,30
144.03788939999959,29.00778201,56.563206241879286,30
144.0697694999999,29.14396878,56.47910983707004,30
144.10185790000014,29.280155550000003,56.471822768430656,30
144.1338654000001,29.416342320000005,56.41123114955193,30
144.16586610000013,29.416342320000005,62.25340405432518,30
144.1977925000001,29.55252909,56.35220849198185,30
144.22985470000003,29.688715860000002,56.33011489433345,30
144.2778148999996,29.688715860000002,62.161883491881134,30
144.3097657999997,29.824902630000004,56.264154864144345,30
144.3417499999996,29.824902630000004,62.11513461633532,30
144.37383409999984,29.961089400000006,56.241182810381886,30
144.40580679999948,30.09727617,56.17245179341418,30
144.43781769999987,30.09727617,62.01841740598599,30
144.46986379999998,30.233462940000003,56.13653008116207,30
144.50181599999996,30.233462940000003,61.968593695247996,30
144.53377790000013,30.369649710000004,56.07083036839885,30
144.56578189999982,30.778210020000003,44.25016728211193,30
144.59776749999946,30.778210020000003,61.769081542899585,30
144.6298182999999,30.778210020000003,61.76614716011025,30
144.66179759999977,30.778210020000003,61.763219323440545,30
144.70981539999957,30.914396790000005,57.81720187776456,30
144.74176199999965,30.914396790000005,61.70655114689064,30
144.77388149999933,30.505836480000006,79.30767253370492,30
144.80580269999973,30.505836480000006,61.846937830153614,30
144.8378004999995,30.778210020000003,50.06438461899708,30
144.86984849999953,30.369649710000004,79.38846673374175,30
144.90192149999984,30.369649710000004,61.88928571160858,30
144.93379559999994,30.233462940000003,67.80089328667674,30
144.9657946999996,30.09727617,67.82568447604147,30
144.99777709999944,30.09727617,61.98380986733015,30
145.0298697999997,29.961089400000006,67.8564942329187,30
145.06178490000002,29.961089400000006,62.03216879578929,30
145.10993319999943,29.824902630000004,65.96346160036336,30
145.14190419999977,29.824902630000004,62.08188514740296,30
145.17383459999928,29.688715860000002,67.98519732945046,30
145.20576059999985,29.55252909,68.03575075012249,30
145.23778579999998,29.55252909,62.18255295313985,30
145.26981829999932,29.416342320000005,68.0682361085819,30
145.30176529999972,29.416342320000005,62.235012063320724,30
145.33375329999944,29.824902630000004,44.56086636761133,30
145.3658405999995,29.824902630000004,62.09213423820448,30
145.39783559999978,29.824902630000004,62.092793325304854,30
145.42978119999952,29.824902630000004,62.09345139478051,30
145.4618442000001,29.688715860000002,67.97255826520363,30
145.50987449999957,29.55252909,66.08505877522056,30
145.5417583999997,29.55252909,62.19496440691894,30
145.5738249999995,29.55252909,62.19665250935218,30
145.60580779999964,29.416342320000005,68.09140025914172,30
145.63778659999934,29.416342320000005,62.24911039041866,30
145.66984189999948,29.416342320000005,62.25131148712805,30
145.7017866999995,29.280155550000003,68.15352076590477,30
145.73374309999963,29.280155550000003,62.30478904408903,30
145.76582710000002,29.14396878,68.18213704602427,30
145.7977818999998,29.14396878,62.359304281982155,30
145.82978709999952,29.14396878,62.36252751144122,30
145.86181119999947,29.14396878,62.36575264431091,30
145.90980690000015,29.14396878,62.37058626991402,30
145.9418182999998,29.00778201,68.26165299209292,30
145.97379499999988,29.00778201,62.42612161743939,30
146.00581129999955,29.00778201,62.42985892906678,30
146.0377767,29.00778201,62.43359029905948,30
146.06979469999987,29.00778201,62.43732780913051,30
146.10181479999937,29.00778201,62.44106556433769,30
146.13389039999947,29.00778201,62.44480979814478,30
146.16603149999992,29.00778201,62.44856167786699,30
146.1978395999995,29.00778201,62.452274685990204,30
146.22990369999934,29.00778201,62.45601757738467,30
146.2618096999995,29.00778201,62.45974201352457,30
146.3098272999996,29.00778201,62.46534718135478,30
146.34179760000006,29.00778201,62.46907912333196,30
146.37375040000006,29.00778201,62.472809022507356,30
146.40578529999948,29.00778201,62.47654850534116,30
146.4377156999999,29.00778201,62.480275789730364,30
146.46981799999958,29.00778201,62.484023140269194,30
146.50179599999956,29.00778201,62.487755981079104,30
146.53384229999938,29.00778201,62.49149679465238,30
146.5658026000001,29.14396878,56.598049362440584,30
146.5977757999999,29.961089400000006,27.080957267086063,30
146.62978320000002,29.961089400000006,62.158546955609495,30
146.66182049999952,29.961089400000006,62.15869361332307,30
146.70983969999997,30.09727617,58.21740568522503,30
146.7419108999993,30.233462940000003,56.23275519216797,30
146.77386680000018,30.233462940000003,62.06025364875033,30
146.80578779999996,30.233462940000003,62.05937689927884,30
146.8378130000001,30.233462940000003,62.05849728782636,30
146.8698375999993,30.369649710000004,56.172181459125646,30
146.90179889999945,30.369649710000004,62.00764873731121,30
146.93376499999977,30.369649710000004,62.00625858912356,30
146.96579219999967,30.505836480000006,56.119903350432295,30
146.99785379999958,30.505836480000006,61.95437873465305,30
147.02978379999968,30.64202325,56.049750819239144,30
147.0618332999993,30.64202325,61.901480306826784,30
147.10984819999976,30.64202325,61.89785363833894,30
147.14179779999995,30.64202325,61.895440416453255,30
147.1738461999994,30.64202325,61.893019731991494,30
147.20578169999953,30.64202325,61.89060757510908,30
147.23778760000005,30.778210020000003,55.99934388221987,30
147.2698792000001,30.778210020000003,61.836673266078805,30
147.30182019999938,30.778210020000003,61.83374893593194,30
147.3338101999998,30.914396790000005,55.93907136578227,30
147.36578149999968,30.914396790000005,61.778802310354955,30
147.3977844000001,30.914396790000005,61.77535956341011,30
147.42985429999953,31.05058356,55.89471744067032,30
147.4618019999998,31.05058356,61.719381193044185,30
147.50972579999961,31.05058356,61.71345790405448,30
147.54170819999945,31.05058356,61.70950494127222,30
147.57376999999997,31.05058356,61.70554216480346,30
147.60577639999974,31.05058356,61.70158623566763,30
147.63773729999957,30.778210020000003,73.49177277272155,30
147.66980369999965,30.778210020000003,61.79185611020722,30
147.70181479999974,31.18677033,44.125232599463274,30
147.7337880999994,31.18677033,61.638724849324575,30
147.76581929999975,31.18677033,61.63425265193696,30
147.79782710000018,31.322957100000004,55.7412841540368,30
147.8298092999994,31.322957100000004,61.57622720078065,30
147.86182240000016,31.05058356,73.34631024027513,30
147.90977369999928,31.18677033,57.71545683251544,30
147.94177390000004,31.18677033,61.60917353082721,30
147.9738822999998,31.322957100000004,55.7344866442972,30
148.00580919999993,31.459143870000005,55.64784490392012,30
148.03781230000004,31.459143870000005,61.49706979866735,30
148.06975479999983,31.59533064,55.591149359842454,30
148.1018495999997,31.59533064,61.436984977868256,30
148.1338711999997,31.731517410000002,55.54499195144154,30
148.16577729999972,31.731517410000002,61.37589647957044,30
148.19779879999987,31.731517410000002,61.369373446071094,30
148.22976930000004,31.731517410000002,61.36286080167619,30
148.26179129999946,31.867704180000004,55.4704275554609,30
148.30979099999968,31.867704180000004,61.29721172243148,30
148.3417830999997,31.867704180000004,61.29018210138477,30
148.37379299999975,31.867704180000004,61.28314856914577,30
148.40575569999965,32.003890950000006,55.37938631958976,30
148.43777510000018,32.14007772,55.33361468539136,30
148.46979969999938,32.14007772,61.16335686058502,30
148.50178809999943,32.14007772,61.15530301798048,30
148.53372129999934,32.14007772,61.14726307329247,30
148.56582519999938,32.14007772,61.13918015080833,30
148.5978572999993,32.14007772,61.13111530568661,30
148.62983949999943,32.27626449,55.229889329698686,30
148.66201459999957,32.27626449,61.06586832994956,30
148.70979259999967,32.27626449,61.05307358114915,30
148.74170409999988,32.27626449,61.04452781476407,30
148.77373720000014,32.412451260000005,55.15206192782992,30
148.80576609999935,32.412451260000005,60.978279960338554,30
148.8377262999993,32.412451260000005,60.96920908683742,30
148.8698547999993,32.548638030000006,55.093528296388264,30
148.90177909999966,32.548638030000006,60.90193759130697,30
148.93378819999998,32.6848248,55.00407758104795,30
148.9658257000001,32.6848248,60.83364180189087,30
148.9978014999997,32.003890950000006,90.29525884839178,30
149.02984299999935,32.003890950000006,61.0588791974071,30
149.0618340000001,32.14007772,55.15977113975814,30
149.10980669999935,32.14007772,60.99068051002138,30
149.14184079999995,32.27626449,55.098909748088545,30
149.17397429999983,32.27626449,60.9254307759873,30
149.20583410000017,32.27626449,60.91689885464619,30
149.2378134999999,32.412451260000005,55.01464952381075,30
149.26982409999982,32.412451260000005,60.8506714351019,30
149.30183810000017,32.548638030000006,54.95421661508123,30
149.33374539999932,32.548638030000006,60.78343936850123,30
149.36577989999932,32.6848248,54.89020159219143,30
149.39776269999948,32.6848248,60.71515283383422,30
149.42975469999965,32.82101157,54.81366428853883,30
149.46177709999938,32.82101157,60.645841578181724,30
149.50977989999956,32.82101157,60.629910230629626,30
149.54165199999989,32.957198340000005,54.70597071254271,30
149.57380169999942,32.957198340000005,60.55957076349039,30
149.6057940999999,32.957198340000005,60.54844042558754,30
149.63777589999972,32.957198340000005,60.53731377548524,30
149.66979339999943,32.957198340000005,60.52617470514993,30
149.70177619999959,32.82101157,66.40811176603516,30
149.73376319999988,32.82101157,60.55301008915796,30
149.76573499999995,32.82101157,60.54239916942691,30
149.79777099999956,32.82101157,60.531766942761564,30
149.8297778999995,32.6848248,66.40980813956742,30
149.86179019999963,32.6848248,60.55961164560434,30
149.90983819999929,32.6848248,60.54443512066441,30
149.9417671000001,32.548638030000006,66.43727942504749,30
149.97376449999956,32.548638030000006,60.57333339251172,30
150.00575179999942,32.6848248,54.67150040396416,30
150.03779489999943,32.6848248,60.505042720056004,30
150.06985019999956,32.6848248,60.49491767718402,30
150.10177599999952,32.6848248,60.48483353840759,30
150.13386449999962,32.548638030000006,66.34851193780604,30
150.16584239999975,32.548638030000006,60.51368980270338,30
150.1977870999999,32.548638030000006,60.504111511258984,30
150.22982030000003,32.548638030000006,60.49450668399512,30
150.26200579999932,32.548638030000006,60.484856191134796,30
150.30980379999983,32.548638030000006,60.47052444989253,30
150.34179779999977,32.548638030000006,60.460931376347624,30
150.37378209999952,32.548638030000006,60.45134121124853,30
150.40579999999954,32.548638030000006,60.44174097153314,30
150.43778089999978,32.548638030000006,60.43215182588912,30
150.4698416000001,32.548638030000006,60.42253875303155,30
150.5018199999995,32.6848248,54.51908220885839,30
150.53373759999977,32.6848248,60.35429053239392,30
150.5658328999998,32.6848248,60.34415285505232,30
150.59775329999957,32.6848248,60.334070421929354,30
150.62974399999985,32.82101157,54.43234487514486,30
150.6618085,32.82101157,60.264745625421135,30
150.7097144999998,32.82101157,60.248846404212685,30
150.7418033999993,32.82101157,60.2381966208989,30
150.77373050000006,32.82101157,60.22760053636964,30
150.80580289999943,32.957198340000005,54.340218353292336,30
150.83766019999985,33.09338511,54.24120704813561,30
150.8697973999997,33.09338511,60.09702115972721,30
150.9016886999998,33.22957188,54.175583903693116,30
150.93375899999955,33.22957188,60.024653054461396,30
150.96578529999988,33.22957188,60.012484673531816,30
150.99781079999957,33.365758650000004,54.115044379400224,30
151.0298114999996,33.365758650000004,59.93906619747585,30
151.0618003999998,33.501945420000006,54.03444983643496,30
151.10990289999972,33.501945420000006,59.858003136133284,30
151.14188190000004,33.501945420000006,59.844827993475946,30
151.17378049999934,33.63813219,53.92319607716989,30
151.20578419999947,33.63813219,59.76941089645913,30
151.23776019999968,33.77431896,53.86141783586541,30
151.26984959999936,33.77431896,59.692897536000366,30
151.30180149999978,33.77431896,59.678709693414525,30
151.33376839999983,33.77431896,59.66451519026599,30
151.36584279999988,33.77431896,59.65027295308354,30
151.3981307999993,33.910505730000004,53.79811150180819,30
151.42983989999993,33.910505730000004,59.5727645605831,30
151.46179349999966,33.910505730000004,59.55806400341922,30
151.5096481999999,33.910505730000004,59.53604799417705,30
151.54183550000016,33.910505730000004,59.521239921108325,30
151.57382529999995,33.910505730000004,59.50652270979059,30
151.60576880000008,33.910505730000004,59.49182679922744,30
151.63777109999955,33.910505730000004,59.47710383716613,30
151.6698163000001,33.910505730000004,59.46236113855189,30
151.7017726999993,33.910505730000004,59.44765929322163,30
151.73376219999955,33.77431896,65.32478229529563,30
151.76582489999964,33.63813219,65.34578455764742,30
151.7977431999998,34.046692500000006,41.78758131785172,30
151.82974490000015,33.910505730000004,65.23084701983764,30
151.8618147999996,33.365758650000004,82.88382763406955,30
151.90974769999957,33.365758650000004,59.55039786146785,30
151.94174380000004,33.22957188,65.42836317583739,30
151.9737602999994,33.22957188,59.574142216417826,30
152.00576899999942,33.09338511,65.4503159015899,30
152.03782880000017,33.501945420000006,41.961807144486976,30
152.06992290000017,33.501945420000006,59.43993053262332,30
152.1019615999994,33.365758650000004,65.30959849496047,30
152.13383639999938,33.365758650000004,59.4626885202146,30
152.16579459999957,33.22957188,65.34759647016661,30
152.19776189999993,33.22957188,59.486465968777345,30
152.22977699999956,33.09338511,65.36146992442539,30
152.26185129999976,33.09338511,59.51120798222813,30
152.3097117999996,33.09338511,59.49379022245675,30
152.34173240000018,32.957198340000005,65.3683023475858,30
152.3737876999994,32.82101157,65.39941042231926,30
152.40579139999954,32.6848248,65.44676942775351,30
152.43789800000013,32.6848248,59.59595920707764,30
152.4698699999999,33.09338511,41.90074609354399,30
152.50184869999975,33.09338511,59.428488022000835,30
152.53381159999935,33.09338511,59.41685583859716,30
152.56585540000015,32.957198340000005,65.28713342714192,30
152.5979211999993,32.957198340000005,59.44261766298564,30
152.62982419999935,32.82101157,65.33920020829808,30
152.66188189999957,32.6848248,65.34886619859238,30
152.7097576999995,32.6848248,59.5029134800128,30
152.74168869999994,32.548638030000006,65.39537213275241,30
152.77371719999974,32.412451260000005,65.41652735930955,30
152.8057662000001,32.27626449,65.45227762463288,30
152.83776419999958,32.14007772,65.50158327387113,30
152.86980210000002,32.14007772,59.65180756005655,30
152.90178279999964,32.003890950000006,65.537203457294,30
152.9337661999998,32.003890950000006,59.68479382227837,30
152.9657804999997,31.867704180000004,65.56456035878486,30
152.99775809999937,31.867704180000004,59.71879880708833,30
153.02977819999978,31.731517410000002,65.5980194878135,30
153.06179499999962,31.59533064,65.64067799757603,30
153.1097863999994,31.59533064,59.793391480790525,30
153.14183950000006,31.59533064,59.78737556402135,30
153.17378370000006,31.459143870000005,65.68150575237256,30
153.20577700000013,31.731517410000002,48.04217350950753,30
153.2378159,31.59533064,65.6036133936582,30
153.26985710000008,31.59533064,59.7633476714908,30
153.30183869999928,31.59533064,59.75734517426786,30
153.3338389999999,31.18677033,77.42094366541491,30
153.36587239999972,31.18677033,59.89260254305838,30
153.39781799999946,31.18677033,59.888142297146175,30
153.4299977999999,31.18677033,59.88364935222078,30
153.4621533999998,31.18677033,59.8791597861004,30
153.50995499999954,31.18677033,59.87248572485261,30
153.54214989999946,31.18677033,59.86799067166471,30
153.57391409999946,31.18677033,59.863555752827494,30
153.60604220000005,31.322957100000004,53.99243544755825,30
153.6378961999999,31.322957100000004,59.80553153124296,30
153.66979099999935,31.322957100000004,59.80056736040622,30
153.70171699999992,31.322957100000004,59.795598333538535,30
153.73368930000015,31.322957100000004,59.790622100445745,30
153.76572409999972,31.459143870000005,53.9020582197852,30
153.79772090000006,31.459143870000005,59.73156426201914,30
153.8297595999993,31.459143870000005,59.72606437111247,30
153.8617906999998,31.459143870000005,59.72056578485188,30
153.90977639999983,31.459143870000005,59.712328368380966,30
153.94175360000008,31.459143870000005,59.70683903480918,30
153.9737409999998,31.459143870000005,59.70134795026485,30
154.00581460000012,31.459143870000005,59.69584206828493,30
154.0377755999998,31.59533064,53.79330539163608,30
154.0697784999993,31.731517410000002,53.74637737750882,30
154.10177469999962,31.731517410000002,59.58067447552511,30
154.1338526999998,31.731517410000002,59.57413993252766,30
154.16575099999955,31.59533064,65.4761870007262,30
154.19785039999988,31.59533064,59.61019438173947,30
154.2297912999993,31.459143870000005,65.50492969410975,30
154.26169969999955,31.322957100000004,65.55398997996743,30
154.30980139999974,31.18677033,63.62322286735513,30
154.3419226999995,31.05058356,65.60060814766653,30
154.37379259999943,30.914396790000005,65.6911500194496,30
154.4057789999997,30.778210020000003,65.71492541542932,30
154.43780220000008,30.64202325,65.75385701982911,30
154.46970469999997,30.64202325,59.914334960590175,30
154.50177199999962,30.64202325,59.91191284857082,30
154.53373759999977,30.505836480000006,65.8057069932078,30
154.56577109999944,30.369649710000004,65.83998486782929,30
154.5978000999994,30.233462940000003,65.88799090779524,30
154.62976379999964,30.233462940000003,60.05105760922367,30
154.6618424999997,30.09727617,65.92576990137292,30
154.70971689999988,29.961089400000006,64.05148765396362,30
154.74183749999975,29.961089400000006,60.14718852456159,30
154.77381569999943,29.824902630000004,66.04123961456946,30
154.80580949999967,29.824902630000004,60.19657224679143,30
154.83766060000016,29.688715860000002,66.11445647800466,30
154.86982389999957,29.688715860000002,60.246982479432795,30
154.9017718999994,29.688715860000002,60.24815246833922,30
154.93375219999962,29.55252909,66.14284454066635,30
154.96575889999986,29.55252909,60.29958689552962,30
154.9977762999997,29.55252909,60.30127240789594,30
155.02975049999986,29.55252909,60.302955646057185,30
155.06178159999945,29.55252909,60.304641879641316,30
155.10983279999982,29.688715860000002,56.368255560202684,30
155.1418281999995,29.688715860000002,60.25950740046968,30
155.17385999999988,29.824902630000004,54.37655609848223,30
155.20582430000013,29.824902630000004,60.212759781505,30
155.23790699999972,29.961089400000006,54.338553737121046,30
155.2698479999999,29.961089400000006,60.1649869451028,30
155.30182629999945,30.09727617,54.27124690730524,30
155.33379569999943,30.09727617,60.116189192475,30
155.36578409999947,30.233462940000003,54.223782116317075,30
155.39774789999956,30.233462940000003,60.066366747930125,30
155.42982709999978,30.233462940000003,60.06548565330132,30
155.4618233000001,30.233462940000003,60.064606838369436,30
155.50979949999964,29.55252909,79.78826897929872,30
155.54175020000002,29.55252909,60.3091440751549,30
155.57374040000013,29.55252909,60.31082815561432,30
155.6057710999994,29.55252909,60.31251436814098,30
155.63775089999945,29.688715860000002,54.42058562363095,30
155.66975999999977,29.688715860000002,60.266791829282894,30
155.70179269999971,29.824902630000004,54.38400450292394,30
155.73369769999954,29.824902630000004,60.220043007296276,30
155.76578679999966,29.961089400000006,54.34699901419935,30
155.7980035999999,30.09727617,54.32165385636406,30
155.82978289999937,30.09727617,60.123325676782336,30
155.86169919999975,30.09727617,60.122960418497094,30
155.90976409999985,30.09727617,60.1224103515108,30
155.94176139999945,30.09727617,60.12204416624088,30
155.97378539999954,30.09727617,60.121677675409344,30
156.00578719999976,30.09727617,60.12131143864028,30
156.03773019999971,30.09727617,60.12094587479342,30
156.0697725,30.09727617,60.120579174532,30
156.10173469999972,30.233462940000003,54.223382824782995,30
156.1338393999995,30.233462940000003,60.070753579610766,30
156.16581029999998,30.09727617,65.96511472412008,30
156.19780170000013,30.09727617,60.11808749754387,30
156.2297439999993,30.09727617,60.11772194170801,30
156.26178139999956,30.09727617,60.117355297523446,30
156.30975149999995,29.961089400000006,64.06229763668433,30
156.34180949999973,29.961089400000006,60.165787562392616,30
156.37375939999947,29.961089400000006,60.16593382001366,30
156.40595089999988,29.961089400000006,60.16608118361131,30
156.43770889999996,29.961089400000006,60.16622656276833,30
156.46979669999928,29.824902630000004,66.04031444778406,30
156.5017896999998,29.688715860000002,66.10681341107016,30
156.53374639999947,29.688715860000002,60.26536134356325,30
156.56580899999972,29.55252909,66.14505463655928,30
156.59778490000008,29.55252909,60.316798481900925,30
156.62981219999983,29.55252909,60.31848451543925,30
156.66182359999948,29.55252909,60.32016971194374,30
156.70973289999984,29.55252909,60.32269183171653,30
156.74174679999942,29.55252909,60.324377159830114,30
156.77380300000004,29.416342320000005,66.20574766312677,30
156.80581809999967,29.416342320000005,60.376842573513954,30
156.83775259999948,29.416342320000005,60.379035375417715,30
156.86984200000006,29.280155550000003,66.2548893785713,30
156.90175180000006,29.280155550000003,60.432521231761804,30
156.93379370000002,29.280155550000003,60.4352347828068,30
156.9657704000001,29.280155550000003,60.43794281222142,30
156.99781949999942,29.280155550000003,60.44065697301696,30
157.02974730000005,29.280155550000003,60.44336086120886,30
157.0617830000001,29.14396878,66.32948789500503,30
157.10997140000018,29.14396878,60.499506113467284,30
157.14188449999983,29.14396878,60.5027200675763,30
157.1738766999997,29.00778201,66.39728896110667,30
157.20575909999934,29.00778201,60.55824216607319,30
157.23772989999998,29.00778201,60.56197416641618,30
157.26980289999938,29.00778201,60.56571809672119,30
157.30177550000008,29.00778201,60.56945030718094,30
157.3337238999993,29.00778201,60.573179692737526,30
157.36580309999954,29.00778201,60.576924346778114,30
157.39784319999944,29.416342320000005,42.93282605863014,30
157.42975449999994,29.00778201,78.15559180392326,30
157.4617488999993,29.416342320000005,42.913748465795685,30
157.5098312,29.416342320000005,60.444150213521844,30
157.5417207999999,29.416342320000005,60.44633993233973,30
157.57376010000007,29.14396878,72.21405683385768,30
157.60577809999995,29.55252909,42.88900504355865,30
157.63767949999965,29.55252909,60.40486562682814,30
157.6698779999997,29.14396878,77.96830536374215,30
157.70178119999946,29.14396878,60.555519036999314,30
157.7337910999995,29.14396878,60.558742739793324,30
157.76575289999982,29.14396878,60.561961598457756,30
157.7977590999999,29.14396878,60.56518492862642,30
157.82976169999984,29.14396878,60.56840789624067,30
157.8618249000001,29.14396878,60.571636966854,30
157.9098170999996,29.00778201,64.52016753802937,30
157.94180099999994,28.871595240000005,66.52190168920804,30
157.97374059999947,28.871595240000005,60.681857075782816,30
158.00576009999986,28.735408470000003,66.57247361090765,30
158.03774590000012,28.5992217,66.63196135661661,30
158.06977899999947,28.871595240000005,49.02552766752143,30
158.10177459999977,28.871595240000005,60.70039200435928,30
158.13382039999942,28.735408470000003,66.58622137852927,30
158.16581179999957,28.5992217,66.64947815688025,30
158.19779449999987,28.5992217,60.81183423945274,30
158.22974199999953,28.463034930000006,66.71662039241825,30
158.26175719999992,28.326848160000004,66.75861570226797,30
158.30979399999978,28.190661390000002,64.86958216137788,30
158.3417673999993,28.05447462,66.87992403575687,30
158.3738515999994,28.05447462,61.04106368014494,30
158.40578109999933,27.918287850000006,66.95119129521021,30
158.4377018999994,27.782101080000004,67.00918185658097,30
158.46977849999985,27.645914310000002,67.03768890551942,30
158.50186159999976,27.50972754,67.09397369022096,30
158.53373029999966,27.373540770000005,67.19108334863208,30
158.5657782999997,27.373540770000005,61.33557521167564,30
158.59779979999985,27.237354000000003,67.23147095136129,30
158.62975199999983,27.10116723,67.30309440069988,30
158.66178949999994,27.10116723,61.46393757969826,30
158.70977399999992,26.96498046,65.42462435008548,30
158.74174949999997,26.828793690000005,67.43495234268994,30
158.7737479999996,26.828793690000005,61.601070434709094,30
158.80576629999996,27.50972754,32.18009288586804,30
158.83773889999975,27.50972754,61.37948846129273,30
158.86976799999957,27.373540770000005,67.27348837360512,30
158.90175420000014,27.373540770000005,61.44733480076887,30
158.9338018999997,27.373540770000005,61.45723738635288,30
158.96578339999996,27.373540770000005,61.46711951645463,30
158.99781339999936,27.373540770000005,61.4770166328235,30
159.02981529999943,27.373540770000005,61.48690506642735,30
159.0617913999995,27.237354000000003,67.39107408333871,30
159.10981290000018,27.237354000000003,61.56097157932755,30
159.14178989999982,27.237354000000003,61.57136465357943,30
159.17378019999978,27.237354000000003,61.58176205055986,30
159.2057662999996,27.237354000000003,61.59215808246811,30
159.23778729999958,27.237354000000003,61.602565457475876,30
159.26978549999967,27.237354000000003,61.61296542209204,30
159.3017635999995,27.373540770000005,55.72943587349983,30
159.33377990000008,27.373540770000005,61.584673465921384,30
159.3657874999999,27.373540770000005,61.59456366079782,30
159.39779399999952,27.373540770000005,61.604453515779454,30
159.4297343999997,27.373540770000005,61.614322946178326,30
159.4618585999997,27.373540770000005,61.62424916989554,30
159.5098137999994,27.50972754,57.692365296894174,30
159.54175880000003,27.50972754,61.59959187079076,30
159.5737892999996,27.50972754,61.60897594985298,30
159.605861,27.50972754,61.61837209941257,30
159.6377324999994,27.50972754,61.62770959573108,30
159.66989299999932,27.50972754,61.63713176131339,30
159.70175440000003,27.50972754,61.64646629860266,30
159.7337996999995,27.50972754,61.65585471366869,30
159.76622159999988,27.50972754,61.665353462453595,30
159.7979811999994,27.50972754,61.674658175067655,30
159.82985869999993,27.50972754,61.683997429225876,30
159.8618394999994,27.373540770000005,67.58679647414816,30
159.90979460000017,27.50972754,57.81005323148126,30
159.94179929999973,27.50972754,61.71730542395404,30
159.9738082999993,27.645914310000002,55.83840255254101,30
160.0057870999999,27.645914310000002,61.68696100681462,30
160.0378056999998,27.645914310000002,61.69582859835268,30
160.06981389999964,27.645914310000002,61.70469330959766,30
160.1022385999995,27.50972754,67.52709294087977,30
160.13380169999982,27.50972754,61.77150594090548,30
160.16581229999974,27.50972754,61.78088418980053,30
160.1978468999996,27.50972754,61.79026947005308,30
160.22982890000003,27.373540770000005,67.69284958031625,30
160.2619453999996,27.373540770000005,61.858141517930044,30
160.30972099999963,27.373540770000005,61.87290394917579,30
160.3417862999995,27.373540770000005,61.88281197307549,30
160.37372969999979,27.237354000000003,67.79295453161693,30
160.40577549999944,27.237354000000003,61.951675481007605,30
160.43778959999963,27.237354000000003,61.96208061339693,30
160.4698024999998,27.237354000000003,61.972485355765606,30
160.5017987000001,27.10116723,67.8735012748513,30
160.53375499999947,27.10116723,62.042361580791784,30
160.5658556999997,27.10116723,62.053309176215386,30
160.5977374999993,27.10116723,62.06418211816897,30
160.62974070000018,27.10116723,62.075096462275724,30
160.66176319999977,27.10116723,62.08601738843762,30
160.70976879999944,27.10116723,62.102389177428506,30
160.7417603999993,27.10116723,62.11329956548079,30
160.77378210000006,27.10116723,62.124220218811764,30
160.8058087999998,27.237354000000003,56.250089034479636,30
160.83772539999973,27.237354000000003,62.096936970808336,30
160.8697486000001,27.237354000000003,62.107345060854016,30
160.90177099999983,27.373540770000005,56.23191568927095,30
160.9338547999996,27.373540770000005,62.07908765034682,30
160.96578510000018,27.50972754,56.18628120207953,30
160.99790359999952,27.50972754,62.049786315374575,30
161.02977389999978,27.50972754,62.05912346012546,30
161.06181749999996,27.50972754,62.06851137713719,30
161.1098263999993,27.645914310000002,58.140233970381985,30
161.14179369999965,27.645914310000002,62.0425949674854,30
161.17378430000008,27.645914310000002,62.05145480438839,30
161.20580539999992,27.645914310000002,62.0603230883046,30
161.23775539999951,27.645914310000002,62.069171680986315,30
161.26976339999965,27.782101080000004,56.189573256343806,30
161.3017749999999,27.782101080000004,62.03781035059804,30
161.33376959999987,27.782101080000004,62.0461586786905,30
161.36574239999936,27.782101080000004,62.0545013185244,30
161.39776809999967,27.782101080000004,62.062857761517684,30
161.42976779999935,27.782101080000004,62.0712074203494,30
161.46175140000014,27.782101080000004,62.079552878219936,30
161.50976979999996,27.918287850000006,58.15050969829917,30
161.54182330000003,28.05447462,56.17092306981224,30
161.5737878,28.190661390000002,56.11342408646062,30
161.60580899999968,28.326848160000004,56.08201603203074,30
161.6379578999995,28.326848160000004,61.925821239320825,30
161.66974500000015,28.463034930000006,56.00303525687674,30
161.70173129999966,28.5992217,55.996862189027894,30
161.73379979999936,28.5992217,61.845993194171086,30
161.76573999999982,28.735408470000003,55.950398442706536,30
161.7977191,28.735408470000003,61.807436899510435,30
161.82975389999956,28.871595240000005,55.928624972126485,30
161.8617360999997,29.00778201,55.874695767190765,30
161.90976049999972,29.00778201,61.72489708640973,30
161.9417588999995,29.14396878,55.838417328892675,30
161.97373169999992,29.14396878,61.68327367868985,30
162.0057442999996,29.280155550000003,55.79887365207634,30
162.03773759999967,29.280155550000003,61.64062826479362,30
162.06977349999943,29.416342320000005,55.75996372349182,30
162.10172049999983,29.416342320000005,61.596955770790544,30
162.13397819999955,29.55252909,55.75590898761694,30
162.1658026999994,29.55252909,61.55226337200801,30
162.19792580000012,29.55252909,61.553954448806756,30
162.22976740000013,29.55252909,61.5556307064218,30
162.26179009999942,29.688715860000002,55.67153397680035,30
162.30979109999953,29.688715860000002,61.51049538861404,30
162.34171049999986,29.688715860000002,61.51166433014092,30
162.37373219999972,29.688715860000002,61.512837018063934,30
162.40574629999992,29.688715860000002,61.51400942766235,30
162.4377926999996,29.688715860000002,61.51518302014046,30
162.46974049999972,29.688715860000002,61.51635300172257,30
162.5017442999997,29.55252909,67.40675444115907,30
162.5337282999999,29.55252909,61.56778747102787,30
162.56578979999995,29.688715860000002,55.69075619556444,30
162.59773799999948,29.688715860000002,61.52206569390034,30
162.62980139999945,29.688715860000002,61.523239908946756,30
162.66190899999947,29.688715860000002,61.524415742670676,30
162.7098292999999,29.824902630000004,57.57663063511661,30
162.74166349999996,29.824902630000004,61.47799274187018,30
162.7736888999998,29.824902630000004,61.47865245520114,30
162.80570480000006,29.824902630000004,61.47931197283505,30
162.83774110000013,29.824902630000004,61.479971910702645,30
162.86976460000005,29.824902630000004,61.4806315848942,30
162.90177929999936,29.824902630000004,61.48129107780845,30
162.93378049999956,29.824902630000004,61.48195029262692,30
162.96579979999933,29.824902630000004,61.48260988029976,30
162.99772810000013,29.824902630000004,61.48326759340078,30
163.02971809999963,29.961089400000006,55.592177823485734,30
163.06176049999976,29.961089400000006,61.43549479682473,30
163.1098304999996,30.09727617,57.49832003312078,30
163.14180309999938,30.09727617,61.38651285005239,30
163.17383009999958,30.09727617,61.38614632488808,30
163.20580969999992,30.09727617,61.38578034218148,30
163.23777470000005,30.09727617,61.385414526561,30
163.26975309999943,30.233462940000003,55.49118040945841,30
163.301778,30.233462940000003,61.33559067849187,30
163.3336905999995,30.233462940000003,61.33471415973669,30
163.3658173999993,30.369649710000004,55.46696177413253,30
163.39780840000003,30.369649710000004,61.283859873127746,30
163.42966559999968,30.369649710000004,61.28247446080523,30
163.46177709999938,30.369649710000004,61.28107798943317,30
163.50973049999993,30.369649710000004,61.278992582326865,30
163.54174289999992,30.369649710000004,61.277600420635515,30
163.5737713999997,30.369649710000004,61.276207558784144,30
163.60578439999972,29.55252909,96.60012166649264,30
163.63779129999966,29.55252909,61.56797331206781,30
163.6697494,29.55252909,61.5696557026665,30
163.70175729999937,29.55252909,61.57134071491826,30
163.73375029999988,29.55252909,61.57302494277989,30
163.7658378999995,29.416342320000005,67.4486914527083,30
163.7977535,29.416342320000005,61.625485680335736,30
163.8296835000001,29.416342320000005,61.62767817324426,30
163.86174909999954,29.55252909,55.751906260427944,30
163.9097394999999,29.416342320000005,65.5276700490886,30
163.9417098999993,29.55252909,55.73952608470266,30
163.97390489999998,29.55252909,61.587973494263835,30
164.00578719999976,29.55252909,61.58965189447487,30
164.03778669999974,29.55252909,61.59133646452011,30
164.0697008999996,29.55252909,61.59301654406315,30
164.10180179999952,29.55252909,61.59470645217312,30
164.1337569999996,29.55252909,61.59638869010527,30
164.1657325999995,29.55252909,61.598072001967594,30
164.19768779999958,29.55252909,61.59975423989974,30
164.2297482999993,29.55252909,61.60144202120681,30
164.26184000000012,29.55252909,61.60313144499536,30
164.30982700000004,29.55252909,61.60565765517868,30
164.34173219999957,29.55252909,61.60733726092897,30
164.37380369999937,29.55252909,61.60902562131603,30
164.40577799999937,29.55252909,61.61070886474164,30
164.43779230000018,29.416342320000005,67.49970818155194,30
164.46982769999977,29.416342320000005,61.663172795248336,30
164.50174389999938,29.55252909,55.76010557507215,30
164.53376219999973,29.55252909,61.61847262100072,30
164.5657857999995,29.55252909,61.62015845975759,30
164.59787789999973,29.55252909,61.62184790460359,30
164.62974179999947,29.55252909,61.6235253361717,30
164.66200440000011,29.416342320000005,67.46760552489665,30
164.7098249999999,29.416342320000005,61.67709021672692,30
164.74175879999984,29.416342320000005,61.67928297056474,30
164.7737400999995,29.416342320000005,61.681478986019,30
164.80586859999949,29.55252909,55.81712295863823,30
164.8377800999997,29.55252909,61.63678436567505,30
164.8697693999993,29.55252909,61.63846839875517,30
164.9017918999998,29.55252909,61.64015417960409,30
164.9337474999993,29.55252909,61.64183643859366,30
164.96571969999968,29.55252909,61.64351957146764,30
164.99773240000013,29.55252909,61.64520483640891,30
165.0297389999996,29.688715860000002,55.75817127978324,30
165.0617413,29.688715860000002,61.59948302998407,30
165.10971979999977,29.688715860000002,61.6012400824677,30
165.1418821999996,29.688715860000002,61.602417923058795,30
165.1737753999996,29.824902630000004,55.694103922140584,30
165.2058466999997,29.824902630000004,61.55566965314389,30
165.23771979999947,29.961089400000006,55.6431485300795,30
165.26973719999933,29.961089400000006,61.5078962069897,30
165.30176440000014,29.961089400000006,61.50804281846833,30
165.3337520999994,30.09727617,55.61602039256259,30
165.36582129999988,29.961089400000006,67.33656319869206,30
165.39761180000005,29.961089400000006,61.5079690747389,30
165.4297106999993,30.369649710000004,43.89233583105605,30
165.46175140000014,30.369649710000004,61.360982002440124,30
165.50980759999948,30.369649710000004,61.35889212474677,30
165.5417441999998,30.369649710000004,61.35750325946107,30
165.57389749999948,30.09727617,73.08025518990692,30
165.60576589999982,30.505836480000006,43.71077478465985,30
165.6376811,30.233462940000003,73.11615811085068,30
165.66972729999998,30.369649710000004,55.520045554226506,30
165.70182769999974,30.369649710000004,61.35157258444149,30
165.73375029999988,30.369649710000004,61.35018432799062,30
165.76566000000003,30.369649710000004,61.34879663253753,30
165.7977480999998,30.369649710000004,61.34740117878936,30
165.82975429999988,30.369649710000004,61.346009286724865,30
165.86186069999985,30.369649710000004,61.344613037142615,30
165.90983899999992,30.369649710000004,61.3425265471801,30
165.94171259999985,30.505836480000006,55.42805471239235,30
165.97362089999933,30.505836480000006,61.29066495638206,30
166.00573470000018,30.505836480000006,61.28875385855241,30
166.03770040000018,30.64202325,55.390661290966946,30
166.06970829999955,30.64202325,61.23585587636586,30
166.10174189999998,30.64202325,61.23343630977981,30
166.13374549999935,30.64202325,61.23101900915825,30
166.16577999999936,30.64202325,61.22859937459329,30
166.19769039999937,30.64202325,61.226189113567784,30
166.2297536999995,30.64202325,61.22376730367698,30
166.26175859999967,30.778210020000003,55.332321221863,30
166.3097705,31.18677033,49.34207703707372,30
166.34175770000002,31.18677033,61.01740397047977,30
166.37375530000008,31.18677033,61.0129364643255,30
166.40571189999991,31.18677033,61.00847468259285,30
166.43781709999985,31.18677033,61.00399215332243,30
166.46977669999978,31.18677033,60.999529952729645,30
166.50171039999987,31.18677033,60.99507136829586,30
166.53369329999987,31.18677033,60.99060591455617,30
166.5657986999995,31.18677033,60.98612335736178,30
166.59777209999993,31.18677033,60.9816592300124,30
166.62971909999942,31.05058356,66.87681163983764,30
166.6617409999999,31.05058356,61.021818716519306,30
166.70979410000018,30.914396790000005,64.95464157390826,30
166.7417558999996,30.914396790000005,61.06127694502378,30
166.7736989999994,30.778210020000003,66.95816778492181,30
166.80574780000006,30.778210020000003,61.10348414175564,30
166.8376871999999,30.778210020000003,61.100559958095324,30
166.8697216999999,30.64202325,66.98125962689275,30
166.90172549999988,30.64202325,61.14378892662587,30
166.93372910000016,30.505836480000006,67.03063752974752,30
166.96574919999966,30.505836480000006,61.188044783914755,30
166.99785530000008,30.505836480000006,61.18613414431348,30
167.02978840000014,30.505836480000006,61.184233799972354,30
167.06174769999961,30.369649710000004,67.0796930890568,30
167.1098136999999,30.369649710000004,61.2288195624503,30
167.14186229999996,30.369649710000004,61.22742582648607,30
167.1737267999997,30.369649710000004,61.2260400966997,30
167.20572429999993,30.233462940000003,67.1150278569956,30
167.2377587000001,30.233462940000003,61.272347300743476,30
167.2697866999997,30.09727617,67.15628427660265,30
167.3016958999997,30.09727617,61.31968150592741,30
167.33376959999987,29.961089400000006,67.19581611797626,30
167.36574870000004,29.961089400000006,61.368040640383846,30
167.39768939999976,29.824902630000004,67.26895366726511,30
167.42969379999977,29.824902630000004,61.417423808482006,30
167.46172419999948,29.824902630000004,61.41808362481142,30
167.5098109999999,29.688715860000002,65.35511074286464,30
167.54178460000003,29.688715860000002,61.46908148866581,30
167.57373769999958,29.688715860000002,61.47025166434271,30
167.60579789999974,29.55252909,67.35038125544713,30
167.63771449999967,29.55252909,61.52168555456798,30
167.66980710000007,29.55252909,61.523375025735795,30
167.70175109999946,29.416342320000005,67.42521897337475,30
167.7337377999993,29.416342320000005,61.5758307850349,30
167.76580229999945,29.416342320000005,61.578032513467896,30
167.7978052999997,29.416342320000005,61.580230018965935,30
167.82971129999987,29.280155550000003,67.4895517830299,30
167.8617852999996,29.961089400000006,32.25147842012889,30
167.9097068000001,29.961089400000006,61.39103458248641,30
167.9417102999996,29.961089400000006,61.391181085473136,30
167.97380169999997,29.961089400000006,61.391327990841226,30
168.00574659999984,29.824902630000004,67.29147167953627,30
168.03780819999974,29.824902630000004,61.44071242376038,30
168.0697640999997,29.824902630000004,61.441370705412844,30
168.10172779999994,29.688715860000002,67.33858528969002,30
168.13381990000016,29.688715860000002,61.49178245419111,30
168.1657656999996,29.55252909,67.39278498059484,30
168.19775169999957,29.55252909,61.5432139754527,30
168.22975880000013,29.55252909,61.54489894558962,30
168.26173839999956,29.55252909,61.54658246802646,30
168.31077829999958,29.416342320000005,65.40966743013385,30
168.3418260999997,29.416342320000005,61.6001476575769,30
168.3737771999995,29.280155550000003,67.50120370496819,30
168.40578959999948,29.14396878,67.54129096853553,30
168.43779369999993,29.14396878,61.705432429882975,30
168.4696497999994,29.00778201,67.62494771324423,30
168.50163669999984,29.00778201,61.76095083966363,30
168.5337701999997,28.871595240000005,67.63035877989401,30
168.5658002,28.735408470000003,67.70198696069473,30
168.59777339999982,28.735408470000003,61.87087061836579,30
168.629723,28.5992217,67.7747606814575,30
168.6617628999993,28.5992217,61.929481843427794,30
168.70974260000003,28.5992217,61.93738877549856,30
168.74178739999934,28.463034930000006,67.82442686907412,30
168.77381869999954,28.463034930000006,61.99704089755988,30
168.8057785000001,28.463034930000006,62.00281985005929,30
168.8376933999998,28.463034930000006,62.008590683766585,30
168.86974670000018,28.463034930000006,62.01438654288174,30
168.90177129999938,28.326848160000004,67.90561344620731,30
168.9336960999999,28.326848160000004,62.075040350678954,30
168.96583689999989,28.326848160000004,62.081366990521204,30
168.99778960000003,28.326848160000004,62.08765660449747,30
169.0297084999993,28.463034930000006,56.189176169472574,30
169.0617661999995,28.463034930000006,62.05115889737942,30
169.10977679999996,28.463034930000006,62.059840146225355,30
169.14180849999957,28.5992217,56.1814895232838,30
169.1737420999998,28.735408470000003,56.1202476936552,30
169.20575169999938,28.871595240000005,56.09032903127152,30
169.23777679999966,28.871595240000005,61.93417289924174,30
169.2697545000001,28.735408470000003,67.83241414248519,30
169.30177999999978,28.735408470000003,61.991760924490336,30
169.33374279999953,28.735408470000003,61.99651620521443,30
169.3657889999995,29.14396878,44.356776750690926,30
169.39776699999948,29.14396878,61.85876629745389,30
169.42969269999958,29.280155550000003,55.95846535164547,30
169.46171959999992,29.00778201,73.58615056695774,30
169.5097640999993,29.14396878,57.97942449402008,30
169.54170840000006,29.14396878,61.873264193260034,30
169.57380169999942,29.280155550000003,56.00355353417069,30
169.6058383999998,29.280155550000003,61.83062928909276,30
169.63783189999958,29.280155550000003,61.83333874125875,30
169.66995029999998,29.416342320000005,55.96766725124917,30
169.70166960000006,29.688715860000002,49.906433451996996,30
169.73373749999973,29.416342320000005,73.44879371377331,30
169.76573409999946,29.416342320000005,61.7930388934107,30
169.7977676999999,29.416342320000005,61.79523850007638,30
169.82981219999965,29.55252909,55.91562705764025,30
169.86183399999936,29.55252909,61.75054526426004,30
169.9098512999999,29.55252909,61.753073069545565,30
169.9417801999998,29.688715860000002,55.85182450045184,30
169.97382049999942,29.688715860000002,61.70734980924066,30
170.0057100999993,29.688715860000002,61.70851765944195,30
170.0376900000001,29.824902630000004,55.816094814852335,30
170.06977879999977,29.824902630000004,61.66177153601482,30
170.1017667999995,29.961089400000006,55.770316421842836,30
170.13374810000005,30.09727617,55.720660295341204,30
170.1657851,30.233462940000003,55.68187622637236,30
170.19793140000002,30.369649710000004,55.65225042443623,30
170.22977679999985,30.369649710000004,61.46562547111376,30
170.2622126999995,30.505836480000006,55.652785719412535,30
170.30972199999997,30.505836480000006,61.41280199951835,30
170.3417286999993,30.505836480000006,61.41089727522846,30
170.37371709999934,30.505836480000006,61.40899363997472,30
170.40575669999998,30.505836480000006,61.40708695780002,30
170.4377082000001,30.505836480000006,61.4051855184717,30
170.46974039999986,30.505836480000006,61.40327927667233,30
170.50171520000004,30.505836480000006,61.40137645075694,30
170.5337439999994,30.505836480000006,61.3994704112922,30
170.56572830000005,30.505836480000006,61.39756702003013,30
170.59774899999957,30.64202325,55.509514384308176,30
170.62977629999932,30.64202325,61.344663418251834,30
170.6617194999999,30.505836480000006,67.24255951579306,30
170.7097918999998,30.505836480000006,61.387967594787206,30
170.74172439999984,30.64202325,55.48379781279357,30
170.77374580000014,30.64202325,61.335071100583875,30
170.80577369999992,30.64202325,61.3326519645311,30
170.83781249999993,30.505836480000006,67.21308149758009,30
170.86994179999965,30.505836480000006,61.37689922855084,30
170.9018642000001,30.505836480000006,61.37499952096855,30
170.93389560000014,30.505836480000006,61.37309332677733,30
170.9659904,30.505836480000006,61.37118335964106,30
170.99781709999934,30.505836480000006,61.36928934718252,30
171.0296798999998,30.505836480000006,61.367393186406616,30
171.0616941999997,30.505836480000006,61.36548800983935,30
171.1097737,30.64202325,57.42600016168235,30
171.14178459999948,30.64202325,61.31137269114506,30
171.17372999999952,30.505836480000006,67.20886566373724,30
171.20569259999957,30.505836480000006,61.355635433761066,30
171.2377751999993,30.64202325,55.47884109593048,30
171.26976000000013,30.64202325,61.30273036665902,30
171.30176690000008,30.64202325,61.30031281678132,30
171.33369969999967,30.64202325,61.29790086383575,30
171.36572109999997,30.778210020000003,55.40946274084183,30
171.39775839999947,30.778210020000003,61.2439701071054,30
171.42970249999962,30.778210020000003,61.2410454931407,30
171.46169559999998,30.778210020000003,61.238116393024086,30
171.50973259999955,30.914396790000005,57.29365279690113,30
171.54171679999945,30.914396790000005,61.18144210615216,30
171.57368489999953,30.914396790000005,61.17800310285539,30
171.6057283,31.05058356,55.29254397349437,30
171.63777469999968,31.05058356,61.12201580870905,30
171.66971310000008,30.914396790000005,67.01925649600335,30
171.7018097,30.914396790000005,61.16319309242107,30
171.73376120000012,30.914396790000005,61.159755874887445,30
171.76590589999978,30.233462940000003,90.4744494510321,30
171.7978237999996,30.233462940000003,61.398325911012165,30
171.82975899999929,30.233462940000003,61.39744877152024,30
171.8617231999997,30.233462940000003,61.39657083550766,30
171.90975530000014,30.233462940000003,61.39525157488643,30
171.94178329999977,30.233462940000003,61.39437188652851,30
171.97373400000015,30.233462940000003,61.39349432131004,30
172.0057014999993,30.233462940000003,61.39261629465894,30
172.03774449999946,30.233462940000003,61.39173619430759,30
172.06975499999953,30.233462940000003,61.39085698660867,30
172.1017554,30.233462940000003,61.389978056318625,30
172.13377320000018,30.233462940000003,61.38909864811624,30
172.16574899999978,30.233462940000003,61.38822039349544,30
172.19771169999967,30.233462940000003,61.38734249868223,30
172.22972179999942,30.233462940000003,61.3864633019698,30
172.2617707999998,30.233462940000003,61.38558303682108,30
172.30978739999955,30.233462940000003,61.3842642019264,30
172.3416618000001,30.233462940000003,61.383388732381114,30
172.37373279999974,30.233462940000003,61.3825078629754,30
172.40571229999932,30.369649710000004,55.487962401654926,30
172.43770510000013,30.369649710000004,61.33165990389973,30
172.4698185999996,30.369649710000004,61.33026334555126,30
172.50184159999935,30.369649710000004,61.32887072288501,30
172.5337340999995,30.233462940000003,67.23709438659439,30
172.56568659999994,30.369649710000004,55.47657726284486,30
172.59775679999984,30.369649710000004,61.32521052414353,30
172.62971209999978,30.369649710000004,61.32382084562848,30
172.66174640000008,30.369649710000004,61.32242773154552,30
172.70975670000007,30.369649710000004,61.32033984996057,30
172.7417104999995,30.369649710000004,61.318950236677836,30
172.77368810000007,30.369649710000004,61.31755958837588,30
172.80572699999993,30.505836480000006,55.4333349901736,30
172.83778470000016,30.505836480000006,61.26567926972599,30
172.8697616999998,30.505836480000006,61.263776312888254,30
172.90173760000016,30.505836480000006,61.26187342151167,30
172.93381090000003,30.505836480000006,61.25996473384414,30
172.9657417999997,30.64202325,55.355501754655855,30
172.99768529999983,30.64202325,61.207074244446545,30
173.02972749999935,30.64202325,61.20465402828409,30
173.06177099999968,30.778210020000003,55.32023989144608,30
173.10982030000014,30.778210020000003,61.14925528363815,30
173.1417019999999,30.778210020000003,61.14633638265057,30
173.17371999999978,30.778210020000003,61.14340500283642,30
173.20571329999984,30.778210020000003,61.14047588440902,30
173.2377637999998,30.778210020000003,61.13754152908596,30
173.27008229999956,30.778210020000003,61.13458263725876,30
173.3021302999996,30.778210020000003,61.13164851082099,30
173.3337862999997,30.914396790000005,55.17535603461702,30
173.36576739999964,30.914396790000005,61.076736761413365,30
173.39779629999975,30.914396790000005,61.073291217490144,30
173.42975639999986,30.914396790000005,61.06985307480212,30
173.46180550000008,30.914396790000005,61.06640535784182,30
173.50977779999994,30.914396790000005,61.06124468523843,30
173.5417183999998,30.914396790000005,61.05780864028425,30
173.5738277999999,30.914396790000005,61.054354436485546,30
173.6057867999998,31.05058356,55.153500321740545,30
173.63768399999935,31.05058356,60.998396014847486,30
173.66964430000007,31.05058356,60.994445783582385,30
173.70175430000018,31.05058356,60.990477049686895,30
173.73372889999973,31.05058356,60.986525050969576,30
173.7657036999999,30.914396790000005,66.87709923121422,30
173.7977377999996,30.914396790000005,61.02770514241765,30
173.82969739999953,30.914396790000005,61.02426705351771,30
173.86171490000015,30.914396790000005,61.0208227359619,30
173.9097726,30.778210020000003,64.95404274068206,30
173.94166959999984,30.778210020000003,61.06156847258709,30
173.97369470000012,30.778210020000003,61.058636442738646,30
174.00586750000002,30.778210020000003,61.055690890346725,30
174.03780619999998,30.778210020000003,61.052766770774284,30
174.0697368000001,30.778210020000003,61.0498433927902,30
174.10189779999928,30.778210020000003,61.04689892073695,30
174.13375149999956,30.778210020000003,61.043982583264686,30
174.1657439999999,30.778210020000003,61.04105353808055,30
174.19768099999965,30.778210020000003,61.03812957415013,30
174.2297310999993,30.778210020000003,61.03519525544875,30
174.26173740000013,30.778210020000003,61.032264946817726,30
174.30971659999977,30.778210020000003,61.02787225338344,30
174.34169939999992,30.914396790000005,55.131880037380974,30
174.37368919999972,30.914396790000005,60.97292441219665,30
174.4057745,30.914396790000005,60.96947280098177,30
174.4378031999995,30.914396790000005,60.96602727857383,30
174.46971799999938,30.914396790000005,60.96259400908286,30
174.50170650000018,30.914396790000005,60.95915281123372,30
174.53366240000014,30.914396790000005,60.955715120365305,30
174.56579899999997,31.05058356,55.087162127068545,30
174.59781529999964,31.459143870000005,43.238872232979496,30
174.62969789999988,31.59533064,54.837079896958485,30
174.66176170000017,31.59533064,60.69391561768798,30
174.70973479999975,31.59533064,60.684911740473254,30
174.74164990000008,31.459143870000005,66.58438233109264,30
174.7736877999996,31.459143870000005,60.7219992324829,30
174.80573829999958,31.459143870000005,60.7164973159411,30
174.83762599999955,31.322957100000004,66.6215161317942,30
174.86968650000017,31.322957100000004,60.7546102082678,30
174.9017417999994,31.18677033,66.62946770794052,30
174.9336857999997,31.05058356,66.69390284149,30
174.96578150000005,31.05058356,60.838351300624716,30
174.9977156999994,30.914396790000005,66.73636217784441,30
175.0297615999998,30.778210020000003,66.76109147174645,30
175.06173059999946,30.778210020000003,60.925186953968236,30
175.1098575999995,30.64202325,64.85357097851114,30
175.1418367999995,30.64202325,60.967202279513046,30
175.1736925999994,30.505836480000006,66.88115846633758,30
175.20566839999992,30.505836480000006,61.01146956870633,30
175.2377609999994,30.369649710000004,66.88262952262423,30
175.2697336000001,30.369649710000004,61.05674940722384,30
175.30169859999933,30.369649710000004,61.05535930687328,30
175.33372520000012,30.369649710000004,61.05396652764945,30
175.3657272999999,30.369649710000004,61.05257481388659,30
175.39769999999953,30.369649710000004,61.05118437867685,30
175.42971399999988,30.505836480000006,55.16242347028233,30
175.46169159999954,30.505836480000006,60.99931030859524,30
175.50976489999994,30.505836480000006,60.99644945814181,30
175.541698,30.505836480000006,60.99454911380069,30
175.57372899999973,30.505836480000006,60.99264294341354,30
175.60569380000015,30.369649710000004,66.88709562651889,30
175.63784039999973,30.369649710000004,61.037920772776175,30
175.66983639999944,30.233462940000003,66.92718244300517,30
175.70171189999928,30.233462940000003,61.08423238240298,30
175.73365060000015,30.233462940000003,61.08335514677924,30
175.76570399999946,30.233462940000003,61.08247476077913,30
175.79772950000006,30.09727617,66.96686735808298,30
175.82967519999966,30.09727617,61.12980857685838,30
175.8617790999997,29.961089400000006,67.00046102626257,30
175.90973889999987,29.961089400000006,61.178241004694286,30
175.94165499999963,29.824902630000004,67.08366422170037,30
175.9737252999994,29.824902630000004,61.22762502355966,30
176.00570679999964,29.688715860000002,67.12158544018668,30
176.03767789999984,29.55252909,67.173235686123,30
176.0696723000001,29.416342320000005,67.21924070130069,30
176.10176319999937,30.09727617,32.012185964538965,30
176.1337466999994,29.961089400000006,67.02874726384405,30
176.16576859999986,29.961089400000006,61.184536052604955,30
176.1978270999998,29.824902630000004,67.06394744692683,30
176.22973899999943,29.824902630000004,61.23391974187526,30
176.26171179999983,29.688715860000002,67.1294702258373,30
176.3096700999995,29.55252909,65.23136276384002,30
176.34170019999965,29.416342320000005,67.21986741149568,30
176.37369989999934,29.416342320000005,61.386209740018,30
176.40569030000006,29.280155550000003,67.28008207898394,30
176.43763949999993,29.14396878,67.3389005371036,30
176.46973329999946,29.14396878,61.491500509349265,30
176.50174100000004,29.00778201,67.38324180193682,30
176.53378489999977,29.00778201,61.54704326932675,30
176.5657855999998,29.00778201,61.55077875994236,30
176.59770690000005,29.00778201,61.55450498207464,30
176.62969069999963,28.871595240000005,67.45111984225974,30
176.66171510000004,28.735408470000003,67.4965408964186,30
176.70969739999964,28.735408470000003,61.66678581587766,30
176.74169859999984,28.735408470000003,61.67154680958002,30
176.77372190000006,28.735408470000003,61.67631109122037,30
176.80570269999953,28.735408470000003,61.681069049902945,30
176.8378659,28.735408470000003,61.68585414523216,30
176.8697175999996,28.735408470000003,61.69059289700105,30
176.90172949999942,28.735408470000003,61.69535548260093,30
176.93372980000004,28.735408470000003,61.70011634240543,30
176.96583849999934,28.735408470000003,61.70489332947113,30
176.99788819999958,28.735408470000003,61.709661538784,30
177.02975009999955,28.735408470000003,61.71440180806278,30
177.06185939999978,28.735408470000003,61.7191788843939,30
177.1098220999993,28.735408470000003,61.72631455782629,30
177.1417352999997,28.735408470000003,61.73106245928697,30
177.1737405999993,28.871595240000005,55.8468683669865,30
177.20582789999935,28.871595240000005,61.691505057512884,30
177.23772729999928,28.871595240000005,61.695739814548304,30
177.26979839999967,29.00778201,55.82302326651054,30
177.30183409999972,29.00778201,61.655157180459106,30
177.33370560000003,29.00778201,61.658877589361296,30
177.36569619999955,29.00778201,61.662611900988395,30
177.3977135999994,29.00778201,61.666349341020506,30
177.42976610000005,29.14396878,55.78973487225587,30
177.46184170000015,29.14396878,61.62474173462991,30
177.5097520999998,29.14396878,61.62956676970782,30
177.54172219999964,29.14396878,61.63278646426152,30
177.57380620000004,29.14396878,61.63601762963361,30
177.60581249999996,29.14396878,61.63924096987322,30
177.63775879999957,29.14396878,61.64245826753947,30
177.6697992999998,29.280155550000003,55.76314508627248,30
177.70180009999967,29.280155550000003,61.59981585158369,30
177.73372169999948,29.416342320000005,55.698251105048826,30
177.76592569999957,29.416342320000005,61.55615315616305,30
177.7977562999995,29.416342320000005,61.55833882370999,30
177.8298565999994,29.55252909,55.68887023562188,30
177.8617624999997,29.55252909,61.51364242401114,30
177.90980219999983,29.55252909,61.51617140851408,30
177.94175730000006,29.688715860000002,55.6197237845971,30
177.97384069999953,29.688715860000002,61.47045068609048,30
178.0057928999995,29.688715860000002,61.471620828807914,30
178.03776349999953,29.824902630000004,55.57749752268665,30
178.0697215,29.824902630000004,61.42487181936412,30
178.10173059999943,29.824902630000004,61.425531196920126,30
178.13371259999985,29.824902630000004,61.426190016224524,30
178.16579159999947,29.688715860000002,67.30238971791103,30
178.19776249999995,29.688715860000002,61.47660154893495,30
178.2297523999996,29.688715860000002,61.477773072289075,30
178.26185089999944,29.688715860000002,61.478948572755876,30
178.30984720000015,29.688715860000002,61.480706277105156,30
178.34175689999938,29.688715860000002,61.481874863401856,30
178.37369529999978,29.688715860000002,61.483044500740334,30
178.4056069999997,29.688715860000002,61.48421316028039,30
178.4377059999997,29.688715860000002,61.485388679058005,30
178.46988599999986,29.688715860000002,61.4865671641904,30
178.50166059999992,29.688715860000002,61.48773080290039,30
178.53372630000013,29.688715860000002,61.48890510217663,30
178.5656831999995,29.55252909,67.38787582152776,30
178.59772179999982,29.55252909,61.540339976837885,30
178.6297111999993,29.14396878,79.21759903564474,30
178.66171349999968,29.14396878,61.69098230895798,30
178.70976749999954,29.14396878,61.69582180592806,30
178.74172579999959,29.14396878,61.699040312109034,30
178.77372749999995,29.14396878,61.70226318908472,30
178.8056859999997,29.14396878,61.705481715407565,30
178.8376376999995,29.14396878,61.70869955690543,30
178.8697401999998,29.14396878,61.71193258540429,30
178.90178250000008,29.14396878,61.71515955118792,30
178.93365189999986,29.14396878,61.71836910428938,30
178.96573409999928,29.14396878,61.721600088384186,30
178.99769399999968,29.14396878,61.724818755700475,30
179.02967199999966,29.14396878,61.72803924585967,30
179.0617433999996,29.14396878,61.731269142291325,30
179.10978069999965,29.00778201,65.67614827173769,30
179.1417193999996,29.00778201,61.788670781817004,30
179.1737702999999,29.00778201,61.792412132355345,30
179.20588789999965,29.00778201,61.79616126888657,30
179.23776309999994,29.00778201,61.79988210969542,30
179.26978150000014,29.00778201,61.803619666459085,30
179.30163829999947,29.00778201,61.80733835940768,30
179.33363819999977,29.00778201,61.8110737566381,30
179.3656744,29.00778201,61.81481339122298,30
179.3977249999998,29.00778201,61.818554706741814,30
179.42967659999977,29.00778201,61.822284465839374,30
179.46170379999967,29.00778201,61.82602304984046,30
179.50972079999974,28.871595240000005,65.77331420984022,30
179.54161999999997,28.871595240000005,61.88469812401475,30
179.57366739999998,28.871595240000005,61.88895252856834,30
179.60572689999935,28.871595240000005,61.89320853943923,30
179.63768019999952,29.00778201,55.998991105943794,30
179.66964559999997,29.00778201,61.8526039481496,30
179.70179139999982,29.00778201,61.856356376509915,30
179.73363379999955,29.00778201,61.86007338852457,30
179.7657991999995,29.00778201,61.86382810482286,30
179.79772439999942,29.00778201,61.86755478220807,30
179.82978999999978,29.00778201,61.87129784869989,30
179.86178889999974,29.00778201,61.875033129198734,30
179.90954749999946,28.871595240000005,65.84335242580497,30
179.9416053999994,28.871595240000005,61.933694967848865,30
179.97366819999934,28.871595240000005,61.93795141680638,30
180.00566249999974,28.871595240000005,61.942198772149126,30
180.03768489999948,28.735408470000003,67.83228705947994,30
180.06970420000016,28.735408470000003,61.99979252525352,30
180.1016749999999,28.871595240000005,56.1092914455954,30
180.13376249999965,28.871595240000005,61.96023057003433,30
180.16573479999988,28.871595240000005,61.96447500480002,30
180.19779089999975,28.735408470000003,67.8484317015112,30
180.22968309999942,28.735408470000003,62.022054862275,30
180.2616969999999,28.735408470000003,62.02681774542593,30
180.3096900999999,28.735408470000003,62.03395794163281,30
180.34157479999976,27.918287850000006,97.50496727907792,30
180.37373810000008,27.918287850000006,62.33803927807793,30
180.4057482999997,27.782101080000004,68.23394056183805,30
180.43767329999991,27.782101080000004,62.40278776290496,30
180.4695955999996,27.782101080000004,62.41111722581003,30
180.50170479999997,27.782101080000004,62.41949545639861,30
180.53366329999972,27.782101080000004,62.42783436494383,30
180.56572509999933,27.918287850000006,56.557535665386496,30
180.59769640000013,27.918287850000006,62.39545062050534,30
180.6296911999998,27.918287850000006,62.40328638096372,30
180.66168689999995,27.918287850000006,62.41112236183879,30
180.70974389999992,27.918287850000006,62.422891872520246,30
180.74168819999977,27.918287850000006,62.43071526515942,30
180.77367049999975,28.05447462,56.54539254273486,30
180.80579059999945,28.190661390000002,56.529237920277296,30
180.83769029999985,28.190661390000002,62.355531177195346,30
180.86967169999934,28.190661390000002,62.36233884564487,30
180.90172970000003,28.190661390000002,62.36916281942847,30
180.93391189999966,28.326848160000004,56.51915824506724,30
180.96570340000017,28.326848160000004,62.33368957282457,30
180.99766499999987,28.326848160000004,62.33998093868913,30
181.0297084999993,28.463034930000006,56.46429460321447,30
181.06177070000012,28.735408470000003,50.54632290815966,30
181.10977120000007,28.735408470000003,62.213488635454986,30
181.1417705999993,28.871595240000005,56.32821692014491,30
181.1738153999995,28.5992217,73.93743919276923,30
181.20573539999987,28.5992217,62.276343822405664,30
181.2377964999996,28.5992217,62.28162740983553,30
181.26977589999933,28.463034930000006,68.18058291442782,30
181.3017089999994,28.463034930000006,62.341249949839764,30
181.33375519999936,28.5992217,56.465542144096446,30
181.36580259999937,29.00778201,44.6598945251663,30
181.3977329999998,29.00778201,62.16173563286077,30
181.42968219999966,29.00778201,62.16546511180264,30
181.46169800000007,29.00778201,62.16920236506437,30
181.50969759999953,29.00778201,62.17480543172699,30
181.54169249999995,29.00778201,62.178540245299764,30
181.57375909999973,29.00778201,62.18228342852306,30
181.60569849999956,28.5992217,79.88902672388146,30
181.6376599999994,28.5992217,62.33701189017835,30
181.66971749999993,28.5992217,62.34229488433751,30
181.70174119999956,28.5992217,62.34757230834283,30
181.7337176000001,28.5992217,62.35284193742905,30
181.76570869999978,28.5992217,62.35811398903761,30
181.79768319999948,28.5992217,62.36338330500855,30
181.8297023999994,28.5992217,62.36865998742539,30
181.86182279999957,29.00778201,44.76986581637965,30
181.9097469999997,29.00778201,62.23380595943983,30
181.94168639999953,29.14396878,56.336529307617454,30
181.9736796999996,29.14396878,62.192178674402044,30
182.0057072999998,29.14396878,62.1954041597552,30
182.03768489999948,29.14396878,62.198624609630535,30
182.06975069999953,29.14396878,62.20185394208869,30
182.10182799999984,29.14396878,62.205084432706755,30
182.13380890000008,29.14396878,62.20830521492368,30
182.16577939999934,29.14396878,62.211524949761156,30
182.19774189999953,29.14396878,62.21474387892225,30
182.2297509,29.14396878,62.21796749107771,30
182.26177089999965,29.14396878,62.221192211038186,30
182.30968049999956,29.14396878,62.2260171655485,30
182.3416084999999,29.14396878,62.229232620229965,30
182.37371919999987,29.14396878,62.232466474547145,30
182.40577529999973,29.00778201,68.11539596732473,30
182.43772209999952,29.00778201,62.288003549699134,30
182.46972089999963,29.00778201,62.291738818524834,30
182.5016939999996,28.871595240000005,68.19030809110915,30
182.53366649999953,28.871595240000005,62.34829373963318,30
182.5656911999995,28.871595240000005,62.3525451306823,30
182.59768729999996,29.00778201,56.46615786351297,30
182.62965739999981,28.871595240000005,68.20733163921382,30
182.6617112999993,28.871595240000005,62.36477949449216,30
182.70969139999943,28.871595240000005,62.37114902075397,30
182.7416508999995,28.735408470000003,68.27271635074051,30
182.7737174999993,28.735408470000003,62.428740452960895,30
182.80569039999955,29.416342320000005,32.95912938337496,30
182.8377144999995,29.416342320000005,62.19280525184878,30
182.86970569999994,29.416342320000005,62.19500194709262,30
182.90167500000007,29.280155550000003,68.09272899131764,30
182.93378659999962,29.280155550000003,62.24849472241212,30
182.96573329999956,29.280155550000003,62.25120021119926,30
182.9977162999994,29.14396878,68.14693628884595,30
183.0297069999997,29.00778201,68.1973298014813,30
183.06172309999965,29.00778201,62.358024654134766,30
183.1098320000001,28.871595240000005,66.29789169800165,30
183.1416822000001,28.871595240000005,62.41670542343427,30
183.17363959999966,28.735408470000003,68.31865677673294,30
183.20574440000019,28.735408470000003,62.47430222643585,30
183.23774439999943,28.735408470000003,62.479063041607496,30
183.26976589999958,28.5992217,68.36982830522774,30
183.30170309999994,28.5992217,62.537669190908304,30
183.33366859999933,28.5992217,62.54293702370216,30
183.36570479999955,28.463034930000006,68.43153945719445,30
183.39774919999945,28.463034930000006,62.602589959450974,30
183.42968949999977,28.463034930000006,62.60836538597165,30
183.46175690000018,28.463034930000006,62.61416379464063,30
183.50966609999978,28.463034930000006,62.62282670839723,30
183.54171119999955,28.5992217,56.746918496804696,30
183.57370290000017,28.5992217,62.58531389073158,30
183.60571170000003,28.5992217,62.59058885925497,30
183.6376937999994,28.5992217,62.59585942768644,30
183.6696990999999,28.5992217,62.60113381941888,30
183.7016893,28.5992217,62.6064057227098,30
183.73365190000004,28.735408470000003,56.71491569376415,30
183.765762,28.735408470000003,62.56787225020677,30
183.79768549999972,28.735408470000003,62.57262168405472,30
183.8296746999995,28.871595240000005,56.68548602272645,30
183.86170390000007,28.871595240000005,62.53305443197096,30
183.90969479999967,29.00778201,58.59562260889187,30
183.94169580000016,29.00778201,62.49432608988089,30
183.97373530000004,29.00778201,62.49806610967976,30
184.0057796000001,29.14396878,56.61995848818954,30
184.03773199999978,29.14396878,62.45644527005349,30
184.06966439999997,29.280155550000003,56.55737336461477,30
184.10174490000009,29.280155550000003,62.41380044897039,30
184.1337786999993,29.416342320000005,56.532753258750766,30
184.1656841999993,29.416342320000005,62.370124961146665,30
184.1976866999994,29.688715860000002,50.59338914412561,30
184.2297037999997,29.688715860000002,62.276337627750124,30
184.26174739999988,29.688715860000002,62.2775111176876,30
184.30967859999964,29.688715860000002,62.27926643796654,30
184.34175999999934,29.688715860000002,62.280441312202896,30
184.37375239999983,29.688715860000002,62.281612927111205,30
184.40572429999975,29.688715860000002,62.2827837912754,30
184.4376969999994,29.55252909,68.17886482277859,30
184.4696954000001,29.55252909,62.334217381431955,30
184.50171229999978,29.55252909,62.33590286747647,30
184.53377790000013,29.688715860000002,56.4596172006497,30
184.5657745999997,29.55252909,68.18070833803951,30
184.59770899999967,29.688715860000002,56.43852150178815,30
184.62973030000012,29.688715860000002,62.293037831036266,30
184.66161490000013,29.55252909,68.20526816236482,30
184.70967549999932,29.55252909,62.34531235590611,30
184.74169589999929,29.55252909,62.34699802620335,30
184.77370549999978,29.55252909,62.34868312794936,30
184.80571400000008,29.55252909,62.35036817178733,30
184.83766490000016,29.688715860000002,56.4531514605058,30
184.86969649999992,29.688715860000002,62.30464539855056,30
184.9016957999993,29.55252909,68.19586796067806,30
184.93366950000018,29.55252909,62.35607908873004,30
184.9657116999997,29.688715860000002,56.47553543450188,30
184.99767359999987,29.688715860000002,62.31035710652121,30
185.02964619999966,29.824902630000004,56.41659957446387,30
185.0617575999995,29.961089400000006,56.393951223559625,30
185.1097753999993,30.09727617,58.27362948514187,30
185.14168719999998,30.233462940000003,56.25998402365375,30
185.17370169999958,30.369649710000004,56.22931621601166,30
185.20568420000018,30.369649710000004,62.06662399583853,30
185.23768349999955,30.505836480000006,56.1751817093129,30
185.26981499999965,30.64202325,56.148722647017024,30
185.3016850999993,30.778210020000003,56.05002399767639,30
185.33365199999935,30.914396790000005,56.01627966399627,30
185.36580049999975,31.05058356,55.99727092342404,30
185.3977047999997,30.369649710000004,91.34490494718064,30
185.4297047,30.505836480000006,56.15924229041958,30
185.4617675999998,30.64202325,56.12023221365846,30
185.50972459999957,30.778210020000003,57.99993932488954,30
185.54163359999984,31.05058356,50.08157884461363,30
185.57369579999977,31.18677033,55.91503017983142,30
185.60575999999946,31.322957100000004,55.8623373705703,30
185.63769890000003,31.322957100000004,61.68701490500516,30
185.66969609999978,31.459143870000005,55.79160075546095,30
185.70170359999975,31.59533064,55.73940738501149,30
185.7336962999998,31.731517410000002,55.682122694492975,30
185.76569609999933,31.731517410000002,61.5182812436457,30
185.79769080000005,31.867704180000004,55.62087319822484,30
185.82966010000018,32.003890950000006,55.560628668514575,30
185.86170739999943,32.14007772,55.51872499207558,30
185.90972189999957,32.27626449,57.39747029122372,30
185.94160009999996,32.27626449,61.281986950161794,30
185.9736941000001,32.412451260000005,55.40057657367383,30
186.0057128999997,32.548638030000006,55.32923122786324,30
186.0376514999998,32.548638030000006,61.15756929219969,30
186.0697339999997,32.6848248,55.27304642736206,30
186.1017253,32.6848248,61.08926491134431,30
186.13377880000007,32.82101157,55.19896635366215,30
186.1657037999994,32.82101157,61.019965570317304,30
186.19768339999973,32.957198340000005,55.11570323291001,30
186.22969490000014,32.957198340000005,60.94963678388237,30
186.26173279999966,33.09338511,55.05547724346217,30
186.3097044999995,33.09338511,60.87245315855353,30
186.34171909999986,33.22957188,54.973542900741315,30
186.37373359999947,33.22957188,60.80005940668746,30
186.40563549999933,33.22957188,60.78793829149238,30
186.43771019999986,33.365758650000004,54.899431531786036,30
186.46967399999994,33.365758650000004,60.71451494498532,30
186.50168669999948,33.365758650000004,60.70183882475787,30
186.5336698000001,33.501945420000006,54.79616518268053,30
186.56568830000015,33.501945420000006,60.627404657699635,30
186.59771550000005,33.365758650000004,66.49917209032652,30
186.62979600000017,33.365758650000004,60.650085747604734,30
186.66180050000003,33.365758650000004,60.637412874344335,30
186.7096206999995,33.365758650000004,60.61847743295692,30
186.7417117999994,33.365758650000004,60.60577026855544,30
186.7736635000001,33.22957188,66.49187055902881,30
186.80563470000016,33.22957188,60.62954870498714,30
186.83766509999987,33.22957188,60.61737876626429,30
186.86968539999998,33.22957188,60.60521266503257,30
186.9016787999999,33.22957188,60.59305678444606,30
186.93373389999942,33.22957188,60.58087746096735,30
186.96567820000018,33.22957188,60.568740235907505,30
186.99768069999936,33.22957188,60.55658089777961,30
187.02973239999938,33.22957188,60.54440286612947,30
187.06165059999967,33.22957188,60.53227555775522,30
187.10972260000017,33.22957188,60.51401061900027,30
187.1416961999994,33.22957188,60.501862261416775,30
187.17381209999985,33.22957188,60.48965983700001,30
187.20571259999997,33.22957188,60.47753925373433,30
187.23767529999986,33.09338511,66.36213412617005,30
187.26970509999956,33.22957188,54.61782782166097,30
187.30190260000018,33.22957188,60.441504004056156,30
187.33372359999976,33.22957188,60.4294136267865,30
187.3657591000001,33.22957188,60.41724175032029,30
187.39768079999976,33.09338511,66.30936287949675,30
187.42969919999996,33.09338511,60.442038098170705,30
187.46170119999988,33.09338511,60.43039168519542,30
187.50965279999946,33.09338511,60.4129407716143,30
187.54168169999957,33.09338511,60.40128456898489,30
187.57374249999975,33.09338511,60.3896167570631,30
187.60565609999958,33.09338511,60.378002515292984,30
187.6376683999997,33.09338511,60.366352353862716,30
187.6697439999998,33.09338511,60.35467915581159,30
187.70172079999975,33.09338511,60.34304191381332,30
187.73373569999967,33.09338511,60.33139080617123,30
187.76558459999978,33.09338511,60.319800110520596,30
187.79769189999934,33.09338511,60.30811537596284,30
187.82974509999985,33.09338511,60.29645032989115,30
187.86171229999945,33.09338511,60.28481658159854,30
187.90979470000002,33.09338511,60.26731806627915,30
187.94168829999944,33.09338511,60.25571110306238,30
187.9736759999996,33.09338511,60.24406989425254,30
188.00565409999945,32.957198340000005,66.12635515951109,30
188.03770739999982,32.957198340000005,60.26985892486566,30
188.069657,32.957198340000005,60.25874347732633,30
188.1017482999996,33.09338511,54.37427301555968,30
188.13378180000018,33.09338511,60.18734077009078,30
188.16579449999972,33.09338511,60.17569046308966,30
188.1976913999997,33.09338511,60.16408229891142,30
188.2296570999997,33.09338511,60.15244909651015,30
188.26186899999993,33.09338511,60.14072629511892,30
188.30960349999987,33.09338511,60.12335439023268,30
188.34171509999942,33.09338511,60.111668090785976,30
188.37371389999953,33.09338511,60.10002284237913,30
188.40566659999968,33.22957188,54.18982518705562,30
188.43769449999945,33.22957188,60.02764751807026,30
188.46965980000004,33.22957188,60.01550231406818,30
188.50168630000007,33.365758650000004,54.11824386976638,30
188.5336628999994,33.365758650000004,59.942092984956474,30
188.5657014999997,33.501945420000006,54.046520699662814,30
188.59763999999996,33.501945420000006,59.86766891174096,30
188.62969329999942,33.63813219,53.974252690833424,30
188.66185039999982,33.77431896,53.93073175234543,30
188.70966749999934,33.77431896,59.72230621740046,30
188.74156409999978,33.910505730000004,53.799285632589886,30
188.77363629999945,33.910505730000004,59.64481084458377,30
188.80569190000006,33.910505730000004,59.63006336135073,30
188.8377230999995,34.046692500000006,53.73109344332844,30
188.8697099000001,34.046692500000006,59.551519658943064,30
188.90167310000015,34.046692500000006,59.53630257168234,30
188.93375039999955,34.18287927,53.64518349528862,30
188.96568709999974,34.18287927,59.45673514302491,30
188.99771039999996,34.31906604,53.55530320431181,30
189.0296531999993,34.31906604,59.37616642299911,30
189.0617302999999,34.31906604,59.359867233202145,30
189.10973639999975,34.31906604,59.33547411364659,30
189.14174279999952,34.455252810000005,53.43045585755982,30
189.1736975999993,34.455252810000005,59.25388309881965,30
189.2057946999994,34.455252810000005,59.2370594876469,30
189.23764549999942,34.455252810000005,59.220364973976224,30
189.2697122999998,34.31906604,65.08131283340929,30
189.30172579999999,34.31906604,59.2358700636744,30
189.33376979999957,34.31906604,59.219587692829236,30
189.36557689999972,34.72762635,41.42738848239977,30
189.39768860000004,34.72762635,59.039838853635985,30
189.4297259999994,34.72762635,59.02201992935099,30
189.4616929999993,34.72762635,59.00424016093571,30
189.5096380999994,34.72762635,58.97757351174583,30
189.5417979999993,34.59143958,64.82056859802235,30
189.57371049999983,34.59143958,58.991029483116705,30
189.60569609999948,34.59143958,58.97375184196043,30
189.6376838999995,34.59143958,58.956473012431346,30
189.6696750000001,34.59143958,58.939192400343046,30
189.70167729999957,34.59143958,58.921905738358504,30
189.73374499999954,34.455252810000005,64.78217575327679,30
189.76580359999934,34.455252810000005,58.93636002444451,30
189.79793319999953,34.455252810000005,58.91951937848157,30
189.82978039999944,34.31906604,64.8207734713868,30
189.86166539999977,34.31906604,58.93520134663739,30
189.9100983999997,34.18287927,62.81884761963082,30
189.94168609999997,34.046692500000006,64.91004955329686,30
189.97372170000017,34.046692500000006,58.977209263976114,30
190.00570419999985,34.046692500000006,58.96198298834319,30
190.0376612,33.910505730000004,64.84455095534683,30
190.0696571999997,33.910505730000004,58.98062672211376,30
190.10176729999966,33.910505730000004,58.965854165638376,30
190.13370229999964,33.910505730000004,58.95116216558104,30
190.16566449999937,33.77431896,64.83328821807791,30
190.19766869999967,33.63813219,64.85998101732334,30
190.2296824999994,33.63813219,59.00570088746316,30
190.2617606999993,33.501945420000006,64.86765510918688,30
190.3096775999993,33.501945420000006,59.0208093387494,30
190.341727,33.365758650000004,64.88852523069184,30
190.37379109999983,33.22957188,64.92173453127515,30
190.40572479999992,33.09338511,64.98198410677297,30
190.4377039000001,33.63813219,35.54191322438635,30
190.46974390000014,33.501945420000006,64.79147829701476,30
190.50159949999943,33.365758650000004,64.86070141818188,30
190.53364030000012,33.22957188,64.86267666568928,30
190.56563909999932,33.09338511,64.90675462524399,30
190.5976499999997,32.957198340000005,64.94147568067756,30
190.62969209999937,32.82101157,64.97322145758665,30
190.6616712999994,32.6848248,65.02266063520007,30
190.70969960000002,32.412451260000005,67.0438873704001,30
190.74168329999975,32.27626449,65.14383961203237,30
190.77365409999948,32.14007772,65.18621426328271,30
190.80570480000006,32.003890950000006,65.21214883446083,30
190.83766860000014,31.731517410000002,71.16558494303553,30
190.86971660000017,31.59533064,65.34431169866947,30
190.9017275999995,31.459143870000005,65.3936241028152,30
190.9337184999995,31.459143870000005,59.54879538795799,30
190.96573420000004,31.322957100000004,65.43035811604399,30
190.99770110000009,31.459143870000005,53.69093213628406,30
191.02972729999965,31.322957100000004,65.4179717446498,30
191.06173940000008,31.18677033,65.46413889732365,30
191.1097878999999,31.05058356,63.557428448200795,30
191.1416352999995,31.05058356,59.663193459485875,30
191.17365979999977,30.914396790000005,65.54468975138211,30
191.20567049999954,30.778210020000003,65.59234126996944,30
191.23763849999978,30.778210020000003,59.75002271296728,30
191.26967429999968,30.64202325,65.63048549945066,30
191.30168199999935,30.505836480000006,65.6817691002508,30
191.3336245999999,30.369649710000004,65.74034786790432,30
191.36567809999997,30.369649710000004,59.8871128776097,30
191.39765420000003,30.233462940000003,65.78001084992381,30
191.42969999999968,30.233462940000003,59.93342035631579,30
191.46168859999943,30.233462940000003,59.932541750127264,30
191.50970499999949,30.09727617,63.87295761733821,30
191.54169899999943,30.09727617,59.979692009507005,30
191.57357469999988,30.09727617,59.979327215858525,30
191.6056798999998,30.09727617,59.978959795753454,30
191.63768170000003,29.961089400000006,65.86818795407683,30
191.66962819999935,29.688715860000002,71.8267272893412,30
191.7017436999995,29.688715860000002,60.125650104437646,30
191.73383829999966,29.55252909,65.99953232652094,30
191.76566439999988,29.55252909,60.17708104135493,30
191.79770370000006,29.55252909,60.178767706616924,30
191.82974809999996,29.688715860000002,54.2986246408394,30
191.86164479999934,29.688715860000002,60.13304341724327,30
191.90965919999962,29.688715860000002,60.13480178444465,30
191.9416911999997,29.55252909,66.02006277689647,30
191.97374450000007,29.55252909,60.18624138650449,30
192.00572849999935,29.55252909,60.18792514057334,30
192.03765099999964,29.55252909,60.18960565705858,30
192.06967949999944,29.416342320000005,66.0760173158987,30
192.10164689999965,29.416342320000005,60.24206589335548,30
192.13375279999946,29.280155550000003,66.11492764910723,30
192.16571349999958,29.280155550000003,60.29555745764256,30
192.19765049999933,29.14396878,66.19970687122054,30
192.22968839999976,29.00778201,66.23307963283874,30
192.26176169999962,29.00778201,60.40238945471007,30
192.30970849999994,29.00778201,60.4079863579481,30
192.34164369999962,28.871595240000005,66.31348881188795,30
192.3736527000001,28.871595240000005,60.464541093201575,30
192.4056658999998,28.871595240000005,60.4687909575854,30
192.43758290000005,29.00778201,54.56791607067601,30
192.46961229999943,29.00778201,60.42818959975897,30
192.50174549999974,29.00778201,60.4319405573021,30
192.53370099999938,29.00778201,60.43567077165258,30
192.56567749999977,29.00778201,60.439403437365236,30
192.59772749999956,29.00778201,60.44314468284515,30
192.62970979999955,29.00778201,60.44687802560064,30
192.66169569999965,29.00778201,60.450611788589626,30
192.7096461000001,29.00778201,60.456209112061174,30
192.74164689999998,28.871595240000005,66.34972152066099,30
192.7736372999998,28.871595240000005,60.51277008672914,30
192.80565620000016,28.5992217,72.28997114516432,30
192.83766769999966,28.463034930000006,66.50727859963506,30
192.86963879999985,28.463034930000006,60.673813772799456,30
192.90168279999943,28.190661390000002,72.44341356765986,30
192.93364079999992,28.05447462,66.68116838225473,30
192.96571659999972,28.05447462,60.839488920975526,30
192.99765949999983,27.918287850000006,66.74716397180993,30
193.02966299999935,27.782101080000004,66.79249993315179,30
193.06157749999966,27.645914310000002,66.86569259429363,30
193.10978539999996,27.50972754,64.94832407376315,30
193.14171469999928,27.373540770000005,66.98309919926533,30
193.1736209999999,27.237354000000003,67.0457553331676,30
193.2056864999995,27.10116723,67.07567034832309,30
193.23761789999935,26.96498046,67.15961909114127,30
193.26967460000014,26.828793690000005,67.19676371304752,30
193.30166479999934,26.692606920000003,67.26939846606118,30
193.3337504000001,26.692606920000003,61.43874937430765,30
193.36570200000006,26.55642015,67.34995246826455,30
193.39766529999997,26.42023338,67.40933826671036,30
193.4296734999998,26.42023338,61.57476720328007,30
193.46167090000017,26.284046610000004,67.47864040623861,30
193.50968699999976,26.147859840000002,65.5995717171836,30
193.5417394999995,26.147859840000002,61.72117390170535,30
193.57370179999998,26.01167307,67.63247126134053,30
193.6057594999993,26.147859840000002,55.91986882891341,30
193.63776759999928,26.147859840000002,61.76520525969317,30
193.66954780000015,26.147859840000002,61.77960782260096,30
193.70167849999962,26.147859840000002,61.79416922964058,30
193.73362469999938,26.01167307,67.70840638313423,30
193.7656766,26.01167307,61.87226401266417,30
193.7976050999996,26.01167307,61.8872453416504,30
193.82964259999972,26.01167307,61.90227781506456,30
193.86169569999947,26.01167307,61.91731760823149,30
193.90967550000005,26.01167307,61.93983044687129,30
193.94163229999958,26.147859840000002,56.05700634822747,30
193.9736468000001,26.147859840000002,61.92075587084983,30
194.00563580000016,26.147859840000002,61.935253060447295,30
194.0376486999994,26.147859840000002,61.949761081356144,30
194.06964089999929,26.147859840000002,61.964259721171,30
194.10171609999998,26.147859840000002,61.97879597600191,30
194.13367669999934,26.284046610000004,56.0961569812115,30
194.16567010000017,26.284046610000004,61.95868889048482,30
194.1976870999997,26.284046610000004,61.97268579397729,30
194.22972750000008,26.42023338,56.10413475498787,30
194.2615754999997,26.42023338,61.951526411827295,30
194.30963549999979,25.603112760000002,85.60098938966487,30
194.34167739999975,25.739299530000004,56.39907201759621,30
194.3736404000001,25.739299530000004,62.24879954809418,30
194.40564910000012,25.875486300000006,56.37650881418077,30
194.43768619999992,25.875486300000006,62.231811015097314,30
194.46964109999954,25.875486300000006,62.2473167119009,30
194.5016627999994,26.01167307,56.3768900286615,30
194.53367650000018,26.147859840000002,56.3418737715304,30
194.5656513999993,26.147859840000002,62.19520911711216,30
194.59769359999973,26.284046610000004,56.32749994458418,30
194.6297115999996,26.284046610000004,62.17514845915395,30
194.66166710000016,26.42023338,56.291061834918644,30
194.70969799999966,26.42023338,62.16076873383326,30
194.74163700000008,26.55642015,56.27314153685696,30
194.77368769999975,26.692606920000003,56.257943276907184,30
194.80569089999972,26.692606920000003,62.1024999458846,30
194.83782319999955,26.828793690000005,56.24912861602284,30
194.86964249999983,26.828793690000005,62.07829328793814,30
194.90158650000012,26.828793690000005,62.09021105433432,30
194.93371419999949,26.96498046,56.2354903469754,30
194.96569259999978,26.96498046,62.06503493152634,30
194.99765429999934,26.96498046,62.07644721200049,30
195.02968019999935,27.10116723,56.20268309194759,30
195.06168979999984,27.237354000000003,56.16204870620697,30
195.10970279999947,27.237354000000003,62.017246179554455,30
195.14172079999935,27.645914310000002,44.36773467088616,30
195.1737137,27.645914310000002,61.890776322342134,30
195.20569369999976,27.373540770000005,73.686784676412,30
195.2376704999997,27.373540770000005,62.00667050442218,30
195.26978659999986,27.373540770000005,62.0165942252783,30
195.3019776000001,27.373540770000005,62.02654108987519,30
195.3337216,27.373540770000005,62.036349833616,30
195.36576530000002,27.373540770000005,62.04625118321934,30
195.39772379999977,27.373540770000005,62.05612620643126,30
195.4298076999994,27.373540770000005,62.066039977641665,30
195.4617533999999,27.373540770000005,62.0759110457152,30
195.50970879999932,27.373540770000005,62.090729034298356,30
195.5417177999998,27.50972754,56.212339010383694,30
195.5736853999997,27.50972754,62.06140654665899,30
195.60569759999998,27.50972754,62.07078526431131,30
195.63760529999945,27.645914310000002,56.173314555753294,30
195.6697764999999,27.645914310000002,62.0404660774314,30
195.70165869999983,27.645914310000002,62.04929589281792,30
195.73367270000017,27.645914310000002,62.05816221038034,30
195.76576179999938,27.782101080000004,56.19334430818862,30
195.79772309999953,27.782101080000004,62.026808916613774,30
195.82966489999944,27.645914310000002,67.93570876106001,30
195.8616551999994,27.645914310000002,62.09258091093629,30
195.9096485,27.645914310000002,62.10587271573008,30
195.94163729999946,27.50972754,68.00669998452332,30
195.97364219999963,27.50972754,62.1726870755798,30
196.00561029999972,27.918287850000006,44.49479893381939,30
196.0376738999994,27.918287850000006,62.044171150623875,30
196.06963610000003,27.918287850000006,62.051998927104115,30
196.1017766999994,27.918287850000006,62.05987039504846,30
196.13378430000012,27.918287850000006,62.067709290320686,30
196.16566349999994,27.918287850000006,62.07551673949385,30
196.19784459999937,27.918287850000006,62.08339812618434,30
196.22976560000006,27.918287850000006,62.091215812483355,30
196.26178699999946,27.50972754,79.75711652167374,30
196.30969709999954,27.50972754,62.258831358734554,30
196.34163480000007,27.50972754,62.26818824988128,30
196.37365119999959,27.918287850000006,44.616775105616924,30
196.40602380000018,27.50972754,79.60784956035612,30
196.43768949999958,27.918287850000006,44.44003400986988,30
196.4696960000001,27.918287850000006,62.15690963640779,30
196.50185729999976,27.918287850000006,62.164786173933564,30
196.53374199999962,27.918287850000006,62.17259497009694,30
196.56568900000002,27.918287850000006,62.18041902398599,30
196.59768239999994,27.918287850000006,62.18825444157419,30
196.6296586999997,27.918287850000006,62.1960856712473,30
196.66168259999995,27.918287850000006,62.20392855850859,30
196.70963459999984,27.918287850000006,62.215672353922315,30
196.7418004000001,27.918287850000006,62.22354999353112,30
196.77372819999982,27.918287850000006,62.23136934519962,30
196.8056235999993,27.782101080000004,68.14825852152993,30
196.83762659999957,27.782101080000004,62.29610822782894,30
196.8697059999995,27.645914310000002,68.17994491657998,30
196.90166520000002,27.50972754,68.25928920903799,30
196.93365619999986,27.373540770000005,68.31142631187613,30
196.96570809999957,27.373540770000005,62.478342553465204,30
196.99764969999978,27.237354000000003,68.38881428661352,30
197.02965689999928,27.10116723,68.43580196276514,30
197.06167019999975,27.10116723,62.6066894566212,30
197.10970029999953,26.96498046,66.56369411513386,30
197.14172249999956,26.96498046,62.6833389395296,30
197.17365999999947,26.828793690000005,68.59609570335094,30
197.20569350000005,26.828793690000005,62.755271357042375,30
197.23765129999992,26.828793690000005,62.76719427198512,30
197.2696879999994,26.828793690000005,62.77914662318393,30
197.30176819999997,26.828793690000005,62.791115203497796,30
197.33365479999975,26.828793690000005,62.803011554924126,30
197.36564670000007,27.50972754,33.35793840084647,30
197.39763869999933,27.50972754,62.58142753069498,30
197.42964969999957,27.50972754,62.590805896779415,30
197.4617177,27.50972754,62.60020096233805,30
197.5097367999997,27.50972754,62.61426927319489,30
197.54164450000007,27.50972754,62.62361737514463,30
197.57364909999978,27.645914310000002,56.74391044157255,30
197.60565739999947,27.50972754,68.48168826014772,30
197.6376153000001,27.50972754,62.651221473627594,30
197.66968329999963,27.50972754,62.660616539185966,30
197.70167889999993,27.50972754,62.66999039348266,30
197.73374049999984,27.50972754,62.67938358401246,30
197.76575629999934,27.50972754,62.688763356368185,30
197.79771919999985,27.50972754,62.698127630440304,30
197.82963719999952,27.50972754,62.707478750014126,30
197.8616793000001,27.50972754,62.71686622756613,30
197.90962049999962,27.50972754,62.730911715808254,30
197.94161759999952,27.50972754,62.740286009564684,30
197.97362359999988,27.50972754,62.749662910783,30
198.00563090000014,27.50972754,62.75904019286648,30
198.03772709999976,27.645914310000002,56.896026963615284,30
198.0696369999996,27.645914310000002,62.728700843934874,30
198.10167269999965,27.645914310000002,62.73757317133949,30
198.1336271,27.645914310000002,62.74642298260695,30
198.16563679999945,27.645914310000002,62.755288109278695,30
198.1975711999994,27.782101080000004,56.86221115463096,30
198.22967229999995,27.782101080000004,62.723930927666096,30
198.26164489999974,27.782101080000004,62.73227351531423,30
198.30967229999987,27.918287850000006,58.80396201142549,30
198.3416871999998,27.918287850000006,62.70381054101117,30
198.37363229999937,27.918287850000006,62.71163412957612,30
198.4056786000001,27.782101080000004,68.60096668371668,30
198.43764529999953,27.782101080000004,62.77640291470157,30
198.46962499999972,27.782101080000004,62.78474735494773,30
198.50170819999948,27.918287850000006,56.91834265497242,30
198.5336045999993,27.918287850000006,62.75235050796787,30
198.56564609999987,27.918287850000006,62.76019770559792,30
198.59762820000014,27.918287850000006,62.76803035573357,30
198.62965639999948,27.918287850000006,62.77587429609608,30
198.66167419999965,27.918287850000006,62.78371568942275,30
198.7097229000001,28.05447462,58.856364895105806,30
198.74161839999942,28.05447462,62.75394782590315,30
198.77362420000009,28.05447462,62.76127348428061,30
198.8056431999994,28.190661390000002,56.88214517607141,30
198.83758789999956,28.190661390000002,62.72682309393326,30
198.8697091999993,28.190661390000002,62.73366054196773,30
198.9016959999999,28.190661390000002,62.74046935987966,30
198.9337048999996,28.190661390000002,62.74728288207177,30
198.96567809999942,28.05447462,68.64890752555787,30
198.99763639999946,28.05447462,62.809981783934276,30
199.02966959999958,28.05447462,62.817313713769906,30
199.0616728999994,28.05447462,62.82463879993383,30
199.10970579999957,28.05447462,62.83563282652506,30
199.1416675999999,28.190661390000002,56.94604466376415,30
199.17365149999932,28.190661390000002,62.801178604637165,30
199.20562679999966,28.326848160000004,56.913550176455416,30
199.23759989999962,28.326848160000004,62.765700377946054,30
199.26980060000005,28.463034930000006,56.918520505522174,30
199.30158049999955,28.463034930000006,62.72920339410576,30
199.3337449999999,28.463034930000006,62.73501936034042,30
199.36585019999984,28.463034930000006,62.74082460398339,30
199.39774380000017,28.463034930000006,62.74659158623715,30
199.42966999999953,28.5992217,56.84893998108866,30
199.46163840000008,28.5992217,62.70905533437446,30
199.50966830000016,28.5992217,62.716970539276964,30
199.54156890000013,28.735408470000003,56.81410513261209,30
199.5736323000001,28.735408470000003,62.67842089487989,30
199.6056920000001,28.735408470000003,62.683190591947465,30
199.63767889999963,28.735408470000003,62.68794945816044,30
199.66962280000007,28.871595240000005,56.79252131119211,30
199.7016221999993,28.871595240000005,62.648372236288644,30
199.73365659999945,29.00778201,56.76897414246091,30
199.76566249999996,29.00778201,62.60778183955284,30
199.79769149999993,29.00778201,62.61152063367069,30
199.82970309999928,29.14396878,56.72745100725647,30
199.86175749999984,29.280155550000003,56.68989641077234,30
199.9096338999998,29.280155550000003,62.525381816231395,30
199.94167089999974,29.280155550000003,62.52809495230722,30
199.97364969999944,29.280155550000003,62.53080315956575,30
200.0056396,29.280155550000003,62.53351230685651,30
200.03759290000016,29.280155550000003,62.53621835458172,30
200.06963279999945,29.280155550000003,62.53893173625149,30
200.10176689999935,29.14396878,68.40720143775538,30
200.1336541999999,29.14396878,62.59344522179838,30
200.16564169999947,29.280155550000003,56.70446127867962,30
200.19760049999968,29.280155550000003,62.550794760522244,30
200.2296464000001,29.416342320000005,56.67195166883542,30
200.26161950000005,29.416342320000005,62.507124745347674,30
200.30958969999938,29.55252909,58.56493544852249,30
200.34170819999963,29.55252909,62.463274986932326,30
200.37366389999988,29.55252909,62.46495725118629,30
200.4056211999996,29.416342320000005,68.36436679755793,30
200.43763409999974,29.55252909,56.62984643572225,30
200.46972839999944,29.55252909,62.47052645479787,30
200.50164700000005,29.55252909,62.47220676597295,30
200.53365959999974,29.55252909,62.47389202564981,30
200.56572779999988,29.688715860000002,56.59807908497226,30
200.5976284999997,29.688715860000002,62.428168754358424,30
200.62961129999985,29.688715860000002,62.42934001769876,30
200.6615267999996,29.688715860000002,62.43050881640113,30
200.70954019999954,29.688715860000002,62.432267146980834,30
200.74163669999962,29.688715860000002,62.4334425742043,30
200.77366249999977,29.688715860000002,62.43461541227619,30
200.80570979999993,29.55252909,68.31709122555193,30
200.83772979999958,29.55252909,62.48605406675054,30
200.8697062000001,29.688715860000002,56.59350370460419,30
200.90165179999985,29.688715860000002,62.44032907790316,30
200.9336859999994,29.688715860000002,62.44150222359698,30
200.9656742999996,29.824902630000004,56.55061442974427,30
200.9977375999997,29.824902630000004,62.39475574791512,30
201.0297241999997,29.961089400000006,56.50304486559674,30
201.06176549999964,29.961089400000006,62.34698293073934,30
201.10972189999939,30.09727617,58.40059817787255,30
201.14161369999965,30.233462940000003,56.38826396370986,30
201.1736135000001,30.369649710000004,56.358587977767705,30
201.20566969999982,30.369649710000004,62.19857472131195,30
201.2376488,30.505836480000006,56.30344379785909,30
201.26983779999955,30.64202325,56.29106206402241,30
201.30187109999952,29.961089400000006,91.51494458900069,30
201.33388550000018,29.961089400000006,62.33873128397831,30
201.36573020000014,29.961089400000006,62.33887706002346,30
201.39776849999998,29.961089400000006,62.33902372231475,30
201.42964829999983,30.09727617,56.42722438319445,30
201.4615522999993,30.09727617,62.2902278454004,30
201.50966419999986,30.09727617,62.289677240534104,30
201.54171119999955,30.09727617,62.28931048648471,30
201.57373300000017,30.233462940000003,56.402997454910285,30
201.60563920000004,30.233462940000003,62.239488706622545,30
201.63762099999985,30.233462940000003,62.23861028720437,30
201.66963320000013,30.233462940000003,62.23773103281284,30
201.7016724999994,30.233462940000003,62.23685103408657,30
201.73360859999957,30.233462940000003,62.23597386987502,30
201.7655939999995,30.369649710000004,56.34250633220932,30
201.79764149999937,30.369649710000004,62.18512327541438,30
201.82964769999944,30.369649710000004,62.18373138334988,30
201.86163810000016,30.369649710000004,62.18234017839893,30
201.90965249999954,30.369649710000004,62.18025211851239,30
201.9417083999997,30.505836480000006,56.29912055018331,30
201.97366939999938,30.505836480000006,62.1283765428234,30
202.00569319999977,30.505836480000006,62.12647080090947,30
202.03765629999998,30.505836480000006,62.12456867126311,30
202.06960639999943,30.505836480000006,62.12266731524907,30
202.10163550000016,30.505836480000006,62.1207612579312,30
202.13371180000013,30.505836480000006,62.11885239173315,30
202.16562189999968,30.505836480000006,62.116953416126066,30
202.19761999999992,30.64202325,56.224779460268515,30
202.22964189999948,30.64202325,62.064051929247846,30
202.26164100000005,30.64202325,62.06163496852085,30
202.30956179999976,30.778210020000003,58.10851607039177,30
202.34161889999996,30.778210020000003,62.00624674344337,30
202.37364269999944,30.778210020000003,62.003314832615374,30
202.4056383999996,30.778210020000003,62.00038549445808,30
202.43760219999967,30.914396790000005,56.10092122892934,30
202.46966929999962,30.914396790000005,61.945431381585045,30
202.50160789999973,30.914396790000005,61.94199555178302,30
202.5337572999997,30.914396790000005,61.938537044940624,30
202.5657696999997,30.914396790000005,61.93509327602295,30
202.59781399999974,31.05058356,56.04979787382776,30
202.62954999999965,31.05058356,61.87914423547804,30
202.66161029999967,31.05058356,61.87518164440642,30
202.7096345,31.05058356,61.86924594617083,30
202.74180230000002,31.18677033,56.00581522448689,30
202.7737621999995,31.18677033,61.812226515383706,30
202.8057130999996,31.322957100000004,55.9088668066392,30
202.8377534000001,31.322957100000004,61.754200877456846,30
202.86973679999937,31.322957100000004,61.74922291673788,30
202.90175699999963,31.459143870000005,55.858001003788026,30
202.93370820000018,31.459143870000005,61.69017541248299,30
202.9656957999996,31.459143870000005,61.68468429360592,30
202.9976657999996,31.459143870000005,61.67919619601487,30
203.02995529999953,31.59533064,55.8360977977941,30
203.06186919999982,31.59533064,61.619080200578104,30
203.10970219999945,31.59533064,61.61010261816605,30
203.1416838999994,31.59533064,61.60410010217438,30
203.17372969999997,31.59533064,61.598085555512704,30
203.20582299999933,31.59533064,61.59206209376828,30
203.2377323999999,31.731517410000002,55.67956641266161,30
203.26976139999988,31.731517410000002,61.5309714157955,30
203.30173319999994,31.731517410000002,61.5244585065803,30
203.33360639999955,31.731517410000002,61.51796568296716,30
203.36569659999986,31.731517410000002,61.51142865473294,30
203.39772639999956,31.731517410000002,61.50490393045784,30
203.42973679999977,31.867704180000004,55.610357888205776,30
203.46175700000003,31.867704180000004,61.442768574073284,30
203.50973169999997,31.867704180000004,61.43222709787044,30
203.54174559999956,31.867704180000004,61.42519268671194,30
203.57378289999997,31.867704180000004,61.41815313387351,30
203.6057381999999,32.003890950000006,55.51303834988436,30
203.6376956999993,32.003890950000006,61.35501965251964,30
203.6696998999996,32.003890950000006,61.34747460231462,30
203.70168769999964,32.003890950000006,61.33993341844045,30
203.73362319999978,32.14007772,55.430684934979055,30
203.76568700000007,32.14007772,61.275754149496166,30
203.7976982,32.14007772,61.26769456644789,30
203.8296735999993,32.14007772,61.25964399690358,30
203.86172949999946,32.14007772,61.25157315956419,30
203.90964259999964,32.14007772,61.23950989393989,30
203.94162589999996,32.14007772,61.23145733538191,30
203.97421399999985,32.14007772,61.22325250399992,30
204.00575489999937,32.14007772,61.21531133019313,30
204.03767379999954,32.003890950000006,67.11203838146585,30
204.06972659999974,32.003890950000006,61.24829580070056,30
204.10174779999943,32.003890950000006,61.2407467427138,30
204.13359129999935,32.003890950000006,61.23323957783543,30
204.1656382000001,32.14007772,55.34430947736975,30
204.1976267,32.14007772,61.169051219855106,30
204.2296110999996,32.14007772,61.16099838434609,30
204.26162139999997,32.14007772,61.15293902789417,30
204.3096091999996,32.14007772,61.14085695476346,30
204.3416828999998,32.14007772,61.13278163584953,30
204.3739532999998,32.14007772,61.12465679301947,30
204.40571649999947,32.27626449,55.183192315853155,30
204.4375782999996,32.27626449,61.059552364998794,30
204.46961180000017,32.27626449,61.0509739275233,30
204.50165079999988,32.27626449,61.042394017171,30
204.53360650000013,32.27626449,61.033836414210576,30
204.56566469999962,32.27626449,61.02525136217856,30
204.59763589999966,32.27626449,61.01668960838293,30
204.62961089999953,32.27626449,61.00812683696324,30
204.6616811999993,32.27626449,60.99953854460169,30
204.70965809999961,32.27626449,60.98669053121216,30
204.74161370000002,32.412451260000005,55.08009461670841,30
204.7736457000001,32.412451260000005,60.92046379283034,30
204.80569829999968,32.27626449,66.7917045080384,30
204.83766319999995,32.27626449,60.95138609259643,30
204.86965280000004,32.27626449,60.942819411357654,30
204.90166189999945,32.27626449,60.93424750810053,30
204.93369819999953,32.14007772,66.80897305903119,30
204.9656645999994,32.14007772,60.96619922077233,30
204.99767669999983,32.14007772,60.958139411127476,30
205.0296840000001,32.14007772,60.95008080999713,30
205.0616928999998,32.003890950000006,66.83032069994432,30
205.1098132999996,32.003890950000006,60.97925609598549,30
205.14159310000014,32.412451260000005,43.180582970626304,30
205.17355119999957,32.412451260000005,60.81696838926024,30
205.20563309999943,32.412451260000005,60.80786297513343,30
205.23766999999953,32.412451260000005,60.79877033280734,30
205.26965219999965,32.412451260000005,60.78969321531466,30
205.3016074999996,32.548638030000006,54.88253048351781,30
205.3336062999997,32.548638030000006,60.722451313969415,30
205.36573169999974,32.548638030000006,60.712818841478935,30
205.3977215999994,32.548638030000006,60.70322699727717,30
205.42964029999985,32.548638030000006,60.69365650166667,30
205.46165649999966,32.548638030000006,60.684056771678954,30
205.50969299999997,32.6848248,56.72954741301533,30
205.5416097999996,32.6848248,60.61073666430462,30
205.57363589999932,32.6848248,60.60062084459562,30
205.60564849999992,32.6848248,60.59050928901984,30
205.63763329999983,32.6848248,60.5804065144007,30
205.66963609999948,32.6848248,60.570298054270275,30
205.70156339999994,32.548638030000006,66.4634362225921,30
205.7335161000001,32.6848248,54.7006410247173,30
205.7656238999998,32.6848248,60.54049071896716,30
205.7976295999997,32.6848248,60.530381342837636,30
205.8297247999999,32.6848248,60.520243697082165,30
205.86177599999974,32.6848248,60.51011994924341,30
205.90952199999992,32.6848248,60.495038814549154,30
205.94162079999933,32.6848248,60.48490003169166,30
205.97355759999937,32.6848248,60.47481241843605,30
206.00568339999973,32.548638030000006,66.3317161843231,30
206.0376581999999,32.548638030000006,60.50365842821168,30
206.06962010000007,32.548638030000006,60.49407497952326,30
206.10172409999996,32.412451260000005,66.35545064368387,30
206.13373499999943,32.412451260000005,60.52394394878347,30
206.16567570000007,32.412451260000005,60.51487860972914,30
206.19761259999996,32.27626449,66.40727742016077,30
206.22961010000017,32.27626449,60.545823163328,30
206.26164139999946,32.27626449,60.53724531500366,30
206.3096526999998,32.82101157,44.75579553705606,30
206.34163799999988,32.82101157,60.31843207098463,30
206.37371299999995,32.82101157,60.30778690085427,30
206.40563819999988,32.82101157,60.29719144690434,30
206.4377211000001,32.82101157,60.28654365489262,30
206.4696802999997,32.6848248,66.17331640864037,30
206.50163659999998,32.6848248,60.31442111259801,30
206.5336784000001,32.6848248,60.30430033385954,30
206.56569320000017,32.548638030000006,66.18141087111157,30
206.59755270000005,32.548638030000006,60.33321419737489,30
206.62962059999973,32.412451260000005,66.2011546187213,30
206.66164219999973,32.27626449,66.24907339737234,30
206.70956250000017,32.27626449,60.398836487493256,30
206.74163009999938,32.27626449,60.390248918180575,30
206.77360469999985,32.27626449,60.38168625387905,30
206.80561549999948,32.14007772,66.26106620334234,30
206.8376905999994,32.14007772,60.41361701896668,30
206.86967899999945,32.14007772,60.40556317636215,30
206.9016372999995,32.14007772,60.39751691215047,30
206.9336586999998,32.14007772,60.38945476100884,30
206.9656003,32.14007772,60.38141270142042,30
206.99764009999944,32.14007772,60.37334591764019,30
207.02967350000017,32.14007772,60.36528074521226,30
207.06171230000018,32.003890950000006,66.2400637056079,30
207.1096848999996,32.27626449,52.503907237202675,30
207.14158619999944,32.27626449,60.28827172243402,30
207.17363169999953,32.14007772,66.16131985523536,30
207.20563499999935,32.14007772,60.320211828331374,30
207.23755129999972,32.003890950000006,66.21741655545634,30
207.2696151,32.003890950000006,60.35319431852296,30
207.30168349999985,31.867704180000004,66.22309891059224,30
207.33370399999967,31.867704180000004,60.38717798953226,30
207.36567620000005,31.867704180000004,60.38015274111055,30
207.39763499999935,31.459143870000005,78.06548850605753,30
207.42966290000004,31.731517410000002,48.743696516137156,30
207.46163869999964,31.731517410000002,60.40969442370273,30
207.5096180999999,31.59533064,64.34465680825399,30
207.5416580000001,31.59533064,60.44274184357543,30
207.57366869999987,31.322957100000004,72.2126749812642,30
207.60560279999936,31.322957100000004,60.528921183908714,30
207.63766059999944,31.18677033,66.40332358801733,30
207.66969009999957,31.18677033,60.568039231418126,30
207.70163859999957,31.18677033,60.56357858060777,30
207.7336310999999,31.18677033,60.55911178651565,30
207.76566559999992,31.05058356,66.43827168763652,30
207.79765619999944,31.05058356,60.59926432681131,30
207.8295865,31.05058356,60.5953178034882,30
207.86157000000003,31.18677033,54.69842854869683,30
207.90970920000018,31.18677033,60.53606515018001,30
207.94161540000005,31.18677033,60.53161040529732,30
207.97355809999954,31.18677033,60.52715056428326,30
208.0056367999996,31.322957100000004,54.647078361898885,30
208.03782989999945,31.322957100000004,60.469081253208,30
208.06974739999987,31.322957100000004,60.46411354929744,30
208.10184279999976,31.322957100000004,60.45911815667305,30
208.13386029999947,31.322957100000004,60.45413488856143,30
208.16584599999987,31.459143870000005,54.556622357868804,30
208.1981925,31.459143870000005,60.395025447940895,30
208.23006900000019,31.59533064,54.477001175488546,30
208.26172379999934,31.59533064,60.335035596236445,30
208.3099070999997,31.59533064,60.32599226743328,30
208.34176829999979,31.731517410000002,54.404644459865224,30
208.37376940000013,31.731517410000002,60.264917091634054,30
208.4059615999995,31.731517410000002,60.2583592851911,30
208.4378053999999,32.003890950000006,48.41472576122846,30
208.4697368999996,31.867704180000004,66.04964507858847,30
208.50179320000007,31.867704180000004,60.18872609764243,30
208.53374819999954,31.867704180000004,60.181704628575275,30
208.56572719999986,31.867704180000004,60.17467788599022,30
208.59766049999962,31.867704180000004,60.1676611850619,30
208.62962919999973,31.867704180000004,60.16063670569491,30
208.66175769999973,31.731517410000002,66.02013926390241,30
208.70968240000002,31.731517410000002,60.19239515280942,30
208.74168250000002,31.731517410000002,60.18587647865979,30
208.77365740000005,31.59533064,66.0738708603331,30
208.80557270000008,31.459143870000005,66.12737501142885,30
208.83753999999954,31.459143870000005,60.2650407349104,30
