Tiempo,Altura,Senal_de_Control,Set_value
0.10331959999984974,-1.9066147800000002,100.0,30
0.13402549999955227,0.0,100.0,30
0.16600000000016735,0.0,100.0,30
0.21400530000028084,0.0,100.0,30
0.2459286000002976,0.0,100.0,30
0.27791849999994156,0.0,100.0,30
0.31003270000019256,0.0,100.0,30
0.3419166000003315,0.0,100.0,30
0.3739408999999796,0.0,100.0,30
0.4059263999997711,0.0,100.0,30
0.4378257999997004,0.0,100.0,30
0.4698646999995617,0.0,100.0,30
0.5020315000001574,0.0,100.0,30
0.5339708999999857,0.0,100.0,30
0.5659138999999413,0.0,100.0,30
0.6138284999997268,0.0,100.0,30
0.6458985999997822,0.0,100.0,30
0.677915700000085,0.0,100.0,30
0.7099336000001131,0.0,100.0,30
0.741954899999655,0.0,100.0,30
0.773991400000341,0.0,100.0,30
0.8059717999994973,0.0,100.0,30
0.8379095000000234,0.0,100.0,30
0.8699381999995239,0.0,100.0,30
0.9019651999997222,0.0,100.0,30
0.9339621999997689,0.0,100.0,30
0.9659657000001971,0.0,100.0,30
1.0150434999995923,0.0,100.0,30
1.0459969000003184,0.0,100.0,30
1.0779978000000483,0.0,100.0,30
1.1100567000003139,0.0,100.0,30
1.1420514000001276,0.0,100.0,30
1.1740300999999818,0.0,100.0,30
1.2060093999998571,0.0,100.0,30
1.2379195000003165,0.0,100.0,30
1.2699896000003719,0.0,100.0,30
1.3019545999995898,0.0,100.0,30
1.3339241000003312,0.0,100.0,30
1.3660769999996774,0.0,100.0,30
1.4139777999998842,0.0,100.0,30
1.445886999999857,0.0,100.0,30
1.4778980999999476,0.0,100.0,30
1.509979899999962,0.0,100.0,30
1.5419302000000243,0.0,100.0,30
1.573924100000113,0.0,100.0,30
1.6059293999996953,0.0,100.0,30
1.6379094000003533,0.0,100.0,30
1.6698281999997562,0.0,100.0,30
1.7019897000000128,0.0,100.0,30
1.7339730000003328,0.0,100.0,30
1.7659476999997423,0.0,100.0,30
1.8139548999997714,0.0,100.0,30
1.8459698999995453,0.0,100.0,30
1.8779005999995206,0.0,100.0,30
1.9099238999997397,0.0,100.0,30
1.941976999999497,0.0,100.0,30
1.9739386000001105,0.0,100.0,30
2.006148899999971,0.0,100.0,30
2.037960099999509,0.0,100.0,30
2.0699930999999197,0.0,100.0,30
2.1019423999996434,0.0,100.0,30
2.1339609999995446,0.0,100.0,30
2.165976299999784,0.0,100.0,30
2.2139649000000645,0.0,100.0,30
2.2459390000003623,0.0,100.0,30
2.2779379000003246,0.0,100.0,30
2.3099678999997195,0.0,100.0,30
2.341927100000248,0.0,100.0,30
2.373989900000197,0.0,100.0,30
2.4059778999999253,0.0,100.0,30
2.4378773999997065,0.0,100.0,30
2.470036099999561,0.0,100.0,30
2.502017099999648,0.0,100.0,30
2.5339397999996436,0.0,100.0,30
2.5659090999997716,0.0,100.0,30
2.6139922000002116,0.0,100.0,30
2.6459956999997303,0.0,100.0,30
2.677856000000247,0.0,100.0,30
2.709978500000034,0.0,100.0,30
2.741911500000242,0.0,100.0,30
2.7739700000001903,0.0,100.0,30
2.8059469999998328,0.0,100.0,30
2.8378670000001875,0.0,100.0,30
2.869927099999586,0.0,100.0,30
2.901901199999884,0.0,100.0,30
2.9339755999999397,0.0,100.0,30
2.9658940999997867,0.0,100.0,30
3.0139749999998457,0.0,100.0,30
3.0459270000001197,0.0,100.0,30
3.0778365999995003,0.0,100.0,30
3.1099312999995163,0.0,100.0,30
3.1420163000002503,0.0,100.0,30
3.17396540000027,0.0,100.0,30
3.205984399999579,0.1361867699999999,100.0,30
3.237901800000145,0.1361867699999999,100.0,30
3.2700525999998717,0.27237354,100.0,30
3.302000599999701,0.40856031000000015,100.0,30
3.3339482999999746,0.40856031000000015,100.0,30
3.3658974999998463,0.54474708,100.0,30
3.414133199999924,0.68093385,100.0,30
3.4460511999996015,0.8171206200000001,100.0,30
3.4779538000002503,0.27237354,100.0,30
3.5099167999997007,0.54474708,100.0,30
3.5418742000001657,0.68093385,100.0,30
3.5739427999997133,0.9533073900000001,100.0,30
3.605968199999552,1.2256809300000002,100.0,30
3.6378396999998586,1.6342412400000002,100.0,30
3.669926800000212,1.9066147800000002,100.0,30
3.701976100000138,2.17898832,100.0,30
3.733863399999791,3.2684824800000003,100.0,30
3.765912799999569,3.6770427900000007,100.0,30
3.8139737000001332,4.0856031,100.0,30
3.8459278000000268,4.22178987,100.0,30
3.8778714999998556,4.22178987,100.0,30
3.909950899999785,4.766536950000001,100.0,30
3.9420454000000973,5.17509726,100.0,30
3.9738885999995546,5.719844340000001,100.0,30
4.00598220000029,6.26459142,100.0,30
4.037868600000365,6.809338500000001,100.0,30
4.069877400000223,7.3540855800000005,100.0,30
4.101894999999786,7.89883266,100.0,30
4.134123499999987,8.57976651,100.0,30
4.165977599999678,9.124513590000001,100.0,30
4.213930099999743,9.94163421,100.0,30
4.245918999999958,10.62256806,100.0,30
4.277921300000344,11.303501910000001,100.0,30
4.309925999999905,11.98443576,100.0,30
4.342066999999588,12.801556380000001,100.0,30
4.373977100000047,13.482490230000002,100.0,30
4.405910100000256,14.29961085,100.0,30
4.4379078000001755,14.980544700000001,100.0,30
4.469957999999679,15.797665320000002,100.0,30
4.501907900000333,16.478599170000003,100.0,30
4.533901599999808,17.295719790000003,100.0,30
4.566023899999891,18.112840410000004,100.0,30
4.613925099999506,18.929961030000005,100.0,30
4.645905299999868,19.747081650000002,100.0,30
4.677857099999528,20.564202270000003,100.0,30
4.709963100000095,21.381322890000003,100.0,30
4.741943299999548,22.198443510000004,97.26100584313724,30
4.774011399999836,23.015564130000005,94.05661125490195,30
4.8060373999996955,23.832684750000002,90.85221666666666,30
4.837875100000019,24.649805370000003,87.64782207843137,30
4.869934499999545,25.603112760000005,83.90936172549017,30
4.901971799999956,26.556420150000005,80.170901372549,30
4.933980099999644,27.509727540000004,76.43244101960784,30
4.965885900000103,28.599221700000005,72.15991490196076,30
5.013926800000263,29.416342320000005,68.95552031372546,30
5.045897899999545,30.505836480000003,64.68299419607843,30
5.077850599999692,31.459143870000005,60.944533843137236,30
5.109903100000338,32.412451260000005,57.206073490196054,30
5.141982199999802,33.365758650000004,53.46761313725489,30
5.173951200000374,34.18287927,50.263218549019605,30
5.205900199999633,35.13618666,46.52475819607843,30
5.237925000000359,36.08949405,42.78629784313726,30
5.269887100000233,37.04280144,39.04783749019609,30
5.301975299999867,37.996108830000004,35.309377137254884,30
5.333943599999657,38.94941622,31.570916784313713,30
5.365925000000061,39.90272361,27.832456431372538,30
5.413972299999841,40.856031,24.093996078431367,30
5.445991499999764,41.80933839,20.355535725490192,30
5.477981199999704,42.626459010000005,17.151141137254882,30
5.509895299999698,43.44357963,13.9467465490196,30
5.541995599999609,44.26070025,10.742351960784315,30
5.573937699999988,44.9416341,8.072023137254895,30
5.605871900000238,45.622567950000004,5.401694313725474,30
5.637896700000056,46.3035018,2.731365490196086,30
5.670003500000348,46.84824888,0.5951024313725495,30
5.701895600000171,47.39299596,0.0,30
5.733879299999899,47.93774304,0.0,30
5.76590380000016,48.210116580000005,0.0,30
5.813938000000235,48.61867689,0.0,30
5.845912900000258,48.89105043,0.0,30
5.877859100000023,49.163423970000004,0.0,30
5.909946499999933,49.43579751,0.0,30
5.9419465000000855,49.57198428,0.0,30
5.9739159000000654,49.708171050000004,0.0,30
6.005948600000011,49.708171050000004,0.0,30
6.0378889000003255,49.708171050000004,0.0,30
6.069893400000183,49.57198428,0.0,30
6.101915100000042,45.75875472,4.867628549019612,30
6.134008199999698,45.622567950000004,5.401694313725474,30
6.165923300000031,45.35019441,6.469825843137254,30
6.213867200000095,45.077820870000004,7.537957372548999,30
6.245957600000111,44.80544733,8.60608890196079,30
6.277834999999868,44.39688702,10.208286196078422,30
6.309927100000095,43.98832671,11.810483490196074,30
6.341951800000061,43.44357963,13.9467465490196,30
6.373957099999643,42.89883255,16.083009607843127,30
6.405987299999651,45.89494149,4.333562784313717,30
6.437905300000239,45.48638118,5.935760078431369,30
6.469936100000268,44.80544733,8.60608890196079,30
6.5019773000003624,44.124513480000005,11.276417725490179,30
6.533967600000324,43.579766400000004,13.412680784313705,30
6.565974899999674,42.76264578,16.61707537254902,30
6.613839999999982,42.081711930000004,19.287404196078413,30
6.645908399999826,41.26459131,22.491798784313723,30
6.67789029999949,40.44747069,25.696193372549008,30
6.709934100000282,39.494163300000004,29.43465372549018,30
6.742022700000234,38.67704268,32.639048313725496,30
6.773928699999487,37.72373529,36.377508666666664,30
6.8059682000002795,36.7704279,40.11596901960784,30
6.8378952000002755,35.81712051,43.854429372549006,30
6.869963500000267,34.72762635,48.126955490196075,30
6.901956300000165,33.77431896,51.86541584313724,30
6.933889799999633,32.6848248,56.13794196078431,30
6.965919199999917,31.731517410000006,59.876402313725464,30
7.013934200000222,30.642023250000005,64.14892843137252,30
7.045870799999648,29.552529090000004,68.42145454901959,30
7.077818300000217,28.463034930000003,72.69398066666666,30
7.109886399999596,27.373540770000005,76.96650678431371,30
7.142040699999598,26.420233380000003,80.7049671372549,30
7.1740717000002405,25.466925990000004,84.44342749019607,30
7.205974100000276,24.377431830000003,88.71595360784312,30
7.237899599999764,23.560311210000005,91.92034819607841,30
7.269891099999768,22.470817050000004,96.19287431372547,30
7.301949099999547,21.653696430000004,99.39726890196077,30
7.333927699999549,20.700389040000005,100.0,30
7.365904899999805,19.883268420000004,100.0,30
7.413906200000383,19.066147800000003,100.0,30
7.445952600000055,18.249027180000002,100.0,30
7.477853399999731,17.43190656,100.0,30
7.509889400000247,16.61478594,100.0,30
7.541958599999816,15.933852090000002,100.0,30
7.573953600000095,15.252918240000001,100.0,30
7.605876599999647,14.708171160000001,100.0,30
7.638104699999531,14.16342408,100.0,30
7.669965199999751,13.618677000000002,100.0,30
7.701910699999644,13.073929920000001,100.0,30
7.733928599999672,13.073929920000001,100.0,30
7.765955400000166,12.52918284,100.0,30
7.813948199999686,12.12062253,100.0,30
7.845874200000253,11.712062220000002,100.0,30
7.878003499999977,11.303501910000001,100.0,30
7.90994210000008,10.894941600000001,100.0,30
7.941848299999947,10.62256806,100.0,30
7.9738985000003595,10.35019452,100.0,30
8.005921199999648,10.07782098,100.0,30
8.037863399999878,9.805447440000002,100.0,30
8.06990289999976,9.669260670000002,100.0,30
8.101930900000298,9.396887130000001,100.0,30
8.134026599999743,9.260700360000001,100.0,30
8.16599690000021,9.260700360000001,100.0,30
8.213960199999747,9.260700360000001,100.0,30
8.245955299999878,9.260700360000001,100.0,30
8.277876699999979,9.260700360000001,100.0,30
8.309887899999922,9.260700360000001,100.0,30
8.341955799999596,9.260700360000001,100.0,30
8.374738100000286,9.396887130000001,100.0,30
8.405990100000054,9.396887130000001,100.0,30
8.438024000000041,9.669260670000002,100.0,30
8.469928100000288,9.805447440000002,100.0,30
8.50190719999955,10.07782098,100.0,30
8.533839300000182,10.21400775,100.0,30
8.565961399999651,10.48638129,100.0,30
8.613886999999522,10.894941600000001,100.0,30
8.645975299999918,11.167315140000001,100.0,30
8.677867499999593,11.439688680000001,100.0,30
8.709898500000236,11.84824899,100.0,30
8.741841299999578,12.2568093,100.0,30
8.773933299999953,12.66536961,100.0,30
8.805914900000062,12.66536961,100.0,30
8.837902299999769,13.754863770000002,100.0,30
8.86988889999975,14.16342408,100.0,30
8.901913699999568,14.708171160000001,100.0,30
8.933900199999698,15.252918240000001,100.0,30
8.965888599999744,15.797665320000002,100.0,30
9.013919500000156,16.3424124,100.0,30
9.045885300000009,17.023346250000003,100.0,30
9.07786539999961,17.704280100000002,100.0,30
9.109943899999962,18.249027180000002,100.0,30
9.142042599999513,18.657587490000004,100.0,30
9.17397549999987,19.202334570000005,100.0,30
9.205839500000366,19.883268420000004,100.0,30
9.237895600000229,20.700389040000005,100.0,30
9.269928699999582,21.381322890000003,100.0,30
9.301880299999539,22.062256740000002,97.79507160784313,30
9.333949199999552,22.879377360000003,94.59067701960782,30
9.36593720000019,23.696497980000004,91.38628243137254,30
9.397926300000108,24.513618600000004,88.18188784313725,30
9.445888399999603,25.466925990000004,84.44342749019607,30
9.477844899999582,26.284046610000004,81.23903290196077,30
9.509916400000293,27.101167230000005,78.03463831372547,30
9.541913699999895,27.918287850000006,74.83024372549016,30
9.573927200000071,28.871595240000005,71.091783372549,30
9.605947500000184,29.688715860000006,67.88738878431371,30
9.637924300000122,30.642023250000005,64.14892843137252,30
9.66992769999979,31.595330640000004,60.41046807843136,30
9.701920299999983,32.412451260000005,57.206073490196054,30
9.733986299999742,33.365758650000004,53.46761313725489,30
9.765955900000336,34.0466925,50.79728431372549,30
9.79790950000006,34.99999989,47.05882396078432,30
9.845938000000388,35.81712051,43.854429372549006,30
9.877977199999805,36.63424113,40.650034784313725,30
9.910056200000326,37.451361750000004,37.445640196078415,30
9.941974600000322,38.26848237,34.24124560784313,30
9.97378899999967,39.08560299,31.03685101960785,30
10.005916199999774,39.90272361,27.832456431372538,30
10.03787899999952,40.583657460000005,25.162127607843114,30
10.069905199999994,41.26459131,22.491798784313723,30
10.101948999999877,41.94552516,19.821469960784306,30
10.133990999999696,42.49027224,17.685206901960772,30
10.165960999999697,43.171206090000005,15.014878078431357,30
10.197887899999841,43.71595317,12.878615019607842,30
10.245902399999977,44.26070025,10.742351960784315,30
10.277940899999521,44.80544733,8.60608890196079,30
10.309910699999818,45.214007640000005,7.003891607843116,30
10.341931400000249,45.75875472,4.867628549019612,30
10.37391000000025,46.167315030000005,3.265431254901948,30
10.405914899999516,46.43968857,2.197299725490191,30
10.437867800000276,46.84824888,0.5951024313725495,30
10.469911500000308,47.120622420000004,0.0,30
10.501998800000365,47.39299596,0.0,30
10.53395189999992,47.665369500000004,0.0,30
10.565916300000026,47.80155627,0.0,30
10.597858399999495,47.93774304,0.0,30
10.645899500000269,47.93774304,0.0,30
10.677876099999594,47.93774304,0.0,30
10.709977700000309,47.93774304,0.0,30
10.74191140000039,47.80155627,0.0,30
10.773962100000062,47.52918273,0.0,30
10.805947699999706,47.39299596,0.0,30
10.837992499999928,47.120622420000004,0.0,30
10.870163499999762,46.84824888,0.5951024313725495,30
10.901970699999765,46.43968857,2.197299725490191,30
10.933831499999542,46.167315030000005,3.265431254901948,30
10.965939400000025,45.622567950000004,5.401694313725474,30
10.9978844999996,45.214007640000005,7.003891607843116,30
11.045921300000373,44.669260560000005,9.140154666666653,30
11.077903100000185,43.98832671,11.810483490196074,30
11.109864600000037,43.30739286,14.480812313725494,30
11.141974199999822,42.626459010000005,17.151141137254882,30
11.173966000000291,41.94552516,19.821469960784306,30
11.205979999999727,41.128404540000005,23.025864549019587,30
11.237887999999657,40.31128392,26.230259137254897,30
11.269966199999544,39.494163300000004,29.43465372549018,30
11.301953899999717,38.40466914,33.70717984313724,30
11.333956200000102,37.451361750000004,37.445640196078415,30
11.366012399999818,36.498054360000005,41.18410054901959,30
11.397919000000002,35.68093374,44.3884951372549,30
11.445893699999942,34.86381312,47.59288972549018,30
11.477973199999724,33.77431896,51.86541584313724,30
11.51005299999997,32.82101157,55.60387619607843,30
11.542081200000212,31.867704180000004,59.34233654901959,30
11.573810500000036,30.914396790000005,63.08079690196075,30
11.605940599999485,29.961089400000006,66.81925725490194,30
11.637876300000244,29.007782010000003,70.55771760784313,30
11.66989999999987,27.918287850000006,74.83024372549016,30
11.701930199999879,26.964980460000003,78.56870407843137,30
11.733930899999905,25.875486300000002,82.84123019607841,30
11.76589630000035,24.922178910000003,86.57969054901959,30
11.79799759999969,23.832684750000002,90.85221666666666,30
11.84593169999971,23.015564130000005,94.05661125490195,30
11.877925900000264,22.062256740000002,97.79507160784313,30
11.909914500000014,21.108949350000003,100.0,30
11.94191359999968,20.428015500000004,100.0,30
11.973896700000296,19.610894880000004,100.0,30
12.005915300000197,18.793774260000003,100.0,30
12.037847599999623,17.976653640000002,100.0,30
12.069992099999581,17.295719790000003,100.0,30
12.101923899999747,16.478599170000003,100.0,30
12.134178899999824,15.797665320000002,100.0,30
12.165888900000027,15.252918240000001,100.0,30
12.197905400000309,14.57198439,100.0,30
12.245870099999593,14.02723731,100.0,30
12.277884099999937,13.482490230000002,100.0,30
12.309892199999922,12.937743150000001,100.0,30
12.34187159999965,12.52918284,100.0,30
12.373927999999978,11.98443576,100.0,30
12.405897599999662,11.575875450000002,100.0,30
12.437873099999706,11.303501910000001,100.0,30
12.469928999999865,10.894941600000001,100.0,30
12.501885200000288,10.62256806,100.0,30
12.53393959999994,10.35019452,100.0,30
12.565871699999661,10.21400775,100.0,30
12.597873300000174,9.94163421,100.0,30
12.645919200000208,9.805447440000002,100.0,30
12.67786950000027,9.669260670000002,100.0,30
12.709951799999544,9.533073900000002,100.0,30
12.741897799999606,9.396887130000001,100.0,30
12.774336200000107,9.260700360000001,100.0,30
12.80603020000035,9.124513590000001,100.0,30
12.837855499999932,9.124513590000001,100.0,30
12.870013400000062,8.988326820000001,100.0,30
12.901958299999933,9.124513590000001,100.0,30
12.934102899999743,9.124513590000001,100.0,30
12.965906200000063,9.260700360000001,100.0,30
12.997866200000317,9.260700360000001,100.0,30
13.045908000000054,9.396887130000001,100.0,30
13.07786810000016,9.533073900000002,100.0,30
13.109885300000315,9.805447440000002,100.0,30
13.141995899999529,9.94163421,100.0,30
13.173978499999976,10.21400775,100.0,30
13.205925799999932,10.48638129,100.0,30
13.23786839999957,10.75875483,100.0,30
13.269798000000264,11.031128370000001,100.0,30
13.301935299999968,11.439688680000001,100.0,30
13.33391279999978,11.84824899,100.0,30
13.365884499999993,12.12062253,100.0,30
13.397917899999811,12.52918284,100.0,30
13.445886999999857,13.073929920000001,100.0,30
13.477925199999845,13.482490230000002,100.0,30
13.509936899999957,13.89105054,100.0,30
13.54186000000027,14.43579762,100.0,30
13.57397889999993,14.980544700000001,100.0,30
13.605991399999766,15.525291780000002,100.0,30
13.637814300000173,16.206225630000002,100.0,30
13.66984500000035,16.750972710000003,100.0,30
13.701907200000278,17.295719790000003,100.0,30
13.733863499999643,17.840466870000004,100.0,30
13.765974400000232,18.385213950000004,100.0,30
13.797977500000343,18.929961030000005,100.0,30
13.845954200000051,19.338521340000003,100.0,30
13.877878799999962,20.155641960000004,100.0,30
13.909912000000077,20.972762580000005,100.0,30
13.941895899999508,21.789883200000002,98.8632031372549,30
13.97389579999981,22.607003820000003,95.6588085490196,30
14.005898200000047,23.424124440000003,92.4544139607843,30
14.037922599999547,24.377431830000003,88.71595360784312,30
14.069872000000032,25.194552450000003,85.51155901960783,30
14.101894000000357,26.147859840000002,81.77309866666667,30
14.133903699999792,26.964980460000003,78.56870407843137,30
14.16596969999955,28.054474620000004,74.29617796078429,30
14.19793639999989,29.007782010000003,70.55771760784313,30
14.245934300000044,29.961089400000006,66.81925725490194,30
14.277782699999989,30.914396790000005,63.08079690196075,30
14.309895200000028,31.867704180000004,59.34233654901959,30
14.341823400000067,32.957198340000005,55.06981043137253,30
14.373921000000337,33.77431896,51.86541584313724,30
14.405893099999957,34.86381312,47.59288972549018,30
14.437922899999649,35.81712051,43.854429372549006,30
14.469906700000138,36.7704279,40.11596901960784,30
14.501856799999587,37.72373529,36.377508666666664,30
14.533903200000168,38.67704268,32.639048313725496,30
14.565915000000132,39.76653684,28.36652219607843,30
14.597898899999564,40.71984423,24.628061843137257,30
14.645907199999783,41.67315162,20.889601490196082,30
14.677889100000357,42.49027224,17.685206901960772,30
14.709934700000304,43.30739286,14.480812313725494,30
14.74186230000032,43.98832671,11.810483490196074,30
14.773946199999955,44.669260560000005,9.140154666666653,30
14.806003099999543,45.35019441,6.469825843137254,30
14.838006899999527,46.03112826,3.7994970196078324,30
14.869903599999816,42.89883255,16.083009607843127,30
14.901874700000008,43.44357963,13.9467465490196,30
14.933899099999508,43.98832671,11.810483490196074,30
14.965950599999815,44.39688702,10.208286196078422,30
14.997898100000384,44.80544733,8.60608890196079,30
15.0459136999998,45.214007640000005,7.003891607843116,30
15.077923599999849,45.48638118,5.935760078431369,30
15.10987120000027,45.75875472,4.867628549019612,30
15.141950799999904,46.03112826,3.7994970196078324,30
15.173937200000182,46.167315030000005,3.265431254901948,30
15.205917100000079,46.3035018,2.731365490196086,30
15.237845300000117,46.3035018,2.731365490196086,30
15.269865000000209,46.3035018,2.731365490196086,30
15.301819899999828,46.3035018,2.731365490196086,30
15.333940900000016,46.3035018,2.731365490196086,30
15.365953900000022,46.167315030000005,3.265431254901948,30
15.397868799999742,46.03112826,3.7994970196078324,30
15.446017600000232,45.75875472,4.867628549019612,30
15.47796389999985,45.35019441,6.469825843137254,30
15.509951400000318,45.077820870000004,7.537957372548999,30
15.541969300000346,44.669260560000005,9.140154666666653,30
15.573994600000333,44.124513480000005,11.276417725490179,30
15.605940999999802,43.71595317,12.878615019607842,30
15.637848000000304,43.171206090000005,15.014878078431357,30
15.669795900000281,42.626459010000005,17.151141137254882,30
15.701903899999706,45.622567950000004,5.401694313725474,30
15.733894500000133,45.077820870000004,7.537957372548999,30
15.765946200000144,44.39688702,10.208286196078422,30
15.797898199999509,43.579766400000004,13.412680784313705,30
15.845911499999602,42.76264578,16.61707537254902,30
15.87788670000009,42.081711930000004,19.287404196078413,30
15.909930199999508,41.128404540000005,23.025864549019587,30
15.941861000000245,40.31128392,26.230259137254897,30
15.973876400000336,39.35797653,29.968719490196072,30
16.005893300000025,38.26848237,34.24124560784313,30
16.037888900000326,37.31517498,37.9797059607843,30
16.06991199999993,36.22568082,42.25223207843137,30
16.101921599999514,35.27237343,45.990692431372544,30
16.133988800000225,34.0466925,50.79728431372549,30
16.165969900000164,33.09338511,54.535744666666666,30
16.197871600000326,32.003890950000006,58.80827078431371,30
16.245902800000295,30.914396790000005,63.08079690196075,30
16.277903100000003,29.688715860000006,67.88738878431371,30
16.309930899999927,28.599221700000005,72.15991490196076,30
16.341956399999617,27.509727540000004,76.43244101960784,30
16.373981200000344,26.420233380000003,80.7049671372549,30
16.406004700000267,25.466925990000004,84.44342749019607,30
16.43782800000008,24.513618600000004,88.18188784313725,30
16.469867499999964,23.560311210000005,91.92034819607841,30
16.501895200000035,22.607003820000003,95.6588085490196,30
16.533986000000368,21.653696430000004,99.39726890196077,30
16.56597789999978,20.700389040000005,100.0,30
16.59787729999971,19.610894880000004,100.0,30
16.645888099999866,18.793774260000003,100.0,30
16.67787969999972,17.840466870000004,100.0,30
16.70984739999949,16.88715948,100.0,30
16.741899900000135,16.070038860000004,100.0,30
16.773935500000334,15.252918240000001,100.0,30
16.805899599999975,14.43579762,100.0,30
16.83791139999994,13.754863770000002,100.0,30
16.869907299999795,12.937743150000001,100.0,30
16.901945699999487,12.2568093,100.0,30
16.934028699999544,11.712062220000002,100.0,30
16.96603690000029,11.167315140000001,100.0,30
16.99795019999965,10.48638129,100.0,30
17.045946100000037,10.07782098,100.0,30
17.077924899999744,9.533073900000002,100.0,30
17.109894500000337,8.988326820000001,100.0,30
17.14191419999952,8.57976651,100.0,30
17.173818899999787,8.03501943,100.0,30
17.20589629999995,7.626459120000001,100.0,30
17.238380200000393,7.21789881,100.0,30
17.269904900000256,6.809338500000001,100.0,30
17.301983299999847,6.4007781900000005,100.0,30
17.333971199999723,5.99221788,100.0,30
17.365850500000306,5.719844340000001,100.0,30
17.39793120000013,5.4474708000000005,100.0,30
17.445947399999568,5.31128403,100.0,30
17.477884599999925,5.17509726,100.0,30
17.509901100000206,5.03891049,100.0,30
17.54193639999994,4.90272372,100.0,30
17.573945099999946,4.90272372,100.0,30
17.605891399999564,4.766536950000001,100.0,30
17.63794119999966,4.766536950000001,100.0,30
17.669931600000382,4.766536950000001,100.0,30
17.70189769999979,4.90272372,100.0,30
17.73394499999995,4.90272372,100.0,30
17.765973999999915,5.03891049,100.0,30
17.797873499999696,5.17509726,100.0,30
17.845908899999813,5.31128403,100.0,30
17.87793469999997,5.4474708000000005,100.0,30
17.909934799999974,5.583657570000001,100.0,30
17.94191299999966,5.856031110000001,100.0,30
17.97393170000032,6.12840465,100.0,30
18.00644949999969,6.4007781900000005,100.0,30
18.03851560000021,6.673151730000001,100.0,30
18.069976699999643,7.08171204,100.0,30
18.101982500000304,7.3540855800000005,100.0,30
18.134006999999656,7.762645890000001,100.0,30
18.165925600000264,8.1712062,100.0,30
18.19795619999968,8.71595328,100.0,30
18.246025100000224,9.260700360000001,100.0,30
18.277950800000326,9.669260670000002,100.0,30
18.30994290000035,10.21400775,100.0,30
18.341903499999717,10.75875483,100.0,30
18.373912899999596,11.439688680000001,100.0,30
18.405869000000166,11.98443576,100.0,30
18.437934100000348,12.66536961,100.0,30
18.46988020000026,13.346303460000001,100.0,30
18.50205670000014,14.02723731,100.0,30
18.53399619999982,14.708171160000001,100.0,30
18.56592389999969,15.389105010000002,100.0,30
18.59791899999982,16.070038860000004,100.0,30
18.645864000000074,16.88715948,100.0,30
18.67797849999988,17.568093330000004,100.0,30
18.709977900000013,18.385213950000004,100.0,30
18.74203320000015,19.202334570000005,100.0,30
18.773953599999913,19.883268420000004,100.0,30
18.8059659999999,20.700389040000005,100.0,30
18.838255499999832,21.517509660000005,99.93133466666664,30
18.86996369999997,22.198443510000004,97.26100584313724,30
18.902153199999702,23.015564130000005,94.05661125490195,30
18.933992500000386,23.832684750000002,90.85221666666666,30
18.965987399999904,24.785992140000005,87.11375631372547,30
18.998134299999947,25.466925990000004,84.44342749019607,30
19.045852100000047,26.420233380000003,80.7049671372549,30
19.078018000000156,27.237354000000003,77.50057254901958,30
19.11018739999963,28.190661390000002,73.76211219607842,30
19.14195649999965,29.007782010000003,70.55771760784313,30
19.173935300000267,29.688715860000006,67.88738878431371,30
19.205904000000373,30.642023250000005,64.14892843137252,30
19.23794319999979,31.459143870000005,60.944533843137236,30
19.26988379999966,32.27626449,57.74013925490195,30
19.301939899999525,33.09338511,54.535744666666666,30
19.333946200000355,33.910505730000004,51.33135007843135,30
19.365983400000005,34.86381312,47.59288972549018,30
19.398024000000078,35.68093374,44.3884951372549,30
19.44633479999993,36.498054360000005,41.18410054901959,30
19.47785219999969,37.31517498,37.9797059607843,30
19.50994400000036,38.1322956,34.77531137254902,30
19.54194709999956,38.94941622,31.570916784313713,30
19.573978000000352,39.90272361,27.832456431372538,30
19.605958799999826,40.583657460000005,25.162127607843114,30
19.637853799999903,41.40077808,21.957733019607836,30
19.66990209999949,42.081711930000004,19.287404196078413,30
19.701869200000147,42.76264578,16.61707537254902,30
19.733909499999754,43.44357963,13.9467465490196,30
19.765891400000328,44.124513480000005,11.276417725490179,30
19.79787579999993,44.80544733,8.60608890196079,30
19.845922499999688,45.35019441,6.469825843137254,30
19.877925900000264,45.89494149,4.333562784313717,30
19.90992600000027,46.3035018,2.731365490196086,30
19.94193329999962,46.84824888,0.5951024313725495,30
19.97398080000039,47.256809190000006,0.0,30
20.00588340000013,47.52918273,0.0,30
20.037854100000004,47.93774304,0.0,30
20.06995310000002,48.210116580000005,0.0,30
20.101886999999806,48.48249012,0.0,30
20.133953100000326,48.61867689,0.0,30
20.165970400000333,44.9416341,8.072023137254895,30
20.19789370000035,44.9416341,8.072023137254895,30
20.245887500000208,44.9416341,8.072023137254895,30
20.277888900000107,44.9416341,8.072023137254895,30
20.309850300000107,44.80544733,8.60608890196079,30
20.341863300000114,44.669260560000005,9.140154666666653,30
20.373928299999534,44.53307379,9.674220431372536,30
20.40591570000015,44.39688702,10.208286196078422,30
20.437845200000083,44.124513480000005,11.276417725490179,30
20.469947499999762,43.85213994,12.344549254901958,30
20.50192419999985,43.44357963,13.9467465490196,30
20.533898599999702,43.171206090000005,15.014878078431357,30
20.565875000000233,42.76264578,16.61707537254902,30
20.597910299999967,42.35408547,18.21927266666666,30
20.646213899999566,41.80933839,20.355535725490192,30
20.67791430000034,41.26459131,22.491798784313723,30
20.709976899999674,40.71984423,24.628061843137257,30
20.741945400000077,43.98832671,11.810483490196074,30
20.773788700000296,43.44357963,13.9467465490196,30
20.80589239999972,42.76264578,16.61707537254902,30
20.83788420000019,37.996108830000004,35.309377137254884,30
20.869917600000008,37.31517498,37.9797059607843,30
20.90189089999967,36.498054360000005,41.18410054901959,30
20.93392870000025,35.68093374,44.3884951372549,30
20.96588470000006,38.67704268,32.639048313725496,30
20.99792669999988,37.85992206,35.84344290196078,30
21.04587420000007,37.04280144,39.04783749019609,30
21.077926500000103,36.22568082,42.25223207843137,30
21.10996309999973,35.408560200000004,45.45662666666665,30
21.141964600000392,34.455252810000005,49.195087019607826,30
21.17389920000005,33.77431896,51.86541584313724,30
21.205865099999755,32.82101157,55.60387619607843,30
21.237910499999998,32.003890950000006,58.80827078431371,30
21.269935299999815,31.186770330000005,62.012665372549,30
21.301923899999565,30.233462940000006,65.75112572549017,30
21.333885400000327,29.280155550000003,69.48958607843136,30
21.36588000000029,28.463034930000003,72.69398066666666,30
21.397871600000144,27.509727540000004,76.43244101960784,30
21.44592560000001,26.556420150000005,80.170901372549,30
21.47787470000003,25.739299530000004,83.37529596078429,30
21.509819400000197,24.922178910000003,86.57969054901959,30
21.541909999999916,24.105058290000002,89.78408513725489,30
21.57390099999975,23.287937670000005,92.98847972549018,30
21.605857800000194,22.470817050000004,96.19287431372547,30
21.637884499999927,21.789883200000002,98.8632031372549,30
21.669981799999732,20.972762580000005,100.0,30
21.701949600000262,20.291828730000002,100.0,30
21.733876399999644,19.610894880000004,100.0,30
21.765901499999927,19.338521340000003,100.0,30
21.79792819999966,18.657587490000004,100.0,30
21.84593270000005,18.249027180000002,100.0,30
21.877953199999865,17.704280100000002,100.0,30
21.90990739999961,17.15953302,100.0,30
21.941831600000114,16.61478594,100.0,30
21.973856599999635,16.206225630000002,100.0,30
22.00583209999968,15.797665320000002,100.0,30
22.03784749999977,15.525291780000002,100.0,30
22.069954999999936,15.116731470000001,100.0,30
22.101939199999833,14.844357930000001,100.0,30
22.133990299999823,14.57198439,100.0,30
22.165959699999803,14.29961085,100.0,30
22.19788989999961,14.02723731,100.0,30
22.24589670000023,13.89105054,100.0,30
22.277865699999893,13.754863770000002,100.0,30
22.309892299999774,13.482490230000002,100.0,30
22.341855399999986,13.346303460000001,100.0,30
22.373956800000087,13.210116690000001,100.0,30
22.40587239999968,13.210116690000001,100.0,30
22.43787539999994,13.073929920000001,100.0,30
22.46989180000037,13.073929920000001,100.0,30
22.501978899999813,13.073929920000001,100.0,30
22.533964299999752,13.073929920000001,100.0,30
22.565908300000046,13.073929920000001,100.0,30
22.59787140000026,13.073929920000001,100.0,30
22.645881600000394,13.210116690000001,100.0,30
22.678086699999767,13.210116690000001,100.0,30
22.70994410000003,13.346303460000001,100.0,30
22.741952899999887,13.618677000000002,100.0,30
22.773795199999768,13.754863770000002,100.0,30
22.80590250000023,14.02723731,100.0,30
22.837877599999956,14.43579762,100.0,30
22.86987969999973,14.708171160000001,100.0,30
22.90189840000039,15.116731470000001,100.0,30
22.93390720000025,15.525291780000002,100.0,30
22.96588199999951,15.933852090000002,100.0,30
22.997887300000002,16.3424124,100.0,30
23.045940199999677,16.88715948,100.0,30
23.077852499999608,17.43190656,100.0,30
23.109901900000295,17.976653640000002,100.0,30
23.14200129999972,18.521400720000003,100.0,30
23.173945999999887,19.066147800000003,100.0,30
23.205887000000075,19.747081650000002,100.0,30
23.23796500000026,20.291828730000002,100.0,30
23.26991569999973,20.972762580000005,100.0,30
23.301907500000198,21.517509660000005,99.93133466666664,30
23.333839500000067,22.062256740000002,97.79507160784313,30
23.36593019999964,22.743190590000005,95.1247427843137,30
23.397929699999622,23.424124440000003,92.4544139607843,30
23.445884599999772,23.968871520000004,90.31815090196076,30
23.47790420000001,24.785992140000005,87.11375631372547,30
23.509912299999996,25.466925990000004,84.44342749019607,30
23.54195030000028,26.147859840000002,81.77309866666667,30
23.573848400000315,26.964980460000003,78.56870407843137,30
23.605870999999752,27.782101080000004,75.36430949019606,30
23.637847400000283,28.599221700000005,72.15991490196076,30
23.6698908999997,29.416342320000005,68.95552031372546,30
23.701881899999535,30.233462940000006,65.75112572549017,30
23.733881699999984,30.914396790000005,63.08079690196075,30
23.765897999999652,31.731517410000006,59.876402313725464,30
23.797875700000077,32.54863803,56.67200772549019,30
23.845886199999768,33.22957188,54.00167890196077,30
23.87788499999988,34.0466925,50.79728431372549,30
23.9098869999998,34.72762635,48.126955490196075,30
23.941963100000066,35.54474697,44.92256090196079,30
23.973806500000137,36.22568082,42.25223207843137,30
24.00584819999949,36.90661467,39.581903254901945,30
24.037860700000238,37.72373529,36.377508666666664,30
24.069833700000345,38.540855910000005,33.173114078431354,30
24.101938699999664,39.22178976,30.50278525490196,30
24.133955700000115,39.90272361,27.832456431372538,30
24.1659552000001,40.583657460000005,25.162127607843114,30
24.19794290000027,41.26459131,22.491798784313723,30
24.245882899999742,41.80933839,20.355535725490192,30
24.277828299999783,42.35408547,18.21927266666666,30
24.30986750000011,42.89883255,16.083009607843127,30
24.341853900000388,43.44357963,13.9467465490196,30
24.373867499999506,43.98832671,11.810483490196074,30
24.405878499999744,44.39688702,10.208286196078422,30
24.437846900000295,44.9416341,8.072023137254895,30
24.469969099999616,45.35019441,6.469825843137254,30
24.501901599999655,45.75875472,4.867628549019612,30
24.534032900000057,46.167315030000005,3.265431254901948,30
24.566062699999748,46.57587534,1.6632339607842956,30
24.597908099999586,46.84824888,0.5951024313725495,30
24.645882199999505,47.120622420000004,0.0,30
24.677874099999826,47.39299596,0.0,30
24.709895799999686,47.52918273,0.0,30
24.741886499999964,47.665369500000004,0.0,30
24.77387650000037,47.80155627,0.0,30
24.805856899999526,47.80155627,0.0,30
24.83779919999961,47.80155627,0.0,30
24.869863099999748,47.665369500000004,0.0,30
24.901807899999767,47.52918273,0.0,30
24.933930899999723,47.39299596,0.0,30
24.965839700000288,47.120622420000004,0.0,30
24.997895599999538,46.84824888,0.5951024313725495,30
25.045844600000237,46.43968857,2.197299725490191,30
25.077866900000117,46.03112826,3.7994970196078324,30
25.109918399999515,45.622567950000004,5.401694313725474,30
25.142370200000187,45.077820870000004,7.537957372548999,30
25.1739835999997,44.53307379,9.674220431372536,30
25.205867699999544,43.85213994,12.344549254901958,30
25.23789680000027,43.171206090000005,15.014878078431357,30
25.269884600000296,42.49027224,17.685206901960772,30
25.301912599999923,41.67315162,20.889601490196082,30
25.333901899999546,40.856031,24.093996078431367,30
25.365859900000032,39.90272361,27.832456431372538,30
25.39786009999989,38.94941622,31.570916784313713,30
25.445902000000387,37.996108830000004,35.309377137254884,30
25.47789499999999,37.04280144,39.04783749019609,30
25.509892099999888,35.953307280000004,43.32036360784312,30
25.54191609999998,34.86381312,47.59288972549018,30
25.573856799999703,33.910505730000004,51.33135007843135,30
25.605878700000176,32.82101157,55.60387619607843,30
25.637885399999504,31.731517410000006,59.876402313725464,30
25.669863799999803,30.505836480000003,64.68299419607843,30
25.701947700000346,29.416342320000005,68.95552031372546,30
25.733925999999883,28.326848160000004,73.22804643137253,30
25.765955300000314,27.101167230000005,78.03463831372547,30
25.797855900000286,26.011673070000004,82.30716443137254,30
25.84584089999953,24.785992140000005,87.11375631372547,30
25.877888099999836,23.832684750000002,90.85221666666666,30
25.90992499999993,22.743190590000005,95.1247427843137,30
25.941887599999973,21.653696430000004,99.39726890196077,30
25.973879099999976,20.700389040000005,100.0,30
26.005846799999745,19.610894880000004,100.0,30
26.037889000000177,18.793774260000003,100.0,30
26.069859799999904,17.840466870000004,100.0,30
26.101904000000104,16.88715948,100.0,30
26.134007599999677,15.933852090000002,100.0,30
26.165952399999696,15.116731470000001,100.0,30
26.197896099999525,14.29961085,100.0,30
26.245944299999792,13.346303460000001,100.0,30
26.277933700000176,12.66536961,100.0,30
26.309813900000336,11.98443576,100.0,30
26.34185609999986,11.167315140000001,100.0,30
26.37388480000027,10.62256806,100.0,30
26.405987500000265,10.07782098,100.0,30
26.43785730000036,9.396887130000001,100.0,30
26.46991319999961,8.852140050000001,100.0,30
26.501868399999694,8.44357974,100.0,30
26.53389479999987,7.89883266,100.0,30
26.565870399999767,7.3540855800000005,100.0,30
26.59789329999967,6.94552527,100.0,30
26.645883899999717,6.536964960000001,100.0,30
26.67784060000031,6.12840465,100.0,30
26.709789499999715,5.719844340000001,100.0,30
26.741925100000117,5.4474708000000005,100.0,30
26.77389250000033,5.03891049,100.0,30
26.805873399999655,4.766536950000001,100.0,30
26.83791190000011,4.4941634100000005,100.0,30
26.869880199999898,4.22178987,100.0,30
26.90183640000032,4.0856031,100.0,30
26.933915599999636,3.94941633,100.0,30
26.965900799999872,3.8132295600000004,100.0,30
26.997904099999687,4.0856031,100.0,30
27.045888699999523,4.0856031,100.0,30
27.07781199999954,3.94941633,100.0,30
27.109881100000166,3.94941633,100.0,30
27.141942899999776,3.94941633,100.0,30
27.173902999999882,3.94941633,100.0,30
27.205850000000282,4.0856031,100.0,30
27.237950900000214,4.22178987,100.0,30
27.26987469999949,4.22178987,100.0,30
27.301891299999625,3.94941633,100.0,30
27.33392449999974,4.0856031,100.0,30
27.365881900000204,4.22178987,100.0,30
27.39784630000031,4.4941634100000005,100.0,30
27.445886200000132,4.766536950000001,100.0,30
27.477865900000324,5.03891049,100.0,30
27.50987669999995,5.4474708000000005,100.0,30
27.54186479999953,5.856031110000001,100.0,30
27.573882699999558,6.26459142,100.0,30
27.60587310000028,6.809338500000001,100.0,30
27.637889300000097,7.3540855800000005,100.0,30
27.6699037999997,7.89883266,100.0,30
27.7018965999996,8.30739297,100.0,30
27.73389049999969,8.852140050000001,100.0,30
27.765896199999588,9.396887130000001,100.0,30
27.797878399999718,9.94163421,100.0,30
27.845861400000103,10.62256806,100.0,30
27.877848000000085,11.167315140000001,100.0,30
27.909860800000388,11.84824899,100.0,30
27.941896399999678,12.52918284,100.0,30
27.973858299999847,13.210116690000001,100.0,30
28.0058626,14.02723731,100.0,30
28.037923599999885,14.708171160000001,100.0,30
28.06986770000003,15.525291780000002,100.0,30
28.10188930000004,16.3424124,100.0,30
28.13393240000005,17.15953302,100.0,30
28.165933600000244,18.112840410000004,100.0,30
28.197840499999984,19.066147800000003,100.0,30
28.245930600000065,19.883268420000004,100.0,30
28.27789550000034,20.972762580000005,100.0,30
28.309936599999673,21.926069970000004,98.329137372549,30
28.341895399999885,23.015564130000005,94.05661125490195,30
28.373945999999705,23.968871520000004,90.31815090196076,30
28.405863500000123,24.922178910000003,86.57969054901959,30
28.43784229999983,26.011673070000004,82.30716443137254,30
28.469855199999984,27.101167230000005,78.03463831372547,30
28.501872799999546,28.054474620000004,74.29617796078429,30
28.533937799999876,29.007782010000003,70.55771760784313,30
28.56619260000025,30.097276170000004,66.28519149019606,30
28.59803439999996,31.186770330000005,62.012665372549,30
28.645879900000182,32.27626449,57.74013925490195,30
28.67785939999976,33.22957188,54.00167890196077,30
28.709844599999997,34.31906604,49.72915278431371,30
28.741868299999624,35.27237343,45.990692431372544,30
28.773895499999526,36.22568082,42.25223207843137,30
28.80587639999976,37.04280144,39.04783749019609,30
28.837830700000268,37.996108830000004,35.309377137254884,30
28.869858600000043,38.94941622,31.570916784313713,30
28.901880600000368,39.90272361,27.832456431372538,30
28.93388320000031,40.856031,24.093996078431367,30
28.96588580000025,41.80933839,20.355535725490192,30
28.99791060000007,42.626459010000005,17.151141137254882,30
29.04593349999959,43.44357963,13.9467465490196,30
29.077857299999778,44.39688702,10.208286196078422,30
29.10984709999957,45.214007640000005,7.003891607843116,30
29.141930699999648,45.89494149,4.333562784313717,30
29.173914500000137,46.712062110000005,1.1291681960784115,30
29.2059363999997,47.39299596,0.0,30
29.23798689999967,48.07392981,0.0,30
29.269973200000095,48.754863660000005,0.0,30
29.30197969999972,49.299610740000006,0.0,30
29.333770600000207,49.708171050000004,0.0,30
29.36587419999978,50.11673136,0.0,30
29.398158599999988,50.52529167,0.0,30
29.445851800000128,50.93385198,0.0,30
29.477873400000135,51.206225520000004,0.0,30
29.50974150000002,51.47859906,0.0,30
29.54188290000002,51.61478583,0.0,30
29.573893200000384,51.750972600000004,0.0,30
29.605887800000346,51.887159370000006,0.0,30
29.63782160000028,51.887159370000006,0.0,30
29.669827099999566,51.887159370000006,0.0,30
29.701855600000272,51.750972600000004,0.0,30
29.733873899999708,51.61478583,0.0,30
29.76591350000035,51.47859906,0.0,30
29.797947199999726,51.206225520000004,0.0,30
29.84611390000009,50.797665210000005,0.0,30
29.878018299999894,50.3891049,0.0,30
29.90993090000029,50.11673136,0.0,30
29.941879599999993,49.708171050000004,0.0,30
29.974044599999615,49.299610740000006,0.0,30
30.006005999999616,48.754863660000005,0.0,30
30.037796999999955,48.07392981,0.0,30
30.069914699999572,47.52918273,0.0,30
30.10191080000004,46.84824888,0.5951024313725495,30
30.13399169999957,46.167315030000005,3.265431254901948,30
30.1659168999995,45.35019441,6.469825843137254,30
30.197873699999946,44.669260560000005,9.140154666666653,30
30.245848900000055,43.71595317,12.878615019607842,30
30.27789109999958,42.89883255,16.083009607843127,30
30.30983860000015,41.94552516,19.821469960784306,30
30.3418501999995,40.99221777,23.559930313725477,30
30.373868200000288,39.90272361,27.832456431372538,30
30.405928799999856,38.94941622,31.570916784313713,30
30.437834100000146,37.85992206,35.84344290196078,30
30.469918400000097,36.7704279,40.11596901960784,30
30.501907599999868,35.68093374,44.3884951372549,30
30.53392309999981,34.59143958,48.66102125490197,30
30.565753500000028,33.365758650000004,53.46761313725489,30
30.59784959999979,32.14007772,58.27420501960785,30
30.645881600000394,31.050583560000003,62.54673113725489,30
30.677855199999613,29.824902630000004,67.35332301960784,30
30.7098447999997,28.735408470000003,71.62584913725489,30
30.741846900000382,27.509727540000004,76.43244101960784,30
30.77389729999959,26.284046610000004,81.23903290196077,30
30.806069600000228,25.194552450000003,85.51155901960783,30
30.83789489999981,23.968871520000004,90.31815090196076,30
30.869953200000054,22.879377360000003,94.59067701960782,30
30.90194210000027,21.789883200000002,98.8632031372549,30
30.933988799999497,20.564202270000003,100.0,30
30.96591509999962,19.47470811,100.0,30
30.9979459999995,18.521400720000003,100.0,30
31.04593599999953,17.568093330000004,100.0,30
31.077930899999956,16.478599170000003,100.0,30
31.109839300000203,15.525291780000002,100.0,30
31.141971600000034,14.43579762,100.0,30
31.173943099999633,13.482490230000002,100.0,30
31.205875800000285,12.52918284,100.0,30
31.23780319999969,11.712062220000002,100.0,30
31.269991000000118,10.75875483,100.0,30
31.30189640000026,9.94163421,100.0,30
31.333875299999818,9.260700360000001,100.0,30
31.365923600000315,8.44357974,100.0,30
31.397921300000235,7.89883266,100.0,30
31.445810100000017,7.21789881,100.0,30
31.47789929999999,6.673151730000001,100.0,30
31.50987780000014,6.12840465,100.0,30
31.54190010000002,5.583657570000001,100.0,30
31.573912500000006,5.03891049,100.0,30
31.606279699999504,4.630350180000001,100.0,30
31.637979399999494,4.22178987,100.0,30
31.669909500000358,4.0856031,100.0,30
31.7020408999997,3.94941633,100.0,30
31.73402900000019,3.5408560200000005,100.0,30
31.765957599999638,2.3151750900000003,100.0,30
31.797991899999943,2.04280155,100.0,30
31.845934199999647,1.6342412400000002,100.0,30
31.877855900000213,1.3618677000000001,100.0,30
31.90985389999969,1.08949416,100.0,30
31.942052600000352,0.8171206200000001,100.0,30
31.974130599999626,0.68093385,100.0,30
32.00598170000012,0.54474708,100.0,30
32.03791780000029,0.40856031000000015,100.0,30
32.069904699999825,0.40856031000000015,100.0,30
32.10179119999975,0.27237354,100.0,30
32.133823299999676,0.27237354,100.0,30
32.16590290000022,0.27237354,100.0,30
32.19788479999988,0.27237354,100.0,30
32.24590100000023,0.27237354,100.0,30
32.27789219999977,0.40856031000000015,100.0,30
32.30986260000009,0.40856031000000015,100.0,30
32.34193030000006,0.40856031000000015,100.0,30
32.37423399999989,0.54474708,100.0,30
32.4059900000002,0.68093385,100.0,30
32.43799250000029,0.8171206200000001,100.0,30
32.47007359999952,0.9533073900000001,100.0,30
32.501917599999615,1.2256809300000002,100.0,30
32.53395829999954,1.49805447,100.0,30
32.56577930000003,1.7704280100000003,100.0,30
32.597895199999584,2.17898832,100.0,30
32.64576390000002,2.4513618600000004,100.0,30
32.67782929999976,3.6770427900000007,100.0,30
32.70975650000037,3.94941633,100.0,30
32.741850700000214,4.22178987,100.0,30
32.77388659999997,4.4941634100000005,100.0,30
32.805885099999614,4.90272372,100.0,30
32.837969399999565,5.4474708000000005,100.0,30
32.869940999999926,6.12840465,100.0,30
32.901900199999545,6.673151730000001,100.0,30
32.93389389999993,7.3540855800000005,100.0,30
32.96590339999966,8.03501943,100.0,30
32.997890599999664,8.852140050000001,100.0,30
33.04586629999994,9.533073900000002,100.0,30
33.077876899999865,10.48638129,100.0,30
33.10985129999972,11.303501910000001,100.0,30
33.14196989999982,12.2568093,100.0,30
33.17395800000031,13.073929920000001,100.0,30
33.2058705999998,14.02723731,100.0,30
33.2379492,14.844357930000001,100.0,30
33.26989010000034,15.797665320000002,100.0,30
33.30182630000036,16.61478594,100.0,30
33.33388500000001,17.568093330000004,100.0,30
33.36588229999961,18.385213950000004,100.0,30
33.39788039999985,19.338521340000003,100.0,30
33.445883700000195,20.291828730000002,100.0,30
33.4779010000002,21.108949350000003,100.0,30
33.50988049999978,21.926069970000004,98.329137372549,30
33.54189859999951,22.743190590000005,95.1247427843137,30
33.573852100000295,23.832684750000002,90.85221666666666,30
33.60587690000011,24.785992140000005,87.11375631372547,30
33.63785470000039,25.739299530000004,83.37529596078429,30
33.66989019999983,26.692606920000003,79.63683560784312,30
33.70193459999973,27.782101080000004,75.36430949019606,30
33.733853499999896,28.871595240000005,71.091783372549,30
33.765916800000014,29.961089400000006,66.81925725490194,30
33.797937600000296,31.050583560000003,62.54673113725489,30
33.84587829999964,32.14007772,58.27420501960785,30
33.877874099999644,33.22957188,54.00167890196077,30
33.90983270000015,34.31906604,49.72915278431371,30
33.94181430000026,35.408560200000004,45.45662666666665,30
33.973814400000265,36.36186759,41.71816631372548,30
34.00582959999974,37.451361750000004,37.445640196078415,30
34.03784139999971,38.540855910000005,33.173114078431354,30
34.06983109999965,39.494163300000004,29.43465372549018,30
34.10186689999955,40.44747069,25.696193372549008,30
34.13384609999957,41.26459131,22.491798784313723,30
34.165879700000005,42.2178987,18.75333843137255,30
34.197847499999625,43.03501932,15.548943843137241,30
34.245853100000204,43.85213994,12.344549254901958,30
34.27783739999995,44.669260560000005,9.140154666666653,30
34.30985619999956,45.48638118,5.935760078431369,30
34.34186529999988,46.167315030000005,3.265431254901948,30
34.37406219999957,46.84824888,0.5951024313725495,30
34.405934700000216,47.665369500000004,0.0,30
34.43785899999966,48.210116580000005,0.0,30
34.469934300000205,48.89105043,0.0,30
34.50184780000018,49.57198428,0.0,30
34.53389200000038,50.11673136,0.0,30
34.565898099999686,50.66147844,0.0,30
34.59788200000003,51.07003875,0.0,30
34.64585580000039,51.342412290000006,0.0,30
34.67784610000035,51.61478583,0.0,30
34.709882500000276,51.887159370000006,0.0,30
34.74186000000009,52.02334614,0.0,30
34.773816400000214,52.15953291,0.0,30
34.805850499999906,52.295719680000005,0.0,30
34.83785230000012,52.295719680000005,0.0,30
34.869886999999835,52.295719680000005,0.0,30
34.901856999999836,52.15953291,0.0,30
34.93385920000037,52.02334614,0.0,30
34.96587790000012,51.750972600000004,0.0,30
34.997857600000316,51.47859906,0.0,30
35.045892099999946,51.206225520000004,0.0,30
35.077870000000075,50.797665210000005,0.0,30
35.10981790000005,50.3891049,0.0,30
35.14197450000029,49.84435782,0.0,30
35.17380630000025,49.43579751,0.0,30
35.205862900000284,48.754863660000005,0.0,30
35.237857000000076,48.210116580000005,0.0,30
35.26984970000012,47.52918273,0.0,30
35.30187229999956,46.84824888,0.5951024313725495,30
35.333886899999925,46.167315030000005,3.265431254901948,30
35.36583369999971,45.35019441,6.469825843137254,30
35.397832099999505,44.53307379,9.674220431372536,30
35.44582470000023,43.579766400000004,13.412680784313705,30
35.47788760000003,42.626459010000005,17.151141137254882,30
35.50978049999958,41.67315162,20.889601490196082,30
35.54182539999965,40.583657460000005,25.162127607843114,30
35.573887900000045,39.494163300000004,29.43465372549018,30
35.60585119999996,38.40466914,33.70717984313724,30
35.63783169999988,37.31517498,37.9797059607843,30
35.66984700000012,36.08949405,42.78629784313726,30
35.701828000000205,34.99999989,47.05882396078432,30
35.73392779999995,33.77431896,51.86541584313724,30
35.76587970000037,32.54863803,56.67200772549019,30
35.79779099999996,31.322957100000004,61.47859960784313,30
35.845874300000105,30.097276170000004,66.28519149019606,30
35.87787019999996,28.871595240000005,71.091783372549,30
35.909831799999665,27.645914310000006,75.89837525490194,30
35.94183020000037,26.420233380000003,80.7049671372549,30
35.97396539999954,25.194552450000003,85.51155901960783,30
36.005883199999516,23.968871520000004,90.31815090196076,30
36.03787860000011,22.607003820000003,95.6588085490196,30
36.06982549999975,21.517509660000005,99.93133466666664,30
36.10185829999955,20.155641960000004,100.0,30
36.13393209999958,18.929961030000005,100.0,30
36.16592370000035,17.840466870000004,100.0,30
36.197892899999715,16.750972710000003,100.0,30
36.245788600000196,15.661478550000002,100.0,30
36.27782599999955,14.708171160000001,100.0,30
36.30981960000008,13.618677000000002,100.0,30
36.341844599999604,12.801556380000001,100.0,30
36.3738628000001,11.98443576,100.0,30
36.40590179999981,11.167315140000001,100.0,30
36.43784989999949,10.35019452,100.0,30
36.469885700000304,9.533073900000002,100.0,30
36.50190539999949,8.852140050000001,100.0,30
36.533989100000326,8.1712062,100.0,30
36.56583299999966,7.3540855800000005,100.0,30
36.59785050000028,6.673151730000001,100.0,30
36.64586039999995,5.99221788,100.0,30
36.67784370000027,5.31128403,100.0,30
36.709789999999884,4.766536950000001,100.0,30
36.741842200000065,4.22178987,100.0,30
36.773836200000005,3.94941633,100.0,30
36.80584629999976,3.94941633,100.0,30
36.837831599999845,3.5408560200000005,100.0,30
36.86986419999994,2.3151750900000003,100.0,30
36.90183619999971,2.04280155,100.0,30
36.93384369999967,1.6342412400000002,100.0,30
36.9658174999995,1.3618677000000001,100.0,30
36.997860200000105,1.08949416,100.0,30
37.04586629999994,0.8171206200000001,100.0,30
37.07781030000024,0.54474708,100.0,30
37.10983419999957,0.27237354,100.0,30
37.14202860000023,0.1361867699999999,100.0,30
37.17400610000004,0.0,100.0,30
37.20588899999984,-0.1361867699999999,100.0,30
37.23799059999965,-0.27237354,100.0,30
37.26981100000012,-0.27237354,100.0,30
37.30180610000025,-0.40856031000000015,100.0,30
37.33383630000026,-0.40856031000000015,100.0,30
37.36584149999999,-0.40856031000000015,100.0,30
37.39783770000031,-0.40856031000000015,100.0,30
37.44584479999958,-0.40856031000000015,100.0,30
37.47783470000013,-0.40856031000000015,100.0,30
37.509898899999826,-0.27237354,100.0,30
37.541899300000296,-0.27237354,100.0,30
37.57382030000008,-0.1361867699999999,100.0,30
37.60583849999966,0.0,100.0,30
37.637954900000295,0.0,100.0,30
37.66987319999953,0.1361867699999999,100.0,30
37.70183989999987,0.40856031000000015,100.0,30
37.73386399999981,0.54474708,100.0,30
37.765860200000134,0.8171206200000001,100.0,30
37.79790539999976,1.2256809300000002,100.0,30
37.84584160000031,1.49805447,100.0,30
37.87786109999979,1.9066147800000002,100.0,30
37.909863900000346,2.17898832,100.0,30
37.94188060000033,3.2684824800000003,100.0,30
37.974070700000084,3.6770427900000007,100.0,30
38.00584379999964,4.0856031,100.0,30
38.03784869999981,4.22178987,100.0,30
38.06982069999958,4.4941634100000005,100.0,30
38.1018425000002,5.03891049,100.0,30
38.133946099999775,5.583657570000001,100.0,30
38.16593379999995,6.12840465,100.0,30
38.19785049999973,6.809338500000001,100.0,30
38.245933799999875,7.490272350000001,100.0,30
38.27785539999968,8.1712062,100.0,30
38.30982119999953,8.988326820000001,100.0,30
38.3418273999996,9.669260670000002,100.0,30
38.37385019999965,10.48638129,100.0,30
38.40587890000006,11.439688680000001,100.0,30
38.43786040000032,12.12062253,100.0,30
38.469776300000376,12.937743150000001,100.0,30
38.501816199999666,13.89105054,100.0,30
38.533834599999864,14.844357930000001,100.0,30
38.565899700000045,15.797665320000002,100.0,30
38.59793069999978,16.750972710000003,100.0,30
38.64599629999975,17.704280100000002,100.0,30
38.67784909999955,18.793774260000003,100.0,30
38.709849799999574,19.883268420000004,100.0,30
38.74174649999986,20.836575810000003,100.0,30
38.773837300000196,21.926069970000004,98.329137372549,30
38.80584710000039,23.151750900000003,93.52254549019608,30
38.83784680000008,24.241245060000004,89.25001937254899,30
38.869821899999806,25.466925990000004,84.44342749019607,30
38.90185339999971,26.556420150000005,80.170901372549,30
38.93386120000014,27.782101080000004,75.36430949019606,30
38.96581200000037,29.007782010000003,70.55771760784313,30
38.9978586999996,30.233462940000006,65.75112572549017,30
39.045917600000394,31.322957100000004,61.47859960784313,30
39.07805819999976,32.54863803,56.67200772549019,30
39.10984600000029,33.63813219,52.39948160784314,30
39.141936500000156,34.86381312,47.59288972549018,30
39.17389739999999,35.953307280000004,43.32036360784312,30
39.20588099999986,37.04280144,39.04783749019609,30
39.23786430000018,38.26848237,34.24124560784313,30
39.269889899999725,39.494163300000004,29.43465372549018,30
39.30190459999994,40.583657460000005,25.162127607843114,30
39.333881499999734,41.67315162,20.889601490196082,30
39.36575350000021,42.76264578,16.61707537254902,30
39.39785839999968,43.85213994,12.344549254901958,30
39.4458781000003,45.077820870000004,7.537957372548999,30
39.477847799999836,46.03112826,3.7994970196078324,30
39.509794700000384,46.98443565,0.06103666666666529,30
39.54181619999963,47.93774304,0.0,30
39.5738779000003,48.754863660000005,0.0,30
39.60593229999995,49.708171050000004,0.0,30
39.63785670000016,50.252918130000005,0.0,30
39.66978779999954,50.93385198,0.0,30
39.70187840000017,51.47859906,0.0,30
39.73384050000004,48.61867689,0.0,30
39.76584660000026,49.163423970000004,0.0,30
39.79785139999967,49.708171050000004,0.0,30
39.845836399999826,50.11673136,0.0,30
39.87782100000004,50.3891049,0.0,30
39.909822699999495,50.66147844,0.0,30
39.9418356999995,50.93385198,0.0,30
39.97401600000012,51.07003875,0.0,30
40.0058411,51.07003875,0.0,30
40.03787360000024,50.93385198,0.0,30
40.06991389999985,50.93385198,0.0,30
40.101874599999974,50.66147844,0.0,30
40.13398500000039,50.52529167,0.0,30
40.16588870000032,50.252918130000005,0.0,30
40.19789140000012,49.98054459,0.0,30
40.24582920000012,49.57198428,0.0,30
40.27789219999977,49.0272372,0.0,30
40.30986630000007,48.61867689,0.0,30
40.34181950000038,48.07392981,0.0,30
40.37384839999959,47.52918273,0.0,30
40.405869999999595,46.84824888,0.5951024313725495,30
40.43787760000032,49.708171050000004,0.0,30
40.46982440000011,49.0272372,0.0,30
40.5018570000002,48.210116580000005,0.0,30
40.5339471999996,47.39299596,0.0,30
40.56590589999996,46.57587534,1.6632339607842956,30
40.59785869999996,45.75875472,4.867628549019612,30
40.64583049999965,44.80544733,8.60608890196079,30
40.67780820000007,43.85213994,12.344549254901958,30
40.709897900000215,42.76264578,16.61707537254902,30
40.74182550000023,41.67315162,20.889601490196082,30
40.77385930000037,40.583657460000005,25.162127607843114,30
40.805905500000335,39.494163300000004,29.43465372549018,30
40.83787940000002,38.26848237,34.24124560784313,30
40.86988839999958,37.04280144,39.04783749019609,30
40.901781599999595,35.81712051,43.854429372549006,30
40.93382459999975,34.59143958,48.66102125490197,30
40.96580830000039,33.365758650000004,53.46761313725489,30
40.99783519999983,32.003890950000006,58.80827078431371,30
41.045851500000026,30.642023250000005,64.14892843137252,30
41.07783980000022,29.280155550000003,69.48958607843136,30
41.109813799999756,27.918287850000006,74.83024372549016,30
41.142013399999996,26.692606920000003,79.63683560784312,30
41.17383390000032,25.330739220000005,84.97749325490194,30
41.205844299999626,23.968871520000004,90.31815090196076,30
41.23788189999959,22.743190590000005,95.1247427843137,30
41.26982940000016,21.245136120000005,100.0,30
41.301836900000126,20.019455190000002,100.0,30
41.33378019999964,18.657587490000004,100.0,30
41.365845700000136,17.43190656,100.0,30
41.39781349999976,16.206225630000002,100.0,30
41.44589579999956,14.980544700000001,100.0,30
41.47785029999977,13.618677000000002,100.0,30
41.50988419999976,12.52918284,100.0,30
41.54180110000016,11.439688680000001,100.0,30
41.574013999999806,10.48638129,100.0,30
41.60595540000031,9.396887130000001,100.0,30
41.63785209999969,8.44357974,100.0,30
41.66993449999973,7.626459120000001,100.0,30
41.701822600000014,6.673151730000001,100.0,30
41.73386279999977,5.719844340000001,100.0,30
41.765854399999625,4.90272372,100.0,30
41.797841900000094,4.22178987,100.0,30
41.84588720000011,3.8132295600000004,100.0,30
41.87781710000036,2.4513618600000004,100.0,30
41.90986179999982,1.7704280100000003,100.0,30
41.94188479999957,1.08949416,100.0,30
41.973895600000105,0.40856031000000015,100.0,30
42.005865500000255,0.0,100.0,30
42.0378826999995,0.1361867699999999,100.0,30
42.069849700000304,0.1361867699999999,100.0,30
42.10184620000018,0.1361867699999999,100.0,30
42.13391479999973,0.0,100.0,30
42.16583780000019,0.0,100.0,30
42.19791840000016,0.0,100.0,30
42.24592120000034,0.0,100.0,30
42.277885499999684,0.0,100.0,30
42.309861400000045,0.0,100.0,30
42.341815799999495,0.0,100.0,30
42.37381319999986,0.0,100.0,30
42.40581320000001,0.0,100.0,30
42.43788630000017,0.0,100.0,30
42.46984100000009,0.0,100.0,30
42.501825800000006,0.0,100.0,30
42.53383169999961,0.0,100.0,30
42.56581029999961,0.0,100.0,30
42.59787109999979,0.0,100.0,30
42.64581420000013,0.0,100.0,30
42.67789670000002,0.0,100.0,30
42.709827399999995,0.0,100.0,30
42.741839999999684,0.1361867699999999,100.0,30
42.77388880000035,0.1361867699999999,100.0,30
42.805856799999674,0.27237354,100.0,30
42.83789530000013,0.40856031000000015,100.0,30
42.86981130000004,0.54474708,100.0,30
42.90176569999949,0.68093385,100.0,30
42.93388249999953,0.27237354,100.0,30
42.96586490000027,0.40856031000000015,100.0,30
42.9978629999996,0.68093385,100.0,30
43.04586870000003,0.9533073900000001,100.0,30
43.07780079999975,1.3618677000000001,100.0,30
43.10983899999974,1.6342412400000002,100.0,30
43.1418762000003,2.04280155,100.0,30
43.17384270000002,2.3151750900000003,100.0,30
43.20585519999986,3.4046692500000004,100.0,30
43.23788799999966,3.8132295600000004,100.0,30
43.269868499999575,4.0856031,100.0,30
43.301841599999534,4.22178987,100.0,30
43.333860800000366,4.630350180000001,100.0,30
43.365928399999575,5.17509726,100.0,30
43.397812299999714,5.856031110000001,100.0,30
43.44582369999989,6.4007781900000005,100.0,30
43.47781560000021,6.94552527,100.0,30
43.50985049999963,7.626459120000001,100.0,30
43.54187160000038,8.30739297,100.0,30
43.57380310000008,8.988326820000001,100.0,30
43.60584490000019,9.805447440000002,100.0,30
43.63787179999963,10.62256806,100.0,30
43.6698722000001,11.439688680000001,100.0,30
43.70188390000021,12.2568093,100.0,30
43.73391530000026,13.073929920000001,100.0,30
43.765900800000054,14.02723731,100.0,30
43.79784529999961,14.844357930000001,100.0,30
43.84587610000017,15.797665320000002,100.0,30
43.87786969999979,16.61478594,100.0,30
43.909745299999486,17.568093330000004,100.0,30
43.94182920000003,18.521400720000003,100.0,30
43.97385089999989,19.338521340000003,100.0,30
44.00584369999979,20.291828730000002,100.0,30
44.03783949999979,21.245136120000005,100.0,30
44.069796300000235,22.198443510000004,97.26100584313724,30
44.101866099999825,23.287937670000005,92.98847972549018,30
44.133861199999956,24.377431830000003,88.71595360784312,30
44.165886099999625,25.194552450000003,85.51155901960783,30
44.19785049999973,26.284046610000004,81.23903290196077,30
44.245861700000205,27.237354000000003,77.50057254901958,30
44.2778258999997,28.326848160000004,73.22804643137253,30
44.30985200000032,29.416342320000005,68.95552031372546,30
44.34178999999949,30.505836480000003,64.68299419607843,30
44.37385970000014,31.595330640000004,60.41046807843136,30
44.40586019999955,32.6848248,56.13794196078431,30
44.43789689999994,33.77431896,51.86541584313724,30
44.4698771000003,34.86381312,47.59288972549018,30
44.50178880000021,35.953307280000004,43.32036360784312,30
44.533807499999966,36.90661467,39.581903254901945,30
44.56576479999967,37.996108830000004,35.309377137254884,30
44.59778300000016,39.08560299,31.03685101960785,30
44.645837799999754,40.17509715,26.76432490196079,30
44.67783650000001,41.26459131,22.491798784313723,30
44.70975139999973,42.2178987,18.75333843137255,30
44.741877399999794,43.171206090000005,15.014878078431357,30
44.77383009999994,44.124513480000005,11.276417725490179,30
44.80585969999993,44.9416341,8.072023137254895,30
44.837844900000164,45.75875472,4.867628549019612,30
44.86991409999973,46.43968857,2.197299725490191,30
44.90191380000033,47.120622420000004,0.0,30
44.93387030000031,44.26070025,10.742351960784315,30
44.96584819999953,44.80544733,8.60608890196079,30
44.997841999999764,45.48638118,5.935760078431369,30
45.045848699999624,46.03112826,3.7994970196078324,30
45.07810669999981,46.57587534,1.6632339607842956,30
45.109888500000125,46.98443565,0.06103666666666529,30
45.141945499999565,47.39299596,0.0,30
45.173818799999935,47.665369500000004,0.0,30
45.20588709999993,47.93774304,0.0,30
45.23788549999972,48.07392981,0.0,30
45.269901599999685,48.210116580000005,0.0,30
45.30186599999979,48.210116580000005,0.0,30
45.33381469999949,48.210116580000005,0.0,30
45.36587299999974,48.210116580000005,0.0,30
45.397806500000115,48.210116580000005,0.0,30
45.44581889999972,48.07392981,0.0,30
45.477804000000106,47.80155627,0.0,30
45.50987079999959,47.665369500000004,0.0,30
45.541853300000184,47.39299596,0.0,30
45.57383570000002,50.66147844,0.0,30
45.605965099999594,50.3891049,0.0,30
45.637869500000306,49.98054459,0.0,30
45.669884699999784,49.57198428,0.0,30
45.70182349999959,49.0272372,0.0,30
45.733898800000134,48.48249012,0.0,30
45.76585450000039,47.93774304,0.0,30
45.797936500000105,47.256809190000006,0.0,30
45.845909599999686,46.57587534,1.6632339607842956,30
45.8778456,45.89494149,4.333562784313717,30
45.90988219999963,45.077820870000004,7.537957372548999,30
45.94187950000014,44.39688702,10.208286196078422,30
45.97379600000022,43.44357963,13.9467465490196,30
46.005947300000116,42.49027224,17.685206901960772,30
46.037896400000136,41.67315162,20.889601490196082,30
46.06985379999969,40.583657460000005,25.162127607843114,30
46.10189199999968,39.63035007,28.900587960784318,30
46.13384549999955,38.540855910000005,33.173114078431354,30
46.16593910000029,37.451361750000004,37.445640196078415,30
46.19788820000031,36.36186759,41.71816631372548,30
46.24589610000021,35.408560200000004,45.45662666666665,30
46.277911799999856,34.18287927,50.263218549019605,30
46.30988869999965,33.09338511,54.535744666666666,30
46.34192489999987,32.003890950000006,58.80827078431371,30
46.37394740000036,30.778210020000003,63.61486266666665,30
46.40587030000006,29.688715860000006,67.88738878431371,30
46.43772369999988,28.463034930000003,72.69398066666666,30
46.469885200000135,27.373540770000005,76.96650678431371,30
46.501758399999744,26.284046610000004,81.23903290196077,30
46.53382119999969,25.194552450000003,85.51155901960783,30
46.56583279999995,23.968871520000004,90.31815090196076,30
46.59776320000037,22.879377360000003,94.59067701960782,30
46.64580449999994,21.789883200000002,98.8632031372549,30
46.67779379999956,20.700389040000005,100.0,30
46.709787300000244,19.47470811,100.0,30
46.74188669999967,18.385213950000004,100.0,30
46.77390409999953,17.43190656,100.0,30
46.805843000000095,16.206225630000002,100.0,30
46.83787870000015,15.252918240000001,100.0,30
46.8698588999996,14.29961085,100.0,30
46.901875700000346,13.210116690000001,100.0,30
46.933916099999806,12.39299607,100.0,30
46.96616379999978,11.575875450000002,100.0,30
46.99902540000039,10.75875483,100.0,30
47.04588839999997,10.07782098,100.0,30
47.077859799999715,9.396887130000001,100.0,30
47.109852200000205,8.57976651,100.0,30
47.141908100000364,8.03501943,100.0,30
47.1738892000003,7.3540855800000005,100.0,30
47.20590220000031,6.673151730000001,100.0,30
47.23793670000032,6.12840465,100.0,30
47.2700476,5.583657570000001,100.0,30
47.3019175999998,5.03891049,100.0,30
47.333791299999575,4.630350180000001,100.0,30
47.36586890000035,4.22178987,100.0,30
47.397964099999626,4.22178987,100.0,30
47.44586040000013,4.0856031,100.0,30
47.4778710999999,3.8132295600000004,100.0,30
47.50994040000023,3.5408560200000005,100.0,30
47.54185499999949,3.2684824800000003,100.0,30
47.57379560000027,2.3151750900000003,100.0,30
47.60584039999958,2.17898832,100.0,30
47.63784200000009,1.9066147800000002,100.0,30
47.66982110000026,1.7704280100000003,100.0,30
47.70190139999977,1.6342412400000002,100.0,30
47.73393490000035,2.17898832,100.0,30
47.765881700000136,1.49805447,100.0,30
47.79784899999959,1.49805447,100.0,30
47.84585259999949,1.49805447,100.0,30
47.87783709999985,1.49805447,100.0,30
47.90985929999988,1.49805447,100.0,30
47.94190660000004,1.6342412400000002,100.0,30
47.97394970000005,1.6342412400000002,100.0,30
48.00586420000036,1.7704280100000003,100.0,30
48.0377596999997,1.9066147800000002,100.0,30
48.06984209999973,2.04280155,100.0,30
48.10189460000038,2.99610894,100.0,30
48.13376189999963,3.2684824800000003,100.0,30
48.16577810000035,3.4046692500000004,100.0,30
48.1979867,3.6770427900000007,100.0,30
48.2458015000002,3.94941633,100.0,30
48.27785909999966,4.22178987,100.0,30
48.3098571999999,4.0856031,100.0,30
48.34188509999967,4.35797664,100.0,30
48.373832700000094,4.766536950000001,100.0,30
48.405971399999544,5.31128403,100.0,30
48.4379487999995,5.719844340000001,100.0,30
48.469894799999565,6.26459142,100.0,30
48.50192340000012,6.809338500000001,100.0,30
48.533787200000006,7.3540855800000005,100.0,30
48.56605039999977,7.89883266,100.0,30
48.597846099999515,8.44357974,100.0,30
48.64584709999963,9.124513590000001,100.0,30
48.677852199999506,9.805447440000002,100.0,30
48.70986389999962,10.48638129,100.0,30
48.74187340000026,11.303501910000001,100.0,30
48.773844700000154,11.98443576,100.0,30
48.80586800000037,12.66536961,100.0,30
48.83784139999989,13.346303460000001,100.0,30
48.869856499999514,14.16342408,100.0,30
48.90181250000023,14.844357930000001,100.0,30
48.93406249999953,15.661478550000002,100.0,30
48.96594879999975,16.478599170000003,100.0,30
48.99788139999964,17.295719790000003,100.0,30
49.04598220000025,18.112840410000004,100.0,30
49.07780759999969,18.929961030000005,100.0,30
49.10985179999989,19.883268420000004,100.0,30
49.14185009999983,20.836575810000003,100.0,30
49.1738591000003,21.653696430000004,99.39726890196077,30
49.205991599999834,22.470817050000004,96.19287431372547,30
49.23795590000009,23.560311210000005,91.92034819607841,30
49.269936400000006,24.513618600000004,88.18188784313725,30
49.30193820000022,25.466925990000004,84.44342749019607,30
49.33426589999999,26.556420150000005,80.170901372549,30
49.3658046999999,27.509727540000004,76.43244101960784,30
49.397917600000255,28.735408470000003,71.62584913725489,30
49.44584070000019,29.824902630000004,67.35332301960784,30
49.4778623000002,30.914396790000005,63.08079690196075,30
49.509888200000205,32.003890950000006,58.80827078431371,30
49.541886400000294,33.09338511,54.535744666666666,30
49.573740499999985,34.0466925,50.79728431372549,30
49.60587839999971,35.27237343,45.990692431372544,30
49.63786739999978,36.36186759,41.71816631372548,30
49.66980289999992,37.451361750000004,37.445640196078415,30
49.70185239999955,38.540855910000005,33.173114078431354,30
49.733929899999566,39.76653684,28.36652219607843,30
49.76578830000017,40.71984423,24.628061843137257,30
49.79771720000008,41.80933839,20.355535725490192,30
49.845830500000375,42.89883255,16.083009607843127,30
49.87790450000011,43.85213994,12.344549254901958,30
49.909816299999875,44.80544733,8.60608890196079,30
49.94189230000029,45.622567950000004,5.401694313725474,30
49.97394660000009,46.43968857,2.197299725490191,30
50.00620079999953,47.256809190000006,0.0,30
50.03804599999967,44.39688702,10.208286196078422,30
50.06991560000006,45.077820870000004,7.537957372548999,30
50.101872500000354,45.75875472,4.867628549019612,30
50.133902800000214,46.43968857,2.197299725490191,30
50.16588739999952,46.98443565,0.06103666666666529,30
50.1979166000001,47.52918273,0.0,30
50.24587749999955,48.07392981,0.0,30
50.2778516999997,48.48249012,0.0,30
50.309880099999646,48.89105043,0.0,30
50.34185520000028,49.299610740000006,0.0,30
50.3738057999999,49.57198428,0.0,30
50.40584899999976,49.84435782,0.0,30
50.437847399999555,49.98054459,0.0,30
50.46984679999969,50.11673136,0.0,30
50.501824699999815,50.11673136,0.0,30
50.53372990000025,50.11673136,0.0,30
50.56584959999964,50.11673136,0.0,30
50.597848200000044,49.98054459,0.0,30
50.6458461000002,49.84435782,0.0,30
50.67785040000035,49.57198428,0.0,30
50.70979929999976,49.299610740000006,0.0,30
50.741849199999706,52.56809322,0.0,30
50.773940899999616,52.15953291,0.0,30
50.805827000000136,51.887159370000006,0.0,30
50.83787310000025,51.47859906,0.0,30
50.869869399999516,50.93385198,0.0,30
50.9017974999997,50.3891049,0.0,30
50.93385909999961,49.708171050000004,0.0,30
50.965811699999904,49.0272372,0.0,30
50.997774299999946,48.34630335,0.0,30
51.04588799999965,47.52918273,0.0,30
51.077809600000364,46.712062110000005,1.1291681960784115,30
51.1097878999999,45.89494149,4.333562784313717,30
51.14190270000017,44.9416341,8.072023137254895,30
51.17389660000026,44.124513480000005,11.276417725490179,30
51.205830400000195,43.171206090000005,15.014878078431357,30
51.23779519999971,42.081711930000004,19.287404196078413,30
51.26970119999987,40.99221777,23.559930313725477,30
51.3017990999997,39.90272361,27.832456431372538,30
51.333869299999606,38.81322945,32.1049825490196,30
51.36580739999954,37.58754852,36.91157443137256,30
51.39779540000018,36.36186759,41.71816631372548,30
51.44584709999981,34.99999989,47.05882396078432,30
51.47780049999983,33.77431896,51.86541584313724,30
51.509770099999514,32.412451260000005,57.206073490196054,30
51.54177509999954,31.186770330000005,62.012665372549,30
51.57382890000008,29.824902630000004,67.35332301960784,30
51.60585319999973,28.463034930000003,72.69398066666666,30
51.637766799999554,27.237354000000003,77.50057254901958,30
51.66981409999971,25.875486300000002,82.84123019607841,30
51.70183769999949,24.513618600000004,88.18188784313725,30
51.733756800000265,23.287937670000005,92.98847972549018,30
51.76577629999974,22.062256740000002,97.79507160784313,30
51.79790369999955,20.700389040000005,100.0,30
51.84591209999962,19.47470811,100.0,30
51.877790300000015,18.385213950000004,100.0,30
51.90978089999953,17.295719790000003,100.0,30
51.94179179999992,16.3424124,100.0,30
51.97382420000031,15.116731470000001,100.0,30
52.005879399999685,14.02723731,100.0,30
52.03790819999995,12.937743150000001,100.0,30
52.069824600000175,11.98443576,100.0,30
52.101780599999984,10.894941600000001,100.0,30
52.13389600000028,9.94163421,100.0,30
52.16580049999993,8.988326820000001,100.0,30
52.197802599999704,8.1712062,100.0,30
52.24577649999992,7.21789881,100.0,30
52.27786120000019,6.4007781900000005,100.0,30
52.30980339999951,5.583657570000001,100.0,30
52.34189950000018,4.90272372,100.0,30
52.373923000000104,4.22178987,100.0,30
52.40578550000009,3.94941633,100.0,30
52.43792839999969,3.4046692500000004,100.0,30
52.46982759999992,2.04280155,100.0,30
52.50181890000022,1.49805447,100.0,30
52.53391869999996,0.9533073900000001,100.0,30
52.56582179999987,0.54474708,100.0,30
52.5978398999996,0.68093385,100.0,30
52.64583239999956,0.27237354,100.0,30
52.67780649999986,0.27237354,100.0,30
52.709815100000014,0.27237354,100.0,30
52.74182540000038,0.27237354,100.0,30
52.773849000000155,0.0,100.0,30
52.80586339999991,0.0,100.0,30
52.837821500000246,0.0,100.0,30
52.86986869999964,0.0,100.0,30
52.90184390000013,0.0,100.0,30
52.93381359999967,0.1361867699999999,100.0,30
52.96583939999982,0.1361867699999999,100.0,30
52.99787170000036,0.0,100.0,30
53.045832799999516,0.0,100.0,30
53.07787619999999,0.0,100.0,30
53.10997380000026,0.0,100.0,30
53.141943399999946,0.1361867699999999,100.0,30
53.17428360000031,0.1361867699999999,100.0,30
53.20587720000003,0.27237354,100.0,30
53.237767200000235,-0.27237354,100.0,30
53.26986399999987,0.0,100.0,30
53.30185100000017,0.1361867699999999,100.0,30
53.33378100000027,0.27237354,100.0,30
53.3658446999998,0.54474708,100.0,30
53.39791100000002,0.68093385,100.0,30
53.44584719999966,1.08949416,100.0,30
53.47782790000019,1.3618677000000001,100.0,30
53.50979180000013,1.7704280100000003,100.0,30
53.5418652999997,2.17898832,100.0,30
53.57384809999985,3.5408560200000005,100.0,30
53.605815099999745,3.94941633,100.0,30
53.63783179999973,4.0856031,100.0,30
53.66975590000038,4.4941634100000005,100.0,30
53.702408000000105,5.17509726,100.0,30
53.73403090000011,5.856031110000001,100.0,30
53.76590310000029,6.536964960000001,100.0,30
53.79790150000008,7.21789881,100.0,30
53.84586979999949,7.89883266,100.0,30
53.87794909999957,8.71595328,100.0,30
53.9099212000001,9.396887130000001,100.0,30
53.94181060000028,10.21400775,100.0,30
53.973821900000075,11.031128370000001,100.0,30
54.005769399999735,11.712062220000002,100.0,30
54.037826900000255,12.52918284,100.0,30
54.069856099999924,13.073929920000001,100.0,30
54.1020668000001,14.02723731,100.0,30
54.13385300000027,14.980544700000001,100.0,30
54.165800599999784,15.933852090000002,100.0,30
54.19778630000019,16.88715948,100.0,30
54.24596250000013,17.840466870000004,100.0,30
54.2779201000003,18.793774260000003,100.0,30
54.30991830000039,19.747081650000002,100.0,30
54.341917800000374,20.836575810000003,100.0,30
54.37385329999961,21.789883200000002,98.8632031372549,30
54.40581910000037,22.607003820000003,95.6588085490196,30
54.43782839999949,23.560311210000005,91.92034819607841,30
54.46978169999966,24.377431830000003,88.71595360784312,30
54.501816199999666,25.330739220000005,84.97749325490194,30
54.533771100000195,26.284046610000004,81.23903290196077,30
54.5658813,27.373540770000005,76.96650678431371,30
54.5978755999995,28.463034930000003,72.69398066666666,30
54.645824999999604,29.688715860000006,67.88738878431371,30
54.677820599999905,30.642023250000005,64.14892843137252,30
54.70983609999985,31.731517410000006,59.876402313725464,30
54.74174210000001,32.957198340000005,55.06981043137253,30
54.77380429999994,33.910505730000004,51.33135007843135,30
54.80581290000009,34.99999989,47.05882396078432,30
54.83780690000003,36.08949405,42.78629784313726,30
54.86979900000006,33.63813219,52.39948160784314,30
54.90200410000034,34.72762635,48.126955490196075,30
54.93388969999978,35.68093374,44.3884951372549,30
54.96592210000017,36.7704279,40.11596901960784,30
54.99793640000007,41.536964850000004,21.423667254901947,30
55.04591939999955,42.49027224,17.685206901960772,30
55.07782769999994,43.44357963,13.9467465490196,30
55.109862899999825,44.39688702,10.208286196078422,30
55.14184750000004,45.35019441,6.469825843137254,30
55.17386660000011,46.167315030000005,3.265431254901948,30
55.206088899999486,46.98443565,0.06103666666666529,30
55.23783759999969,47.665369500000004,0.0,30
55.26987519999966,48.34630335,0.0,30
55.301777499999844,49.0272372,0.0,30
55.33391529999972,45.89494149,4.333562784313717,30
55.365921399999934,46.43968857,2.197299725490191,30
55.39789870000004,46.98443565,0.06103666666666529,30
55.44595509999999,47.52918273,0.0,30
55.47791270000016,47.93774304,0.0,30
55.50993240000025,48.210116580000005,0.0,30
55.541885300000104,48.48249012,0.0,30
55.57376599999952,48.754863660000005,0.0,30
55.6060293999999,48.89105043,0.0,30
55.63782840000022,49.0272372,0.0,30
55.66988140000012,49.0272372,0.0,30
55.701865400000315,49.0272372,0.0,30
55.733793700000206,52.70427999,0.0,30
55.76585799999975,52.56809322,0.0,30
55.797823799999605,52.43190645,0.0,30
55.84578640000018,52.15953291,0.0,30
55.87780180000027,51.750972600000004,0.0,30
55.90979309999966,51.342412290000006,0.0,30
55.9416642999995,50.93385198,0.0,30
55.973815399999694,50.3891049,0.0,30
56.00583920000008,49.708171050000004,0.0,30
56.037971099999595,49.163423970000004,0.0,30
56.06996419999996,48.48249012,0.0,30
56.10180719999971,47.80155627,0.0,30
56.13388510000004,47.120622420000004,0.0,30
56.165899499999796,46.3035018,2.731365490196086,30
56.197893499999736,45.48638118,5.935760078431369,30
56.245842000000266,44.669260560000005,9.140154666666653,30
56.27778969999963,43.85213994,12.344549254901958,30
56.309785499999634,42.89883255,16.083009607843127,30
56.34238269999969,41.94552516,19.821469960784306,30
56.37375840000004,40.856031,24.093996078431367,30
56.405875899999955,39.76653684,28.36652219607843,30
56.43791770000007,38.67704268,32.639048313725496,30
56.469866000000366,37.58754852,36.91157443137256,30
56.50193229999968,36.498054360000005,41.18410054901959,30
56.53388780000023,35.27237343,45.990692431372544,30
56.56585619999987,34.0466925,50.79728431372549,30
56.59793329999957,32.957198340000005,55.06981043137253,30
56.62984679999954,31.731517410000006,59.876402313725464,30
56.6777818999999,30.505836480000003,64.68299419607843,30
56.7097690999999,29.280155550000003,69.48958607843136,30
56.74184299999979,28.054474620000004,74.29617796078429,30
56.77374469999995,26.828793690000005,79.10276984313724,30
56.80580269999973,25.466925990000004,84.44342749019607,30
56.83789849999994,24.241245060000004,89.25001937254899,30
56.86972640000022,23.015564130000005,94.05661125490195,30
56.90179619999981,21.926069970000004,98.329137372549,30
56.93383040000026,20.836575810000003,100.0,30
56.96582980000039,19.610894880000004,100.0,30
56.99787389999983,18.657587490000004,100.0,30
57.02981610000006,17.568093330000004,100.0,30
57.07821460000014,16.61478594,100.0,30
57.10993140000028,15.525291780000002,100.0,30
57.141888899999685,14.43579762,100.0,30
57.17387510000026,13.482490230000002,100.0,30
57.206176400000004,12.39299607,100.0,30
57.23792609999964,11.575875450000002,100.0,30
57.269859400000314,10.75875483,100.0,30
57.301784600000246,9.805447440000002,100.0,30
57.33384010000009,8.852140050000001,100.0,30
57.36580580000009,8.03501943,100.0,30
57.39785490000031,7.3540855800000005,100.0,30
57.429817600000206,6.536964960000001,100.0,30
57.47785659999954,5.856031110000001,100.0,30
57.50982690000001,5.17509726,100.0,30
57.541877399999976,4.630350180000001,100.0,30
57.57379409999976,4.22178987,100.0,30
57.60583510000015,4.0856031,100.0,30
57.63780459999998,3.8132295600000004,100.0,30
57.669812699999966,3.4046692500000004,100.0,30
57.701825299999655,2.17898832,100.0,30
57.73374270000022,1.7704280100000003,100.0,30
57.76579179999953,1.49805447,100.0,30
57.797805600000174,1.08949416,100.0,30
57.82980609999959,0.8171206200000001,100.0,30
57.87788389999969,0.54474708,100.0,30
57.90978759999962,0.27237354,100.0,30
57.94174969999949,0.0,100.0,30
57.973675000000185,-0.1361867699999999,100.0,30
58.00578870000027,0.27237354,100.0,30
58.037924100000055,0.1361867699999999,100.0,30
58.06979700000011,0.0,100.0,30
58.10181399999965,-0.5447470800000003,100.0,30
58.133998399999655,-0.5447470800000003,100.0,30
58.16590929999984,-0.5447470800000003,100.0,30
58.19790899999953,-0.5447470800000003,100.0,30
58.22989260000031,-0.5447470800000003,100.0,30
58.27789670000038,0.1361867699999999,100.0,30
58.309883300000365,0.27237354,100.0,30
58.341776899999786,0.27237354,100.0,30
58.3737828000003,0.40856031000000015,100.0,30
58.40583880000031,0.0,100.0,30
58.43790259999969,0.1361867699999999,100.0,30
58.469911399999546,0.27237354,100.0,30
58.50174749999951,0.40856031000000015,100.0,30
58.533818599999904,0.54474708,100.0,30
58.56577779999952,0.8171206200000001,100.0,30
58.597790099999656,1.08949416,100.0,30
58.62982019999981,1.3618677000000001,100.0,30
58.67773219999981,1.7704280100000003,100.0,30
58.70983669999987,2.17898832,100.0,30
58.74172379999982,3.5408560200000005,100.0,30
58.77381609999975,3.94941633,100.0,30
58.8057974000003,4.0856031,100.0,30
58.83781410000029,4.35797664,100.0,30
58.86978249999993,4.90272372,100.0,30
58.901780500000314,5.583657570000001,100.0,30
58.933802300000025,6.26459142,100.0,30
58.96582169999965,6.94552527,100.0,30
58.997822799999994,7.626459120000001,100.0,30
59.03002469999956,8.44357974,100.0,30
59.07795299999998,9.260700360000001,100.0,30
59.10989989999962,10.07782098,100.0,30
59.14186249999966,10.894941600000001,100.0,30
59.173804899999595,11.84824899,100.0,30
59.20619850000003,12.66536961,100.0,30
59.2378020999995,13.618677000000002,100.0,30
59.26985479999985,14.57198439,100.0,30
59.30181059999995,15.525291780000002,100.0,30
59.33381089999966,16.478599170000003,100.0,30
59.3658132999999,17.568093330000004,100.0,30
59.39788520000002,18.521400720000003,100.0,30
59.42981630000031,19.610894880000004,100.0,30
59.47785180000028,20.700389040000005,100.0,30
59.50976919999994,21.789883200000002,98.8632031372549,30
59.5417510999996,22.879377360000003,94.59067701960782,30
59.57386839999981,23.968871520000004,90.31815090196076,30
59.60588199999984,25.058365680000005,86.0456247843137,30
59.637821399999666,26.284046610000004,81.23903290196077,30
59.66980100000001,27.373540770000005,76.96650678431371,30
59.70171889999983,28.599221700000005,72.15991490196076,30
59.73379509999995,29.824902630000004,67.35332301960784,30
59.765828200000215,30.914396790000005,63.08079690196075,30
59.797822200000155,32.14007772,58.27420501960785,30
59.82981579999978,33.22957188,54.00167890196077,30
59.877755599999546,34.455252810000005,49.195087019607826,30
59.910039499999584,35.54474697,44.92256090196079,30
59.94227570000021,36.7704279,40.11596901960784,30
59.97424719999981,34.31906604,49.72915278431371,30
60.00607390000005,35.408560200000004,45.45662666666665,30
60.037943299999824,36.63424113,40.650034784313725,30
60.069924000000356,37.72373529,36.377508666666664,30
60.1019239999996,42.35408547,18.21927266666666,30
60.13393569999971,43.44357963,13.9467465490196,30
60.1658781999995,44.53307379,9.674220431372536,30
60.19793539999955,45.48638118,5.935760078431369,30
60.22985789999984,42.76264578,16.61707537254902,30
60.27786110000034,43.579766400000004,13.412680784313705,30
60.309809600000335,44.53307379,9.674220431372536,30
60.3418402999996,45.214007640000005,7.003891607843116,30
60.37391680000019,46.03112826,3.7994970196078324,30
60.40574050000032,46.712062110000005,1.1291681960784115,30
60.43783259999964,47.39299596,0.0,30
60.46982899999966,47.93774304,0.0,30
60.501785700000255,48.48249012,0.0,30
60.53381520000039,48.89105043,0.0,30
60.56581589999951,49.299610740000006,0.0,30
60.597788400000354,49.57198428,0.0,30
60.62979590000032,49.98054459,0.0,30
60.67784269999993,50.252918130000005,0.0,30
60.709757499999796,50.3891049,0.0,30
60.74179389999972,50.52529167,0.0,30
60.77381719999994,50.52529167,0.0,30
60.80583959999967,50.52529167,0.0,30
60.837856099999954,50.3891049,0.0,30
60.870155699999486,50.11673136,0.0,30
60.90198270000019,49.98054459,0.0,30
60.93382060000022,49.57198428,0.0,30
60.96585200000027,52.840466760000005,0.0,30
60.997906200000216,52.43190645,0.0,30
61.029897999999775,52.02334614,0.0,30
61.07778440000038,51.61478583,0.0,30
61.109875699999975,51.07003875,0.0,30
61.14186080000036,50.3891049,0.0,30
61.17385420000028,49.708171050000004,0.0,30
61.20574729999953,49.0272372,0.0,30
61.23780179999994,48.210116580000005,0.0,30
61.26973939999971,47.39299596,0.0,30
61.30184469999949,46.57587534,1.6632339607842956,30
61.333885799999734,45.75875472,4.867628549019612,30
61.365823699999964,44.80544733,8.60608890196079,30
61.39783559999978,43.85213994,12.344549254901958,30
61.42983589999949,42.76264578,16.61707537254902,30
61.47783019999952,41.80933839,20.355535725490192,30
61.50991799999974,40.71984423,24.628061843137257,30
61.541868299999805,39.63035007,28.900587960784318,30
61.5738424000001,38.40466914,33.70717984313724,30
61.605854700000236,37.04280144,39.04783749019609,30
61.63788180000029,36.08949405,42.78629784313726,30
61.66984390000016,34.86381312,47.59288972549018,30
61.70182380000006,33.501945420000006,52.93354737254901,30
61.733814399999574,32.27626449,57.74013925490195,30
61.76578849999987,31.050583560000003,62.54673113725489,30
61.79784529999961,29.824902630000004,67.35332301960784,30
61.82982340000035,28.599221700000005,72.15991490196076,30
61.87784329999977,27.373540770000005,76.96650678431371,30
61.90984209999988,26.011673070000004,82.30716443137254,30
61.94190090000029,24.649805370000003,87.64782207843137,30
61.97375929999998,23.424124440000003,92.4544139607843,30
62.00581809999949,22.198443510000004,97.26100584313724,30
62.037787399999615,20.972762580000005,100.0,30
62.069779700000254,19.747081650000002,100.0,30
62.10177930000009,18.657587490000004,100.0,30
62.13388440000017,17.568093330000004,100.0,30
62.165893000000324,16.3424124,100.0,30
62.1978868999995,15.252918240000001,100.0,30
62.22981830000026,14.16342408,100.0,30
62.2778116999998,13.210116690000001,100.0,30
62.30986529999973,12.2568093,100.0,30
62.341846299999816,11.303501910000001,100.0,30
62.3738029999995,10.48638129,100.0,30
62.40579979999984,9.533073900000002,100.0,30
62.43783230000008,8.57976651,100.0,30
62.46974729999965,7.762645890000001,100.0,30
62.501757,6.94552527,100.0,30
62.533822899999905,6.12840465,100.0,30
62.56580649999978,5.31128403,100.0,30
62.59777750000012,4.630350180000001,100.0,30
62.629822400000194,4.0856031,100.0,30
62.677795999999944,3.8132295600000004,100.0,30
62.709825799999635,2.4513618600000004,100.0,30
62.741731099999924,1.9066147800000002,100.0,30
62.77390110000033,1.3618677000000001,100.0,30
62.80575289999979,0.8171206200000001,100.0,30
62.8377903999999,0.27237354,100.0,30
62.8696874999996,0.27237354,100.0,30
62.90176280000014,0.1361867699999999,100.0,30
62.93382010000005,-0.40856031000000015,100.0,30
62.96579529999963,0.1361867699999999,100.0,30
62.99778950000018,0.0,100.0,30
63.02981829999953,0.0,100.0,30
63.0778393999999,0.0,100.0,30
63.10987079999995,0.1361867699999999,100.0,30
63.14192960000037,-0.5447470800000003,100.0,30
63.173880700000154,0.0,100.0,30
63.20588020000014,0.0,100.0,30
63.237850999999864,0.0,100.0,30
63.26976360000026,0.0,100.0,30
63.30182429999968,0.0,100.0,30
63.33405880000009,0.0,100.0,30
63.36590090000027,0.0,100.0,30
63.3979360000003,0.0,100.0,30
63.43010830000003,0.0,100.0,30
63.47785769999973,0.0,100.0,30
63.50992169999972,0.0,100.0,30
63.541929699999855,0.1361867699999999,100.0,30
63.573791300000266,0.1361867699999999,100.0,30
63.6058624999996,0.1361867699999999,100.0,30
63.63789619999989,-0.40856031000000015,100.0,30
63.67004749999978,-0.27237354,100.0,30
63.70214120000037,-0.1361867699999999,100.0,30
63.733927199999926,0.1361867699999999,100.0,30
63.76581420000002,0.27237354,100.0,30
63.79785559999982,0.54474708,100.0,30
63.829835399999865,0.8171206200000001,100.0,30
63.87784879999981,0.9533073900000001,100.0,30
63.909801400000106,1.3618677000000001,100.0,30
63.941814499999964,1.6342412400000002,100.0,30
63.97378219999973,2.04280155,100.0,30
64.00579689999995,2.4513618600000004,100.0,30
64.03784329999962,3.6770427900000007,100.0,30
64.06991089999974,4.0856031,100.0,30
64.10205899999983,4.0856031,100.0,30
64.13390929999969,4.4941634100000005,100.0,30
64.16585430000032,5.03891049,100.0,30
64.19793709999976,5.719844340000001,100.0,30
64.22979450000003,6.26459142,100.0,30
64.2777728000001,6.94552527,100.0,30
64.30977509999957,7.626459120000001,100.0,30
64.34176409999964,8.1712062,100.0,30
64.37381089999963,8.988326820000001,100.0,30
64.40585199999987,9.669260670000002,100.0,30
64.43769640000028,10.48638129,100.0,30
64.46976319999976,11.303501910000001,100.0,30
64.50177239999994,12.12062253,100.0,30
64.53387539999949,12.937743150000001,100.0,30
64.56576829999995,13.754863770000002,100.0,30
64.59777039999972,14.57198439,100.0,30
64.62982469999952,15.389105010000002,100.0,30
64.67783119999967,16.3424124,100.0,30
64.70981690000008,17.15953302,100.0,30
64.74184049999985,18.112840410000004,100.0,30
64.77379980000023,18.929961030000005,100.0,30
64.80579349999971,19.883268420000004,100.0,30
64.83772270000009,20.972762580000005,100.0,30
64.86974989999999,21.926069970000004,98.329137372549,30
64.90178620000006,22.879377360000003,94.59067701960782,30
64.93377409999994,23.832684750000002,90.85221666666666,30
64.96576329999971,24.785992140000005,87.11375631372547,30
64.99778739999965,25.875486300000002,82.84123019607841,30
65.02979340000002,26.964980460000003,78.56870407843137,30
65.07780360000015,28.054474620000004,74.29617796078429,30
65.10973279999962,29.143968780000005,70.02365184313723,30
65.14176010000028,30.097276170000004,66.28519149019606,30
65.17382329999964,31.322957100000004,61.47859960784313,30
65.20587419999993,32.412451260000005,57.206073490196054,30
65.23790550000012,33.501945420000006,52.93354737254901,30
65.26990430000023,34.59143958,48.66102125490197,30
65.3018960999998,35.68093374,44.3884951372549,30
65.33389960000022,36.7704279,40.11596901960784,30
65.36581690000003,34.31906604,49.72915278431371,30
65.39779269999963,35.27237343,45.990692431372544,30
65.42979279999963,40.038910380000004,27.29839066666665,30
65.47781500000019,41.128404540000005,23.025864549019587,30
65.50987259999965,42.081711930000004,19.287404196078413,30
65.5418039999995,43.03501932,15.548943843137241,30
65.57382440000038,44.124513480000005,11.276417725490179,30
65.60583899999983,44.9416341,8.072023137254895,30
65.63789629999974,45.75875472,4.867628549019612,30
65.66982970000026,46.712062110000005,1.1291681960784115,30
65.70168139999987,47.39299596,0.0,30
65.73384110000006,44.53307379,9.674220431372536,30
65.76578700000027,45.214007640000005,7.003891607843116,30
65.79789379999966,45.75875472,4.867628549019612,30
65.82984829999987,46.3035018,2.731365490196086,30
65.87776870000016,46.84824888,0.5951024313725495,30
65.90985040000032,47.39299596,0.0,30
65.94185170000037,47.80155627,0.0,30
65.97379590000037,48.210116580000005,0.0,30
66.00580089999949,48.48249012,0.0,30
66.03779140000006,48.754863660000005,0.0,30
66.06980459999977,48.89105043,0.0,30
66.10180589999982,49.0272372,0.0,30
66.13381860000027,49.163423970000004,0.0,30
66.16580419999991,52.97665353,0.0,30
66.19782849999956,52.97665353,0.0,30
66.22986639999999,52.840466760000005,0.0,30
66.27791220000017,52.70427999,0.0,30
66.3097515999998,52.43190645,0.0,30
66.34186190000037,52.15953291,0.0,30
66.37379469999996,51.750972600000004,0.0,30
66.40574310000011,51.47859906,0.0,30
66.43785560000015,50.93385198,0.0,30
66.4698429,50.52529167,0.0,30
66.50182039999981,50.11673136,0.0,30
66.53376149999986,49.57198428,0.0,30
66.56576599999971,49.0272372,0.0,30
66.5977856999998,48.34630335,0.0,30
66.62982159999956,47.665369500000004,0.0,30
66.67778019999969,46.98443565,0.06103666666666529,30
66.7097660999998,46.3035018,2.731365490196086,30
66.74172999999973,45.48638118,5.935760078431369,30
66.77382789999956,44.669260560000005,9.140154666666653,30
66.80594399999973,43.85213994,12.344549254901958,30
66.83780269999988,42.89883255,16.083009607843127,30
66.86974379999992,41.80933839,20.355535725490192,30
66.90176510000038,40.856031,24.093996078431367,30
66.93376129999979,39.76653684,28.36652219607843,30
66.96580400000039,38.67704268,32.639048313725496,30
66.99777269999959,37.58754852,36.91157443137256,30
67.0302671999998,36.498054360000005,41.18410054901959,30
67.0779149,35.408560200000004,45.45662666666665,30
67.10983550000037,34.18287927,50.263218549019605,30
67.1419307999995,32.957198340000005,55.06981043137253,30
67.17387059999965,31.731517410000006,59.876402313725464,30
67.20588250000037,30.505836480000003,64.68299419607843,30
67.23786860000018,29.280155550000003,69.48958607843136,30
67.26978570000028,28.054474620000004,74.29617796078429,30
67.30177980000008,26.828793690000005,79.10276984313724,30
67.33378530000027,25.466925990000004,84.44342749019607,30
67.36576530000002,24.241245060000004,89.25001937254899,30
67.39777400000003,23.015564130000005,94.05661125490195,30
67.42980819999957,21.789883200000002,98.8632031372549,30
67.47827380000035,20.564202270000003,100.0,30
67.50997180000013,19.338521340000003,100.0,30
67.54179219999969,18.249027180000002,100.0,30
67.57379750000018,17.15953302,100.0,30
67.60589849999997,16.070038860000004,100.0,30
67.6379023999998,14.980544700000001,100.0,30
67.66976450000038,13.89105054,100.0,30
67.70175850000032,13.073929920000001,100.0,30
67.73380499999985,11.98443576,100.0,30
67.76580620000004,11.167315140000001,100.0,30
67.79807160000018,10.35019452,100.0,30
67.82988670000032,9.533073900000002,100.0,30
67.87792999999965,8.71595328,100.0,30
67.90983400000005,7.89883266,100.0,30
67.94185600000037,7.21789881,100.0,30
67.97384369999963,6.536964960000001,100.0,30
68.0058253999996,5.856031110000001,100.0,30
68.03779659999964,5.17509726,100.0,30
68.06977529999949,4.4941634100000005,100.0,30
68.10178799999994,4.22178987,100.0,30
68.13401259999955,3.94941633,100.0,30
68.1658609999995,3.4046692500000004,100.0,30
68.19780809999975,2.17898832,100.0,30
68.22980480000024,1.6342412400000002,100.0,30
68.2777500000002,1.2256809300000002,100.0,30
68.30987060000007,0.8171206200000001,100.0,30
68.34193059999961,0.40856031000000015,100.0,30
68.37383369999952,0.1361867699999999,100.0,30
68.40580529999988,0.40856031000000015,100.0,30
68.43774649999978,0.1361867699999999,100.0,30
68.469787,0.1361867699999999,100.0,30
68.50182390000009,-0.40856031000000015,100.0,30
68.53388199999972,-0.5447470800000003,100.0,30
68.56573169999956,0.0,100.0,30
68.59779400000025,0.0,100.0,30
68.62984219999998,0.0,100.0,30
68.6777575999995,0.0,100.0,30
68.70976570000039,0.0,100.0,30
68.74177320000035,0.0,100.0,30
68.77372970000033,0.0,100.0,30
68.80579200000011,0.0,100.0,30
68.83781029999955,0.1361867699999999,100.0,30
68.86990200000037,0.1361867699999999,100.0,30
68.90181409999968,0.1361867699999999,100.0,30
68.93421000000035,0.27237354,100.0,30
68.96593819999998,0.40856031000000015,100.0,30
68.99833149999995,0.40856031000000015,100.0,30
69.03013959999953,0.0,100.0,30
69.07800310000039,0.1361867699999999,100.0,30
69.10983550000037,0.40856031000000015,100.0,30
69.1419423999996,0.68093385,100.0,30
69.17403709999962,0.9533073900000001,100.0,30
69.20634719999998,1.3618677000000001,100.0,30
69.23870379999971,1.6342412400000002,100.0,30
69.26998579999963,2.04280155,100.0,30
69.30172810000022,2.4513618600000004,100.0,30
69.33373200000005,3.6770427900000007,100.0,30
69.36581959999967,4.0856031,100.0,30
69.39782899999955,4.0856031,100.0,30
69.42983709999953,4.4941634100000005,100.0,30
69.47783040000013,4.90272372,100.0,30
69.50985599999967,5.4474708000000005,100.0,30
69.54181489999974,5.99221788,100.0,30
69.57378710000012,6.673151730000001,100.0,30
69.60573509999995,7.21789881,100.0,30
69.6378249999998,7.762645890000001,100.0,30
69.66983170000003,8.44357974,100.0,30
69.70179470000039,9.124513590000001,100.0,30
69.73386500000015,9.669260670000002,100.0,30
69.76591149999967,10.35019452,100.0,30
69.79783440000028,11.167315140000001,100.0,30
69.82993030000034,11.84824899,100.0,30
69.87777399999959,12.66536961,100.0,30
69.90976190000038,13.346303460000001,100.0,30
69.9426424000003,14.16342408,100.0,30
69.97407599999951,14.980544700000001,100.0,30
70.00588650000009,15.933852090000002,100.0,30
70.03784759999962,16.61478594,100.0,30
70.0699982999995,17.43190656,100.0,30
70.10178949999954,18.385213950000004,100.0,30
70.13378550000016,19.202334570000005,100.0,30
70.16585010000017,20.019455190000002,100.0,30
70.19778570000017,20.972762580000005,100.0,30
70.22984319999978,21.926069970000004,98.329137372549,30
70.27784080000038,22.743190590000005,95.1247427843137,30
70.30981989999964,23.560311210000005,91.92034819607841,30
70.34180639999977,24.513618600000004,88.18188784313725,30
70.37380389999998,25.466925990000004,84.44342749019607,30
70.40580080000018,26.556420150000005,80.170901372549,30
70.43777769999997,27.509727540000004,76.43244101960784,30
70.46982370000023,28.735408470000003,71.62584913725489,30
70.50178700000015,29.688715860000006,67.88738878431371,30
70.53384240000014,30.778210020000003,63.61486266666665,30
70.56582259999959,31.867704180000004,59.34233654901959,30
70.59784969999964,32.957198340000005,55.06981043137253,30
70.62970880000012,33.910505730000004,51.33135007843135,30
70.67784709999978,34.99999989,47.05882396078432,30
70.70987229999992,36.08949405,42.78629784313726,30
70.74185829999988,37.04280144,39.04783749019609,30
70.77371709999989,38.1322956,34.77531137254902,30
70.80579990000024,39.35797653,29.968719490196072,30
70.8377516999999,40.44747069,25.696193372549008,30
70.86975259999963,41.536964850000004,21.423667254901947,30
70.90174949999982,42.626459010000005,17.151141137254882,30
70.93378759999996,43.579766400000004,13.412680784313705,30
70.96577290000005,44.669260560000005,9.140154666666653,30
70.99787779999951,45.622567950000004,5.401694313725474,30
71.02983080000013,46.57587534,1.6632339607842956,30
71.07787310000003,47.52918273,0.0,30
71.10977569999977,44.80544733,8.60608890196079,30
71.14181980000012,45.622567950000004,5.401694313725474,30
71.17374500000005,46.43968857,2.197299725490191,30
71.20575449999978,47.120622420000004,0.0,30
71.23781289999988,47.80155627,0.0,30
71.26982429999953,48.48249012,0.0,30
71.30180180000025,48.89105043,0.0,30
71.3339049999995,49.43579751,0.0,30
71.36586280000029,49.84435782,0.0,30
71.39785860000029,50.252918130000005,0.0,30
71.42992200000026,50.52529167,0.0,30
71.47783079999954,50.797665210000005,0.0,30
71.50981729999967,50.93385198,0.0,30
71.54181729999982,51.07003875,0.0,30
71.57382559999951,51.07003875,0.0,30
71.60581269999966,51.07003875,0.0,30
71.63784490000035,51.07003875,0.0,30
71.6697535000003,50.93385198,0.0,30
71.70184689999951,50.66147844,0.0,30
71.7337649000001,53.793774150000004,0.0,30
71.76577019999968,53.52140061,0.0,30
71.79799730000013,53.1128403,0.0,30
71.82981629999995,52.70427999,0.0,30
71.87781249999989,48.754863660000005,0.0,30
71.90983830000005,48.210116580000005,0.0,30
71.94175929999983,47.80155627,0.0,30
71.97383379999974,47.120622420000004,0.0,30
72.00564669999949,46.57587534,1.6632339607842956,30
72.03786080000009,45.89494149,4.333562784313717,30
72.06984190000003,48.754863660000005,0.0,30
72.10177599999952,48.07392981,0.0,30
72.13393980000001,47.256809190000006,0.0,30
72.16593629999988,46.3035018,2.731365490196086,30
72.19800490000034,45.48638118,5.935760078431369,30
72.22981129999971,44.53307379,9.674220431372536,30
72.2778017999999,43.44357963,13.9467465490196,30
72.30981350000002,42.49027224,17.685206901960772,30
72.3417559999998,41.40077808,21.957733019607836,30
72.37379150000015,40.17509715,26.76432490196079,30
72.4057657000003,39.08560299,31.03685101960785,30
72.4378101000002,37.72373529,36.377508666666664,30
72.46982659999958,36.498054360000005,41.18410054901959,30
72.5018301,35.27237343,45.990692431372544,30
72.53379979999954,33.910505730000004,51.33135007843135,30
72.56590119999964,32.54863803,56.67200772549019,30
72.59786210000038,31.186770330000005,62.012665372549,30
72.62975889999962,29.824902630000004,67.35332301960784,30
72.67775999999958,28.463034930000003,72.69398066666666,30
72.70981589999974,27.101167230000005,78.03463831372547,30
72.7417919999998,25.603112760000005,83.90936172549017,30
72.77380979999998,24.241245060000004,89.25001937254899,30
72.80589039999995,22.879377360000003,94.59067701960782,30
72.83786640000017,21.381322890000003,100.0,30
72.86981999999989,20.019455190000002,100.0,30
72.90179230000012,18.793774260000003,100.0,30
72.93392370000038,17.43190656,100.0,30
72.9657987999999,16.206225630000002,100.0,30
72.99778969999988,14.980544700000001,100.0,30
73.03039059999992,13.618677000000002,100.0,30
73.07794660000036,12.39299607,100.0,30
73.10987759999989,11.303501910000001,100.0,30
73.14187179999954,10.21400775,100.0,30
73.17384599999968,9.124513590000001,100.0,30
73.20587350000005,8.03501943,100.0,30
73.23787600000014,7.08171204,100.0,30
73.26987939999981,6.12840465,100.0,30
73.30189530000007,5.17509726,100.0,30
73.3339090999998,4.22178987,100.0,30
73.36581469999965,3.8132295600000004,100.0,30
73.39785550000033,2.3151750900000003,100.0,30
73.42990269999973,1.6342412400000002,100.0,30
73.47785130000011,0.68093385,100.0,30
73.50983089999954,0.0,100.0,30
73.54185489999963,0.1361867699999999,100.0,30
73.57387560000006,0.27237354,100.0,30
73.60593729999982,0.27237354,100.0,30
73.6378494999999,0.1361867699999999,100.0,30
73.66995250000036,0.0,100.0,30
73.70181469999989,0.0,100.0,30
73.73384249999981,0.0,100.0,30
73.76584999999977,0.0,100.0,30
73.79792019999968,0.0,100.0,30
73.82992180000019,0.0,100.0,30
73.87785280000026,0.0,100.0,30
73.90983979999965,0.0,100.0,30
73.94180919999962,0.0,100.0,30
73.97400089999974,0.0,100.0,30
74.0058939999999,0.0,100.0,30
74.0382370999996,0.0,100.0,30
74.07004059999963,0.0,100.0,30
74.10177899999962,0.0,100.0,30
74.13391460000003,0.0,100.0,30
74.16582639999979,0.0,100.0,30
74.19777009999962,0.0,100.0,30
74.2297907000002,0.0,100.0,30
74.27777960000003,0.0,100.0,30
74.30985650000002,0.0,100.0,30
74.34186320000026,0.0,100.0,30
74.37382720000005,0.0,100.0,30
74.4058285000001,0.0,100.0,30
74.43780779999997,0.1361867699999999,100.0,30
74.46976309999991,0.1361867699999999,100.0,30
74.50174200000038,0.27237354,100.0,30
74.53381590000026,0.40856031000000015,100.0,30
74.56581860000006,0.54474708,100.0,30
74.59788839999965,0.68093385,100.0,30
74.62978610000027,0.27237354,100.0,30
74.67774949999966,1.08949416,100.0,30
74.7097676000003,1.3618677000000001,100.0,30
74.74176840000018,1.08949416,100.0,30
74.77381950000017,1.49805447,100.0,30
74.80575700000009,1.9066147800000002,100.0,30
74.83774530000028,2.4513618600000004,100.0,30
74.86985199999981,3.6770427900000007,100.0,30
74.90183100000013,4.0856031,100.0,30
74.93382800000018,4.22178987,100.0,30
74.96587309999995,4.630350180000001,100.0,30
74.99805800000013,5.31128403,100.0,30
75.02991850000035,5.856031110000001,100.0,30
75.07783610000024,6.536964960000001,100.0,30
75.10981309999988,7.08171204,100.0,30
75.14195879999988,7.762645890000001,100.0,30
75.17379449999953,8.44357974,100.0,30
75.20573940000031,9.260700360000001,100.0,30
75.23802660000001,9.94163421,100.0,30
75.26984919999995,10.75875483,100.0,30
75.30187850000038,11.575875450000002,100.0,30
75.33387810000022,12.2568093,100.0,30
75.36582429999999,13.073929920000001,100.0,30
75.39780439999959,14.02723731,100.0,30
75.42984390000038,14.844357930000001,100.0,30
75.47782889999962,15.797665320000002,100.0,30
75.50979720000032,16.61478594,100.0,30
75.54177100000015,17.43190656,100.0,30
75.57382479999978,18.385213950000004,100.0,30
75.60609420000037,19.202334570000005,100.0,30
75.63774550000016,20.155641960000004,100.0,30
75.66971230000036,21.108949350000003,100.0,30
75.70175620000009,22.062256740000002,97.79507160784313,30
75.73374289999992,23.015564130000005,94.05661125490195,30
75.76575810000031,23.968871520000004,90.31815090196076,30
75.79786599999989,24.922178910000003,86.57969054901959,30
75.82981199999995,25.875486300000002,82.84123019607841,30
75.87795069999993,26.828793690000005,79.10276984313724,30
75.90974439999991,27.918287850000006,74.83024372549016,30
75.94170380000014,28.871595240000005,71.091783372549,30
75.97381169999971,29.961089400000006,66.81925725490194,30
76.00580949999949,30.914396790000005,63.08079690196075,30
76.03780159999951,32.003890950000006,58.80827078431371,30
76.06971040000008,33.09338511,54.535744666666666,30
76.10177199999998,34.18287927,50.263218549019605,30
76.13377039999978,35.27237343,45.990692431372544,30
76.16576989999976,36.36186759,41.71816631372548,30
76.1987597999996,37.451361750000004,37.445640196078415,30
76.23052800000005,38.540855910000005,33.173114078431354,30
76.27791650000017,39.63035007,28.900587960784318,30
76.30986479999956,40.71984423,24.628061843137257,30
76.34181410000019,41.67315162,20.889601490196082,30
76.37372450000021,42.626459010000005,17.151141137254882,30
76.40568970000004,43.579766400000004,13.412680784313705,30
76.43770099999983,44.53307379,9.674220431372536,30
76.46981119999964,45.35019441,6.469825843137254,30
76.50176170000032,46.167315030000005,3.265431254901948,30
76.53383620000022,46.98443565,0.06103666666666529,30
76.56597919999967,47.80155627,0.0,30
76.59809059999952,48.48249012,0.0,30
76.6298354999999,49.163423970000004,0.0,30
76.67776690000028,49.84435782,0.0,30
76.70978230000037,50.3891049,0.0,30
76.74181599999974,50.797665210000005,0.0,30
76.7737631,51.206225520000004,0.0,30
76.8057987000002,51.750972600000004,0.0,30
76.83777639999971,52.15953291,0.0,30
76.86981079999987,52.43190645,0.0,30
76.90181049999956,52.70427999,0.0,30
76.93381510000017,52.840466760000005,0.0,30
76.96573350000017,52.840466760000005,0.0,30
76.99787089999973,52.97665353,0.0,30
77.02987409999969,52.840466760000005,0.0,30
77.0778935999997,52.70427999,0.0,30
77.10987599999953,52.56809322,0.0,30
77.14182619999974,52.295719680000005,0.0,30
77.17395789999955,52.15953291,0.0,30
77.20616689999952,51.887159370000006,0.0,30
77.23788499999955,48.07392981,0.0,30
77.26981760000035,47.80155627,0.0,30
77.30184399999962,47.39299596,0.0,30
77.33412390000012,46.98443565,0.06103666666666529,30
77.36596509999981,46.43968857,2.197299725490191,30
77.39786790000016,45.75875472,4.867628549019612,30
77.4299062,45.214007640000005,7.003891607843116,30
77.47780640000019,44.53307379,9.674220431372536,30
77.50979189999998,43.71595317,12.878615019607842,30
77.54174210000019,42.89883255,16.083009607843127,30
77.57374429999982,42.081711930000004,19.287404196078413,30
77.60580329999993,44.9416341,8.072023137254895,30
77.63788190000014,43.98832671,11.810483490196074,30
77.67000780000035,43.03501932,15.548943843137241,30
77.70178279999982,42.081711930000004,19.287404196078413,30
77.7338934999998,41.128404540000005,23.025864549019587,30
77.76575299999968,40.038910380000004,27.29839066666665,30
77.79784029999973,38.94941622,31.570916784313713,30
77.82984029999989,37.85992206,35.84344290196078,30
77.87773480000033,36.63424113,40.650034784313725,30
77.90979349999998,35.54474697,44.92256090196079,30
77.94181939999999,34.455252810000005,49.195087019607826,30
77.97382349999953,33.22957188,54.00167890196077,30
78.00576290000026,32.14007772,58.27420501960785,30
78.03778379999949,30.914396790000005,63.08079690196075,30
78.0698241,29.688715860000006,67.88738878431371,30
78.1018269999995,28.599221700000005,72.15991490196076,30
78.13381049999953,27.237354000000003,77.50057254901958,30
78.16581849999966,26.147859840000002,81.77309866666667,30
78.19782630000009,24.922178910000003,86.57969054901959,30
78.22984850000012,23.696497980000004,91.38628243137254,30
78.27794970000014,22.607003820000003,95.6588085490196,30
78.30990409999959,21.381322890000003,100.0,30
78.34192410000014,20.291828730000002,100.0,30
78.37378799999988,19.202334570000005,100.0,30
78.40577380000013,18.249027180000002,100.0,30
78.43784760000017,17.295719790000003,100.0,30
78.4698712999998,16.206225630000002,100.0,30
78.50267710000026,15.252918240000001,100.0,30
78.53390959999979,14.29961085,100.0,30
78.5658741999996,13.346303460000001,100.0,30
78.59782949999953,12.52918284,100.0,30
78.62994369999979,11.712062220000002,100.0,30
78.6778131000001,10.894941600000001,100.0,30
78.70984359999966,10.21400775,100.0,30
78.74181640000006,9.396887130000001,100.0,30
78.7743674000003,8.71595328,100.0,30
78.80603140000039,8.1712062,100.0,30
78.83787370000027,7.626459120000001,100.0,30
78.87008679999963,7.08171204,100.0,30
78.90180539999983,6.536964960000001,100.0,30
78.93380770000022,5.99221788,100.0,30
78.96584369999982,5.583657570000001,100.0,30
78.99784339999951,5.03891049,100.0,30
79.02979870000036,4.630350180000001,100.0,30
79.07780829999956,4.35797664,100.0,30
79.10984219999955,4.0856031,100.0,30
79.14184829999977,3.8132295600000004,100.0,30
79.17404540000007,4.0856031,100.0,30
79.20582720000039,3.94941633,100.0,30
79.23787309999989,3.6770427900000007,100.0,30
79.26979980000033,3.5408560200000005,100.0,30
79.30218849999983,2.58754863,100.0,30
79.33383270000013,2.4513618600000004,100.0,30
79.36588510000001,2.3151750900000003,100.0,30
79.39791770000011,2.17898832,100.0,30
79.4304559000002,2.04280155,100.0,30
79.47781729999951,1.9066147800000002,100.0,30
79.50984359999984,1.9066147800000002,100.0,30
79.54185409999991,2.04280155,100.0,30
79.57387000000017,2.04280155,100.0,30
79.60579010000038,2.04280155,100.0,30
79.63785720000033,2.17898832,100.0,30
79.66983330000039,2.17898832,100.0,30
79.70184429999972,2.3151750900000003,100.0,30
79.73383869999998,2.58754863,100.0,30
79.76625460000014,3.5408560200000005,100.0,30
79.79783390000011,3.8132295600000004,100.0,30
79.82989300000008,3.94941633,100.0,30
79.87768870000036,4.0856031,100.0,30
79.9098355999995,4.0856031,100.0,30
79.9417827999996,4.35797664,100.0,30
79.97385980000035,4.766536950000001,100.0,30
80.00585640000008,5.17509726,100.0,30
80.03780769999958,5.583657570000001,100.0,30
80.06974739999987,5.99221788,100.0,30
80.1017297999997,6.4007781900000005,100.0,30
80.13381730000037,6.94552527,100.0,30
80.16582349999953,7.3540855800000005,100.0,30
80.19782699999996,7.89883266,100.0,30
80.22981249999975,8.44357974,100.0,30
80.27788229999987,9.124513590000001,100.0,30
80.31003099999998,9.805447440000002,100.0,30
80.34191459999965,10.35019452,100.0,30
80.37393470000006,11.031128370000001,100.0,30
80.40595010000015,11.712062220000002,100.0,30
80.43810889999986,12.39299607,100.0,30
80.46983889999956,13.073929920000001,100.0,30
80.50176589999955,13.89105054,100.0,30
80.5337626999999,14.708171160000001,100.0,30
80.56580399999984,15.525291780000002,100.0,30
80.59780140000021,16.3424124,100.0,30
80.62978769999972,17.295719790000003,100.0,30
80.6779317999999,18.112840410000004,100.0,30
80.71006800000032,19.066147800000003,100.0,30
80.74178459999985,19.883268420000004,100.0,30
80.77380429999994,20.836575810000003,100.0,30
80.8057960999995,21.653696430000004,99.39726890196077,30
80.8378171000004,22.470817050000004,96.19287431372547,30
80.8697844999997,23.424124440000003,92.4544139607843,30
80.90177549999953,24.377431830000003,88.71595360784312,30
80.93377059999966,25.330739220000005,84.97749325490194,30
80.96580639999956,26.284046610000004,81.23903290196077,30
80.99786330000006,27.373540770000005,76.96650678431371,30
81.02995819999978,28.326848160000004,73.22804643137253,30
81.07780000000002,29.416342320000005,68.95552031372546,30
81.10979359999965,30.505836480000003,64.68299419607843,30
81.1417736000003,31.459143870000005,60.944533843137236,30
81.17376969999987,32.412451260000005,57.206073490196054,30
81.20579269999962,33.501945420000006,52.93354737254901,30
81.23776720000023,34.455252810000005,49.195087019607826,30
81.26977699999952,35.408560200000004,45.45662666666665,30
81.30172029999994,36.498054360000005,41.18410054901959,30
81.33383080000021,37.58754852,36.91157443137256,30
81.36574839999957,38.540855910000005,33.173114078431354,30
81.39768879999974,39.63035007,28.900587960784318,30
81.42980660000012,40.583657460000005,25.162127607843114,30
81.47776840000006,41.536964850000004,21.423667254901947,30
81.50976230000015,42.49027224,17.685206901960772,30
81.54172370000015,43.30739286,14.480812313725494,30
81.57379690000016,44.26070025,10.742351960784315,30
81.60579659999985,45.077820870000004,7.537957372548999,30
81.63783119999971,45.75875472,4.867628549019612,30
81.66985060000025,46.57587534,1.6632339607842956,30
81.70179310000003,47.256809190000006,0.0,30
81.73379939999995,47.93774304,0.0,30
81.76577389999966,48.48249012,0.0,30
81.79774389999966,49.163423970000004,0.0,30
81.82993179999994,49.57198428,0.0,30
81.87771710000015,49.98054459,0.0,30
81.90979400000015,50.3891049,0.0,30
81.94185430000016,50.797665210000005,0.0,30
81.97374839999975,51.07003875,0.0,30
82.0057224000002,51.206225520000004,0.0,30
82.03775450000012,51.342412290000006,0.0,30
82.06978359999994,51.342412290000006,0.0,30
82.10183549999965,51.47859906,0.0,30
82.13379030000033,51.342412290000006,0.0,30
82.16591710000012,50.93385198,0.0,30
82.19788340000014,51.07003875,0.0,30
82.22980709999956,50.93385198,0.0,30
82.27787530000023,50.66147844,0.0,30
82.3097673000002,50.3891049,0.0,30
82.34180240000023,50.11673136,0.0,30
82.37376349999977,49.708171050000004,0.0,30
82.4058371000001,49.299610740000006,0.0,30
82.43779410000025,48.89105043,0.0,30
82.46976470000027,48.34630335,0.0,30
82.50182810000024,47.80155627,0.0,30
82.53383980000035,47.256809190000006,0.0,30
82.56583380000029,46.57587534,1.6632339607842956,30
82.59775669999999,45.89494149,4.333562784313717,30
82.62979559999985,45.214007640000005,7.003891607843116,30
82.67776440000034,44.39688702,10.208286196078422,30
82.7097375000003,43.71595317,12.878615019607842,30
82.74175259999993,42.76264578,16.61707537254902,30
82.77382130000024,41.80933839,20.355535725490192,30
82.80574830000023,40.856031,24.093996078431367,30
82.83783399999993,39.90272361,27.832456431372538,30
82.86975780000012,38.81322945,32.1049825490196,30
82.90164670000013,37.72373529,36.377508666666664,30
82.93378529999973,36.498054360000005,41.18410054901959,30
82.96579769999971,35.408560200000004,45.45662666666665,30
82.99789280000005,34.31906604,49.72915278431371,30
83.02980060000027,33.09338511,54.535744666666666,30
83.07778469999994,32.003890950000006,58.80827078431371,30
83.10973149999973,30.778210020000003,63.61486266666665,30
83.14171819999956,29.552529090000004,68.42145454901959,30
83.17373010000028,28.326848160000004,73.22804643137253,30
83.20571159999963,27.101167230000005,78.03463831372547,30
83.23772850000023,26.011673070000004,82.30716443137254,30
83.26975589999984,24.785992140000005,87.11375631372547,30
83.30174290000014,23.560311210000005,91.92034819607841,30
83.33376950000002,22.470817050000004,96.19287431372547,30
83.36577279999983,21.381322890000003,100.0,30
83.39771110000038,20.291828730000002,100.0,30
83.42974179999965,19.202334570000005,100.0,30
83.47779629999968,18.249027180000002,100.0,30
83.50974399999996,17.15953302,100.0,30
83.54172389999985,16.070038860000004,100.0,30
83.5736853999997,15.116731470000001,100.0,30
83.60575749999953,14.02723731,100.0,30
83.63779319999958,13.210116690000001,100.0,30
83.6701194999996,12.39299607,100.0,30
83.70185500000025,11.439688680000001,100.0,30
83.73379329999989,10.62256806,100.0,30
83.76572169999963,9.805447440000002,100.0,30
83.79768049999984,9.124513590000001,100.0,30
83.82970999999998,8.30739297,100.0,30
83.8777326999998,7.762645890000001,100.0,30
83.90974240000014,7.21789881,100.0,30
83.94177109999964,6.536964960000001,100.0,30
83.9737368999995,5.99221788,100.0,30
84.0057923000004,5.583657570000001,100.0,30
84.0377638,5.03891049,100.0,30
84.06972500000029,4.4941634100000005,100.0,30
84.10172849999981,4.0856031,100.0,30
84.13379749999967,4.22178987,100.0,30
84.16578860000027,3.94941633,100.0,30
84.19769550000001,3.5408560200000005,100.0,30
84.22972519999985,2.4513618600000004,100.0,30
84.27778039999976,2.04280155,100.0,30
84.30976989999999,1.7704280100000003,100.0,30
84.34165089999988,1.49805447,100.0,30
84.37373690000004,1.2256809300000002,100.0,30
84.40570939999998,1.08949416,100.0,30
84.43775939999978,0.8171206200000001,100.0,30
84.46975480000037,0.68093385,100.0,30
84.50171409999984,0.68093385,100.0,30
84.53374340000028,0.54474708,100.0,30
84.5657271,0.54474708,100.0,30
84.59774029999971,0.40856031000000015,100.0,30
84.6297340000001,0.40856031000000015,100.0,30
84.67783580000014,0.40856031000000015,100.0,30
84.70973520000007,0.40856031000000015,100.0,30
84.74176650000027,0.54474708,100.0,30
84.77368300000035,0.68093385,100.0,30
84.80574419999994,0.68093385,100.0,30
84.83775760000026,0.9533073900000001,100.0,30
84.86976279999999,1.08949416,100.0,30
84.90180210000017,1.3618677000000001,100.0,30
84.93383389999963,1.49805447,100.0,30
84.96568070000012,1.7704280100000003,100.0,30
84.99773069999992,2.04280155,100.0,30
85.02974960000029,2.3151750900000003,100.0,30
85.07783550000022,3.4046692500000004,100.0,30
85.1098235999998,3.8132295600000004,100.0,30
85.14185379999981,4.0856031,100.0,30
85.1741334999997,4.0856031,100.0,30
85.20579480000015,4.22178987,100.0,30
85.23775740000019,4.766536950000001,100.0,30
85.26971349999985,5.17509726,100.0,30
85.30174989999978,5.719844340000001,100.0,30
85.3337246000001,6.4007781900000005,100.0,30
85.36572890000025,6.94552527,100.0,30
85.39780669999982,7.626459120000001,100.0,30
85.42977929999961,8.30739297,100.0,30
85.4779196999998,8.852140050000001,100.0,30
85.50977839999996,9.669260670000002,100.0,30
85.54178750000028,10.35019452,100.0,30
85.57371599999988,11.031128370000001,100.0,30
85.60574699999961,11.712062220000002,100.0,30
85.63776140000027,12.52918284,100.0,30
85.66977479999969,13.210116690000001,100.0,30
85.70180609999989,14.02723731,100.0,30
85.73380749999978,14.844357930000001,100.0,30
85.76577230000021,15.661478550000002,100.0,30
85.79770329999974,16.61478594,100.0,30
85.8299047999999,17.568093330000004,100.0,30
85.8778198,18.385213950000004,100.0,30
85.90978660000019,19.338521340000003,100.0,30
85.94176489999973,20.291828730000002,100.0,30
85.9737527999996,21.245136120000005,100.0,30
86.00575469999967,22.198443510000004,97.26100584313724,30
86.03775119999955,23.151750900000003,93.52254549019608,30
86.06972659999974,24.105058290000002,89.78408513725489,30
86.10178650000034,25.058365680000005,86.0456247843137,30
86.133828,26.011673070000004,82.30716443137254,30
86.16575780000039,27.101167230000005,78.03463831372547,30
86.19769449999967,28.190661390000002,73.76211219607842,30
86.22975479999968,29.280155550000003,69.48958607843136,30
86.27776699999959,30.233462940000006,65.75112572549017,30
86.30970520000028,31.322957100000004,61.47859960784313,30
86.34177480000017,32.412451260000005,57.206073490196054,30
86.37379510000028,33.365758650000004,53.46761313725489,30
86.40571949999958,34.18287927,50.263218549019605,30
86.43798950000019,35.13618666,46.52475819607843,30
86.46971469999971,36.08949405,42.78629784313726,30
86.50176920000013,37.17898821,38.5137717254902,30
86.53367919999982,38.26848237,34.24124560784313,30
86.56574949999958,39.22178976,30.50278525490196,30
86.5977597000001,40.17509715,26.76432490196079,30
86.62975929999993,41.128404540000005,23.025864549019587,30
86.67774360000021,41.94552516,19.821469960784306,30
86.7097660999998,42.89883255,16.083009607843127,30
86.74177400000008,43.71595317,12.878615019607842,30
86.77373119999993,44.53307379,9.674220431372536,30
86.80571570000029,45.35019441,6.469825843137254,30
86.8377518999996,46.03112826,3.7994970196078324,30
86.86971189999986,46.712062110000005,1.1291681960784115,30
86.90173070000037,47.256809190000006,0.0,30
86.93371149999984,47.93774304,0.0,30
86.96568790000038,48.34630335,0.0,30
86.99775750000026,48.89105043,0.0,30
87.02969519999988,49.299610740000006,0.0,30
87.07773420000012,49.708171050000004,0.0,30
87.10974660000011,50.11673136,0.0,30
87.14183049999974,50.3891049,0.0,30
87.17377060000035,50.66147844,0.0,30
87.20568170000024,50.797665210000005,0.0,30
87.23774460000004,50.93385198,0.0,30
87.26967979999972,51.07003875,0.0,30
87.3017377999995,51.07003875,0.0,30
87.33374939999976,50.93385198,0.0,30
87.36572539999997,50.797665210000005,0.0,30
87.39774579999994,50.66147844,0.0,30
87.42977749999955,50.3891049,0.0,30
87.4777494,49.98054459,0.0,30
87.5097708000003,49.57198428,0.0,30
87.54175510000005,49.299610740000006,0.0,30
87.57376910000039,48.754863660000005,0.0,30
87.60569839999971,48.34630335,0.0,30
87.63777899999968,47.80155627,0.0,30
87.6696965000001,47.256809190000006,0.0,30
87.7017337999996,46.57587534,1.6632339607842956,30
87.73385770000004,45.89494149,4.333562784313717,30
87.76580240000021,45.214007640000005,7.003891607843116,30
87.79780500000015,44.39688702,10.208286196078422,30
87.8297606999995,43.579766400000004,13.412680784313705,30
87.87770999999975,42.626459010000005,17.151141137254882,30
87.90970529999959,41.80933839,20.355535725490192,30
87.94176009999956,40.856031,24.093996078431367,30
87.97381159999986,39.76653684,28.36652219607843,30
88.00578150000001,38.67704268,32.639048313725496,30
88.03803239999979,37.58754852,36.91157443137256,30
88.06986549999965,36.498054360000005,41.18410054901959,30
88.10175789999994,35.54474697,44.92256090196079,30
88.1337524999999,34.455252810000005,49.195087019607826,30
88.16577270000016,33.365758650000004,53.46761313725489,30
88.19778059999953,32.27626449,57.74013925490195,30
88.22976420000032,31.186770330000005,62.012665372549,30
88.27785459999996,30.097276170000004,66.28519149019606,30
88.30978969999978,29.007782010000003,70.55771760784313,30
88.3418314999999,27.782101080000004,75.36430949019606,30
88.37374920000002,26.692606920000003,79.63683560784312,30
88.40575100000024,25.603112760000005,83.90936172549017,30
88.43781029999991,24.513618600000004,88.18188784313725,30
88.46976410000025,23.424124440000003,92.4544139607843,30
88.50179010000011,22.334630280000003,96.72694007843137,30
88.53377530000034,21.381322890000003,100.0,30
88.56576450000011,20.291828730000002,100.0,30
88.59776109999984,19.338521340000003,100.0,30
88.6297813000001,18.385213950000004,100.0,30
88.67774250000002,17.568093330000004,100.0,30
88.70971370000007,16.478599170000003,100.0,30
88.74172790000011,15.661478550000002,100.0,30
88.7737146999998,14.844357930000001,100.0,30
88.80568829999993,13.89105054,100.0,30
88.83773139999994,13.073929920000001,100.0,30
88.86967339999956,12.39299607,100.0,30
88.90173770000001,11.575875450000002,100.0,30
88.9337717999997,11.031128370000001,100.0,30
88.96583850000025,10.35019452,100.0,30
88.99772800000028,10.21400775,100.0,30
89.02971869999965,9.669260670000002,100.0,30
89.07776670000021,9.260700360000001,100.0,30
89.10970269999962,8.71595328,100.0,30
89.14177389999986,8.30739297,100.0,30
89.1738949999999,7.89883266,100.0,30
89.20576549999987,7.490272350000001,100.0,30
89.23780739999984,7.08171204,100.0,30
89.2697261000003,6.809338500000001,100.0,30
89.30174720000014,6.4007781900000005,100.0,30
89.33376229999976,6.12840465,100.0,30
89.36579549999988,5.856031110000001,100.0,30
89.39778569999999,5.583657570000001,100.0,30
89.42978270000003,5.31128403,100.0,30
89.47787880000033,5.03891049,100.0,30
89.50972629999978,4.766536950000001,100.0,30
89.54185299999972,4.630350180000001,100.0,30
89.57381110000006,4.4941634100000005,100.0,30
89.6056993000002,4.35797664,100.0,30
89.6377695000001,4.22178987,100.0,30
89.66974889999983,4.22178987,100.0,30
89.70180609999989,4.22178987,100.0,30
89.73377160000018,4.35797664,100.0,30
89.76577259999976,4.35797664,100.0,30
89.79776870000023,4.4941634100000005,100.0,30
89.8297978999999,4.4941634100000005,100.0,30
89.87773790000028,4.630350180000001,100.0,30
89.90970089999973,4.766536950000001,100.0,30
89.94171319999987,4.90272372,100.0,30
89.9737384,5.03891049,100.0,30
90.00571920000039,5.31128403,100.0,30
90.03773329999967,5.583657570000001,100.0,30
90.06971199999953,5.856031110000001,100.0,30
90.10178350000024,6.26459142,100.0,30
90.13373229999979,6.536964960000001,100.0,30
90.16573249999965,6.94552527,100.0,30
90.19771649999984,7.21789881,100.0,30
90.22976550000021,7.762645890000001,100.0,30
90.27777200000037,8.1712062,100.0,30
90.30952999999954,8.57976651,100.0,30
90.34169370000018,9.124513590000001,100.0,30
90.37373060000027,9.669260670000002,100.0,30
90.40568890000031,10.21400775,100.0,30
90.4377058,10.75875483,100.0,30
90.46973090000029,11.303501910000001,100.0,30
90.5017697000003,11.84824899,100.0,30
90.53374489999987,12.52918284,100.0,30
90.56563199999982,13.073929920000001,100.0,30
90.59773750000022,13.754863770000002,100.0,30
90.62970849999965,14.43579762,100.0,30
90.67770839999957,15.116731470000001,100.0,30
90.70975889999954,15.933852090000002,100.0,30
90.74172139999973,16.750972710000003,100.0,30
90.77370960000007,17.43190656,100.0,30
90.8058332999999,18.112840410000004,100.0,30
90.83766819999983,19.066147800000003,100.0,30
90.86967790000017,19.883268420000004,100.0,30
90.90175060000001,20.700389040000005,100.0,30
90.93379430000005,21.653696430000004,99.39726890196077,30
90.96571469999981,22.470817050000004,96.19287431372547,30
90.99773920000007,23.424124440000003,92.4544139607843,30
91.02976310000031,24.241245060000004,89.25001937254899,30
91.07774739999968,25.194552450000003,85.51155901960783,30
91.1095792999995,26.011673070000004,82.30716443137254,30
91.14180659999965,27.101167230000005,78.03463831372547,30
91.17374000000018,27.918287850000006,74.83024372549016,30
91.20568590000039,29.007782010000003,70.55771760784313,30
91.23777450000034,29.961089400000006,66.81925725490194,30
91.26977350000016,30.914396790000005,63.08079690196075,30
91.30182239999976,31.867704180000004,59.34233654901959,30
91.33379460000015,32.82101157,55.60387619607843,30
91.36583350000001,33.77431896,51.86541584313724,30
91.39769129999968,34.72762635,48.126955490196075,30
91.42968709999968,35.81712051,43.854429372549006,30
91.47775360000014,36.7704279,40.11596901960784,30
91.50971419999951,37.72373529,36.377508666666664,30
91.54168219999974,38.540855910000005,33.173114078431354,30
91.57363090000035,39.63035007,28.900587960784318,30
91.60575530000006,40.44747069,25.696193372549008,30
91.63771530000031,41.40077808,21.957733019607836,30
91.66972729999998,42.2178987,18.75333843137255,30
91.7017692999998,43.03501932,15.548943843137241,30
91.73367690000032,43.85213994,12.344549254901958,30
91.76567880000039,44.669260560000005,9.140154666666653,30
91.79776810000021,45.35019441,6.469825843137254,30
91.82969159999993,46.03112826,3.7994970196078324,30
91.87778939999953,46.712062110000005,1.1291681960784115,30
91.90983070000038,47.256809190000006,0.0,30
91.94173030000002,47.80155627,0.0,30
91.97369249999974,48.34630335,0.0,30
92.00573449999956,48.754863660000005,0.0,30
92.03774040000008,49.163423970000004,0.0,30
92.06970910000018,49.43579751,0.0,30
92.10175629999958,49.708171050000004,0.0,30
92.13383710000016,49.98054459,0.0,30
92.16580109999995,50.11673136,0.0,30
92.1977321000004,50.11673136,0.0,30
92.2297423,50.252918130000005,0.0,30
92.27775930000007,50.252918130000005,0.0,30
92.30968589999975,50.11673136,0.0,30
92.34178629999951,50.11673136,0.0,30
92.37381619999996,49.98054459,0.0,30
92.40580059999957,49.84435782,0.0,30
92.43780789999983,49.708171050000004,0.0,30
92.47002119999979,49.43579751,0.0,30
92.50186610000037,49.0272372,0.0,30
92.53377610000007,48.61867689,0.0,30
92.56607540000005,48.210116580000005,0.0,30
92.59777140000006,47.80155627,0.0,30
92.62975470000038,47.256809190000006,0.0,30
92.67770980000023,46.712062110000005,1.1291681960784115,30
92.70968319999974,46.03112826,3.7994970196078324,30
92.74172939999971,45.48638118,5.935760078431369,30
92.7737033000003,44.669260560000005,9.140154666666653,30
92.80571119999968,43.98832671,11.810483490196074,30
92.83768489999966,43.171206090000005,15.014878078431357,30
92.86971730000005,42.35408547,18.21927266666666,30
92.90173679999953,41.40077808,21.957733019607836,30
92.93374200000017,40.44747069,25.696193372549008,30
92.96569029999955,39.494163300000004,29.43465372549018,30
92.99771119999969,38.26848237,34.24124560784313,30
93.02971199999956,37.31517498,37.9797059607843,30
93.07775760000004,36.22568082,42.25223207843137,30
93.1097264,35.13618666,46.52475819607843,30
93.14177240000026,34.0466925,50.79728431372549,30
93.1739576,32.957198340000005,55.06981043137253,30
93.20579480000015,31.731517410000006,59.876402313725464,30
93.23779170000034,30.642023250000005,64.14892843137252,30
93.26966960000027,29.552529090000004,68.42145454901959,30
93.30168940000021,28.463034930000003,72.69398066666666,30
93.33378379999976,27.237354000000003,77.50057254901958,30
93.36567709999963,26.147859840000002,81.77309866666667,30
93.39770990000034,25.058365680000005,86.0456247843137,30
93.4297134999997,23.968871520000004,90.31815090196076,30
93.47770440000022,23.015564130000005,94.05661125490195,30
93.50969299999997,22.062256740000002,97.79507160784313,30
93.54172269999981,20.972762580000005,100.0,30
93.57373589999952,19.883268420000004,100.0,30
93.60579440000038,19.066147800000003,100.0,30
93.63775780000014,18.249027180000002,100.0,30
93.66972170000008,17.295719790000003,100.0,30
93.70174570000017,16.3424124,100.0,30
93.73371299999963,15.252918240000001,100.0,30
93.76567760000034,14.43579762,100.0,30
93.79779580000013,13.482490230000002,100.0,30
93.82977579999988,12.66536961,100.0,30
93.87772479999967,11.98443576,100.0,30
93.91002000000026,11.167315140000001,100.0,30
93.94161309999981,10.62256806,100.0,30
93.97363800000039,10.35019452,100.0,30
94.00565290000031,9.805447440000002,100.0,30
94.0377110999998,9.260700360000001,100.0,30
94.06970639999963,8.71595328,100.0,30
94.10168939999949,8.1712062,100.0,30
94.13381130000016,7.626459120000001,100.0,30
94.16578070000014,7.21789881,100.0,30
94.19770299999982,6.809338500000001,100.0,30
94.22971859999961,6.4007781900000005,100.0,30
94.27772470000036,5.99221788,100.0,30
94.30970040000011,5.719844340000001,100.0,30
94.34174379999968,5.4474708000000005,100.0,30
94.37380219999977,5.17509726,100.0,30
94.40579619999971,5.03891049,100.0,30
94.43775509999978,4.766536950000001,100.0,30
94.46984969999994,4.630350180000001,100.0,30
94.50175560000025,4.630350180000001,100.0,30
94.53374879999956,4.4941634100000005,100.0,30
94.56561779999993,4.4941634100000005,100.0,30
94.59773510000014,4.4941634100000005,100.0,30
94.6297070999999,4.4941634100000005,100.0,30
94.67762179999954,4.630350180000001,100.0,30
94.70971300000019,4.766536950000001,100.0,30
94.74173979999978,4.90272372,100.0,30
94.77371659999972,5.03891049,100.0,30
94.80571940000027,5.31128403,100.0,30
94.83772279999994,5.583657570000001,100.0,30
94.86969219999992,5.719844340000001,100.0,30
94.9017260999999,5.99221788,100.0,30
94.93369580000035,6.4007781900000005,100.0,30
94.96566849999999,6.673151730000001,100.0,30
94.9979459999995,6.94552527,100.0,30
95.02975640000022,7.3540855800000005,100.0,30
95.07775539999966,7.762645890000001,100.0,30
95.10967759999949,8.1712062,100.0,30
95.14176459999999,8.57976651,100.0,30
95.17370149999988,9.124513590000001,100.0,30
95.20575099999951,9.533073900000002,100.0,30
95.23770229999991,10.07782098,100.0,30
95.26969389999977,10.62256806,100.0,30
95.30170730000009,11.167315140000001,100.0,30
95.33371460000035,11.712062220000002,100.0,30
95.3656947999998,12.2568093,100.0,30
95.39769160000014,12.937743150000001,100.0,30
95.42967719999979,13.618677000000002,100.0,30
95.47771000000012,14.16342408,100.0,30
95.50968660000035,14.844357930000001,100.0,30
95.54170999999951,15.661478550000002,100.0,30
95.57370609999998,16.3424124,100.0,30
95.60580130000017,17.15953302,100.0,30
95.63774449999983,17.976653640000002,100.0,30
95.66979770000034,18.657587490000004,100.0,30
95.70184450000033,19.47470811,100.0,30
95.73374409999997,20.291828730000002,100.0,30
95.76566120000007,21.108949350000003,100.0,30
95.79775210000025,21.926069970000004,98.329137372549,30
95.8297278,22.743190590000005,95.1247427843137,30
95.87772949999999,23.696497980000004,91.38628243137254,30
95.9096999000003,24.649805370000003,87.64782207843137,30
95.94165040000007,25.603112760000005,83.90936172549017,30
95.97394939999958,26.556420150000005,80.170901372549,30
96.00578959999984,27.509727540000004,76.43244101960784,30
96.03771070000039,28.599221700000005,72.15991490196076,30
96.06967869999971,29.688715860000006,67.88738878431371,30
96.10170899999957,30.642023250000005,64.14892843137252,30
96.13373839999986,31.731517410000006,59.876402313725464,30
96.1657194999998,32.6848248,56.13794196078431,30
96.1977651999996,33.63813219,52.39948160784314,30
96.22977179999998,34.59143958,48.66102125490197,30
96.27790679999998,35.68093374,44.3884951372549,30
96.30961449999995,36.498054360000005,41.18410054901959,30
96.34168789999967,37.451361750000004,37.445640196078415,30
96.37370769999961,38.40466914,33.70717984313724,30
96.40569460000006,39.35797653,29.968719490196072,30
96.43777260000024,40.17509715,26.76432490196079,30
96.46963989999949,40.99221777,23.559930313725477,30
96.50172050000037,41.80933839,20.355535725490192,30
96.53374590000021,42.626459010000005,17.151141137254882,30
96.56569839999975,43.30739286,14.480812313725494,30
96.59773200000018,44.124513480000005,11.276417725490179,30
96.62968170000022,44.80544733,8.60608890196079,30
96.67770629999995,45.48638118,5.935760078431369,30
96.70975840000028,46.03112826,3.7994970196078324,30
96.74168720000034,46.712062110000005,1.1291681960784115,30
96.77369530000033,47.120622420000004,0.0,30
96.8057074999997,47.665369500000004,0.0,30
96.83775530000003,48.07392981,0.0,30
96.86968999999954,48.48249012,0.0,30
96.90179590000025,48.89105043,0.0,30
96.9336401999999,49.163423970000004,0.0,30
96.96561769999971,49.43579751,0.0,30
96.99769409999953,49.57198428,0.0,30
97.02968330000022,49.708171050000004,0.0,30
97.07770059999984,49.84435782,0.0,30
97.10971719999998,49.84435782,0.0,30
97.14180370000031,49.84435782,0.0,30
97.17372929999965,49.84435782,0.0,30
97.20573369999966,49.708171050000004,0.0,30
97.23766909999995,49.43579751,0.0,30
97.26968269999998,49.163423970000004,0.0,30
97.30173079999986,48.754863660000005,0.0,30
97.33369740000035,48.34630335,0.0,30
97.36569779999991,47.93774304,0.0,30
97.39772059999996,47.39299596,0.0,30
97.4297932999998,46.712062110000005,1.1291681960784115,30
97.47782470000038,46.167315030000005,3.265431254901948,30
97.50966749999952,45.622567950000004,5.401694313725474,30
97.5416183999996,44.80544733,8.60608890196079,30
97.57373670000015,44.26070025,10.742351960784315,30
97.60577420000027,43.44357963,13.9467465490196,30
97.63771710000037,42.626459010000005,17.151141137254882,30
97.66969009999957,41.80933839,20.355535725490192,30
97.7016923000001,40.99221777,23.559930313725477,30
97.73374189999959,40.038910380000004,27.29839066666665,30
97.7657022000003,39.08560299,31.03685101960785,30
97.79766800000016,38.1322956,34.77531137254902,30
97.82971249999991,37.04280144,39.04783749019609,30
97.87774069999978,35.953307280000004,43.32036360784312,30
97.90971239999999,34.99999989,47.05882396078432,30
97.9417241000001,33.910505730000004,51.33135007843135,30
97.97372300000006,32.957198340000005,55.06981043137253,30
98.00573059999988,31.867704180000004,59.34233654901959,30
98.0377341000003,30.642023250000005,64.14892843137252,30
98.0697424,29.552529090000004,68.42145454901959,30
98.1016380000001,28.463034930000003,72.69398066666666,30
98.13381649999974,27.237354000000003,77.50057254901958,30
98.16576749999967,26.147859840000002,81.77309866666667,30
98.19772560000001,25.058365680000005,86.0456247843137,30
98.22973840000031,23.968871520000004,90.31815090196076,30
98.27767810000023,22.879377360000003,94.59067701960782,30
98.30977609999991,21.789883200000002,98.8632031372549,30
98.34164059999966,20.836575810000003,100.0,30
98.37370899999951,19.883268420000004,100.0,30
98.40575129999979,18.929961030000005,100.0,30
98.43770359999962,17.976653640000002,100.0,30
98.46969110000009,17.15953302,100.0,30
98.50175459999991,16.206225630000002,100.0,30
98.53375330000017,15.252918240000001,100.0,30
98.56573479999952,14.43579762,100.0,30
98.59778529999949,13.618677000000002,100.0,30
98.6298084,12.937743150000001,100.0,30
98.67774449999979,12.2568093,100.0,30
98.70968319999974,11.575875450000002,100.0,30
98.74179110000023,10.894941600000001,100.0,30
98.7736861000003,10.35019452,100.0,30
98.80570449999959,9.805447440000002,100.0,30
98.83774660000017,9.124513590000001,100.0,30
98.86972030000015,8.71595328,100.0,30
98.90171610000016,8.1712062,100.0,30
98.93375130000004,7.626459120000001,100.0,30
98.96573100000023,7.21789881,100.0,30
98.99774249999973,6.809338500000001,100.0,30
99.0297615999998,6.536964960000001,100.0,30
99.07768049999959,6.12840465,100.0,30
99.10997750000024,5.856031110000001,100.0,30
99.1419520999998,5.583657570000001,100.0,30
99.17383210000025,5.31128403,100.0,30
99.20581949999996,5.03891049,100.0,30
99.2378348000002,4.90272372,100.0,30
99.26983790000031,4.630350180000001,100.0,30
99.30165500000021,4.4941634100000005,100.0,30
99.33365260000028,4.22178987,100.0,30
99.36572650000016,4.22178987,100.0,30
99.39767870000014,4.0856031,100.0,30
99.42976859999999,4.0856031,100.0,30
99.47781980000036,4.0856031,100.0,30
99.50975800000015,4.0856031,100.0,30
99.54174669999975,4.0856031,100.0,30
99.57376990000012,4.0856031,100.0,30
99.60576250000031,4.22178987,100.0,30
99.63775720000012,4.22178987,100.0,30
99.66976199999954,4.35797664,100.0,30
99.70172790000015,4.4941634100000005,100.0,30
99.73369420000017,4.766536950000001,100.0,30
99.76579450000008,4.90272372,100.0,30
99.7978164999995,5.17509726,100.0,30
99.82972239999981,5.4474708000000005,100.0,30
99.87788980000005,5.719844340000001,100.0,30
99.90974740000001,5.99221788,100.0,30
99.94166800000039,6.26459142,100.0,30
99.97376729999996,6.536964960000001,100.0,30
100.00571690000015,6.94552527,100.0,30
100.03771729999971,7.3540855800000005,100.0,30
100.0697540000001,7.762645890000001,100.0,30
100.10176270000011,8.1712062,100.0,30
100.13379019999957,8.57976651,100.0,30
100.16570969999975,8.988326820000001,100.0,30
100.19772629999989,9.533073900000002,100.0,30
100.2297209999997,10.07782098,100.0,30
100.2777589999996,10.62256806,100.0,30
100.30973319999976,11.031128370000001,100.0,30
100.34174119999989,11.575875450000002,100.0,30
100.37373269999989,11.98443576,100.0,30
100.40572359999987,12.801556380000001,100.0,30
100.43778060000022,13.346303460000001,100.0,30
100.46978829999989,14.02723731,100.0,30
100.50185880000026,15.116731470000001,100.0,30
100.53380209999978,15.797665320000002,100.0,30
100.56569800000034,16.61478594,100.0,30
100.59775619999982,17.568093330000004,100.0,30
100.62971079999988,18.385213950000004,100.0,30
100.67772289999994,19.338521340000003,100.0,30
100.70972100000017,20.155641960000004,100.0,30
100.74173530000007,21.108949350000003,100.0,30
100.77374320000035,21.926069970000004,98.329137372549,30
100.80567280000014,22.879377360000003,94.59067701960782,30
100.83769709999979,23.832684750000002,90.85221666666666,30
100.86971069999981,24.785992140000005,87.11375631372547,30
100.9017845999997,25.739299530000004,83.37529596078429,30
100.93364930000007,26.692606920000003,79.63683560784312,30
100.96579370000018,27.645914310000006,75.89837525490194,30
100.99791860000005,28.599221700000005,72.15991490196076,30
101.02996400000029,29.552529090000004,68.42145454901959,30
101.07773829999951,30.505836480000003,64.68299419607843,30
101.10998870000003,31.595330640000004,60.41046807843136,30
101.14168179999979,32.6848248,56.13794196078431,30
101.17364259999977,33.77431896,51.86541584313724,30
101.20575459999964,34.86381312,47.59288972549018,30
101.23776610000004,35.81712051,43.854429372549006,30
101.26966819999961,36.90661467,39.581903254901945,30
101.3016348000001,37.996108830000004,35.309377137254884,30
101.33381680000002,39.08560299,31.03685101960785,30
101.36586220000027,40.038910380000004,27.29839066666665,30
101.39764660000037,41.128404540000005,23.025864549019587,30
101.4297545999998,41.94552516,19.821469960784306,30
101.47774909999953,42.89883255,16.083009607843127,30
101.50977330000023,43.71595317,12.878615019607842,30
101.54168750000008,44.53307379,9.674220431372536,30
101.57373310000003,45.35019441,6.469825843137254,30
101.60575900000003,46.03112826,3.7994970196078324,30
101.63776810000036,46.712062110000005,1.1291681960784115,30
101.66972569999962,47.52918273,0.0,30
101.70176199999969,48.07392981,0.0,30
101.73381539999991,48.754863660000005,0.0,30
101.76579459999994,49.299610740000006,0.0,30
101.79762829999981,49.708171050000004,0.0,30
101.82968840000012,50.11673136,0.0,30
101.8777471000003,50.52529167,0.0,30
101.90966469999967,50.797665210000005,0.0,30
101.94174430000021,51.07003875,0.0,30
101.97370959999989,51.342412290000006,0.0,30
102.00571229999969,51.47859906,0.0,30
102.03777199999968,51.61478583,0.0,30
102.0696638999998,51.750972600000004,0.0,30
102.10175640000034,51.750972600000004,0.0,30
102.13376739999967,51.61478583,0.0,30
102.16579019999972,51.61478583,0.0,30
102.19775500000014,51.47859906,0.0,30
102.22969600000033,51.342412290000006,0.0,30
102.27774419999969,51.07003875,0.0,30
102.30966480000006,50.797665210000005,0.0,30
102.34166249999998,50.3891049,0.0,30
102.37373479999951,49.98054459,0.0,30
102.40574670000024,49.57198428,0.0,30
102.43787580000026,49.163423970000004,0.0,30
102.46992409999984,48.61867689,0.0,30
102.50174739999966,47.93774304,0.0,30
102.53377220000039,47.39299596,0.0,30
102.56565159999991,46.57587534,1.6632339607842956,30
102.59791909999967,45.89494149,4.333562784313717,30
102.6296640999999,45.077820870000004,7.537957372548999,30
102.67772609999975,44.26070025,10.742351960784315,30
102.70971939999981,43.44357963,13.9467465490196,30
102.74171039999965,42.49027224,17.685206901960772,30
102.77380770000036,41.536964850000004,21.423667254901947,30
102.80606160000025,40.583657460000005,25.162127607843114,30
102.83783049999965,39.63035007,28.900587960784318,30
102.86973699999999,38.540855910000005,33.173114078431354,30
102.90172910000001,37.31517498,37.9797059607843,30
102.93374810000023,36.22568082,42.25223207843137,30
102.96573139999964,35.13618666,46.52475819607843,30
102.99776310000016,33.910505730000004,51.33135007843135,30
103.02985590000026,32.6848248,56.13794196078431,30
103.07762889999958,31.459143870000005,60.944533843137236,30
103.1097436,30.369649710000004,65.2170599607843,30
103.14171609999994,29.143968780000005,70.02365184313723,30
103.17384320000019,27.782101080000004,75.36430949019606,30
103.20578879999994,26.556420150000005,80.170901372549,30
103.23775730000034,25.330739220000005,84.97749325490194,30
103.26967630000036,24.241245060000004,89.25001937254899,30
103.30169990000013,23.015564130000005,94.05661125490195,30
103.33370869999999,21.789883200000002,98.8632031372549,30
103.36560689999988,20.700389040000005,100.0,30
103.39775000000009,19.47470811,100.0,30
103.42971940000007,18.385213950000004,100.0,30
103.47770349999973,17.295719790000003,100.0,30
103.5096966000001,16.070038860000004,100.0,30
103.54164760000003,15.116731470000001,100.0,30
103.57364140000027,14.16342408,100.0,30
103.60570900000039,13.210116690000001,100.0,30
103.6377567999998,12.2568093,100.0,30
103.66971660000036,11.303501910000001,100.0,30
103.70167880000008,10.48638129,100.0,30
103.73375399999986,9.533073900000002,100.0,30
103.76588400000037,8.852140050000001,100.0,30
103.79794990000028,8.03501943,100.0,30
103.82977949999986,7.3540855800000005,100.0,30
103.87808880000011,6.673151730000001,100.0,30
103.90981199999987,5.99221788,100.0,30
103.94184440000026,5.31128403,100.0,30
103.97370409999985,4.630350180000001,100.0,30
104.00575010000011,4.0856031,100.0,30
104.03764669999964,4.0856031,100.0,30
104.0697151000004,3.6770427900000007,100.0,30
104.1017880999998,2.3151750900000003,100.0,30
104.13364809999985,1.9066147800000002,100.0,30
104.16574330000003,1.49805447,100.0,30
104.19770489999974,1.08949416,100.0,30
104.22981929999969,0.68093385,100.0,30
104.27768269999979,0.40856031000000015,100.0,30
104.30969600000026,0.0,100.0,30
104.34171880000031,-0.27237354,100.0,30
104.37373659999957,-0.40856031000000015,100.0,30
104.40568879999955,-0.40856031000000015,100.0,30
104.43781690000014,-0.40856031000000015,100.0,30
104.46972670000014,-0.40856031000000015,100.0,30
104.50180629999977,-0.40856031000000015,100.0,30
104.53372229999968,-0.40856031000000015,100.0,30
104.56566850000036,-0.40856031000000015,100.0,30
104.59769679999954,-0.40856031000000015,100.0,30
104.6296884000003,-0.40856031000000015,100.0,30
104.6776119999995,-0.40856031000000015,100.0,30
104.70957980000003,-0.40856031000000015,100.0,30
104.74165710000034,-0.40856031000000015,100.0,30
104.77369350000026,-0.27237354,100.0,30
104.80570059999991,-0.27237354,100.0,30
104.8377104000001,-0.1361867699999999,100.0,30
104.86968079999951,0.0,100.0,30
104.90171680000003,0.1361867699999999,100.0,30
104.93363229999977,0.27237354,100.0,30
104.96576670000013,0.54474708,100.0,30
104.99773180000011,0.8171206200000001,100.0,30
105.02986820000024,1.08949416,100.0,30
105.07776769999964,1.3618677000000001,100.0,30
105.10999830000037,1.7704280100000003,100.0,30
105.14170869999998,2.17898832,100.0,30
105.17367290000038,3.4046692500000004,100.0,30
105.20572429999993,3.8132295600000004,100.0,30
105.23771570000008,4.0856031,100.0,30
105.2697035000001,4.0856031,100.0,30
105.30177309999999,4.4941634100000005,100.0,30
105.33356949999961,5.03891049,100.0,30
105.36570599999959,5.719844340000001,100.0,30
105.3981530000001,6.4007781900000005,100.0,30
105.4297633999995,6.94552527,100.0,30
105.47780069999953,7.626459120000001,100.0,30
105.50980309999977,8.44357974,100.0,30
105.54180069999984,9.260700360000001,100.0,30
105.57377799999995,10.07782098,100.0,30
105.60574850000012,10.894941600000001,100.0,30
105.63777570000002,11.84824899,100.0,30
105.66978070000005,12.66536961,100.0,30
105.70181589999993,13.618677000000002,100.0,30
105.73360919999959,14.57198439,100.0,30
105.76566029999958,15.525291780000002,100.0,30
105.79781110000022,16.61478594,100.0,30
105.82974430000013,17.568093330000004,100.0,30
105.87767580000036,18.657587490000004,100.0,30
105.9096940999998,19.747081650000002,100.0,30
105.94169880000027,20.972762580000005,100.0,30
105.9737267999999,22.198443510000004,97.26100584313724,30
106.00568019999992,23.424124440000003,92.4544139607843,30
106.03771299999971,24.649805370000003,87.64782207843137,30
106.06975799999964,25.875486300000002,82.84123019607841,30
106.10164009999971,27.101167230000005,78.03463831372547,30
106.13377020000007,28.326848160000004,73.22804643137253,30
106.16584799999964,29.416342320000005,68.95552031372546,30
106.19772159999957,30.642023250000005,64.14892843137252,30
106.22963340000024,31.867704180000004,59.34233654901959,30
106.27771849999954,33.09338511,54.535744666666666,30
106.30973129999984,34.31906604,49.72915278431371,30
106.34161529999983,35.54474697,44.92256090196079,30
106.37377310000011,36.7704279,40.11596901960784,30
106.4057141000003,37.996108830000004,35.309377137254884,30
106.43770399999994,39.22178976,30.50278525490196,30
106.46964039999966,40.31128392,26.230259137254897,30
106.50183019999986,41.536964850000004,21.423667254901947,30
106.53382969999984,42.626459010000005,17.151141137254882,30
106.56572940000024,43.71595317,12.878615019607842,30
106.59765619999962,44.80544733,8.60608890196079,30
106.62972179999997,45.89494149,4.333562784313717,30
106.6776474999997,46.84824888,0.5951024313725495,30
106.70969679999962,47.80155627,0.0,30
106.74174219999986,48.754863660000005,0.0,30
106.77369410000028,49.708171050000004,0.0,30
106.80568570000014,50.52529167,0.0,30
106.8376903999997,51.342412290000006,0.0,30
106.86967100000038,51.887159370000006,0.0,30
106.90167870000005,52.56809322,0.0,30
106.93366229999992,53.1128403,0.0,30
106.96572540000034,53.793774150000004,0.0,30
106.99773230000028,54.20233446,0.0,30
107.02971119999984,54.61089477,0.0,30
107.07765250000011,55.01945508,0.0,30
107.10965190000024,55.15564185,0.0,30
107.14171710000028,55.428015390000006,0.0,30
107.17368420000003,55.56420216,0.0,30
107.20568379999986,55.56420216,0.0,30
107.23766599999999,55.56420216,0.0,30
107.26967090000016,55.428015390000006,0.0,30
107.30170319999979,55.15564185,0.0,30
107.3336761999999,54.883268310000005,0.0,30
107.36566419999963,54.474708,0.0,30
107.3976990000001,54.06614769,0.0,30
107.42966239999987,53.65758738,0.0,30
107.47767120000026,53.1128403,0.0,30
107.5096612999996,52.70427999,0.0,30
107.54167799999959,52.15953291,0.0,30
107.57375299999967,51.61478583,0.0,30
107.60581050000019,50.93385198,0.0,30
107.63774980000017,50.252918130000005,0.0,30
107.66967380000006,49.57198428,0.0,30
107.70160510000005,48.754863660000005,0.0,30
107.73373559999982,48.07392981,0.0,30
107.76571630000035,47.256809190000006,0.0,30
107.79775460000019,46.3035018,2.731365490196086,30
107.82971019999968,45.48638118,5.935760078431369,30
107.87769339999977,44.53307379,9.674220431372536,30
107.90965359999973,43.579766400000004,13.412680784313705,30
107.9416768000001,42.49027224,17.685206901960772,30
107.9736911,41.536964850000004,21.423667254901947,30
108.00566199999957,40.31128392,26.230259137254897,30
108.03766050000013,39.22178976,30.50278525490196,30
108.06966829999965,37.996108830000004,35.309377137254884,30
108.10169549999955,36.7704279,40.11596901960784,30
108.13359500000024,35.68093374,44.3884951372549,30
108.16564010000002,34.31906604,49.72915278431371,30
108.19766830000026,33.09338511,54.535744666666666,30
108.22973879999972,31.867704180000004,59.34233654901959,30
108.27777059999971,30.505836480000003,64.68299419607843,30
108.30976699999974,29.143968780000005,70.02365184313723,30
108.34172390000003,27.782101080000004,75.36430949019606,30
108.37375229999998,26.420233380000003,80.7049671372549,30
108.40564110000014,25.058365680000005,86.0456247843137,30
108.43773890000011,23.832684750000002,90.85221666666666,30
108.46971060000033,22.470817050000004,96.19287431372547,30
108.50169490000007,21.108949350000003,100.0,30
108.53368339999997,19.883268420000004,100.0,30
108.56566190000012,18.657587490000004,100.0,30
108.5976842,17.43190656,100.0,30
108.62973859999965,16.206225630000002,100.0,30
108.67763860000014,14.980544700000001,100.0,30
108.70972429999983,13.754863770000002,100.0,30
108.74166260000038,12.66536961,100.0,30
108.77366359999996,11.575875450000002,100.0,30
108.80568810000022,10.62256806,100.0,30
108.83760480000001,9.669260670000002,100.0,30
108.86973039999975,8.57976651,100.0,30
108.90165330000036,7.626459120000001,100.0,30
108.93378920000032,6.673151730000001,100.0,30
108.9656187999999,5.719844340000001,100.0,30
108.99768250000034,4.766536950000001,100.0,30
109.02967470000021,4.22178987,100.0,30
109.07780269999967,3.8132295600000004,100.0,30
109.10965440000018,2.4513618600000004,100.0,30
109.14168719999998,1.7704280100000003,100.0,30
109.17374540000037,1.08949416,100.0,30
109.20570239999961,0.40856031000000015,100.0,30
109.23773470000015,-0.1361867699999999,100.0,30
109.26970679999977,-0.40856031000000015,100.0,30
109.3016832000003,-0.27237354,100.0,30
109.33365570000024,-0.40856031000000015,100.0,30
109.3656860000001,-0.5447470800000003,100.0,30
109.39770979999957,-0.68093385,100.0,30
109.42971080000007,-0.5447470800000003,100.0,30
109.47767980000026,-0.5447470800000003,100.0,30
109.50965029999952,-0.5447470800000003,100.0,30
109.54162410000026,-0.5447470800000003,100.0,30
109.57359720000022,-0.5447470800000003,100.0,30
109.60576450000008,-0.5447470800000003,100.0,30
109.63783409999996,-0.5447470800000003,100.0,30
109.66972619999979,-0.5447470800000003,100.0,30
109.70158530000026,-0.5447470800000003,100.0,30
109.73362799999995,-0.5447470800000003,100.0,30
109.76567319999958,-0.5447470800000003,100.0,30
109.79766269999982,-0.5447470800000003,100.0,30
109.82972100000006,-0.5447470800000003,100.0,30
109.87769440000011,-0.5447470800000003,100.0,30
109.90970159999961,-0.5447470800000003,100.0,30
109.94167930000003,-0.5447470800000003,100.0,30
109.97359150000011,-0.5447470800000003,100.0,30
110.00569059999998,-0.5447470800000003,100.0,30
110.03765269999985,-0.5447470800000003,100.0,30
110.06964069999958,-0.5447470800000003,100.0,30
110.1016652999997,-0.5447470800000003,100.0,30
110.13375209999958,-0.5447470800000003,100.0,30
110.16592049999963,-0.5447470800000003,100.0,30
110.19773199999963,-0.5447470800000003,100.0,30
110.22970639999949,-0.40856031000000015,100.0,30
110.2777728000001,-0.40856031000000015,100.0,30
110.30965980000019,-0.27237354,100.0,30
110.3418300000003,-0.1361867699999999,100.0,30
110.37374809999983,0.0,100.0,30
110.40567319999991,0.1361867699999999,100.0,30
110.43772269999954,0.40856031000000015,100.0,30
110.46963760000017,0.54474708,100.0,30
110.50166749999971,0.9533073900000001,100.0,30
110.53365819999999,1.2256809300000002,100.0,30
110.56568340000013,1.6342412400000002,100.0,30
110.59767639999973,1.9066147800000002,100.0,30
110.6297555000001,2.3151750900000003,100.0,30
110.67767800000001,3.5408560200000005,100.0,30
110.7096246000001,3.94941633,100.0,30
110.74172050000016,4.0856031,100.0,30
110.77360090000002,4.22178987,100.0,30
110.8057061999998,4.766536950000001,100.0,30
110.83771449999949,5.31128403,100.0,30
110.86971340000036,5.856031110000001,100.0,30
110.90174389999993,6.536964960000001,100.0,30
110.93375730000025,7.21789881,100.0,30
110.9656272000002,7.89883266,100.0,30
110.99759790000007,8.57976651,100.0,30
111.02957359999982,9.396887130000001,100.0,30
111.07768279999982,10.21400775,100.0,30
111.10962469999959,11.167315140000001,100.0,30
111.14170699999977,11.98443576,100.0,30
111.17370649999975,12.937743150000001,100.0,30
111.20571319999999,13.89105054,100.0,30
111.2377078999998,14.980544700000001,100.0,30
111.26975349999975,15.933852090000002,100.0,30
111.30166829999962,17.023346250000003,100.0,30
111.33371480000005,17.976653640000002,100.0,30
111.36568499999976,19.066147800000003,100.0,30
111.39768379999987,20.019455190000002,100.0,30
111.42963380000037,21.245136120000005,100.0,30
111.47769299999982,22.334630280000003,96.72694007843137,30
111.50972809999985,23.424124440000003,92.4544139607843,30
111.54165639999974,24.377431830000003,88.71595360784312,30
111.57371849999981,25.466925990000004,84.44342749019607,30
111.60579719999987,26.556420150000005,80.170901372549,30
111.6376623999995,27.782101080000004,75.36430949019606,30
111.66968259999976,29.007782010000003,70.55771760784313,30
111.70168139999987,30.233462940000006,65.75112572549017,30
111.73364669999955,31.459143870000005,60.944533843137236,30
111.76569339999969,32.6848248,56.13794196078431,30
111.79770869999993,33.910505730000004,51.33135007843135,30
111.82965630000035,35.27237343,45.990692431372544,30
111.87766629999987,32.957198340000005,55.06981043137253,30
111.90970689999995,34.31906604,49.72915278431371,30
111.94163879999996,35.54474697,44.92256090196079,30
111.97369590000017,36.7704279,40.11596901960784,30
112.00565029999962,37.85992206,35.84344290196078,30
112.03765010000006,39.08560299,31.03685101960785,30
112.06961090000004,40.17509715,26.76432490196079,30
112.10171890000038,44.9416341,8.072023137254895,30
112.13385149999976,45.89494149,4.333562784313717,30
112.16576059999989,46.98443565,0.06103666666666529,30
112.19776649999949,47.93774304,0.0,30
112.22979120000036,48.89105043,0.0,30
112.27767609999955,49.708171050000004,0.0,30
112.30960539999978,50.52529167,0.0,30
112.34168810000028,51.342412290000006,0.0,30
112.37362670000039,51.887159370000006,0.0,30
112.4057273999997,52.56809322,0.0,30
112.4377242999999,53.1128403,0.0,30
112.46970590000001,50.3891049,0.0,30
112.50164909999967,50.93385198,0.0,30
112.53371539999989,51.342412290000006,0.0,30
112.56569500000023,51.61478583,0.0,30
112.59761609999987,52.02334614,0.0,30
112.62964379999994,52.15953291,0.0,30
112.67770250000012,52.295719680000005,0.0,30
112.7096491000002,52.43190645,0.0,30
112.74169520000032,52.43190645,0.0,30
112.77358749999985,52.43190645,0.0,30
112.8056944,52.15953291,0.0,30
112.83770120000008,52.02334614,0.0,30
112.86964009999974,51.750972600000004,0.0,30
112.9016117000001,51.47859906,0.0,30
112.93368800000007,51.07003875,0.0,30
112.96563919999971,50.797665210000005,0.0,30
112.99769409999953,50.3891049,0.0,30
113.02957249999963,49.84435782,0.0,30
113.07766230000016,49.43579751,0.0,30
113.10961839999982,48.89105043,0.0,30
113.14160209999955,48.34630335,0.0,30
113.1736450999997,47.665369500000004,0.0,30
113.20564319999994,46.98443565,0.06103666666666529,30
113.23775209999985,46.3035018,2.731365490196086,30
113.26975419999962,45.622567950000004,5.401694313725474,30
113.30183419999958,48.48249012,0.0,30
113.33362599999964,47.665369500000004,0.0,30
113.36558439999953,46.84824888,0.5951024313725495,30
113.3976405000003,46.03112826,3.7994970196078324,30
113.42968380000002,45.214007640000005,7.003891607843116,30
113.4776426999997,44.26070025,10.742351960784315,30
113.50967029999993,43.03501932,15.548943843137241,30
113.54161229999954,38.26848237,34.24124560784313,30
113.57363520000035,37.04280144,39.04783749019609,30
113.60566029999973,35.81712051,43.854429372549006,30
113.6376352999996,38.26848237,34.24124560784313,30
113.66961900000024,36.90661467,39.581903254901945,30
113.70163349999984,35.68093374,44.3884951372549,30
113.73368740000024,34.455252810000005,49.195087019607826,30
113.76570689999971,33.22957188,54.00167890196077,30
113.7975765000001,31.867704180000004,59.34233654901959,30
113.82971089999955,30.505836480000003,64.68299419607843,30
113.87766230000034,29.280155550000003,69.48958607843136,30
113.90969949999999,27.918287850000006,74.83024372549016,30
113.94164120000005,26.556420150000005,80.170901372549,30
113.97371339999972,25.330739220000005,84.97749325490194,30
114.00566239999989,23.968871520000004,90.31815090196076,30
114.03773470000033,22.607003820000003,95.6588085490196,30
114.0699612999997,21.517509660000005,99.93133466666664,30
114.1016939000001,20.019455190000002,100.0,30
114.13369640000019,18.793774260000003,100.0,30
114.16567010000017,17.568093330000004,100.0,30
114.1976797999996,16.206225630000002,100.0,30
114.22964599999978,15.116731470000001,100.0,30
114.27766169999995,13.89105054,100.0,30
114.3097044999995,12.801556380000001,100.0,30
114.34159949999957,11.712062220000002,100.0,30
114.37359529999958,10.75875483,100.0,30
114.40564699999959,9.669260670000002,100.0,30
114.43768949999958,8.71595328,100.0,30
114.4697468000004,7.762645890000001,100.0,30
114.50169769999957,6.809338500000001,100.0,30
114.53361109999969,5.99221788,100.0,30
114.5656554999996,5.03891049,100.0,30
114.59759959999974,4.35797664,100.0,30
114.62972609999997,3.94941633,100.0,30
114.67785639999965,3.5408560200000005,100.0,30
114.70957679999992,1.9066147800000002,100.0,30
114.74166309999964,1.2256809300000002,100.0,30
114.7736248000001,0.68093385,100.0,30
114.80569199999991,0.0,100.0,30
114.83768419999979,-0.40856031000000015,100.0,30
114.86962219999987,-0.5447470800000003,100.0,30
114.90169369999967,0.1361867699999999,100.0,30
114.93371819999993,-0.40856031000000015,100.0,30
114.96562749999975,-0.40856031000000015,100.0,30
114.99772349999967,-0.40856031000000015,100.0,30
115.02963120000004,-0.40856031000000015,100.0,30
115.07772560000012,-0.40856031000000015,100.0,30
115.10971129999962,-0.40856031000000015,100.0,30
115.14168379999956,-0.40856031000000015,100.0,30
115.17364829999951,-0.40856031000000015,100.0,30
115.20566700000018,-0.40856031000000015,100.0,30
115.23768120000022,-0.40856031000000015,100.0,30
115.26970640000036,-0.40856031000000015,100.0,30
115.30171840000003,-0.40856031000000015,100.0,30
115.33365839999988,-0.40856031000000015,100.0,30
115.36571139999978,-0.40856031000000015,100.0,30
115.39770109999972,-0.40856031000000015,100.0,30
115.42964180000035,-0.40856031000000015,100.0,30
115.477621,-0.27237354,100.0,30
115.50970249999955,-0.27237354,100.0,30
115.5418837999996,-0.1361867699999999,100.0,30
115.57370629999969,-0.1361867699999999,100.0,30
115.60571739999978,0.0,100.0,30
115.63773700000002,0.1361867699999999,100.0,30
115.66970889999993,0.27237354,100.0,30
115.70171599999958,0.40856031000000015,100.0,30
115.73394660000031,0.68093385,100.0,30
115.7656949000002,0.9533073900000001,100.0,30
115.79770310000004,1.08949416,100.0,30
115.82966980000037,1.3618677000000001,100.0,30
115.87770120000005,1.6342412400000002,100.0,30
115.90970540000035,1.7704280100000003,100.0,30
115.94167600000037,2.17898832,100.0,30
115.97364300000027,2.4513618600000004,100.0,30
116.00567330000013,3.6770427900000007,100.0,30
116.03768339999988,3.94941633,100.0,30
116.06965969999965,4.0856031,100.0,30
116.1016325999999,4.22178987,100.0,30
116.13375689999975,4.630350180000001,100.0,30
116.16565329999958,5.17509726,100.0,30
116.19764759999998,5.719844340000001,100.0,30
116.2296610000003,6.26459142,100.0,30
116.2776702000001,6.94552527,100.0,30
116.30970100000013,7.626459120000001,100.0,30
116.34179049999966,8.1712062,100.0,30
116.37368369999967,8.852140050000001,100.0,30
116.40564790000008,9.533073900000002,100.0,30
116.43755529999999,10.21400775,100.0,30
116.46956760000012,11.031128370000001,100.0,30
116.50167950000014,11.712062220000002,100.0,30
116.5336212000002,12.52918284,100.0,30
116.56567029999951,13.482490230000002,100.0,30
116.59768520000034,14.43579762,100.0,30
116.62971180000022,15.389105010000002,100.0,30
116.67767129999993,16.3424124,100.0,30
116.70959070000026,17.295719790000003,100.0,30
116.74170380000032,18.385213950000004,100.0,30
116.77364490000036,19.202334570000005,100.0,30
116.80558790000032,20.155641960000004,100.0,30
116.83767100000023,21.245136120000005,100.0,30
116.8696119999995,22.198443510000004,97.26100584313724,30
116.90163819999998,23.151750900000003,93.52254549019608,30
116.93373849999989,24.241245060000004,89.25001937254899,30
116.96566079999957,25.194552450000003,85.51155901960783,30
116.99774350000007,26.284046610000004,81.23903290196077,30
117.02990539999973,27.237354000000003,77.50057254901958,30
117.07773710000038,28.326848160000004,73.22804643137253,30
117.1096594999999,29.280155550000003,69.48958607843136,30
117.14170740000009,30.369649710000004,65.2170599607843,30
117.1736420999996,31.595330640000004,60.41046807843136,30
117.20574709999983,32.54863803,56.67200772549019,30
117.23766780000005,33.63813219,52.39948160784314,30
117.26967479999985,34.72762635,48.126955490196075,30
117.30170089999956,35.81712051,43.854429372549006,30
117.33367139999973,36.90661467,39.581903254901945,30
117.3656933000002,37.996108830000004,35.309377137254884,30
117.3976732000001,39.22178976,30.50278525490196,30
117.42968819999987,40.31128392,26.230259137254897,30
117.47768300000007,41.40077808,21.957733019607836,30
117.50972590000038,42.35408547,18.21927266666666,30
117.54166749999968,43.30739286,14.480812313725494,30
117.5737121000002,44.26070025,10.742351960784315,30
117.60582090000025,45.214007640000005,7.003891607843116,30
117.63778709999951,46.03112826,3.7994970196078324,30
117.66971720000038,46.98443565,0.06103666666666529,30
117.70168680000006,47.665369500000004,0.0,30
117.73360239999965,48.48249012,0.0,30
117.76564270000017,49.163423970000004,0.0,30
117.79771580000033,49.84435782,0.0,30
117.82962020000014,50.3891049,0.0,30
117.87768640000013,50.93385198,0.0,30
117.90975819999949,51.47859906,0.0,30
117.94165590000011,51.887159370000006,0.0,30
117.97371149999981,52.295719680000005,0.0,30
118.00566660000004,52.70427999,0.0,30
118.0376897999995,52.840466760000005,0.0,30
118.06961109999975,53.1128403,0.0,30
118.10167910000018,53.249027070000004,0.0,30
118.13368730000002,53.249027070000004,0.0,30
118.16573849999986,53.249027070000004,0.0,30
118.19771060000039,53.1128403,0.0,30
118.22973639999964,52.97665353,0.0,30
118.27762910000001,52.840466760000005,0.0,30
118.30969060000007,52.56809322,0.0,30
118.3418845999995,52.15953291,0.0,30
118.37367360000007,51.887159370000006,0.0,30
118.40562890000001,51.47859906,0.0,30
118.43771930000003,51.07003875,0.0,30
118.4696272000001,50.52529167,0.0,30
118.50155859999995,49.98054459,0.0,30
118.53357679999954,49.43579751,0.0,30
118.56572400000005,48.754863660000005,0.0,30
118.5976926000003,48.07392981,0.0,30
118.62968089999958,47.39299596,0.0,30
118.6777919999995,46.57587534,1.6632339607842956,30
118.70971050000026,45.75875472,4.867628549019612,30
118.7417018999995,45.077820870000004,7.537957372548999,30
118.77372480000031,44.124513480000005,11.276417725490179,30
118.80565449999995,43.30739286,14.480812313725494,30
118.83767850000004,42.35408547,18.21927266666666,30
118.86967480000021,41.26459131,22.491798784313723,30
118.90168780000022,40.31128392,26.230259137254897,30
118.93371800000023,39.08560299,31.03685101960785,30
118.96567119999963,38.1322956,34.77531137254902,30
118.99763239999993,36.7704279,40.11596901960784,30
119.02970829999958,35.68093374,44.3884951372549,30
119.07768099999976,34.455252810000005,49.195087019607826,30
119.10957299999973,33.22957188,54.00167890196077,30
119.14156180000009,32.003890950000006,58.80827078431371,30
119.17366310000034,30.642023250000005,64.14892843137252,30
119.20569299999988,29.416342320000005,68.95552031372546,30
119.23768879999989,28.054474620000004,74.29617796078429,30
119.26970410000013,26.692606920000003,79.63683560784312,30
119.30168640000011,25.466925990000004,84.44342749019607,30
119.33368619999965,24.241245060000004,89.25001937254899,30
119.36567709999963,22.879377360000003,94.59067701960782,30
119.39773510000032,21.653696430000004,99.39726890196077,30
119.42975670000033,20.564202270000003,100.0,30
119.47770870000022,19.338521340000003,100.0,30
119.50968139999986,18.249027180000002,100.0,30
119.54183569999987,17.295719790000003,100.0,30
119.57367239999985,16.206225630000002,100.0,30
119.60566889999973,15.116731470000001,100.0,30
119.63758189999953,14.02723731,100.0,30
119.66956039999968,13.073929920000001,100.0,30
119.70167870000023,12.12062253,100.0,30
119.73413359999995,11.303501910000001,100.0,30
119.76572880000003,10.48638129,100.0,30
119.79767400000037,9.669260670000002,100.0,30
119.82978720000028,8.852140050000001,100.0,30
119.87768580000011,8.1712062,100.0,30
119.90963009999996,7.490272350000001,100.0,30
119.9416283999999,6.809338500000001,100.0,30
119.97364920000018,6.26459142,100.0,30
120.00563069999953,5.583657570000001,100.0,30
120.03767940000034,5.03891049,100.0,30
120.06965539999965,4.630350180000001,100.0,30
120.1017523999999,4.22178987,100.0,30
120.13394919999973,3.94941633,100.0,30
120.16559309999957,4.0856031,100.0,30
120.19766439999967,3.6770427900000007,100.0,30
120.2296854999995,2.4513618600000004,100.0,30
120.27765339999951,2.17898832,100.0,30
120.30969019999975,1.7704280100000003,100.0,30
120.3416715000003,1.49805447,100.0,30
120.3736616999995,1.2256809300000002,100.0,30
120.40571600000021,1.08949416,100.0,30
120.43771430000015,0.8171206200000001,100.0,30
120.46970260000035,0.68093385,100.0,30
120.50166850000005,0.40856031000000015,100.0,30
120.5337913000003,0.27237354,100.0,30
120.5656882000003,0.27237354,100.0,30
120.59766599999966,0.1361867699999999,100.0,30
120.6297413000002,0.0,100.0,30
120.67774110000028,0.0,100.0,30
120.70972470000015,0.0,100.0,30
120.74165240000002,0.0,100.0,30
120.77367640000011,0.0,100.0,30
120.80565060000026,0.0,100.0,30
120.83765709999989,0.1361867699999999,100.0,30
120.86958930000037,0.27237354,100.0,30
120.90172509999957,0.40856031000000015,100.0,30
120.93367349999971,0.54474708,100.0,30
120.96568810000008,0.8171206200000001,100.0,30
120.99766660000023,0.9533073900000001,100.0,30
121.02967259999969,1.2256809300000002,100.0,30
121.07767280000007,1.49805447,100.0,30
121.10968030000004,1.7704280100000003,100.0,30
121.14167679999991,2.17898832,100.0,30
121.17366579999998,2.4513618600000004,100.0,30
121.20559940000021,3.6770427900000007,100.0,30
121.23758050000015,3.94941633,100.0,30
121.26965389999987,3.8132295600000004,100.0,30
121.30174720000014,4.0856031,100.0,30
121.33353960000022,4.4941634100000005,100.0,30
121.36555390000012,5.03891049,100.0,30
121.39761929999986,5.583657570000001,100.0,30
121.42971990000024,6.26459142,100.0,30
121.47767159999967,6.809338500000001,100.0,30
121.50969189999978,7.3540855800000005,100.0,30
121.54156909999983,8.03501943,100.0,30
121.5736724999997,8.57976651,100.0,30
121.60564119999981,9.260700360000001,100.0,30
121.63779739999973,9.805447440000002,100.0,30
121.6697108999997,10.48638129,100.0,30
121.70159779999994,11.167315140000001,100.0,30
121.73367409999992,11.84824899,100.0,30
121.76566329999969,12.52918284,100.0,30
121.79765680000037,13.346303460000001,100.0,30
121.82957530000022,14.16342408,100.0,30
121.87781050000012,15.116731470000001,100.0,30
121.90973930000018,16.070038860000004,100.0,30
121.9416841000002,17.023346250000003,100.0,30
121.97367060000033,17.976653640000002,100.0,30
122.0058084000002,19.066147800000003,100.0,30
122.03760049999983,20.019455190000002,100.0,30
122.06967129999975,21.108949350000003,100.0,30
122.10158080000019,22.198443510000004,97.26100584313724,30
122.13370980000036,23.151750900000003,93.52254549019608,30
122.16572730000007,24.241245060000004,89.25001937254899,30
122.19759859999976,25.330739220000005,84.97749325490194,30
122.22964620000039,26.420233380000003,80.7049671372549,30
122.2776117000003,27.373540770000005,76.96650678431371,30
122.3096542000003,28.463034930000003,72.69398066666666,30
122.3417298000004,29.552529090000004,68.42145454901959,30
122.37373389999993,30.505836480000003,64.68299419607843,30
122.40568669999993,31.595330640000004,60.41046807843136,30
122.43762760000027,32.54863803,56.67200772549019,30
122.46962350000013,33.501945420000006,52.93354737254901,30
122.50160010000036,34.455252810000005,49.195087019607826,30
122.53360030000022,35.54474697,44.92256090196079,30
122.56556079999973,36.498054360000005,41.18410054901959,30
122.59769229999984,37.451361750000004,37.445640196078415,30
122.62951290000001,38.540855910000005,33.173114078431354,30
122.67771679999987,39.63035007,28.900587960784318,30
122.7095406999997,40.71984423,24.628061843137257,30
122.74175879999984,41.80933839,20.355535725490192,30
122.77370040000005,42.76264578,16.61707537254902,30
122.80559040000026,43.579766400000004,13.412680784313705,30
122.83766560000004,44.53307379,9.674220431372536,30
122.8696786999999,45.35019441,6.469825843137254,30
122.90168410000024,46.167315030000005,3.265431254901948,30
122.93357279999964,46.98443565,0.06103666666666529,30
122.96569929999987,47.665369500000004,0.0,30
122.99760419999984,48.34630335,0.0,30
123.02969969999958,49.0272372,0.0,30
123.07765779999954,49.708171050000004,0.0,30
123.10965889999989,50.252918130000005,0.0,30
123.14169140000013,50.797665210000005,0.0,30
123.17367529999956,51.342412290000006,0.0,30
123.20565859999988,51.750972600000004,0.0,30
123.23766989999967,52.15953291,0.0,30
123.26968899999974,52.43190645,0.0,30
123.30167249999977,52.70427999,0.0,30
123.33363809999992,52.97665353,0.0,30
123.36562249999952,53.1128403,0.0,30
123.39768999999978,53.1128403,0.0,30
123.42964060000031,53.1128403,0.0,30
123.47789250000005,52.97665353,0.0,30
123.50963460000003,52.840466760000005,0.0,30
123.54166389999955,52.70427999,0.0,30
123.57364630000029,52.56809322,0.0,30
123.60571160000018,52.295719680000005,0.0,30
123.6376207000003,51.887159370000006,0.0,30
123.6696221000002,51.61478583,0.0,30
123.70178769999984,51.206225520000004,0.0,30
123.73359170000003,50.66147844,0.0,30
123.76560479999989,50.11673136,0.0,30
123.79754200000025,49.43579751,0.0,30
123.82965349999995,48.754863660000005,0.0,30
123.87762620000012,47.93774304,0.0,30
123.90970199999992,47.256809190000006,0.0,30
123.94159190000028,46.43968857,2.197299725490191,30
123.97368310000002,45.622567950000004,5.401694313725474,30
124.00568870000006,44.80544733,8.60608890196079,30
124.0376656999997,43.98832671,11.810483490196074,30
124.06962610000028,43.03501932,15.548943843137241,30
124.10156420000021,42.081711930000004,19.287404196078413,30
124.13359349999973,41.128404540000005,23.025864549019587,30
124.1656809999995,40.17509715,26.76432490196079,30
124.1978822000001,39.08560299,31.03685101960785,30
124.22980689999986,37.996108830000004,35.309377137254884,30
124.2777417999996,36.90661467,39.581903254901945,30
124.30968440000015,35.68093374,44.3884951372549,30
124.34166860000005,34.59143958,48.66102125490197,30
124.37367859999995,33.501945420000006,52.93354737254901,30
124.40556480000032,32.27626449,57.74013925490195,30
124.43767300000036,31.050583560000003,62.54673113725489,30
124.46964630000002,29.824902630000004,67.35332301960784,30
124.50154199999997,28.599221700000005,72.15991490196076,30
124.5336957999998,27.237354000000003,77.50057254901958,30
124.56582499999968,26.011673070000004,82.30716443137254,30
124.59778069999993,24.649805370000003,87.64782207843137,30
124.62964809999994,23.287937670000005,92.98847972549018,30
124.67767490000006,22.062256740000002,97.79507160784313,30
124.70965230000002,20.836575810000003,100.0,30
124.74166640000021,19.47470811,100.0,30
124.77365610000015,18.249027180000002,100.0,30
124.8056747999999,17.15953302,100.0,30
124.83761570000024,15.933852090000002,100.0,30
124.86970250000013,14.844357930000001,100.0,30
124.90187869999954,13.754863770000002,100.0,30
124.93381810000028,12.66536961,100.0,30
124.96587949999957,11.712062220000002,100.0,30
124.99774049999996,10.75875483,100.0,30
125.02967389999958,9.94163421,100.0,30
125.07765550000022,9.124513590000001,100.0,30
125.10962370000016,8.44357974,100.0,30
125.1416706,7.762645890000001,100.0,30
125.17366089999996,7.08171204,100.0,30
125.20567430000028,6.536964960000001,100.0,30
125.23768469999959,5.99221788,100.0,30
125.26968930000021,5.4474708000000005,100.0,30
125.30179419999968,4.90272372,100.0,30
125.33373570000003,4.35797664,100.0,30
125.36564249999992,4.0856031,100.0,30
125.39761939999971,3.94941633,100.0,30
125.42970229999992,3.6770427900000007,100.0,30
125.47756120000031,2.4513618600000004,100.0,30
125.5096410999995,2.04280155,100.0,30
125.54174859999966,1.6342412400000002,100.0,30
125.57362279999961,1.2256809300000002,100.0,30
125.60565990000032,0.9533073900000001,100.0,30
125.6378106000002,0.54474708,100.0,30
125.66978620000009,0.27237354,100.0,30
125.70163239999965,0.0,100.0,30
125.7336220999996,-0.1361867699999999,100.0,30
125.76563449999958,-0.40856031000000015,100.0,30
125.7976278999995,-0.5447470800000003,100.0,30
125.82957559999977,-0.5447470800000003,100.0,30
125.86170969999966,-0.5447470800000003,100.0,30
125.90968160000011,-0.5447470800000003,100.0,30
125.94162419999975,-0.40856031000000015,100.0,30
125.97367370000029,-0.40856031000000015,100.0,30
126.00567169999977,-0.27237354,100.0,30
126.03762290000031,-0.27237354,100.0,30
126.06958490000034,-0.1361867699999999,100.0,30
126.1016241999996,0.0,100.0,30
126.13374149999981,0.1361867699999999,100.0,30
126.16577679999955,0.27237354,100.0,30
126.19769199999973,0.54474708,100.0,30
126.22958540000036,0.8171206200000001,100.0,30
126.26163410000026,1.2256809300000002,100.0,30
126.30960649999997,1.49805447,100.0,30
126.34160040000006,1.9066147800000002,100.0,30
126.37362440000015,2.3151750900000003,100.0,30
126.40562899999986,3.5408560200000005,100.0,30
126.43766779999987,3.94941633,100.0,30
126.4696243999997,3.8132295600000004,100.0,30
126.50163840000005,4.22178987,100.0,30
126.5336610000004,4.630350180000001,100.0,30
126.56563759999972,5.17509726,100.0,30
126.59761979999985,5.719844340000001,100.0,30
126.62960169999951,6.4007781900000005,100.0,30
126.6615985999997,6.94552527,100.0,30
126.7096303999997,7.626459120000001,100.0,30
126.7416360999996,8.1712062,100.0,30
126.77351530000033,8.852140050000001,100.0,30
126.80564799999956,9.669260670000002,100.0,30
126.83764390000033,10.35019452,100.0,30
126.86967589999949,11.031128370000001,100.0,30
126.90159339999991,11.84824899,100.0,30
126.93362700000034,12.52918284,100.0,30
126.96557529999973,13.346303460000001,100.0,30
126.99760479999986,14.16342408,100.0,30
127.02960129999974,14.980544700000001,100.0,30
127.06163500000002,15.933852090000002,100.0,30
127.10963340000035,16.88715948,100.0,30
127.14172239999971,17.704280100000002,100.0,30
127.17366049999964,18.657587490000004,100.0,30
127.20565540000007,19.610894880000004,100.0,30
127.23764109999956,20.564202270000003,100.0,30
127.26962100000037,21.517509660000005,99.93133466666664,30
127.30159980000008,22.607003820000003,95.6588085490196,30
127.33359389999987,23.424124440000003,92.4544139607843,30
127.36558779999996,24.513618600000004,88.18188784313725,30
127.3975330000003,25.603112760000005,83.90936172549017,30
127.42964680000023,26.556420150000005,80.170901372549,30
127.4616417999996,27.509727540000004,76.43244101960784,30
127.5098109999999,28.599221700000005,72.15991490196076,30
127.54166819999955,29.552529090000004,68.42145454901959,30
127.57363280000027,30.505836480000003,64.68299419607843,30
127.60566970000036,31.459143870000005,60.944533843137236,30
127.63767819999975,32.54863803,56.67200772549019,30
127.66962090000015,33.63813219,52.39948160784314,30
127.70167519999995,34.59143958,48.66102125490197,30
127.73364250000031,35.68093374,44.3884951372549,30
127.76559040000029,36.7704279,40.11596901960784,30
127.79759139999987,37.72373529,36.377508666666664,30
127.82973930000026,38.94941622,31.570916784313713,30
127.86162030000014,39.90272361,27.832456431372538,30
127.9099653000003,40.99221777,23.559930313725477,30
127.94155010000031,41.80933839,20.355535725490192,30
127.9736313000003,42.76264578,16.61707537254902,30
128.0056494999999,43.71595317,12.878615019607842,30
128.0375643999996,44.53307379,9.674220431372536,30
128.0697468999997,45.35019441,6.469825843137254,30
128.10166819999995,46.167315030000005,3.265431254901948,30
128.13369030000013,46.98443565,0.06103666666666529,30
128.16568840000036,47.80155627,0.0,30
128.1975781000001,48.48249012,0.0,30
128.2296692,49.163423970000004,0.0,30
128.26189629999953,49.84435782,0.0,30
128.3096372,50.3891049,0.0,30
128.34172380000018,50.93385198,0.0,30
128.37368549999974,51.47859906,0.0,30
128.40558129999954,51.887159370000006,0.0,30
128.4375989,52.295719680000005,0.0,30
128.46959979999974,52.56809322,0.0,30
128.50163429999975,52.840466760000005,0.0,30
128.5336371000003,52.97665353,0.0,30
128.5656610999995,52.97665353,0.0,30
128.59763360000034,53.1128403,0.0,30
128.6296413,52.97665353,0.0,30
128.66167769999993,52.97665353,0.0,30
128.70958789999986,52.840466760000005,0.0,30
128.74167339999985,52.70427999,0.0,30
128.77365290000034,52.43190645,0.0,30
128.80565039999965,52.15953291,0.0,30
128.8376830999996,51.750972600000004,0.0,30
128.8695404,51.342412290000006,0.0,30
128.90167099999962,50.93385198,0.0,30
128.9336999999996,50.3891049,0.0,30
128.96573679999983,49.708171050000004,0.0,30
128.99769199999992,49.0272372,0.0,30
129.02963120000004,48.34630335,0.0,30
129.0615902999998,47.52918273,0.0,30
129.1096881000003,46.712062110000005,1.1291681960784115,30
129.1416374999999,45.89494149,4.333562784313717,30
129.17360120000012,45.077820870000004,7.537957372548999,30
129.20561670000006,44.124513480000005,11.276417725490179,30
129.23758050000015,43.171206090000005,15.014878078431357,30
129.26959669999997,42.2178987,18.75333843137255,30
129.30162999999993,41.128404540000005,23.025864549019587,30
129.33358570000019,40.038910380000004,27.29839066666665,30
129.36561530000017,38.81322945,32.1049825490196,30
129.39761610000005,37.72373529,36.377508666666664,30
129.42960099999982,36.498054360000005,41.18410054901959,30
129.46160239999972,35.27237343,45.990692431372544,30
129.50963169999977,34.0466925,50.79728431372549,30
129.54159170000003,32.82101157,55.60387619607843,30
129.5735824000003,31.459143870000005,60.944533843137236,30
129.6056736999999,30.233462940000006,65.75112572549017,30
129.6376755000001,28.871595240000005,71.091783372549,30
129.6696179999999,27.509727540000004,76.43244101960784,30
129.70168430000012,26.284046610000004,81.23903290196077,30
129.73478109999996,24.922178910000003,86.57969054901959,30
129.76598660000036,23.696497980000004,91.38628243137254,30
129.79779260000032,22.470817050000004,96.19287431372547,30
129.82964569999967,21.245136120000005,100.0,30
129.86188949999996,20.019455190000002,100.0,30
129.90962800000034,18.929961030000005,100.0,30
129.94172590000016,17.704280100000002,100.0,30
129.97369439999966,16.61478594,100.0,30
130.00563899999997,15.525291780000002,100.0,30
130.03782769999998,14.57198439,100.0,30
130.0698943999996,13.482490230000002,100.0,30
130.10187399999995,12.66536961,100.0,30
130.13372270000036,11.575875450000002,100.0,30
130.1656912999997,10.75875483,100.0,30
130.19764349999969,9.94163421,100.0,30
130.2296593000001,8.988326820000001,100.0,30
130.2616453999999,8.30739297,100.0,30
130.30967940000028,7.626459120000001,100.0,30
130.3416427000002,6.94552527,100.0,30
130.3736504999997,6.26459142,100.0,30
130.40572350000002,5.583657570000001,100.0,30
130.43763260000014,5.03891049,100.0,30
130.47022079999988,4.35797664,100.0,30
130.50196419999975,4.0856031,100.0,30
130.5338187999996,4.0856031,100.0,30
130.56560569999965,3.5408560200000005,100.0,30
130.59768449999956,2.17898832,100.0,30
130.62961280000036,1.7704280100000003,100.0,30
130.66163119999965,1.2256809300000002,100.0,30
130.70964530000037,0.8171206200000001,100.0,30
130.74163080000017,0.40856031000000015,100.0,30
130.77363799999966,0.0,100.0,30
130.80558459999975,-0.27237354,100.0,30
130.8378402999997,-0.40856031000000015,100.0,30
130.86961259999953,-0.40856031000000015,100.0,30
130.90159669999957,-0.40856031000000015,100.0,30
130.93367099999978,-0.40856031000000015,100.0,30
130.9656775000003,-0.40856031000000015,100.0,30
130.9977831999995,-0.40856031000000015,100.0,30
131.02966910000032,-0.40856031000000015,100.0,30
131.0616769999997,-0.40856031000000015,100.0,30
131.1096179999995,-0.40856031000000015,100.0,30
131.1416651999998,-0.40856031000000015,100.0,30
131.17363839999962,-0.40856031000000015,100.0,30
131.20558129999972,-0.40856031000000015,100.0,30
131.23767150000003,-0.40856031000000015,100.0,30
131.2696920999997,-0.27237354,100.0,30
131.30162670000027,-0.27237354,100.0,30
131.3336217999995,-0.1361867699999999,100.0,30
131.36563209999986,0.0,100.0,30
131.39764000000014,0.1361867699999999,100.0,30
131.4297029999998,0.40856031000000015,100.0,30
131.4615885000003,0.54474708,100.0,30
131.50960860000032,0.8171206200000001,100.0,30
131.54164039999978,1.08949416,100.0,30
131.5738951000003,1.3618677000000001,100.0,30
131.6058092000003,1.7704280100000003,100.0,30
131.6377794,2.04280155,100.0,30
131.66975679999996,2.4513618600000004,100.0,30
131.70175910000034,3.5408560200000005,100.0,30
131.73374590000003,3.94941633,100.0,30
131.7657651999998,4.0856031,100.0,30
131.79765580000003,4.35797664,100.0,30
131.8296448000001,4.766536950000001,100.0,30
131.86167879999994,5.4474708000000005,100.0,30
131.9096510999998,6.12840465,100.0,30
131.9418915999995,6.673151730000001,100.0,30
131.97385849999955,7.3540855800000005,100.0,30
132.0056493000002,8.03501943,100.0,30
132.03770239999994,8.852140050000001,100.0,30
132.06966809999994,9.669260670000002,100.0,30
132.1016749999999,10.48638129,100.0,30
132.13360610000018,11.303501910000001,100.0,30
132.16567680000026,12.12062253,100.0,30
132.19767859999956,12.937743150000001,100.0,30
132.2296398999997,13.89105054,100.0,30
132.2616594000001,14.844357930000001,100.0,30
132.30968419999954,15.797665320000002,100.0,30
132.34171760000027,16.750972710000003,100.0,30
132.37359019999985,17.704280100000002,100.0,30
132.40564129999984,18.793774260000003,100.0,30
132.4376696999998,19.883268420000004,100.0,30
132.46959619999961,20.972762580000005,100.0,30
132.50161360000038,22.062256740000002,97.79507160784313,30
132.53360840000005,23.151750900000003,93.52254549019608,30
132.56560629999967,24.241245060000004,89.25001937254899,30
132.59765140000036,25.330739220000005,84.97749325490194,30
132.62956589999976,26.420233380000003,80.7049671372549,30
132.66182750000007,27.509727540000004,76.43244101960784,30
132.70984549999957,28.735408470000003,71.62584913725489,30
132.7416760999995,29.824902630000004,67.35332301960784,30
132.77363049999985,31.050583560000003,62.54673113725489,30
132.8056606,32.14007772,58.27420501960785,30
132.8377314999998,33.365758650000004,53.46761313725489,30
132.86966909999956,34.455252810000005,49.195087019607826,30
132.90175759999966,35.54474697,44.92256090196079,30
132.93367339999986,36.7704279,40.11596901960784,30
132.9657027000003,37.85992206,35.84344290196078,30
132.9977100999995,39.08560299,31.03685101960785,30
133.0296843999995,40.17509715,26.76432490196079,30
133.0619289999995,41.26459131,22.491798784313723,30
133.1097123999998,42.35408547,18.21927266666666,30
133.14166980000027,43.30739286,14.480812313725494,30
133.17363920000025,44.39688702,10.208286196078422,30
133.2056364,45.35019441,6.469825843137254,30
133.23764949999986,46.3035018,2.731365490196086,30
133.26963539999997,47.256809190000006,0.0,30
133.3016646999995,48.07392981,0.0,30
133.33363550000013,49.0272372,0.0,30
133.36567130000003,49.708171050000004,0.0,30
133.39764259999993,50.52529167,0.0,30
133.42959100000007,51.206225520000004,0.0,30
133.4615743000004,51.750972600000004,0.0,30
133.5096426,52.295719680000005,0.0,30
133.5416078999997,52.840466760000005,0.0,30
133.57372140000007,53.249027070000004,0.0,30
133.6060808000002,53.52140061,0.0,30
133.6382192000001,53.793774150000004,0.0,30
133.66970539999966,54.06614769,0.0,30
133.7018152999999,54.20233446,0.0,30
133.73362089999955,54.20233446,0.0,30
133.7655881999999,54.20233446,0.0,30
133.79778239999996,54.20233446,0.0,30
133.8296964000001,54.06614769,0.0,30
133.8617519999998,53.929960920000006,0.0,30
133.90967939999973,53.793774150000004,0.0,30
133.94166510000014,53.52140061,0.0,30
133.97363909999967,53.249027070000004,0.0,30
134.0056080000004,52.840466760000005,0.0,30
134.03758889999972,52.56809322,0.0,30
134.0695539999997,52.02334614,0.0,30
134.1016300000001,51.47859906,0.0,30
134.13371610000013,50.93385198,0.0,30
134.16562429999976,50.3891049,0.0,30
134.1976891000004,49.708171050000004,0.0,30
134.2296782000003,49.0272372,0.0,30
134.26165409999976,48.34630335,0.0,30
134.3096072999997,47.52918273,0.0,30
134.34164779999992,46.84824888,0.5951024313725495,30
134.37371220000023,45.89494149,4.333562784313717,30
134.40573549999954,45.077820870000004,7.537957372548999,30
134.43775840000035,44.124513480000005,11.276417725490179,30
134.46957199999997,43.171206090000005,15.014878078431357,30
134.50158680000004,42.081711930000004,19.287404196078413,30
134.53358649999973,40.99221777,23.559930313725477,30
134.56564919999983,39.90272361,27.832456431372538,30
134.59758469999997,38.67704268,32.639048313725496,30
134.6295666999995,37.58754852,36.91157443137256,30
134.66164620000018,36.36186759,41.71816631372548,30
134.7095948999995,35.27237343,45.990692431372544,30
134.7416532999996,33.910505730000004,51.33135007843135,30
134.77365819999977,32.82101157,55.60387619607843,30
134.80558110000038,31.595330640000004,60.41046807843136,30
134.8375457000002,30.233462940000006,65.75112572549017,30
134.8696815000003,29.007782010000003,70.55771760784313,30
134.90178070000002,27.645914310000006,75.89837525490194,30
134.93371169999955,26.420233380000003,80.7049671372549,30
134.96564750000016,25.058365680000005,86.0456247843137,30
134.9975930999999,23.696497980000004,91.38628243137254,30
135.0296989999997,22.470817050000004,96.19287431372547,30
135.06157710000025,21.245136120000005,100.0,30
135.10964979999972,19.883268420000004,100.0,30
135.14166939999996,18.793774260000003,100.0,30
135.17355210000005,17.43190656,100.0,30
135.20559570000023,16.3424124,100.0,30
135.2375830000001,15.116731470000001,100.0,30
135.26959559999978,13.89105054,100.0,30
135.30164349999995,12.937743150000001,100.0,30
135.33367949999956,11.84824899,100.0,30
135.36566140000014,10.894941600000001,100.0,30
135.39775790000022,9.94163421,100.0,30
135.42965060000006,8.988326820000001,100.0,30
135.4616205000002,8.03501943,100.0,30
135.50959059999968,7.21789881,100.0,30
135.5416064000001,6.4007781900000005,100.0,30
135.57363239999995,5.719844340000001,100.0,30
135.6055876999999,5.03891049,100.0,30
135.6375952999997,4.35797664,100.0,30
135.66962309999963,4.0856031,100.0,30
135.70165780000025,3.8132295600000004,100.0,30
135.73364560000027,2.3151750900000003,100.0,30
135.7656453999998,1.6342412400000002,100.0,30
135.79762730000039,0.9533073900000001,100.0,30
135.8295995999997,0.40856031000000015,100.0,30
135.86170310000034,-0.1361867699999999,100.0,30
135.90972229999988,-0.40856031000000015,100.0,30
135.94168679999984,-0.40856031000000015,100.0,30
135.97374519999994,-0.5447470800000003,100.0,30
136.00591170000007,-0.40856031000000015,100.0,30
136.03769009999996,-0.40856031000000015,100.0,30
136.06985470000018,-0.40856031000000015,100.0,30
136.10163180000018,-0.40856031000000015,100.0,30
136.13366080000014,-0.40856031000000015,100.0,30
136.16558900000018,-0.40856031000000015,100.0,30
136.19762209999953,-0.40856031000000015,100.0,30
136.2295777999998,-0.40856031000000015,100.0,30
136.26155240000026,-0.40856031000000015,100.0,30
136.30961190000016,-0.40856031000000015,100.0,30
136.34158509999997,-0.40856031000000015,100.0,30
136.3735415000001,-0.27237354,100.0,30
136.40561079999952,-0.27237354,100.0,30
136.43759859999955,-0.1361867699999999,100.0,30
136.46955439999965,0.0,100.0,30
136.5016254000002,0.1361867699999999,100.0,30
136.53377720000026,0.27237354,100.0,30
136.5657073000002,0.54474708,100.0,30
136.5980387999998,0.68093385,100.0,30
136.62971300000027,0.9533073900000001,100.0,30
136.66156649999994,1.2256809300000002,100.0,30
136.70961660000012,1.49805447,100.0,30
136.74170070000037,1.9066147800000002,100.0,30
136.7736501999998,2.3151750900000003,100.0,30
136.80561920000036,3.5408560200000005,100.0,30
136.8376585999995,3.8132295600000004,100.0,30
136.86963209999976,4.0856031,100.0,30
136.9017332000003,4.0856031,100.0,30
136.9341360999997,4.4941634100000005,100.0,30
136.96567349999987,5.03891049,100.0,30
136.99776639999982,5.4474708000000005,100.0,30
137.02970800000003,5.99221788,100.0,30
137.06168909999997,6.536964960000001,100.0,30
137.1099650999995,7.21789881,100.0,30
137.1418848000003,7.89883266,100.0,30
137.17369450000024,8.44357974,100.0,30
137.2056720999999,9.124513590000001,100.0,30
137.23775569999998,9.805447440000002,100.0,30
137.26967309999964,10.48638129,100.0,30
137.3015889999997,11.303501910000001,100.0,30
137.3336675999999,12.12062253,100.0,30
137.36564519999956,12.937743150000001,100.0,30
137.39767120000033,13.754863770000002,100.0,30
137.4296715999999,14.708171160000001,100.0,30
137.4617118999995,15.525291780000002,100.0,30
137.50956289999976,16.478599170000003,100.0,30
137.54160560000037,17.43190656,100.0,30
137.57354130000022,18.385213950000004,100.0,30
137.60558560000027,19.47470811,100.0,30
137.63760339999953,20.428015500000004,100.0,30
137.66973739999958,21.517509660000005,99.93133466666664,30
137.70163289999982,22.607003820000003,95.6588085490196,30
137.73361850000038,23.560311210000005,91.92034819607841,30
137.76559739999993,24.649805370000003,87.64782207843137,30
137.79760650000026,25.739299530000004,83.37529596078429,30
137.82973849999962,26.964980460000003,78.56870407843137,30
137.86182389999976,28.054474620000004,74.29617796078429,30
137.91015439999956,29.280155550000003,69.48958607843136,30
137.9418069000003,30.369649710000004,65.2170599607843,30
137.9737298,31.459143870000005,60.944533843137236,30
138.0056195999996,32.6848248,56.13794196078431,30
138.0378856999996,33.77431896,51.86541584313724,30
138.06968779999988,34.86381312,47.59288972549018,30
138.10166409999965,36.08949405,42.78629784313726,30
138.13364379999985,37.17898821,38.5137717254902,30
138.1656498000002,38.26848237,34.24124560784313,30
138.19770590000007,39.35797653,29.968719490196072,30
138.22973569999976,40.44747069,25.696193372549008,30
138.26173349999954,41.536964850000004,21.423667254901947,30
138.30962309999995,42.49027224,17.685206901960772,30
138.34163460000036,43.579766400000004,13.412680784313705,30
138.3736057999995,44.53307379,9.674220431372536,30
138.4056316999995,45.48638118,5.935760078431369,30
138.43761600000016,46.43968857,2.197299725490191,30
138.46959700000025,47.256809190000006,0.0,30
138.5016958999995,48.07392981,0.0,30
138.5336944999999,48.89105043,0.0,30
138.56567480000012,49.57198428,0.0,30
138.59767180000017,50.252918130000005,0.0,30
138.62965859999986,50.93385198,0.0,30
138.66172939999979,51.47859906,0.0,30
138.70979819999957,52.02334614,0.0,30
138.74177810000037,52.56809322,0.0,30
138.77361310000015,52.97665353,0.0,30
138.8058033999996,53.385213840000006,0.0,30
138.8376330000001,53.65758738,0.0,30
138.86964509999962,53.793774150000004,0.0,30
138.90173739999955,53.929960920000006,0.0,30
138.9336075000001,54.06614769,0.0,30
138.9655961999997,54.20233446,0.0,30
138.99761579999995,54.20233446,0.0,30
139.02964760000032,54.20233446,0.0,30
139.06160389999968,54.06614769,0.0,30
139.1095795000001,53.929960920000006,0.0,30
139.1415678000003,53.65758738,0.0,30
139.17357189999984,53.52140061,0.0,30
139.2056593999996,53.1128403,0.0,30
139.23771839999972,52.70427999,0.0,30
139.2696522999995,52.295719680000005,0.0,30
139.30178270000033,51.750972600000004,0.0,30
139.3335993999999,51.206225520000004,0.0,30
139.36567529999957,50.66147844,0.0,30
139.39772730000004,49.98054459,0.0,30
139.4296789,49.43579751,0.0,30
139.46169759999975,48.61867689,0.0,30
139.51003709999986,47.93774304,0.0,30
139.54154970000036,47.120622420000004,0.0,30
139.57365039999968,46.3035018,2.731365490196086,30
139.6055766999998,45.35019441,6.469825843137254,30
