Tiempo,Altura,Senal_de_Control,Set_value
0.10365270000147575,-2.3151750900000003,100.0,30
0.13399780000145256,0.0,100.0,30
0.16601860000082524,0.0,100.0,30
0.21416190000127244,0.0,100.0,30
0.24595610000142187,-0.13618677000000012,100.0,30
0.2780086000002484,0.0,100.0,30
0.3099932000004628,-0.13618677000000012,100.0,30
0.3420008000011876,-0.13618677000000012,100.0,30
0.37401280000085535,-0.13618677000000012,100.0,30
0.40597750000051747,0.0,100.0,30
0.43794530000013765,0.0,100.0,30
0.4699799999998504,-0.13618677000000012,100.0,30
0.5019580000007409,-0.13618677000000012,100.0,30
0.5339479000012943,0.0,100.0,30
0.5659973000001628,0.0,100.0,30
0.6139543999997841,-0.13618677000000012,100.0,30
0.6459429000005912,0.0,100.0,30
0.6779886000003899,0.0,100.0,30
0.7099102000011044,-0.13618677000000012,100.0,30
0.7419862000006106,-0.13618677000000012,100.0,30
0.7739724000002752,0.0,100.0,30
0.8059693000013795,-0.13618677000000012,100.0,30
0.8380728000011004,-0.13618677000000012,100.0,30
0.8700834000010218,0.0,100.0,30
0.902004700001271,0.0,100.0,30
0.9340757999998459,-0.13618677000000012,100.0,30
0.9660854000012478,0.0,100.0,30
1.014059000000998,0.0,100.0,30
1.0459909000001062,0.0,100.0,30
1.0779552000003605,0.0,100.0,30
1.1098969000013312,-0.13618677000000012,100.0,30
1.141969500000414,0.0,100.0,30
1.1740046000013535,0.0,100.0,30
1.2059970000009343,-0.13618677000000012,100.0,30
1.2379483000004257,0.0,100.0,30
1.269936400000006,0.0,100.0,30
1.3019407000010688,-0.13618677000000012,100.0,30
1.3339632000006532,-0.13618677000000012,100.0,30
1.3660324000011315,0.0,100.0,30
1.4140421000010974,0.0,100.0,30
1.4458973000000697,-0.13618677000000012,100.0,30
1.4779348000010941,0.0,100.0,30
1.5098887000003742,0.0,100.0,30
1.5419791000003897,-0.13618677000000012,100.0,30
1.5739938000006077,-0.13618677000000012,100.0,30
1.6059961000009935,0.0,100.0,30
1.6380679000012606,0.0,100.0,30
1.669941199999812,0.0,100.0,30
1.7019450000007055,-0.13618677000000012,100.0,30
1.733968200000163,0.0,100.0,30
1.7659708000010141,0.0,100.0,30
1.8139489000004687,-0.13618677000000012,100.0,30
1.8460019000012835,-0.13618677000000012,100.0,30
1.8780323000009957,0.0,100.0,30
1.9103231000008236,-0.13618677000000012,100.0,30
1.9419425000014598,-0.13618677000000012,100.0,30
1.9741595000014058,0.0,100.0,30
2.0060014000009687,0.0,100.0,30
2.0379931000006763,-0.13618677000000012,100.0,30
2.0699366999997437,-0.13618677000000012,100.0,30
2.10196840000026,0.0,100.0,30
2.133936400001403,0.0,100.0,30
2.1659605000004376,0.0,100.0,30
2.213961700001164,-0.13618677000000012,100.0,30
2.245945100001336,0.0,100.0,30
2.277972600000794,0.0,100.0,30
2.3099632000012207,-0.13618677000000012,100.0,30
2.3419129000012617,0.0,100.0,30
2.373995800000557,0.0,100.0,30
2.4059754999998404,-0.13618677000000012,100.0,30
2.4379907000002277,-0.13618677000000012,100.0,30
2.469927199999802,0.0,100.0,30
2.5020491000013863,0.0,100.0,30
2.5339979000000312,-0.13618677000000012,100.0,30
2.565930800001297,0.0,100.0,30
2.6140034000000014,0.0,100.0,30
2.6459535000012693,-0.13618677000000012,100.0,30
2.6779579000012745,-0.13618677000000012,100.0,30
2.709983900000225,-0.13618677000000012,100.0,30
2.7420393000011245,-0.13618677000000012,100.0,30
2.7738563000002614,-0.13618677000000012,100.0,30
2.80594850000125,-0.13618677000000012,100.0,30
2.837931000000026,-0.13618677000000012,100.0,30
2.869987400001264,-0.13618677000000012,100.0,30
2.9019762000007177,-0.13618677000000012,100.0,30
2.9339572000008047,-0.13618677000000012,100.0,30
2.966009200001281,-0.13618677000000012,100.0,30
3.0140435000012076,-0.13618677000000012,100.0,30
3.045957800000906,-0.13618677000000012,100.0,30
3.0779722000006586,-0.13618677000000012,100.0,30
3.109922600000573,-0.13618677000000012,100.0,30
3.1419196000006195,-0.13618677000000012,100.0,30
3.1739857000011398,-0.13618677000000012,100.0,30
3.205927099999826,-0.13618677000000012,100.0,30
3.237947700001314,-0.13618677000000012,100.0,30
3.2699721999997564,-0.13618677000000012,100.0,30
3.301955500000986,-0.13618677000000012,100.0,30
3.3339749000006123,-0.13618677000000012,100.0,30
3.3659743999996863,-0.13618677000000012,100.0,30
3.413957599999776,0.0,100.0,30
3.4459545999998227,0.0,100.0,30
3.4780405000001338,0.13618677000000012,100.0,30
3.5099614999999176,0.13618677000000012,100.0,30
3.5419292000005953,0.40856031000000015,100.0,30
3.573952599999757,0.54474708,100.0,30
3.6059771000000183,0.6809338500000002,100.0,30
3.637987600000997,0.9533073900000002,100.0,30
3.6699358000005304,1.2256809300000002,100.0,30
3.701947999999902,1.4980544700000002,100.0,30
3.7339538000014727,1.7704280100000003,100.0,30
3.765950500001054,2.17898832,100.0,30
3.8139354000013554,2.4513618600000004,100.0,30
3.84593280000081,2.8599221700000004,100.0,30
3.877880699999878,3.9494163300000005,100.0,30
3.9099196000006486,4.35797664,100.0,30
3.9419883999999,4.4941634100000005,100.0,30
3.9739108000012493,4.630350180000001,100.0,30
4.006011100000251,5.038910490000001,100.0,30
4.037929500000246,5.583657570000001,100.0,30
4.069980800000849,5.99221788,100.0,30
4.101990099999966,6.536964960000001,100.0,30
4.133940900001107,7.081712040000001,100.0,30
4.1660526000014215,7.626459120000001,100.0,30
4.213987900000575,8.30739297,100.0,30
4.245910200001163,8.988326820000001,100.0,30
4.278002200000628,9.66926067,100.0,30
4.30993750000016,10.48638129,100.0,30
4.3419492000011815,11.167315140000001,100.0,30
4.373897500001476,11.984435760000002,100.0,30
4.405968400000347,12.66536961,99.2965591654902,30
4.437961000001451,13.482490230000002,97.75844976313725,30
4.47000350000053,14.29961085,96.22034036078432,30
4.501933100000315,14.980544700000001,94.93858252549019,30
4.533938200000193,15.933852090000002,93.14412155607843,30
4.565995599999951,16.75097271,91.60601215372549,30
4.614049499999965,17.704280100000002,89.81155118431371,30
4.645914200000334,18.65758749,88.01709021490196,30
4.677940200001103,19.610894880000004,86.2226292454902,30
4.709938900001362,20.564202270000003,84.42816827607842,30
4.7419150000005175,21.51750966,82.63370730666666,30
4.773916000000099,22.47081705,80.8392463372549,30
4.806010700000115,23.560311210000002,78.7884338007843,30
4.838117500001317,24.649805370000003,76.73762126431373,30
4.86996210000143,25.603112760000002,74.94316029490196,30
4.901954200000546,26.55642015,73.14869932549018,30
4.934054299999843,27.645914310000002,71.09788678901961,30
4.965923300000213,28.5992217,69.30342581960784,30
5.014020200000232,29.688715860000002,67.25261328313725,30
5.045987600000444,30.778210020000003,65.20180074666666,30
5.077899800000523,31.595330640000004,63.66369134431372,30
5.109967000000324,32.548638030000006,61.86923037490195,30
5.141981599999781,33.63813219000001,59.81841783843136,30
5.173939700000119,34.31906604000001,58.53666000313723,30
5.206012500000725,35.27237343,56.74219903372549,30
5.238008700000137,36.22568082000001,54.94773806431371,30
5.269939800000429,37.042801440000005,53.409628661960774,30
5.301972500001284,37.99610883,51.61516769254902,30
5.333947799999805,38.67704268,50.33340985725489,30
5.366032500000074,39.630350070000006,48.53894888784313,30
5.413874900001247,40.44747069,47.00083948549019,30
5.44594060000054,41.128404540000005,45.71908165019607,30
5.477986800000508,41.94552516,44.18097224784313,30
5.509922200000801,42.626459010000005,42.899214412549014,30
5.541906600001312,43.30739286000001,41.61745657725489,30
5.573978000000352,43.98832671000001,40.33569874196077,30
5.605969899999764,44.53307379,39.31029247372548,30
5.638020399999732,45.214007640000005,38.02853463843136,30
5.66996140000083,45.75875472,37.00312837019608,30
5.701945700000579,46.43968857,35.721370534901965,30
5.733926500000962,46.98443565000001,34.69596426666665,30
5.76590700000088,47.52918273,33.67055799843136,30
5.813976900000853,48.07392981000001,32.64515173019606,30
5.845897100000002,48.61867689,31.61974546196078,30
5.877936200000477,49.0272372,30.850690760784317,30
5.909928900000523,49.43579751,30.081636059607842,30
5.942032400000244,49.84435782,29.312581358431373,30
5.973958500000663,50.25291813,28.54352665725491,30
6.005974200001219,50.52529167,28.030823523137254,30
6.03796180000063,50.797665210000005,27.5181203890196,30
6.0699568,51.07003875000001,27.005417254901946,30
6.101980400000684,51.34241229,26.49271412078432,30
6.1340909999998985,51.47859906000001,26.236362553725478,30
6.165931100000307,51.61478583,25.980010986666663,30
6.213938800001415,51.75097260000001,25.72365941960782,30
6.24597999999969,51.75097260000001,25.72365941960782,30
6.277927600000112,51.887159370000006,25.46730785254901,30
6.30990759999986,51.887159370000006,25.46730785254901,30
6.341992499999833,51.887159370000006,25.46730785254901,30
6.37397940000119,51.887159370000006,25.46730785254901,30
6.405986300000222,51.75097260000001,25.72365941960782,30
6.437990600001285,51.47859906000001,26.236362553725478,30
6.469941800000015,51.34241229,26.49271412078432,30
6.501899400000184,51.07003875000001,27.005417254901946,30
6.533969699999943,50.797665210000005,27.5181203890196,30
6.566016300001138,50.52529167,28.030823523137254,30
6.61400440000034,50.38910490000001,28.287175090196065,30
6.645913700000165,50.11673136,28.79987822431372,30
6.677949500000977,49.84435782,29.312581358431373,30
6.709987600001114,49.57198428000001,29.825284492549002,30
6.741937100001451,49.299610740000006,30.337987626666656,30
6.773970300000656,49.0272372,30.850690760784317,30
6.805966900001295,48.61867689,31.61974546196078,30
6.837940900000831,48.34630335,32.13244859607843,30
6.869977199999994,47.93774304,32.901503297254905,30
6.901950299999953,47.52918273,33.67055799843136,30
6.933961300001101,47.120622420000004,34.439612699607835,30
6.965937599999961,46.57587534000001,35.46501896784312,30
7.01404569999977,46.16731503,36.234073669019615,30
7.0459081000008155,45.75875472,37.00312837019608,30
7.077924700000949,45.214007640000005,38.02853463843136,30
7.109864800000651,44.66926056,39.05394090666667,30
7.141918600000281,44.124513480000005,40.079347174901955,30
7.1739088000013,43.57976640000001,41.104753443137234,30
7.205933400000504,43.03501932,42.13015971137254,30
7.237923500000761,42.49027224000001,43.15556597960782,30
7.269892500000424,41.94552516,44.18097224784313,30
7.301943700000265,41.40077808000001,45.206378516078416,30
7.333944400001201,40.856031,46.231784784313724,30
7.365941199999725,40.31128392000001,47.25719105254901,30
7.413931400000365,39.630350070000006,48.53894888784313,30
7.446109500000603,39.08560299,49.564355156078435,30
7.478000400000383,38.540855910000005,50.589761424313714,30
7.509937300001184,37.85992206,51.871519259607844,30
7.541995200001111,37.31517498000001,52.896925527843116,30
7.573929000000135,36.63424113000001,54.17868336313724,30
7.605960599999889,36.08949405,55.20408963137255,30
7.638029700001425,35.544746970000006,56.22949589960784,30
7.670002900000327,34.86381312,57.511253734901956,30
7.701929099999688,34.18287927,58.79301157019607,30
7.733931000000666,33.63813219000001,59.81841783843136,30
7.765981500000635,32.957198340000005,61.10017567372549,30
7.813944300000003,32.27626449,62.3819335090196,30
7.845903700001145,31.595330640000004,63.66369134431372,30
7.877935000000434,30.778210020000003,65.20180074666666,30
7.909951100000399,30.097276170000004,66.48355858196078,30
7.941922500000146,29.552529090000004,67.50896485019608,30
7.974080900001354,28.87159524,68.7907226854902,30
8.006021400000463,28.190661390000002,70.07248052078431,30
8.037916100000075,27.509727540000004,71.35423835607843,30
8.069854000001214,26.964980460000003,72.37964462431373,30
8.101933100000679,26.420233380000003,73.40505089254901,30
8.1339437000006,25.875486300000002,74.43045716078431,30
8.165929200000392,25.33073922,75.4558634290196,30
8.213970500000869,25.466925990000004,75.19951186196077,30
8.245908700000655,25.05836568,75.96856656313726,30
8.277923700001338,24.5136186,76.99397283137255,30
8.30994450000071,24.105058290000002,77.76302753254902,30
8.341970100000253,23.560311210000002,78.7884338007843,30
8.37399379999988,23.151750900000003,79.55748850196078,30
8.405947900000683,22.74319059,80.32654320313725,30
8.437956499999927,22.334630280000003,81.09559790431372,30
8.469933800000945,21.926069970000004,81.86465260549018,30
8.501948099999936,21.653696430000004,82.37735573960782,30
8.53397170000062,21.24513612,83.14641044078431,30
8.565927999999985,20.97276258,83.65911357490195,30
8.614006100000552,20.70038904,84.1718167090196,30
8.645995800001401,20.4280155,84.68451984313725,30
8.677929800000129,20.291828730000002,84.94087141019607,30
8.709973900000477,20.019455190000002,85.45357454431372,30
8.74201610000091,19.747081650000002,85.96627767843137,30
8.774002699999983,19.610894880000004,86.2226292454902,30
8.805949999999939,19.47470811,86.47898081254903,30
8.837927700000364,19.338521340000003,86.73533237960783,30
8.869916600000579,19.20233457,86.99168394666667,30
8.901871199999732,19.066147800000003,87.24803551372547,30
8.933935900000506,19.066147800000003,87.24803551372547,30
8.965955800000302,18.92996103,87.50438708078431,30
9.014007700001457,18.92996103,87.50438708078431,30
9.045944900000904,19.066147800000003,87.24803551372547,30
9.077946000001248,18.92996103,87.50438708078431,30
9.11002230000122,19.066147800000003,87.24803551372547,30
9.141958300000624,19.066147800000003,87.24803551372547,30
9.173913900000116,19.066147800000003,87.24803551372547,30
9.205967200001396,19.20233457,86.99168394666667,30
9.23793300000034,19.338521340000003,86.73533237960783,30
9.269897500000297,19.47470811,86.47898081254903,30
9.302081600000747,19.610894880000004,86.2226292454902,30
9.334005400000024,19.747081650000002,85.96627767843137,30
9.365945300000021,19.88326842,85.70992611137255,30
9.414006000000882,20.019455190000002,85.45357454431372,30
9.445921700000326,20.15564196,85.1972229772549,30
9.477946900000461,20.291828730000002,84.94087141019607,30
9.509984700000132,19.747081650000002,85.96627767843137,30
9.541983799999798,20.70038904,84.1718167090196,30
9.573881300000721,20.15564196,85.1972229772549,30
9.605907099999968,20.564202270000003,84.42816827607842,30
9.637953400000697,20.836575810000003,83.91546514196078,30
9.66995240000142,20.97276258,83.65911357490195,30
9.701918400000068,21.24513612,83.14641044078431,30
9.734046300000045,21.51750966,82.63370730666666,30
9.765971900000295,21.789883200000002,82.12100417254902,30
9.813940800000637,22.062256740000002,81.60830103843138,30
9.845945799999754,22.47081705,80.8392463372549,30
9.87789789999988,22.74319059,80.32654320313725,30
9.909832900000765,23.151750900000003,79.55748850196078,30
9.94194729999981,23.424124440000003,79.04478536784313,30
9.973966700001256,23.832684750000002,78.27573066666666,30
10.006059800000003,24.24124506,77.50667596549019,30
10.037945900001432,24.649805370000003,76.73762126431373,30
10.069959600001312,24.922178910000003,76.22491813019607,30
10.101911100000507,25.33073922,75.4558634290196,30
10.1338721000011,25.739299530000004,74.68680872784313,30
10.165958200001114,26.011673070000004,74.17410559372549,30
10.21395450000091,26.420233380000003,73.40505089254901,30
10.245882000001075,26.82879369,72.63599619137254,30
10.277909399999771,26.964980460000003,72.37964462431373,30
10.30989960000079,27.37354077,71.61058992313724,30
10.341969200000676,27.782101080000004,70.84153522196078,30
10.373966200000723,28.190661390000002,70.07248052078431,30
10.405965600000854,28.5992217,69.30342581960784,30
10.437931399999798,29.007782010000003,68.53437111843137,30
10.46992339999997,29.552529090000004,67.50896485019608,30
10.501961600000868,29.961089400000002,66.7399101490196,30
10.533904300000358,30.505836480000003,65.7145038807843,30
10.56589090000125,30.91439679,64.94544917960785,30
10.613972799999829,31.459143870000002,63.92004291137254,30
10.645896800000628,31.867704180000004,63.15098821019607,30
10.677952699999878,32.412451260000005,62.12558194196078,30
10.709994800001368,32.82101157,61.35652724078431,30
10.741970900000524,33.22957188,60.587472539607845,30
10.773932400001286,33.77431896,59.56206627137254,30
10.805903500000568,34.18287927,58.79301157019607,30
10.837974199999735,34.59143958,58.023956869019614,30
10.869909300001382,35.13618666000001,56.998550600784306,30
10.901914500000203,35.544746970000006,56.22949589960784,30
10.933923900000082,35.953307280000004,55.46044119843137,30
10.965941200000088,36.36186759,54.69138649725489,30
11.014129200000752,36.7704279,53.922331796078424,30
11.04599270000108,37.17898821,53.153277094901966,30
11.077906200000143,37.451361750000004,52.64057396078431,30
11.109948799999984,37.85992206,51.871519259607844,30
11.141914400001042,38.26848237,51.10246455843137,30
11.173972800001138,38.67704268,50.33340985725489,30
11.205905900000289,38.94941622,49.82070672313725,30
11.237928700000339,39.35797653,49.051652021960784,30
11.269912200001272,39.76653684,48.28259732078431,30
11.301889700000174,40.038910380000004,47.76989418666666,30
11.33389900000111,40.31128392000001,47.25719105254901,30
11.365914500000144,40.71984423000001,46.48813635137254,30
11.413945400001467,40.99221777000001,45.97543321725489,30
11.445895500000915,41.26459131,45.46273008313725,30
11.47796610000114,41.40077808000001,45.206378516078416,30
11.509941500000423,41.67315162,44.69367538196079,30
11.54191560000072,41.80933839000001,44.437323814901944,30
11.573878600000171,41.94552516,44.18097224784313,30
11.605961900000693,42.217898700000006,43.66826911372548,30
11.637911800000438,42.35408547,43.411917546666665,30
11.669910300000993,42.49027224000001,43.15556597960782,30
11.702006000001347,42.49027224000001,43.15556597960782,30
11.733962100001008,42.626459010000005,42.899214412549014,30
11.765895000000455,42.76264578,42.6428628454902,30
11.81398640000043,42.76264578,42.6428628454902,30
11.84601450000082,42.76264578,42.6428628454902,30
11.877985400000398,42.89883255000001,42.38651127843136,30
11.909950400000525,42.89883255000001,42.38651127843136,30
11.941948499999853,42.89883255000001,42.38651127843136,30
11.973919699999897,42.76264578,42.6428628454902,30
12.005988400000206,42.76264578,42.6428628454902,30
12.037953700000799,42.76264578,42.6428628454902,30
12.069888400001219,42.626459010000005,42.899214412549014,30
12.101912500000253,42.49027224000001,43.15556597960782,30
12.133912600000258,42.35408547,43.411917546666665,30
12.165975800000524,42.35408547,43.411917546666665,30
12.213889300001028,42.217898700000006,43.66826911372548,30
12.245877600000313,42.08171193,43.92462068078432,30
12.277944200001002,41.80933839000001,44.437323814901944,30
12.309880300001169,41.67315162,44.69367538196079,30
12.34189030000016,41.536964850000004,44.9500269490196,30
12.37394740000127,41.26459131,45.46273008313725,30
12.405921200001103,41.128404540000005,45.71908165019607,30
12.437912600000345,40.856031,46.231784784313724,30
12.469891500000813,40.44747069,47.00083948549019,30
12.50195640000129,40.17509715,47.51354261960785,30
12.533988099999988,39.90272361000001,48.02624575372547,30
12.565892800001166,39.630350070000006,48.53894888784313,30
12.613920200001303,39.35797653,49.051652021960784,30
12.645943200001057,39.08560299,49.564355156078435,30
12.677939299999707,38.67704268,50.33340985725489,30
12.710007400000904,38.40466914000001,50.84611299137253,30
12.741883000000598,38.132295600000006,51.35881612549019,30
12.773891800001365,37.72373529000001,52.12787082666666,30
12.806005000000368,37.451361750000004,52.64057396078431,30
12.837968300000284,37.042801440000005,53.409628661960774,30
12.869928699999946,36.7704279,53.922331796078424,30
12.901896999999735,36.7704279,53.922331796078424,30
12.933957400000509,36.36186759,54.69138649725489,30
12.965901700001268,35.953307280000004,55.46044119843137,30
13.014038500001334,35.68093374,55.97314433254902,30
13.045988300000317,35.4085602,56.48584746666667,30
13.077909900001032,34.99999989,57.25490216784315,30
13.109895000001416,34.59143958,58.023956869019614,30
13.141926199999943,34.18287927,58.79301157019607,30
13.173851000001378,33.77431896,59.56206627137254,30
13.205963500000507,33.50194542,60.074769405490194,30
13.237939200000255,33.09338511,60.843824106666666,30
13.269905500001187,32.6848248,61.61287880784314,30
13.301978200001031,32.412451260000005,62.12558194196078,30
13.334079199999906,32.00389095,62.89463664313726,30
13.366018800001257,31.595330640000004,63.66369134431372,30
13.413961500000369,31.18677033,64.43274604549019,30
13.445984800000588,30.91439679,64.94544917960785,30
13.477964200001225,30.505836480000003,65.7145038807843,30
13.509889200000543,30.097276170000004,66.48355858196078,30
13.541951200000767,29.824902630000004,66.99626171607844,30
13.573958500001027,29.416342320000002,67.7653164172549,30
13.605901300001278,29.14396878,68.27801955137254,30
13.637873600000603,28.735408470000003,69.04707425254901,30
13.670017100001132,29.14396878,68.27801955137254,30
13.701997400001346,28.87159524,68.7907226854902,30
13.733911100000114,28.5992217,69.30342581960784,30
13.765960000000632,28.190661390000002,70.07248052078431,30
13.814015300000392,27.918287850000002,70.58518365490195,30
13.845913500001188,27.645914310000002,71.09788678901961,30
13.877914000000601,27.37354077,71.61058992313724,30
13.90993619999972,27.10116723,72.1232930572549,30
13.941914000000907,26.82879369,72.63599619137254,30
13.973901700001079,26.420233380000003,73.40505089254901,30
14.005930700001045,26.28404661,73.66140245960784,30
14.038029500001358,26.011673070000004,74.17410559372549,30
14.069988500001273,25.739299530000004,74.68680872784313,30
14.101928300000509,25.603112760000002,74.94316029490196,30
14.133898199999749,25.33073922,75.4558634290196,30
14.165935400000308,25.194552450000003,75.71221499607843,30
14.213929000001372,25.05836568,75.96856656313726,30
14.245899600000484,24.922178910000003,76.22491813019607,30
14.277904100001251,24.78599214,76.48126969725489,30
14.30990920000113,24.78599214,76.48126969725489,30
14.341947700000674,24.649805370000003,76.73762126431373,30
14.373919000001479,24.649805370000003,76.73762126431373,30
14.405899999999747,24.5136186,76.99397283137255,30
14.437911200000599,24.5136186,76.99397283137255,30
14.469988800001374,24.5136186,76.99397283137255,30
14.501940100000866,24.377431830000003,77.25032439843137,30
14.533915800000614,24.377431830000003,77.25032439843137,30
14.565979599999991,24.377431830000003,77.25032439843137,30
14.613900100001047,24.377431830000003,77.25032439843137,30
14.645872300001429,24.377431830000003,77.25032439843137,30
14.677970200000345,24.377431830000003,77.25032439843137,30
14.70996070000001,24.5136186,76.99397283137255,30
14.741888300000937,24.5136186,76.99397283137255,30
14.774005400000533,24.5136186,76.99397283137255,30
14.805948299999727,24.649805370000003,76.73762126431373,30
14.837893600000825,24.649805370000003,76.73762126431373,30
14.869887400000152,24.78599214,76.48126969725489,30
14.902003200000763,24.922178910000003,76.22491813019607,30
14.933888200001093,25.05836568,75.96856656313726,30
14.965914300000804,25.194552450000003,75.71221499607843,30
15.014028999999937,25.194552450000003,75.71221499607843,30
15.045941800000946,25.33073922,75.4558634290196,30
15.077929300001415,25.466925990000004,75.19951186196077,30
15.109938900000998,25.603112760000002,74.94316029490196,30
15.141912500001126,25.739299530000004,74.68680872784313,30
15.173921300000075,25.875486300000002,74.43045716078431,30
15.205968300000677,26.011673070000004,74.17410559372549,30
15.237939200000255,26.147859840000002,73.91775402666666,30
15.269888800001354,26.28404661,73.66140245960784,30
15.301986800001032,26.420233380000003,73.40505089254901,30
15.333932000001369,26.692606920000003,72.89234775843137,30
15.366097000000082,26.82879369,72.63599619137254,30
15.413937700001043,26.964980460000003,72.37964462431373,30
15.44589310000083,27.10116723,72.1232930572549,30
15.477907500000583,27.37354077,71.61058992313724,30
15.509880400000839,27.509727540000004,71.35423835607843,30
15.541950400000133,27.645914310000002,71.09788678901961,30
15.573893300001146,27.918287850000002,70.58518365490195,30
15.60587459999988,28.054474620000004,70.32883208784313,30
15.637944400001288,28.326848160000004,69.81612895372548,30
15.66991600000074,28.5992217,69.30342581960784,30
15.701857400001245,28.87159524,68.7907226854902,30
15.733932099999947,29.007782010000003,68.53437111843137,30
15.765937600001052,29.280155550000003,68.02166798431372,30
15.813947200000257,29.552529090000004,67.50896485019608,30
15.845958800000517,29.824902630000004,66.99626171607844,30
15.877962200000184,30.097276170000004,66.48355858196078,30
15.909924900000988,30.369649710000004,65.97085544784314,30
15.941915500001414,30.642023250000005,65.45815231372548,30
15.974149200001193,30.91439679,64.94544917960785,30
16.00606400000106,31.050583560000003,64.68909761254902,30
16.03796180000063,31.322957100000004,64.17639447843136,30
16.06995050000114,31.595330640000004,63.66369134431372,30
16.101940500000637,31.867704180000004,63.15098821019607,30
16.133891600000425,32.14007772000001,62.63828507607842,30
16.165880200000174,32.548638030000006,61.86923037490195,30
16.213939799999935,32.82101157,61.35652724078431,30
16.245912600001247,33.22957188,60.587472539607845,30
16.277869000001374,33.50194542,60.074769405490194,30
16.30990230000134,33.77431896,59.56206627137254,30
16.34191770000143,34.18287927,58.79301157019607,30
16.37390940000114,34.455252810000005,58.28030843607842,30
16.40591090000089,34.86381312,57.511253734901956,30
16.437896200000978,35.13618666000001,56.998550600784306,30
16.46987540000009,35.544746970000006,56.22949589960784,30
16.50187460000052,35.953307280000004,55.46044119843137,30
16.533891300001414,36.36186759,54.69138649725489,30
16.565912500000195,36.63424113000001,54.17868336313724,30
16.61390350000147,37.042801440000005,53.409628661960774,30
16.646006500001022,37.451361750000004,52.64057396078431,30
16.677915800000847,37.72373529000001,52.12787082666666,30
16.710041100001035,37.451361750000004,52.64057396078431,30
16.741986799999722,37.85992206,51.871519259607844,30
16.7738915000009,38.26848237,51.10246455843137,30
16.805888300001243,38.540855910000005,50.589761424313714,30
16.837909699999727,38.94941622,49.82070672313725,30
16.869881700000406,39.22178976000001,49.30800358901959,30
16.901909800000794,39.630350070000006,48.53894888784313,30
16.93395860000055,39.90272361000001,48.02624575372547,30
16.966028099999676,40.17509715,47.51354261960785,30
17.013946600000054,40.44747069,47.00083948549019,30
17.04578820000097,40.71984423000001,46.48813635137254,30
17.077943000000232,40.99221777000001,45.97543321725489,30
17.109957300001042,41.128404540000005,45.71908165019607,30
17.14191430000028,41.40077808000001,45.206378516078416,30
17.17393070000071,41.67315162,44.69367538196079,30
17.206022500000472,41.80933839000001,44.437323814901944,30
17.237992700000177,42.08171193,43.92462068078432,30
17.26998530000128,42.217898700000006,43.66826911372548,30
17.30193870000039,42.49027224000001,43.15556597960782,30
17.33388290000039,42.626459010000005,42.899214412549014,30
17.365882600000987,42.76264578,42.6428628454902,30
17.413945700000113,42.89883255000001,42.38651127843136,30
17.445881999999983,42.89883255000001,42.38651127843136,30
17.477849000000788,43.03501932,42.13015971137254,30
17.509932099999787,43.03501932,42.13015971137254,30
17.541874600001393,43.03501932,42.13015971137254,30
17.573911500001486,43.03501932,42.13015971137254,30
17.605933099999675,43.03501932,42.13015971137254,30
17.637927700001455,42.89883255000001,42.38651127843136,30
17.66984969999976,42.89883255000001,42.38651127843136,30
17.701914600000237,42.76264578,42.6428628454902,30
17.73394990000088,42.76264578,42.6428628454902,30
17.765876400000707,42.626459010000005,42.899214412549014,30
17.81386770000063,42.49027224000001,43.15556597960782,30
17.845926699999836,42.35408547,43.411917546666665,30
17.87799150000137,42.35408547,43.411917546666665,30
17.909892200001195,42.217898700000006,43.66826911372548,30
17.94197450000138,42.08171193,43.92462068078432,30
17.974015900001177,41.94552516,44.18097224784313,30
18.00599080000029,41.80933839000001,44.437323814901944,30
18.038061500001277,41.67315162,44.69367538196079,30
18.069943100001183,41.536964850000004,44.9500269490196,30
18.101915200000803,41.26459131,45.46273008313725,30
18.133909899999708,40.99221777000001,45.97543321725489,30
18.165953300000183,40.856031,46.231784784313724,30
18.213912000001073,40.58365746,46.744487918431375,30
18.245913900000232,40.31128392000001,47.25719105254901,30
18.277899599999728,40.038910380000004,47.76989418666666,30
18.309907800001383,39.76653684,48.28259732078431,30
18.34188610000092,39.4941633,48.79530045490197,30
18.37390240000059,39.08560299,49.564355156078435,30
18.405966600001193,38.81322945000001,50.077058290196064,30
18.437907200001064,38.540855910000005,50.589761424313714,30
18.469911800000773,38.26848237,51.10246455843137,30
18.50190290000137,37.99610883,51.61516769254902,30
18.53386909999972,37.72373529000001,52.12787082666666,30
18.565853199999765,37.451361750000004,52.64057396078431,30
18.614030900000216,37.17898821,53.153277094901966,30
18.645880699999907,36.7704279,53.922331796078424,30
18.677957900001275,36.49805436,54.43503493019608,30
18.71001520000027,36.08949405,55.20408963137255,30
18.741940600000817,35.81712051000001,55.716792765490176,30
18.773870400000305,35.4085602,56.48584746666667,30
18.805899599999975,35.13618666000001,56.998550600784306,30
18.83794190000117,34.72762635000001,57.76760530196077,30
18.869898599999942,34.455252810000005,58.28030843607842,30
18.901853200000915,34.046692500000006,59.049363137254886,30
18.933985600000597,33.77431896,59.56206627137254,30
18.96587890000046,33.365758650000004,60.331120972549016,30
19.013978099999804,32.957198340000005,61.10017567372549,30
19.045979100001205,32.6848248,61.61287880784314,30
19.07792410000002,32.27626449,62.3819335090196,30
19.109913600001164,32.00389095,62.89463664313726,30
19.14187370000036,31.595330640000004,63.66369134431372,30
19.17392210000071,31.322957100000004,64.17639447843136,30
19.205919100000756,30.91439679,64.94544917960785,30
19.237912500000675,30.642023250000005,65.45815231372548,30
19.269896900001186,30.233462940000003,66.22720701490195,30
19.301948000000266,29.961089400000002,66.7399101490196,30
19.33391389999997,29.688715860000002,67.25261328313725,30
19.36593410000023,29.280155550000003,68.02166798431372,30
19.413899799999854,29.007782010000003,68.53437111843137,30
19.44591600000058,28.735408470000003,69.04707425254901,30
19.478001000001314,28.463034930000003,69.55977738666667,30
19.50987929999974,28.190661390000002,70.07248052078431,30
19.541907300001185,27.918287850000002,70.58518365490195,30
19.57392660000005,27.509727540000004,71.35423835607843,30
19.605966300001455,27.37354077,71.61058992313724,30
19.637920099999974,27.10116723,72.1232930572549,30
19.66987870000048,26.82879369,72.63599619137254,30
19.701987600001303,26.55642015,73.14869932549018,30
19.733959200000754,26.420233380000003,73.40505089254901,30
19.765900300000794,26.147859840000002,73.91775402666666,30
19.813984399999754,25.875486300000002,74.43045716078431,30
19.845868899999914,25.739299530000004,74.68680872784313,30
19.877902000000176,25.466925990000004,75.19951186196077,30
19.909882699999798,25.194552450000003,75.71221499607843,30
19.94194830000015,24.922178910000003,76.22491813019607,30
19.97389470000053,24.649805370000003,76.73762126431373,30
20.00604949999979,24.377431830000003,77.25032439843137,30
20.038088700001026,24.105058290000002,77.76302753254902,30
20.069846500000494,23.832684750000002,78.27573066666666,30
20.10190430000148,23.560311210000002,78.7884338007843,30
20.133973800000604,23.424124440000003,79.04478536784313,30
20.165915600000517,23.28793767,79.30113693490195,30
20.21393210000133,23.151750900000003,79.55748850196078,30
20.245929599999727,23.151750900000003,79.55748850196078,30
20.27792419999969,23.01556413,79.8138400690196,30
20.30990870000096,22.879377360000003,80.07019163607842,30
20.34191269999974,22.74319059,80.32654320313725,30
20.37389600000097,22.74319059,80.32654320313725,30
20.405882700000802,22.607003820000003,80.58289477019608,30
20.437869299999875,22.607003820000003,80.58289477019608,30
20.469927500000267,22.74319059,80.32654320313725,30
20.50181909999992,22.74319059,80.32654320313725,30
20.533893900001203,22.879377360000003,80.07019163607842,30
20.565963700000793,22.879377360000003,80.07019163607842,30
20.613980500000253,23.01556413,79.8138400690196,30
20.645947799999703,23.151750900000003,79.55748850196078,30
20.677798100001382,23.28793767,79.30113693490195,30
20.709878100000424,23.424124440000003,79.04478536784313,30
20.741894000000684,23.560311210000002,78.7884338007843,30
20.773923300001115,23.696497980000004,78.53208223372549,30
20.80596130000049,23.832684750000002,78.27573066666666,30
20.83789120000074,24.105058290000002,77.76302753254902,30
20.869872500001293,24.24124506,77.50667596549019,30
20.901925899999696,24.377431830000003,77.25032439843137,30
20.933882799999992,24.649805370000003,76.73762126431373,30
20.96594660000119,24.78599214,76.48126969725489,30
21.01400889999968,24.922178910000003,76.22491813019607,30
21.045917000001282,25.194552450000003,75.71221499607843,30
21.077870700000858,25.33073922,75.4558634290196,30
21.109927999999854,25.603112760000002,74.94316029490196,30
21.141944900000453,25.739299530000004,74.68680872784313,30
21.173884900001212,26.011673070000004,74.17410559372549,30
21.205921100001433,26.28404661,73.66140245960784,30
21.237943400001313,26.55642015,73.14869932549018,30
21.269897500000297,26.82879369,72.63599619137254,30
21.30186590000085,26.964980460000003,72.37964462431373,30
21.333921999999802,27.37354077,71.61058992313724,30
21.36595600000146,27.645914310000002,71.09788678901961,30
21.41392160000032,27.918287850000002,70.58518365490195,30
21.44591650000075,28.326848160000004,69.81612895372548,30
21.477945399999953,28.735408470000003,69.04707425254901,30
21.50987410000016,29.007782010000003,68.53437111843137,30
21.541944000000512,29.280155550000003,68.02166798431372,30
21.573903000000428,29.552529090000004,67.50896485019608,30
21.605910800000856,29.824902630000004,66.99626171607844,30
21.63789689999976,30.233462940000003,66.22720701490195,30
21.66990530000112,30.642023250000005,65.45815231372548,30
21.701907200000278,30.91439679,64.94544917960785,30
21.73391580000134,31.322957100000004,64.17639447843136,30
21.76591600000029,31.731517410000002,63.40733977725489,30
21.813898500000505,32.14007772000001,62.63828507607842,30
21.84588249999979,32.412451260000005,62.12558194196078,30
21.878024700001333,32.82101157,61.35652724078431,30
21.909945999999763,33.09338511,60.843824106666666,30
21.942108700000972,33.50194542,60.074769405490194,30
21.974042600000757,33.77431896,59.56206627137254,30
22.005984100000205,34.18287927,58.79301157019607,30
22.03797670000131,34.455252810000005,58.28030843607842,30
22.06989700000122,34.86381312,57.511253734901956,30
22.10199030000149,35.27237343,56.74219903372549,30
22.133903800000553,35.544746970000006,56.22949589960784,30
22.1658208000008,35.953307280000004,55.46044119843137,30
22.213933900000484,36.22568082000001,54.94773806431371,30
22.24587109999993,36.49805436,54.43503493019608,30
22.277883599999768,36.7704279,53.922331796078424,30
22.309918000000835,37.17898821,53.153277094901966,30
22.3418956000005,37.451361750000004,52.64057396078431,30
22.373876700001347,37.72373529000001,52.12787082666666,30
22.405861400000504,37.99610883,51.61516769254902,30
22.43804950000049,38.26848237,51.10246455843137,30
22.469917200000054,38.540855910000005,50.589761424313714,30
22.501873299999716,38.81322945000001,50.077058290196064,30
22.533909300000232,39.08560299,49.564355156078435,30
22.565875199999937,39.35797653,49.051652021960784,30
22.613858900000196,39.630350070000006,48.53894888784313,30
22.645926000001054,39.90272361000001,48.02624575372547,30
22.677932399999918,40.17509715,47.51354261960785,30
22.709883400000763,40.44747069,47.00083948549019,30
22.741869600000427,40.71984423000001,46.48813635137254,30
22.773941400000695,40.856031,46.231784784313724,30
22.80590250000023,41.128404540000005,45.71908165019607,30
22.837880600000062,41.26459131,45.46273008313725,30
22.86992900000041,41.40077808000001,45.206378516078416,30
22.90188180000041,41.536964850000004,44.9500269490196,30
22.933910700001434,41.67315162,44.69367538196079,30
22.965895500001352,41.80933839000001,44.437323814901944,30
23.014006400000653,41.94552516,44.18097224784313,30
23.045922100000098,41.94552516,44.18097224784313,30
23.07809240000097,42.08171193,43.92462068078432,30
23.109891600000992,42.08171193,43.92462068078432,30
23.14183890000095,42.08171193,43.92462068078432,30
23.173836500000107,42.217898700000006,43.66826911372548,30
23.205935600000885,42.217898700000006,43.66826911372548,30
23.237898700001097,42.217898700000006,43.66826911372548,30
23.269839100001263,42.217898700000006,43.66826911372548,30
23.301966200000606,42.217898700000006,43.66826911372548,30
23.33388019999984,42.217898700000006,43.66826911372548,30
23.365859499999715,42.35408547,43.411917546666665,30
23.413928900001338,42.217898700000006,43.66826911372548,30
23.445900800001255,42.08171193,43.92462068078432,30
23.47788159999982,41.94552516,44.18097224784313,30
23.50990450000063,41.94552516,44.18097224784313,30
23.54189270000097,41.80933839000001,44.437323814901944,30
23.573853800000506,41.67315162,44.69367538196079,30
23.60586460000013,41.40077808000001,45.206378516078416,30
23.637945899999977,41.26459131,45.46273008313725,30
23.669983200001298,41.128404540000005,45.71908165019607,30
23.701950800001214,40.856031,46.231784784313724,30
23.73394130000088,40.58365746,46.744487918431375,30
23.765850400001,40.44747069,47.00083948549019,30
23.81392229999983,40.17509715,47.51354261960785,30
23.84586930000114,39.90272361000001,48.02624575372547,30
23.87788680000085,39.76653684,48.28259732078431,30
23.909867500000473,39.4941633,48.79530045490197,30
23.94190619999972,39.08560299,49.564355156078435,30
23.973898899999767,38.81322945000001,50.077058290196064,30
24.005949200000032,38.540855910000005,50.589761424313714,30
24.037883599999986,38.26848237,51.10246455843137,30
24.06988960000126,37.99610883,51.61516769254902,30
24.10194860000047,37.58754852,52.3842223937255,30
24.133893899999748,37.17898821,53.153277094901966,30
24.166031400000065,36.7704279,53.922331796078424,30
24.21392089999972,36.49805436,54.43503493019608,30
24.245872000001327,36.08949405,55.20408963137255,30
24.277831700001116,36.36186759,54.69138649725489,30
24.309982700000546,36.08949405,55.20408963137255,30
24.341962600001352,35.68093374,55.97314433254902,30
24.37397299999975,35.4085602,56.48584746666667,30
24.405932900001062,34.99999989,57.25490216784315,30
24.437901799999963,34.72762635000001,57.76760530196077,30
24.469870599999922,34.31906604000001,58.53666000313723,30
24.50191410000116,34.046692500000006,59.049363137254886,30
24.533893499999976,33.63813219000001,59.81841783843136,30
24.56585890000133,33.22957188,60.587472539607845,30
24.613883500000156,32.82101157,61.35652724078431,30
24.645865600001343,32.548638030000006,61.86923037490195,30
24.677870400000756,32.14007772000001,62.63828507607842,30
24.70987320000131,31.731517410000002,63.40733977725489,30
24.7419246999998,31.322957100000004,64.17639447843136,30
24.77384119999988,31.050583560000003,64.68909761254902,30
24.80590099999972,30.642023250000005,65.45815231372548,30
24.837911300000997,30.233462940000003,66.22720701490195,30
24.869906900001297,29.824902630000004,66.99626171607844,30
24.901854700001422,29.416342320000002,67.7653164172549,30
24.933976500000426,29.007782010000003,68.53437111843137,30
24.96592419999979,28.5992217,69.30342581960784,30
25.01401530000112,28.190661390000002,70.07248052078431,30
25.045951300000524,27.645914310000002,71.09788678901961,30
25.077798400001484,27.237354000000003,71.86694149019608,30
25.109920200000488,26.82879369,72.63599619137254,30
25.14186950000112,26.55642015,73.14869932549018,30
25.173981699999786,26.147859840000002,73.91775402666666,30
25.205918000001475,25.739299530000004,74.68680872784313,30
25.2379662000003,25.466925990000004,75.19951186196077,30
25.269904500000848,25.194552450000003,75.71221499607843,30
25.301913700001023,24.78599214,76.48126969725489,30
25.333927400000903,24.5136186,76.99397283137255,30
25.365930100000696,24.24124506,77.50667596549019,30
25.413908600001378,23.968871520000004,78.01937909960783,30
25.445839300000443,23.696497980000004,78.53208223372549,30
25.477925200000755,23.560311210000002,78.7884338007843,30
25.509883800001262,23.28793767,79.30113693490195,30
25.54188090000025,23.151750900000003,79.55748850196078,30
25.57394690000001,23.01556413,79.8138400690196,30
25.6059249000009,23.01556413,79.8138400690196,30
25.637869300000602,22.879377360000003,80.07019163607842,30
25.669955900000787,22.879377360000003,80.07019163607842,30
25.70205520000127,22.74319059,80.32654320313725,30
25.734091800000897,22.607003820000003,80.58289477019608,30
25.76591510000071,22.607003820000003,80.58289477019608,30
25.81388049999987,22.47081705,80.8392463372549,30
25.84587450000072,22.334630280000003,81.09559790431372,30
25.87787870000102,22.334630280000003,81.09559790431372,30
25.90980099999979,22.19844351,81.35194947137254,30
25.941915000001245,22.19844351,81.35194947137254,30
25.97386390000065,22.19844351,81.35194947137254,30
26.005998900000122,22.334630280000003,81.09559790431372,30
26.03794310000012,22.334630280000003,81.09559790431372,30
26.06988850000016,22.334630280000003,81.09559790431372,30
26.10187610000139,22.334630280000003,81.09559790431372,30
26.133896900000764,22.47081705,80.8392463372549,30
26.165981800000736,22.47081705,80.8392463372549,30
26.21393360000002,22.607003820000003,80.58289477019608,30
26.245951500000956,22.74319059,80.32654320313725,30
26.277935100000832,22.879377360000003,80.07019163607842,30
26.30983070000002,23.01556413,79.8138400690196,30
26.34194530000059,23.151750900000003,79.55748850196078,30
26.37385330000143,23.28793767,79.30113693490195,30
26.40584520000084,23.424124440000003,79.04478536784313,30
26.43786210000144,23.696497980000004,78.53208223372549,30
26.46989620000022,23.832684750000002,78.27573066666666,30
26.50188049999997,23.968871520000004,78.01937909960783,30
26.533894899999723,24.24124506,77.50667596549019,30
26.56590479999977,24.377431830000003,77.25032439843137,30
26.613914400000795,24.5136186,76.99397283137255,30
26.645817000000534,24.649805370000003,76.73762126431373,30
26.677885099999912,24.922178910000003,76.22491813019607,30
26.709890100000848,25.05836568,75.96856656313726,30
26.74190660000022,25.33073922,75.4558634290196,30
26.773921600000904,25.603112760000002,74.94316029490196,30
26.805852100000266,25.875486300000002,74.43045716078431,30
26.8378571000012,26.147859840000002,73.91775402666666,30
26.869834300001457,26.55642015,73.14869932549018,30
26.90191550000054,26.82879369,72.63599619137254,30
26.93393340000148,27.237354000000003,71.86694149019608,30
26.9659227000011,27.509727540000004,71.35423835607843,30
27.013932800000475,27.918287850000002,70.58518365490195,30
27.045895200000814,28.190661390000002,70.07248052078431,30
27.07787890000145,28.5992217,69.30342581960784,30
27.10986469999989,28.190661390000002,70.07248052078431,30
27.14194730000054,28.5992217,69.30342581960784,30
27.173926000001302,29.007782010000003,68.53437111843137,30
27.205877800000962,29.280155550000003,68.02166798431372,30
27.23798859999988,29.688715860000002,67.25261328313725,30
27.269915099999707,30.097276170000004,66.48355858196078,30
27.301875700000892,30.505836480000003,65.7145038807843,30
27.333912100000816,30.91439679,64.94544917960785,30
27.36589559999993,31.18677033,64.43274604549019,30
27.413875899999766,31.731517410000002,63.40733977725489,30
27.445864000001166,32.14007772000001,62.63828507607842,30
27.47789290000037,32.548638030000006,61.86923037490195,30
27.509830000000875,32.957198340000005,61.10017567372549,30
27.5419262000014,33.365758650000004,60.331120972549016,30
27.573902199999793,33.77431896,59.56206627137254,30
27.605894700000135,34.18287927,58.79301157019607,30
27.6378679999998,34.59143958,58.023956869019614,30
27.669867800001157,34.86381312,57.511253734901956,30
27.701906899999813,35.27237343,56.74219903372549,30
27.733939300000202,35.68093374,55.97314433254902,30
27.765867400001298,35.953307280000004,55.46044119843137,30
27.813842400000794,36.36186759,54.69138649725489,30
27.845858900000167,36.63424113000001,54.17868336313724,30
27.877886000000217,37.042801440000005,53.409628661960774,30
27.90988500000094,37.31517498000001,52.896925527843116,30
27.94189490000099,37.58754852,52.3842223937255,30
27.973825200000647,37.99610883,51.61516769254902,30
28.005984700001136,38.26848237,51.10246455843137,30
28.037931599999865,38.67704268,50.33340985725489,30
28.069868399999905,39.08560299,49.564355156078435,30
28.101889700001266,39.35797653,49.051652021960784,30
28.133987799999886,39.76653684,48.28259732078431,30
28.16591420000077,40.038910380000004,47.76989418666666,30
28.2140287000002,40.44747069,47.00083948549019,30
28.24588279999989,40.71984423000001,46.48813635137254,30
28.277870100000655,40.99221777000001,45.97543321725489,30
28.309875400000237,41.26459131,45.46273008313725,30
28.341905000001134,41.536964850000004,44.9500269490196,30
28.373892000001433,41.80933839000001,44.437323814901944,30
28.405949500000133,42.08171193,43.92462068078432,30
28.437894300001062,42.35408547,43.411917546666665,30
28.469877200001065,42.626459010000005,42.899214412549014,30
28.501836900000853,42.76264578,42.6428628454902,30
28.533847599999717,43.03501932,42.13015971137254,30
28.565883799999938,43.17120609,41.87380814431373,30
28.613880900000368,43.44357963,41.36110501019608,30
28.645878600000287,43.57976640000001,41.104753443137234,30
28.67790270000114,43.715953170000006,40.84840187607842,30
28.709958900000856,43.85213994,40.59205030901961,30
28.74184840000089,43.98832671000001,40.33569874196077,30
28.773885200000223,44.124513480000005,40.079347174901955,30
28.805968000000576,44.26070025,39.82299560784314,30
28.837838100000226,44.26070025,39.82299560784314,30
28.869889900001,44.39688702000001,39.5666440407843,30
28.90192190000016,44.39688702000001,39.5666440407843,30
28.93388320000122,44.39688702000001,39.5666440407843,30
28.965881900001477,44.39688702000001,39.5666440407843,30
29.013957900000605,44.39688702000001,39.5666440407843,30
29.045879799999966,44.39688702000001,39.5666440407843,30
29.07787410000128,44.39688702000001,39.5666440407843,30
29.109872900000482,44.39688702000001,39.5666440407843,30
29.141928500001086,44.26070025,39.82299560784314,30
29.17390080000041,44.26070025,39.82299560784314,30
29.2058904000005,44.124513480000005,40.079347174901955,30
29.237875700000586,43.98832671000001,40.33569874196077,30
29.270046999999977,43.85213994,40.59205030901961,30
29.30192200000056,43.57976640000001,41.104753443137234,30
29.334066500001427,43.30739286000001,41.61745657725489,30
29.3659058000012,43.17120609,41.87380814431373,30
29.41389320000053,42.76264578,42.6428628454902,30
29.44587020000108,42.49027224000001,43.15556597960782,30
29.477847800000745,42.217898700000006,43.66826911372548,30
29.509840200000326,41.80933839000001,44.437323814901944,30
29.541870000000927,41.536964850000004,44.9500269490196,30
29.5739336000006,41.128404540000005,45.71908165019607,30
29.60585480000009,40.71984423000001,46.48813635137254,30
29.637882700000773,40.31128392000001,47.25719105254901,30
29.669886300000144,39.90272361000001,48.02624575372547,30
29.701857000000018,39.35797653,49.051652021960784,30
29.733858200001123,38.94941622,49.82070672313725,30
29.76587880000079,38.40466914000001,50.84611299137253,30
29.81389510000008,37.99610883,51.61516769254902,30
29.845893600000636,37.58754852,52.3842223937255,30
29.877904200000557,37.17898821,53.153277094901966,30
29.910041700000875,36.7704279,53.922331796078424,30
29.94192910000129,36.22568082000001,54.94773806431371,30
29.974200100001326,35.81712051000001,55.716792765490176,30
30.005999599999996,35.4085602,56.48584746666667,30
30.037834800001292,34.99999989,57.25490216784315,30
30.06989700000122,34.59143958,58.023956869019614,30
30.101923700000043,34.18287927,58.79301157019607,30
30.13386470000114,33.77431896,59.56206627137254,30
30.165903300001446,33.365758650000004,60.331120972549016,30
30.21390369999972,32.957198340000005,61.10017567372549,30
30.24584230000073,32.82101157,61.35652724078431,30
30.277910700000575,32.548638030000006,61.86923037490195,30
30.30995080000139,32.14007772000001,62.63828507607842,30
30.3419085000005,31.731517410000002,63.40733977725489,30
30.37390510000114,31.322957100000004,64.17639447843136,30
30.405873300000167,30.91439679,64.94544917960785,30
30.43788820000009,30.505836480000003,65.7145038807843,30
30.469909800000096,30.097276170000004,66.48355858196078,30
30.501928300000145,29.688715860000002,67.25261328313725,30
30.533967700001085,29.416342320000002,67.7653164172549,30
30.56581400000141,29.007782010000003,68.53437111843137,30
30.61388700000134,28.5992217,69.30342581960784,30
30.64584620000096,28.326848160000004,69.81612895372548,30
30.677844300000288,27.918287850000002,70.58518365490195,30
30.70984430000135,27.645914310000002,71.09788678901961,30
30.74187239999992,27.37354077,71.61058992313724,30
30.773876700000983,26.964980460000003,72.37964462431373,30
30.805886899999678,26.692606920000003,72.89234775843137,30
30.83786830000099,26.420233380000003,73.40505089254901,30
30.869913600001382,26.147859840000002,73.91775402666666,30
30.901858600000196,25.875486300000002,74.43045716078431,30
30.93383990000075,25.603112760000002,74.94316029490196,30
30.965905400000338,25.33073922,75.4558634290196,30
31.01398320000044,25.05836568,75.96856656313726,30
31.045873799999754,25.603112760000002,74.94316029490196,30
31.07791619999989,25.33073922,75.4558634290196,30
31.109927499999685,25.194552450000003,75.71221499607843,30
31.14193300000079,24.922178910000003,76.22491813019607,30
31.173887200000536,24.922178910000003,76.22491813019607,30
31.205894000000626,24.78599214,76.48126969725489,30
31.237866400000712,24.649805370000003,76.73762126431373,30
31.26988370000072,24.5136186,76.99397283137255,30
31.301923799999713,24.377431830000003,77.25032439843137,30
31.33393950000027,24.377431830000003,77.25032439843137,30
31.36592820000078,24.24124506,77.50667596549019,30
31.4138425000001,24.24124506,77.50667596549019,30
31.445820599999934,24.24124506,77.50667596549019,30
31.477857400001085,24.24124506,77.50667596549019,30
31.509856700000455,24.24124506,77.50667596549019,30
31.54190650000055,24.24124506,77.50667596549019,30
31.573851000001014,24.24124506,77.50667596549019,30
31.6058864000006,24.24124506,77.50667596549019,30
31.6379248000012,24.24124506,77.50667596549019,30
31.669841500000985,24.377431830000003,77.25032439843137,30
31.70183950000137,24.377431830000003,77.25032439843137,30
31.733931500000836,24.5136186,76.99397283137255,30
31.766030800001317,24.5136186,76.99397283137255,30
31.81406969999989,24.649805370000003,76.73762126431373,30
31.845872100000634,24.78599214,76.48126969725489,30
31.877895700001318,24.78599214,76.48126969725489,30
31.909858600000007,24.922178910000003,76.22491813019607,30
31.941906500000186,25.05836568,75.96856656313726,30
31.973905300001206,25.194552450000003,75.71221499607843,30
32.0059667000005,25.33073922,75.4558634290196,30
32.03791120000096,25.466925990000004,75.19951186196077,30
32.06989539999995,25.739299530000004,74.68680872784313,30
32.101846300000034,25.875486300000002,74.43045716078431,30
32.13386590000118,26.147859840000002,73.91775402666666,30
32.165906899999754,26.420233380000003,73.40505089254901,30
32.213881600000605,26.692606920000003,72.89234775843137,30
32.245818999999756,27.10116723,72.1232930572549,30
32.27785060000133,27.237354000000003,71.86694149019608,30
32.309865600000194,27.645914310000002,71.09788678901961,30
32.34192770000118,27.918287850000002,70.58518365490195,30
32.37398530000064,28.190661390000002,70.07248052078431,30
32.40591790000144,28.463034930000003,69.55977738666667,30
32.437855400001354,28.735408470000003,69.04707425254901,30
32.46990800000094,29.007782010000003,68.53437111843137,30
32.50193510000099,29.280155550000003,68.02166798431372,30
32.533880599999975,29.552529090000004,67.50896485019608,30
32.56581350000124,29.961089400000002,66.7399101490196,30
32.6138847000002,30.097276170000004,66.48355858196078,30
32.6458504000002,30.233462940000003,66.22720701490195,30
32.677812600000834,30.505836480000003,65.7145038807843,30
32.70985720000135,30.778210020000003,65.20180074666666,30
32.74191630000132,31.050583560000003,64.68909761254902,30
32.77388190000056,31.322957100000004,64.17639447843136,30
32.805889400000524,31.595330640000004,63.66369134431372,30
32.83786549999968,31.867704180000004,63.15098821019607,30
32.86985190000087,32.14007772000001,62.63828507607842,30
32.901907100000244,32.412451260000005,62.12558194196078,30
32.933881400000246,32.6848248,61.61287880784314,30
32.96586820000084,32.957198340000005,61.10017567372549,30
33.01391860000149,33.365758650000004,60.331120972549016,30
33.045862200000556,33.63813219000001,59.81841783843136,30
33.07785479999984,33.910505730000004,59.305714704313715,30
33.1098333000009,34.31906604000001,58.53666000313723,30
33.14192290000028,34.59143958,58.023956869019614,30
33.173916499999905,34.86381312,57.511253734901956,30
33.20596730000034,35.13618666000001,56.998550600784306,30
33.237858500000584,35.4085602,56.48584746666667,30
33.26984650000122,35.68093374,55.97314433254902,30
33.30187790000127,35.81712051000001,55.716792765490176,30
33.33385509999971,36.08949405,55.20408963137255,30
33.365908600000694,36.36186759,54.69138649725489,30
33.413917500000025,36.49805436,54.43503493019608,30
33.44585689999985,36.63424113000001,54.17868336313724,30
33.47798060000059,36.90661467000001,53.66598022901958,30
33.509866800000964,37.042801440000005,53.409628661960774,30
33.54192520000106,37.31517498000001,52.896925527843116,30
33.573848,37.451361750000004,52.64057396078431,30
33.60586350000085,37.58754852,52.3842223937255,30
33.63786230000005,37.72373529000001,52.12787082666666,30
33.66987719999997,37.85992206,51.871519259607844,30
33.70187000000078,37.99610883,51.61516769254902,30
33.73388680000062,38.132295600000006,51.35881612549019,30
33.76583820000087,38.26848237,51.10246455843137,30
33.81388490000063,38.26848237,51.10246455843137,30
33.845864099999744,38.40466914000001,50.84611299137253,30
33.87785880000047,38.540855910000005,50.589761424313714,30
33.909860100000515,38.67704268,50.33340985725489,30
33.94194609999977,38.81322945000001,50.077058290196064,30
33.973959099999774,38.94941622,49.82070672313725,30
34.0060437000011,39.08560299,49.564355156078435,30
34.03790780000054,39.22178976000001,49.30800358901959,30
34.06987020000088,39.22178976000001,49.30800358901959,30
34.10182410000016,39.35797653,49.051652021960784,30
34.13384440000118,39.35797653,49.051652021960784,30
34.16587799999979,39.35797653,49.051652021960784,30
34.21385670000018,39.4941633,48.79530045490197,30
34.245938600000954,39.4941633,48.79530045490197,30
34.27788090000104,39.4941633,48.79530045490197,30
34.309855999999854,39.4941633,48.79530045490197,30
34.341863400000875,39.4941633,48.79530045490197,30
34.37389129999974,39.4941633,48.79530045490197,30
34.40588730000127,39.4941633,48.79530045490197,30
34.43792630000098,39.4941633,48.79530045490197,30
34.46996460000082,39.4941633,48.79530045490197,30
34.501882900000055,39.35797653,49.051652021960784,30
34.53386970000065,39.35797653,49.051652021960784,30
34.56589410000015,38.540855910000005,50.589761424313714,30
34.61385979999977,38.40466914000001,50.84611299137253,30
34.64581130000079,38.40466914000001,50.84611299137253,30
34.677943400000004,38.26848237,51.10246455843137,30
34.70991160000085,37.99610883,51.61516769254902,30
34.74185220000072,37.99610883,51.61516769254902,30
34.77394869999989,37.99610883,51.61516769254902,30
34.80589300000065,37.85992206,51.871519259607844,30
34.837873300000865,37.72373529000001,52.12787082666666,30
34.86987430000045,37.58754852,52.3842223937255,30
34.90195219999987,37.31517498000001,52.896925527843116,30
34.93393250000008,37.31517498000001,52.896925527843116,30
34.96589070000118,37.17898821,53.153277094901966,30
35.013955800000986,36.90661467000001,53.66598022901958,30
35.045885700001236,36.7704279,53.922331796078424,30
35.07794230000036,36.63424113000001,54.17868336313724,30
35.10983260000103,36.49805436,54.43503493019608,30
35.142014400000335,36.90661467000001,53.66598022901958,30
35.173891399999775,36.08949405,55.20408963137255,30
35.20594380000148,35.81712051000001,55.716792765490176,30
35.23784760000126,35.68093374,55.97314433254902,30
35.269840700000714,35.544746970000006,56.22949589960784,30
35.30188270000144,35.27237343,56.74219903372549,30
35.33386940000128,35.13618666000001,56.998550600784306,30
35.365856899999926,34.99999989,57.25490216784315,30
35.41379380000035,34.86381312,57.511253734901956,30
35.44593200000054,34.59143958,58.023956869019614,30
35.477879199999734,34.31906604000001,58.53666000313723,30
35.509780800000954,34.046692500000006,59.049363137254886,30
35.54190110000127,33.910505730000004,59.305714704313715,30
35.57392350000009,33.63813219000001,59.81841783843136,30
35.60582890000114,33.365758650000004,60.331120972549016,30
35.637838000000556,33.09338511,60.843824106666666,30
35.66989640000065,32.82101157,61.35652724078431,30
35.70190480000019,32.6848248,61.61287880784314,30
35.733852500001376,32.412451260000005,62.12558194196078,30
35.76593099999991,32.14007772000001,62.63828507607842,30
35.81388289999995,32.00389095,62.89463664313726,30
35.84586880000097,31.731517410000002,63.40733977725489,30
35.877900900000895,31.595330640000004,63.66369134431372,30
35.909968500000105,31.322957100000004,64.17639447843136,30
35.941859900000054,31.18677033,64.43274604549019,30
35.97391200000129,31.050583560000003,64.68909761254902,30
36.00592359999973,30.91439679,64.94544917960785,30
36.03784650000125,30.778210020000003,65.20180074666666,30
36.06985110000096,30.505836480000003,65.7145038807843,30
36.10188850000122,30.369649710000004,65.97085544784314,30
36.13382369999999,30.233462940000003,66.22720701490195,30
36.16580190000059,30.097276170000004,66.48355858196078,30
36.2138855000012,30.097276170000004,66.48355858196078,30
36.24585400000069,29.961089400000002,66.7399101490196,30
36.27783240000099,29.961089400000002,66.7399101490196,30
36.30984340000032,29.824902630000004,66.99626171607844,30
36.341878799999904,29.824902630000004,66.99626171607844,30
36.373983400000725,29.688715860000002,67.25261328313725,30
36.405980600000476,29.688715860000002,67.25261328313725,30
36.43801690000146,29.552529090000004,67.50896485019608,30
36.46984549999979,29.416342320000002,67.7653164172549,30
36.501883500000986,29.416342320000002,67.7653164172549,30
36.53394529999969,29.416342320000002,67.7653164172549,30
36.56586990000142,29.280155550000003,68.02166798431372,30
36.61392580000029,29.280155550000003,68.02166798431372,30
36.64584410000134,29.280155550000003,68.02166798431372,30
36.67788269999983,29.280155550000003,68.02166798431372,30
36.709862200001226,29.280155550000003,68.02166798431372,30
36.7418576,29.280155550000003,68.02166798431372,30
36.773875099999714,29.14396878,68.27801955137254,30
36.805837600000814,29.14396878,68.27801955137254,30
36.837857800001075,29.14396878,68.27801955137254,30
36.86986120000074,29.14396878,68.27801955137254,30
36.901975000000675,29.14396878,68.27801955137254,30
36.93388490000143,29.14396878,68.27801955137254,30
36.965885999999955,29.14396878,68.27801955137254,30
37.014007499999934,29.280155550000003,68.02166798431372,30
37.045820500001355,29.280155550000003,68.02166798431372,30
37.077790400000595,29.416342320000002,67.7653164172549,30
37.10989080000036,29.416342320000002,67.7653164172549,30
37.141824199999974,29.416342320000002,67.7653164172549,30
37.17386439999973,29.552529090000004,67.50896485019608,30
37.205878500000836,29.688715860000002,67.25261328313725,30
37.23780450000049,29.824902630000004,66.99626171607844,30
37.269902199999706,30.233462940000003,66.22720701490195,30
37.30190159999984,30.369649710000004,65.97085544784314,30
37.33388130000094,30.505836480000003,65.7145038807843,30
37.36587000000145,30.369649710000004,65.97085544784314,30
37.413895600000615,30.91439679,64.94544917960785,30
37.44584290000057,30.778210020000003,65.20180074666666,30
37.477863800000705,30.91439679,64.94544917960785,30
37.50990620000084,31.050583560000003,64.68909761254902,30
37.54187009999987,31.18677033,64.43274604549019,30
37.57384340000135,31.322957100000004,64.17639447843136,30
37.605855200001315,31.459143870000002,63.92004291137254,30
37.63796809999985,31.595330640000004,63.66369134431372,30
37.66987580000023,31.731517410000002,63.40733977725489,30
37.70182460000069,31.867704180000004,63.15098821019607,30
37.73390819999986,32.00389095,62.89463664313726,30
37.76589349999995,32.14007772000001,62.63828507607842,30
37.813941700000214,32.412451260000005,62.12558194196078,30
37.84584990000076,32.6848248,61.61287880784314,30
37.8778371999997,32.82101157,61.35652724078431,30
37.9098296000011,33.09338511,60.843824106666666,30
37.941909600000145,33.365758650000004,60.331120972549016,30
37.9738666000012,33.63813219000001,59.81841783843136,30
38.00593800000024,33.77431896,59.56206627137254,30
38.03791360000105,34.046692500000006,59.049363137254886,30
38.069869500001005,34.31906604000001,58.53666000313723,30
38.1018667999997,34.59143958,58.023956869019614,30
38.1338252000005,34.72762635000001,57.76760530196077,30
38.16586400000051,34.86381312,57.511253734901956,30
38.21388339999976,34.99999989,57.25490216784315,30
38.245790599999964,35.27237343,56.74219903372549,30
38.27789699999994,35.4085602,56.48584746666667,30
38.309853900000235,35.544746970000006,56.22949589960784,30
38.34182990000045,35.68093374,55.97314433254902,30
38.373843999999735,35.953307280000004,55.46044119843137,30
38.40597549999984,36.08949405,55.20408963137255,30
38.43796079999993,36.22568082000001,54.94773806431371,30
38.4698642000003,36.49805436,54.43503493019608,30
38.50188570000137,36.63424113000001,54.17868336313724,30
38.53380600000128,36.7704279,53.922331796078424,30
38.56587500000023,36.90661467000001,53.66598022901958,30
38.61393110000063,37.042801440000005,53.409628661960774,30
38.64587820000088,37.17898821,53.153277094901966,30
38.677838300000076,37.31517498000001,52.896925527843116,30
38.70980260000033,37.451361750000004,52.64057396078431,30
38.74187979999988,37.58754852,52.3842223937255,30
38.77382510000098,37.58754852,52.3842223937255,30
38.80589620000137,37.72373529000001,52.12787082666666,30
38.83792450000146,37.85992206,51.871519259607844,30
38.86983700000019,37.85992206,51.871519259607844,30
38.901740999999674,37.99610883,51.61516769254902,30
38.93390780000118,37.99610883,51.61516769254902,30
38.96588200000042,37.99610883,51.61516769254902,30
39.01386190000085,37.99610883,51.61516769254902,30
39.04586670000026,38.132295600000006,51.35881612549019,30
39.07788609999989,38.132295600000006,51.35881612549019,30
39.10985580000124,38.132295600000006,51.35881612549019,30
39.14182299999993,37.99610883,51.61516769254902,30
39.17386820000138,37.99610883,51.61516769254902,30
39.205889200000456,37.99610883,51.61516769254902,30
39.237888999999996,37.85992206,51.871519259607844,30
39.26984550000088,37.72373529000001,52.12787082666666,30
39.30189160000009,37.72373529000001,52.12787082666666,30
39.33383690000119,37.58754852,52.3842223937255,30
39.36583790000077,37.451361750000004,52.64057396078431,30
39.413901500000065,37.31517498000001,52.896925527843116,30
39.445967100000416,37.042801440000005,53.409628661960774,30
39.47788610000134,36.90661467000001,53.66598022901958,30
39.509948500000974,36.7704279,53.922331796078424,30
39.54188090000025,36.63424113000001,54.17868336313724,30
39.57390740000119,36.49805436,54.43503493019608,30
39.60592330000145,36.22568082000001,54.94773806431371,30
39.63786280000022,36.08949405,55.20408963137255,30
39.66983640000035,36.22568082000001,54.94773806431371,30
39.70185300000048,35.953307280000004,55.46044119843137,30
39.7338720000007,35.81712051000001,55.716792765490176,30
39.765874700000495,35.544746970000006,56.22949589960784,30
39.81389780000063,35.4085602,56.48584746666667,30
39.845855100000335,35.13618666000001,56.998550600784306,30
39.87782280000101,34.99999989,57.25490216784315,30
39.909827600000426,34.72762635000001,57.76760530196077,30
39.94191140000112,34.59143958,58.023956869019614,30
39.97387669999989,34.31906604000001,58.53666000313723,30
40.00594439999986,34.046692500000006,59.049363137254886,30
40.03786070000024,33.910505730000004,59.305714704313715,30
40.069951700001184,33.63813219000001,59.81841783843136,30
40.10188560000097,33.365758650000004,60.331120972549016,30
40.13395690000107,33.09338511,60.843824106666666,30
40.16585699999996,32.82101157,61.35652724078431,30
40.21383720000085,32.548638030000006,61.86923037490195,30
40.245846699999674,32.27626449,62.3819335090196,30
40.27786879999985,32.14007772000001,62.63828507607842,30
40.309875500001,31.867704180000004,63.15098821019607,30
40.34183550000125,31.595330640000004,63.66369134431372,30
40.373856800000794,31.322957100000004,64.17639447843136,30
40.40586670000084,31.050583560000003,64.68909761254902,30
40.43786790000013,30.91439679,64.94544917960785,30
40.46987120000085,30.642023250000005,65.45815231372548,30
40.501911200000905,30.505836480000003,65.7145038807843,30
40.53383010000107,30.233462940000003,66.22720701490195,30
40.56582040000103,30.642023250000005,65.45815231372548,30
40.61390660000143,30.369649710000004,65.97085544784314,30
40.64582690000134,30.233462940000003,66.22720701490195,30
40.677813199999946,30.097276170000004,66.48355858196078,30
40.710005800001454,29.961089400000002,66.7399101490196,30
40.74186240000017,29.824902630000004,66.99626171607844,30
40.773914100000184,29.688715860000002,67.25261328313725,30
40.805827500000305,29.552529090000004,67.50896485019608,30
40.83785660000103,29.416342320000002,67.7653164172549,30
40.86982750000061,29.280155550000003,68.02166798431372,30
40.90184640000007,29.280155550000003,68.02166798431372,30
40.933853600001385,29.14396878,68.27801955137254,30
40.9658916999997,29.007782010000003,68.53437111843137,30
40.997971800001324,28.87159524,68.7907226854902,30
41.045894800001406,28.87159524,68.7907226854902,30
41.0778406999998,28.735408470000003,69.04707425254901,30
41.10983699999997,28.5992217,69.30342581960784,30
41.14187200000015,28.5992217,69.30342581960784,30
41.1738363000004,28.463034930000003,69.55977738666667,30
41.20589330000075,28.463034930000003,69.55977738666667,30
41.23788070000046,28.326848160000004,69.81612895372548,30
41.269847700001264,28.190661390000002,70.07248052078431,30
41.30178920000071,28.190661390000002,70.07248052078431,30
41.333972899999935,28.190661390000002,70.07248052078431,30
41.365961499999685,28.190661390000002,70.07248052078431,30
41.397885500000484,28.326848160000004,69.81612895372548,30
41.4457738000001,28.326848160000004,69.81612895372548,30
41.47778020000078,28.326848160000004,69.81612895372548,30
41.509850800001004,28.463034930000003,69.55977738666667,30
41.541848500000924,28.463034930000003,69.55977738666667,30
41.573831900001096,28.463034930000003,69.55977738666667,30
41.605871800000386,28.5992217,69.30342581960784,30
41.63785090000056,28.5992217,69.30342581960784,30
41.66993580000053,28.735408470000003,69.04707425254901,30
41.70190580000053,28.735408470000003,69.04707425254901,30
41.733832699999766,28.735408470000003,69.04707425254901,30
41.76584860000003,28.735408470000003,69.04707425254901,30
41.797877300001346,28.735408470000003,69.04707425254901,30
41.84587230000034,28.735408470000003,69.04707425254901,30
41.87781210000139,28.87159524,68.7907226854902,30
41.909855400001106,28.87159524,68.7907226854902,30
41.941810300000725,29.007782010000003,68.53437111843137,30
41.973880200001076,29.007782010000003,68.53437111843137,30
42.00593200000003,29.14396878,68.27801955137254,30
42.03794200000084,29.14396878,68.27801955137254,30
42.06987459999982,29.280155550000003,68.02166798431372,30
42.101830900001005,29.280155550000003,68.02166798431372,30
42.1337951000005,29.416342320000002,67.7653164172549,30
42.16581920000135,29.416342320000002,67.7653164172549,30
42.197791399999915,29.552529090000004,67.50896485019608,30
42.24585939999997,29.552529090000004,67.50896485019608,30
42.277815100000225,29.688715860000002,67.25261328313725,30
42.309804300000906,29.824902630000004,66.99626171607844,30
42.341860200000156,29.961089400000002,66.7399101490196,30
42.373884600001475,29.961089400000002,66.7399101490196,30
42.40584620000118,30.097276170000004,66.48355858196078,30
42.43783059999987,30.097276170000004,66.48355858196078,30
42.46989150000081,30.233462940000003,66.22720701490195,30
42.50186880000001,30.505836480000003,65.7145038807843,30
42.53392480000002,30.505836480000003,65.7145038807843,30
42.56588019999981,30.642023250000005,65.45815231372548,30
42.59784469999977,30.91439679,64.94544917960785,30
42.645850700000665,31.050583560000003,64.68909761254902,30
42.67791240000042,31.18677033,64.43274604549019,30
42.70982920000097,31.322957100000004,64.17639447843136,30
42.74181380000118,31.459143870000002,63.92004291137254,30
42.77402500000062,31.595330640000004,63.66369134431372,30
42.80590110000048,31.867704180000004,63.15098821019607,30
42.837855700001455,31.867704180000004,63.15098821019607,30
42.86984190000112,32.00389095,62.89463664313726,30
42.90186630000062,32.412451260000005,62.12558194196078,30
42.93381150000096,32.14007772000001,62.63828507607842,30
42.9657571000007,32.14007772000001,62.63828507607842,30
42.99791120000009,32.27626449,62.3819335090196,30
43.045884600000136,32.412451260000005,62.12558194196078,30
43.07784350000111,32.548638030000006,61.86923037490195,30
43.10983839999972,32.548638030000006,61.86923037490195,30
43.14190830000007,32.6848248,61.61287880784314,30
43.173818299999766,32.82101157,61.35652724078431,30
43.205888600001344,32.957198340000005,61.10017567372549,30
43.237870800001474,32.957198340000005,61.10017567372549,30
43.26980830000139,33.09338511,60.843824106666666,30
43.3018248999997,33.09338511,60.843824106666666,30
43.33388089999971,33.22957188,60.587472539607845,30
43.3658800000012,33.365758650000004,60.331120972549016,30
43.39791510000032,33.50194542,60.074769405490194,30
43.44586320000053,33.50194542,60.074769405490194,30
43.477886300001046,33.63813219000001,59.81841783843136,30
43.50988140000118,33.77431896,59.56206627137254,30
43.541888499999914,33.77431896,59.56206627137254,30
43.57395110000107,33.77431896,59.56206627137254,30
43.605846100001145,33.910505730000004,59.305714704313715,30
43.637865700000475,33.910505730000004,59.305714704313715,30
43.66980909999984,34.046692500000006,59.049363137254886,30
43.70181159999993,34.18287927,58.79301157019607,30
43.7338974000013,34.31906604000001,58.53666000313723,30
43.765913100000034,34.31906604000001,58.53666000313723,30
43.79786030000105,34.455252810000005,58.28030843607842,30
43.845901100001356,34.59143958,58.023956869019614,30
43.87787340000068,34.72762635000001,57.76760530196077,30
43.909862300000896,34.86381312,57.511253734901956,30
43.941814600000725,34.86381312,57.511253734901956,30
43.97379240000009,34.99999989,57.25490216784315,30
44.005901900000026,35.13618666000001,56.998550600784306,30
44.037884100000156,35.27237343,56.74219903372549,30
44.06980100000146,35.27237343,56.74219903372549,30
44.1018135000013,35.4085602,56.48584746666667,30
44.13390380000055,35.4085602,56.48584746666667,30
44.165984400000525,35.4085602,56.48584746666667,30
44.19783760000064,35.544746970000006,56.22949589960784,30
44.24586090000048,35.544746970000006,56.22949589960784,30
44.27783100000124,35.68093374,55.97314433254902,30
44.30979970000044,35.68093374,55.97314433254902,30
44.34184160000041,35.68093374,55.97314433254902,30
44.37386660000084,35.68093374,55.97314433254902,30
44.405865300001096,35.81712051000001,55.716792765490176,30
44.43784880000021,35.81712051000001,55.716792765490176,30
44.469862699999794,35.81712051000001,55.716792765490176,30
44.50183260000085,35.953307280000004,55.46044119843137,30
44.53388270000141,35.953307280000004,55.46044119843137,30
44.56589410000015,35.953307280000004,55.46044119843137,30
44.5977653000009,36.08949405,55.20408963137255,30
44.645871100001386,36.08949405,55.20408963137255,30
44.677827600000455,36.22568082000001,54.94773806431371,30
44.709817300001305,36.22568082000001,54.94773806431371,30
44.74188140000115,36.22568082000001,54.94773806431371,30
44.77391460000035,36.22568082000001,54.94773806431371,30
44.80592369999977,36.08949405,55.20408963137255,30
44.83790760000011,36.08949405,55.20408963137255,30
44.86991600000147,35.953307280000004,55.46044119843137,30
44.901840399999855,35.953307280000004,55.46044119843137,30
44.933827400000155,35.953307280000004,55.46044119843137,30
44.96582170000147,35.81712051000001,55.716792765490176,30
44.997975100000986,35.81712051000001,55.716792765490176,30
45.04582710000068,35.68093374,55.97314433254902,30
45.077938899999936,35.68093374,55.97314433254902,30
45.10984720000124,35.544746970000006,56.22949589960784,30
45.141823800000566,35.4085602,56.48584746666667,30
45.1738619000007,35.27237343,56.74219903372549,30
45.20586010000079,35.13618666000001,56.998550600784306,30
45.23787290000109,34.99999989,57.25490216784315,30
45.269833199999994,34.86381312,57.511253734901956,30
45.30184340000051,34.72762635000001,57.76760530196077,30
45.333858100000725,34.455252810000005,58.28030843607842,30
45.365846200000306,34.31906604000001,58.53666000313723,30
45.397821399999884,34.18287927,58.79301157019607,30
45.44589629999973,33.910505730000004,59.305714704313715,30
45.477886300001046,33.77431896,59.56206627137254,30
45.50986879999982,33.63813219000001,59.81841783843136,30
45.541752900000574,33.365758650000004,60.331120972549016,30
45.57382690000122,33.22957188,60.587472539607845,30
45.6058193000008,32.957198340000005,61.10017567372549,30
45.63783770000009,32.6848248,61.61287880784314,30
45.66991920000146,32.548638030000006,61.86923037490195,30
45.70181969999976,32.27626449,62.3819335090196,30
45.73383009999998,32.14007772000001,62.63828507607842,30
45.765882200001215,31.867704180000004,63.15098821019607,30
45.79790080000021,31.731517410000002,63.40733977725489,30
45.84583460000067,31.595330640000004,63.66369134431372,30
45.87791980000111,31.459143870000002,63.92004291137254,30
45.90982670000085,31.322957100000004,64.17639447843136,30
45.941823700000896,31.050583560000003,64.68909761254902,30
45.973849100000734,30.91439679,64.94544917960785,30
46.00595820000126,30.778210020000003,65.20180074666666,30
46.037856500001,30.642023250000005,65.45815231372548,30
46.06982450000032,30.505836480000003,65.7145038807843,30
46.101798900001086,30.505836480000003,65.7145038807843,30
46.1338882,30.369649710000004,65.97085544784314,30
46.16582670000025,30.233462940000003,66.22720701490195,30
46.19786660000136,30.233462940000003,66.22720701490195,30
46.24587760000031,30.097276170000004,66.48355858196078,30
46.27787770000032,29.961089400000002,66.7399101490196,30
46.309814400001414,29.824902630000004,66.99626171607844,30
46.341843600001084,29.824902630000004,66.99626171607844,30
46.37375249999968,29.688715860000002,67.25261328313725,30
46.40575660000104,29.688715860000002,67.25261328313725,30
46.43785290000051,29.552529090000004,67.50896485019608,30
46.46979720000127,28.735408470000003,69.04707425254901,30
46.50176819999979,28.735408470000003,69.04707425254901,30
46.533882200001244,28.735408470000003,69.04707425254901,30
46.565842500000144,28.735408470000003,69.04707425254901,30
46.59781290000137,28.735408470000003,69.04707425254901,30
46.64584840000134,28.735408470000003,69.04707425254901,30
46.67784060000122,28.735408470000003,69.04707425254901,30
46.70979960000113,28.735408470000003,69.04707425254901,30
46.74179449999974,28.735408470000003,69.04707425254901,30
46.77383770000051,28.735408470000003,69.04707425254901,30
46.80591020000065,28.87159524,68.7907226854902,30
46.83784829999968,28.87159524,68.7907226854902,30
46.8698602000004,28.87159524,68.7907226854902,30
46.90211799999997,28.87159524,68.7907226854902,30
46.93386340000143,28.87159524,68.7907226854902,30
46.965807000000495,28.87159524,68.7907226854902,30
46.99783230000139,28.87159524,68.7907226854902,30
47.045833199999834,28.87159524,68.7907226854902,30
47.077865100000054,28.87159524,68.7907226854902,30
47.10976380000102,28.87159524,68.7907226854902,30
47.141864900000655,28.87159524,68.7907226854902,30
47.17380460000095,28.87159524,68.7907226854902,30
47.205881100000624,28.735408470000003,69.04707425254901,30
47.237851600000795,28.735408470000003,69.04707425254901,30
47.26978650000092,28.735408470000003,69.04707425254901,30
47.30183709999983,28.87159524,68.7907226854902,30
47.33383900000081,28.87159524,68.7907226854902,30
47.36584700000094,28.87159524,68.7907226854902,30
47.39793220000138,28.87159524,68.7907226854902,30
47.44584390000091,28.87159524,68.7907226854902,30
47.4778124000004,28.87159524,68.7907226854902,30
47.50984000000062,29.007782010000003,68.53437111843137,30
47.54185000000143,29.14396878,68.27801955137254,30
47.57384210000055,29.280155550000003,68.02166798431372,30
47.6058406000011,29.416342320000002,67.7653164172549,30
47.63783599999988,29.552529090000004,67.50896485019608,30
47.66985580000073,29.824902630000004,66.99626171607844,30
47.70181380000031,29.961089400000002,66.7399101490196,30
47.733801700000186,30.097276170000004,66.48355858196078,30
47.76580749999994,30.233462940000003,66.22720701490195,30
47.797833500000706,30.369649710000004,65.97085544784314,30
47.84587610000017,30.505836480000003,65.7145038807843,30
47.87781739999991,30.778210020000003,65.20180074666666,30
47.9098912999998,30.91439679,64.94544917960785,30
47.94184270000005,31.050583560000003,64.68909761254902,30
47.973895099999936,31.18677033,64.43274604549019,30
48.00595570000041,31.459143870000002,63.92004291137254,30
48.0378309000007,31.595330640000004,63.66369134431372,30
48.06983770000079,31.867704180000004,63.15098821019607,30
48.101890699999785,32.14007772000001,62.63828507607842,30
48.13385089999974,32.412451260000005,62.12558194196078,30
48.16583040000114,32.6848248,61.61287880784314,30
48.197802599999704,32.82101157,61.35652724078431,30
48.245864399999846,33.09338511,60.843824106666666,30
48.2777815999998,33.365758650000004,60.331120972549016,30
48.30977950000124,33.63813219000001,59.81841783843136,30
48.341879400000835,33.910505730000004,59.305714704313715,30
48.37379979999969,34.18287927,58.79301157019607,30
48.405923400001484,34.455252810000005,58.28030843607842,30
48.43786250000085,34.59143958,58.023956869019614,30
48.46980630000144,34.86381312,57.511253734901956,30
48.50184460000128,34.99999989,57.25490216784315,30
48.5338597000009,35.27237343,56.74219903372549,30
48.56581520000145,35.4085602,56.48584746666667,30
48.59789330000058,35.68093374,55.97314433254902,30
48.645945300000676,35.81712051000001,55.716792765490176,30
48.67801540000073,35.953307280000004,55.46044119843137,30
48.70991110000068,36.22568082000001,54.94773806431371,30
48.741857700000764,36.22568082000001,54.94773806431371,30
48.7738446000003,36.36186759,54.69138649725489,30
48.80581060000077,36.49805436,54.43503493019608,30
48.83782940000128,36.63424113000001,54.17868336313724,30
48.86979980000069,36.7704279,53.922331796078424,30
48.90189030000147,36.7704279,53.922331796078424,30
48.93382080000083,36.90661467000001,53.66598022901958,30
48.96582640000088,37.042801440000005,53.409628661960774,30
48.9979457999998,37.042801440000005,53.409628661960774,30
49.045881300000474,37.17898821,53.153277094901966,30
49.07782860000043,37.17898821,53.153277094901966,30
49.1098417000012,37.31517498000001,52.896925527843116,30
49.14180900000065,37.31517498000001,52.896925527843116,30
49.17382910000015,37.31517498000001,52.896925527843116,30
49.205870499999946,37.17898821,53.153277094901966,30
49.237823299999945,37.17898821,53.153277094901966,30
49.26982560000033,37.17898821,53.153277094901966,30
49.30187840000144,37.042801440000005,53.409628661960774,30
49.333905100000266,37.042801440000005,53.409628661960774,30
49.36582330000056,37.042801440000005,53.409628661960774,30
49.397819300000265,37.042801440000005,53.409628661960774,30
49.445828200001415,36.90661467000001,53.66598022901958,30
49.47782410000036,36.90661467000001,53.66598022901958,30
49.51009020000129,36.90661467000001,53.66598022901958,30
49.542029100000946,36.7704279,53.922331796078424,30
49.57389420000072,36.63424113000001,54.17868336313724,30
49.60597760000019,36.63424113000001,54.17868336313724,30
49.63796430000002,36.49805436,54.43503493019608,30
49.66992600000049,36.49805436,54.43503493019608,30
49.7019446000013,36.36186759,54.69138649725489,30
49.7338548000007,36.36186759,54.69138649725489,30
49.765892299999905,36.22568082000001,54.94773806431371,30
49.797924200000125,36.22568082000001,54.94773806431371,30
49.84583449999991,36.22568082000001,54.94773806431371,30
49.877922200001194,36.08949405,55.20408963137255,30
49.90995860000112,35.953307280000004,55.46044119843137,30
49.94181360000039,35.953307280000004,55.46044119843137,30
49.973855600001116,35.81712051000001,55.716792765490176,30
50.00618020000002,35.68093374,55.97314433254902,30
50.03805199999988,35.68093374,55.97314433254902,30
50.06994970000051,35.544746970000006,56.22949589960784,30
50.10201820000111,35.544746970000006,56.22949589960784,30
50.133883600001354,35.4085602,56.48584746666667,30
50.16610170000058,35.4085602,56.48584746666667,30
50.19796570000108,35.27237343,56.74219903372549,30
50.24594810000053,35.13618666000001,56.998550600784306,30
50.27796649999982,34.99999989,57.25490216784315,30
50.30991999999969,34.86381312,57.511253734901956,30
50.34185559999969,34.72762635000001,57.76760530196077,30
50.37383460000092,34.59143958,58.023956869019614,30
50.405953400000726,34.455252810000005,58.28030843607842,30
50.43785879999996,34.31906604000001,58.53666000313723,30
50.46987059999992,34.18287927,58.79301157019607,30
50.501889299999675,34.046692500000006,59.049363137254886,30
50.53384100000039,33.910505730000004,59.305714704313715,30
50.565853300000526,33.77431896,59.56206627137254,30
50.59793200000058,33.50194542,60.074769405490194,30
50.6458418000002,33.365758650000004,60.331120972549016,30
50.67781509999986,33.22957188,60.587472539607845,30
50.70992050000132,33.09338511,60.843824106666666,30
50.7418886000014,32.957198340000005,61.10017567372549,30
50.77386800000022,32.82101157,61.35652724078431,30
50.80589330000112,32.548638030000006,61.86923037490195,30
50.8380171000008,32.548638030000006,61.86923037490195,30
50.870066999999835,32.27626449,62.3819335090196,30
50.90199460000076,32.14007772000001,62.63828507607842,30
50.93401190000077,32.00389095,62.89463664313726,30
50.96603420000065,31.867704180000004,63.15098821019607,30
50.99806460000036,31.595330640000004,63.66369134431372,30
51.045778900001096,31.459143870000002,63.92004291137254,30
51.07784979999997,31.18677033,64.43274604549019,30
51.109825000001365,31.322957100000004,64.17639447843136,30
51.14179730000069,31.18677033,64.43274604549019,30
51.17378749999989,31.050583560000003,64.68909761254902,30
51.20583350000015,30.91439679,64.94544917960785,30
51.23784810000143,30.505836480000003,65.7145038807843,30
51.269778300000326,30.642023250000005,65.45815231372548,30
51.30181140000059,30.505836480000003,65.7145038807843,30
51.333837700000004,30.097276170000004,66.48355858196078,30
51.365788500001145,29.961089400000002,66.7399101490196,30
51.39789949999977,30.233462940000003,66.22720701490195,30
51.44586270000036,29.824902630000004,66.99626171607844,30
51.47794530000101,29.688715860000002,67.25261328313725,30
51.50984400000016,29.552529090000004,67.50896485019608,30
51.541816500001005,29.552529090000004,67.50896485019608,30
51.57383200000004,29.552529090000004,67.50896485019608,30
51.60578370000076,29.552529090000004,67.50896485019608,30
51.63787279999997,29.416342320000002,67.7653164172549,30
51.66981680000026,29.416342320000002,67.7653164172549,30
51.70181080000111,29.280155550000003,68.02166798431372,30
51.73383620000095,29.14396878,68.27801955137254,30
51.76587720000134,29.007782010000003,68.53437111843137,30
51.797849399999905,28.87159524,68.7907226854902,30
51.845809100001134,29.280155550000003,68.02166798431372,30
51.87782060000063,29.14396878,68.27801955137254,30
51.909801300000254,29.14396878,68.27801955137254,30
51.94180270000106,29.007782010000003,68.53437111843137,30
51.97387979999985,29.007782010000003,68.53437111843137,30
52.00592780000079,28.87159524,68.7907226854902,30
52.03785270000117,28.87159524,68.7907226854902,30
52.06992460000038,28.735408470000003,69.04707425254901,30
52.10189480000008,28.735408470000003,69.04707425254901,30
52.13380270000016,28.735408470000003,69.04707425254901,30
52.165817200000674,28.735408470000003,69.04707425254901,30
52.19783920000009,28.5992217,69.30342581960784,30
52.24585710000065,28.5992217,69.30342581960784,30
52.277829500000735,28.463034930000003,69.55977738666667,30
52.30982340000082,28.463034930000003,69.55977738666667,30
52.34181870000066,28.463034930000003,69.55977738666667,30
52.373831200000495,28.463034930000003,69.55977738666667,30
52.40585040000042,28.463034930000003,69.55977738666667,30
52.43782970000029,28.463034930000003,69.55977738666667,30
52.469795500001055,28.463034930000003,69.55977738666667,30
52.50182880000102,28.5992217,69.30342581960784,30
52.53383920000124,28.5992217,69.30342581960784,30
52.565840400000525,28.5992217,69.30342581960784,30
52.59777430000031,28.5992217,69.30342581960784,30
52.645945300000676,28.735408470000003,69.04707425254901,30
52.677806200001214,28.735408470000003,69.04707425254901,30
52.70985710000059,28.87159524,68.7907226854902,30
52.74180850000084,28.87159524,68.7907226854902,30
52.77384350000102,29.007782010000003,68.53437111843137,30
52.80580259999988,29.007782010000003,68.53437111843137,30
52.837822600000436,29.007782010000003,68.53437111843137,30
52.86979600000086,29.14396878,68.27801955137254,30
52.90185870000096,29.280155550000003,68.02166798431372,30
52.93378880000091,29.416342320000002,67.7653164172549,30
52.965860899999825,29.552529090000004,67.50896485019608,30
52.99783870000101,29.688715860000002,67.25261328313725,30
53.04584870000144,29.824902630000004,66.99626171607844,30
53.07789390000107,29.961089400000002,66.7399101490196,30
53.10971150000114,30.233462940000003,66.22720701490195,30
53.14183349999985,30.369649710000004,65.97085544784314,30
53.17380990000129,30.642023250000005,65.45815231372548,30
53.20584630000121,30.778210020000003,65.20180074666666,30
53.23787170000105,30.91439679,64.94544917960785,30
53.26999020000039,31.18677033,64.43274604549019,30
53.301845900001354,31.322957100000004,64.17639447843136,30
53.3338119,31.595330640000004,63.66369134431372,30
53.36581020000085,31.731517410000002,63.40733977725489,30
53.39786509999976,31.867704180000004,63.15098821019607,30
53.445781700000225,32.14007772000001,62.63828507607842,30
53.47778130000006,32.27626449,62.3819335090196,30
53.50985000000037,32.548638030000006,61.86923037490195,30
53.54182170000058,32.6848248,61.61287880784314,30
53.573862299999746,32.957198340000005,61.10017567372549,30
53.6058492000011,33.22957188,60.587472539607845,30
53.637813400000596,33.50194542,60.074769405490194,30
53.669798300001275,33.63813219000001,59.81841783843136,30
53.70182990000103,33.910505730000004,59.305714704313715,30
53.7337449000006,34.046692500000006,59.049363137254886,30
53.7657947000007,34.31906604000001,58.53666000313723,30
53.797847800000454,34.455252810000005,58.28030843607842,30
53.84583120000025,34.72762635000001,57.76760530196077,30
53.8778413,34.99999989,57.25490216784315,30
53.90982350000013,35.27237343,56.74219903372549,30
53.94181340000068,35.4085602,56.48584746666667,30
53.97389470000053,35.68093374,55.97314433254902,30
54.005922100001044,35.953307280000004,55.46044119843137,30
54.03786370000125,36.08949405,55.20408963137255,30
54.06986880000113,36.36186759,54.69138649725489,30
54.10182110000096,36.49805436,54.43503493019608,30
54.133814700000585,36.63424113000001,54.17868336313724,30
54.16590980000001,36.7704279,53.922331796078424,30
54.19782839999971,36.90661467000001,53.66598022901958,30
54.2458342000009,37.042801440000005,53.409628661960774,30
54.27782540000044,37.17898821,53.153277094901966,30
54.31001110000034,37.31517498000001,52.896925527843116,30
54.34191079999982,37.451361750000004,52.64057396078431,30
54.37383320000117,37.451361750000004,52.64057396078431,30
54.40581310000016,37.58754852,52.3842223937255,30
54.43778040000143,37.58754852,52.3842223937255,30
54.46984660000089,38.40466914000001,50.84611299137253,30
54.501847200001066,38.40466914000001,50.84611299137253,30
54.53376920000119,38.540855910000005,50.589761424313714,30
54.56583900000078,38.67704268,50.33340985725489,30
54.59784630000104,37.99610883,51.61516769254902,30
54.64581019999969,37.99610883,51.61516769254902,30
54.677786500000366,38.81322945000001,50.077058290196064,30
54.70983510000042,38.81322945000001,50.077058290196064,30
54.74179879999974,38.132295600000006,51.35881612549019,30
54.77379950000068,38.132295600000006,51.35881612549019,30
54.80585010000141,38.132295600000006,51.35881612549019,30
54.83780509999997,38.26848237,51.10246455843137,30
54.869758900000306,38.26848237,51.10246455843137,30
54.9018087000004,38.26848237,51.10246455843137,30
54.933857800000624,38.40466914000001,50.84611299137253,30
54.96578410000075,38.40466914000001,50.84611299137253,30
54.99786970000059,38.26848237,51.10246455843137,30
55.04584550000072,38.26848237,51.10246455843137,30
55.077990400001,38.26848237,51.10246455843137,30
55.10994180000125,38.26848237,51.10246455843137,30
55.141901200000575,38.132295600000006,51.35881612549019,30
55.173726900000474,38.94941622,49.82070672313725,30
55.20580940000036,38.81322945000001,50.077058290196064,30
55.23785010000029,38.67704268,50.33340985725489,30
55.26980950000143,38.540855910000005,50.589761424313714,30
55.30186370000047,38.40466914000001,50.84611299137253,30
55.33384320000005,38.26848237,51.10246455843137,30
55.3658875000001,37.99610883,51.61516769254902,30
55.39782340000056,37.85992206,51.871519259607844,30
55.44583960000091,37.58754852,52.3842223937255,30
55.47786820000147,37.451361750000004,52.64057396078431,30
55.509769700000106,37.17898821,53.153277094901966,30
55.541799399999945,36.90661467000001,53.66598022901958,30
55.57384400000046,36.63424113000001,54.17868336313724,30
55.605815700000676,36.36186759,54.69138649725489,30
55.637767400001394,36.08949405,55.20408963137255,30
55.66974730000038,35.81712051000001,55.716792765490176,30
55.70194950000041,35.68093374,55.97314433254902,30
55.733936200000244,35.4085602,56.48584746666667,30
55.765851199999815,35.13618666000001,56.998550600784306,30
55.797846800000116,34.86381312,57.511253734901956,30
55.845850800000335,34.59143958,58.023956869019614,30
55.87785770000119,34.31906604000001,58.53666000313723,30
55.909834500000215,34.046692500000006,59.049363137254886,30
55.94179880000047,33.77431896,59.56206627137254,30
55.973925000000236,33.50194542,60.074769405490194,30
56.005893900000956,33.22957188,60.587472539607845,30
56.037836999999854,32.82101157,61.35652724078431,30
56.06979090000095,32.548638030000006,61.86923037490195,30
56.10183760000109,32.27626449,62.3819335090196,30
56.13385300000118,32.00389095,62.89463664313726,30
56.16577730000063,31.731517410000002,63.40733977725489,30
56.1977822000008,31.595330640000004,63.66369134431372,30
56.245881000000736,31.322957100000004,64.17639447843136,30
56.27784369999972,31.050583560000003,64.68909761254902,30
56.30984710000121,30.778210020000003,65.20180074666666,30
56.34183440000015,30.642023250000005,65.45815231372548,30
56.373839200001385,30.369649710000004,65.97085544784314,30
56.4058098000005,30.233462940000003,66.22720701490195,30
56.43783170000097,30.097276170000004,66.48355858196078,30
56.4698212000003,29.824902630000004,66.99626171607844,30
56.50180510000064,29.688715860000002,67.25261328313725,30
56.53383300000132,29.416342320000002,67.7653164172549,30
56.56588460000057,29.280155550000003,68.02166798431372,30
56.59783349999998,29.14396878,68.27801955137254,30
56.64585530000113,29.007782010000003,68.53437111843137,30
56.67781560000003,28.735408470000003,69.04707425254901,30
56.70977740000126,28.735408470000003,69.04707425254901,30
56.74181649999991,28.735408470000003,69.04707425254901,30
56.773831900000005,28.5992217,69.30342581960784,30
56.80582470000081,28.5992217,69.30342581960784,30
56.83781920000001,28.5992217,69.30342581960784,30
56.86981089999972,28.5992217,69.30342581960784,30
56.90184130000125,28.463034930000003,69.55977738666667,30
56.93382250000104,28.463034930000003,69.55977738666667,30
56.9657815999999,28.463034930000003,69.55977738666667,30
56.998026799999934,28.463034930000003,69.55977738666667,30
57.04591559999972,28.463034930000003,69.55977738666667,30
57.07780550000098,28.463034930000003,69.55977738666667,30
57.109907199999725,28.463034930000003,69.55977738666667,30
57.141844100000526,28.463034930000003,69.55977738666667,30
57.17381000000023,28.463034930000003,69.55977738666667,30
57.20587930000147,28.463034930000003,69.55977738666667,30
57.2377591000004,28.5992217,69.30342581960784,30
57.269771799999944,28.5992217,69.30342581960784,30
57.3018033999997,28.5992217,69.30342581960784,30
57.33381390000068,28.735408470000003,69.04707425254901,30
57.36585080000077,28.87159524,68.7907226854902,30
57.39781740000035,28.87159524,68.7907226854902,30
57.44583130000137,29.007782010000003,68.53437111843137,30
57.47778650000146,29.14396878,68.27801955137254,30
57.509793100000024,29.14396878,68.27801955137254,30
57.54183010000088,29.280155550000003,68.02166798431372,30
57.57386690000021,29.552529090000004,67.50896485019608,30
57.60585859999992,29.552529090000004,67.50896485019608,30
57.63787890000094,29.688715860000002,67.25261328313725,30
57.66981710000073,29.961089400000002,66.7399101490196,30
57.701800300001196,29.961089400000002,66.7399101490196,30
57.73379680000107,30.097276170000004,66.48355858196078,30
57.76586490000045,30.233462940000003,66.22720701490195,30
57.79784610000024,30.369649710000004,65.97085544784314,30
57.84578430000147,30.505836480000003,65.7145038807843,30
57.87785950000034,30.778210020000003,65.20180074666666,30
57.9098208000014,30.91439679,64.94544917960785,30
57.94179070000064,31.050583560000003,64.68909761254902,30
57.97380890000022,31.322957100000004,64.17639447843136,30
58.00592260000121,30.778210020000003,65.20180074666666,30
58.03781429999981,30.91439679,64.94544917960785,30
58.0698095000007,31.050583560000003,64.68909761254902,30
58.1017953999999,31.322957100000004,64.17639447843136,30
58.13379800000075,31.595330640000004,63.66369134431372,30
58.16579129999991,31.731517410000002,63.40733977725489,30
58.198029700000916,31.867704180000004,63.15098821019607,30
58.245766699999876,32.14007772000001,62.63828507607842,30
58.277836000001116,32.27626449,62.3819335090196,30
58.30977580000035,32.412451260000005,62.12558194196078,30
58.34178229999998,32.6848248,61.61287880784314,30
58.37378480000007,32.82101157,61.35652724078431,30
58.40588949999983,32.82101157,61.35652724078431,30
58.43791390000115,32.957198340000005,61.10017567372549,30
58.469788600001266,33.09338511,60.843824106666666,30
58.50177360000089,33.22957188,60.587472539607845,30
58.53381799999988,33.365758650000004,60.331120972549016,30
58.5657783000006,33.365758650000004,60.331120972549016,30
58.59776250000141,33.50194542,60.074769405490194,30
58.645816500000365,33.50194542,60.074769405490194,30
58.677820700000666,33.63813219000001,59.81841783843136,30
58.709750600000916,33.63813219000001,59.81841783843136,30
58.741772299999866,33.63813219000001,59.81841783843136,30
58.77386600000136,33.77431896,59.56206627137254,30
58.80587970000124,33.77431896,59.56206627137254,30
58.837845500000185,33.77431896,59.56206627137254,30
58.86983400000099,33.910505730000004,59.305714704313715,30
58.90184969999973,33.910505730000004,59.305714704313715,30
58.93380100000104,33.910505730000004,59.305714704313715,30
58.965797400000156,34.046692500000006,59.049363137254886,30
58.99790750000102,34.046692500000006,59.049363137254886,30
59.04578990000118,34.046692500000006,59.049363137254886,30
59.077754600000844,34.046692500000006,59.049363137254886,30
59.1097918000014,34.18287927,58.79301157019607,30
59.14182679999976,34.18287927,58.79301157019607,30
59.17377300000044,34.31906604000001,58.53666000313723,30
59.20585829999982,34.455252810000005,58.28030843607842,30
59.23780700000134,34.455252810000005,58.28030843607842,30
59.269782600000326,34.59143958,58.023956869019614,30
59.30181000000084,34.72762635000001,57.76760530196077,30
59.333882099999755,34.86381312,57.511253734901956,30
59.36578820000068,34.99999989,57.25490216784315,30
59.39784000000145,35.13618666000001,56.998550600784306,30
59.44586470000104,35.27237343,56.74219903372549,30
59.47775900000124,35.4085602,56.48584746666667,30
59.50975440000002,35.544746970000006,56.22949589960784,30
59.541916899999705,35.68093374,55.97314433254902,30
59.573834000000716,35.68093374,55.97314433254902,30
59.60598209999989,35.81712051000001,55.716792765490176,30
59.63798500000121,35.953307280000004,55.46044119843137,30
59.66983530000107,36.08949405,55.20408963137255,30
59.70179310000094,36.22568082000001,54.94773806431371,30
59.73376310000094,36.22568082000001,54.94773806431371,30
59.76581820000138,36.36186759,54.69138649725489,30
59.79780910000045,36.36186759,54.69138649725489,30
59.84577150000041,36.49805436,54.43503493019608,30
59.87781400000131,36.49805436,54.43503493019608,30
59.90978240000004,36.63424113000001,54.17868336313724,30
59.941771400001016,36.63424113000001,54.17868336313724,30
59.97381580000001,36.63424113000001,54.17868336313724,30
60.005897000000914,36.63424113000001,54.17868336313724,30
60.037823800001206,36.63424113000001,54.17868336313724,30
60.069760600001246,36.63424113000001,54.17868336313724,30
60.10190789999979,36.63424113000001,54.17868336313724,30
60.13381819999995,36.63424113000001,54.17868336313724,30
60.165836500000296,36.63424113000001,54.17868336313724,30
60.19788340000014,36.49805436,54.43503493019608,30
60.245876599999974,36.49805436,54.43503493019608,30
60.27773090000119,36.49805436,54.43503493019608,30
60.309857100000954,36.36186759,54.69138649725489,30
60.34177439999985,36.36186759,54.69138649725489,30
60.373882500000036,36.22568082000001,54.94773806431371,30
60.40587370000139,36.22568082000001,54.94773806431371,30
60.437775300000794,36.08949405,55.20408963137255,30
60.46980020000046,36.08949405,55.20408963137255,30
60.50174440000046,36.08949405,55.20408963137255,30
60.53383990000111,35.953307280000004,55.46044119843137,30
60.56578980000086,35.953307280000004,55.46044119843137,30
60.59779080000044,35.81712051000001,55.716792765490176,30
60.64583070000117,35.68093374,55.97314433254902,30
60.67778990000079,35.68093374,55.97314433254902,30
60.70984950000093,35.4085602,56.48584746666667,30
60.741761600000245,35.4085602,56.48584746666667,30
60.77380400000038,35.27237343,56.74219903372549,30
60.805766600000425,35.13618666000001,56.998550600784306,30
60.83786830000099,34.99999989,57.25490216784315,30
60.86977900000056,34.86381312,57.511253734901956,30
60.901811499999894,34.72762635000001,57.76760530196077,30
60.9338373999999,34.59143958,58.023956869019614,30
60.96582020000096,34.455252810000005,58.28030843607842,30
60.99788129999979,34.18287927,58.79301157019607,30
61.04582970000047,34.046692500000006,59.049363137254886,30
61.077800000000934,33.910505730000004,59.305714704313715,30
61.10977170000115,33.63813219000001,59.81841783843136,30
61.14177370000107,33.50194542,60.074769405490194,30
61.173835300000064,33.22957188,60.587472539607845,30
61.205836300001465,33.09338511,60.843824106666666,30
61.23779560000003,32.82101157,61.35652724078431,30
61.269798100000116,32.6848248,61.61287880784314,30
61.30201240000133,32.412451260000005,62.12558194196078,30
61.33388500000001,32.27626449,62.3819335090196,30
61.36577320000106,32.00389095,62.89463664313726,30
61.397829999999885,31.867704180000004,63.15098821019607,30
61.44579110000086,31.731517410000002,63.40733977725489,30
61.47776890000023,31.595330640000004,63.66369134431372,30
61.50974700000006,31.322957100000004,64.17639447843136,30
61.54178690000117,31.18677033,64.43274604549019,30
61.57376550000117,31.459143870000002,63.92004291137254,30
61.60582489999979,30.778210020000003,65.20180074666666,30
61.637801099999706,31.050583560000003,64.68909761254902,30
61.66982559999997,30.91439679,64.94544917960785,30
61.70175410000047,30.778210020000003,65.20180074666666,30
61.733801700000186,30.642023250000005,65.45815231372548,30
61.765786500000104,30.505836480000003,65.7145038807843,30
61.79777860000104,30.369649710000004,65.97085544784314,30
61.84586990000025,30.233462940000003,66.22720701490195,30
61.87788830000136,29.961089400000002,66.7399101490196,30
61.909855900001276,29.824902630000004,66.99626171607844,30
61.94180830000005,29.688715860000002,67.25261328313725,30
61.97387780000099,29.552529090000004,67.50896485019608,30
62.00636570000097,29.416342320000002,67.7653164172549,30
62.03783690000091,28.87159524,68.7907226854902,30
62.069790999999896,29.280155550000003,68.02166798431372,30
62.10179260000041,29.14396878,68.27801955137254,30
62.133774699999776,29.007782010000003,68.53437111843137,30
62.16581589999987,28.87159524,68.7907226854902,30
62.197811199999705,28.735408470000003,69.04707425254901,30
62.24577710000085,28.5992217,69.30342581960784,30
62.277793200000815,28.463034930000003,69.55977738666667,30
62.30981849999989,28.463034930000003,69.55977738666667,30
62.341779500000484,28.326848160000004,69.81612895372548,30
62.37383150000096,28.190661390000002,70.07248052078431,30
62.4059244,28.054474620000004,70.32883208784313,30
62.437795600000754,28.054474620000004,70.32883208784313,30
62.469784800001435,27.918287850000002,70.58518365490195,30
62.50183819999984,27.782101080000004,70.84153522196078,30
62.53380780000043,27.782101080000004,70.84153522196078,30
62.56581030000052,27.645914310000002,71.09788678901961,30
62.59777230000145,27.645914310000002,71.09788678901961,30
62.645883799999865,28.463034930000003,69.55977738666667,30
62.67791000000034,28.463034930000003,69.55977738666667,30
62.70973440000125,27.509727540000004,71.35423835607843,30
62.741805900001054,27.509727540000004,71.35423835607843,30
62.77380640000047,27.509727540000004,71.35423835607843,30
62.805771900000764,27.509727540000004,71.35423835607843,30
62.837795800000094,27.509727540000004,71.35423835607843,30
62.86979130000145,27.645914310000002,71.09788678901961,30
62.90180970000074,27.645914310000002,71.09788678901961,30
62.933708900000056,27.645914310000002,71.09788678901961,30
62.96579689999999,27.782101080000004,70.84153522196078,30
62.997918400000344,27.782101080000004,70.84153522196078,30
63.0457707000005,27.782101080000004,70.84153522196078,30
63.077792000000045,27.918287850000002,70.58518365490195,30
63.1097520000003,27.918287850000002,70.58518365490195,30
63.14180470000065,28.735408470000003,69.04707425254901,30
63.17382670000006,28.735408470000003,69.04707425254901,30
63.20583390000138,28.735408470000003,69.04707425254901,30
63.237974000001486,28.735408470000003,69.04707425254901,30
63.26981290000003,28.87159524,68.7907226854902,30
63.30179440000029,28.87159524,68.7907226854902,30
63.33373770000071,29.007782010000003,68.53437111843137,30
63.365903900001285,29.007782010000003,68.53437111843137,30
63.3978747000001,29.14396878,68.27801955137254,30
63.44577030000073,29.280155550000003,68.02166798431372,30
63.47786740000083,29.280155550000003,68.02166798431372,30
63.50976150000133,29.416342320000002,67.7653164172549,30
63.54184970000097,29.416342320000002,67.7653164172549,30
63.57378140000037,29.552529090000004,67.50896485019608,30
63.60580380000101,29.688715860000002,67.25261328313725,30
63.637766900001225,29.688715860000002,67.25261328313725,30
63.66983020000043,29.824902630000004,66.99626171607844,30
63.70182130000103,29.961089400000002,66.7399101490196,30
63.73380160000124,29.961089400000002,66.7399101490196,30
63.76581299999998,30.233462940000003,66.22720701490195,30
63.797767199999726,30.233462940000003,66.22720701490195,30
63.845816700000796,30.505836480000003,65.7145038807843,30
63.87784869999996,30.642023250000005,65.45815231372548,30
63.90986410000005,30.91439679,64.94544917960785,30
63.9417940000003,31.050583560000003,64.68909761254902,30
63.97385159999976,31.18677033,64.43274604549019,30
64.00588640000024,31.322957100000004,64.17639447843136,30
64.0378227000001,31.595330640000004,63.66369134431372,30
64.06976209999993,31.731517410000002,63.40733977725489,30
64.10176180000053,31.867704180000004,63.15098821019607,30
64.13379250000071,32.14007772000001,62.63828507607842,30
64.16579300000012,32.27626449,62.3819335090196,30
64.1978323000003,31.867704180000004,63.15098821019607,30
64.24584479999976,32.00389095,62.89463664313726,30
64.27783819999968,32.27626449,62.3819335090196,30
64.30976490000103,32.412451260000005,62.12558194196078,30
64.34174499999972,33.365758650000004,60.331120972549016,30
64.37385800000084,33.50194542,60.074769405490194,30
64.40584500000114,33.77431896,59.56206627137254,30
64.43789740000102,34.046692500000006,59.049363137254886,30
64.46995400000014,34.18287927,58.79301157019607,30
64.5018985000006,34.455252810000005,58.28030843607842,30
64.53377910000017,34.59143958,58.023956869019614,30
64.56581040000128,34.86381312,57.511253734901956,30
64.59775160000027,35.13618666000001,56.998550600784306,30
64.64578260000053,35.27237343,56.74219903372549,30
64.67783729999974,35.4085602,56.48584746666667,30
64.70980090000012,35.68093374,55.97314433254902,30
64.74171990000104,35.81712051000001,55.716792765490176,30
64.77376050000021,35.27237343,56.74219903372549,30
64.8058443000009,35.4085602,56.48584746666667,30
64.83809500000098,35.544746970000006,56.22949589960784,30
64.86982770000031,36.36186759,54.69138649725489,30
64.90185750000092,36.49805436,54.43503493019608,30
64.93378380000104,36.63424113000001,54.17868336313724,30
64.965782700001,36.63424113000001,54.17868336313724,30
64.99824249999983,36.7704279,53.922331796078424,30
65.0458692000011,36.7704279,53.922331796078424,30
65.0777622000005,36.90661467000001,53.66598022901958,30
65.10979430000043,36.90661467000001,53.66598022901958,30
65.14178410000022,37.042801440000005,53.409628661960774,30
65.17368859999988,37.042801440000005,53.409628661960774,30
65.20581850000053,37.042801440000005,53.409628661960774,30
65.23785820000012,37.042801440000005,53.409628661960774,30
65.26982010000029,37.042801440000005,53.409628661960774,30
65.30185130000064,37.042801440000005,53.409628661960774,30
65.33379340000101,37.042801440000005,53.409628661960774,30
65.36577960000068,36.90661467000001,53.66598022901958,30
65.39779550000094,36.7704279,53.922331796078424,30
65.44589330000053,36.63424113000001,54.17868336313724,30
65.47784599999977,36.63424113000001,54.17868336313724,30
65.50975570000082,36.49805436,54.43503493019608,30
65.54183910000029,36.36186759,54.69138649725489,30
65.57385220000106,36.22568082000001,54.94773806431371,30
65.60575380000046,36.08949405,55.20408963137255,30
65.63796210000146,36.08949405,55.20408963137255,30
65.66979739999988,35.953307280000004,55.46044119843137,30
65.70182810000006,35.81712051000001,55.716792765490176,30
65.73376420000022,35.81712051000001,55.716792765490176,30
65.76583949999986,35.68093374,55.97314433254902,30
65.79778520000036,35.68093374,55.97314433254902,30
65.84581290000096,35.68093374,55.97314433254902,30
65.87779709999995,35.544746970000006,56.22949589960784,30
65.90975419999995,35.544746970000006,56.22949589960784,30
65.94177240000135,35.544746970000006,56.22949589960784,30
65.9737679000009,35.4085602,56.48584746666667,30
66.00587559999985,35.4085602,56.48584746666667,30
66.03776350000044,35.27237343,56.74219903372549,30
66.06978630000049,35.27237343,56.74219903372549,30
66.10182750000058,35.27237343,56.74219903372549,30
66.13378120000016,35.27237343,56.74219903372549,30
66.16577040000084,35.27237343,56.74219903372549,30
66.19770550000067,35.27237343,56.74219903372549,30
66.24585260000094,35.27237343,56.74219903372549,30
66.27779630000077,35.13618666000001,56.998550600784306,30
66.30984470000112,34.99999989,57.25490216784315,30
66.34177670000099,34.99999989,57.25490216784315,30
66.37376810000023,34.86381312,57.511253734901956,30
66.40579190000062,34.72762635000001,57.76760530196077,30
66.43781250000029,34.72762635000001,57.76760530196077,30
66.46983770000043,34.59143958,58.023956869019614,30
66.50173619999987,34.455252810000005,58.28030843607842,30
66.5338268000014,34.31906604000001,58.53666000313723,30
66.5658411000004,34.18287927,58.79301157019607,30
66.5977997000009,34.046692500000006,59.049363137254886,30
66.64573770000061,33.910505730000004,59.305714704313715,30
66.67774740000095,33.77431896,59.56206627137254,30
66.70982280000135,33.63813219000001,59.81841783843136,30
66.7417514000008,33.50194542,60.074769405490194,30
66.77378370000042,33.365758650000004,60.331120972549016,30
66.80585360000077,33.365758650000004,60.331120972549016,30
66.83782210000027,33.22957188,60.587472539607845,30
66.86978160000035,33.09338511,60.843824106666666,30
66.90179739999985,33.09338511,60.843824106666666,30
66.93380270000125,32.957198340000005,61.10017567372549,30
66.96575769999981,32.957198340000005,61.10017567372549,30
66.99789450000026,32.82101157,61.35652724078431,30
67.0457877000008,32.6848248,61.61287880784314,30
67.07776900000135,32.6848248,61.61287880784314,30
67.10975690000123,32.548638030000006,61.86923037490195,30
67.14178390000052,32.548638030000006,61.86923037490195,30
67.17380690000027,32.412451260000005,62.12558194196078,30
67.20578040000146,32.412451260000005,62.12558194196078,30
67.23774109999977,32.412451260000005,62.12558194196078,30
67.26976380000087,32.412451260000005,62.12558194196078,30
67.30184310000004,32.27626449,62.3819335090196,30
67.33386810000047,32.27626449,62.3819335090196,30
67.36587549999967,32.27626449,62.3819335090196,30
67.39778970000043,32.14007772000001,62.63828507607842,30
67.44580240000141,31.322957100000004,64.17639447843136,30
67.47783750000053,31.322957100000004,64.17639447843136,30
67.50973290000002,31.18677033,64.43274604549019,30
67.5417680999999,31.18677033,64.43274604549019,30
67.57389549999971,31.050583560000003,64.68909761254902,30
67.60580860000118,31.050583560000003,64.68909761254902,30
67.63773220000076,30.91439679,64.94544917960785,30
67.66978890000064,30.91439679,64.94544917960785,30
67.70178339999984,30.91439679,64.94544917960785,30
67.73381520000112,30.778210020000003,65.20180074666666,30
67.7657433000004,30.778210020000003,65.20180074666666,30
67.79786290000084,30.778210020000003,65.20180074666666,30
67.84575070000028,30.642023250000005,65.45815231372548,30
67.87776290000147,30.642023250000005,65.45815231372548,30
67.90998800000125,30.642023250000005,65.45815231372548,30
67.94188360000044,30.505836480000003,65.7145038807843,30
67.97384760000023,30.505836480000003,65.7145038807843,30
68.00597270000071,30.505836480000003,65.7145038807843,30
68.03781549999985,30.369649710000004,65.97085544784314,30
68.0697737999999,30.369649710000004,65.97085544784314,30
68.10183190000134,30.233462940000003,66.22720701490195,30
68.13377840000066,30.233462940000003,66.22720701490195,30
68.16575569999986,30.097276170000004,66.48355858196078,30
68.19777100000101,30.097276170000004,66.48355858196078,30
68.24575210000148,30.097276170000004,66.48355858196078,30
68.27778300000136,30.097276170000004,66.48355858196078,30
68.30977570000141,29.961089400000002,66.7399101490196,30
68.34177550000095,29.961089400000002,66.7399101490196,30
68.37378590000117,29.961089400000002,66.7399101490196,30
68.40577470000062,29.961089400000002,66.7399101490196,30
68.43786370000089,29.961089400000002,66.7399101490196,30
68.46980000000076,29.961089400000002,66.7399101490196,30
68.50187470000128,29.961089400000002,66.7399101490196,30
68.53405670000029,29.961089400000002,66.7399101490196,30
68.56586470000002,29.961089400000002,66.7399101490196,30
68.59769200000119,29.961089400000002,66.7399101490196,30
68.64584780000041,29.961089400000002,66.7399101490196,30
68.67775840000104,29.961089400000002,66.7399101490196,30
68.70967949999977,30.097276170000004,66.48355858196078,30
68.74180239999987,30.097276170000004,66.48355858196078,30
68.77380850000009,30.097276170000004,66.48355858196078,30
68.80576480000127,30.097276170000004,66.48355858196078,30
68.8377771000014,30.097276170000004,66.48355858196078,30
68.8697471000014,30.097276170000004,66.48355858196078,30
68.90181350000057,29.961089400000002,66.7399101490196,30
68.93375970000125,29.961089400000002,66.7399101490196,30
68.96580030000041,29.961089400000002,66.7399101490196,30
68.99787900000047,30.097276170000004,66.48355858196078,30
69.04580830000123,30.097276170000004,66.48355858196078,30
69.0777491000008,30.233462940000003,66.22720701490195,30
69.1098292000006,30.369649710000004,65.97085544784314,30
69.14176840000073,30.505836480000003,65.7145038807843,30
69.17381399999977,30.642023250000005,65.45815231372548,30
69.205797300001,30.778210020000003,65.20180074666666,30
69.23784119999982,31.050583560000003,64.68909761254902,30
69.26975520000087,31.18677033,64.43274604549019,30
69.30178920000071,31.459143870000002,63.92004291137254,30
69.33383990000038,31.731517410000002,63.40733977725489,30
69.3658043000014,31.867704180000004,63.15098821019607,30
69.39777470000081,32.14007772000001,62.63828507607842,30
69.44580630000019,32.27626449,62.3819335090196,30
69.47779470000023,32.412451260000005,62.12558194196078,30
69.50974060000044,32.6848248,61.61287880784314,30
69.54186140000093,32.82101157,61.35652724078431,30
69.57378570000037,32.957198340000005,61.10017567372549,30
69.60574850000012,33.09338511,60.843824106666666,30
69.63784099999975,33.22957188,60.587472539607845,30
69.6698163000001,33.365758650000004,60.331120972549016,30
69.70179070000086,33.365758650000004,60.331120972549016,30
69.73378380000031,33.50194542,60.074769405490194,30
69.76583030000074,33.63813219000001,59.81841783843136,30
69.79775160000099,33.63813219000001,59.81841783843136,30
69.84580050000113,33.77431896,59.56206627137254,30
69.87776480000139,33.77431896,59.56206627137254,30
69.90980930000114,33.910505730000004,59.305714704313715,30
69.94176780000089,33.910505730000004,59.305714704313715,30
69.97401970000101,34.046692500000006,59.049363137254886,30
70.00585630000023,34.046692500000006,59.049363137254886,30
70.03771849999976,34.046692500000006,59.049363137254886,30
70.06976910000049,34.18287927,58.79301157019607,30
70.1017455000001,34.18287927,58.79301157019607,30
70.13378150000062,34.18287927,58.79301157019607,30
70.16577909999978,34.18287927,58.79301157019607,30
70.19782029999988,34.31906604000001,58.53666000313723,30
70.24579030000132,34.31906604000001,58.53666000313723,30
70.27777330000026,34.31906604000001,58.53666000313723,30
70.3097816999998,34.31906604000001,58.53666000313723,30
70.34178539999994,34.31906604000001,58.53666000313723,30
70.37373269999989,34.18287927,58.79301157019607,30
70.40585070000088,34.18287927,58.79301157019607,30
70.4378400000005,34.18287927,58.79301157019607,30
70.46986780000043,34.18287927,58.79301157019607,30
70.50190410000141,34.046692500000006,59.049363137254886,30
70.53378429999975,34.046692500000006,59.049363137254886,30
70.56575150000026,34.046692500000006,59.049363137254886,30
70.59778499999993,33.910505730000004,59.305714704313715,30
70.64583640000092,33.910505730000004,59.305714704313715,30
70.677774400001,33.77431896,59.56206627137254,30
70.70981650000067,33.77431896,59.56206627137254,30
70.74167839999973,33.63813219000001,59.81841783843136,30
70.77376230000118,33.63813219000001,59.81841783843136,30
70.80574520000118,33.63813219000001,59.81841783843136,30
70.83779270000014,33.50194542,60.074769405490194,30
70.86974689999988,33.50194542,60.074769405490194,30
70.90179110000099,33.50194542,60.074769405490194,30
70.93380150000121,33.50194542,60.074769405490194,30
70.96578670000054,33.50194542,60.074769405490194,30
70.99793080000018,33.50194542,60.074769405490194,30
71.04588640000111,33.50194542,60.074769405490194,30
71.07780920000005,33.63813219000001,59.81841783843136,30
71.10975730000064,33.63813219000001,59.81841783843136,30
71.14176530000077,33.63813219000001,59.81841783843136,30
71.17382019999968,33.63813219000001,59.81841783843136,30
71.20579960000032,33.63813219000001,59.81841783843136,30
71.23776760000146,33.63813219000001,59.81841783843136,30
71.26981909999995,34.046692500000006,59.049363137254886,30
71.30178960000012,34.046692500000006,59.049363137254886,30
71.33375290000004,33.910505730000004,59.305714704313715,30
71.36577519999992,33.910505730000004,59.305714704313715,30
71.39779570000064,33.910505730000004,59.305714704313715,30
71.44578150000052,33.910505730000004,59.305714704313715,30
71.47773530000086,33.77431896,59.56206627137254,30
71.5097994000007,33.77431896,59.56206627137254,30
71.54173780000019,33.63813219000001,59.81841783843136,30
71.57376190000105,33.63813219000001,59.81841783843136,30
71.6058635999998,33.50194542,60.074769405490194,30
71.6376952999999,33.50194542,60.074769405490194,30
71.6697494,33.365758650000004,60.331120972549016,30
71.70180430000073,33.365758650000004,60.331120972549016,30
71.73384790000091,33.365758650000004,60.331120972549016,30
71.76575960000082,33.22957188,60.587472539607845,30
71.79777340000146,33.09338511,60.843824106666666,30
71.84579450000092,33.63813219000001,59.81841783843136,30
71.87779330000012,32.957198340000005,61.10017567372549,30
71.90973790000135,32.957198340000005,61.10017567372549,30
71.94179110000005,32.82101157,61.35652724078431,30
71.97374529999979,32.82101157,61.35652724078431,30
72.00589670000045,33.365758650000004,60.331120972549016,30
72.03783370000019,33.365758650000004,60.331120972549016,30
72.06981869999981,33.22957188,60.587472539607845,30
72.10179440000138,33.22957188,60.587472539607845,30
72.13377180000134,33.22957188,60.587472539607845,30
72.16577990000042,33.09338511,60.843824106666666,30
72.19782649999979,33.09338511,60.843824106666666,30
72.24576200000047,32.957198340000005,61.10017567372549,30
72.27777400000014,32.957198340000005,61.10017567372549,30
72.30976080000073,32.957198340000005,61.10017567372549,30
72.34175180000057,32.957198340000005,61.10017567372549,30
72.3738573999999,32.957198340000005,61.10017567372549,30
72.40574480000032,32.957198340000005,61.10017567372549,30
72.43781240000135,32.957198340000005,61.10017567372549,30
72.46977330000118,32.957198340000005,61.10017567372549,30
72.50180120000005,32.82101157,61.35652724078431,30
72.53376580000077,32.82101157,61.35652724078431,30
72.56580630000099,32.6848248,61.61287880784314,30
72.59780390000014,32.548638030000006,61.86923037490195,30
72.64584360000117,32.548638030000006,61.86923037490195,30
72.677791600001,32.412451260000005,62.12558194196078,30
72.70979420000003,32.6848248,61.61287880784314,30
72.74172330000147,32.548638030000006,61.86923037490195,30
72.7737675999997,32.548638030000006,61.86923037490195,30
72.8057559000008,32.548638030000006,61.86923037490195,30
72.83778060000077,32.548638030000006,61.86923037490195,30
72.86976540000069,32.27626449,62.3819335090196,30
72.90175480000107,32.14007772000001,62.63828507607842,30
72.93381960000079,32.14007772000001,62.63828507607842,30
72.96570450000036,32.14007772000001,62.63828507607842,30
72.99790460000077,32.27626449,62.3819335090196,30
73.04581110000072,32.27626449,62.3819335090196,30
73.0778033000006,32.27626449,62.3819335090196,30
73.10976440000013,32.27626449,62.3819335090196,30
73.1417474000009,32.412451260000005,62.12558194196078,30
73.17376740000145,32.27626449,62.3819335090196,30
73.2057875999999,32.27626449,62.3819335090196,30
73.23777970000083,32.27626449,62.3819335090196,30
73.26974650000011,32.27626449,62.3819335090196,30
73.30176250000113,32.27626449,62.3819335090196,30
73.33374630000071,32.27626449,62.3819335090196,30
73.36582780000026,32.27626449,62.3819335090196,30
73.39776940000047,32.27626449,62.3819335090196,30
73.44578379999984,32.27626449,62.3819335090196,30
73.47783090000121,32.27626449,62.3819335090196,30
73.50977800000146,32.27626449,62.3819335090196,30
73.54180950000045,32.27626449,62.3819335090196,30
73.57379120000041,32.27626449,62.3819335090196,30
73.6058309,32.412451260000005,62.12558194196078,30
73.6377322999997,32.412451260000005,62.12558194196078,30
73.66986150000048,32.548638030000006,61.86923037490195,30
73.70200339999974,32.6848248,61.61287880784314,30
73.73382750000019,32.82101157,61.35652724078431,30
73.76571530000001,32.82101157,61.35652724078431,30
73.79781110000113,32.957198340000005,61.10017567372549,30
73.84575430000041,32.957198340000005,61.10017567372549,30
73.87772030000087,33.09338511,60.843824106666666,30
73.90975620000063,33.09338511,60.843824106666666,30
73.94186620000073,33.22957188,60.587472539607845,30
73.97379180000098,33.365758650000004,60.331120972549016,30
74.00585070000125,33.50194542,60.074769405490194,30
74.03780160000133,33.63813219000001,59.81841783843136,30
74.06978630000049,33.63813219000001,59.81841783843136,30
74.10174790000019,33.77431896,59.56206627137254,30
74.13377779999973,33.910505730000004,59.305714704313715,30
74.16575480000029,34.046692500000006,59.049363137254886,30
74.1977579000013,33.50194542,60.074769405490194,30
74.24580590000005,33.63813219000001,59.81841783843136,30
74.27768210000067,33.77431896,59.56206627137254,30
74.30979210000078,33.910505730000004,59.305714704313715,30
74.34169790000124,34.046692500000006,59.049363137254886,30
74.37377870000091,34.046692500000006,59.049363137254886,30
74.40575979999994,34.18287927,58.79301157019607,30
74.43772490000083,34.31906604000001,58.53666000313723,30
74.46978029999991,34.31906604000001,58.53666000313723,30
74.50176410000131,34.455252810000005,58.28030843607842,30
74.53369350000139,34.455252810000005,58.28030843607842,30
74.5658383000009,34.59143958,58.023956869019614,30
74.59779330000129,34.72762635000001,57.76760530196077,30
74.64573550000023,34.72762635000001,57.76760530196077,30
74.67773940000006,34.86381312,57.511253734901956,30
74.70979530000113,34.86381312,57.511253734901956,30
74.74178290000054,34.99999989,57.25490216784315,30
74.77374469999995,34.99999989,57.25490216784315,30
74.80582810000124,34.99999989,57.25490216784315,30
74.83773160000055,35.13618666000001,56.998550600784306,30
74.86979710000014,35.13618666000001,56.998550600784306,30
74.90178820000074,35.13618666000001,56.998550600784306,30
74.93378720000146,35.13618666000001,56.998550600784306,30
74.96581750000041,35.13618666000001,56.998550600784306,30
74.99781640000037,35.13618666000001,56.998550600784306,30
75.0458131000014,35.13618666000001,56.998550600784306,30
75.07775080000101,35.13618666000001,56.998550600784306,30
75.10975510000026,35.13618666000001,56.998550600784306,30
75.14175980000073,35.13618666000001,56.998550600784306,30
75.173818700001,35.27237343,56.74219903372549,30
75.20575280000048,35.27237343,56.74219903372549,30
75.23784049999995,35.27237343,56.74219903372549,30
75.269754500001,35.4085602,56.48584746666667,30
75.30178250000063,35.4085602,56.48584746666667,30
75.33371009999973,35.4085602,56.48584746666667,30
75.36574100000144,35.4085602,56.48584746666667,30
75.39776730000085,35.4085602,56.48584746666667,30
75.44572150000022,35.4085602,56.48584746666667,30
75.47789010000088,35.4085602,56.48584746666667,30
75.50976660000015,35.4085602,56.48584746666667,30
75.54168190000019,35.4085602,56.48584746666667,30
75.57375630000024,35.4085602,56.48584746666667,30
75.60576650000075,35.4085602,56.48584746666667,30
75.6377762000011,35.4085602,56.48584746666667,30
75.6697376000011,35.4085602,56.48584746666667,30
75.70179310000094,35.4085602,56.48584746666667,30
75.7337177999998,35.4085602,56.48584746666667,30
75.76583949999986,35.4085602,56.48584746666667,30
75.79781830000138,35.4085602,56.48584746666667,30
75.84585300000072,35.27237343,56.74219903372549,30
75.87776430000122,35.27237343,56.74219903372549,30
75.90974290000122,35.13618666000001,56.998550600784306,30
75.94177910000144,34.99999989,57.25490216784315,30
75.97379160000128,34.99999989,57.25490216784315,30
76.00593120000121,34.86381312,57.511253734901956,30
76.0377939000009,34.72762635000001,57.76760530196077,30
76.06974679999985,34.72762635000001,57.76760530196077,30
76.10179580000113,34.59143958,58.023956869019614,30
76.13383880000038,34.455252810000005,58.28030843607842,30
76.16584669999975,34.455252810000005,58.28030843607842,30
76.19780960000026,34.31906604000001,58.53666000313723,30
76.24580270000115,34.31906604000001,58.53666000313723,30
76.2777371000011,34.18287927,58.79301157019607,30
76.30967539999983,34.046692500000006,59.049363137254886,30
76.34174940000048,33.910505730000004,59.305714704313715,30
76.37378309999986,33.910505730000004,59.305714704313715,30
76.40574910000032,33.77431896,59.56206627137254,30
76.43774839999969,33.63813219000001,59.81841783843136,30
76.46979199999987,33.63813219000001,59.81841783843136,30
76.5017796000011,33.50194542,60.074769405490194,30
76.53374620000068,33.50194542,60.074769405490194,30
76.56574550000005,33.365758650000004,60.331120972549016,30
76.59776020000027,33.365758650000004,60.331120972549016,30
76.64581990000079,33.365758650000004,60.331120972549016,30
76.67773870000019,33.365758650000004,60.331120972549016,30
76.70978810000088,33.22957188,60.587472539607845,30
76.74176380000063,33.22957188,60.587472539607845,30
76.77386020000085,33.22957188,60.587472539607845,30
76.80581770000026,33.22957188,60.587472539607845,30
76.83783270000094,33.09338511,60.843824106666666,30
76.86973300000136,33.09338511,60.843824106666666,30
76.90175389999968,33.09338511,60.843824106666666,30
76.93378240000129,32.957198340000005,61.10017567372549,30
76.96579209999982,32.957198340000005,61.10017567372549,30
76.99789430000055,32.82101157,61.35652724078431,30
77.04579960000046,33.22957188,60.587472539607845,30
77.07779269999992,33.22957188,60.587472539607845,30
77.10970740000084,33.09338511,60.843824106666666,30
77.1417945000012,32.957198340000005,61.10017567372549,30
77.17376780000086,32.82101157,61.35652724078431,30
77.20572410000023,32.82101157,61.35652724078431,30
77.23776420000104,32.6848248,61.61287880784314,30
77.269771700001,32.548638030000006,61.86923037490195,30
77.30178540000088,32.412451260000005,62.12558194196078,30
77.33375410000008,32.412451260000005,62.12558194196078,30
77.36579900000106,32.27626449,62.3819335090196,30
77.39789569999994,32.14007772000001,62.63828507607842,30
77.44573839999975,32.00389095,62.89463664313726,30
77.47777599999972,31.867704180000004,63.15098821019607,30
77.50977120000061,31.731517410000002,63.40733977725489,30
77.54172740000104,31.459143870000002,63.92004291137254,30
77.57377260000067,31.322957100000004,64.17639447843136,30
77.60579620000135,31.322957100000004,64.17639447843136,30
77.6377835000003,31.050583560000003,64.68909761254902,30
77.66975830000047,30.91439679,64.94544917960785,30
77.70174840000072,30.778210020000003,65.20180074666666,30
77.73373540000102,30.642023250000005,65.45815231372548,30
77.76573880000069,31.18677033,64.43274604549019,30
77.79782890000024,31.050583560000003,64.68909761254902,30
77.84582480000063,30.91439679,64.94544917960785,30
77.87777930000084,30.91439679,64.94544917960785,30
77.90988550000111,30.778210020000003,65.20180074666666,30
77.94178460000148,30.778210020000003,65.20180074666666,30
77.97374490000038,30.369649710000004,65.97085544784314,30
78.00586590000057,30.369649710000004,65.97085544784314,30
78.0377896000009,29.688715860000002,67.25261328313725,30
78.06973920000019,29.552529090000004,67.50896485019608,30
78.10185050000109,29.416342320000002,67.7653164172549,30
78.133770800001,29.416342320000002,67.7653164172549,30
78.1658290000014,29.416342320000002,67.7653164172549,30
78.19776570000067,29.416342320000002,67.7653164172549,30
78.24577710000085,29.280155550000003,68.02166798431372,30
78.2777242000011,29.280155550000003,68.02166798431372,30
78.3097644999998,29.824902630000004,66.99626171607844,30
78.34177799999998,29.824902630000004,66.99626171607844,30
78.37379200000032,29.961089400000002,66.7399101490196,30
78.40575290000015,29.961089400000002,66.7399101490196,30
78.43784290000076,29.824902630000004,66.99626171607844,30
78.46977920000063,29.824902630000004,66.99626171607844,30
78.50175500000114,29.824902630000004,66.99626171607844,30
78.53372440000021,29.824902630000004,66.99626171607844,30
78.56578059999993,29.961089400000002,66.7399101490196,30
78.59783570000036,29.961089400000002,66.7399101490196,30
78.64576130000023,29.961089400000002,66.7399101490196,30
78.67778220000037,30.097276170000004,66.48355858196078,30
78.70975240000007,30.097276170000004,66.48355858196078,30
78.7417275000007,30.097276170000004,66.48355858196078,30
78.77373620000071,30.233462940000003,66.22720701490195,30
78.80575740000131,30.233462940000003,66.22720701490195,30
78.83778900000107,30.369649710000004,65.97085544784314,30
78.86983450000116,30.369649710000004,65.97085544784314,30
78.901902900001,30.505836480000003,65.7145038807843,30
78.93374790000053,30.505836480000003,65.7145038807843,30
78.96572370000104,30.233462940000003,66.22720701490195,30
78.99782920000143,30.233462940000003,66.22720701490195,30
79.0457951999997,30.233462940000003,66.22720701490195,30
79.07773780000025,30.369649710000004,65.97085544784314,30
79.10979730000145,30.505836480000003,65.7145038807843,30
79.14172510000026,30.505836480000003,65.7145038807843,30
79.17373790000056,30.642023250000005,65.45815231372548,30
79.2057048000006,30.642023250000005,65.45815231372548,30
79.2376949999998,31.050583560000003,64.68909761254902,30
79.26973670000007,31.18677033,64.43274604549019,30
79.30176519999986,31.322957100000004,64.17639447843136,30
79.33375580000029,31.050583560000003,64.68909761254902,30
79.36578460000055,31.459143870000002,63.92004291137254,30
79.3977442000014,31.595330640000004,63.66369134431372,30
79.4457782999998,31.459143870000002,63.92004291137254,30
79.47779670000091,31.595330640000004,63.66369134431372,30
79.50973820000036,31.731517410000002,63.40733977725489,30
79.54174130000138,31.867704180000004,63.15098821019607,30
79.57376240000121,31.867704180000004,63.15098821019607,30
79.6057591000008,32.00389095,62.89463664313726,30
79.63771989999987,32.14007772000001,62.63828507607842,30
79.6697546000014,32.27626449,62.3819335090196,30
79.70175270000072,32.412451260000005,62.12558194196078,30
79.73373230000107,32.412451260000005,62.12558194196078,30
79.7657317000012,32.548638030000006,61.86923037490195,30
79.79779100000087,32.548638030000006,61.86923037490195,30
79.84582700000101,32.6848248,61.61287880784314,30
79.8777399999999,32.82101157,61.35652724078431,30
79.90979830000106,32.957198340000005,61.10017567372549,30
79.9417555,32.957198340000005,61.10017567372549,30
79.9738895999999,33.09338511,60.843824106666666,30
80.00582920000124,33.22957188,60.587472539607845,30
80.03777210000044,33.22957188,60.587472539607845,30
80.06974319999972,33.365758650000004,60.331120972549016,30
80.10176479999973,33.50194542,60.074769405490194,30
80.13376690000041,33.63813219000001,59.81841783843136,30
80.16577110000071,33.77431896,59.56206627137254,30
80.19778779999979,33.910505730000004,59.305714704313715,30
80.24576380000144,34.046692500000006,59.049363137254886,30
80.2777397000009,34.18287927,58.79301157019607,30
80.30972020000081,34.31906604000001,58.53666000313723,30
80.34180080000078,34.455252810000005,58.28030843607842,30
80.37371710000116,34.59143958,58.023956869019614,30
80.40576640000108,34.86381312,57.511253734901956,30
80.43776590000016,34.99999989,57.25490216784315,30
80.46972910000113,35.13618666000001,56.998550600784306,30
80.50177220000114,35.4085602,56.48584746666667,30
80.53380819999984,35.544746970000006,56.22949589960784,30
80.56577560000005,35.68093374,55.97314433254902,30
80.59774950000065,35.81712051000001,55.716792765490176,30
80.64575190000141,35.27237343,56.74219903372549,30
80.67774840000129,35.4085602,56.48584746666667,30
80.70978770000147,35.544746970000006,56.22949589960784,30
80.74176729999999,35.68093374,55.97314433254902,30
80.77379149999979,35.81712051000001,55.716792765490176,30
80.80575169999975,35.953307280000004,55.46044119843137,30
80.83798580000075,35.953307280000004,55.46044119843137,30
80.86977790000128,36.08949405,55.20408963137255,30
80.90175079999972,36.08949405,55.20408963137255,30
80.93377040000087,36.22568082000001,54.94773806431371,30
80.96573760000138,36.36186759,54.69138649725489,30
80.99787819999983,36.49805436,54.43503493019608,30
81.04577440000139,36.63424113000001,54.17868336313724,30
81.07773550000093,36.63424113000001,54.17868336313724,30
81.10976720000144,36.7704279,53.922331796078424,30
81.14173140000094,36.7704279,53.922331796078424,30
81.17373200000111,36.7704279,53.922331796078424,30
81.20577279999998,36.90661467000001,53.66598022901958,30
81.23779110000032,36.90661467000001,53.66598022901958,30
81.26965999999993,36.90661467000001,53.66598022901958,30
81.30171090000113,36.90661467000001,53.66598022901958,30
81.33382619999975,36.90661467000001,53.66598022901958,30
81.36578550000013,36.90661467000001,53.66598022901958,30
81.39775379999992,36.90661467000001,53.66598022901958,30
81.44577680000111,36.90661467000001,53.66598022901958,30
81.47779940000146,36.90661467000001,53.66598022901958,30
81.50970589999997,36.90661467000001,53.66598022901958,30
81.54166240000086,36.7704279,53.922331796078424,30
81.57376740000109,36.7704279,53.922331796078424,30
81.605713500001,36.63424113000001,54.17868336313724,30
81.63776020000114,36.49805436,54.43503493019608,30
81.66979160000119,36.49805436,54.43503493019608,30
81.70175999999992,36.36186759,54.69138649725489,30
81.73378120000052,36.22568082000001,54.94773806431371,30
81.76578690000133,36.08949405,55.20408963137255,30
81.79774630000065,36.08949405,55.20408963137255,30
81.8457268000002,35.953307280000004,55.46044119843137,30
81.87779860000046,35.81712051000001,55.716792765490176,30
81.9097141000002,35.68093374,55.97314433254902,30
81.94171989999995,35.544746970000006,56.22949589960784,30
81.97377700000106,35.4085602,56.48584746666667,30
82.0059524999997,35.27237343,56.74219903372549,30
82.0381350000007,34.99999989,57.25490216784315,30
82.06981730000007,34.86381312,57.511253734901956,30
82.10180159999982,34.72762635000001,57.76760530196077,30
82.1336652000009,34.59143958,58.023956869019614,30
82.1657637999997,34.31906604000001,58.53666000313723,30
82.19778390000101,34.18287927,58.79301157019607,30
82.24573930000042,33.910505730000004,59.305714704313715,30
82.27770750000127,33.77431896,59.56206627137254,30
82.3097230000003,33.50194542,60.074769405490194,30
82.3417141000009,33.22957188,60.587472539607845,30
82.3737516000001,33.09338511,60.843824106666666,30
82.40577889999986,32.82101157,61.35652724078431,30
82.43778490000113,32.6848248,61.61287880784314,30
82.46975040000143,32.412451260000005,62.12558194196078,30
82.50170550000075,32.27626449,62.3819335090196,30
82.53374110000004,32.00389095,62.89463664313726,30
82.56575479999992,31.867704180000004,63.15098821019607,30
82.5977152000014,31.595330640000004,63.66369134431372,30
82.64572260000023,31.459143870000002,63.92004291137254,30
82.6779557000009,31.18677033,64.43274604549019,30
82.70971530000133,31.050583560000003,64.68909761254902,30
82.7416673000007,30.91439679,64.94544917960785,30
82.7737044000005,30.642023250000005,65.45815231372548,30
82.80574340000021,30.505836480000003,65.7145038807843,30
82.83768729999974,30.233462940000003,66.22720701490195,30
82.8697798000012,30.097276170000004,66.48355858196078,30
82.90173400000094,29.961089400000002,66.7399101490196,30
82.93378610000036,29.824902630000004,66.99626171607844,30
82.96576760000062,29.688715860000002,67.25261328313725,30
82.99783410000055,29.552529090000004,67.50896485019608,30
83.04572820000067,29.416342320000002,67.7653164172549,30
83.07793310000125,29.416342320000002,67.7653164172549,30
83.10981990000073,29.280155550000003,68.02166798431372,30
83.14174749999984,29.14396878,68.27801955137254,30
83.17379609999989,29.14396878,68.27801955137254,30
83.20578620000015,29.007782010000003,68.53437111843137,30
83.23778459999994,29.007782010000003,68.53437111843137,30
83.26976810000087,29.007782010000003,68.53437111843137,30
83.30181280000033,28.87159524,68.7907226854902,30
83.33371690000058,28.87159524,68.7907226854902,30
83.36571350000122,28.87159524,68.7907226854902,30
83.39770000000135,28.87159524,68.7907226854902,30
83.44577320000099,28.87159524,68.7907226854902,30
83.47773299999972,28.87159524,68.7907226854902,30
83.50972759999968,29.14396878,68.27801955137254,30
83.54173170000104,29.14396878,68.27801955137254,30
83.57373980000011,29.280155550000003,68.02166798431372,30
83.60573570000088,29.280155550000003,68.02166798431372,30
83.63776719999987,29.280155550000003,68.02166798431372,30
83.66971680000097,29.280155550000003,68.02166798431372,30
83.70178360000136,29.416342320000002,67.7653164172549,30
83.7337478999998,29.416342320000002,67.7653164172549,30
83.76611980000052,29.14396878,68.27801955137254,30
83.7979508999997,29.14396878,68.27801955137254,30
83.84583300000122,29.280155550000003,68.02166798431372,30
83.87781390000055,29.280155550000003,68.02166798431372,30
83.90986490000068,29.416342320000002,67.7653164172549,30
83.94188270000086,29.416342320000002,67.7653164172549,30
83.97383030000128,29.552529090000004,67.50896485019608,30
84.00582460000078,29.552529090000004,67.50896485019608,30
84.03782060000049,29.688715860000002,67.25261328313725,30
84.06986750000033,29.688715860000002,67.25261328313725,30
84.10178799999994,29.824902630000004,66.99626171607844,30
84.13401479999993,29.961089400000002,66.7399101490196,30
84.16630070000065,29.961089400000002,66.7399101490196,30
84.1980153000004,30.642023250000005,65.45815231372548,30
84.24580950000018,30.642023250000005,65.45815231372548,30
84.27780940000048,30.369649710000004,65.97085544784314,30
84.30987319999986,30.505836480000003,65.7145038807843,30
84.34187740000016,30.778210020000003,65.20180074666666,30
84.37388140000076,30.778210020000003,65.20180074666666,30
84.40583850000075,31.050583560000003,64.68909761254902,30
84.4377999999997,31.18677033,64.43274604549019,30
84.46981779999987,31.322957100000004,64.17639447843136,30
84.50183389999984,31.459143870000002,63.92004291137254,30
84.53380480000123,31.595330640000004,63.66369134431372,30
84.5657228,31.731517410000002,63.40733977725489,30
84.59790900000007,31.867704180000004,63.15098821019607,30
84.64574940000057,32.00389095,62.89463664313726,30
84.67772040000091,32.14007772000001,62.63828507607842,30
84.70982920000097,32.27626449,62.3819335090196,30
84.74198220000108,32.412451260000005,62.12558194196078,30
84.77386040000056,32.412451260000005,62.12558194196078,30
84.80581390000043,32.548638030000006,61.86923037490195,30
84.83787660000053,32.6848248,61.61287880784314,30
84.86996730000101,32.82101157,61.35652724078431,30
84.90175509999972,32.957198340000005,61.10017567372549,30
84.93380510000134,33.09338511,60.843824106666666,30
84.96576509999977,33.63813219000001,59.81841783843136,30
84.9978497000011,33.77431896,59.56206627137254,30
85.04583770000136,33.910505730000004,59.305714704313715,30
85.07781880000039,34.046692500000006,59.049363137254886,30
85.1097877000011,34.18287927,58.79301157019607,30
85.14180430000124,34.18287927,58.79301157019607,30
85.17381060000116,34.31906604000001,58.53666000313723,30
85.20577370000137,34.31906604000001,58.53666000313723,30
85.23811320000095,33.910505730000004,59.305714704313715,30
85.26972209999985,33.910505730000004,59.305714704313715,30
85.30175080000117,33.910505730000004,59.305714704313715,30
85.33372510000117,33.910505730000004,59.305714704313715,30
85.36578310000004,34.046692500000006,59.049363137254886,30
85.39785600000141,34.046692500000006,59.049363137254886,30
85.44586640000125,34.046692500000006,59.049363137254886,30
85.47785339999973,34.046692500000006,59.049363137254886,30
85.50976380000066,33.910505730000004,59.305714704313715,30
85.54177909999999,34.046692500000006,59.049363137254886,30
85.5736923000004,34.046692500000006,59.049363137254886,30
85.6057550000005,34.046692500000006,59.049363137254886,30
85.63773760000004,34.046692500000006,59.049363137254886,30
85.66972440000063,34.046692500000006,59.049363137254886,30
85.70176979999997,34.046692500000006,59.049363137254886,30
85.73379230000137,34.046692500000006,59.049363137254886,30
85.76578410000002,34.59143958,58.023956869019614,30
85.79782520000117,34.59143958,58.023956869019614,30
85.84576300000117,34.59143958,58.023956869019614,30
85.87777790000109,34.59143958,58.023956869019614,30
85.9097569000005,34.59143958,58.023956869019614,30
85.94173270000101,34.59143958,58.023956869019614,30
85.97370700000101,34.59143958,58.023956869019614,30
86.00584700000036,34.455252810000005,58.28030843607842,30
86.0378381999999,34.455252810000005,58.28030843607842,30
86.06970910000018,34.455252810000005,58.28030843607842,30
86.10183320000033,34.31906604000001,58.53666000313723,30
86.13394380000136,34.31906604000001,58.53666000313723,30
86.1657823000005,34.31906604000001,58.53666000313723,30
86.19773850000092,34.18287927,58.79301157019607,30
86.24575809999988,34.18287927,58.79301157019607,30
86.27771949999988,34.18287927,58.79301157019607,30
86.30983240000023,34.18287927,58.79301157019607,30
86.34171200000128,34.046692500000006,59.049363137254886,30
86.37376420000146,34.046692500000006,59.049363137254886,30
86.4058514999997,33.910505730000004,59.305714704313715,30
86.43764750000082,33.910505730000004,59.305714704313715,30
86.46975850000126,33.77431896,59.56206627137254,30
86.50175750000017,33.63813219000001,59.81841783843136,30
86.53373269999975,33.63813219000001,59.81841783843136,30
86.56575210000119,33.50194542,60.074769405490194,30
86.59792809999999,33.50194542,60.074769405490194,30
86.64579530000083,33.50194542,60.074769405490194,30
86.67774280000049,33.365758650000004,60.331120972549016,30
86.70982449999974,33.22957188,60.587472539607845,30
86.74180150000029,33.77431896,59.56206627137254,30
86.7738019999997,33.77431896,59.56206627137254,30
86.80569480000122,33.77431896,59.56206627137254,30
86.83781989999989,33.63813219000001,59.81841783843136,30
86.86972229999992,33.63813219000001,59.81841783843136,30
86.90194130000054,33.63813219000001,59.81841783843136,30
86.93384450000121,33.63813219000001,59.81841783843136,30
86.96579920000113,33.50194542,60.074769405490194,30
86.99786459999996,33.50194542,60.074769405490194,30
87.04577100000097,33.365758650000004,60.331120972549016,30
87.07777890000034,33.365758650000004,60.331120972549016,30
87.11004870000033,33.365758650000004,60.331120972549016,30
87.14177259999997,33.365758650000004,60.331120972549016,30
87.17374080000081,33.22957188,60.587472539607845,30
87.20574889999989,33.22957188,60.587472539607845,30
87.237797400001,33.22957188,60.587472539607845,30
87.26975110000058,33.09338511,60.843824106666666,30
87.30171450000125,33.09338511,60.843824106666666,30
87.33375549999982,32.957198340000005,61.10017567372549,30
87.36572930000148,32.957198340000005,61.10017567372549,30
87.39763490000041,32.82101157,61.35652724078431,30
87.44580260000112,32.6848248,61.61287880784314,30
87.47805140000128,32.548638030000006,61.86923037490195,30
87.50978130000112,32.548638030000006,61.86923037490195,30
87.54174130000138,32.412451260000005,62.12558194196078,30
87.57379349999974,32.27626449,62.3819335090196,30
87.60577190000004,32.27626449,62.3819335090196,30
87.63779470000009,32.548638030000006,61.86923037490195,30
87.66978130000098,32.412451260000005,62.12558194196078,30
87.70177970000077,32.412451260000005,62.12558194196078,30
87.73385190000045,32.27626449,62.3819335090196,30
87.76579300000049,31.867704180000004,63.15098821019607,30
87.79780380000011,31.867704180000004,63.15098821019607,30
87.84574350000003,31.731517410000002,63.40733977725489,30
87.87771799999973,32.00389095,62.89463664313726,30
87.9097737000011,31.867704180000004,63.15098821019607,30
87.94184180000047,31.459143870000002,63.92004291137254,30
87.97387650000019,31.731517410000002,63.40733977725489,30
88.00579819999984,31.322957100000004,64.17639447843136,30
88.03774270000031,31.595330640000004,63.66369134431372,30
88.06963160000123,31.18677033,64.43274604549019,30
88.10181750000083,31.18677033,64.43274604549019,30
88.13375129999986,31.18677033,64.43274604549019,30
88.16578470000059,31.18677033,64.43274604549019,30
88.19782710000072,31.050583560000003,64.68909761254902,30
88.24578380000094,31.050583560000003,64.68909761254902,30
88.27779940000073,31.050583560000003,64.68909761254902,30
88.30978860000141,30.91439679,64.94544917960785,30
88.3417698000012,30.91439679,64.94544917960785,30
88.37375710000015,30.91439679,64.94544917960785,30
88.40571270000146,30.91439679,64.94544917960785,30
88.43788640000093,30.91439679,64.94544917960785,30
88.46975030000067,30.778210020000003,65.20180074666666,30
88.5017237000011,30.778210020000003,65.20180074666666,30
88.53375060000144,30.778210020000003,65.20180074666666,30
88.56601770000088,30.778210020000003,65.20180074666666,30
88.59813270000086,30.778210020000003,65.20180074666666,30
88.62988829999995,30.778210020000003,65.20180074666666,30
88.67787680000038,30.91439679,64.94544917960785,30
88.70985650000148,30.91439679,64.94544917960785,30
88.74184650000097,30.91439679,64.94544917960785,30
88.7738102000003,30.778210020000003,65.20180074666666,30
88.80575830000089,30.778210020000003,65.20180074666666,30
88.83776580000085,30.778210020000003,65.20180074666666,30
88.8698172000004,30.778210020000003,65.20180074666666,30
88.90177820000099,30.778210020000003,65.20180074666666,30
88.93373890000112,30.778210020000003,65.20180074666666,30
88.96573520000129,30.778210020000003,65.20180074666666,30
88.99783990000105,30.778210020000003,65.20180074666666,30
89.02971550000075,30.91439679,64.94544917960785,30
89.07775460000084,31.050583560000003,64.68909761254902,30
89.10979270000098,31.050583560000003,64.68909761254902,30
89.14180120000128,31.18677033,64.43274604549019,30
89.17375309999989,31.18677033,64.43274604549019,30
89.20584990000134,31.18677033,64.43274604549019,30
89.23783250000088,31.18677033,64.43274604549019,30
89.26982520000092,31.18677033,64.43274604549019,30
89.30179090000092,31.18677033,64.43274604549019,30
89.33366240000032,31.322957100000004,64.17639447843136,30
89.36574650000148,31.322957100000004,64.17639447843136,30
89.39773190000051,31.459143870000002,63.92004291137254,30
89.42969660000017,31.459143870000002,63.92004291137254,30
89.47786400000041,31.595330640000004,63.66369134431372,30
89.50981300000058,31.595330640000004,63.66369134431372,30
89.54182720000063,31.595330640000004,63.66369134431372,30
89.57368140000108,31.731517410000002,63.40733977725489,30
89.60571390000041,31.731517410000002,63.40733977725489,30
89.63783719999992,31.867704180000004,63.15098821019607,30
89.66975740000089,31.867704180000004,63.15098821019607,30
89.70169189999979,32.00389095,62.89463664313726,30
89.73367950000102,32.14007772000001,62.63828507607842,30
89.7658422000004,32.27626449,62.3819335090196,30
89.79774390000057,32.27626449,62.3819335090196,30
89.82972660000087,32.27626449,62.3819335090196,30
89.87773300000117,32.412451260000005,62.12558194196078,30
89.90972789999978,32.548638030000006,61.86923037490195,30
89.94168220000029,32.6848248,61.61287880784314,30
89.97379330000149,32.82101157,61.35652724078431,30
90.00579819999984,32.957198340000005,61.10017567372549,30
90.03779870000108,32.412451260000005,62.12558194196078,30
90.06984180000109,33.22957188,60.587472539607845,30
90.10186070000054,33.365758650000004,60.331120972549016,30
90.13375650000125,32.82101157,61.35652724078431,30
90.16580480000084,32.957198340000005,61.10017567372549,30
90.19775900000059,32.957198340000005,61.10017567372549,30
90.22980400000051,33.09338511,60.843824106666666,30
90.27774169999975,33.22957188,60.587472539607845,30
90.30976530000044,33.365758650000004,60.331120972549016,30
90.34173650000048,33.50194542,60.074769405490194,30
90.3737345999998,33.63813219000001,59.81841783843136,30
90.40581900000143,33.77431896,59.56206627137254,30
90.43780320000042,33.910505730000004,59.305714704313715,30
90.46973950000029,33.910505730000004,59.305714704313715,30
90.50171790000059,34.046692500000006,59.049363137254886,30
90.53374570000051,34.046692500000006,59.049363137254886,30
90.56570600000123,34.046692500000006,59.049363137254886,30
90.59773420000056,34.18287927,58.79301157019607,30
90.62974860000031,34.18287927,58.79301157019607,30
90.67774160000045,34.18287927,58.79301157019607,30
90.70986040000025,34.31906604000001,58.53666000313723,30
90.74183760000051,34.31906604000001,58.53666000313723,30
90.77373679999982,34.455252810000005,58.28030843607842,30
90.80584770000132,34.455252810000005,58.28030843607842,30
90.83781460000137,34.59143958,58.023956869019614,30
90.86971840000115,34.59143958,58.023956869019614,30
90.90171840000039,34.59143958,58.023956869019614,30
90.9337357000004,34.72762635000001,57.76760530196077,30
90.96575219999977,34.86381312,57.511253734901956,30
90.99783829999978,34.86381312,57.511253734901956,30
91.02969330000087,34.99999989,57.25490216784315,30
91.07785180000064,35.13618666000001,56.998550600784306,30
91.10972440000114,35.13618666000001,56.998550600784306,30
91.14171429999988,35.27237343,56.74219903372549,30
91.1737419000001,35.4085602,56.48584746666667,30
91.20571519999976,35.4085602,56.48584746666667,30
91.23789600000055,35.4085602,56.48584746666667,30
91.26974719999998,35.544746970000006,56.22949589960784,30
91.30181880000055,35.544746970000006,56.22949589960784,30
91.33379229999991,35.544746970000006,56.22949589960784,30
91.36583620000056,35.68093374,55.97314433254902,30
91.39774700000089,35.68093374,55.97314433254902,30
91.4296360999997,35.68093374,55.97314433254902,30
91.47781530000066,35.81712051000001,55.716792765490176,30
91.50972000000002,35.81712051000001,55.716792765490176,30
91.54169470000124,35.81712051000001,55.716792765490176,30
91.57372800000121,35.81712051000001,55.716792765490176,30
91.60580910000135,35.81712051000001,55.716792765490176,30
91.63772020000033,35.81712051000001,55.716792765490176,30
91.66970039999978,35.81712051000001,55.716792765490176,30
91.7017066999997,35.81712051000001,55.716792765490176,30
91.7337349999998,35.81712051000001,55.716792765490176,30
91.76583310000024,35.81712051000001,55.716792765490176,30
91.79775270000027,35.81712051000001,55.716792765490176,30
91.82975230000011,35.68093374,55.97314433254902,30
91.87788530000034,35.68093374,55.97314433254902,30
91.90975299999991,35.68093374,55.97314433254902,30
91.94163099999969,35.544746970000006,56.22949589960784,30
91.97380300000077,35.544746970000006,56.22949589960784,30
92.00579480000124,35.4085602,56.48584746666667,30
92.03780390000065,35.4085602,56.48584746666667,30
92.06962519999979,35.4085602,56.48584746666667,30
92.10174700000061,35.27237343,56.74219903372549,30
92.13372020000133,35.27237343,56.74219903372549,30
92.16567399999985,35.13618666000001,56.998550600784306,30
92.19771610000134,35.13618666000001,56.998550600784306,30
92.22974980000072,34.99999989,57.25490216784315,30
92.27780340000027,34.86381312,57.511253734901956,30
92.30982260000019,34.72762635000001,57.76760530196077,30
92.34171250000145,34.72762635000001,57.76760530196077,30
92.3738014999999,34.59143958,58.023956869019614,30
92.40582760000143,34.455252810000005,58.28030843607842,30
92.43776150000122,34.455252810000005,58.28030843607842,30
92.46975920000114,34.31906604000001,58.53666000313723,30
92.50175070000114,34.18287927,58.79301157019607,30
92.53378630000043,34.046692500000006,59.049363137254886,30
92.56561010000041,33.910505730000004,59.305714704313715,30
92.59776609999972,33.910505730000004,59.305714704313715,30
92.62971029999972,33.77431896,59.56206627137254,30
92.67772630000036,33.63813219000001,59.81841783843136,30
92.70972439999969,33.50194542,60.074769405490194,30
92.74169489999986,33.365758650000004,60.331120972549016,30
92.77373310000075,33.22957188,60.587472539607845,30
92.80578460000106,33.09338511,60.843824106666666,30
92.83780939999997,32.957198340000005,61.10017567372549,30
92.86972080000123,32.957198340000005,61.10017567372549,30
92.90170370000124,32.82101157,61.35652724078431,30
92.93380799999977,32.82101157,61.35652724078431,30
92.96576620000087,32.6848248,61.61287880784314,30
92.99782380000033,32.6848248,61.61287880784314,30
93.02983350000068,32.548638030000006,61.86923037490195,30
93.078003300001,32.548638030000006,61.86923037490195,30
93.10984220000137,32.412451260000005,62.12558194196078,30
93.14187270000002,32.27626449,62.3819335090196,30
93.17385020000074,32.27626449,62.3819335090196,30
93.20587210000122,32.14007772000001,62.63828507607842,30
93.2378058000013,32.14007772000001,62.63828507607842,30
93.2697119000004,32.00389095,62.89463664313726,30
93.30178680000063,32.00389095,62.89463664313726,30
93.33380130000114,31.867704180000004,63.15098821019607,30
93.36588819999997,31.731517410000002,63.40733977725489,30
93.39781290000064,31.595330640000004,63.66369134431372,30
93.42975040000056,32.00389095,62.89463664313726,30
93.47783680000066,31.459143870000002,63.92004291137254,30
93.50975240000116,31.867704180000004,63.15098821019607,30
93.54180400000041,31.731517410000002,63.40733977725489,30
93.5737420000005,31.731517410000002,63.40733977725489,30
93.60576440000114,31.595330640000004,63.66369134431372,30
93.63772450000033,31.595330640000004,63.66369134431372,30
93.66972870000063,31.595330640000004,63.66369134431372,30
93.70177010000043,31.459143870000002,63.92004291137254,30
93.73375959999976,31.459143870000002,63.92004291137254,30
93.76577270000053,31.459143870000002,63.92004291137254,30
93.79799400000047,31.322957100000004,64.17639447843136,30
93.8298476,31.322957100000004,64.17639447843136,30
93.8778680000014,31.322957100000004,64.17639447843136,30
93.9097896000003,31.322957100000004,64.17639447843136,30
93.94171120000101,31.18677033,64.43274604549019,30
93.97373880000123,31.18677033,64.43274604549019,30
94.00581650000095,31.18677033,64.43274604549019,30
94.0377879000007,31.18677033,64.43274604549019,30
94.06971700000031,31.18677033,64.43274604549019,30
94.10179919999973,31.050583560000003,64.68909761254902,30
94.13372990000062,31.050583560000003,64.68909761254902,30
