Tiempo,Altura,Senal_de_Control,Set_value
0.1037293999997928,-1.9066147800000002,100.0,50
0.1342411000005086,0.0,100.0,50
0.16621219999979076,0.0,100.0,50
0.21423830000094313,0.0,100.0,50
0.2463013000015053,0.0,100.0,50
0.2781708000002254,0.0,100.0,50
0.31019800000103714,0.0,100.0,50
0.3421976000008726,0.0,100.0,50
0.37420430000020133,0.0,100.0,50
0.40614240000104473,0.0,100.0,50
0.4383384000011574,0.0,100.0,50
0.4703291000005265,0.0,100.0,50
0.5021830000005139,0.0,100.0,50
0.5341459999999643,0.0,100.0,50
0.5661415000013221,0.0,100.0,50
0.6141836000006151,0.0,100.0,50
0.6461798000000272,0.0,100.0,50
0.6782020999999077,0.0,100.0,50
0.7102284000011423,-0.68093385,100.0,50
0.7422099000013986,-0.27237354,100.0,50
0.774098400001094,-0.5447470800000003,100.0,50
0.8062571999998909,-0.5447470800000003,100.0,50
0.8384750000004715,-0.5447470800000003,100.0,50
0.8701637000012852,-0.5447470800000003,100.0,50
0.9021424000002298,-0.27237354,100.0,50
0.9341662000006181,-0.1361867699999999,100.0,50
0.966143400000874,-0.1361867699999999,100.0,50
1.0142886000012368,0.0,100.0,50
1.0461506000010559,0.0,100.0,50
1.0782228000007308,0.0,100.0,50
1.1102363999998488,0.0,100.0,50
1.1424873000014486,0.0,100.0,50
1.174829999999929,0.0,100.0,50
1.2063057000013941,0.0,100.0,50
1.238315100001273,0.0,100.0,50
1.2702308000007179,0.0,100.0,50
1.302207400000043,0.0,100.0,50
1.3341489000013098,0.0,100.0,50
1.3661965999999666,0.0,100.0,50
1.4142212000006111,0.0,100.0,50
1.4463312000007136,0.0,100.0,50
1.478332100001353,0.0,100.0,50
1.510208200001216,0.0,100.0,50
1.542345400001068,0.0,100.0,50
1.5742715000014869,0.0,100.0,50
1.6062282000002597,0.0,100.0,50
1.6382868000000599,0.0,100.0,50
1.670321600000534,0.0,100.0,50
1.702149599999757,0.0,100.0,50
1.734211500001038,0.0,100.0,50
1.7662448000010045,0.0,100.0,50
1.8141856000002008,0.0,100.0,50
1.846250800001144,0.0,100.0,50
1.8782958000010694,0.0,100.0,50
1.9106594000004407,0.0,100.0,50
1.9423947000013868,0.0,100.0,50
1.9742147000015393,0.0,100.0,50
2.00617450000027,0.0,100.0,50
2.0382377000005363,0.0,100.0,50
2.0701901000011276,0.0,100.0,50
2.1021349000002374,0.0,100.0,50
2.1341547000010905,0.0,100.0,50
2.1661269000014727,0.0,100.0,50
2.2142216000011103,0.0,100.0,50
2.2461925000006886,0.0,100.0,50
2.2782318999998097,0.0,100.0,50
2.3103440000013507,0.0,100.0,50
2.3424537000009877,0.0,100.0,50
2.374213500001133,0.0,100.0,50
2.40616670000054,0.0,100.0,50
2.4381526000015583,0.0,100.0,50
2.4703465000002325,0.0,100.0,50
2.502316600000995,0.0,100.0,50
2.5341743000008137,0.0,100.0,50
2.566182900000058,0.0,100.0,50
2.6141815000009956,0.0,100.0,50
2.6463742000014463,0.0,100.0,50
2.678268300000127,0.0,100.0,50
2.7102123000004212,0.0,100.0,50
2.7422600999998394,0.0,100.0,50
2.774246500001027,0.0,100.0,50
2.8062840000002325,0.0,100.0,50
2.838235300001543,0.0,100.0,50
2.8701860000001034,0.0,100.0,50
2.9022190000014234,0.0,100.0,50
2.9342278000003716,0.0,100.0,50
2.966263300000719,0.0,100.0,50
3.0142652000013186,0.0,100.0,50
3.046288800000184,0.0,100.0,50
3.0782197000007727,0.0,100.0,50
3.110361200000625,0.0,100.0,50
3.1422949000007065,0.0,100.0,50
3.1742181000008713,0.0,100.0,50
3.2063398999998753,0.0,100.0,50
3.238245200000165,0.0,100.0,50
3.270204600001307,0.0,100.0,50
3.3024213000007876,0.0,100.0,50
3.3342310000007274,0.0,100.0,50
3.3662309999999707,0.0,100.0,50
3.414326100000835,0.0,100.0,50
3.446229300001505,0.1361867699999999,100.0,50
3.4782516000013857,0.1361867699999999,100.0,50
3.5102052000002004,0.1361867699999999,100.0,50
3.5422314000006736,0.1361867699999999,100.0,50
3.5741938999999547,0.1361867699999999,100.0,50
3.6061250000002474,0.1361867699999999,100.0,50
3.6381400000009307,0.27237354,100.0,50
3.670104300001185,0.27237354,100.0,50
3.702238200001375,0.40856031000000015,100.0,50
3.734182600001077,0.54474708,100.0,50
3.766267400000288,0.68093385,100.0,50
3.8142076000003726,0.9533073900000001,100.0,50
3.8461999999999534,0.54474708,100.0,50
3.8782176000004256,0.8171206200000001,100.0,50
3.910246700001153,1.08949416,100.0,50
3.942302000001291,1.3618677000000001,100.0,50
3.974129100000937,1.7704280100000003,100.0,50
4.006259700001465,2.17898832,100.0,50
4.038216300001295,3.4046692500000004,100.0,50
4.07023190000109,3.8132295600000004,100.0,50
4.102198500000668,4.22178987,100.0,50
4.1343722000001435,4.35797664,100.0,50
4.1661856999999145,4.90272372,100.0,50
4.214273700001286,5.4474708000000005,100.0,50
4.246135100000174,5.99221788,100.0,50
4.278176300000268,6.536964960000001,100.0,50
4.310195100000783,7.08171204,100.0,50
4.3422282000010455,7.762645890000001,100.0,50
4.37438420000035,8.30739297,100.0,50
4.4062283000002935,8.988326820000001,100.0,50
4.43816230000084,9.669260670000002,100.0,50
4.4703139000012015,10.48638129,100.0,50
4.502471300000252,11.303501910000001,100.0,50
4.534289000001081,11.98443576,100.0,50
4.566166399999929,12.801556380000001,100.0,50
4.614155299999766,13.618677000000002,100.0,50
4.64610520000133,14.43579762,100.0,50
4.678208600000289,15.389105010000002,100.0,50
4.710170199999993,16.3424124,100.0,50
4.7421506000009686,17.15953302,100.0,50
4.774286900001243,18.112840410000004,100.0,50
4.806092400000125,19.066147800000003,100.0,50
4.838091400000849,20.019455190000002,100.0,50
4.870392700000593,20.972762580000005,100.0,50
4.902201800001421,21.926069970000004,100.0,50
4.934239400001388,22.879377360000003,100.0,50
4.966201000001092,23.968871520000004,100.0,50
5.0142728999999235,24.922178910000003,100.0,50
5.04621490000136,25.739299530000004,100.0,50
5.078163500000301,26.692606920000003,100.0,50
5.110140100001445,27.782101080000004,100.0,50
5.142128900000898,28.871595240000005,100.0,50
5.174202900001546,30.097276170000004,100.0,50
5.206173300000955,31.186770330000005,100.0,50
5.238189200001216,32.412451260000005,99.7726407654902,50
5.270202000001518,33.501945420000006,97.72182822901961,50
5.302131300000838,34.455252810000005,95.92736725960783,50
5.334155700000338,35.54474697,93.87655472313726,50
5.366231600000901,36.63424113,91.82574218666666,50
5.414146000000983,37.85992206,89.51857808313726,50
5.446238500000618,38.94941622,87.46776554666666,50
5.478195900001083,40.17509715,85.16060144313727,50
5.510202400000708,41.40077808,82.85343733960784,50
5.54216710000037,42.626459010000005,80.54627323607842,50
5.574124700000539,43.71595317,78.49546069960785,50
5.606541799999832,44.9416341,76.18829659607843,50
5.6382627000002685,46.03112826,74.13748405960784,50
5.670212099999844,47.256809190000006,71.83031995607841,50
5.702182000000903,48.34630335,69.77950741960784,50
5.734181300000273,49.57198428,67.47234331607842,50
5.7662706000010076,50.52529167,65.67788234666668,50
5.814205000000584,51.750972600000004,63.37071824313725,50
5.846176700000797,52.840466760000005,61.31990570666667,50
5.878073700001551,53.929960920000006,59.269093170196065,50
5.910172699999748,55.01945508,57.21828063372549,50
5.942101200000252,55.972762470000006,55.42381966431371,50
5.974479600001359,57.06225663,53.37300712784313,50
6.006335100000797,58.01556402000001,51.57854615843136,50
6.038254300001427,58.968871410000006,49.7840851890196,50
6.070223000000624,59.922178800000005,47.98962421960783,50
6.102161300001171,57.74319048,52.09124929254902,50
6.134166800000457,58.56031110000001,50.553139890196064,50
6.166193000000931,59.377431720000004,49.01503048784313,50
6.214142599999832,60.05836557000001,47.733272652549005,50
6.2461160000002565,60.875486190000004,46.195163250196075,50
6.278152200000477,61.556420040000006,44.913405414901945,50
6.310041300001103,62.10116712000001,43.88799914666665,50
6.342223999999987,62.23735389,43.631647579607844,50
6.374195500000496,62.23735389,43.631647579607844,50
6.406167600000117,62.23735389,43.631647579607844,50
6.438252600000851,62.23735389,43.631647579607844,50
6.470237300000008,62.23735389,43.631647579607844,50
6.502188600001318,62.23735389,43.631647579607844,50
6.534182600000349,62.23735389,43.631647579607844,50
6.566214899999977,62.23735389,43.631647579607844,50
6.6142163000004075,62.23735389,43.631647579607844,50
6.646164300000237,62.23735389,43.631647579607844,50
6.678114400001505,62.23735389,43.631647579607844,50
6.710306000000855,62.23735389,43.631647579607844,50
6.7422185000014,62.23735389,43.631647579607844,50
6.7741838000001735,62.23735389,43.631647579607844,50
6.806157900000471,62.23735389,43.631647579607844,50
6.838200400001369,62.23735389,43.631647579607844,50
6.870241500000702,62.23735389,43.631647579607844,50
6.9021472000004,62.23735389,43.631647579607844,50
6.93412730000091,62.23735389,43.631647579607844,50
6.966180800000075,62.23735389,43.631647579607844,50
7.0142076000011,62.23735389,43.631647579607844,50
7.0462206000011065,62.23735389,43.631647579607844,50
7.078292400001374,62.23735389,43.631647579607844,50
7.1103634999999485,62.23735389,43.631647579607844,50
7.1422127000005275,62.23735389,43.631647579607844,50
7.174149399999806,62.23735389,43.631647579607844,50
7.206174099999771,62.23735389,43.631647579607844,50
7.238168400001086,62.23735389,43.631647579607844,50
7.270314800000051,62.23735389,43.631647579607844,50
7.302194100000634,62.23735389,43.631647579607844,50
7.334175900001355,62.10116712000001,43.88799914666665,50
7.366226199999801,61.964980350000005,44.14435071372548,50
7.4141467999997985,62.23735389,43.631647579607844,50
7.446338600000672,62.23735389,43.631647579607844,50
7.478371200000765,61.82879358,44.4007022807843,50
7.510230100000626,61.420233270000004,45.16975698196078,50
7.54217460000109,61.011672960000006,45.938811683137246,50
7.574226600001566,60.60311265000001,46.70786638431372,50
7.606161900001098,60.19455234,47.4769210854902,50
7.638190100000429,59.64980526,48.50232735372549,50
7.670245100000102,59.24124495,49.27138205490195,50
7.702129100000093,58.69649787,50.29678832313726,50
7.734118000000308,58.28793756,51.065843024313715,50
7.766152400001374,57.879377250000005,51.834897725490194,50
7.814201000001049,57.334630170000004,52.86030399372548,50
7.8462322000013955,56.926069860000005,53.62935869490195,50
7.8781981000011,56.381322780000005,54.65476496313725,50
7.910176500001398,55.972762470000006,55.42381966431371,50
7.942163700001402,55.428015390000006,56.449225932549005,50
7.9741559000012785,54.883268310000005,57.474632200784306,50
8.006200900001204,54.338521230000005,58.5000384690196,50
8.038087099999757,53.793774150000004,59.525444737254894,50
8.070151200001419,53.1128403,60.807202572549016,50
8.10218470000109,52.70427999,61.57625727372549,50
8.13418030000139,52.15953291,62.601663541960775,50
8.166293300000689,51.61478583,63.62706981019607,50
8.2141986000006,51.206225520000004,64.39612451137255,50
8.246097100000043,50.797665210000005,65.165179212549,50
8.278151399999842,50.3891049,65.93423391372549,50
8.31011209999997,49.98054459,66.70328861490196,50
8.342141700000866,49.57198428,67.47234331607842,50
8.374178300000494,49.299610740000006,67.98504645019607,50
8.406133399999817,49.0272372,68.49774958431371,50
8.43815960000029,48.61867689,69.2668042854902,50
8.47012530000029,48.34630335,69.77950741960784,50
8.502290899999934,47.93774304,70.54856212078433,50
8.534383199999866,51.47859906,63.8834213772549,50
8.566376200000377,51.206225520000004,64.39612451137255,50
8.614188000001377,51.07003875,64.65247607843136,50
8.646179700001085,50.797665210000005,65.165179212549,50
8.67814780000117,50.52529167,65.67788234666668,50
8.71017490000122,50.3891049,65.93423391372549,50
8.74229060000107,50.11673136,66.44693704784314,50
8.77416009999979,49.98054459,66.70328861490196,50
8.806233400000565,49.708171050000004,67.2159917490196,50
8.838217399999849,49.57198428,67.47234331607842,50
8.87017670000023,49.299610740000006,67.98504645019607,50
8.902430000000095,49.163423970000004,68.2413980172549,50
8.934719700000642,48.89105043,68.75410115137255,50
8.966186200001175,48.754863660000005,69.01045271843135,50
9.01443460000155,48.61867689,69.2668042854902,50
9.046187200001441,48.48249012,69.52315585254901,50
9.078211200001533,48.34630335,69.77950741960784,50
9.110173099999884,48.210116580000005,70.03585898666665,50
9.142285800000536,48.07392981,70.29221055372548,50
9.17428210000071,47.93774304,70.54856212078433,50
9.206157900000107,47.80155627,70.80491368784314,50
9.238186800001131,47.80155627,70.80491368784314,50
9.270247100001143,47.665369500000004,71.06126525490197,50
9.302367400001458,47.665369500000004,71.06126525490197,50
9.334209300001021,47.665369500000004,71.06126525490197,50
9.366075699999783,47.52918273,71.31761682196078,50
9.414224500000273,47.52918273,71.31761682196078,50
9.446164700000736,47.39299596,71.57396838901961,50
9.4781765000007,47.256809190000006,71.83031995607841,50
9.510206700000708,47.120622420000004,72.08667152313724,50
9.542148200000156,47.120622420000004,72.08667152313724,50
9.574214400001438,46.98443565,72.34302309019607,50
9.606069700001171,46.98443565,72.34302309019607,50
9.638221500001237,46.84824888,72.5993746572549,50
9.670161800000642,46.84824888,72.5993746572549,50
9.702162200001112,46.84824888,72.5993746572549,50
9.734222200000659,46.98443565,72.34302309019607,50
9.76629910000156,46.98443565,72.34302309019607,50
9.814209300000584,46.98443565,72.34302309019607,50
9.84619830000156,46.98443565,72.34302309019607,50
9.87812760000088,46.98443565,72.34302309019607,50
9.910118600000715,47.120622420000004,72.08667152313724,50
9.942136600000595,47.120622420000004,72.08667152313724,50
9.974176499999885,47.120622420000004,72.08667152313724,50
10.007035900000119,47.120622420000004,72.08667152313724,50
10.038371000000552,47.120622420000004,72.08667152313724,50
10.070184000000154,47.256809190000006,71.83031995607841,50
10.102206200001092,47.39299596,71.57396838901961,50
10.134208299999955,47.39299596,71.57396838901961,50
10.166280600000391,47.52918273,71.31761682196078,50
10.214211600001363,47.665369500000004,71.06126525490197,50
10.24620320000031,47.80155627,70.80491368784314,50
10.278169799999887,47.80155627,70.80491368784314,50
10.310217199999897,47.93774304,70.54856212078433,50
10.342186400001083,47.93774304,70.54856212078433,50
10.374231400001008,48.07392981,70.29221055372548,50
10.40635889999976,48.210116580000005,70.03585898666665,50
10.438220699999874,48.210116580000005,70.03585898666665,50
10.470221600000514,48.34630335,69.77950741960784,50
10.502207600000474,48.48249012,69.52315585254901,50
10.534169399999882,48.754863660000005,69.01045271843135,50
10.566242000000784,48.89105043,68.75410115137255,50
10.614219700000831,49.0272372,68.49774958431371,50
10.646167500000956,49.163423970000004,68.2413980172549,50
10.678166499999861,49.299610740000006,67.98504645019607,50
10.710154300000795,49.43579751,67.72869488313725,50
10.742228500001147,49.708171050000004,67.2159917490196,50
10.774266700000226,49.84435782,66.9596401819608,50
10.80619260000094,49.98054459,66.70328861490196,50
10.838254100000995,50.11673136,66.44693704784314,50
10.870101600001362,50.11673136,66.44693704784314,50
10.902154500001416,50.252918130000005,66.1905854807843,50
10.934151999999813,50.52529167,65.67788234666668,50
10.966134199999942,50.66147844,65.42153077960783,50
11.014158200001475,50.797665210000005,65.165179212549,50
11.046166699999958,50.93385198,64.90882764549019,50
11.078207500000644,51.206225520000004,64.39612451137255,50
11.110088600000381,51.342412290000006,64.1397729443137,50
11.14227530000062,51.47859906,63.8834213772549,50
11.174132800000734,51.750972600000004,63.37071824313725,50
11.206126400000358,51.887159370000006,63.11436667607842,50
11.238151700001254,52.02334614,62.858015109019604,50
11.270176699999865,52.15953291,62.601663541960775,50
11.302157900001475,52.43190645,62.08896040784314,50
11.334151900000506,52.56809322,61.83260884078432,50
11.366229700000986,52.70427999,61.57625727372549,50
11.414097000000766,52.97665353,61.063554139607845,50
11.446140600000945,53.1128403,60.807202572549016,50
11.478389800000514,53.249027070000004,60.550851005490195,50
11.510333300000639,53.385213840000006,60.29449943843136,50
11.542277800001102,53.52140061,60.03814787137255,50
11.574212000001353,53.65758738,59.781796304313715,50
11.60619620000034,53.65758738,59.781796304313715,50
11.638206600000558,53.793774150000004,59.525444737254894,50
11.670202000001154,53.929960920000006,59.269093170196065,50
11.702218399999765,53.929960920000006,59.269093170196065,50
11.734281800001554,54.06614769,59.01274160313725,50
11.766218300001128,54.06614769,59.01274160313725,50
11.814281400000255,54.20233446,58.75639003607842,50
11.846170200000415,54.20233446,58.75639003607842,50
11.878433900001255,54.20233446,58.75639003607842,50
11.910254100001112,54.20233446,58.75639003607842,50
11.942185200001404,54.20233446,58.75639003607842,50
11.974192000001494,54.20233446,58.75639003607842,50
12.006186600001456,54.20233446,58.75639003607842,50
12.038130800001454,54.06614769,59.01274160313725,50
12.070180700000492,54.06614769,59.01274160313725,50
12.102190900001006,54.06614769,59.01274160313725,50
12.134209400001055,54.06614769,59.01274160313725,50
12.166093700001511,54.20233446,58.75639003607842,50
12.214015200001086,54.20233446,58.75639003607842,50
12.246295700000701,54.20233446,58.75639003607842,50
12.278156400001535,54.20233446,58.75639003607842,50
12.310183999999936,54.20233446,58.75639003607842,50
12.342176000000109,54.20233446,58.75639003607842,50
12.374196100001427,54.20233446,58.75639003607842,50
12.406123500000831,54.20233446,58.75639003607842,50
12.438135200000033,54.06614769,59.01274160313725,50
12.47015520000059,54.06614769,59.01274160313725,50
12.502222400000392,54.06614769,59.01274160313725,50
12.534171100000094,54.06614769,59.01274160313725,50
12.566149700000096,54.06614769,59.01274160313725,50
12.614287700000204,54.06614769,59.01274160313725,50
12.64625690000139,54.06614769,59.01274160313725,50
12.678017700000055,54.06614769,59.01274160313725,50
12.710187200000291,53.929960920000006,59.269093170196065,50
12.7421843000011,53.929960920000006,59.269093170196065,50
12.774127700000463,53.929960920000006,59.269093170196065,50
12.806138300000384,53.929960920000006,59.269093170196065,50
12.838221300000441,53.929960920000006,59.269093170196065,50
12.87013079999997,53.929960920000006,59.269093170196065,50
12.902148099999977,53.929960920000006,59.269093170196065,50
12.934123500001078,53.929960920000006,59.269093170196065,50
12.966447200000403,53.929960920000006,59.269093170196065,50
13.014331700000184,53.793774150000004,59.525444737254894,50
13.046165700001438,53.793774150000004,59.525444737254894,50
13.078340400001252,53.793774150000004,59.525444737254894,50
13.110055000001012,53.65758738,59.781796304313715,50
13.142131600001449,53.65758738,59.781796304313715,50
13.174184700001206,53.65758738,59.781796304313715,50
13.206204300000536,53.52140061,60.03814787137255,50
13.23826580000059,53.52140061,60.03814787137255,50
13.27021490000152,53.385213840000006,60.29449943843136,50
13.302194400001099,53.249027070000004,60.550851005490195,50
13.334424600001512,53.1128403,60.807202572549016,50
13.366289499999766,52.97665353,61.063554139607845,50
13.414154000000053,52.97665353,61.063554139607845,50
13.446181299999807,52.840466760000005,61.31990570666667,50
13.478207100000873,52.840466760000005,61.31990570666667,50
13.5102693000008,52.70427999,61.57625727372549,50
13.542187700000795,52.56809322,61.83260884078432,50
13.574171400001433,52.56809322,61.83260884078432,50
13.606208600000173,52.43190645,62.08896040784314,50
13.638206900001023,52.295719680000005,62.34531197490195,50
13.67019320000145,52.15953291,62.601663541960775,50
13.702482800001235,52.02334614,62.858015109019604,50
13.734224100000574,52.02334614,62.858015109019604,50
13.766189900001336,51.887159370000006,63.11436667607842,50
13.814070000000356,51.750972600000004,63.37071824313725,50
13.846161000001302,51.750972600000004,63.37071824313725,50
13.878322200000184,51.61478583,63.62706981019607,50
13.910378700000365,51.47859906,63.8834213772549,50
13.942844799999875,51.342412290000006,64.1397729443137,50
13.97415010000077,51.206225520000004,64.39612451137255,50
14.006154300001072,51.07003875,64.65247607843136,50
14.038169800000105,51.07003875,64.65247607843136,50
14.070236600000499,50.93385198,64.90882764549019,50
14.102235100001053,50.93385198,64.90882764549019,50
14.13419419999991,50.93385198,64.90882764549019,50
14.16611230000126,50.797665210000005,65.165179212549,50
14.214115599999786,50.797665210000005,65.165179212549,50
14.24613060000047,50.66147844,65.42153077960783,50
14.278160600000774,50.66147844,65.42153077960783,50
14.310147300000608,50.52529167,65.67788234666668,50
14.342161300000953,50.52529167,65.67788234666668,50
14.374101000001247,50.52529167,65.67788234666668,50
14.406082700001207,50.3891049,65.93423391372549,50
14.438289499999883,50.3891049,65.93423391372549,50
14.470191600001272,50.3891049,65.93423391372549,50
14.502176200001486,50.252918130000005,66.1905854807843,50
14.534219400000438,50.11673136,66.44693704784314,50
14.566221600000063,50.11673136,66.44693704784314,50
14.614182400000573,49.98054459,66.70328861490196,50
14.646079500000269,49.98054459,66.70328861490196,50
14.678152500000579,49.98054459,66.70328861490196,50
14.710126300000411,49.98054459,66.70328861490196,50
14.7421544000008,49.84435782,66.9596401819608,50
14.774232300000222,49.84435782,66.9596401819608,50
14.80639020000126,49.84435782,66.9596401819608,50
14.8383002999999,49.84435782,66.9596401819608,50
14.870190800000273,49.84435782,66.9596401819608,50
14.902218100000027,49.84435782,66.9596401819608,50
14.934193900000537,49.84435782,66.9596401819608,50
14.96624840000004,49.84435782,66.9596401819608,50
15.014175199999954,49.84435782,66.9596401819608,50
15.046211100001528,49.84435782,66.9596401819608,50
15.078120900001522,49.84435782,66.9596401819608,50
15.11017130000073,49.84435782,66.9596401819608,50
15.142047299999831,49.84435782,66.9596401819608,50
15.174299000000246,49.84435782,66.9596401819608,50
15.206605900000795,49.84435782,66.9596401819608,50
15.23810709999998,49.84435782,66.9596401819608,50
15.270093500001167,49.84435782,66.9596401819608,50
15.30218910000076,49.98054459,66.70328861490196,50
15.334159100000761,49.98054459,66.70328861490196,50
15.366218400000434,49.98054459,66.70328861490196,50
15.414108900000429,49.84435782,66.9596401819608,50
15.446149200000946,46.3035018,73.6247809254902,50
15.47819359999994,46.43968857,73.36842935843137,50
15.510185300001467,46.57587534,73.11207779137254,50
15.542186000000584,46.712062110000005,72.85572622431371,50
15.574186700001519,46.712062110000005,72.85572622431371,50
15.606151100000716,46.84824888,72.5993746572549,50
15.638185100000555,46.98443565,72.34302309019607,50
15.670252699999764,46.98443565,72.34302309019607,50
15.70210600000064,46.98443565,72.34302309019607,50
15.734115200000815,47.120622420000004,72.08667152313724,50
15.766150400000697,47.120622420000004,72.08667152313724,50
15.814124500000617,47.256809190000006,71.83031995607841,50
15.846099300000787,47.256809190000006,71.83031995607841,50
15.878146900000502,47.39299596,71.57396838901961,50
15.910135699999955,47.52918273,71.31761682196078,50
15.942373700001554,47.665369500000004,71.06126525490197,50
15.974045599999954,47.80155627,70.80491368784314,50
16.006163699999888,47.93774304,70.54856212078433,50
16.038153200001034,48.07392981,70.29221055372548,50
16.070225600000413,48.210116580000005,70.03585898666665,50
16.102250500000082,48.34630335,69.77950741960784,50
16.134074100000362,48.48249012,69.52315585254901,50
16.166182700000718,48.61867689,69.2668042854902,50
16.214178000000175,48.754863660000005,69.01045271843135,50
16.246191700000054,48.754863660000005,69.01045271843135,50
16.278240900001038,48.89105043,68.75410115137255,50
16.31041710000136,49.0272372,68.49774958431371,50
16.34218990000045,49.163423970000004,68.2413980172549,50
16.37420630000088,49.299610740000006,67.98504645019607,50
16.406118200000492,49.43579751,67.72869488313725,50
16.43816120000156,49.57198428,67.47234331607842,50
16.470177500001228,49.708171050000004,67.2159917490196,50
16.502213100000517,49.84435782,66.9596401819608,50
16.5342324000012,49.98054459,66.70328861490196,50
16.56612850000056,50.11673136,66.44693704784314,50
16.614196300000913,50.252918130000005,66.1905854807843,50
16.64627550000114,50.3891049,65.93423391372549,50
16.67844520000108,50.52529167,65.67788234666668,50
16.710191500000292,50.66147844,65.42153077960783,50
16.742171900001267,50.66147844,65.42153077960783,50
16.77411370000118,50.797665210000005,65.165179212549,50
16.80639810000139,50.93385198,64.90882764549019,50
16.838185600001452,51.07003875,64.65247607843136,50
16.87015430000065,51.206225520000004,64.39612451137255,50
16.9021440000015,51.206225520000004,64.39612451137255,50
16.93411390000074,51.342412290000006,64.1397729443137,50
16.9662227000008,51.47859906,63.8834213772549,50
17.014192200000252,51.61478583,63.62706981019607,50
17.046279700000014,51.750972600000004,63.37071824313725,50
17.07807580000008,51.750972600000004,63.37071824313725,50
17.110138900001402,51.887159370000006,63.11436667607842,50
17.14212630000111,51.887159370000006,63.11436667607842,50
17.174130800000057,52.02334614,62.858015109019604,50
17.20617310000125,52.02334614,62.858015109019604,50
17.238230800001475,52.15953291,62.601663541960775,50
17.270153900000878,52.15953291,62.601663541960775,50
17.302155100000164,52.15953291,62.601663541960775,50
17.3340917000005,52.15953291,62.601663541960775,50
17.36613800000123,52.15953291,62.601663541960775,50
17.414279100001295,52.15953291,62.601663541960775,50
17.446133000001282,52.15953291,62.601663541960775,50
17.478248900000835,52.02334614,62.858015109019604,50
17.510128400001122,52.02334614,62.858015109019604,50
17.54217360000075,52.02334614,62.858015109019604,50
17.574184200000673,51.887159370000006,63.11436667607842,50
17.60615240000152,51.887159370000006,63.11436667607842,50
17.638172099999792,51.750972600000004,63.37071824313725,50
17.670206700000563,51.750972600000004,63.37071824313725,50
17.702137199999925,51.61478583,63.62706981019607,50
17.734062500001528,51.47859906,63.8834213772549,50
17.766292300000714,51.47859906,63.8834213772549,50
17.81421170000067,51.342412290000006,64.1397729443137,50
17.846165300001303,51.206225520000004,64.39612451137255,50
17.87818210000114,51.07003875,64.65247607843136,50
17.910261300001366,50.93385198,64.90882764549019,50
17.94216580000102,50.797665210000005,65.165179212549,50
17.974239400000442,50.797665210000005,65.165179212549,50
18.006181100001413,50.66147844,65.42153077960783,50
18.038195900000574,50.66147844,65.42153077960783,50
18.070277400000123,50.66147844,65.42153077960783,50
18.10214100000121,50.52529167,65.67788234666668,50
18.134311800000432,50.52529167,65.67788234666668,50
18.166346600000907,50.52529167,65.67788234666668,50
18.21416130000034,50.3891049,65.93423391372549,50
18.246134500001062,50.252918130000005,66.1905854807843,50
18.278110400000514,50.252918130000005,66.1905854807843,50
18.310256100001425,50.252918130000005,66.1905854807843,50
18.34226149999995,50.11673136,66.44693704784314,50
18.37413960000049,50.11673136,66.44693704784314,50
18.406183099999907,50.11673136,66.44693704784314,50
18.438109600001553,50.11673136,66.44693704784314,50
18.47011240000029,50.11673136,66.44693704784314,50
18.502430900000036,50.252918130000005,66.1905854807843,50
18.534172100000433,50.252918130000005,66.1905854807843,50
18.566148500000054,50.252918130000005,66.1905854807843,50
18.614065100000516,50.11673136,66.44693704784314,50
18.64615760000015,50.11673136,66.44693704784314,50
18.678106000001208,50.11673136,66.44693704784314,50
18.71009850000155,54.06614769,59.01274160313725,50
18.74211650000143,54.06614769,59.01274160313725,50
18.774284799999805,54.06614769,59.01274160313725,50
18.80612199999996,54.06614769,59.01274160313725,50
18.838179800000944,54.06614769,59.01274160313725,50
18.870276400000876,54.06614769,59.01274160313725,50
18.902298800001518,54.06614769,59.01274160313725,50
18.934254200001305,54.06614769,59.01274160313725,50
18.966131700000915,54.06614769,59.01274160313725,50
19.014241900000343,54.06614769,59.01274160313725,50
19.04609890000029,54.20233446,58.75639003607842,50
19.078181400000176,54.20233446,58.75639003607842,50
19.11018030000014,54.06614769,59.01274160313725,50
19.142183800000566,54.06614769,59.01274160313725,50
19.174228500000027,54.06614769,59.01274160313725,50
19.206068200001027,54.06614769,59.01274160313725,50
19.238384600001154,53.929960920000006,59.269093170196065,50
19.270344800001112,53.793774150000004,59.525444737254894,50
19.30212930000016,53.793774150000004,59.525444737254894,50
19.334165300000677,53.793774150000004,59.525444737254894,50
19.36612260000038,53.65758738,59.781796304313715,50
19.39821810000103,53.65758738,59.781796304313715,50
19.446186099999977,53.65758738,59.781796304313715,50
19.478187300001082,53.52140061,60.03814787137255,50
19.5100695000001,53.52140061,60.03814787137255,50
19.542177700001048,53.52140061,60.03814787137255,50
19.574158800000077,53.385213840000006,60.29449943843136,50
19.606462800000372,53.249027070000004,60.550851005490195,50
19.63836900000024,53.249027070000004,60.550851005490195,50
19.67017180000039,53.1128403,60.807202572549016,50
19.702109900001233,52.97665353,61.063554139607845,50
19.734181900001204,52.840466760000005,61.31990570666667,50
19.766254800000752,52.70427999,61.57625727372549,50
19.798105200001373,52.56809322,61.83260884078432,50
19.846207000000504,52.43190645,62.08896040784314,50
19.87809710000147,52.295719680000005,62.34531197490195,50
19.910214200001064,52.295719680000005,62.34531197490195,50
19.942147400000977,52.15953291,62.601663541960775,50
19.974242400001458,52.15953291,62.601663541960775,50
20.006263299999773,52.02334614,62.858015109019604,50
20.038052200001403,52.02334614,62.858015109019604,50
20.07010640000044,51.887159370000006,63.11436667607842,50
20.102131999999983,51.887159370000006,63.11436667607842,50
20.13415900000109,51.750972600000004,63.37071824313725,50
20.166192200000296,51.61478583,63.62706981019607,50
20.19818959999975,51.342412290000006,64.1397729443137,50
20.246214599999803,51.206225520000004,64.39612451137255,50
20.278366399999868,51.07003875,64.65247607843136,50
20.310142700000142,50.93385198,64.90882764549019,50
20.342214199999944,50.797665210000005,65.165179212549,50
20.3742011000013,50.66147844,65.42153077960783,50
20.406283500000427,50.66147844,65.42153077960783,50
20.438178700000208,50.52529167,65.67788234666668,50
20.470127700000376,50.3891049,65.93423391372549,50
20.502172800001063,50.3891049,65.93423391372549,50
20.53419380000014,50.3891049,65.93423391372549,50
20.56612860000132,50.252918130000005,66.1905854807843,50
20.598183699999936,50.252918130000005,66.1905854807843,50
20.64612710000074,50.11673136,66.44693704784314,50
20.678142100001423,50.11673136,66.44693704784314,50
20.710396899999978,50.11673136,66.44693704784314,50
20.74228110000149,49.98054459,66.70328861490196,50
20.77417080000123,49.98054459,66.70328861490196,50
20.80611080000017,49.84435782,66.9596401819608,50
20.83832380000058,49.84435782,66.9596401819608,50
20.870130600000266,49.708171050000004,67.2159917490196,50
20.902088100001492,49.708171050000004,67.2159917490196,50
20.934098900001118,49.708171050000004,67.2159917490196,50
20.966162600001553,49.57198428,67.47234331607842,50
20.99825580000106,49.57198428,67.47234331607842,50
21.046138200001224,49.57198428,67.47234331607842,50
21.07839580000109,49.57198428,67.47234331607842,50
21.110394400000587,49.57198428,67.47234331607842,50
21.142154000001028,49.57198428,67.47234331607842,50
21.174158600000737,49.57198428,67.47234331607842,50
21.206113899999764,49.57198428,67.47234331607842,50
21.23819630000071,49.57198428,67.47234331607842,50
21.27010800000062,49.708171050000004,67.2159917490196,50
21.30206680000083,49.708171050000004,67.2159917490196,50
21.334198300000935,49.708171050000004,67.2159917490196,50
21.3661075,49.84435782,66.9596401819608,50
21.398202700000184,49.84435782,66.9596401819608,50
21.446265600001425,49.84435782,66.9596401819608,50
21.478490400000737,49.84435782,66.9596401819608,50
21.51022390000071,49.84435782,66.9596401819608,50
21.542121300000872,49.84435782,66.9596401819608,50
21.574161900000036,49.98054459,66.70328861490196,50
21.60612039999978,49.98054459,66.70328861490196,50
21.638103400000546,49.98054459,66.70328861490196,50
21.670179500000813,49.98054459,66.70328861490196,50
21.70209270000123,50.11673136,66.44693704784314,50
21.73403640000106,50.11673136,66.44693704784314,50
21.766142800001035,50.11673136,66.44693704784314,50
21.79815100000087,50.11673136,66.44693704784314,50
21.846183100000417,50.11673136,66.44693704784314,50
21.878156300001137,50.11673136,66.44693704784314,50
21.910207300001275,50.252918130000005,66.1905854807843,50
21.942043300001387,50.252918130000005,66.1905854807843,50
21.97415120000005,50.252918130000005,66.1905854807843,50
22.006163000000015,50.252918130000005,66.1905854807843,50
22.03816110000116,50.3891049,65.93423391372549,50
22.070220800000243,50.3891049,65.93423391372549,50
22.10223330000008,50.3891049,65.93423391372549,50
22.13421350000135,50.52529167,65.67788234666668,50
22.1661049000013,50.52529167,65.67788234666668,50
22.198421000000963,50.66147844,65.42153077960783,50
22.246166800001447,50.66147844,65.42153077960783,50
22.278166100000817,50.797665210000005,65.165179212549,50
22.31017400000019,50.797665210000005,65.165179212549,50
22.34218040000087,50.797665210000005,65.165179212549,50
22.374176600000283,50.797665210000005,65.165179212549,50
22.406152999999904,50.797665210000005,65.165179212549,50
22.438132500001302,50.797665210000005,65.165179212549,50
22.470152700001563,50.797665210000005,65.165179212549,50
22.50216619999992,50.93385198,64.90882764549019,50
22.534175900000264,50.93385198,64.90882764549019,50
22.56636310000067,50.93385198,64.90882764549019,50
22.5982651000013,51.07003875,64.65247607843136,50
22.64610630000061,51.07003875,64.65247607843136,50
22.67812530000083,51.206225520000004,64.39612451137255,50
22.710080200000448,51.206225520000004,64.39612451137255,50
22.742243200000303,51.342412290000006,64.1397729443137,50
22.7741659000003,51.47859906,63.8834213772549,50
22.806169800000134,51.47859906,63.8834213772549,50
22.838115700000344,51.61478583,63.62706981019607,50
22.870103299999755,51.61478583,63.62706981019607,50
22.90205109999988,51.61478583,63.62706981019607,50
22.934173100000407,51.750972600000004,63.37071824313725,50
22.966331600000558,51.61478583,63.62706981019607,50
22.99801800000023,51.61478583,63.62706981019607,50
23.046267499999885,51.61478583,63.62706981019607,50
23.078148700000384,51.47859906,63.8834213772549,50
23.110139399999753,51.47859906,63.8834213772549,50
23.14215090000107,51.47859906,63.8834213772549,50
23.174102800001492,51.61478583,63.62706981019607,50
23.206130600001416,51.61478583,63.62706981019607,50
23.238156200000958,51.750972600000004,63.37071824313725,50
23.270055900000443,51.750972600000004,63.37071824313725,50
23.30218960000093,51.887159370000006,63.11436667607842,50
23.33414630000152,51.887159370000006,63.11436667607842,50
23.36614120000013,51.887159370000006,63.11436667607842,50
23.39817089999997,51.887159370000006,63.11436667607842,50
23.446075300000302,51.887159370000006,63.11436667607842,50
23.478230300001087,51.887159370000006,63.11436667607842,50
23.51011120000112,51.887159370000006,63.11436667607842,50
23.54214850000062,51.887159370000006,63.11436667607842,50
23.57414349999999,51.887159370000006,63.11436667607842,50
23.606174399999873,51.887159370000006,63.11436667607842,50
23.638136300000042,51.887159370000006,63.11436667607842,50
23.670537400001194,52.02334614,62.858015109019604,50
23.70226360000015,52.02334614,62.858015109019604,50
23.734181900001204,52.02334614,62.858015109019604,50
23.766212100001212,52.02334614,62.858015109019604,50
23.798114300001544,52.02334614,62.858015109019604,50
23.846121600001425,52.15953291,62.601663541960775,50
23.878149400001348,52.15953291,62.601663541960775,50
23.910160200000973,52.15953291,62.601663541960775,50
23.942194400000517,52.15953291,62.601663541960775,50
23.974186700001155,52.15953291,62.601663541960775,50
24.006112300001405,52.15953291,62.601663541960775,50
24.03822020000007,52.15953291,62.601663541960775,50
24.070163899999898,52.15953291,62.601663541960775,50
24.10208530000091,52.02334614,62.858015109019604,50
24.13418360000105,52.02334614,62.858015109019604,50
24.166059200000745,51.887159370000006,63.11436667607842,50
24.198147000000972,48.34630335,69.77950741960784,50
24.246031900000162,48.34630335,69.77950741960784,50
24.278116200001023,48.34630335,69.77950741960784,50
24.310101300001406,48.34630335,69.77950741960784,50
24.342122000000018,48.34630335,69.77950741960784,50
24.37412150000091,48.48249012,69.52315585254901,50
24.406216000001223,48.48249012,69.52315585254901,50
24.438135800000964,48.34630335,69.77950741960784,50
24.470174000000043,48.34630335,69.77950741960784,50
24.502166600001146,48.34630335,69.77950741960784,50
24.534108700001525,48.48249012,69.52315585254901,50
24.56611900000098,48.48249012,69.52315585254901,50
24.59805200000119,48.48249012,69.52315585254901,50
24.64626980000139,48.48249012,69.52315585254901,50
24.678149200000917,48.61867689,69.2668042854902,50
24.710102900000493,48.61867689,69.2668042854902,50
24.742128400001093,48.61867689,69.2668042854902,50
24.77432039999985,48.754863660000005,69.01045271843135,50
24.80627810000078,48.754863660000005,69.01045271843135,50
24.8380717,48.754863660000005,69.01045271843135,50
24.870079700000133,48.89105043,68.75410115137255,50
24.902168900000106,48.89105043,68.75410115137255,50
24.93413370000053,48.89105043,68.75410115137255,50
24.966130000000703,48.89105043,68.75410115137255,50
24.998162400001092,49.0272372,68.49774958431371,50
25.046146300001055,49.0272372,68.49774958431371,50
25.078160700000808,49.0272372,68.49774958431371,50
25.11011730000064,49.0272372,68.49774958431371,50
25.14234270000088,49.163423970000004,68.2413980172549,50
25.174332200000208,49.163423970000004,68.2413980172549,50
25.206074300000182,49.163423970000004,68.2413980172549,50
25.238173100000495,49.163423970000004,68.2413980172549,50
25.27019300000029,49.163423970000004,68.2413980172549,50
25.302077400001508,49.163423970000004,68.2413980172549,50
25.334177400000044,49.299610740000006,67.98504645019607,50
25.366095200000927,49.299610740000006,67.98504645019607,50
25.398151000001235,49.299610740000006,67.98504645019607,50
25.446170100000018,49.43579751,67.72869488313725,50
25.478064200000517,49.43579751,67.72869488313725,50
25.51036490000115,49.43579751,67.72869488313725,50
25.542425000001458,49.57198428,67.47234331607842,50
25.57416689999991,49.57198428,67.47234331607842,50
25.606153300001097,49.57198428,67.47234331607842,50
25.638201700001446,49.708171050000004,67.2159917490196,50
25.670324300001084,49.708171050000004,67.2159917490196,50
25.70211139999992,49.708171050000004,67.2159917490196,50
25.734171800000695,49.84435782,66.9596401819608,50
25.766157200001544,49.84435782,66.9596401819608,50
25.79815570000028,49.98054459,66.70328861490196,50
25.846090500001083,50.11673136,66.44693704784314,50
25.8781927,50.11673136,66.44693704784314,50
25.91022840000005,50.252918130000005,66.1905854807843,50
25.942124400000466,50.252918130000005,66.1905854807843,50
25.974073800000042,50.3891049,65.93423391372549,50
26.006113800000094,50.52529167,65.67788234666668,50
26.038097100001323,50.52529167,65.67788234666668,50
26.070040600001448,50.66147844,65.42153077960783,50
26.102140099999815,50.66147844,65.42153077960783,50
26.13418940000156,50.797665210000005,65.165179212549,50
26.16612680000071,50.93385198,64.90882764549019,50
26.198094900000797,50.93385198,64.90882764549019,50
26.246231900000566,51.07003875,64.65247607843136,50
26.278267900001083,51.07003875,64.65247607843136,50
26.310167400000864,51.07003875,64.65247607843136,50
26.342169300000023,51.07003875,64.65247607843136,50
26.374518700000408,51.07003875,64.65247607843136,50
26.40602840000065,51.07003875,64.65247607843136,50
26.43812170000092,51.07003875,64.65247607843136,50
26.470144300001266,50.93385198,64.90882764549019,50
26.502184599999964,50.93385198,64.90882764549019,50
26.534148100001403,50.93385198,64.90882764549019,50
26.566290500000832,50.797665210000005,65.165179212549,50
26.598115900000266,50.797665210000005,65.165179212549,50
26.64633330000106,50.797665210000005,65.165179212549,50
26.678087100000994,50.797665210000005,65.165179212549,50
26.71013160000075,50.797665210000005,65.165179212549,50
26.74218060000021,50.797665210000005,65.165179212549,50
26.774134700001014,50.797665210000005,65.165179212549,50
26.806165500000134,50.66147844,65.42153077960783,50
26.838193600000523,50.66147844,65.42153077960783,50
26.8701783000015,50.66147844,65.42153077960783,50
26.902167100000952,50.52529167,65.67788234666668,50
26.934189000001425,50.52529167,65.67788234666668,50
26.96609410000019,50.52529167,65.67788234666668,50
26.99822210000093,50.52529167,65.67788234666668,50
27.04616420000093,50.52529167,65.67788234666668,50
27.07817960000102,50.52529167,65.67788234666668,50
27.11008589999983,50.3891049,65.93423391372549,50
27.142139400000815,50.3891049,65.93423391372549,50
27.17415990000154,50.3891049,65.93423391372549,50
27.20617680000032,50.3891049,65.93423391372549,50
27.23821400000088,50.3891049,65.93423391372549,50
27.270092800001294,50.3891049,65.93423391372549,50
27.302115600001343,50.52529167,65.67788234666668,50
27.334065200000623,50.52529167,65.67788234666668,50
27.366234600000098,50.52529167,65.67788234666668,50
27.39816140000039,50.52529167,65.67788234666668,50
27.446140699999887,50.52529167,65.67788234666668,50
27.478105700000015,50.52529167,65.67788234666668,50
27.510160600000745,50.3891049,65.93423391372549,50
27.542088900001545,50.3891049,65.93423391372549,50
27.574146300001303,50.3891049,65.93423391372549,50
27.60609850000037,50.3891049,65.93423391372549,50
27.638095400001475,50.3891049,65.93423391372549,50
27.670107400001143,50.252918130000005,66.1905854807843,50
27.702327900000455,50.252918130000005,66.1905854807843,50
27.734288900001047,50.252918130000005,66.1905854807843,50
27.76621200000045,50.11673136,66.44693704784314,50
27.798184500001298,50.11673136,66.44693704784314,50
27.84612780000134,49.98054459,66.70328861490196,50
27.87808700000096,49.98054459,66.70328861490196,50
27.910143600000083,49.98054459,66.70328861490196,50
27.942125500001566,49.84435782,66.9596401819608,50
27.974096800000552,49.84435782,66.9596401819608,50
28.006133800001408,49.84435782,66.9596401819608,50
28.0380968999998,53.52140061,60.03814787137255,50
28.070047200000772,53.65758738,59.781796304313715,50
28.10232670000005,53.65758738,59.781796304313715,50
28.134333800000604,53.65758738,59.781796304313715,50
28.166099300000496,53.65758738,59.781796304313715,50
28.198147700000845,53.65758738,59.781796304313715,50
28.246124000001146,53.793774150000004,59.525444737254894,50
28.278165300000182,53.793774150000004,59.525444737254894,50
28.310147700000016,53.929960920000006,59.269093170196065,50
28.34210979999989,53.929960920000006,59.269093170196065,50
28.37417380000079,53.929960920000006,59.269093170196065,50
28.406187900000077,54.06614769,59.01274160313725,50
28.438150100000712,54.06614769,59.01274160313725,50
28.470454100001007,54.06614769,59.01274160313725,50
28.50225599999976,54.06614769,59.01274160313725,50
28.53420400000141,54.06614769,59.01274160313725,50
28.566215400000146,54.06614769,59.01274160313725,50
28.59815450000133,54.06614769,59.01274160313725,50
28.646218800000497,54.06614769,59.01274160313725,50
28.67805540000154,54.06614769,59.01274160313725,50
28.710190200001307,53.929960920000006,59.269093170196065,50
28.742100299999947,53.929960920000006,59.269093170196065,50
28.77416070000072,53.793774150000004,59.525444737254894,50
28.806174200000896,53.65758738,59.781796304313715,50
28.83819510000103,53.65758738,59.781796304313715,50
28.870100100000855,53.52140061,60.03814787137255,50
28.902090999999928,53.52140061,60.03814787137255,50
28.93414269999994,53.52140061,60.03814787137255,50
28.96612610000011,53.385213840000006,60.29449943843136,50
28.99813180000092,53.385213840000006,60.29449943843136,50
29.046088099999906,53.249027070000004,60.550851005490195,50
29.078182400000514,53.1128403,60.807202572549016,50
29.110112899999876,52.97665353,61.063554139607845,50
29.142114199999924,52.840466760000005,61.31990570666667,50
29.174000900000465,52.70427999,61.57625727372549,50
29.20622000000003,52.43190645,62.08896040784314,50
29.23832070000026,52.295719680000005,62.34531197490195,50
29.270164000001387,52.02334614,62.858015109019604,50
29.30210310000075,51.887159370000006,63.11436667607842,50
29.334098299999823,51.61478583,63.62706981019607,50
29.36612299999979,51.47859906,63.8834213772549,50
29.398158300000432,51.342412290000006,64.1397729443137,50
29.446128900000986,51.206225520000004,64.39612451137255,50
29.478778700000476,51.07003875,64.65247607843136,50
29.51027880000038,50.93385198,64.90882764549019,50
29.542229300001054,50.797665210000005,65.165179212549,50
29.574222400000508,50.66147844,65.42153077960783,50
29.60624900000039,50.52529167,65.67788234666668,50
29.6381747000014,50.3891049,65.93423391372549,50
29.670268700001543,50.252918130000005,66.1905854807843,50
29.70220210000116,50.11673136,66.44693704784314,50
29.73403260000123,50.11673136,66.44693704784314,50
29.766100599999845,49.98054459,66.70328861490196,50
29.7982176000005,49.98054459,66.70328861490196,50
29.846204400000715,49.84435782,66.9596401819608,50
29.87817080000059,49.84435782,66.9596401819608,50
29.910152700000253,49.84435782,66.9596401819608,50
29.942460400001437,49.708171050000004,67.2159917490196,50
29.97425900000053,49.708171050000004,67.2159917490196,50
30.006207399999766,49.57198428,67.47234331607842,50
30.038170300000274,49.57198428,67.47234331607842,50
30.07026120000046,49.43579751,67.72869488313725,50
30.102166700000453,49.43579751,67.72869488313725,50
30.134133000001384,49.43579751,67.72869488313725,50
30.16620370000055,49.299610740000006,67.98504645019607,50
30.19815759999983,49.299610740000006,67.98504645019607,50
30.246256000000358,49.299610740000006,67.98504645019607,50
30.278154100000393,49.299610740000006,67.98504645019607,50
30.310204200000953,49.299610740000006,67.98504645019607,50
30.34226260000105,49.299610740000006,67.98504645019607,50
30.3741957000002,49.299610740000006,67.98504645019607,50
30.406096600001547,49.299610740000006,67.98504645019607,50
30.438252300000386,49.299610740000006,67.98504645019607,50
30.470136699999784,49.43579751,67.72869488313725,50
30.502245600000606,49.43579751,67.72869488313725,50
30.534122600000046,49.43579751,67.72869488313725,50
30.56614890000128,49.43579751,67.72869488313725,50
30.59812190000048,49.57198428,67.47234331607842,50
30.646085100001073,49.57198428,67.47234331607842,50
30.678171000001385,49.708171050000004,67.2159917490196,50
30.710139700000582,49.708171050000004,67.2159917490196,50
30.742087500000707,49.84435782,66.9596401819608,50
30.774072400001387,49.84435782,66.9596401819608,50
30.806113200000254,49.84435782,66.9596401819608,50
30.838120700000218,49.84435782,66.9596401819608,50
30.870082999999795,49.98054459,66.70328861490196,50
30.90211199999976,49.98054459,66.70328861490196,50
30.934169400001338,49.98054459,66.70328861490196,50
30.966223600000376,50.11673136,66.44693704784314,50
30.998152800000753,50.252918130000005,66.1905854807843,50
31.046308800001498,50.252918130000005,66.1905854807843,50
31.07829270000002,50.3891049,65.93423391372549,50
31.110144300000684,50.3891049,65.93423391372549,50
31.142142700000477,50.3891049,65.93423391372549,50
31.174164699999892,50.52529167,65.67788234666668,50
31.206209500000114,50.52529167,65.67788234666668,50
31.238162400000874,50.66147844,65.42153077960783,50
31.270158400000582,50.66147844,65.42153077960783,50
31.302111800001512,50.797665210000005,65.165179212549,50
31.334102200000416,50.93385198,64.90882764549019,50
31.36615300000085,50.93385198,64.90882764549019,50
31.39817370000128,51.07003875,64.65247607843136,50
31.44628250000096,51.07003875,64.65247607843136,50
31.478197200000068,51.206225520000004,64.39612451137255,50
31.510123600000952,51.206225520000004,64.39612451137255,50
31.542095300001165,51.342412290000006,64.1397729443137,50
31.574124500000835,51.47859906,63.8834213772549,50
31.606140900001265,51.61478583,63.62706981019607,50
31.638139700000465,51.61478583,63.62706981019607,50
31.669963199999984,51.750972600000004,63.37071824313725,50
31.702058200000465,51.887159370000006,63.11436667607842,50
31.734089499999754,52.02334614,62.858015109019604,50
31.766123100000186,52.02334614,62.858015109019604,50
31.798296400000254,52.15953291,62.601663541960775,50
31.846122000000832,52.15953291,62.601663541960775,50
31.878089800000453,52.15953291,62.601663541960775,50
31.910105400000248,52.02334614,62.858015109019604,50
31.94212669999979,52.02334614,62.858015109019604,50
31.974133700001403,52.02334614,62.858015109019604,50
32.0061740000001,52.15953291,62.601663541960775,50
32.038076300001194,52.15953291,62.601663541960775,50
32.070111900000484,52.15953291,62.601663541960775,50
32.102097400000275,52.15953291,62.601663541960775,50
32.13424080000004,52.15953291,62.601663541960775,50
32.16632740000023,52.15953291,62.601663541960775,50
32.1981420000011,52.295719680000005,62.34531197490195,50
32.24603670000033,52.295719680000005,62.34531197490195,50
32.27809359999992,52.295719680000005,62.34531197490195,50
32.31014460000006,52.295719680000005,62.34531197490195,50
32.342067400000815,52.295719680000005,62.34531197490195,50
32.37414189999981,52.43190645,62.08896040784314,50
32.406069700000444,52.43190645,62.08896040784314,50
32.438096300000325,52.43190645,62.08896040784314,50
32.470155900000464,52.43190645,62.08896040784314,50
32.50216790000013,52.43190645,62.08896040784314,50
32.53430800000024,52.43190645,62.08896040784314,50
32.566275700000915,52.43190645,62.08896040784314,50
32.5980997000006,52.43190645,62.08896040784314,50
32.64606020000065,52.56809322,61.83260884078432,50
32.67813829999977,52.56809322,61.83260884078432,50
32.71014810000088,52.56809322,61.83260884078432,50
32.742128500000035,52.56809322,61.83260884078432,50
32.77413350000097,52.56809322,61.83260884078432,50
32.80622790000052,52.56809322,61.83260884078432,50
32.838156400001026,52.43190645,62.08896040784314,50
32.870104900001024,52.43190645,62.08896040784314,50
32.90243230000124,52.43190645,62.08896040784314,50
32.93413260000125,52.43190645,62.08896040784314,50
32.966148299999986,52.295719680000005,62.34531197490195,50
32.99813859999995,52.295719680000005,62.34531197490195,50
33.046110000001136,52.295719680000005,62.34531197490195,50
33.07811740000034,52.295719680000005,62.34531197490195,50
33.11008860000038,52.15953291,62.601663541960775,50
33.142121800001405,52.15953291,62.601663541960775,50
33.17410960000052,52.15953291,62.601663541960775,50
33.20607900000141,52.15953291,62.601663541960775,50
33.23809790000087,52.15953291,62.601663541960775,50
33.27017230000092,52.15953291,62.601663541960775,50
33.30203840000104,52.15953291,62.601663541960775,50
33.33421720000115,52.15953291,62.601663541960775,50
33.36609690000114,52.02334614,62.858015109019604,50
33.398133400000006,52.02334614,62.858015109019604,50
33.44610720000128,52.02334614,62.858015109019604,50
33.47817580000083,51.887159370000006,63.11436667607842,50
33.51018180000028,51.887159370000006,63.11436667607842,50
33.542092600000615,51.887159370000006,63.11436667607842,50
33.574174200000925,51.887159370000006,63.11436667607842,50
33.60609199999999,51.887159370000006,63.11436667607842,50
33.63816940000106,51.887159370000006,63.11436667607842,50
33.67014100000051,51.887159370000006,63.11436667607842,50
33.702097700001104,51.887159370000006,63.11436667607842,50
33.73412790000111,52.02334614,62.858015109019604,50
33.76626759999999,52.02334614,62.858015109019604,50
33.7981088000015,52.02334614,62.858015109019604,50
33.846242900001016,52.02334614,62.858015109019604,50
33.87803420000091,52.02334614,62.858015109019604,50
33.91020279999975,52.02334614,62.858015109019604,50
33.94215280000026,52.02334614,62.858015109019604,50
33.974142799999754,52.02334614,62.858015109019604,50
34.00635890000012,52.02334614,62.858015109019604,50
34.03810330000124,51.887159370000006,63.11436667607842,50
34.07015330000104,51.887159370000006,63.11436667607842,50
34.10211530000015,51.887159370000006,63.11436667607842,50
34.134140500000285,51.750972600000004,63.37071824313725,50
34.16617480000059,51.47859906,63.8834213772549,50
34.19827930000065,47.93774304,70.54856212078433,50
34.246140000001105,47.93774304,70.54856212078433,50
34.27823090000129,47.93774304,70.54856212078433,50
34.310137500000565,47.93774304,70.54856212078433,50
34.34212230000048,47.93774304,70.54856212078433,50
34.37425430000076,47.93774304,70.54856212078433,50
34.40619860000152,47.80155627,70.80491368784314,50
34.438205300000845,47.80155627,70.80491368784314,50
34.47017400000004,47.93774304,70.54856212078433,50
34.50213430000076,47.93774304,70.54856212078433,50
34.534134800000174,47.93774304,70.54856212078433,50
34.56614179999997,47.93774304,70.54856212078433,50
34.598153700000694,47.93774304,70.54856212078433,50
34.64612920000036,47.93774304,70.54856212078433,50
34.67812310000045,47.93774304,70.54856212078433,50
34.71017110000139,48.07392981,70.29221055372548,50
34.74220070000047,51.47859906,63.8834213772549,50
34.774122400000124,51.47859906,63.8834213772549,50
34.80613380000068,51.61478583,63.62706981019607,50
34.83812610000132,51.750972600000004,63.37071824313725,50
34.87000960000114,51.750972600000004,63.37071824313725,50
34.90204890000132,48.34630335,69.77950741960784,50
34.934092299999975,48.48249012,69.52315585254901,50
34.96607089999998,48.48249012,69.52315585254901,50
34.99810100000104,48.48249012,69.52315585254901,50
35.046103600001516,48.48249012,69.52315585254901,50
35.078071400001136,48.61867689,69.2668042854902,50
35.110232500001075,48.61867689,69.2668042854902,50
35.14206280000144,48.61867689,69.2668042854902,50
35.17410660000132,48.61867689,69.2668042854902,50
35.20608060000086,48.754863660000005,69.01045271843135,50
35.23805370000082,48.754863660000005,69.01045271843135,50
35.27011270000003,48.754863660000005,69.01045271843135,50
35.302141300000585,48.89105043,68.75410115137255,50
35.3340289000007,48.89105043,68.75410115137255,50
35.366122800000085,48.89105043,68.75410115137255,50
35.39811050000026,49.0272372,68.49774958431371,50
35.446079700001064,49.0272372,68.49774958431371,50
35.47849320000023,49.0272372,68.49774958431371,50
35.51027740000063,49.163423970000004,68.2413980172549,50
35.54218580000088,49.163423970000004,68.2413980172549,50
35.574218499999915,49.299610740000006,67.98504645019607,50
35.60613700000067,49.299610740000006,67.98504645019607,50
35.63815430000068,49.299610740000006,67.98504645019607,50
35.67012070000055,49.299610740000006,67.98504645019607,50
35.70212830000128,49.43579751,67.72869488313725,50
35.73413140000048,49.43579751,67.72869488313725,50
35.76619150000079,49.43579751,67.72869488313725,50
35.798127699999895,49.43579751,67.72869488313725,50
35.846226300000126,49.43579751,67.72869488313725,50
35.87835439999981,49.57198428,67.47234331607842,50
35.91006170000037,49.57198428,67.47234331607842,50
35.942081099999996,49.57198428,67.47234331607842,50
35.974177100000816,49.708171050000004,67.2159917490196,50
36.00619760000154,49.708171050000004,67.2159917490196,50
36.038128199999846,49.84435782,66.9596401819608,50
36.070126900000105,49.98054459,66.70328861490196,50
36.10210240000015,49.98054459,66.70328861490196,50
36.13413230000151,50.11673136,66.44693704784314,50
36.16616840000097,50.11673136,66.44693704784314,50
36.19805290000113,50.11673136,66.44693704784314,50
36.246216900000945,50.11673136,66.44693704784314,50
36.27805040000021,50.252918130000005,66.1905854807843,50
36.31009540000014,50.252918130000005,66.1905854807843,50
36.34209230000124,50.252918130000005,66.1905854807843,50
36.37407920000078,50.3891049,65.93423391372549,50
36.406247599999915,50.3891049,65.93423391372549,50
36.438161000000036,50.52529167,65.67788234666668,50
36.47012010000071,50.52529167,65.67788234666668,50
36.50215180000123,50.66147844,65.42153077960783,50
36.53413200000068,50.66147844,65.42153077960783,50
36.56598280000071,50.66147844,65.42153077960783,50
36.598213100000066,50.797665210000005,65.165179212549,50
36.64609780000137,50.797665210000005,65.165179212549,50
36.67806810000002,50.797665210000005,65.165179212549,50
36.7100688999999,54.474708,58.24368690196078,50
36.742150400001265,54.61089477,57.98733533490196,50
36.774172200000976,54.61089477,57.98733533490196,50
36.806082200000674,54.61089477,57.98733533490196,50
36.838103500000216,54.61089477,57.98733533490196,50
36.87007730000005,54.74708154,57.73098376784313,50
36.90207160000136,54.74708154,57.73098376784313,50
36.934228000000076,54.74708154,57.73098376784313,50
36.96631680000064,54.74708154,57.73098376784313,50
36.99814250000054,54.883268310000005,57.474632200784306,50
37.04620090000026,54.883268310000005,57.474632200784306,50
37.078111400000125,54.883268310000005,57.474632200784306,50
37.11011110000072,55.01945508,57.21828063372549,50
37.14211660000001,55.01945508,57.21828063372549,50
37.17423730000155,55.01945508,57.21828063372549,50
37.206219200001215,55.01945508,57.21828063372549,50
37.23813960000007,55.01945508,57.21828063372549,50
37.27011180000045,55.01945508,57.21828063372549,50
37.302121600001556,54.883268310000005,57.474632200784306,50
37.33437690000028,54.883268310000005,57.474632200784306,50
37.36633950000032,54.883268310000005,57.474632200784306,50
37.398154800001066,54.74708154,57.73098376784313,50
37.446217000000615,54.61089477,57.98733533490196,50
37.47817230000146,54.61089477,57.98733533490196,50
37.51011560000006,54.474708,58.24368690196078,50
37.54211840000062,54.474708,58.24368690196078,50
37.574137800000244,54.474708,58.24368690196078,50
37.6061963000011,54.338521230000005,58.5000384690196,50
37.63813500000106,54.338521230000005,58.5000384690196,50
37.67002240000147,54.20233446,58.75639003607842,50
37.70213839999997,54.20233446,58.75639003607842,50
37.73411540000052,54.06614769,59.01274160313725,50
37.76609730000018,54.06614769,59.01274160313725,50
37.798113200000444,53.929960920000006,59.269093170196065,50
37.84610280000015,53.793774150000004,59.525444737254894,50
37.87812649999978,53.65758738,59.781796304313715,50
37.910092400001304,53.52140061,60.03814787137255,50
37.94206420000046,53.385213840000006,60.29449943843136,50
37.97407999999996,53.249027070000004,60.550851005490195,50
38.006329600000754,53.1128403,60.807202572549016,50
38.038076900000306,52.97665353,61.063554139607845,50
38.070290300000124,52.840466760000005,61.31990570666667,50
38.1020849000015,52.70427999,61.57625727372549,50
38.13404869999977,52.56809322,61.83260884078432,50
38.166082100000494,52.43190645,62.08896040784314,50
38.1981237,52.295719680000005,62.34531197490195,50
38.246055100000376,52.15953291,62.601663541960775,50
38.27806530000089,52.02334614,62.858015109019604,50
38.310045700000046,51.887159370000006,63.11436667607842,50
38.34207980000065,51.887159370000006,63.11436667607842,50
38.374094500000865,51.750972600000004,63.37071824313725,50
38.405992300000435,51.750972600000004,63.37071824313725,50
38.4381654000008,51.61478583,63.62706981019607,50
38.470021400000405,51.61478583,63.62706981019607,50
38.50210550000156,51.47859906,63.8834213772549,50
38.53415640000094,51.342412290000006,64.1397729443137,50
38.56613070000094,51.342412290000006,64.1397729443137,50
38.598090200001025,51.07003875,64.65247607843136,50
38.64607750000141,50.93385198,64.90882764549019,50
38.67818260000058,50.797665210000005,65.165179212549,50
38.710019199999806,50.66147844,65.42153077960783,50
38.74208540000109,50.66147844,65.42153077960783,50
38.77417510000123,50.52529167,65.67788234666668,50
38.806315600000744,50.3891049,65.93423391372549,50
38.83828230000108,50.3891049,65.93423391372549,50
38.87004110000089,50.252918130000005,66.1905854807843,50
38.902052500001446,50.252918130000005,66.1905854807843,50
38.93408360000103,50.252918130000005,66.1905854807843,50
38.96613179999986,50.11673136,66.44693704784314,50
38.99812209999982,50.11673136,66.44693704784314,50
39.04613060000156,50.11673136,66.44693704784314,50
39.07812940000076,49.98054459,66.70328861490196,50
39.110093100000086,49.84435782,66.9596401819608,50
39.14209100000153,49.84435782,66.9596401819608,50
39.174187800001164,49.708171050000004,67.2159917490196,50
39.20632650000152,49.43579751,67.72869488313725,50
39.238072199999806,49.299610740000006,67.98504645019607,50
39.270085400001335,49.299610740000006,67.98504645019607,50
39.30208400000083,49.163423970000004,68.2413980172549,50
39.334147000001394,49.163423970000004,68.2413980172549,50
39.36606080000092,49.163423970000004,68.2413980172549,50
39.39804809999987,49.163423970000004,68.2413980172549,50
39.44603819999975,49.163423970000004,68.2413980172549,50
39.478088600000774,49.163423970000004,68.2413980172549,50
39.51005690000056,49.163423970000004,68.2413980172549,50
39.542231500001435,49.163423970000004,68.2413980172549,50
39.57440459999998,49.163423970000004,68.2413980172549,50
39.60615080000025,49.299610740000006,67.98504645019607,50
39.63804320000054,49.299610740000006,67.98504645019607,50
39.67001070000151,49.163423970000004,68.2413980172549,50
39.70209849999992,49.163423970000004,68.2413980172549,50
39.73407120000047,49.0272372,68.49774958431371,50
39.7661259000015,49.0272372,68.49774958431371,50
39.79809360000036,49.0272372,68.49774958431371,50
39.84617299999991,48.89105043,68.75410115137255,50
39.87797160000082,48.89105043,68.75410115137255,50
39.91016219999983,48.89105043,68.75410115137255,50
39.94214880000072,48.89105043,68.75410115137255,50
39.974119399999836,48.89105043,68.75410115137255,50
40.00633490000109,48.89105043,68.75410115137255,50
40.03810390000035,49.0272372,68.49774958431371,50
40.07009950000065,49.0272372,68.49774958431371,50
40.10214570000062,49.0272372,68.49774958431371,50
40.1341123000002,49.163423970000004,68.2413980172549,50
40.166092200001,49.163423970000004,68.2413980172549,50
40.19816940000055,49.299610740000006,67.98504645019607,50
40.24609060000148,49.299610740000006,67.98504645019607,50
40.27818640000078,49.299610740000006,67.98504645019607,50
40.310123600000225,49.299610740000006,67.98504645019607,50
40.34209530000044,49.43579751,67.72869488313725,50
40.37412349999977,49.43579751,67.72869488313725,50
40.406103900000744,49.43579751,67.72869488313725,50
40.438178600001265,49.57198428,67.47234331607842,50
40.47023140000056,49.708171050000004,67.2159917490196,50
40.50207080000109,49.708171050000004,67.2159917490196,50
40.534087,49.84435782,66.9596401819608,50
40.56614830000035,49.98054459,66.70328861490196,50
40.598108300000604,50.11673136,66.44693704784314,50
40.64628679999987,50.252918130000005,66.1905854807843,50
40.67827260000013,50.3891049,65.93423391372549,50
40.710113200000706,50.52529167,65.67788234666668,50
40.74204190000091,50.66147844,65.42153077960783,50
40.77416530000119,50.797665210000005,65.165179212549,50
40.806134000000384,50.797665210000005,65.165179212549,50
40.83807850000085,50.93385198,64.90882764549019,50
40.87008609999975,50.93385198,64.90882764549019,50
40.90210389999993,50.93385198,64.90882764549019,50
40.93401780000022,51.07003875,64.65247607843136,50
40.966128000000026,51.07003875,64.65247607843136,50
40.99818420000156,51.206225520000004,64.39612451137255,50
41.04630050000014,51.342412290000006,64.1397729443137,50
41.07803539999986,51.61478583,63.62706981019607,50
41.11007090000021,51.750972600000004,63.37071824313725,50
41.14206130000093,51.887159370000006,63.11436667607842,50
41.17397820000042,52.02334614,62.858015109019604,50
41.206198300000324,52.15953291,62.601663541960775,50
41.238156999999774,52.295719680000005,62.34531197490195,50
41.27006970000002,52.43190645,62.08896040784314,50
41.30207390000032,52.43190645,62.08896040784314,50
41.33407100000113,52.56809322,61.83260884078432,50
41.36616310000136,52.70427999,61.57625727372549,50
41.39823780000006,52.840466760000005,61.31990570666667,50
41.44610180000018,52.840466760000005,61.31990570666667,50
41.4782406000013,52.840466760000005,61.31990570666667,50
41.51012730000002,52.840466760000005,61.31990570666667,50
41.54213420000087,52.840466760000005,61.31990570666667,50
41.57412680000016,52.97665353,61.063554139607845,50
41.60612670000046,52.97665353,61.063554139607845,50
41.638102900000376,53.1128403,60.807202572549016,50
41.67003819999991,53.1128403,60.807202572549016,50
41.70209489999979,53.1128403,60.807202572549016,50
41.73443530000077,53.1128403,60.807202572549016,50
41.766268800000034,53.1128403,60.807202572549016,50
41.79823730000135,53.1128403,60.807202572549016,50
41.84611550000045,52.70427999,61.57625727372549,50
41.878210700000636,52.97665353,61.063554139607845,50
41.91005380000024,52.97665353,61.063554139607845,50
41.94200270000147,52.97665353,61.063554139607845,50
41.97410720000153,52.97665353,61.063554139607845,50
42.006045000000086,52.840466760000005,61.31990570666667,50
42.038068400001066,52.840466760000005,61.31990570666667,50
42.07007260000137,52.840466760000005,61.31990570666667,50
42.10216870000113,52.840466760000005,61.31990570666667,50
42.1342620000014,52.840466760000005,61.31990570666667,50
42.1661006000013,52.840466760000005,61.31990570666667,50
42.19814790000055,52.70427999,61.57625727372549,50
42.24612540000089,52.70427999,61.57625727372549,50
42.27811350000047,52.70427999,61.57625727372549,50
42.310064900000725,52.56809322,61.83260884078432,50
42.342070000000604,52.56809322,61.83260884078432,50
42.374107900001036,52.43190645,62.08896040784314,50
42.40603360000023,52.43190645,62.08896040784314,50
42.43808549999994,52.295719680000005,62.34531197490195,50
42.47007040000062,52.295719680000005,62.34531197490195,50
42.50242750000143,52.15953291,62.601663541960775,50
42.53415000000132,52.02334614,62.858015109019604,50
42.56617670000014,52.02334614,62.858015109019604,50
42.598081600001024,52.02334614,62.858015109019604,50
42.646066400000564,48.48249012,69.52315585254901,50
42.67804010000145,48.48249012,69.52315585254901,50
42.710073700000066,48.48249012,69.52315585254901,50
42.74206890000096,48.48249012,69.52315585254901,50
42.77406490000067,48.48249012,69.52315585254901,50
42.80618070000128,48.34630335,69.77950741960784,50
42.838056000000506,48.34630335,69.77950741960784,50
42.87029750000147,48.210116580000005,70.03585898666665,50
42.90237950000119,48.07392981,70.29221055372548,50
42.934101900000314,48.07392981,70.29221055372548,50
42.966237500000716,47.93774304,70.54856212078433,50
42.998015700000906,47.80155627,70.80491368784314,50
43.046041900001,47.80155627,70.80491368784314,50
43.07799260000138,47.665369500000004,71.06126525490197,50
43.11002560000088,47.665369500000004,71.06126525490197,50
43.14201800000046,47.665369500000004,71.06126525490197,50
43.174098200001026,47.665369500000004,71.06126525490197,50
43.206347900000765,47.665369500000004,71.06126525490197,50
43.23820810000143,47.665369500000004,71.06126525490197,50
43.26997290000145,47.665369500000004,71.06126525490197,50
43.30201400000078,47.665369500000004,71.06126525490197,50
43.33405579999999,47.80155627,70.80491368784314,50
43.366129300000466,47.80155627,70.80491368784314,50
43.39810220000072,47.80155627,70.80491368784314,50
43.44612010000128,47.80155627,70.80491368784314,50
43.478069400000095,47.80155627,70.80491368784314,50
43.50997890000144,47.93774304,70.54856212078433,50
43.54196520000005,47.93774304,70.54856212078433,50
43.574346700001115,47.93774304,70.54856212078433,50
43.606471500001135,48.07392981,70.29221055372548,50
43.639059000001,48.210116580000005,70.03585898666665,50
43.67004650000126,48.34630335,69.77950741960784,50
43.702068900000086,48.34630335,69.77950741960784,50
43.73418110000057,48.48249012,69.52315585254901,50
43.76611830000002,48.61867689,69.2668042854902,50
43.798240900001474,48.61867689,69.2668042854902,50
43.8460369000004,48.754863660000005,69.01045271843135,50
43.87811030000012,48.89105043,68.75410115137255,50
43.910115399999995,48.89105043,68.75410115137255,50
43.941952799999854,49.0272372,68.49774958431371,50
43.97409710000102,49.0272372,68.49774958431371,50
44.006171000000904,49.163423970000004,68.2413980172549,50
44.03816780000125,49.299610740000006,67.98504645019607,50
44.0700594000009,49.299610740000006,67.98504645019607,50
44.10211440000057,49.43579751,67.72869488313725,50
44.134079700001166,49.57198428,67.47234331607842,50
44.16613510000025,49.57198428,67.47234331607842,50
44.19811790000131,49.708171050000004,67.2159917490196,50
44.24606620000122,49.708171050000004,67.2159917490196,50
44.27809479999996,49.84435782,66.9596401819608,50
44.31001710000055,49.98054459,66.70328861490196,50
44.34218820000024,49.98054459,66.70328861490196,50
44.37409149999985,49.98054459,66.70328861490196,50
44.406076100000064,50.11673136,66.44693704784314,50
44.438142200000584,49.98054459,66.70328861490196,50
44.47015350000038,49.98054459,66.70328861490196,50
44.50211350000063,50.11673136,66.44693704784314,50
44.534077700000125,50.11673136,66.44693704784314,50
44.566108500001064,50.11673136,66.44693704784314,50
44.598035800001526,50.11673136,66.44693704784314,50
44.64606670000103,50.252918130000005,66.1905854807843,50
44.678160400000706,50.252918130000005,66.1905854807843,50
44.710236100001566,50.252918130000005,66.1905854807843,50
44.742097000000285,50.3891049,65.93423391372549,50
44.7741029000008,50.3891049,65.93423391372549,50
44.806056100000205,50.3891049,65.93423391372549,50
44.83806730000106,50.3891049,65.93423391372549,50
44.87014470000031,50.3891049,65.93423391372549,50
44.90208160000111,50.3891049,65.93423391372549,50
44.9341054000015,50.3891049,65.93423391372549,50
44.96611610000036,50.3891049,65.93423391372549,50
44.99805490000108,50.3891049,65.93423391372549,50
45.04597710000053,50.3891049,65.93423391372549,50
45.07837430000109,50.3891049,65.93423391372549,50
45.11018420000073,50.3891049,65.93423391372549,50
45.142082800000935,50.3891049,65.93423391372549,50
45.17406029999984,50.3891049,65.93423391372549,50
45.20609540000078,54.338521230000005,58.5000384690196,50
45.2381105000004,54.338521230000005,58.5000384690196,50
45.27012730000024,54.338521230000005,58.5000384690196,50
45.302126900000076,54.474708,58.24368690196078,50
45.33413380000093,54.474708,58.24368690196078,50
45.366081699999995,54.474708,58.24368690196078,50
45.3980016000005,54.474708,58.24368690196078,50
45.446124500000224,54.474708,58.24368690196078,50
45.478175700000065,54.474708,58.24368690196078,50
45.51011480000125,54.474708,58.24368690196078,50
45.54207200000019,54.338521230000005,58.5000384690196,50
45.574085500000365,54.338521230000005,58.5000384690196,50
45.60611920000156,54.338521230000005,58.5000384690196,50
45.63802300000134,54.338521230000005,58.5000384690196,50
45.67009180000059,54.338521230000005,58.5000384690196,50
45.70210229999975,54.338521230000005,58.5000384690196,50
45.73409290000018,54.338521230000005,58.5000384690196,50
45.76607370000056,54.338521230000005,58.5000384690196,50
45.798359399999754,54.338521230000005,58.5000384690196,50
45.84617630000139,54.338521230000005,58.5000384690196,50
45.87804460000007,54.20233446,58.75639003607842,50
45.910077399999864,54.20233446,58.75639003607842,50
45.94203310000012,54.06614769,59.01274160313725,50
45.97413570000026,54.06614769,59.01274160313725,50
46.006140100000266,53.929960920000006,59.269093170196065,50
46.038138800000524,53.929960920000006,59.269093170196065,50
46.070112999999765,53.793774150000004,59.525444737254894,50
46.10211520000121,53.793774150000004,59.525444737254894,50
46.1340966000007,53.65758738,59.781796304313715,50
46.1663206000012,53.65758738,59.781796304313715,50
46.198385900001085,53.52140061,60.03814787137255,50
46.246141000001444,53.52140061,60.03814787137255,50
46.27816260000145,53.52140061,60.03814787137255,50
46.310115600001154,53.52140061,60.03814787137255,50
46.342095200001495,53.385213840000006,60.29449943843136,50
46.37412930000028,53.385213840000006,60.29449943843136,50
46.406134400000155,53.385213840000006,60.29449943843136,50
46.43815470000118,53.249027070000004,60.550851005490195,50
46.47020119999979,53.1128403,60.807202572549016,50
46.502043700000286,53.1128403,60.807202572549016,50
46.534443500000634,52.97665353,61.063554139607845,50
46.566291700000875,52.840466760000005,61.31990570666667,50
46.59808350000094,52.70427999,61.57625727372549,50
46.64610630000061,52.56809322,61.83260884078432,50
46.67802110000048,52.43190645,62.08896040784314,50
46.71005409999998,52.295719680000005,62.34531197490195,50
46.74204210000062,52.15953291,62.601663541960775,50
46.774078700000246,52.15953291,62.601663541960775,50
46.806026800000836,52.02334614,62.858015109019604,50
46.838102900001104,52.02334614,62.858015109019604,50
46.8701484000012,51.887159370000006,63.11436667607842,50
46.902546500001336,51.887159370000006,63.11436667607842,50
46.93413700000019,51.750972600000004,63.37071824313725,50
46.96603090000099,51.750972600000004,63.37071824313725,50
46.998109699999986,51.61478583,63.62706981019607,50
47.04609479999999,51.61478583,63.62706981019607,50
47.07807000000139,51.47859906,63.8834213772549,50
47.110055700000885,51.342412290000006,64.1397729443137,50
47.14208580000013,51.206225520000004,64.39612451137255,50
47.174038900000596,50.93385198,64.90882764549019,50
47.206083000000945,50.93385198,64.90882764549019,50
47.238068399999975,50.66147844,65.42153077960783,50
47.27009460000045,50.66147844,65.42153077960783,50
47.302091100000325,50.52529167,65.67788234666668,50
47.33412900000076,50.3891049,65.93423391372549,50
47.366006400001424,50.3891049,65.93423391372549,50
47.39806270000008,50.252918130000005,66.1905854807843,50
47.44602080000004,50.252918130000005,66.1905854807843,50
47.478112700000565,50.11673136,66.44693704784314,50
47.51005520000035,50.11673136,66.44693704784314,50
47.54207110000061,49.98054459,66.70328861490196,50
47.57418690000122,49.98054459,66.70328861490196,50
47.60615700000017,49.84435782,66.9596401819608,50
47.63821480000115,49.84435782,66.9596401819608,50
47.67027020000023,49.708171050000004,67.2159917490196,50
47.702087600000596,49.57198428,67.47234331607842,50
47.73417850000078,49.43579751,67.72869488313725,50
47.7662264999999,49.43579751,67.72869488313725,50
47.79811020000125,49.299610740000006,67.98504645019607,50
47.84614850000071,49.299610740000006,67.98504645019607,50
47.87806120000096,49.299610740000006,67.98504645019607,50
47.91011190000063,49.299610740000006,67.98504645019607,50
47.94213579999996,49.299610740000006,67.98504645019607,50
47.974036100000376,49.299610740000006,67.98504645019607,50
48.006349500001306,49.299610740000006,67.98504645019607,50
48.03816670000015,49.299610740000006,67.98504645019607,50
48.07007750000048,49.299610740000006,67.98504645019607,50
48.102134300001126,49.299610740000006,67.98504645019607,50
48.13410400000066,49.299610740000006,67.98504645019607,50
48.166135600000416,49.299610740000006,67.98504645019607,50
48.1980308000002,49.299610740000006,67.98504645019607,50
48.246128300001146,49.163423970000004,68.2413980172549,50
48.278009999999995,49.163423970000004,68.2413980172549,50
48.310048900000766,49.163423970000004,68.2413980172549,50
48.342026800000895,49.163423970000004,68.2413980172549,50
48.37397039999996,49.163423970000004,68.2413980172549,50
48.40621170000122,49.163423970000004,68.2413980172549,50
48.438046700000996,49.163423970000004,68.2413980172549,50
48.47012350000114,49.299610740000006,67.98504645019607,50
48.50206630000139,49.299610740000006,67.98504645019607,50
48.53399470000113,49.43579751,67.72869488313725,50
48.56608790000064,49.43579751,67.72869488313725,50
48.59810930000094,49.57198428,67.47234331607842,50
48.646178599999985,49.708171050000004,67.2159917490196,50
48.67811430000074,49.708171050000004,67.2159917490196,50
48.71008530000108,49.708171050000004,67.2159917490196,50
48.742021200001545,49.84435782,66.9596401819608,50
48.774120300000504,49.84435782,66.9596401819608,50
48.80609259999983,49.84435782,66.9596401819608,50
48.83811800000149,49.98054459,66.70328861490196,50
48.87005660000068,49.98054459,66.70328861490196,50
48.902099400000225,50.11673136,66.44693704784314,50
48.934084900000016,50.11673136,66.44693704784314,50
48.96607660000154,50.252918130000005,66.1905854807843,50
48.998102100000324,50.3891049,65.93423391372549,50
49.04609309999978,50.3891049,65.93423391372549,50
49.078032800000074,50.52529167,65.67788234666668,50
49.11021190000065,50.52529167,65.67788234666668,50
49.142252100000405,50.66147844,65.42153077960783,50
49.17412230000082,50.66147844,65.42153077960783,50
49.20610900000065,50.66147844,65.42153077960783,50
49.23819330000151,50.52529167,65.67788234666668,50
49.270145700000285,50.52529167,65.67788234666668,50
49.302104500000496,50.52529167,65.67788234666668,50
49.33403030000045,47.256809190000006,71.83031995607841,50
49.36606750000101,47.256809190000006,71.83031995607841,50
49.39806150000004,47.39299596,71.57396838901961,50
49.44606250000106,47.52918273,71.31761682196078,50
49.478285200000755,47.665369500000004,71.06126525490197,50
49.51026120000097,47.80155627,70.80491368784314,50
49.54195550000077,47.93774304,70.54856212078433,50
49.57410570000138,47.93774304,70.54856212078433,50
49.606106200000795,48.07392981,70.29221055372548,50
49.638117800001055,48.210116580000005,70.03585898666665,50
49.670127800000046,48.34630335,69.77950741960784,50
49.7021292999998,48.48249012,69.52315585254901,50
49.7340675000014,48.48249012,69.52315585254901,50
49.76605490000111,48.61867689,69.2668042854902,50
49.7980318000009,48.754863660000005,69.01045271843135,50
49.84602700000141,48.89105043,68.75410115137255,50
49.87808700000096,49.0272372,68.49774958431371,50
49.91008670000156,49.0272372,68.49774958431371,50
49.9421626000003,49.163423970000004,68.2413980172549,50
49.97403830000076,49.299610740000006,67.98504645019607,50
50.00610920000145,49.43579751,67.72869488313725,50
50.038123400001496,49.57198428,67.47234331607842,50
50.07008020000103,49.708171050000004,67.2159917490196,50
50.10213350000049,49.84435782,66.9596401819608,50
50.13404320000154,49.98054459,66.70328861490196,50
50.166063500000746,50.11673136,66.44693704784314,50
50.198023200000534,50.11673136,66.44693704784314,50
50.24615030000132,50.252918130000005,66.1905854807843,50
50.278046900000845,50.252918130000005,66.1905854807843,50
50.31003400000009,50.3891049,65.93423391372549,50
50.34202760000153,50.3891049,65.93423391372549,50
50.37412800000129,50.52529167,65.67788234666668,50
50.40606680000019,50.66147844,65.42153077960783,50
50.438069100000575,50.66147844,65.42153077960783,50
50.47007790000134,50.797665210000005,65.165179212549,50
50.50208980000025,50.93385198,64.90882764549019,50
50.53409950000059,50.93385198,64.90882764549019,50
50.566050800000085,50.93385198,64.90882764549019,50
50.598240299999816,51.07003875,64.65247607843136,50
50.64634870000009,51.07003875,64.65247607843136,50
50.678007000000434,51.07003875,64.65247607843136,50
50.710025000000314,51.07003875,64.65247607843136,50
50.742141800001264,51.07003875,64.65247607843136,50
50.77408860000105,51.206225520000004,64.39612451137255,50
50.80618330000107,51.206225520000004,64.39612451137255,50
50.83804620000046,51.206225520000004,64.39612451137255,50
50.87007650000123,51.206225520000004,64.39612451137255,50
50.902090300000054,51.206225520000004,64.39612451137255,50
50.93405350000103,51.07003875,64.65247607843136,50
50.96626020000076,51.07003875,64.65247607843136,50
50.998282700000345,51.07003875,64.65247607843136,50
51.046130200000334,51.07003875,64.65247607843136,50
51.07808000000114,50.93385198,64.90882764549019,50
51.11011300000064,50.93385198,64.90882764549019,50
51.14210600000115,50.93385198,64.90882764549019,50
51.17393140000058,50.93385198,64.90882764549019,50
51.206023800001276,50.93385198,64.90882764549019,50
51.238103700001375,50.93385198,64.90882764549019,50
51.27006280000023,50.93385198,64.90882764549019,50
51.30207520000113,50.93385198,64.90882764549019,50
51.3341431000008,50.93385198,64.90882764549019,50
51.36628340000061,50.93385198,64.90882764549019,50
51.39821160000065,50.93385198,64.90882764549019,50
51.446042800000214,50.797665210000005,65.165179212549,50
51.478320400001394,50.797665210000005,65.165179212549,50
51.51008710000133,50.797665210000005,65.165179212549,50
51.54198180000094,50.797665210000005,65.165179212549,50
51.57404590000078,50.66147844,65.42153077960783,50
51.606064900001,50.66147844,65.42153077960783,50
51.63806770000156,50.66147844,65.42153077960783,50
51.670054100000925,50.797665210000005,65.165179212549,50
51.70217390000107,50.66147844,65.42153077960783,50
51.73408089999975,50.66147844,65.42153077960783,50
51.76607150000018,50.66147844,65.42153077960783,50
51.79801790000056,50.66147844,65.42153077960783,50
51.84602610000002,54.474708,58.24368690196078,50
51.87813840000126,54.474708,58.24368690196078,50
51.91005960000075,54.474708,58.24368690196078,50
51.94208200000139,54.474708,58.24368690196078,50
51.974124700000175,54.474708,58.24368690196078,50
52.006002800000715,54.338521230000005,58.5000384690196,50
52.037995700000465,54.338521230000005,58.5000384690196,50
52.0702996,54.338521230000005,58.5000384690196,50
52.10235130000001,54.338521230000005,58.5000384690196,50
52.13409390000015,54.338521230000005,58.5000384690196,50
52.16603480000049,54.20233446,58.75639003607842,50
52.19804210000075,54.20233446,58.75639003607842,50
52.24602120000054,54.20233446,58.75639003607842,50
52.27808630000072,54.20233446,58.75639003607842,50
52.31006840000009,54.20233446,58.75639003607842,50
52.34207190000052,54.06614769,59.01274160313725,50
52.37423780000063,53.929960920000006,59.269093170196065,50
52.40601670000069,53.929960920000006,59.269093170196065,50
52.43833280000035,53.793774150000004,59.525444737254894,50
52.47019910000017,53.65758738,59.781796304313715,50
52.50204250000024,53.65758738,59.781796304313715,50
52.534098000000085,53.52140061,60.03814787137255,50
52.566139000000476,53.385213840000006,60.29449943843136,50
52.59808190000149,53.385213840000006,60.29449943843136,50
52.64615550000053,53.249027070000004,60.550851005490195,50
52.67807260000154,53.1128403,60.807202572549016,50
52.71006500000112,53.1128403,60.807202572549016,50
52.74207070000011,52.97665353,61.063554139607845,50
52.774035399999775,52.840466760000005,61.31990570666667,50
52.806295899999895,52.840466760000005,61.31990570666667,50
52.83813050000026,52.70427999,61.57625727372549,50
52.870071299999836,52.56809322,61.83260884078432,50
52.90206340000077,52.43190645,62.08896040784314,50
52.93407970000044,52.295719680000005,62.34531197490195,50
52.966055300001244,52.15953291,62.601663541960775,50
52.998128400000496,52.02334614,62.858015109019604,50
53.04618710000068,51.887159370000006,63.11436667607842,50
53.07812220000051,51.750972600000004,63.37071824313725,50
53.110023600000204,51.61478583,63.62706981019607,50
53.14197790000071,51.47859906,63.8834213772549,50
53.17417430000023,51.47859906,63.8834213772549,50
53.20607170000039,51.342412290000006,64.1397729443137,50
53.238123500001166,51.206225520000004,64.39612451137255,50
53.270023400000355,51.206225520000004,64.39612451137255,50
53.30212820000088,51.07003875,64.65247607843136,50
53.33404960000007,50.93385198,64.90882764549019,50
53.3660157000013,50.797665210000005,65.165179212549,50
53.398062899999786,50.797665210000005,65.165179212549,50
53.44608530000005,50.66147844,65.42153077960783,50
53.47830320000139,50.52529167,65.67788234666668,50
53.510085800000525,50.3891049,65.93423391372549,50
53.54225300000144,50.252918130000005,66.1905854807843,50
53.57424010000068,50.252918130000005,66.1905854807843,50
53.606108300000415,50.11673136,66.44693704784314,50
53.63804800000071,50.11673136,66.44693704784314,50
53.67000700000062,49.98054459,66.70328861490196,50
53.70201720000114,49.98054459,66.70328861490196,50
53.7340961000009,49.84435782,66.9596401819608,50
53.76610290000099,49.84435782,66.9596401819608,50
53.79808700000103,49.708171050000004,67.2159917490196,50
53.84601870000006,49.57198428,67.47234331607842,50
53.8779013000003,49.57198428,67.47234331607842,50
53.91019510000115,49.43579751,67.72869488313725,50
53.94233940000049,49.299610740000006,67.98504645019607,50
53.974061700000675,49.299610740000006,67.98504645019607,50
54.00606239999979,49.163423970000004,68.2413980172549,50
54.03812090000065,49.163423970000004,68.2413980172549,50
54.07020080000075,49.163423970000004,68.2413980172549,50
54.10208280000006,49.163423970000004,68.2413980172549,50
54.13406390000091,49.163423970000004,68.2413980172549,50
54.16610089999995,49.299610740000006,67.98504645019607,50
54.1980663000013,49.299610740000006,67.98504645019607,50
54.24601330000041,49.299610740000006,67.98504645019607,50
54.27811000000111,49.299610740000006,67.98504645019607,50
54.31023380000079,49.299610740000006,67.98504645019607,50
54.342035400000896,49.299610740000006,67.98504645019607,50
54.37406180000107,49.299610740000006,67.98504645019607,50
54.406051600000865,49.299610740000006,67.98504645019607,50
54.43803660000049,49.299610740000006,67.98504645019607,50
54.47026830000141,49.299610740000006,67.98504645019607,50
54.50200720000066,49.299610740000006,67.98504645019607,50
54.53404220000084,49.43579751,67.72869488313725,50
54.56601779999983,49.43579751,67.72869488313725,50
54.59805210000013,49.43579751,67.72869488313725,50
54.64600200000132,49.57198428,67.47234331607842,50
54.6781217000007,49.57198428,67.47234331607842,50
54.710058700000445,49.57198428,67.47234331607842,50
54.742070199999944,49.708171050000004,67.2159917490196,50
54.774063200000455,49.708171050000004,67.2159917490196,50
54.80600620000041,49.84435782,66.9596401819608,50
54.83807230000093,49.84435782,66.9596401819608,50
54.87010640000153,49.84435782,66.9596401819608,50
54.901990500000466,49.84435782,66.9596401819608,50
54.9340658000001,49.84435782,66.9596401819608,50
54.96607390000099,49.84435782,66.9596401819608,50
54.99807839999994,49.84435782,66.9596401819608,50
55.046221600001445,49.84435782,66.9596401819608,50
55.07809350000025,49.84435782,66.9596401819608,50
55.110059399999955,49.98054459,66.70328861490196,50
55.14210370000001,49.98054459,66.70328861490196,50
55.1740934999998,50.11673136,66.44693704784314,50
55.20608750000065,50.252918130000005,66.1905854807843,50
55.238104200001544,50.252918130000005,66.1905854807843,50
55.27002309999989,50.3891049,65.93423391372549,50
55.30210090000037,50.52529167,65.67788234666668,50
55.33406950000062,50.66147844,65.42153077960783,50
55.366034200000286,50.797665210000005,65.165179212549,50
55.39819230000103,50.93385198,64.90882764549019,50
55.446119199999885,50.93385198,64.90882764549019,50
55.478105199999845,51.07003875,64.65247607843136,50
55.510075700000016,51.206225520000004,64.39612451137255,50
55.54213500000151,51.206225520000004,64.39612451137255,50
55.57405000000108,51.342412290000006,64.1397729443137,50
55.6060892000005,51.47859906,63.8834213772549,50
55.63809140000012,51.61478583,63.62706981019607,50
55.67005720000088,51.750972600000004,63.37071824313725,50
55.70203600000059,51.887159370000006,63.11436667607842,50
55.73397320000004,52.02334614,62.858015109019604,50
55.7661762000007,52.15953291,62.601663541960775,50
55.798105300000316,52.295719680000005,62.34531197490195,50
55.84608650000155,52.43190645,62.08896040784314,50
55.87808790000054,52.56809322,61.83260884078432,50
55.91001640000104,52.56809322,61.83260884078432,50
55.942054900000585,52.70427999,61.57625727372549,50
55.97406450000017,52.840466760000005,61.31990570666667,50
56.00603580000097,52.97665353,61.063554139607845,50
56.03809790000014,53.1128403,60.807202572549016,50
56.07006530000035,53.1128403,60.807202572549016,50
56.10197850000077,53.249027070000004,60.550851005490195,50
56.1341508000005,53.385213840000006,60.29449943843136,50
56.166057000000364,53.385213840000006,60.29449943843136,50
56.198162100001355,53.52140061,60.03814787137255,50
56.24598630000037,53.65758738,59.781796304313715,50
56.278143000001364,53.65758738,59.781796304313715,50
56.310060700001486,53.65758738,59.781796304313715,50
56.3419769000011,53.65758738,59.781796304313715,50
56.37402810000094,53.65758738,59.781796304313715,50
56.406051100000695,53.52140061,60.03814787137255,50
56.43803870000011,53.52140061,60.03814787137255,50
56.47005460000037,53.52140061,60.03814787137255,50
56.502497100000255,53.52140061,60.03814787137255,50
56.534168500000305,53.52140061,60.03814787137255,50
56.566080300000976,53.52140061,60.03814787137255,50
56.59797710000021,53.52140061,60.03814787137255,50
56.646092599999974,53.385213840000006,60.29449943843136,50
56.678069600000526,53.385213840000006,60.29449943843136,50
56.710103000001254,53.1128403,60.807202572549016,50
56.74211210000067,53.1128403,60.807202572549016,50
56.77408120000109,52.97665353,61.063554139607845,50
56.80607090000012,52.97665353,61.063554139607845,50
56.8380416,52.97665353,61.063554139607845,50
56.87024259999998,52.97665353,61.063554139607845,50
56.90222360000007,52.97665353,61.063554139607845,50
56.934181300001,52.840466760000005,61.31990570666667,50
56.966077300001416,52.70427999,61.57625727372549,50
56.99808310000117,52.70427999,61.57625727372549,50
57.04606430000058,52.56809322,61.83260884078432,50
57.07807370000046,49.0272372,68.49774958431371,50
57.11008519999996,49.0272372,68.49774958431371,50
57.142121700000644,49.0272372,68.49774958431371,50
57.174138700000185,48.89105043,68.75410115137255,50
57.206059500000265,48.89105043,68.75410115137255,50
57.238197200000286,48.89105043,68.75410115137255,50
57.270161200000075,48.89105043,68.75410115137255,50
57.30206470000121,48.89105043,68.75410115137255,50
57.33412110000063,48.89105043,68.75410115137255,50
57.36608610000076,48.89105043,68.75410115137255,50
57.39801489999991,48.89105043,68.75410115137255,50
57.446030600000086,48.89105043,68.75410115137255,50
57.478063600001406,48.89105043,68.75410115137255,50
57.51007650000065,48.89105043,68.75410115137255,50
57.54204709999976,48.89105043,68.75410115137255,50
57.57400390000112,48.754863660000005,69.01045271843135,50
57.60629820000031,48.754863660000005,69.01045271843135,50
57.63812130000042,48.754863660000005,69.01045271843135,50
57.67006020000008,48.89105043,68.75410115137255,50
57.702068399999916,48.89105043,68.75410115137255,50
57.73401700000068,48.89105043,68.75410115137255,50
57.76604120000047,48.89105043,68.75410115137255,50
57.79807970000002,49.0272372,68.49774958431371,50
57.84607490000053,49.0272372,68.49774958431371,50
57.87807250000151,49.0272372,68.49774958431371,50
57.91000669999994,49.0272372,68.49774958431371,50
57.94200270000147,49.0272372,68.49774958431371,50
57.97417040000073,49.0272372,68.49774958431371,50
58.00628570000117,49.0272372,68.49774958431371,50
58.038105700001324,49.0272372,68.49774958431371,50
58.06992309999987,49.163423970000004,68.2413980172549,50
58.10208440000133,49.163423970000004,68.2413980172549,50
58.13408850000087,49.163423970000004,68.2413980172549,50
58.16602370000146,49.163423970000004,68.2413980172549,50
58.19811370000025,49.299610740000006,67.98504645019607,50
58.245958299999984,49.299610740000006,67.98504645019607,50
58.27814330000001,49.299610740000006,67.98504645019607,50
58.30999030000021,49.43579751,67.72869488313725,50
58.34226370000033,49.43579751,67.72869488313725,50
58.37426150000101,49.43579751,67.72869488313725,50
58.406012600000395,49.43579751,67.72869488313725,50
58.43804110000019,49.43579751,67.72869488313725,50
58.47074480000083,49.43579751,67.72869488313725,50
58.50205740000092,49.57198428,67.47234331607842,50
58.534037700001136,49.57198428,67.47234331607842,50
58.566034299999956,49.57198428,67.47234331607842,50
58.59808020000128,49.43579751,67.72869488313725,50
58.64599260000068,49.43579751,67.72869488313725,50
58.677967000001445,49.43579751,67.72869488313725,50
58.71002730000146,49.57198428,67.47234331607842,50
58.74253800000042,49.57198428,67.47234331607842,50
58.774150200000804,49.57198428,67.47234331607842,50
58.80602320000071,49.57198428,67.47234331607842,50
58.83809610000026,49.708171050000004,67.2159917490196,50
58.87001920000148,49.708171050000004,67.2159917490196,50
58.90196740000101,49.708171050000004,67.2159917490196,50
58.93410949999998,49.708171050000004,67.2159917490196,50
58.96606240000074,49.708171050000004,67.2159917490196,50
58.998050300000614,49.84435782,66.9596401819608,50
59.046027200000026,49.84435782,66.9596401819608,50
59.07818540000153,49.98054459,66.70328861490196,50
59.110102200000256,50.11673136,66.44693704784314,50
59.14203270000144,50.11673136,66.44693704784314,50
59.17407400000047,50.252918130000005,66.1905854807843,50
59.205968800000846,50.3891049,65.93423391372549,50
59.238055600000735,50.3891049,65.93423391372549,50
59.270018600000185,50.52529167,65.67788234666668,50
59.3021058000013,50.66147844,65.42153077960783,50
59.33412710000084,50.66147844,65.42153077960783,50
59.3660615000008,50.66147844,65.42153077960783,50
59.398025500000585,50.66147844,65.42153077960783,50
59.44608909999988,54.20233446,58.75639003607842,50
59.47820370000045,54.20233446,58.75639003607842,50
59.51007320000099,54.20233446,58.75639003607842,50
59.5420823000004,50.66147844,65.42153077960783,50
59.5741323000002,50.66147844,65.42153077960783,50
59.60612200000105,50.797665210000005,65.165179212549,50
59.638030600001,50.797665210000005,65.165179212549,50
59.67002230000071,54.61089477,57.98733533490196,50
59.702071000001524,50.93385198,64.90882764549019,50
59.73407810000026,50.93385198,64.90882764549019,50
59.7660332000014,54.74708154,57.73098376784313,50
59.79801360000056,54.74708154,57.73098376784313,50
59.84635479999997,54.74708154,57.73098376784313,50
59.87804230000074,54.74708154,57.73098376784313,50
59.910056100001384,54.74708154,57.73098376784313,50
59.94204859999991,54.74708154,57.73098376784313,50
59.97403889999987,54.74708154,57.73098376784313,50
60.00605610000093,54.74708154,57.73098376784313,50
60.03804630000013,54.74708154,20.08392494431372,30
60.07007440000052,54.74708154,20.08392494431372,30
60.10207940000146,54.74708154,20.08392494431372,30
60.1340452000004,54.61089477,20.340276511372547,30
60.16606630000024,54.61089477,20.340276511372547,30
60.19820720000098,54.61089477,20.340276511372547,30
60.24604570000156,54.474708,20.596628078431376,30
60.2780702,54.338521230000005,20.85297964549019,30
60.31001749999996,54.20233446,21.10933121254902,30
60.34209100000044,54.06614769,21.365682779607845,30
60.37406630000078,53.793774150000004,21.87838591372548,30
60.40600799999993,53.52140061,22.391089047843135,30
60.4380170000004,53.249027070000004,22.90379218196078,30
60.47006540000075,52.97665353,23.416495316078432,30
60.502172399999836,52.70427999,23.929198450196072,30
60.53406420000101,52.295719680000005,24.69825315137254,30
60.56606780000038,52.02334614,25.210956285490195,30
60.5980365000014,51.61478583,25.980010986666663,30
60.646050000001196,51.206225520000004,26.74906568784313,30
60.678083400000105,50.797665210000005,27.5181203890196,30
60.710061400000995,50.3891049,28.287175090196083,30
60.74204530000134,49.98054459,29.056229791372544,30
60.774037500001214,49.43579751,30.081636059607842,30
60.806032600001345,48.89105043,31.107042327843143,30
60.83796210000037,48.34630335,32.13244859607843,30
60.87002089999987,47.80155627,33.15785486431373,30
60.90204620000077,47.120622420000004,34.439612699607835,30
60.934147300000404,46.43968857,35.721370534901965,30
60.96611750000011,45.89494149,36.74677680313725,30
60.99807570000121,45.214007640000005,38.02853463843136,30
61.04607589999978,44.53307379,39.31029247372548,30
61.078069300001516,43.85213994,40.59205030901961,30
61.110060000000885,43.30739286,41.6174565772549,30
61.14206340000055,42.626459010000005,42.899214412549014,30
61.17415910000091,41.94552516,44.18097224784313,30
61.20607040000141,41.128404540000005,45.71908165019607,30
61.2380675000004,40.44747069,47.00083948549019,30
61.27003900000091,39.76653684,48.28259732078431,30
61.30219279999983,39.63035007,48.53894888784314,30
61.33432370000082,38.40466914,50.846112991372536,30
61.366089700000884,38.1322956,51.3588161254902,30
61.3980657000011,37.451361750000004,52.64057396078431,30
61.446075500000006,36.63424113,54.178683363137246,30
61.47809330000018,35.953307280000004,55.46044119843137,30
61.5100781000001,35.27237343,56.74219903372549,30
61.54209190000074,34.455252810000005,58.28030843607842,30
61.574064800001,33.77431896,59.56206627137254,30
61.606131800001094,33.09338511,60.843824106666666,30
61.637986900001124,32.412451260000005,62.12558194196078,30
61.67024240000137,31.595330640000004,63.66369134431372,30
61.70203650000076,30.914396790000005,64.94544917960783,30
61.73400469999979,30.233462940000006,66.22720701490195,30
61.76605180000115,29.552529090000004,67.50896485019608,30
61.79801220000081,28.871595240000005,68.79072268549018,30
61.84607550000146,28.054474620000004,70.32883208784313,30
61.87791819999984,27.373540770000005,71.61058992313724,30
61.91001310000138,26.692606920000003,72.89234775843137,30
61.94199889999982,25.875486300000002,74.43045716078431,30
61.97404760000063,25.330739220000005,75.4558634290196,30
62.00605610000093,24.649805370000003,76.73762126431373,30
62.038246199999776,23.968871520000004,78.01937909960783,30
62.07008940000014,23.424124440000003,79.04478536784313,30
62.101946300001146,22.743190590000005,80.32654320313725,30
62.134163500000795,22.198443510000004,81.35194947137254,30
62.166131800000585,21.517509660000005,82.63370730666666,30
62.19814110000152,20.972762580000005,83.65911357490194,30
62.24603730000126,20.428015500000004,84.68451984313724,30
62.27806779999992,19.883268420000004,85.70992611137254,30
62.31003050000072,19.338521340000003,86.73533237960783,30
62.34204380000119,18.793774260000003,87.76073864784314,30
62.37402040000052,18.385213950000004,88.5297933490196,30
62.40633820000039,17.840466870000004,89.55519961725489,30
62.438376699999935,17.43190656,90.32425431843137,30
62.470051800000874,17.023346250000003,91.09330901960784,30
62.50211290000152,16.61478594,91.86236372078432,30
62.53405180000118,16.206225630000002,92.63141842196079,30
62.56611080000039,15.933852090000002,93.14412155607843,30
62.598124400001325,15.525291780000002,93.91317625725489,30
62.6460672000012,15.252918240000001,94.42587939137255,30
62.67803710000044,15.116731470000001,94.68223095843138,30
62.71005620000142,14.844357930000001,95.194934092549,30
62.742081500000495,14.57198439,95.70763722666666,30
62.77416690000064,14.43579762,95.96398879372549,30
62.806141500001104,14.29961085,96.22034036078432,30
62.838051200000336,14.16342408,96.47669192784313,30
62.87009490000128,14.02723731,96.73304349490196,30
62.90208490000077,14.02723731,96.73304349490196,30
62.934072500000184,13.89105054,96.98939506196078,30
62.96604800000023,13.89105054,96.98939506196078,30
62.998168900001474,13.754863770000002,97.2457466290196,30
63.046081100001174,13.754863770000002,97.2457466290196,30
63.078107100000125,13.618677000000002,97.50209819607844,30
63.10997040000075,13.754863770000002,97.2457466290196,30
63.142048100000466,13.89105054,96.98939506196078,30
63.174148300000525,14.29961085,96.22034036078432,30
63.20606290000069,14.43579762,95.96398879372549,30
63.238127800001166,14.708171160000001,95.45128565960783,30
63.27006059999985,14.844357930000001,95.194934092549,30
63.302043100000446,15.116731470000001,94.68223095843138,30
63.334072300000116,15.389105010000002,94.16952782431373,30
63.366088700000546,15.661478550000002,93.65682469019607,30
63.398095399999875,15.933852090000002,93.14412155607843,30
63.44600090000131,16.206225630000002,92.63141842196079,30
63.478684100000464,16.61478594,91.86236372078432,30
63.51006469999993,16.206225630000002,92.63141842196079,30
63.54220170000008,16.61478594,91.86236372078432,30
63.574198700000125,17.023346250000003,91.09330901960784,30
63.60607960000016,17.295719790000003,90.58060588549019,30
63.63814430000093,17.840466870000004,89.55519961725489,30
63.669992600000114,18.385213950000004,88.5297933490196,30
63.701990900000965,18.793774260000003,87.76073864784314,30
63.73399530000097,19.47470811,86.47898081254903,30
63.76595300000008,20.564202270000003,84.42816827607842,30
63.79804239999976,21.108949350000003,83.40276200784314,30
63.84604600000057,21.653696430000004,82.37735573960782,30
63.878058100001,21.789883200000002,82.12100417254902,30
63.91026490000149,22.198443510000004,81.35194947137254,30
63.94199010000011,22.743190590000005,80.32654320313725,30
63.97399519999999,23.424124440000003,79.04478536784313,30
64.00600440000017,23.968871520000004,78.01937909960783,30
64.0380092000014,24.649805370000003,76.73762126431373,30
64.07016530000146,25.330739220000005,75.4558634290196,30
64.10203210000145,25.875486300000002,74.43045716078431,30
64.1340035000012,26.556420150000005,73.14869932549018,30
64.16602430000057,27.237354000000003,71.86694149019608,30
64.19805530000122,27.918287850000006,70.58518365490195,30
64.24624100000074,28.599221700000005,69.30342581960784,30
64.2782471999999,29.280155550000003,68.02166798431372,30
64.31014140000116,29.961089400000006,66.7399101490196,30
64.34213940000154,30.778210020000003,65.20180074666666,30
64.37406270000065,31.322957100000004,64.17639447843136,30
64.40604900000108,32.003890950000006,62.89463664313723,30
64.43799340000078,32.6848248,61.61287880784314,30
64.47008460000143,33.365758650000004,60.331120972549016,30
64.50208720000046,33.910505730000004,59.305714704313715,30
64.53418320000128,34.455252810000005,58.28030843607842,30
64.56606410000131,35.13618666,56.99855060078431,30
64.59802839999975,35.81712051,55.71679276549018,30
64.64617510000062,36.36186759,54.69138649725489,30
64.67810629999985,36.90661467,53.665980229019596,30
64.71008710000024,37.58754852,52.3842223937255,30
64.74204530000134,38.1322956,51.3588161254902,30
64.77424419999988,38.67704268,50.33340985725489,30
64.80596340000011,39.35797653,49.051652021960784,30
64.83799859999999,39.90272361,48.02624575372549,30
64.8701043000001,40.44747069,47.00083948549019,30
64.9019868000014,40.99221777,45.975433217254896,30
64.93410420000146,41.536964850000004,44.9500269490196,30
64.96599050000077,41.94552516,44.18097224784313,30
64.99810140000045,42.49027224,43.15556597960784,30
65.0459179999998,43.03501932,42.13015971137254,30
65.07798890000049,43.44357963,41.36110501019608,30
65.10997710000083,43.85213994,40.59205030901961,30
65.14200239999991,44.26070025,39.82299560784314,30
65.1740178,44.669260560000005,39.053940906666654,30
65.20620550000058,45.077820870000004,38.28488620549019,30
65.23803860000044,41.40077808,45.20637851607843,30
65.27001360000031,41.80933839,44.437323814901966,30
65.30200409999998,42.081711930000004,43.9246206807843,30
65.33388390000073,42.35408547,43.411917546666665,30
65.36605400000008,42.626459010000005,42.899214412549014,30
65.3980702000008,46.84824888,34.95231583372549,30
65.44603960000131,47.120622420000004,34.439612699607835,30
65.47807970000031,47.39299596,33.92690956549019,30
65.51006000000052,47.665369500000004,33.41420643137254,30
65.54206630000044,43.85213994,40.59205030901961,30
65.57405319999998,47.93774304,32.901503297254905,30
65.60609170000134,44.124513480000005,40.079347174901955,30
65.63798700000007,44.26070025,39.82299560784314,30
65.67000750000079,44.26070025,39.82299560784314,30
65.70196780000151,44.26070025,39.82299560784314,30
65.73412300000018,48.07392981,32.645151730196076,30
65.76630710000063,48.07392981,32.645151730196076,30
65.79822899999999,48.07392981,32.645151730196076,30
65.83007160000125,47.93774304,32.901503297254905,30
65.87819730000047,47.93774304,32.901503297254905,30
65.9100541000007,47.80155627,33.15785486431373,30
65.94204400000126,47.665369500000004,33.41420643137254,30
65.97408110000106,47.52918273,33.67055799843136,30
66.00605050000013,47.256809190000006,34.183261132549006,30
66.03814690000036,46.98443565,34.695964266666664,30
66.07010510000146,46.84824888,34.95231583372549,30
66.1022481,46.57587534,35.465018967843136,30
66.13415500000156,46.167315030000005,36.2340736690196,30
66.16603250000117,45.89494149,36.74677680313725,30
66.19792690000031,45.48638118,37.515831504313724,30
66.2300520000008,45.214007640000005,38.02853463843136,30
66.27809479999996,44.80544733,38.79758933960784,30
66.31019510000078,44.39688702,39.56664404078431,30
66.34200670000064,43.98832671,40.33569874196078,30
66.37401219999992,43.579766400000004,41.10475344313725,30
66.40601120000065,43.171206090000005,41.87380814431372,30
66.43800650000048,42.76264578,42.6428628454902,30
66.47042040000088,42.35408547,43.411917546666665,30
66.50218300000051,41.80933839,44.437323814901966,30
66.53401819999999,41.40077808,45.20637851607843,30
66.56600050000088,40.99221777,45.975433217254896,30
66.59802950000085,40.583657460000005,46.74448791843137,30
66.63003410000056,40.038910380000004,47.76989418666666,30
66.67800130000069,39.494163300000004,48.795300454901955,30
66.71004780000112,38.94941622,49.82070672313725,30
66.74210660000062,38.40466914,50.846112991372536,30
66.77406280000105,37.72373529,52.127870826666665,30
66.80603500000143,37.31517498,52.896925527843145,30
66.8381868000015,36.63424113,54.178683363137246,30
66.87006220000148,36.08949405,55.20408963137255,30
66.90211799999997,35.54474697,56.22949589960785,30
66.93399270000009,34.99999989,57.25490216784315,30
66.96600670000043,34.31906604,58.53666000313724,30
66.99804480000057,33.910505730000004,59.305714704313715,30
67.03006280000045,33.63813219,59.81841783843137,30
67.07806530000016,33.22957188,60.587472539607845,30
67.1100449000005,32.6848248,61.61287880784314,30
67.14219670000057,32.14007772,62.63828507607844,30
67.17402349999975,31.595330640000004,63.66369134431372,30
67.20612390000133,31.050583560000003,64.68909761254902,30
67.23818560000109,30.505836480000003,65.7145038807843,30
67.27005890000146,29.824902630000004,66.99626171607844,30
67.3020919999999,29.280155550000003,68.02166798431372,30
67.33418680000068,28.735408470000003,69.04707425254901,30
67.36599019999994,28.190661390000002,70.07248052078431,30
67.39805340000021,27.645914310000006,71.0978867890196,30
67.43006140000034,27.101167230000005,72.12329305725488,30
67.47822600000109,26.692606920000003,72.89234775843137,30
67.5099691000014,26.147859840000002,73.91775402666666,30
67.5419638000003,25.466925990000004,75.19951186196077,30
67.57425540000077,24.785992140000005,76.48126969725489,30
67.6062664000001,24.377431830000003,77.25032439843137,30
67.63790520000111,23.968871520000004,78.01937909960783,30
67.67000530000041,23.696497980000004,78.53208223372549,30
67.70204530000046,23.287937670000005,79.30113693490195,30
67.73404769999979,23.015564130000005,79.81384006901959,30
67.76600730000064,22.607003820000003,80.58289477019608,30
67.79796739999983,22.334630280000003,81.09559790431372,30
67.83002560000023,21.926069970000004,81.86465260549018,30
67.87806170000113,21.653696430000004,82.37735573960782,30
67.90999660000125,21.381322890000003,82.89005887372548,30
67.94208840000101,21.108949350000003,83.40276200784314,30
67.9740651000011,20.836575810000003,83.91546514196078,30
68.00599090000105,20.700389040000005,84.1718167090196,30
68.03805550000106,20.428015500000004,84.68451984313724,30
68.06996590000017,20.291828730000002,84.94087141019607,30
68.1020152000001,20.155641960000004,85.1972229772549,30
68.13392490000115,20.019455190000002,85.45357454431372,30
68.16601940000146,19.883268420000004,85.70992611137254,30
68.19803570000113,19.747081650000002,85.96627767843137,30
68.22988160000023,19.610894880000004,86.2226292454902,30
68.27791700000125,19.47470811,86.47898081254903,30
68.31008100000145,19.47470811,86.47898081254903,30
68.34204590000081,19.338521340000003,86.73533237960783,30
68.3740342000001,19.338521340000003,86.73533237960783,30
68.40602820000095,19.202334570000005,86.99168394666665,30
68.43799880000006,19.202334570000005,86.99168394666665,30
68.4702111000006,19.202334570000005,86.99168394666665,30
68.5020783,19.202334570000005,86.99168394666665,30
68.53398809999999,19.202334570000005,86.99168394666665,30
68.56602430000021,19.338521340000003,86.73533237960783,30
68.59806650000064,19.338521340000003,86.73533237960783,30
68.63018400000146,19.47470811,86.47898081254903,30
68.67846710000049,19.47470811,86.47898081254903,30
68.71012760000121,19.610894880000004,86.2226292454902,30
68.74202820000028,19.747081650000002,85.96627767843137,30
68.77403260000028,19.883268420000004,85.70992611137254,30
68.80605330000071,20.019455190000002,85.45357454431372,30
68.83798680000109,20.291828730000002,84.94087141019607,30
68.87004700000034,20.428015500000004,84.68451984313724,30
68.90203470000051,20.700389040000005,84.1718167090196,30
68.93401710000035,20.836575810000003,83.91546514196078,30
68.9660326000012,21.108949350000003,83.40276200784314,30
68.99802210000053,21.381322890000003,82.89005887372548,30
69.0303870000007,21.653696430000004,82.37735573960782,30
69.07820290000018,21.926069970000004,81.86465260549018,30
69.11011730000064,22.334630280000003,81.09559790431372,30
69.14202670000122,22.607003820000003,80.58289477019608,30
69.17404080000051,22.879377360000003,80.07019163607842,30
69.20600950000153,23.287937670000005,79.30113693490195,30
69.23801100000128,23.696497980000004,78.53208223372549,30
69.26998140000069,23.968871520000004,78.01937909960783,30
69.30205780000142,24.377431830000003,77.25032439843137,30
69.33399370000006,24.785992140000005,76.48126969725489,30
69.36601530000007,25.194552450000003,75.71221499607843,30
69.39799459999995,25.603112760000005,74.94316029490194,30
69.43016400000124,26.011673070000004,74.17410559372549,30
69.47803490000115,26.420233380000003,73.40505089254901,30
69.51003790000141,26.828793690000005,72.63599619137253,30
69.54206359999989,27.373540770000005,71.61058992313724,30
69.57400800000141,27.782101080000004,70.84153522196078,30
69.60609600000134,28.326848160000004,69.81612895372548,30
69.63798990000032,28.735408470000003,69.04707425254901,30
69.66996040000049,29.143968780000005,68.27801955137254,30
69.70211190000009,29.552529090000004,67.50896485019608,30
69.7339780000002,30.097276170000004,66.48355858196078,30
69.7659463,30.505836480000003,65.7145038807843,30
69.79803260000153,30.505836480000003,65.7145038807843,30
69.83003720000124,30.914396790000005,64.94544917960783,30
69.8780200000001,31.459143870000005,63.92004291137253,30
69.90999640000155,31.867704180000004,63.15098821019607,30
69.94208890000118,32.27626449,62.3819335090196,30
69.97406279999996,32.82101157,61.35652724078431,30
70.00608629999988,33.22957188,60.587472539607845,30
70.03805509999984,33.63813219,59.81841783843137,30
70.0700336000009,34.0466925,59.04936313725489,30
70.10204500000145,34.59143958,58.023956869019614,30
70.13407480000023,34.99999989,57.25490216784315,30
70.16617140000017,35.408560200000004,56.48584746666666,30
70.19816030000038,35.81712051,55.71679276549018,30
70.23001250000016,36.22568082,54.947738064313725,30
70.27805170000101,36.63424113,54.178683363137246,30
70.31004380000013,37.04280144,53.409628661960795,30
70.34202449999975,37.31517498,52.896925527843145,30
70.37411880000036,37.85992206,51.871519259607844,30
70.40607860000091,38.1322956,51.3588161254902,30
70.43803590000061,38.540855910000005,50.589761424313714,30
70.47003720000066,38.94941622,49.82070672313725,30
70.50211620000118,39.35797653,49.051652021960784,30
70.53431000000091,39.63035007,48.53894888784314,30
70.56616829999984,39.90272361,48.02624575372549,30
70.59800080000059,40.31128392,47.25719105254902,30
70.63005990000056,40.583657460000005,46.74448791843137,30
70.67803570000069,40.856031,46.231784784313724,30
70.7100534000001,41.128404540000005,45.71908165019607,30
70.74198260000048,41.40077808,45.20637851607843,30
70.77397650000057,41.67315162,44.69367538196079,30
70.80604339999991,41.80933839,44.437323814901966,30
70.83792670000003,42.081711930000004,43.9246206807843,30
70.86990420000075,42.2178987,43.66826911372549,30
70.90202390000013,42.49027224,43.15556597960784,30
70.9340798000012,42.626459010000005,42.899214412549014,30
70.96609910000006,42.76264578,42.6428628454902,30
70.99808230000053,43.03501932,42.13015971137254,30
71.03000200000133,43.03501932,42.13015971137254,30
71.07817480000085,43.171206090000005,41.87380814431372,30
71.11004090000097,43.30739286,41.6174565772549,30
71.14198530000067,43.30739286,41.6174565772549,30
71.1739690000013,43.30739286,41.6174565772549,30
71.20602060000056,43.44357963,41.36110501019608,30
71.23790590000135,43.44357963,41.36110501019608,30
71.27009610000096,43.44357963,41.36110501019608,30
71.3020088000012,43.44357963,41.36110501019608,30
71.33398260000104,43.44357963,41.36110501019608,30
71.36602140000105,43.44357963,41.36110501019608,30
71.39800250000008,43.30739286,41.6174565772549,30
71.43014440000115,43.30739286,41.6174565772549,30
71.4780535000009,43.171206090000005,41.87380814431372,30
71.51001820000056,43.171206090000005,41.87380814431372,30
71.54202740000073,43.03501932,42.13015971137254,30
71.57403590000104,42.89883255,42.38651127843137,30
71.6060852999999,42.76264578,42.6428628454902,30
71.6382590000012,42.626459010000005,42.899214412549014,30
71.67016520000107,42.49027224,43.15556597960784,30
71.70197440000084,42.35408547,43.411917546666665,30
71.73403980000148,42.2178987,43.66826911372549,30
71.7660362000006,41.94552516,44.18097224784313,30
71.79801190000035,41.80933839,44.437323814901966,30
71.83001530000001,41.536964850000004,44.9500269490196,30
71.87797060000048,41.26459131,45.46273008313725,30
71.91006470000139,40.99221777,45.975433217254896,30
71.94199990000016,40.71984423,46.48813635137255,30
71.97399720000067,40.44747069,47.00083948549019,30
72.00618200000099,40.17509715,47.51354261960785,30
72.03804050000144,39.76653684,48.28259732078431,30
72.07003620000069,39.494163300000004,48.795300454901955,30
72.10217540000122,39.08560299,49.564355156078435,30
72.13406360000045,38.67704268,50.33340985725489,30
72.16604990000087,38.26848237,51.10246455843137,30
72.19799100000091,37.85992206,51.871519259607844,30
72.23000110000066,37.58754852,52.3842223937255,30
72.27798210000037,37.17898821,53.153277094901966,30
72.31000920000042,36.7704279,53.922331796078424,30
72.34199869999975,36.36186759,54.69138649725489,30
72.37412490000133,35.953307280000004,55.46044119843137,30
72.40603230000124,35.54474697,56.22949589960785,30
72.43795180000052,35.27237343,56.74219903372549,30
72.46997060000103,34.86381312,57.511253734901956,30
72.50202280000121,34.455252810000005,58.28030843607842,30
72.53396720000092,34.0466925,59.04936313725489,30
72.56593870000142,33.63813219,59.81841783843137,30
72.59798750000118,33.09338511,60.843824106666666,30
72.63000009999996,32.6848248,61.61287880784314,30
72.6780587000012,32.27626449,62.3819335090196,30
72.70996250000098,31.867704180000004,63.15098821019607,30
72.74203780000062,31.459143870000005,63.92004291137253,30
72.77404220000062,31.050583560000003,64.68909761254902,30
72.80601000000024,30.642023250000005,65.45815231372548,30
72.83793560000049,30.233462940000006,66.22720701490195,30
72.87003180000102,29.961089400000006,66.7399101490196,30
72.90201739999975,29.416342320000005,67.76531641725488,30
72.9339869000014,29.007782010000003,68.53437111843137,30
72.96606010000141,28.735408470000003,69.04707425254901,30
72.99805920000108,28.326848160000004,69.81612895372548,30
73.0299756000004,27.918287850000006,70.58518365490195,30
73.0779891000002,27.509727540000004,71.35423835607843,30
73.11030530000062,27.101167230000005,72.12329305725488,30
73.14215690000128,26.692606920000003,72.89234775843137,30
73.17396379999991,26.420233380000003,73.40505089254901,30
73.20599949999996,26.147859840000002,73.91775402666666,30
73.23805410000023,25.875486300000002,74.43045716078431,30
73.2699704000006,25.603112760000005,74.94316029490194,30
73.30204910000066,25.603112760000005,74.94316029490194,30
73.33402560000104,25.194552450000003,75.71221499607843,30
73.36606759999995,25.058365680000005,75.96856656313724,30
73.39805260000139,24.785992140000005,76.48126969725489,30
73.43008920000102,24.513618600000004,76.99397283137253,30
73.47843490000014,24.241245060000004,77.50667596549017,30
73.51047440000002,24.105058290000002,77.76302753254902,30
73.54201380000086,23.832684750000002,78.27573066666666,30
73.5740392000007,23.696497980000004,78.53208223372549,30
73.60609140000088,23.560311210000005,78.78843380078429,30
73.63811300000089,23.287937670000005,79.30113693490195,30
73.67012070000055,23.151750900000003,79.55748850196078,30
73.70197820000067,23.015564130000005,79.81384006901959,30
73.73404290000144,22.879377360000003,80.07019163607842,30
73.76596720000089,22.743190590000005,80.32654320313725,30
73.79801750000115,23.560311210000005,78.78843380078429,30
73.83000900000116,22.607003820000003,80.58289477019608,30
73.87818890000017,22.607003820000003,80.58289477019608,30
73.91002520000075,22.607003820000003,80.58289477019608,30
73.94197870000062,22.470817050000004,80.83924633725489,30
73.97399920000134,22.470817050000004,80.83924633725489,30
74.00600370000029,22.470817050000004,80.83924633725489,30
74.03799299999991,22.470817050000004,80.83924633725489,30
74.07000650000009,22.470817050000004,80.83924633725489,30
74.10207160000027,22.470817050000004,80.83924633725489,30
74.13391779999984,22.607003820000003,80.58289477019608,30
74.1660421000015,22.607003820000003,80.58289477019608,30
74.19805700000143,22.743190590000005,80.32654320313725,30
74.23004730000139,22.879377360000003,80.07019163607842,30
74.27795330000117,23.015564130000005,79.81384006901959,30
74.30997960000059,23.287937670000005,79.30113693490195,30
74.34206679999988,23.424124440000003,79.04478536784313,30
74.37399220000043,23.696497980000004,78.53208223372549,30
74.4060129999998,23.832684750000002,78.27573066666666,30
74.43796400000065,24.105058290000002,77.76302753254902,30
74.47000170000138,24.241245060000004,77.50667596549017,30
74.50197470000057,24.513618600000004,76.99397283137253,30
74.53406180000093,24.785992140000005,76.48126969725489,30
74.56608520000009,24.922178910000003,76.22491813019607,30
74.59816140000112,25.194552450000003,75.71221499607843,30
74.63001050000094,25.466925990000004,75.19951186196077,30
74.67802560000018,25.739299530000004,74.68680872784313,30
74.71001520000027,26.011673070000004,74.17410559372549,30
74.74205890000121,26.284046610000004,73.66140245960783,30
74.77410490000148,26.556420150000005,73.14869932549018,30
74.8060645000005,26.828793690000005,72.63599619137253,30
74.83802400000059,27.101167230000005,72.12329305725488,30
74.8700514000011,27.509727540000004,71.35423835607843,30
74.90201510000043,27.782101080000004,70.84153522196078,30
74.93427640000118,28.190661390000002,70.07248052078431,30
74.96612810000079,28.190661390000002,70.07248052078431,30
74.99799119999989,28.599221700000005,69.30342581960784,30
75.03002600000036,28.871595240000005,68.79072268549018,30
75.07803020000028,29.143968780000005,68.27801955137254,30
75.11003540000092,29.552529090000004,67.50896485019608,30
75.14203369999996,29.824902630000004,66.99626171607844,30
75.17417730000125,30.097276170000004,66.48355858196078,30
75.20594970000093,30.505836480000003,65.7145038807843,30
75.23799000000145,30.778210020000003,65.20180074666666,30
75.26998820000154,31.186770330000005,64.43274604549019,30
75.30201490000036,31.595330640000004,63.66369134431372,30
75.33422510000128,32.003890950000006,62.89463664313723,30
75.36602940000012,32.412451260000005,62.12558194196078,30
75.39798000000155,32.6848248,61.61287880784314,30
75.42998249999982,33.22957188,60.587472539607845,30
75.4779995000008,33.63813219,59.81841783843137,30
75.5100222000001,33.77431896,59.56206627137254,30
75.54211960000066,34.0466925,59.04936313725489,30
75.57397570000103,34.455252810000005,58.28030843607842,30
75.60597860000053,34.72762635,57.76760530196079,30
75.63803200000075,34.99999989,57.25490216784315,30
75.66991100000087,35.408560200000004,56.48584746666666,30
75.7020420000008,35.68093374,55.97314433254902,30
75.73395620000156,35.953307280000004,55.46044119843137,30
75.76603390000128,36.22568082,54.947738064313725,30
75.79804100000001,36.498054360000005,54.43503493019607,30
75.8299721000003,36.7704279,53.922331796078424,30
75.87798010000006,37.04280144,53.409628661960795,30
75.91002750000007,37.31517498,52.896925527843145,30
75.94196710000142,37.58754852,52.3842223937255,30
75.97400650000054,37.85992206,51.871519259607844,30
76.00601330000063,37.996108830000004,51.615167692549015,30
76.03802480000013,38.26848237,51.10246455843137,30
76.07026790000054,38.40466914,50.846112991372536,30
76.10213860000113,38.540855910000005,50.589761424313714,30
76.13402630000019,38.81322945,50.07705829019608,30
76.16601530000116,38.94941622,49.82070672313725,30
76.19802909999999,39.08560299,49.564355156078435,30
76.23005809999995,39.22178976,49.30800358901961,30
76.27802750000046,39.35797653,49.051652021960784,30
76.31012750000082,39.494163300000004,48.795300454901955,30
76.34204310000132,39.63035007,48.53894888784314,30
76.37401140000111,39.76653684,48.28259732078431,30
76.40604200000053,39.90272361,48.02624575372549,30
76.43838820000019,39.90272361,48.02624575372549,30
76.47018019999996,40.038910380000004,47.76989418666666,30
76.50202549999995,40.17509715,47.51354261960785,30
76.53406050000012,40.17509715,47.51354261960785,30
76.56601690000025,40.17509715,47.51354261960785,30
76.59803629999988,40.17509715,47.51354261960785,30
76.63003370000115,40.17509715,47.51354261960785,30
76.67806390000078,40.17509715,47.51354261960785,30
76.70993960000123,40.17509715,47.51354261960785,30
76.7420570000013,40.17509715,47.51354261960785,30
76.77390910000031,40.038910380000004,47.76989418666666,30
76.8061069000014,40.038910380000004,47.76989418666666,30
76.83804100000089,39.90272361,48.02624575372549,30
76.86996090000139,39.76653684,48.28259732078431,30
76.9020113000006,39.63035007,48.53894888784314,30
76.93403630000103,39.494163300000004,48.795300454901955,30
76.96595830000115,39.76653684,48.28259732078431,30
76.99798960000044,39.494163300000004,48.795300454901955,30
77.0299928000004,39.35797653,49.051652021960784,30
77.07791710000129,39.22178976,49.30800358901961,30
77.10997130000032,38.94941622,49.82070672313725,30
77.1418790000007,38.81322945,50.07705829019608,30
77.17408070000056,38.540855910000005,50.589761424313714,30
77.20597550000093,38.40466914,50.846112991372536,30
77.23801070000081,38.1322956,51.3588161254902,30
77.26997990000018,37.996108830000004,51.615167692549015,30
77.30200510000031,37.72373529,52.127870826666665,30
77.33399950000057,37.451361750000004,52.64057396078431,30
77.36600309999994,37.17898821,53.153277094901966,30
77.3979890999999,36.90661467,53.665980229019596,30
77.43004970000038,36.63424113,54.178683363137246,30
77.4779819000014,36.36186759,54.69138649725489,30
77.51000879999992,36.08949405,55.20408963137255,30
77.54220970000097,35.81712051,55.71679276549018,30
77.57413749999978,35.54474697,56.22949589960785,30
77.60605000000032,35.27237343,56.74219903372549,30
77.63795740000023,34.99999989,57.25490216784315,30
77.67000990000088,34.59143958,58.023956869019614,30
77.70203810000021,34.31906604,58.53666000313724,30
77.73401860000013,34.0466925,59.04936313725489,30
77.76606260000153,33.63813219,59.81841783843137,30
77.7980361000009,33.365758650000004,60.331120972549016,30
77.83002730000044,33.09338511,60.843824106666666,30
77.87804320000032,32.82101157,61.35652724078431,30
77.91041450000012,32.54863803,61.86923037490196,30
77.94212250000055,32.27626449,62.3819335090196,30
77.9739851000013,32.003890950000006,62.89463664313723,30
78.00605880000148,31.731517410000006,63.40733977725489,30
78.0381019000015,32.14007772,62.63828507607844,30
78.06994560000021,31.867704180000004,63.15098821019607,30
78.10201580000103,31.595330640000004,63.66369134431372,30
78.1340622000007,31.459143870000005,63.92004291137253,30
78.16600180000023,31.186770330000005,64.43274604549019,30
78.19799080000121,31.050583560000003,64.68909761254902,30
78.23002310000084,30.914396790000005,64.94544917960783,30
78.27815830000145,30.642023250000005,65.45815231372548,30
78.31017280000015,30.233462940000006,66.22720701490195,30
78.34200469999996,29.961089400000006,66.7399101490196,30
78.37397610000153,29.688715860000006,67.25261328313724,30
78.40595329999996,29.416342320000005,67.76531641725488,30
78.43798340000103,29.552529090000004,67.50896485019608,30
78.47002590000011,29.007782010000003,68.53437111843137,30
78.50198900000032,29.007782010000003,68.53437111843137,30
78.534012600001,28.735408470000003,69.04707425254901,30
78.56594089999999,28.599221700000005,69.30342581960784,30
78.59794560000046,28.463034930000003,69.55977738666667,30
78.63008880000052,28.190661390000002,70.07248052078431,30
78.67801719999989,28.054474620000004,70.32883208784313,30
78.70997210000132,27.918287850000006,70.58518365490195,30
78.74201410000023,27.782101080000004,70.84153522196078,30
78.77397000000019,27.645914310000006,71.0978867890196,30
78.80596180000066,27.509727540000004,71.35423835607843,30
78.83798890000071,27.373540770000005,71.61058992313724,30
78.86998500000118,27.101167230000005,72.12329305725488,30
78.90204220000123,26.964980460000003,72.37964462431373,30
78.93414160000066,26.828793690000005,72.63599619137253,30
78.96593420000136,26.692606920000003,72.89234775843137,30
78.99816460000147,26.692606920000003,72.89234775843137,30
79.03014650000114,26.556420150000005,73.14869932549018,30
79.07795799999985,26.420233380000003,73.40505089254901,30
79.1099933000005,26.420233380000003,73.40505089254901,30
79.14207290000013,26.284046610000004,73.66140245960783,30
79.17414270000154,26.284046610000004,73.66140245960783,30
79.20605870000145,26.284046610000004,73.66140245960783,30
79.2380217000009,26.147859840000002,73.91775402666666,30
79.27002920000086,26.147859840000002,73.91775402666666,30
79.30204010000125,26.147859840000002,73.91775402666666,30
79.33404800000062,26.147859840000002,73.91775402666666,30
79.36627680000129,26.147859840000002,73.91775402666666,30
79.39815510000153,26.147859840000002,73.91775402666666,30
79.42995979999978,26.147859840000002,73.91775402666666,30
79.47797360000004,26.147859840000002,73.91775402666666,30
79.51003810000111,26.147859840000002,73.91775402666666,30
79.54200550000132,26.284046610000004,73.66140245960783,30
79.57400880000023,26.284046610000004,73.66140245960783,30
79.60609530000147,26.420233380000003,73.40505089254901,30
79.6380179000007,26.420233380000003,73.40505089254901,30
79.66998969999986,26.556420150000005,73.14869932549018,30
79.70199230000071,26.692606920000003,72.89234775843137,30
79.73422850000134,26.692606920000003,72.89234775843137,30
79.76604829999997,26.828793690000005,72.63599619137253,30
79.7979763000003,26.964980460000003,72.37964462431373,30
79.82997780000005,27.101167230000005,72.12329305725488,30
79.8780082000012,27.101167230000005,72.12329305725488,30
79.90997190000053,27.237354000000003,71.86694149019608,30
79.94200640000054,27.373540770000005,71.61058992313724,30
79.97403210000084,27.509727540000004,71.35423835607843,30
80.00602550000076,27.645914310000006,71.0978867890196,30
80.03796570000122,27.918287850000006,70.58518365490195,30
80.06995860000097,28.054474620000004,70.32883208784313,30
80.10195600000043,28.190661390000002,70.07248052078431,30
80.13415770000029,28.326848160000004,69.81612895372548,30
80.16598320000048,28.463034930000003,69.55977738666667,30
80.19803330000104,28.599221700000005,69.30342581960784,30
80.22996650000096,28.599221700000005,69.30342581960784,30
80.27803370000038,28.871595240000005,68.79072268549018,30
80.31007750000026,29.143968780000005,68.27801955137254,30
80.34201320000102,29.280155550000003,68.02166798431372,30
80.3739841000006,29.552529090000004,67.50896485019608,30
80.40594109999984,29.688715860000006,67.25261328313724,30
80.43793960000039,29.961089400000006,66.7399101490196,30
80.47012770000038,30.097276170000004,66.48355858196078,30
80.50221220000094,30.369649710000004,65.97085544784314,30
80.53393940000024,30.642023250000005,65.45815231372548,30
80.56593040000007,30.778210020000003,65.20180074666666,30
80.59800600000017,31.050583560000003,64.68909761254902,30
80.62995430000046,31.322957100000004,64.17639447843136,30
80.67800200000056,31.459143870000005,63.92004291137253,30
80.71003970000129,31.595330640000004,63.66369134431372,30
80.74208670000007,31.731517410000006,63.40733977725489,30
80.77395849999994,31.186770330000005,64.43274604549019,30
80.8059458000007,31.459143870000005,63.92004291137253,30
80.83807119999983,31.595330640000004,63.66369134431372,30
80.87011900000107,31.731517410000006,63.40733977725489,30
80.90198170000076,31.867704180000004,63.15098821019607,30
80.93409600000086,32.14007772,62.63828507607844,30
80.9660240000012,32.27626449,62.3819335090196,30
80.99801290000141,32.412451260000005,62.12558194196078,30
81.03005819999998,32.54863803,61.86923037490196,30
81.07803880000029,32.6848248,61.61287880784314,30
81.11000940000122,32.957198340000005,61.10017567372549,30
81.14198329999999,33.09338511,60.843824106666666,30
81.17407540000022,33.22957188,60.587472539607845,30
81.20606650000082,33.501945420000006,60.07476940549018,30
81.23811430000023,33.63813219,59.81841783843137,30
81.27000070000031,33.77431896,59.56206627137254,30
81.30196330000035,34.0466925,59.04936313725489,30
81.33399950000057,34.18287927,58.79301157019607,30
81.36599190000015,34.31906604,58.53666000313724,30
81.39798880000126,34.59143958,58.023956869019614,30
81.42996610000046,34.72762635,57.76760530196079,30
81.47805030000018,34.86381312,57.511253734901956,30
81.50995900000089,35.13618666,56.99855060078431,30
81.54195320000144,35.27237343,56.74219903372549,30
81.57384920000004,35.408560200000004,56.48584746666666,30
81.6060981999999,35.54474697,56.22949589960785,30
81.63790070000141,35.68093374,55.97314433254902,30
81.6699238000001,35.81712051,55.71679276549018,30
81.70196780000151,35.953307280000004,55.46044119843137,30
81.73392969999986,36.08949405,55.20408963137255,30
81.7661208999998,36.22568082,54.947738064313725,30
81.79801360000056,36.36186759,54.69138649725489,30
81.82997940000132,36.36186759,54.69138649725489,30
81.87806940000155,36.498054360000005,54.43503493019607,30
81.90996570000061,36.63424113,54.178683363137246,30
81.94192660000044,36.7704279,53.922331796078424,30
81.97410730000047,36.7704279,53.922331796078424,30
82.00601700000152,36.7704279,53.922331796078424,30
82.03807830000005,36.90661467,53.665980229019596,30
82.06991820000076,36.90661467,53.665980229019596,30
82.10198800000035,37.04280144,53.409628661960795,30
82.1340194000004,37.04280144,53.409628661960795,30
82.16602460000104,37.17898821,53.153277094901966,30
82.19802359999994,37.17898821,53.153277094901966,30
82.23009880000063,37.17898821,53.153277094901966,30
82.27806620000047,37.17898821,53.153277094901966,30
82.31002190000072,37.17898821,53.153277094901966,30
82.34221020000041,37.17898821,53.153277094901966,30
82.37402190000103,37.17898821,53.153277094901966,30
82.4060012000009,37.04280144,53.409628661960795,30
82.438033800001,37.04280144,53.409628661960795,30
82.47001620000083,37.04280144,53.409628661960795,30
82.50201290000041,36.90661467,53.665980229019596,30
82.5339939000005,36.90661467,53.665980229019596,30
82.565978300001,36.90661467,53.665980229019596,30
82.59800560000076,36.7704279,53.922331796078424,30
82.63004200000069,36.7704279,53.922331796078424,30
82.6779518000003,36.63424113,54.178683363137246,30
82.71009030000096,36.498054360000005,54.43503493019607,30
82.7421245000005,36.36186759,54.69138649725489,30
82.77399740000146,36.22568082,54.947738064313725,30
82.80602980000003,36.08949405,55.20408963137255,30
82.83801720000156,35.953307280000004,55.46044119843137,30
82.86989530000028,35.81712051,55.71679276549018,30
82.90201040000102,35.54474697,56.22949589960785,30
82.93393650000144,35.408560200000004,56.48584746666666,30
82.9659657000011,35.27237343,56.74219903372549,30
82.99804180000137,34.99999989,57.25490216784315,30
83.03001120000044,34.86381312,57.511253734901956,30
83.0781705999998,34.72762635,57.76760530196079,30
83.10999900000024,34.455252810000005,58.28030843607842,30
83.14197200000126,34.31906604,58.53666000313724,30
83.17389240000011,34.18287927,58.79301157019607,30
83.20603350000056,33.910505730000004,59.305714704313715,30
83.23791300000084,33.77431896,59.56206627137254,30
83.26994900000136,33.63813219,59.81841783843137,30
83.3020675000007,33.501945420000006,60.07476940549018,30
83.33405149999999,33.365758650000004,60.331120972549016,30
83.36602390000007,33.09338511,60.843824106666666,30
83.39801320000151,33.09338511,60.843824106666666,30
83.43002570000135,32.957198340000005,61.10017567372549,30
83.47811680000086,32.6848248,61.61287880784314,30
83.51001280000128,32.54863803,61.86923037490196,30
83.5420267999998,32.412451260000005,62.12558194196078,30
83.57401410000057,32.14007772,62.63828507607844,30
83.60601900000074,32.003890950000006,62.89463664313723,30
83.63796480000019,31.731517410000006,63.40733977725489,30
83.66998800000147,31.595330640000004,63.66369134431372,30
83.70199339999999,31.322957100000004,64.17639447843136,30
83.73395830000118,31.186770330000005,64.43274604549019,30
83.76611010000124,31.050583560000003,64.68909761254902,30
83.79821450000054,30.778210020000003,65.20180074666666,30
83.83021180000105,30.642023250000005,65.45815231372548,30
83.87799230000019,30.505836480000003,65.7145038807843,30
83.91001420000066,30.369649710000004,65.97085544784314,30
83.94203730000118,30.233462940000006,66.22720701490195,30
83.97401189999982,30.097276170000004,66.48355858196078,30
84.00607390000005,29.961089400000006,66.7399101490196,30
84.03805710000051,29.824902630000004,66.99626171607844,30
84.0700667000001,29.688715860000006,67.25261328313724,30
84.10202329999993,29.552529090000004,67.50896485019608,30
84.1340065000004,29.552529090000004,67.50896485019608,30
84.1662522000006,29.416342320000005,67.76531641725488,30
84.19813900000008,29.416342320000005,67.76531641725488,30
84.22997230000146,29.280155550000003,68.02166798431372,30
84.27798000000075,29.280155550000003,68.02166798431372,30
84.30991950000134,29.143968780000005,68.27801955137254,30
84.34194370000114,29.007782010000003,68.53437111843137,30
84.37394839999979,28.871595240000005,68.79072268549018,30
84.40599550000115,28.871595240000005,68.79072268549018,30
84.43804290000116,28.735408470000003,69.04707425254901,30
84.47021060000043,28.735408470000003,69.04707425254901,30
84.50201200000083,28.735408470000003,69.04707425254901,30
84.53416620000098,28.599221700000005,69.30342581960784,30
84.56606439999996,28.599221700000005,69.30342581960784,30
84.59794120000151,28.463034930000003,69.55977738666667,30
84.62997900000119,28.463034930000003,69.55977738666667,30
84.67794130000038,28.463034930000003,69.55977738666667,30
84.71011910000016,28.326848160000004,69.81612895372548,30
84.74185360000047,28.326848160000004,69.81612895372548,30
84.77397960000053,28.326848160000004,69.81612895372548,30
84.80596110000079,28.326848160000004,69.81612895372548,30
84.83795140000075,28.326848160000004,69.81612895372548,30
84.86997960000008,28.326848160000004,69.81612895372548,30
84.90218129999994,28.326848160000004,69.81612895372548,30
84.9342370000013,28.326848160000004,69.81612895372548,30
84.96598919999997,28.326848160000004,69.81612895372548,30
84.99801819999993,28.735408470000003,69.04707425254901,30
85.02999740000087,28.463034930000003,69.55977738666667,30
85.07794970000032,28.463034930000003,69.55977738666667,30
85.10998310000105,28.463034930000003,69.55977738666667,30
85.14202050000131,28.599221700000005,69.30342581960784,30
85.17406640000081,28.599221700000005,69.30342581960784,30
85.20592980000038,28.599221700000005,69.30342581960784,30
85.23791549999987,28.599221700000005,69.30342581960784,30
85.2701562000002,28.599221700000005,69.30342581960784,30
85.3021819000005,28.599221700000005,69.30342581960784,30
85.3340289000007,28.599221700000005,69.30342581960784,30
85.3661245000003,29.007782010000003,68.53437111843137,30
85.39801919999991,28.735408470000003,69.04707425254901,30
85.43004140000085,28.735408470000003,69.04707425254901,30
85.47793040000033,29.143968780000005,68.27801955137254,30
85.5099979000006,29.143968780000005,68.27801955137254,30
85.54194199999984,29.280155550000003,68.02166798431372,30
85.57399700000133,29.280155550000003,68.02166798431372,30
85.60593830000107,29.416342320000005,67.76531641725488,30
85.63798270000007,29.143968780000005,68.27801955137254,30
85.67001990000063,29.280155550000003,68.02166798431372,30
85.70192610000049,29.280155550000003,68.02166798431372,30
85.73393290000058,29.416342320000005,67.76531641725488,30
85.76601339999979,29.552529090000004,67.50896485019608,30
85.79799700000149,29.552529090000004,67.50896485019608,30
85.82991910000055,29.688715860000006,67.25261328313724,30
85.87804730000062,29.824902630000004,66.99626171607844,30
85.91000050000002,29.961089400000006,66.7399101490196,30
85.94195580000087,29.961089400000006,66.7399101490196,30
85.97398560000147,30.097276170000004,66.48355858196078,30
86.00615430000107,30.233462940000006,66.22720701490195,30
86.0381393000007,30.233462940000006,66.22720701490195,30
86.0699697,30.369649710000004,65.97085544784314,30
86.1019608000006,30.369649710000004,65.97085544784314,30
86.13397729999997,30.505836480000003,65.7145038807843,30
86.16595000000052,30.505836480000003,65.7145038807843,30
86.1979721000007,30.642023250000005,65.45815231372548,30
86.22996000000057,30.642023250000005,65.45815231372548,30
86.27799380000033,30.778210020000003,65.20180074666666,30
86.30994910000118,30.914396790000005,64.94544917960783,30
86.34196210000118,31.050583560000003,64.68909761254902,30
86.37395040000047,31.186770330000005,64.43274604549019,30
86.40605599999981,31.322957100000004,64.17639447843136,30
86.43804720000117,31.459143870000005,63.92004291137253,30
86.47015600000123,31.595330640000004,63.66369134431372,30
86.50203990000045,31.595330640000004,63.66369134431372,30
86.53400420000071,31.731517410000006,63.40733977725489,30
86.56601520000004,31.867704180000004,63.15098821019607,30
86.59800720000021,31.867704180000004,63.15098821019607,30
86.62996810000004,32.003890950000006,62.89463664313723,30
86.67809210000087,32.14007772,62.63828507607844,30
86.71002450000015,32.27626449,62.3819335090196,30
86.7420990999999,32.412451260000005,62.12558194196078,30
86.77414170000156,32.54863803,61.86923037490196,30
86.80598520000058,32.6848248,61.61287880784314,30
86.8379960000002,32.6848248,61.61287880784314,30
86.87017410000044,32.82101157,61.35652724078431,30
86.90196360000118,32.957198340000005,61.10017567372549,30
86.93397499999992,32.957198340000005,61.10017567372549,30
86.96597570000085,33.09338511,60.843824106666666,30
86.99799260000145,33.22957188,60.587472539607845,30
87.03017550000004,33.22957188,60.587472539607845,30
87.07800719999977,33.365758650000004,60.331120972549016,30
87.11016310000014,33.501945420000006,60.07476940549018,30
87.14213930000005,33.63813219,59.81841783843137,30
87.17401200000131,33.77431896,59.56206627137254,30
87.2060134000003,33.910505730000004,59.305714704313715,30
87.23797520000153,33.910505730000004,59.305714704313715,30
87.26996560000043,34.0466925,59.04936313725489,30
87.30189690000043,34.18287927,58.79301157019607,30
87.33399050000116,34.18287927,58.79301157019607,30
87.36598250000134,34.31906604,58.53666000313724,30
87.39794860000075,34.31906604,58.53666000313724,30
87.43004380000093,34.455252810000005,58.28030843607842,30
87.478150500001,34.455252810000005,58.28030843607842,30
87.51000960000056,34.455252810000005,58.28030843607842,30
87.5421849000013,34.59143958,58.023956869019614,30
87.57395280000128,34.59143958,58.023956869019614,30
87.60597700000108,34.59143958,58.023956869019614,30
87.63800120000087,34.72762635,57.76760530196079,30
87.6700123999999,34.72762635,57.76760530196079,30
87.70203660000152,34.72762635,57.76760530196079,30
87.73395410000012,34.72762635,57.76760530196079,30
87.76596490000156,34.72762635,57.76760530196079,30
87.79786650000096,34.72762635,57.76760530196079,30
87.8298661000008,34.86381312,57.511253734901956,30
87.87794770000073,34.86381312,57.511253734901956,30
87.90992080000069,34.86381312,57.511253734901956,30
87.94203460000062,34.86381312,57.511253734901956,30
87.97394340000028,34.86381312,57.511253734901956,30
88.00604700000076,35.27237343,56.74219903372549,30
88.03799870000148,35.27237343,56.74219903372549,30
88.07000490000064,35.27237343,56.74219903372549,30
88.10203470000124,35.27237343,56.74219903372549,30
88.13403110000036,35.13618666,56.99855060078431,30
88.16602930000045,35.13618666,56.99855060078431,30
88.19797280000057,35.13618666,56.99855060078431,30
88.23024369999985,35.13618666,56.99855060078431,30
88.27805190000072,35.13618666,56.99855060078431,30
88.30998090000139,34.99999989,57.25490216784315,30
88.34198170000127,34.99999989,57.25490216784315,30
88.37409160000061,34.86381312,57.511253734901956,30
88.40597530000014,34.86381312,57.511253734901956,30
88.4379953000007,34.86381312,57.511253734901956,30
88.46999470000083,34.72762635,57.76760530196079,30
88.50203040000088,34.59143958,58.023956869019614,30
88.53403640000033,34.59143958,58.023956869019614,30
88.56605210000089,34.455252810000005,58.28030843607842,30
88.59818160000032,34.31906604,58.53666000313724,30
88.6300683999998,34.18287927,58.79301157019607,30
88.67791399999987,34.0466925,59.04936313725489,30
88.70998950000103,33.910505730000004,59.305714704313715,30
88.74194370000077,33.77431896,59.56206627137254,30
88.77401989999998,33.63813219,59.81841783843137,30
88.80606559999978,33.501945420000006,60.07476940549018,30
88.83794750000015,33.365758650000004,60.331120972549016,30
88.87000240000089,33.365758650000004,60.331120972549016,30
88.9020029000003,33.77431896,59.56206627137254,30
88.93397150000055,33.63813219,59.81841783843137,30
88.96604410000145,33.501945420000006,60.07476940549018,30
88.99799780000103,33.501945420000006,60.07476940549018,30
89.02996660000099,33.365758650000004,60.331120972549016,30
89.07795720000104,33.22957188,60.587472539607845,30
89.10995170000024,33.22957188,60.587472539607845,30
89.14198130000113,33.09338511,60.843824106666666,30
89.17394920000152,32.957198340000005,61.10017567372549,30
89.20608619999985,32.957198340000005,61.10017567372549,30
89.23794950000047,32.82101157,61.35652724078431,30
89.26992130000144,32.54863803,61.86923037490196,30
89.3019230000009,32.412451260000005,62.12558194196078,30
89.33395970000129,32.14007772,62.63828507607844,30
89.36617300000034,32.003890950000006,62.89463664313723,30
89.39782580000065,31.867704180000004,63.15098821019607,30
89.42996649999986,31.731517410000006,63.40733977725489,30
89.47845320000124,31.595330640000004,63.66369134431372,30
89.5100065000006,31.459143870000005,63.92004291137253,30
89.54197590000149,31.322957100000004,64.17639447843136,30
89.57400600000074,31.595330640000004,63.66369134431372,30
89.60601660000066,31.459143870000005,63.92004291137253,30
89.63805630000024,31.050583560000003,64.68909761254902,30
89.66991220000091,31.186770330000005,64.43274604549019,30
89.70218879999993,31.050583560000003,64.68909761254902,30
89.7341004000009,30.642023250000005,65.45815231372548,30
89.76600890000009,30.778210020000003,65.20180074666666,30
89.7980607999998,30.642023250000005,65.45815231372548,30
89.82992710000144,30.505836480000003,65.7145038807843,30
89.87797890000002,30.369649710000004,65.97085544784314,30
89.90998720000061,30.233462940000006,66.22720701490195,30
89.94197760000134,30.097276170000004,66.48355858196078,30
89.97396029999982,30.097276170000004,66.48355858196078,30
90.0059755000002,29.961089400000006,66.7399101490196,30
90.0380165000006,29.824902630000004,66.99626171607844,30
90.07023780000054,29.824902630000004,66.99626171607844,30
90.10219599999982,29.416342320000005,67.76531641725488,30
90.13399329999993,29.416342320000005,67.76531641725488,30
90.16610530000071,29.688715860000006,67.25261328313724,30
90.19796790000146,29.552529090000004,67.50896485019608,30
90.23012370000106,29.552529090000004,67.50896485019608,30
90.27802530000008,29.143968780000005,68.27801955137254,30
90.30997879999995,29.143968780000005,68.27801955137254,30
90.34188990000075,29.007782010000003,68.53437111843137,30
90.37398340000072,28.871595240000005,68.79072268549018,30
90.40594899999996,29.143968780000005,68.27801955137254,30
90.43805290000091,28.735408470000003,69.04707425254901,30
90.47005220000028,28.599221700000005,69.30342581960784,30
90.50206410000101,28.599221700000005,69.30342581960784,30
90.53393830000095,28.599221700000005,69.30342581960784,30
90.56609390000085,28.463034930000003,69.55977738666667,30
90.59791870000117,28.463034930000003,69.55977738666667,30
90.62988360000054,28.463034930000003,69.55977738666667,30
90.67798200000107,28.326848160000004,69.81612895372548,30
90.70993390000149,28.326848160000004,69.81612895372548,30
90.74204920000011,28.326848160000004,69.81612895372548,30
90.77393190000112,28.326848160000004,69.81612895372548,30
90.8061445000003,28.326848160000004,69.81612895372548,30
90.83800770000016,28.326848160000004,69.81612895372548,30
90.86993900000016,28.326848160000004,69.81612895372548,30
90.90201530000013,28.326848160000004,69.81612895372548,30
90.93391000000156,28.463034930000003,69.55977738666667,30
90.96600440000111,28.463034930000003,69.55977738666667,30
90.99802160000036,28.599221700000005,69.30342581960784,30
91.02998180000031,28.735408470000003,69.04707425254901,30
91.07798660000117,28.871595240000005,68.79072268549018,30
91.10997270000007,28.871595240000005,68.79072268549018,30
91.14199430000008,29.007782010000003,68.53437111843137,30
91.17442970000047,29.007782010000003,68.53437111843137,30
91.20615010000074,29.143968780000005,68.27801955137254,30
91.23792500000127,29.280155550000003,68.02166798431372,30
91.26999530000103,29.280155550000003,68.02166798431372,30
91.30198810000002,29.280155550000003,68.02166798431372,30
91.3340289000007,29.416342320000005,67.76531641725488,30
91.36594460000015,29.416342320000005,67.76531641725488,30
91.39799400000084,29.552529090000004,67.50896485019608,30
91.4300002,29.552529090000004,67.50896485019608,30
91.47802779999984,29.688715860000006,67.25261328313724,30
91.50992540000152,29.824902630000004,66.99626171607844,30
91.54211690000011,29.824902630000004,66.99626171607844,30
91.57414690000041,29.961089400000006,66.7399101490196,30
91.60605709999982,30.097276170000004,66.48355858196078,30
91.63799040000049,30.097276170000004,66.48355858196078,30
91.6700520000013,29.552529090000004,67.50896485019608,30
91.70194550000087,30.369649710000004,65.97085544784314,30
91.73394430000008,30.505836480000003,65.7145038807843,30
91.76610249999976,30.642023250000005,65.45815231372548,30
91.79791140000088,30.642023250000005,65.45815231372548,30
91.82992920000106,30.778210020000003,65.20180074666666,30
91.87802700000066,30.914396790000005,64.94544917960783,30
91.91001190000134,31.186770330000005,64.43274604549019,30
91.94196320000083,31.322957100000004,64.17639447843136,30
91.97397580000143,31.459143870000005,63.92004291137253,30
92.00596680000126,31.595330640000004,63.66369134431372,30
92.03793640000004,31.731517410000006,63.40733977725489,30
92.06984560000092,31.867704180000004,63.15098821019607,30
92.10195200000089,32.14007772,62.63828507607844,30
92.13396260000081,32.27626449,62.3819335090196,30
92.16590520000136,32.412451260000005,62.12558194196078,30
92.19792390000111,31.867704180000004,63.15098821019607,30
92.23006730000088,32.14007772,62.63828507607844,30
92.27796810000109,32.27626449,62.3819335090196,30
92.31004709999979,32.54863803,61.86923037490196,30
92.34188940000058,32.6848248,61.61287880784314,30
92.37397950000013,32.82101157,61.35652724078431,30
92.40603010000086,33.09338511,60.843824106666666,30
92.4379714000006,33.22957188,60.587472539607845,30
92.47006970000075,33.365758650000004,60.331120972549016,30
92.50196070000129,33.501945420000006,60.07476940549018,30
92.53398290000041,33.63813219,59.81841783843137,30
92.5658841000004,33.77431896,59.56206627137254,30
92.59851620000154,33.910505730000004,59.305714704313715,30
92.63033590000123,34.0466925,59.04936313725489,30
92.67816660000062,34.18287927,58.79301157019607,30
92.71003089999977,34.31906604,58.53666000313724,30
92.74202660000083,34.455252810000005,58.28030843607842,30
92.77404350000143,34.59143958,58.023956869019614,30
92.80602240000007,34.72762635,57.76760530196079,30
92.83800560000054,34.86381312,57.511253734901956,30
92.87000080000143,34.99999989,57.25490216784315,30
92.90213140000014,35.13618666,56.99855060078431,30
92.93400079999992,35.27237343,56.74219903372549,30
92.9659358000008,35.27237343,56.74219903372549,30
92.99795080000149,35.408560200000004,56.48584746666666,30
93.03019270000004,35.54474697,56.22949589960785,30
93.0779849999999,35.68093374,55.97314433254902,30
93.11000920000151,35.68093374,55.97314433254902,30
93.14198190000025,35.81712051,55.71679276549018,30
93.17405430000144,35.81712051,55.71679276549018,30
93.20596939999996,35.81712051,55.71679276549018,30
93.23796250000123,35.81712051,55.71679276549018,30
93.26997100000153,35.953307280000004,55.46044119843137,30
93.30217489999995,35.953307280000004,55.46044119843137,30
93.3340371000013,35.953307280000004,55.46044119843137,30
93.36590940000133,35.953307280000004,55.46044119843137,30
93.39823710000019,36.08949405,55.20408963137255,30
93.43000340000071,36.08949405,55.20408963137255,30
93.47799210000085,36.08949405,55.20408963137255,30
93.50995750000038,36.08949405,55.20408963137255,30
93.54190990000097,36.08949405,55.20408963137255,30
93.57397130000027,36.08949405,55.20408963137255,30
93.60591900000145,35.953307280000004,55.46044119843137,30
93.63794280000002,35.953307280000004,55.46044119843137,30
93.66994090000117,35.953307280000004,55.46044119843137,30
93.70197270000062,35.953307280000004,55.46044119843137,30
93.73392779999995,35.953307280000004,55.46044119843137,30
93.7661306000009,35.81712051,55.71679276549018,30
93.7979350000005,35.81712051,55.71679276549018,30
93.82994520000102,35.81712051,55.71679276549018,30
93.87790930000119,35.68093374,55.97314433254902,30
93.90994169999976,35.68093374,55.97314433254902,30
93.94200620000083,35.68093374,55.97314433254902,30
93.97404260000076,35.54474697,56.22949589960785,30
94.00599860000148,35.54474697,56.22949589960785,30
94.03802069999983,35.54474697,56.22949589960785,30
94.06997469999988,35.408560200000004,56.48584746666666,30
94.10191339999983,35.408560200000004,56.48584746666666,30
94.13426570000047,35.27237343,56.74219903372549,30
94.16627599999993,35.27237343,56.74219903372549,30
94.19792390000111,35.13618666,56.99855060078431,30
94.22993700000006,34.99999989,57.25490216784315,30
94.2779773000002,34.99999989,57.25490216784315,30
94.30997930000012,34.86381312,57.511253734901956,30
94.34194850000131,34.72762635,57.76760530196079,30
94.37406320000082,34.59143958,58.023956869019614,30
94.40601100000094,34.455252810000005,58.28030843607842,30
94.43798609999976,34.455252810000005,58.28030843607842,30
94.46992510000018,34.31906604,58.53666000313724,30
94.50217300000077,34.18287927,58.79301157019607,30
94.53417600000103,34.0466925,59.04936313725489,30
94.56606590000047,33.910505730000004,59.305714704313715,30
94.59801210000114,33.910505730000004,59.305714704313715,30
94.62998040000093,33.77431896,59.56206627137254,30
94.6779531000011,33.63813219,59.81841783843137,30
94.70991890000005,33.63813219,59.81841783843137,30
94.74186100000043,33.501945420000006,60.07476940549018,30
94.77389399999993,33.365758650000004,60.331120972549016,30
94.8060813000011,33.22957188,60.587472539607845,30
94.83794320000015,33.09338511,60.843824106666666,30
94.87000870000156,32.957198340000005,61.10017567372549,30
94.90193069999987,32.82101157,61.35652724078431,30
94.93391320000046,32.6848248,61.61287880784314,30
94.9659182000014,32.54863803,61.86923037490196,30
94.9980813000002,32.412451260000005,62.12558194196078,30
95.02995420000116,32.14007772,62.63828507607844,30
95.07807030000004,32.412451260000005,62.12558194196078,30
95.1098836000001,32.27626449,62.3819335090196,30
95.14195269999982,32.14007772,62.63828507607844,30
95.1739006000007,32.003890950000006,62.89463664313723,30
95.20589840000139,31.867704180000004,63.15098821019607,30
95.2381232000007,31.731517410000006,63.40733977725489,30
95.2699833000006,31.595330640000004,63.66369134431372,30
95.30193810000128,31.459143870000005,63.92004291137253,30
95.3339313000015,31.322957100000004,64.17639447843136,30
95.36590690000048,31.322957100000004,64.17639447843136,30
95.39791909999985,31.186770330000005,64.43274604549019,30
95.42991320000147,31.050583560000003,64.68909761254902,30
95.4780023000003,30.914396790000005,64.94544917960783,30
95.5100538000006,30.914396790000005,64.94544917960783,30
95.54198710000128,30.778210020000003,65.20180074666666,30
95.57396410000001,30.642023250000005,65.45815231372548,30
95.6061606000003,30.505836480000003,65.7145038807843,30
95.63813269999991,30.369649710000004,65.97085544784314,30
95.67001049999999,30.369649710000004,65.97085544784314,30
95.70202299999983,30.233462940000006,66.22720701490195,30
95.73397860000114,30.642023250000005,65.45815231372548,30
95.76596060000156,30.778210020000003,65.20180074666666,30
95.79799650000132,30.369649710000004,65.97085544784314,30
95.83008150000023,30.369649710000004,65.97085544784314,30
95.8779814999998,30.233462940000006,66.22720701490195,30
95.91003470000032,30.233462940000006,66.22720701490195,30
95.9419926999999,30.097276170000004,66.48355858196078,30
95.97429740000007,30.097276170000004,66.48355858196078,30
96.00620630000049,29.961089400000006,66.7399101490196,30
96.03796760000114,29.824902630000004,66.99626171607844,30
96.06997450000017,30.097276170000004,66.48355858196078,30
96.10198980000132,29.961089400000006,66.7399101490196,30
96.13407540000117,29.961089400000006,66.7399101490196,30
96.16598820000036,29.824902630000004,66.99626171607844,30
96.19808860000012,29.824902630000004,66.99626171607844,30
96.22997900000155,29.824902630000004,66.99626171607844,30
96.27798560000156,29.688715860000006,67.25261328313724,30
96.30992010000045,29.688715860000006,67.25261328313724,30
96.34208190000027,29.552529090000004,67.50896485019608,30
96.37430740000127,29.552529090000004,67.50896485019608,30
96.40616930000033,29.416342320000005,67.76531641725488,30
96.43796060000022,29.416342320000005,67.76531641725488,30
96.4699752000015,29.416342320000005,67.76531641725488,30
96.50198700000146,29.416342320000005,67.76531641725488,30
96.53394020000087,29.416342320000005,67.76531641725488,30
96.56619390000014,29.552529090000004,67.50896485019608,30
96.59790109999994,29.688715860000006,67.25261328313724,30
96.62994390000131,29.688715860000006,67.25261328313724,30
96.67796520000047,29.824902630000004,66.99626171607844,30
96.7100788000007,29.824902630000004,66.99626171607844,30
96.74196600000141,29.961089400000006,66.7399101490196,30
96.77400250000028,29.688715860000006,67.25261328313724,30
96.80607969999983,29.824902630000004,66.99626171607844,30
96.83795030000147,29.824902630000004,66.99626171607844,30
96.86993790000088,29.824902630000004,66.99626171607844,30
96.90192829999978,29.824902630000004,66.99626171607844,30
96.93392870000025,29.961089400000006,66.7399101490196,30
96.96606419999989,29.961089400000006,66.7399101490196,30
96.99786430000131,30.097276170000004,66.48355858196078,30
97.02999160000036,30.233462940000006,66.22720701490195,30
97.07824600000095,30.233462940000006,66.22720701490195,30
97.11013869999988,30.369649710000004,65.97085544784314,30
97.14196750000156,30.369649710000004,65.97085544784314,30
97.17397510000046,30.505836480000003,65.7145038807843,30
97.20598640000026,30.505836480000003,65.7145038807843,30
97.23799120000149,30.642023250000005,65.45815231372548,30
97.26998540000022,30.642023250000005,65.45815231372548,30
97.30192060000081,30.778210020000003,65.20180074666666,30
97.33391780000056,31.050583560000003,64.68909761254902,30
97.36595269999998,31.186770330000005,64.43274604549019,30
97.39803350000147,31.050583560000003,64.68909761254902,30
97.42994800000088,31.459143870000005,63.92004291137253,30
97.47820580000007,31.595330640000004,63.66369134431372,30
97.51003520000086,31.595330640000004,63.66369134431372,30
97.54195750000144,31.731517410000006,63.40733977725489,30
97.57396750000044,31.867704180000004,63.15098821019607,30
97.60601700000007,31.867704180000004,63.15098821019607,30
97.63793070000065,32.003890950000006,62.89463664313723,30
97.67000370000096,32.14007772,62.63828507607844,30
97.70196460000079,32.27626449,62.3819335090196,30
97.733914800001,32.27626449,62.3819335090196,30
97.76598320000085,32.412451260000005,62.12558194196078,30
97.79797710000094,32.54863803,61.86923037490196,30
97.83005650000086,32.6848248,61.61287880784314,30
97.87794930000018,32.6848248,61.61287880784314,30
97.90994200000023,32.82101157,61.35652724078431,30
97.9419635000013,32.957198340000005,61.10017567372549,30
97.97391080000125,32.957198340000005,61.10017567372549,30
98.00597259999995,33.09338511,60.843824106666666,30
98.03795200000059,32.412451260000005,62.12558194196078,30
98.06992480000008,33.22957188,60.587472539607845,30
98.10193390000131,33.365758650000004,60.331120972549016,30
98.13404330000049,32.6848248,61.61287880784314,30
98.16593210000065,33.501945420000006,60.07476940549018,30
98.19804710000062,33.501945420000006,60.07476940549018,30
98.23001629999999,32.957198340000005,61.10017567372549,30
98.27797210000062,33.09338511,60.843824106666666,30
98.30995050000092,33.09338511,60.843824106666666,30
98.3418612000005,33.22957188,60.587472539607845,30
98.3739813000011,33.22957188,60.587472539607845,30
98.40595140000005,33.365758650000004,60.331120972549016,30
98.4379112000006,33.365758650000004,60.331120972549016,30
98.46994280000035,33.501945420000006,60.07476940549018,30
98.5019955000007,33.501945420000006,60.07476940549018,30
98.5339727999999,33.501945420000006,60.07476940549018,30
98.56623910000053,33.63813219,59.81841783843137,30
98.59805180000149,33.501945420000006,60.07476940549018,30
98.62996550000025,33.501945420000006,60.07476940549018,30
98.67792110000119,33.501945420000006,60.07476940549018,30
98.70996150000065,33.501945420000006,60.07476940549018,30
98.74195210000107,33.501945420000006,60.07476940549018,30
98.77395790000082,33.501945420000006,60.07476940549018,30
98.80603979999978,33.501945420000006,60.07476940549018,30
98.83797270000105,33.501945420000006,60.07476940549018,30
98.8699570000008,33.501945420000006,60.07476940549018,30
98.90193940000063,33.501945420000006,60.07476940549018,30
98.93411820000074,33.501945420000006,60.07476940549018,30
98.96617200000037,33.501945420000006,60.07476940549018,30
98.9979000000003,33.501945420000006,60.07476940549018,30
99.02999050000108,33.501945420000006,60.07476940549018,30
99.07799960000011,33.501945420000006,60.07476940549018,30
99.10995550000007,33.501945420000006,60.07476940549018,30
99.1419678000002,33.501945420000006,60.07476940549018,30
99.1739290000005,33.501945420000006,60.07476940549018,30
99.20608189999984,33.501945420000006,60.07476940549018,30
99.23792270000013,33.501945420000006,60.07476940549018,30
99.26990600000136,33.501945420000006,60.07476940549018,30
99.30202970000028,33.501945420000006,60.07476940549018,30
99.33403200000066,33.501945420000006,60.07476940549018,30
99.36601719999999,33.501945420000006,60.07476940549018,30
99.39797220000037,33.501945420000006,60.07476940549018,30
99.42990350000036,33.365758650000004,60.331120972549016,30
99.47795620000034,33.365758650000004,60.331120972549016,30
99.50995750000038,33.365758650000004,60.331120972549016,30
99.54191790000004,33.365758650000004,60.331120972549016,30
99.5739291000009,33.365758650000004,60.331120972549016,30
99.60600320000049,33.365758650000004,60.331120972549016,30
99.63797140000133,33.365758650000004,60.331120972549016,30
99.67005360000076,33.365758650000004,60.331120972549016,30
99.7019221999999,33.365758650000004,60.331120972549016,30
99.73395820000042,33.365758650000004,60.331120972549016,30
99.7658449999999,33.365758650000004,60.331120972549016,30
99.7979593,33.365758650000004,60.331120972549016,30
99.82996230000026,33.365758650000004,60.331120972549016,30
99.87805000000117,33.365758650000004,60.331120972549016,30
99.90987440000026,33.365758650000004,60.331120972549016,30
99.9419555000004,33.365758650000004,60.331120972549016,30
99.97395590000087,33.501945420000006,60.07476940549018,30
100.00584239999989,33.365758650000004,60.331120972549016,30
100.03840579999996,33.365758650000004,60.331120972549016,30
100.07018640000024,33.365758650000004,60.331120972549016,30
100.1019649000009,33.365758650000004,60.331120972549016,30
100.13394750000043,33.365758650000004,60.331120972549016,30
100.16597290000027,33.365758650000004,60.331120972549016,30
100.19794040000124,33.365758650000004,60.331120972549016,30
100.22995470000023,33.365758650000004,60.331120972549016,30
100.2780027000008,33.365758650000004,60.331120972549016,30
100.31003610000153,33.22957188,60.587472539607845,30
100.34194209999987,33.22957188,60.587472539607845,30
100.37391050000042,33.22957188,60.587472539607845,30
100.40623950000008,33.22957188,60.587472539607845,30
100.43825240000115,33.09338511,60.843824106666666,30
100.47012370000084,33.09338511,60.843824106666666,30
100.50197300000036,33.09338511,60.843824106666666,30
100.53397630000109,33.09338511,60.843824106666666,30
100.56598310000118,33.09338511,60.843824106666666,30
100.59800200000063,32.957198340000005,61.10017567372549,30
100.63007509999989,32.957198340000005,61.10017567372549,30
100.67795130000013,32.957198340000005,61.10017567372549,30
100.70987419999983,32.82101157,61.35652724078431,30
100.74187990000064,32.6848248,61.61287880784314,30
100.77390019999984,32.6848248,61.61287880784314,30
100.80604560000029,32.6848248,61.61287880784314,30
100.83796530000109,32.54863803,61.86923037490196,30
100.8699102999999,32.54863803,61.86923037490196,30
100.90195880000101,32.54863803,61.86923037490196,30
100.93387030000122,32.54863803,61.86923037490196,30
100.96593770000072,32.54863803,61.86923037490196,30
100.99796800000149,32.54863803,61.86923037490196,30
101.02988960000039,32.54863803,61.86923037490196,30
101.07794280000053,32.412451260000005,62.12558194196078,30
101.10984410000128,32.412451260000005,62.12558194196078,30
101.14196110000012,32.412451260000005,62.12558194196078,30
101.17425569999978,32.82101157,61.35652724078431,30
101.2060734000006,32.6848248,61.61287880784314,30
101.23791450000135,32.6848248,61.61287880784314,30
101.26991550000093,32.6848248,61.61287880784314,30
101.30193920000056,32.6848248,61.61287880784314,30
101.33392620000086,32.14007772,62.63828507607844,30
101.36592610000116,32.14007772,62.63828507607844,30
101.39793280000049,32.003890950000006,62.89463664313723,30
101.42990500000087,32.003890950000006,62.89463664313723,30
101.47788850000143,31.867704180000004,63.15098821019607,30
101.51021320000109,32.27626449,62.3819335090196,30
101.54218089999995,32.14007772,62.63828507607844,30
101.5739493000001,32.003890950000006,62.89463664313723,30
101.60605790000045,31.867704180000004,63.15098821019607,30
101.6379022000001,31.867704180000004,63.15098821019607,30
101.669974800001,31.731517410000006,63.40733977725489,30
101.70196209999995,31.731517410000006,63.40733977725489,30
101.73395789999995,31.595330640000004,63.66369134431372,30
101.76598400000148,31.595330640000004,63.66369134431372,30
101.79791240000122,31.595330640000004,63.66369134431372,30
101.82994010000039,31.459143870000005,63.92004291137253,30
101.87804190000134,31.459143870000005,63.92004291137253,30
101.9101296000008,31.322957100000004,64.17639447843136,30
101.94196470000134,31.322957100000004,64.17639447843136,30
101.97395890000007,31.186770330000005,64.43274604549019,30
102.00604720000047,31.186770330000005,64.43274604549019,30
102.03803650000009,31.050583560000003,64.68909761254902,30
102.06998870000098,30.914396790000005,64.94544917960783,30
102.10197000000153,31.595330640000004,63.66369134431372,30
102.1339521000009,31.595330640000004,63.66369134431372,30
102.16595190000044,31.595330640000004,63.66369134431372,30
102.19801320000079,31.459143870000005,63.92004291137253,30
102.22993740000129,31.459143870000005,63.92004291137253,30
102.27803140000105,31.459143870000005,63.92004291137253,30
102.30992860000151,31.322957100000004,64.17639447843136,30
102.34192950000033,31.322957100000004,64.17639447843136,30
102.37390830000004,31.322957100000004,64.17639447843136,30
102.40592540000034,31.186770330000005,64.43274604549019,30
102.43798760000027,31.186770330000005,64.43274604549019,30
102.46984599999996,31.186770330000005,64.43274604549019,30
102.50199770000108,31.050583560000003,64.68909761254902,30
102.53396710000015,31.050583560000003,64.68909761254902,30
102.56599030000143,30.642023250000005,65.45815231372548,30
102.59788410000147,30.914396790000005,64.94544917960783,30
102.63011220000044,30.914396790000005,64.94544917960783,30
102.6779217000003,30.778210020000003,65.20180074666666,30
102.71000770000137,30.778210020000003,65.20180074666666,30
102.74194250000073,30.778210020000003,65.20180074666666,30
102.77391110000099,30.642023250000005,65.45815231372548,30
102.8059514000015,30.642023250000005,65.45815231372548,30
102.837937100001,30.642023250000005,65.45815231372548,30
102.87000440000156,30.505836480000003,65.7145038807843,30
102.90197790000093,30.505836480000003,65.7145038807843,30
102.9339344,30.369649710000004,65.97085544784314,30
102.96593380000013,30.369649710000004,65.97085544784314,30
102.99829409999984,30.369649710000004,65.97085544784314,30
103.03002920000108,30.369649710000004,65.97085544784314,30
103.07787550000103,30.369649710000004,65.97085544784314,30
103.10994019999998,30.369649710000004,65.97085544784314,30
103.14197080000122,30.505836480000003,65.7145038807843,30
103.17393439999978,30.233462940000006,66.22720701490195,30
103.20598800000153,30.233462940000006,66.22720701490195,30
103.23795040000005,30.369649710000004,65.97085544784314,30
103.2699674000014,30.505836480000003,65.7145038807843,30
103.30200180000065,30.778210020000003,65.20180074666666,30
103.33397090000108,30.642023250000005,65.45815231372548,30
103.3661133000005,30.778210020000003,65.20180074666666,30
103.39803709999978,30.778210020000003,65.20180074666666,30
103.42996740000126,30.914396790000005,64.94544917960783,30
103.47798030000013,31.050583560000003,64.68909761254902,30
103.50996180000038,31.186770330000005,64.43274604549019,30
103.54198020000149,31.186770330000005,64.43274604549019,30
103.57400460000099,31.322957100000004,64.17639447843136,30
103.60589340000115,31.459143870000005,63.92004291137253,30
103.6379020000004,31.595330640000004,63.66369134431372,30
103.66996310000104,31.595330640000004,63.66369134431372,30
103.70186900000044,31.731517410000006,63.40733977725489,30
103.73414000000048,31.867704180000004,63.15098821019607,30
103.76589349999995,32.003890950000006,62.89463664313723,30
103.79792330000055,32.14007772,62.63828507607844,30
103.82997330000035,32.14007772,62.63828507607844,30
103.87794150000082,32.27626449,62.3819335090196,30
103.90991460000077,32.412451260000005,62.12558194196078,30
103.94190909999998,32.412451260000005,62.12558194196078,30
103.97397510000155,32.54863803,61.86923037490196,30
104.00592140000117,32.6848248,61.61287880784314,30
104.03787680000096,32.6848248,61.61287880784314,30
104.06992720000017,32.82101157,61.35652724078431,30
104.10192470000038,32.82101157,61.35652724078431,30
104.13393090000136,32.82101157,61.35652724078431,30
104.1659909000009,32.957198340000005,61.10017567372549,30
104.19800040000155,32.957198340000005,61.10017567372549,30
104.22991520000141,33.09338511,60.843824106666666,30
104.27789980000125,33.09338511,60.843824106666666,30
104.30988210000032,33.09338511,60.843824106666666,30
104.34189850000075,33.09338511,60.843824106666666,30
104.3738942,32.412451260000005,62.12558194196078,30
104.40591400000085,32.412451260000005,62.12558194196078,30
104.43799440000112,32.54863803,61.86923037490196,30
104.470076900001,32.54863803,61.86923037490196,30
104.50213679999979,32.54863803,61.86923037490196,30
104.53394970000045,32.54863803,61.86923037490196,30
104.56593880000037,32.6848248,61.61287880784314,30
104.59800140000152,32.6848248,61.61287880784314,30
104.62996280000152,32.82101157,61.35652724078431,30
104.6780405999998,32.957198340000005,61.10017567372549,30
104.70998500000132,32.957198340000005,61.10017567372549,30
104.74195940000027,32.957198340000005,61.10017567372549,30
104.77396020000015,32.957198340000005,61.10017567372549,30
104.8059787000002,32.957198340000005,61.10017567372549,30
104.8382216000009,32.957198340000005,61.10017567372549,30
104.87008330000026,32.957198340000005,61.10017567372549,30
104.90198620000047,33.09338511,60.843824106666666,30
104.93394650000118,33.09338511,60.843824106666666,30
104.96592560000136,33.09338511,60.843824106666666,30
104.99801760000082,32.957198340000005,61.10017567372549,30
105.02995850000116,32.957198340000005,61.10017567372549,30
105.07802210000045,32.957198340000005,61.10017567372549,30
105.10987560000103,32.957198340000005,61.10017567372549,30
105.14194459999999,32.957198340000005,61.10017567372549,30
105.17390740000155,33.09338511,60.843824106666666,30
105.20613480000065,32.957198340000005,61.10017567372549,30
105.23814780000066,32.957198340000005,61.10017567372549,30
105.27004260000103,32.957198340000005,61.10017567372549,30
105.30192060000081,32.957198340000005,61.10017567372549,30
105.33395820000078,32.957198340000005,61.10017567372549,30
105.36592390000078,32.957198340000005,61.10017567372549,30
105.39792130000023,32.957198340000005,61.10017567372549,30
105.43008430000009,32.957198340000005,61.10017567372549,30
105.47801820000132,32.957198340000005,61.10017567372549,30
105.5099424,32.82101157,61.35652724078431,30
105.54191890000038,32.82101157,61.35652724078431,30
105.57397500000116,32.82101157,61.35652724078431,30
105.60600169999998,32.82101157,61.35652724078431,30
105.63792170000124,32.82101157,61.35652724078431,30
105.6699335000012,32.82101157,61.35652724078431,30
105.70188849999977,32.82101157,61.35652724078431,30
105.73395770000025,32.6848248,61.61287880784314,30
105.76594370000021,32.6848248,61.61287880784314,30
105.79798260000098,32.6848248,61.61287880784314,30
105.82992790000026,32.54863803,61.86923037490196,30
105.87791840000136,32.54863803,61.86923037490196,30
105.90992610000103,32.412451260000005,62.12558194196078,30
105.94199170000138,32.412451260000005,62.12558194196078,30
105.97409260000131,32.27626449,62.3819335090196,30
106.00596159999986,32.14007772,62.63828507607844,30
106.03798260000076,32.14007772,62.63828507607844,30
106.06996980000076,32.003890950000006,62.89463664313723,30
106.10197100000005,31.867704180000004,63.15098821019607,30
106.13399440000103,31.731517410000006,63.40733977725489,30
106.1659821000012,31.731517410000006,63.40733977725489,30
106.19795859999977,31.595330640000004,63.66369134431372,30
106.22994560000006,31.595330640000004,63.66369134431372,30
106.27787480000006,31.459143870000005,63.92004291137253,30
106.31019209999977,31.459143870000005,63.92004291137253,30
106.3421128000009,31.459143870000005,63.92004291137253,30
106.37391080000089,31.459143870000005,63.92004291137253,30
106.40593510000144,31.322957100000004,64.17639447843136,30
106.43788950000089,31.322957100000004,64.17639447843136,30
106.46994140000061,31.322957100000004,64.17639447843136,30
106.50192960000095,31.186770330000005,64.43274604549019,30
106.53391250000095,31.186770330000005,64.43274604549019,30
106.56601890000093,31.050583560000003,64.68909761254902,30
106.5980096000003,31.050583560000003,64.68909761254902,30
106.62989560000096,31.050583560000003,64.68909761254902,30
106.67807240000002,31.050583560000003,64.68909761254902,30
106.70997250000073,30.914396790000005,64.94544917960783,30
106.74195230000078,30.914396790000005,64.94544917960783,30
106.7739003000006,30.914396790000005,64.94544917960783,30
106.80597450000096,30.914396790000005,64.94544917960783,30
106.83805300000131,30.914396790000005,64.94544917960783,30
106.86989780000113,30.914396790000005,64.94544917960783,30
106.9019016000002,30.914396790000005,64.94544917960783,30
106.93389960000059,30.914396790000005,64.94544917960783,30
106.96589959999983,30.914396790000005,64.94544917960783,30
106.99796080000124,30.914396790000005,64.94544917960783,30
107.02989340000022,30.914396790000005,64.94544917960783,30
107.0779773000013,30.914396790000005,64.94544917960783,30
107.10989940000036,30.914396790000005,64.94544917960783,30
107.14193230000092,30.778210020000003,65.20180074666666,30
107.17377550000128,30.778210020000003,65.20180074666666,30
107.20589710000058,31.186770330000005,64.43274604549019,30
107.23792490000051,31.186770330000005,64.43274604549019,30
107.2699274000006,31.186770330000005,64.43274604549019,30
107.30195280000044,31.186770330000005,64.43274604549019,30
107.33402840000053,31.186770330000005,64.43274604549019,30
107.3659217000004,31.186770330000005,64.43274604549019,30
107.39786869999989,31.186770330000005,64.43274604549019,30
107.43003409999983,31.186770330000005,64.43274604549019,30
107.47796240000025,31.186770330000005,64.43274604549019,30
107.5099422000003,31.186770330000005,64.43274604549019,30
107.5419548000009,31.186770330000005,64.43274604549019,30
107.5740534000015,31.186770330000005,64.43274604549019,30
107.60581820000152,31.186770330000005,64.43274604549019,30
107.6379452000001,31.186770330000005,64.43274604549019,30
107.66995769999994,31.186770330000005,64.43274604549019,30
107.7020246000011,31.186770330000005,64.43274604549019,30
107.73396550000143,31.186770330000005,64.43274604549019,30
107.76614520000112,31.186770330000005,64.43274604549019,30
107.79812680000032,31.186770330000005,64.43274604549019,30
107.82999089999976,31.186770330000005,64.43274604549019,30
107.87791040000047,31.322957100000004,64.17639447843136,30
107.9099554000004,31.322957100000004,64.17639447843136,30
107.94196680000096,31.322957100000004,64.17639447843136,30
107.97394970000096,31.322957100000004,64.17639447843136,30
108.00594350000028,31.322957100000004,64.17639447843136,30
108.03789320000033,31.322957100000004,64.17639447843136,30
108.06989480000084,31.459143870000005,63.92004291137253,30
108.10195060000115,32.14007772,62.63828507607844,30
108.13392970000132,32.14007772,62.63828507607844,30
108.16603810000015,32.27626449,62.3819335090196,30
108.19803000000138,32.27626449,62.3819335090196,30
108.22997920000125,32.27626449,62.3819335090196,30
108.27803320000021,32.27626449,62.3819335090196,30
108.30991440000071,32.412451260000005,62.12558194196078,30
108.34192670000084,32.412451260000005,62.12558194196078,30
108.37388420000025,32.412451260000005,62.12558194196078,30
108.40593850000005,32.54863803,61.86923037490196,30
108.43794500000149,32.54863803,61.86923037490196,30
108.46989580000081,32.54863803,61.86923037490196,30
108.50187310000001,32.6848248,61.61287880784314,30
108.53396380000049,32.6848248,61.61287880784314,30
108.56591600000138,32.6848248,61.61287880784314,30
108.59793929999978,32.82101157,61.35652724078431,30
108.62987460000113,32.82101157,61.35652724078431,30
108.6778890000005,32.82101157,61.35652724078431,30
108.70988990000114,32.957198340000005,61.10017567372549,30
108.74186430000009,32.957198340000005,61.10017567372549,30
108.7744545000005,32.957198340000005,61.10017567372549,30
108.80587700000069,32.957198340000005,61.10017567372549,30
108.83794820000003,32.957198340000005,61.10017567372549,30
108.86980620000031,33.09338511,60.843824106666666,30
108.90215549999994,33.09338511,60.843824106666666,30
108.93402310000056,33.09338511,60.843824106666666,30
108.96596700000009,33.22957188,60.587472539607845,30
108.99796680000145,33.22957188,60.587472539607845,30
109.02996150000035,33.22957188,60.587472539607845,30
109.07796170000074,33.63813219,59.81841783843137,30
109.109938900001,33.22957188,60.587472539607845,30
109.141947600001,33.365758650000004,60.331120972549016,30
109.17395110000143,33.365758650000004,60.331120972549016,30
109.20606310000039,33.365758650000004,60.331120972549016,30
109.23796870000115,33.365758650000004,60.331120972549016,30
109.27013320000151,33.365758650000004,60.331120972549016,30
109.30201350000061,33.365758650000004,60.331120972549016,30
109.33388180000111,33.501945420000006,60.07476940549018,30
109.36597970000003,33.501945420000006,60.07476940549018,30
109.3979715000005,33.501945420000006,60.07476940549018,30
109.42996270000003,33.501945420000006,60.07476940549018,30
109.4779178000008,33.501945420000006,60.07476940549018,30
109.50987400000122,33.501945420000006,60.07476940549018,30
109.5418778000003,33.365758650000004,60.331120972549016,30
109.57393090000005,33.365758650000004,60.331120972549016,30
109.60598850000133,33.365758650000004,60.331120972549016,30
109.63822900000014,33.365758650000004,60.331120972549016,30
109.66998380000041,33.22957188,60.587472539607845,30
109.70191530000011,33.22957188,60.587472539607845,30
109.73387060000096,33.09338511,60.843824106666666,30
109.7659334,33.09338511,60.843824106666666,30
109.7979802000009,32.957198340000005,61.10017567372549,30
109.82991660000152,32.957198340000005,61.10017567372549,30
109.87800440000137,32.957198340000005,61.10017567372549,30
109.9099096000009,32.82101157,61.35652724078431,30
109.9419426000004,32.82101157,61.35652724078431,30
109.97380010000052,32.82101157,61.35652724078431,30
110.00609600000098,32.82101157,61.35652724078431,30
110.0379954,32.82101157,61.35652724078431,30
110.06990300000143,32.82101157,61.35652724078431,30
110.10192819999975,32.82101157,61.35652724078431,30
110.13389540000026,32.82101157,61.35652724078431,30
110.1658851000011,32.82101157,61.35652724078431,30
110.19791070000065,32.82101157,61.35652724078431,30
110.22990279999976,32.82101157,61.35652724078431,30
110.27802049999991,32.82101157,61.35652724078431,30
110.30985610000062,32.6848248,61.61287880784314,30
110.34182169999985,32.6848248,61.61287880784314,30
110.37397130000136,32.54863803,61.86923037490196,30
110.40586290000101,32.412451260000005,62.12558194196078,30
110.43801050000002,32.27626449,62.3819335090196,30
110.46998450000137,32.27626449,62.3819335090196,30
110.50193820000095,32.14007772,62.63828507607844,30
110.53393010000036,32.003890950000006,62.89463664313723,30
110.56593410000096,32.003890950000006,62.89463664313723,30
110.59800630000063,31.867704180000004,63.15098821019607,30
110.62992269999995,31.867704180000004,63.15098821019607,30
110.67794780000077,31.867704180000004,63.15098821019607,30
110.7098758000011,31.731517410000006,63.40733977725489,30
110.74203480000142,31.731517410000006,63.40733977725489,30
110.77414940000017,31.595330640000004,63.66369134431372,30
110.80588610000086,31.459143870000005,63.92004291137253,30
110.83794070000113,31.459143870000005,63.92004291137253,30
110.86993640000037,31.459143870000005,63.92004291137253,30
110.9019457000013,31.322957100000004,64.17639447843136,30
110.93404240000018,31.322957100000004,64.17639447843136,30
110.96586900000148,31.322957100000004,64.17639447843136,30
110.9979473000003,31.186770330000005,64.43274604549019,30
111.02992170000107,31.186770330000005,64.43274604549019,30
111.07789830000002,31.186770330000005,64.43274604549019,30
111.11015700000098,30.369649710000004,65.97085544784314,30
111.1419904000013,30.369649710000004,65.97085544784314,30
111.17394000000058,30.369649710000004,65.97085544784314,30
111.20594990000063,30.369649710000004,65.97085544784314,30
111.2379404000003,30.369649710000004,65.97085544784314,30
111.26996810000128,30.369649710000004,65.97085544784314,30
111.30193980000149,30.369649710000004,65.97085544784314,30
111.33388720000039,30.505836480000003,65.7145038807843,30
111.36592139999993,30.505836480000003,65.7145038807843,30
111.39792310000121,30.505836480000003,65.7145038807843,30
111.42989410000155,30.369649710000004,65.97085544784314,30
111.47823450000033,30.369649710000004,65.97085544784314,30
111.5099607000011,30.369649710000004,65.97085544784314,30
111.54189510000106,30.233462940000006,66.22720701490195,30
111.57389630000034,30.233462940000006,66.22720701490195,30
111.60597170000074,30.233462940000006,66.22720701490195,30
111.63794220000091,30.233462940000006,66.22720701490195,30
111.66983380000056,30.233462940000006,66.22720701490195,30
111.70194650000121,30.233462940000006,66.22720701490195,30
111.73388530000011,30.369649710000004,65.97085544784314,30
111.76586260000113,30.369649710000004,65.97085544784314,30
111.79798960000153,30.369649710000004,65.97085544784314,30
111.8303272000012,30.369649710000004,65.97085544784314,30
111.87794660000145,30.369649710000004,65.97085544784314,30
111.91034440000112,30.369649710000004,65.97085544784314,30
111.94187539999984,30.369649710000004,65.97085544784314,30
111.97389740000108,30.369649710000004,65.97085544784314,30
112.0059622000008,30.369649710000004,65.97085544784314,30
112.03790180000033,30.505836480000003,65.7145038807843,30
112.06993650000004,30.505836480000003,65.7145038807843,30
112.10193050000089,30.642023250000005,65.45815231372548,30
112.13399010000103,30.642023250000005,65.45815231372548,30
112.16588010000123,30.778210020000003,65.20180074666666,30
112.19814370000131,30.778210020000003,65.20180074666666,30
112.23010700000123,30.778210020000003,65.20180074666666,30
112.27792300000146,30.914396790000005,64.94544917960783,30
112.30993670000134,30.914396790000005,64.94544917960783,30
112.34197780000068,31.050583560000003,64.68909761254902,30
112.37394889999996,31.186770330000005,64.43274604549019,30
112.40590660000089,31.322957100000004,64.17639447843136,30
112.43790550000085,31.459143870000005,63.92004291137253,30
112.46992730000056,31.459143870000005,63.92004291137253,30
112.50199880000037,31.595330640000004,63.66369134431372,30
112.5339382000002,31.731517410000006,63.40733977725489,30
112.56592280000041,31.867704180000004,63.15098821019607,30
112.59809310000128,32.003890950000006,62.89463664313723,30
112.62990580000042,32.003890950000006,62.89463664313723,30
112.67787440000029,32.14007772,62.63828507607844,30
112.70992040000056,32.14007772,62.63828507607844,30
112.74189450000085,32.14007772,62.63828507607844,30
112.77392490000057,32.14007772,62.63828507607844,30
112.80607140000029,32.27626449,62.3819335090196,30
112.83791040000142,32.27626449,62.3819335090196,30
112.86990049999986,32.412451260000005,62.12558194196078,30
112.90186580000045,32.412451260000005,62.12558194196078,30
112.93383170000016,32.412451260000005,62.12558194196078,30
112.96610340000007,32.54863803,61.86923037490196,30
112.99795300000005,32.54863803,61.86923037490196,30
113.02990460000001,32.6848248,61.61287880784314,30
113.07792479999989,32.6848248,61.61287880784314,30
113.10988230000112,32.6848248,61.61287880784314,30
113.14189230000011,32.82101157,61.35652724078431,30
113.17391270000007,32.82101157,61.35652724078431,30
113.20600280000144,32.957198340000005,61.10017567372549,30
113.23790740000004,32.957198340000005,61.10017567372549,30
113.26988119999987,32.957198340000005,61.10017567372549,30
113.30184879999979,32.957198340000005,61.10017567372549,30
113.33396549999998,32.957198340000005,61.10017567372549,30
113.36588830000073,33.09338511,60.843824106666666,30
113.3979390000004,33.09338511,60.843824106666666,30
113.42987780000112,33.09338511,60.843824106666666,30
113.47797600000013,33.09338511,60.843824106666666,30
113.50993759999983,33.09338511,60.843824106666666,30
113.54192500000136,33.22957188,60.587472539607845,30
113.5739322999998,33.22957188,60.587472539607845,30
113.60582220000106,33.22957188,60.587472539607845,30
113.63797340000019,33.365758650000004,60.331120972549016,30
113.66987690000133,33.365758650000004,60.331120972549016,30
113.70207290000144,33.365758650000004,60.331120972549016,30
113.73410550000153,33.365758650000004,60.331120972549016,30
113.76597480000055,33.501945420000006,60.07476940549018,30
113.79792910000106,33.501945420000006,60.07476940549018,30
113.82994620000136,33.501945420000006,60.07476940549018,30
113.87791780000043,33.63813219,59.81841783843137,30
113.9099213999998,33.63813219,59.81841783843137,30
113.94199420000041,33.63813219,59.81841783843137,30
113.97402030000012,33.63813219,59.81841783843137,30
114.00593130000016,33.63813219,59.81841783843137,30
114.03808620000018,33.501945420000006,60.07476940549018,30
114.07008670000141,33.501945420000006,60.07476940549018,30
114.10192079999979,33.501945420000006,60.07476940549018,30
114.13394150000022,33.501945420000006,60.07476940549018,30
114.16585570000098,33.501945420000006,60.07476940549018,30
114.1978878000009,33.501945420000006,60.07476940549018,30
114.22991720000027,33.501945420000006,60.07476940549018,30
114.27788330000112,33.63813219,59.81841783843137,30
114.30987340000138,33.501945420000006,60.07476940549018,30
114.34193070000038,33.501945420000006,60.07476940549018,30
114.37390969999979,33.501945420000006,60.07476940549018,30
114.40583490000063,33.501945420000006,60.07476940549018,30
114.43802360000154,33.365758650000004,60.331120972549016,30
114.46992710000086,33.77431896,59.56206627137254,30
114.50187760000154,33.77431896,59.56206627137254,30
114.53388040000027,33.22957188,60.587472539607845,30
114.56598190000113,33.22957188,60.587472539607845,30
114.59784360000049,33.22957188,60.587472539607845,30
114.62990160000118,33.09338511,60.843824106666666,30
114.67779850000079,33.09338511,60.843824106666666,30
114.70990290000009,33.09338511,60.843824106666666,30
114.74189579999984,33.09338511,60.843824106666666,30
114.77373720000105,33.09338511,60.843824106666666,30
114.80617750000056,33.09338511,60.843824106666666,30
114.83798089999982,33.09338511,60.843824106666666,30
114.86989680000079,32.957198340000005,61.10017567372549,30
114.90181060000032,32.957198340000005,61.10017567372549,30
114.93388899999991,32.957198340000005,61.10017567372549,30
114.96606410000095,32.957198340000005,61.10017567372549,30
114.99799030000031,32.957198340000005,61.10017567372549,30
115.02988520000144,32.82101157,61.35652724078431,30
115.07794210000066,32.82101157,61.35652724078431,30
115.10994420000134,32.82101157,61.35652724078431,30
115.1418579000001,33.22957188,60.587472539607845,30
115.1742275000015,33.22957188,60.587472539607845,30
115.20591840000088,33.09338511,60.843824106666666,30
115.23798380000153,33.09338511,60.843824106666666,30
115.26992140000038,33.09338511,60.843824106666666,30
115.30191720000039,32.957198340000005,61.10017567372549,30
115.3339403000009,32.957198340000005,61.10017567372549,30
115.36595900000066,32.957198340000005,61.10017567372549,30
115.39799839999978,32.82101157,61.35652724078431,30
115.42993019999994,32.6848248,61.61287880784314,30
115.47789569999986,32.6848248,61.61287880784314,30
115.50988710000092,32.6848248,61.61287880784314,30
115.54208930000095,32.54863803,61.86923037490196,30
115.57404880000104,32.54863803,61.86923037490196,30
115.60593450000124,32.412451260000005,62.12558194196078,30
115.63792950000061,32.27626449,62.3819335090196,30
115.66992180000125,32.27626449,62.3819335090196,30
115.70181950000006,32.82101157,61.35652724078431,30
115.73387230000117,32.14007772,62.63828507607844,30
115.76597159999983,32.003890950000006,62.89463664313723,30
115.79793590000008,32.54863803,61.86923037490196,30
115.82992360000026,32.54863803,61.86923037490196,30
115.87797860000137,32.412451260000005,62.12558194196078,30
115.91002509999998,32.412451260000005,62.12558194196078,30
115.9419042999998,32.412451260000005,62.12558194196078,30
115.97387660000095,32.27626449,62.3819335090196,30
116.00591850000092,31.595330640000004,63.66369134431372,30
116.03802160000123,31.459143870000005,63.92004291137253,30
116.06991790000029,31.322957100000004,64.17639447843136,30
116.10188150000067,31.186770330000005,64.43274604549019,30
116.13387760000114,31.186770330000005,64.43274604549019,30
116.16603410000062,31.731517410000006,63.40733977725489,30
116.19795970000087,31.731517410000006,63.40733977725489,30
116.22990590000154,31.731517410000006,63.40733977725489,30
116.27812190000077,31.731517410000006,63.40733977725489,30
116.30989950000003,31.595330640000004,63.66369134431372,30
116.3418956000005,31.595330640000004,63.66369134431372,30
116.3738998000008,31.731517410000006,63.40733977725489,30
116.40587920000144,31.595330640000004,63.66369134431372,30
116.43797700000141,31.595330640000004,63.66369134431372,30
116.47004400000151,31.595330640000004,63.66369134431372,30
116.50188350000099,31.595330640000004,63.66369134431372,30
116.53392490000078,31.595330640000004,63.66369134431372,30
116.56591300000036,31.595330640000004,63.66369134431372,30
116.59798850000152,31.459143870000005,63.92004291137253,30
116.63027780000084,31.459143870000005,63.92004291137253,30
116.67805130000124,31.459143870000005,63.92004291137253,30
116.70995340000081,31.459143870000005,63.92004291137253,30
116.74192410000069,31.459143870000005,63.92004291137253,30
116.77392780000082,31.186770330000005,64.43274604549019,30
116.80593170000066,31.186770330000005,64.43274604549019,30
116.8379416000007,31.186770330000005,64.43274604549019,30
116.8699445000002,31.186770330000005,64.43274604549019,30
116.90196040000046,31.186770330000005,64.43274604549019,30
116.93393430000106,31.186770330000005,64.43274604549019,30
116.96589780000068,31.050583560000003,64.68909761254902,30
116.99811469999986,31.050583560000003,64.68909761254902,30
117.03001550000045,30.914396790000005,64.94544917960783,30
117.07790120000027,30.914396790000005,64.94544917960783,30
117.10992410000108,31.186770330000005,64.43274604549019,30
117.14196080000147,31.186770330000005,64.43274604549019,30
117.17378550000103,31.186770330000005,64.43274604549019,30
117.2058831000013,31.186770330000005,64.43274604549019,30
117.23791270000038,31.186770330000005,64.43274604549019,30
117.2699674000014,31.186770330000005,64.43274604549019,30
117.30194160000065,30.914396790000005,64.94544917960783,30
117.33388900000136,31.050583560000003,64.68909761254902,30
117.36606290000054,31.050583560000003,64.68909761254902,30
117.39789610000116,30.914396790000005,64.94544917960783,30
117.4298402000004,30.914396790000005,64.94544917960783,30
117.47788820000096,30.914396790000005,64.94544917960783,30
117.50990280000042,30.914396790000005,64.94544917960783,30
117.54188570000042,30.914396790000005,64.94544917960783,30
117.57392419999996,30.914396790000005,64.94544917960783,30
117.60589550000077,30.914396790000005,64.94544917960783,30
117.63784930000111,30.914396790000005,64.94544917960783,30
117.66988339999989,30.914396790000005,64.94544917960783,30
117.70191300000079,30.914396790000005,64.94544917960783,30
117.73401670000021,30.914396790000005,64.94544917960783,30
117.76588530000117,30.914396790000005,64.94544917960783,30
117.79788879999978,31.050583560000003,64.68909761254902,30
117.82987529999991,30.914396790000005,64.94544917960783,30
117.87789049999992,30.914396790000005,64.94544917960783,30
117.9098713000003,30.914396790000005,64.94544917960783,30
117.94186369999989,30.914396790000005,64.94544917960783,30
117.97393730000113,31.050583560000003,64.68909761254902,30
118.00585780000074,31.050583560000003,64.68909761254902,30
118.03792659999999,31.050583560000003,64.68909761254902,30
118.06992069999978,31.050583560000003,64.68909761254902,30
118.10209000000032,31.050583560000003,64.68909761254902,30
118.13422080000055,31.050583560000003,64.68909761254902,30
118.1658453,31.050583560000003,64.68909761254902,30
118.19791110000006,31.050583560000003,64.68909761254902,30
118.2298406000009,31.186770330000005,64.43274604549019,30
118.27792960000079,31.186770330000005,64.43274604549019,30
118.30991920000088,31.186770330000005,64.43274604549019,30
118.34192600000097,31.186770330000005,64.43274604549019,30
118.37402910000128,31.186770330000005,64.43274604549019,30
118.4059511000014,31.322957100000004,64.17639447843136,30
118.43788210000093,31.322957100000004,64.17639447843136,30
118.47003910000058,31.322957100000004,64.17639447843136,30
118.50208060000114,31.322957100000004,64.17639447843136,30
118.53394950000074,31.322957100000004,64.17639447843136,30
118.56598880000092,31.322957100000004,64.17639447843136,30
118.59791190000033,31.459143870000005,63.92004291137253,30
118.62990760000139,31.459143870000005,63.92004291137253,30
118.67787959999987,31.595330640000004,63.66369134431372,30
118.70990280000115,31.595330640000004,63.66369134431372,30
118.7418918000003,31.595330640000004,63.66369134431372,30
118.77387799999997,31.731517410000006,63.40733977725489,30
118.80589800000052,31.731517410000006,63.40733977725489,30
118.83786880000116,31.050583560000003,64.68909761254902,30
118.86992490000011,31.050583560000003,64.68909761254902,30
118.90187200000037,31.050583560000003,64.68909761254902,30
118.93391470000097,31.186770330000005,64.43274604549019,30
118.96590110000034,31.186770330000005,64.43274604549019,30
118.99792900000102,31.186770330000005,64.43274604549019,30
119.02990780000073,31.322957100000004,64.17639447843136,30
119.07788200000141,31.322957100000004,64.17639447843136,30
119.10987110000133,31.322957100000004,64.17639447843136,30
119.14190430000053,31.459143870000005,63.92004291137253,30
119.17383490000066,31.459143870000005,63.92004291137253,30
119.20590770000126,31.595330640000004,63.66369134431372,30
119.23852850000003,31.595330640000004,63.66369134431372,30
119.26981410000008,31.731517410000006,63.40733977725489,30
119.30184660000123,31.867704180000004,63.15098821019607,30
119.33385930000077,32.003890950000006,62.89463664313723,30
119.3658372000009,32.14007772,62.63828507607844,30
119.39793310000096,32.14007772,62.63828507607844,30
119.4298832000004,32.27626449,62.3819335090196,30
119.47801760000038,32.412451260000005,62.12558194196078,30
119.51029090000156,32.54863803,61.86923037490196,30
119.5419466000003,32.54863803,61.86923037490196,30
119.57400680000137,32.6848248,61.61287880784314,30
119.60607870000058,32.6848248,61.61287880784314,30
119.63790930000141,32.82101157,61.35652724078431,30
119.66987520000112,32.957198340000005,61.10017567372549,30
119.70202520000021,33.09338511,60.843824106666666,30
119.73398660000021,33.09338511,60.843824106666666,30
119.76591710000139,33.22957188,60.587472539607845,30
119.79795720000038,33.365758650000004,60.331120972549016,30
119.8299375000006,33.365758650000004,60.331120972549016,30
119.87792290000107,33.501945420000006,60.07476940549018,30
119.90992360000018,33.501945420000006,60.07476940549018,30
119.94193160000032,33.63813219,59.81841783843137,30
119.97414040000149,33.63813219,59.81841783843137,30
120.00573919999988,33.63813219,59.81841783843137,30
120.03793450000012,33.77431896,97.20912509490195,50
120.0699267,33.77431896,97.20912509490195,50
120.10192260000076,33.77431896,97.20912509490195,50
120.1339181000003,33.77431896,97.20912509490195,50
120.16601270000137,33.910505730000004,96.95277352784314,50
120.19789769999988,33.910505730000004,96.95277352784314,50
120.22990530000061,34.0466925,96.6964219607843,50
120.27778490000128,34.18287927,96.44007039372549,50
120.30983670000023,34.31906604,96.18371882666665,50
120.34189160000096,34.455252810000005,95.92736725960783,50
120.37388079999982,34.59143958,95.67101569254902,50
120.40593080000144,34.72762635,95.4146641254902,50
120.43778600000041,34.99999989,94.90196099137255,50
120.46989570000005,35.13618666,94.64560942431372,50
120.50193440000112,35.408560200000004,94.13290629019606,50
120.53387079999993,35.68093374,93.62020315607843,50
120.56593609999982,35.953307280000004,93.10750002196077,50
120.59794650000003,36.22568082,92.59479688784313,50
120.62984340000003,36.498054360000005,92.08209375372547,50
120.67787130000033,36.7704279,91.56939061960784,50
120.70997330000137,37.17898821,90.80033591843137,50
120.74187260000144,37.451361750000004,90.28763278431371,50
120.77388140000039,37.85992206,89.51857808313726,50
120.80598790000113,38.26848237,88.74952338196078,50
120.83797170000071,38.81322945,87.72411711372548,50
120.8698527000015,39.22178976,86.95506241254901,50
120.90188190000117,39.76653684,85.92965614431373,50
120.93391169999995,40.17509715,85.16060144313727,50
120.9658924000014,36.498054360000005,92.08209375372547,50
120.99799100000018,41.128404540000005,83.36614047372548,50
121.02982000000156,41.67315162,82.3407342054902,50
121.07808600000135,42.2178987,81.3153279372549,50
121.1100707000005,42.89883255,80.03357010196078,50
121.14191540000138,43.44357963,79.00816383372549,50
121.17393150000134,43.98832671,77.98275756549019,50
121.20591860000059,44.53307379,76.95735129725489,50
121.23793160000059,45.077820870000004,75.93194502901962,50
121.26995010000064,45.622567950000004,74.90653876078431,50
121.30191800000102,46.167315030000005,73.881132492549,50
121.33394659999976,46.84824888,72.5993746572549,50
121.3659531000012,47.39299596,71.57396838901961,50
121.3978799000015,48.07392981,70.29221055372548,50
121.43006250000144,48.61867689,69.2668042854902,50
121.47805100000005,49.163423970000004,68.2413980172549,50
121.50997240000106,49.84435782,66.9596401819608,50
121.54188350000004,50.3891049,65.93423391372549,50
121.57393940000111,50.93385198,64.90882764549019,50
121.60591700000077,51.47859906,63.8834213772549,50
121.6379074000015,48.61867689,69.2668042854902,50
121.67005040000004,49.299610740000006,67.98504645019607,50
121.70192490000045,49.98054459,66.70328861490196,50
121.7339150000007,50.52529167,65.67788234666668,50
121.76572190000115,51.07003875,64.65247607843136,50
121.79792790000101,51.61478583,63.62706981019607,50
121.82996650000132,52.02334614,62.858015109019604,50
121.87788290000026,52.43190645,62.08896040784314,50
121.90985730000102,52.840466760000005,61.31990570666667,50
121.94194120000066,53.249027070000004,60.550851005490195,50
121.97387400000116,53.65758738,59.781796304313715,50
122.00587630000155,54.06614769,59.01274160313725,50
122.03783450000083,54.338521230000005,58.5000384690196,50
122.06984600000033,54.74708154,57.73098376784313,50
122.10184579999986,55.01945508,57.21828063372549,50
122.13393560000077,55.15564185,56.96192906666667,50
122.16594010000154,55.428015390000006,56.449225932549005,50
122.19786420000128,55.56420216,56.1928743654902,50
122.2299036000004,55.70038893,55.93652279843136,50
122.27791900000011,55.972762470000006,55.42381966431371,50
122.30986080000002,55.972762470000006,55.42381966431371,50
122.34186829999999,56.10894924,55.167468097254904,50
122.37391240000034,56.24513601,54.91111653019607,50
122.40606490000027,56.24513601,54.91111653019607,50
122.43788310000127,56.24513601,54.91111653019607,50
122.47039240000049,56.24513601,54.91111653019607,50
122.50195429999985,56.24513601,54.91111653019607,50
122.53402900000037,56.24513601,54.91111653019607,50
122.56599020000067,56.24513601,54.91111653019607,50
122.59793739999986,56.10894924,55.167468097254904,50
122.62995680000131,55.972762470000006,55.42381966431371,50
122.67788149999978,59.513618490000006,48.7586789207843,50
122.70990210000127,59.377431720000004,49.01503048784313,50
122.74194480000006,59.24124495,49.27138205490195,50
122.77396050000061,59.10505818,49.52773362196078,50
122.80594900000142,58.968871410000006,49.7840851890196,50
122.83794900000066,58.832684640000004,50.04043675607842,50
122.86990080000032,58.69649787,50.29678832313726,50
122.9019272000005,58.56031110000001,50.553139890196064,50
122.93436860000111,58.424124330000005,50.80949145725489,50
122.96600810000018,58.28793756,51.065843024313715,50
122.99798329999976,58.15175079,51.32219459137255,50
123.02993940000124,58.15175079,51.32219459137255,50
123.07796510000117,57.879377250000005,51.834897725490194,50
123.10989520000112,57.74319048,52.09124929254902,50
123.14192220000041,57.60700371,52.347600859607844,50
123.17395780000152,57.470816940000006,52.60395242666666,50
123.2060547000001,57.1984434,53.11665556078431,50
123.23795120000068,56.926069860000005,53.62935869490195,50
123.27002560000074,56.789883090000004,53.885710261960774,50
123.30211130000134,56.65369632,54.1420618290196,50
123.33393419999993,56.51750955,54.398413396078425,50
123.36599209999986,56.24513601,54.91111653019607,50
123.3979503999999,56.10894924,55.167468097254904,50
123.42995530000007,55.972762470000006,55.42381966431371,50
123.47791680000046,55.836575700000004,55.68017123137254,50
123.50986160000139,55.70038893,55.93652279843136,50
123.54191060000085,55.428015390000006,56.449225932549005,50
123.57386360000055,55.291828620000004,56.70557749960784,50
123.60598070000015,55.01945508,57.21828063372549,50
123.63799530000142,54.883268310000005,57.474632200784306,50
123.66994130000057,54.61089477,57.98733533490196,50
123.70182420000128,54.474708,58.24368690196078,50
123.73392070000045,54.338521230000005,58.5000384690196,50
123.76597630000106,54.06614769,59.01274160313725,50
123.79810400000133,53.929960920000006,59.269093170196065,50
123.82995389999996,53.793774150000004,59.525444737254894,50
123.87791470000047,53.65758738,59.781796304313715,50
123.90998060000129,53.385213840000006,60.29449943843136,50
123.94180460000098,53.249027070000004,60.550851005490195,50
123.97382579999976,52.97665353,61.063554139607845,50
124.00611089999984,52.840466760000005,61.31990570666667,50
124.03800860000047,52.56809322,61.83260884078432,50
124.0699951000006,52.43190645,62.08896040784314,50
124.10193030000119,52.295719680000005,62.34531197490195,50
124.1338936000011,52.02334614,62.858015109019604,50
124.16591960000005,51.887159370000006,63.11436667607842,50
124.19789440000022,51.750972600000004,63.37071824313725,50
124.22991850000108,51.61478583,63.62706981019607,50
124.27777900000001,51.342412290000006,64.1397729443137,50
124.30992870000046,51.206225520000004,64.39612451137255,50
124.34178609999981,51.07003875,64.65247607843136,50
124.3742183000013,50.93385198,64.90882764549019,50
124.40611780000108,50.797665210000005,65.165179212549,50
124.43799600000057,50.52529167,65.67788234666668,50
124.46988150000107,50.3891049,65.93423391372549,50
124.5019443000001,50.252918130000005,66.1905854807843,50
124.53393020000112,49.98054459,66.70328861490196,50
124.56597460000012,49.84435782,66.9596401819608,50
124.59797290000097,49.84435782,66.9596401819608,50
124.62988560000122,49.708171050000004,67.2159917490196,50
124.6780402000004,49.57198428,67.47234331607842,50
124.70987610000157,49.57198428,67.47234331607842,50
124.74186920000102,49.43579751,67.72869488313725,50
124.77392719999989,49.43579751,67.72869488313725,50
124.80590160000065,49.299610740000006,67.98504645019607,50
124.83789250000154,49.163423970000004,68.2413980172549,50
124.86992720000126,49.163423970000004,68.2413980172549,50
124.90190840000105,49.0272372,68.49774958431371,50
124.93387799999982,49.0272372,68.49774958431371,50
124.96584460000122,48.89105043,68.75410115137255,50
124.99788940000144,48.89105043,68.75410115137255,50
125.02995700000065,48.89105043,68.75410115137255,50
125.07781940000132,48.754863660000005,69.01045271843135,50
125.10989900000095,48.754863660000005,69.01045271843135,50
125.1419162000002,48.754863660000005,69.01045271843135,50
125.17389720000028,48.61867689,69.2668042854902,50
125.20584630000121,48.61867689,69.2668042854902,50
125.23786130000008,48.61867689,69.2668042854902,50
125.27001470000141,48.61867689,69.2668042854902,50
125.30185300000085,48.754863660000005,69.01045271843135,50
125.33387349999975,48.754863660000005,69.01045271843135,50
125.36587320000035,48.754863660000005,69.01045271843135,50
125.39792950000083,48.754863660000005,69.01045271843135,50
125.4299030000002,48.754863660000005,69.01045271843135,50
125.47823360000075,48.61867689,69.2668042854902,50
125.51003880000098,48.61867689,69.2668042854902,50
125.54195750000144,48.61867689,69.2668042854902,50
125.57393670000056,48.61867689,69.2668042854902,50
125.60590159999992,48.48249012,69.52315585254901,50
125.6379278000004,48.48249012,69.52315585254901,50
125.66991100000087,48.48249012,69.52315585254901,50
125.70200220000152,48.48249012,69.52315585254901,50
125.73391620000075,48.48249012,69.52315585254901,50
125.76588830000037,48.48249012,69.52315585254901,50
125.7979019000013,48.48249012,69.52315585254901,50
125.82982020000054,48.61867689,69.2668042854902,50
125.878066700001,48.61867689,69.2668042854902,50
125.90984709999975,48.61867689,69.2668042854902,50
125.94193009999981,48.754863660000005,69.01045271843135,50
125.97399070000029,48.89105043,68.75410115137255,50
126.00587460000133,48.89105043,68.75410115137255,50
126.03791170000113,49.0272372,68.49774958431371,50
126.06991019999987,49.163423970000004,68.2413980172549,50
126.10192840000127,49.163423970000004,68.2413980172549,50
126.1339695000006,49.299610740000006,67.98504645019607,50
126.16611250000096,49.43579751,67.72869488313725,50
126.19775819999995,49.57198428,67.47234331607842,50
126.22999560000062,49.57198428,67.47234331607842,50
126.2778801000004,49.708171050000004,67.2159917490196,50
126.30989940000109,49.84435782,66.9596401819608,50
126.34190360000139,49.98054459,66.70328861490196,50
126.37388400000054,49.98054459,66.70328861490196,50
126.40588280000156,50.11673136,66.44693704784314,50
126.43781020000097,50.252918130000005,66.1905854807843,50
126.4698937000012,50.3891049,65.93423391372549,50
126.50187820000065,50.3891049,65.93423391372549,50
126.5339168999999,50.52529167,65.67788234666668,50
126.56587200000104,50.66147844,65.42153077960783,50
126.59801860000152,50.797665210000005,65.165179212549,50
126.62997560000076,50.797665210000005,65.165179212549,50
126.67793450000136,50.93385198,64.90882764549019,50
126.70984050000152,51.07003875,64.65247607843136,50
126.7419503000001,51.206225520000004,64.39612451137255,50
126.77382990000115,51.342412290000006,64.1397729443137,50
126.80587259999993,51.47859906,63.8834213772549,50
126.83794930000113,51.61478583,63.62706981019607,50
126.87013970000044,51.61478583,63.62706981019607,50
126.90200640000148,51.750972600000004,63.37071824313725,50
126.93383600000016,51.887159370000006,63.11436667607842,50
126.96596190000128,52.02334614,62.858015109019604,50
126.99803580000116,52.15953291,62.601663541960775,50
127.02992050000103,52.295719680000005,62.34531197490195,50
127.07798040000125,52.43190645,62.08896040784314,50
127.10992930000066,52.56809322,61.83260884078432,50
127.14189980000083,52.43190645,62.08896040784314,50
127.17390950000117,52.840466760000005,61.31990570666667,50
127.20590980000088,52.97665353,61.063554139607845,50
127.23801700000149,52.840466760000005,61.31990570666667,50
127.26993000000039,52.97665353,61.063554139607845,50
127.30186760000106,52.97665353,61.063554139607845,50
127.33409630000097,53.1128403,60.807202572549016,50
127.36610560000008,53.1128403,60.807202572549016,50
127.39795709999999,53.249027070000004,60.550851005490195,50
127.42998960000114,53.1128403,60.807202572549016,50
127.4778892000013,53.249027070000004,60.550851005490195,50
127.50997869999992,53.385213840000006,60.29449943843136,50
127.54201160000048,53.385213840000006,60.29449943843136,50
127.57390000000123,53.385213840000006,60.29449943843136,50
127.6059036000006,53.52140061,60.03814787137255,50
127.63792290000129,49.98054459,66.70328861490196,50
127.6698852999998,49.98054459,66.70328861490196,50
127.70207440000013,49.98054459,66.70328861490196,50
127.73394400000143,49.98054459,66.70328861490196,50
127.765850400001,49.98054459,66.70328861490196,50
127.79786950000016,49.84435782,66.9596401819608,50
127.8297803000005,49.84435782,66.9596401819608,50
127.8778710000006,49.84435782,66.9596401819608,50
127.90983020000021,49.84435782,66.9596401819608,50
127.9418882000009,49.84435782,66.9596401819608,50
127.97378040000149,49.84435782,66.9596401819608,50
128.00588130000142,49.98054459,66.70328861490196,50
128.03784950000045,49.98054459,66.70328861490196,50
128.06991220000054,50.11673136,66.44693704784314,50
128.1021725999999,50.11673136,66.44693704784314,50
128.1339205000004,50.11673136,66.44693704784314,50
128.16577049999978,50.11673136,66.44693704784314,50
128.19786580000073,49.98054459,66.70328861490196,50
128.22984309999993,49.98054459,66.70328861490196,50
128.27784630000133,49.98054459,66.70328861490196,50
128.30987500000083,49.98054459,66.70328861490196,50
128.34187360000033,49.84435782,66.9596401819608,50
128.37391180000122,49.84435782,66.9596401819608,50
128.40597530000014,49.84435782,66.9596401819608,50
128.43785260000004,49.708171050000004,67.2159917490196,50
128.47002500000053,49.708171050000004,67.2159917490196,50
128.50190380000095,49.708171050000004,67.2159917490196,50
128.53388799999993,49.708171050000004,67.2159917490196,50
128.56598699999995,49.708171050000004,67.2159917490196,50
128.5979227000007,49.84435782,66.9596401819608,50
128.62990920000084,49.84435782,66.9596401819608,50
128.67781220000143,49.84435782,66.9596401819608,50
128.70989050000026,49.84435782,66.9596401819608,50
128.74188830000094,49.98054459,66.70328861490196,50
128.7739132000006,49.98054459,66.70328861490196,50
128.80618630000026,50.11673136,66.44693704784314,50
128.83828670000003,50.11673136,66.44693704784314,50
128.86989100000028,50.252918130000005,66.1905854807843,50
128.90192280000156,50.252918130000005,66.1905854807843,50
128.93391920000067,50.3891049,65.93423391372549,50
128.96589570000106,50.3891049,65.93423391372549,50
128.99796930000048,50.3891049,65.93423391372549,50
129.02992650000124,50.52529167,65.67788234666668,50
129.07798970000113,50.52529167,65.67788234666668,50
129.10984590000044,50.52529167,65.67788234666668,50
129.14182410000103,50.66147844,65.42153077960783,50
129.17414800000006,50.66147844,65.42153077960783,50
129.205930600001,50.66147844,65.42153077960783,50
129.23812250000083,50.66147844,65.42153077960783,50
129.2699745000009,50.52529167,65.67788234666668,50
129.30190630000106,50.52529167,65.67788234666668,50
129.33390800000052,50.3891049,65.93423391372549,50
129.36587700000018,50.252918130000005,66.1905854807843,50
129.3978442000007,50.11673136,66.44693704784314,50
129.4299839000014,50.11673136,66.44693704784314,50
129.47784630000024,50.11673136,66.44693704784314,50
129.50993000000017,50.11673136,66.44693704784314,50
129.54196910000064,49.98054459,66.70328861490196,50
129.5740222000004,49.98054459,66.70328861490196,50
129.60584800000106,49.98054459,66.70328861490196,50
129.6378347000009,49.98054459,66.70328861490196,50
129.66993569999977,49.84435782,66.9596401819608,50
129.70193579999977,49.84435782,66.9596401819608,50
129.73383790000116,49.84435782,66.9596401819608,50
129.76587680000011,53.65758738,59.781796304313715,50
129.79789309999978,53.793774150000004,59.525444737254894,50
129.82992490000106,53.793774150000004,59.525444737254894,50
129.87784360000114,53.793774150000004,59.525444737254894,50
129.91004370000155,53.793774150000004,59.525444737254894,50
129.94198010000036,53.793774150000004,59.525444737254894,50
129.97386689999985,53.929960920000006,59.269093170196065,50
130.00591739999982,53.929960920000006,59.269093170196065,50
130.03788420000092,53.929960920000006,59.269093170196065,50
130.0699368000005,53.929960920000006,59.269093170196065,50
130.10206149999976,53.929960920000006,59.269093170196065,50
130.13390550000076,53.929960920000006,59.269093170196065,50
130.16587410000102,53.929960920000006,59.269093170196065,50
130.19789390000005,53.929960920000006,59.269093170196065,50
130.22986500000115,53.929960920000006,59.269093170196065,50
130.2780089000007,53.929960920000006,59.269093170196065,50
130.31000160000076,53.929960920000006,59.269093170196065,50
130.3419285,53.793774150000004,59.525444737254894,50
130.37389750000148,53.793774150000004,59.525444737254894,50
130.40588670000034,53.793774150000004,59.525444737254894,50
130.43786010000076,53.793774150000004,59.525444737254894,50
130.46987290000106,53.65758738,59.781796304313715,50
130.50199430000066,53.65758738,59.781796304313715,50
130.53383550000035,53.65758738,59.781796304313715,50
130.56588030000057,53.65758738,59.781796304313715,50
130.59789050000109,53.52140061,60.03814787137255,50
130.62984420000066,53.52140061,60.03814787137255,50
130.6779361000008,53.385213840000006,60.29449943843136,50
130.7098764000002,53.249027070000004,60.550851005490195,50
130.74195409999993,53.1128403,60.807202572549016,50
130.77391499999976,52.97665353,61.063554139607845,50
130.80585990000145,52.840466760000005,61.31990570666667,50
130.8379085000015,52.840466760000005,61.31990570666667,50
130.86985920000006,52.70427999,61.57625727372549,50
130.9019384000003,52.70427999,61.57625727372549,50
130.93392889999996,52.56809322,61.83260884078432,50
130.9658345000007,52.56809322,61.83260884078432,50
130.9978511999998,52.43190645,62.08896040784314,50
131.02996320000057,52.43190645,62.08896040784314,50
131.07785140000124,52.43190645,62.08896040784314,50
131.10982700000022,52.43190645,62.08896040784314,50
131.14188520000062,52.295719680000005,62.34531197490195,50
131.1739146,52.15953291,62.601663541960775,50
131.20583590000024,52.15953291,62.601663541960775,50
131.2378559000008,52.02334614,62.858015109019604,50
131.26985250000143,52.02334614,62.858015109019604,50
131.3019191000003,51.887159370000006,63.11436667607842,50
131.3339706000006,51.750972600000004,63.37071824313725,50
131.36585490000107,51.750972600000004,63.37071824313725,50
131.39793160000045,51.61478583,63.62706981019607,50
131.4299256000013,51.61478583,63.62706981019607,50
131.47789830000147,51.61478583,63.62706981019607,50
131.5098897000007,51.61478583,63.62706981019607,50
131.5418617000014,51.61478583,63.62706981019607,50
131.57393020000018,51.61478583,63.62706981019607,50
131.60598590000154,51.47859906,63.8834213772549,50
131.63787430000048,51.47859906,63.8834213772549,50
131.66989560000002,51.47859906,63.8834213772549,50
131.70187830000032,51.47859906,63.8834213772549,50
131.7338662000002,51.342412290000006,64.1397729443137,50
131.7660966000003,51.342412290000006,64.1397729443137,50
131.79799470000034,51.342412290000006,64.1397729443137,50
131.82983180000156,51.342412290000006,64.1397729443137,50
131.87786490000144,51.206225520000004,64.39612451137255,50
131.9098971000003,51.206225520000004,64.39612451137255,50
131.9418139999998,51.206225520000004,64.39612451137255,50
131.97384910000073,51.206225520000004,64.39612451137255,50
132.00588580000112,51.07003875,64.65247607843136,50
132.03797610000038,51.07003875,64.65247607843136,50
132.06988080000156,51.07003875,64.65247607843136,50
132.10190970000076,51.07003875,64.65247607843136,50
132.1341033000008,50.93385198,64.90882764549019,50
132.16602290000083,50.93385198,64.90882764549019,50
132.19787580000047,50.93385198,64.90882764549019,50
132.22984610000094,50.797665210000005,65.165179212549,50
132.27797389999978,50.66147844,65.42153077960783,50
132.3098643000012,50.66147844,65.42153077960783,50
132.34183370000028,50.52529167,65.67788234666668,50
132.37386830000105,50.52529167,65.67788234666668,50
132.40589490000093,50.3891049,65.93423391372549,50
132.43789610000022,50.3891049,65.93423391372549,50
132.46995229999993,50.3891049,65.93423391372549,50
132.50203490000058,50.3891049,65.93423391372549,50
132.5339823000013,50.3891049,65.93423391372549,50
132.56587560000116,50.3891049,65.93423391372549,50
132.5978541000004,50.3891049,65.93423391372549,50
132.62990340000033,50.3891049,65.93423391372549,50
132.67793020000136,50.3891049,65.93423391372549,50
132.70989820000068,50.3891049,65.93423391372549,50
132.74184630000127,50.3891049,65.93423391372549,50
132.77381890000106,50.3891049,65.93423391372549,50
132.8057946000008,50.3891049,65.93423391372549,50
132.83770660000118,50.3891049,65.93423391372549,50
132.8699428,50.3891049,65.93423391372549,50
132.90202360000148,50.252918130000005,66.1905854807843,50
132.93386170000122,50.252918130000005,66.1905854807843,50
132.96587750000072,50.252918130000005,66.1905854807843,50
132.99787319999996,50.252918130000005,66.1905854807843,50
133.03006040000037,50.3891049,65.93423391372549,50
133.07794580000154,50.3891049,65.93423391372549,50
133.10995120000007,50.3891049,65.93423391372549,50
133.14183270000103,50.3891049,65.93423391372549,50
133.17385869999998,50.3891049,65.93423391372549,50
133.20576690000053,50.3891049,65.93423391372549,50
133.23805900000116,50.52529167,65.67788234666668,50
133.27019050000126,50.52529167,65.67788234666668,50
133.3018950000005,50.52529167,65.67788234666668,50
133.33390000000145,50.52529167,65.67788234666668,50
133.36589509999976,50.52529167,65.67788234666668,50
133.39788399999998,50.52529167,65.67788234666668,50
133.42990129999998,50.52529167,65.67788234666668,50
133.47788310000033,50.52529167,65.67788234666668,50
133.5098424000007,50.66147844,65.42153077960783,50
133.54190280000148,50.66147844,65.42153077960783,50
133.57386829999996,50.66147844,65.42153077960783,50
133.60604070000045,50.797665210000005,65.165179212549,50
133.6380203000008,50.797665210000005,65.165179212549,50
133.66991899999994,50.797665210000005,65.165179212549,50
133.7018852000001,50.797665210000005,65.165179212549,50
133.733972,50.66147844,65.42153077960783,50
133.76585990000058,50.66147844,65.42153077960783,50
133.79785730000003,50.66147844,65.42153077960783,50
133.8298537999999,50.66147844,65.42153077960783,50
133.8618142000014,50.66147844,65.42153077960783,50
133.90987769999992,50.66147844,65.42153077960783,50
133.9418050000004,50.66147844,65.42153077960783,50
133.97425720000138,50.66147844,65.42153077960783,50
134.00625279999986,50.66147844,65.42153077960783,50
134.03785870000138,50.66147844,65.42153077960783,50
134.06987180000033,50.66147844,65.42153077960783,50
134.1018163000008,50.797665210000005,65.165179212549,50
134.13380940000025,50.797665210000005,65.165179212549,50
134.1658662000009,50.797665210000005,65.165179212549,50
134.19781430000148,50.797665210000005,65.165179212549,50
134.22982610000145,50.93385198,64.90882764549019,50
134.26188309999998,50.93385198,64.90882764549019,50
134.30980290000116,50.93385198,64.90882764549019,50
134.3419131999999,51.07003875,64.65247607843136,50
134.37387000000126,51.07003875,64.65247607843136,50
134.4058307000014,51.07003875,64.65247607843136,50
134.43787450000127,51.206225520000004,64.39612451137255,50
134.46988860000056,51.206225520000004,64.39612451137255,50
134.50191749999976,51.206225520000004,64.39612451137255,50
134.53384150000056,51.342412290000006,64.1397729443137,50
134.5658942000009,51.342412290000006,64.1397729443137,50
134.59794800000054,51.47859906,63.8834213772549,50
134.6298869000002,51.47859906,63.8834213772549,50
134.66188690000126,51.61478583,63.62706981019607,50
134.7103017999998,51.750972600000004,63.37071824313725,50
134.74206910000066,51.750972600000004,63.37071824313725,50
134.77385120000145,51.750972600000004,63.37071824313725,50
134.80585800000154,51.750972600000004,63.37071824313725,50
134.83794480000142,51.750972600000004,63.37071824313725,50
134.86986290000095,51.750972600000004,63.37071824313725,50
134.90196190000097,51.750972600000004,63.37071824313725,50
134.93390080000063,51.750972600000004,63.37071824313725,50
134.96588640000118,51.887159370000006,63.11436667607842,50
134.9978781000009,51.887159370000006,63.11436667607842,50
135.0298896000004,52.02334614,62.858015109019604,50
135.0619353000002,52.02334614,62.858015109019604,50
135.11027319999994,52.02334614,62.858015109019604,50
135.1418207000006,52.15953291,62.601663541960775,50
135.17388829999982,52.15953291,62.601663541960775,50
135.2058477999999,52.15953291,62.601663541960775,50
135.23786110000037,52.15953291,62.601663541960775,50
135.26983990000008,52.15953291,62.601663541960775,50
135.30205860000024,52.15953291,62.601663541960775,50
135.3338988000014,52.15953291,62.601663541960775,50
135.36588130000018,52.295719680000005,62.34531197490195,50
135.39786370000002,52.295719680000005,62.34531197490195,50
135.42973150000034,52.295719680000005,62.34531197490195,50
135.46194710000054,52.295719680000005,62.34531197490195,50
135.5098620000008,52.295719680000005,62.34531197490195,50
135.5418496000002,52.295719680000005,62.34531197490195,50
135.57378210000024,52.295719680000005,62.34531197490195,50
135.60585700000047,52.295719680000005,62.34531197490195,50
135.63783169999988,52.43190645,62.08896040784314,50
135.6698505000004,52.43190645,62.08896040784314,50
135.70190340000045,52.43190645,62.08896040784314,50
135.73386350000146,52.56809322,61.83260884078432,50
135.76585110000087,52.56809322,61.83260884078432,50
135.7977781999998,52.56809322,61.83260884078432,50
135.82998550000048,52.295719680000005,62.34531197490195,50
135.86205020000125,52.295719680000005,62.34531197490195,50
135.90989760000048,52.295719680000005,62.34531197490195,50
135.94185930000094,48.754863660000005,69.01045271843135,50
135.97391470000002,48.754863660000005,69.01045271843135,50
136.0058654000004,48.754863660000005,69.01045271843135,50
136.0379191000011,48.754863660000005,69.01045271843135,50
136.06989020000037,48.61867689,69.2668042854902,50
136.1019094000003,48.61867689,69.2668042854902,50
136.13391730000149,48.61867689,69.2668042854902,50
136.16581600000063,48.61867689,69.2668042854902,50
136.1980051999999,48.61867689,69.2668042854902,50
136.2299877000005,48.61867689,69.2668042854902,50
136.26189310000154,48.48249012,69.52315585254901,50
136.3098686000012,48.48249012,69.52315585254901,50
136.34190430000126,48.48249012,69.52315585254901,50
136.37394630000017,48.48249012,69.52315585254901,50
136.40590859999975,48.48249012,69.52315585254901,50
136.43789079999988,48.48249012,69.52315585254901,50
136.46991920000073,48.48249012,69.52315585254901,50
136.50184040000022,48.48249012,69.52315585254901,50
136.53377700000055,48.48249012,69.52315585254901,50
136.56587440000112,48.48249012,69.52315585254901,50
136.59798850000152,48.48249012,69.52315585254901,50
136.62987690000045,48.48249012,69.52315585254901,50
136.66190310000093,48.48249012,69.52315585254901,50
136.70985520000067,48.61867689,69.2668042854902,50
136.74186890000055,48.61867689,69.2668042854902,50
136.7738086999998,48.754863660000005,69.01045271843135,50
136.80596400000104,48.89105043,68.75410115137255,50
136.8377666000015,48.89105043,68.75410115137255,50
136.8698371999999,49.0272372,68.49774958431371,50
136.90183140000045,49.0272372,68.49774958431371,50
136.93402630000128,49.163423970000004,68.2413980172549,50
136.96597250000013,49.299610740000006,67.98504645019607,50
136.9977959000007,49.299610740000006,67.98504645019607,50
137.0298109000014,49.43579751,67.72869488313725,50
137.06188590000056,49.43579751,67.72869488313725,50
137.10984380000082,49.43579751,67.72869488313725,50
137.14186150000023,49.43579751,67.72869488313725,50
137.17385920000015,49.57198428,67.47234331607842,50
137.20582680000007,49.57198428,67.47234331607842,50
137.2378649000002,49.57198428,67.47234331607842,50
137.26979850000134,49.57198428,67.47234331607842,50
137.30190829999992,49.57198428,67.47234331607842,50
137.33386200000132,49.57198428,67.47234331607842,50
137.36582559999988,49.708171050000004,67.2159917490196,50
137.39783270000044,49.708171050000004,67.2159917490196,50
137.429795,49.708171050000004,67.2159917490196,50
137.46185080000032,49.708171050000004,67.2159917490196,50
137.509885200001,49.708171050000004,67.2159917490196,50
137.5418795000005,49.84435782,66.9596401819608,50
137.5738809000013,49.84435782,66.9596401819608,50
137.60586700000022,49.98054459,66.70328861490196,50
137.63785520000056,49.98054459,66.70328861490196,50
137.67017010000018,50.11673136,66.44693704784314,50
137.70205630000055,50.252918130000005,66.1905854807843,50
137.7338920000002,50.252918130000005,66.1905854807843,50
137.7659607000005,50.3891049,65.93423391372549,50
137.79787990000113,50.3891049,65.93423391372549,50
137.82989249999991,50.3891049,65.93423391372549,50
137.8618803999998,50.52529167,65.67788234666668,50
137.90992610000103,50.52529167,65.67788234666668,50
137.94178190000093,50.66147844,65.42153077960783,50
137.9738543000003,50.66147844,65.42153077960783,50
138.0057813000003,50.797665210000005,65.165179212549,50
138.0381193000012,50.797665210000005,65.165179212549,50
138.0699824000003,50.797665210000005,65.165179212549,50
138.10190980000152,50.93385198,64.90882764549019,50
138.1338254000002,50.93385198,64.90882764549019,50
138.1658836000006,50.93385198,64.90882764549019,50
138.19782750000013,51.07003875,64.65247607843136,50
138.22987710000052,51.07003875,64.65247607843136,50
138.26192620000074,51.07003875,64.65247607843136,50
138.30981450000036,51.07003875,64.65247607843136,50
138.3418830999999,51.07003875,64.65247607843136,50
138.3738600000015,51.07003875,64.65247607843136,50
138.4058808000009,51.07003875,64.65247607843136,50
138.43811650000134,51.07003875,64.65247607843136,50
138.46985940000013,51.206225520000004,64.39612451137255,50
138.5019200000006,51.206225520000004,64.39612451137255,50
138.53386130000035,51.206225520000004,64.39612451137255,50
138.56585910000103,51.206225520000004,64.39612451137255,50
138.59786350000104,51.206225520000004,64.39612451137255,50
138.6298201999998,51.206225520000004,64.39612451137255,50
138.66177360000074,51.206225520000004,64.39612451137255,50
138.70980340000096,51.206225520000004,64.39612451137255,50
138.74177469999995,51.206225520000004,64.39612451137255,50
138.77400670000134,51.206225520000004,64.39612451137255,50
138.80615840000064,51.07003875,64.65247607843136,50
138.83783089999997,51.07003875,64.65247607843136,50
138.86981540000124,51.07003875,64.65247607843136,50
138.90186880000147,51.07003875,64.65247607843136,50
138.9338301000007,51.07003875,64.65247607843136,50
138.96587350000118,51.07003875,64.65247607843136,50
138.99788320000152,51.07003875,64.65247607843136,50
139.02985340000123,51.07003875,64.65247607843136,50
139.06187760000103,50.93385198,64.90882764549019,50
139.10985270000128,50.93385198,64.90882764549019,50
139.14204150000114,50.93385198,64.90882764549019,50
139.17403550000017,50.93385198,64.90882764549019,50
139.20585510000092,50.93385198,64.90882764549019,50
139.23793360000127,50.93385198,64.90882764549019,50
139.26982529999987,50.93385198,64.90882764549019,50
139.30188460000136,50.93385198,64.90882764549019,50
139.33384220000153,54.61089477,57.98733533490196,50
139.36589340000137,51.07003875,64.65247607843136,50
139.39796120000028,51.07003875,64.65247607843136,50
139.42987060000087,51.206225520000004,64.39612451137255,50
139.46188320000147,51.206225520000004,64.39612451137255,50
139.51030210000135,51.206225520000004,64.39612451137255,50
139.54200330000094,51.206225520000004,64.39612451137255,50
139.57384580000144,51.206225520000004,64.39612451137255,50
139.6058739,51.07003875,64.65247607843136,50
139.63783669999975,51.07003875,64.65247607843136,50
139.6698645000015,50.93385198,64.90882764549019,50
139.70195030000104,50.93385198,64.90882764549019,50
139.7339393000002,50.797665210000005,65.165179212549,50
139.7658521000012,50.797665210000005,65.165179212549,50
139.79783529999986,50.66147844,65.42153077960783,50
139.82987990000038,50.52529167,65.67788234666668,50
139.86188660000153,50.52529167,65.67788234666668,50
139.90983500000038,50.3891049,65.93423391372549,50
139.9418415,50.3891049,65.93423391372549,50
139.97385480000048,50.252918130000005,66.1905854807843,50
140.00579800000014,50.252918130000005,66.1905854807843,50
140.0378219000013,50.11673136,66.44693704784314,50
140.06986640000105,53.929960920000006,59.269093170196065,50
140.10180990000117,53.929960920000006,59.269093170196065,50
140.13384680000127,53.793774150000004,59.525444737254894,50
140.1657606000008,53.793774150000004,59.525444737254894,50
140.1978080000008,53.65758738,59.781796304313715,50
140.22974330000034,53.65758738,59.781796304313715,50
140.2618618000015,53.65758738,59.781796304313715,50
140.30982779999977,53.52140061,60.03814787137255,50
140.34188800000084,53.52140061,60.03814787137255,50
140.37386359999982,53.52140061,60.03814787137255,50
140.40588449999996,53.52140061,60.03814787137255,50
140.43780430000152,53.65758738,59.781796304313715,50
140.46988860000056,53.65758738,59.781796304313715,50
140.5018839000004,53.65758738,59.781796304313715,50
140.53390130000116,53.65758738,59.781796304313715,50
140.56585290000112,53.65758738,59.781796304313715,50
140.5979077000011,53.52140061,60.03814787137255,50
140.6300764000007,53.52140061,60.03814787137255,50
140.66189610000038,53.52140061,60.03814787137255,50
140.70986750000156,53.385213840000006,60.29449943843136,50
140.74175230000037,53.249027070000004,60.550851005490195,50
140.77385800000047,53.249027070000004,60.550851005490195,50
140.80586380000022,53.1128403,60.807202572549016,50
140.83800130000054,53.1128403,60.807202572549016,50
140.8698854000013,52.97665353,61.063554139607845,50
140.9018802999999,52.97665353,61.063554139607845,50
140.93387240000084,52.97665353,61.063554139607845,50
140.96590340000148,52.840466760000005,61.31990570666667,50
140.9980415000009,52.840466760000005,61.31990570666667,50
141.02992000000086,52.70427999,61.57625727372549,50
141.06185860000005,52.56809322,61.83260884078432,50
141.10987449999993,52.43190645,62.08896040784314,50
141.14186130000053,52.295719680000005,62.34531197490195,50
141.17384990000028,52.15953291,62.601663541960775,50
141.2057937999998,51.887159370000006,63.11436667607842,50
141.2378974000003,51.750972600000004,63.37071824313725,50
141.26973660000112,51.61478583,63.62706981019607,50
141.30185020000135,51.47859906,63.8834213772549,50
141.3337268000014,51.342412290000006,64.1397729443137,50
141.36582220000128,51.342412290000006,64.1397729443137,50
141.39783680000073,51.206225520000004,64.39612451137255,50
141.42994630000067,51.206225520000004,64.39612451137255,50
141.46184780000112,51.07003875,64.65247607843136,50
141.50988020000113,51.07003875,64.65247607843136,50
141.54177960000015,50.93385198,64.90882764549019,50
141.5739031000012,50.93385198,64.90882764549019,50
141.6058936999998,50.797665210000005,65.165179212549,50
141.63788209999984,50.797665210000005,65.165179212549,50
141.67017529999976,50.66147844,65.42153077960783,50
141.70190940000066,50.52529167,65.67788234666668,50
141.73419170000125,50.52529167,65.67788234666668,50
141.76592300000084,50.3891049,65.93423391372549,50
141.79785390000143,50.3891049,65.93423391372549,50
141.8299444000004,50.252918130000005,66.1905854807843,50
141.86196290000044,50.252918130000005,66.1905854807843,50
141.90987620000124,50.11673136,66.44693704784314,50
141.94186910000099,50.11673136,66.44693704784314,50
141.9737750000004,50.11673136,66.44693704784314,50
142.00581990000137,49.98054459,66.70328861490196,50
142.03784610000002,49.98054459,66.70328861490196,50
142.0698166000002,49.98054459,66.70328861490196,50
142.10228559999996,49.98054459,66.70328861490196,50
142.13394380000136,49.98054459,66.70328861490196,50
142.16587400000026,49.98054459,66.70328861490196,50
142.19787400000132,49.84435782,66.9596401819608,50
142.22984850000103,49.84435782,66.9596401819608,50
142.26193849999981,49.84435782,66.9596401819608,50
142.30988109999998,49.84435782,66.9596401819608,50
142.3419317000007,49.84435782,66.9596401819608,50
142.37375280000015,49.708171050000004,67.2159917490196,50
142.4058438000011,49.708171050000004,67.2159917490196,50
142.437815700001,49.84435782,66.9596401819608,50
142.47001500000079,49.84435782,66.9596401819608,50
142.50204649999978,49.84435782,66.9596401819608,50
142.5339186000001,49.84435782,66.9596401819608,50
142.56584250000014,49.84435782,66.9596401819608,50
142.59778410000035,49.84435782,66.9596401819608,50
142.62989639999978,49.84435782,66.9596401819608,50
142.6618593000003,49.84435782,66.9596401819608,50
142.70986040000025,49.84435782,66.9596401819608,50
142.74202220000006,49.84435782,66.9596401819608,50
142.77382650000072,49.98054459,66.70328861490196,50
142.8060157,49.98054459,66.70328861490196,50
142.83794930000113,50.11673136,66.44693704784314,50
142.87012940000022,50.11673136,66.44693704784314,50
142.90198750000127,50.11673136,66.44693704784314,50
142.93386570000075,50.11673136,66.44693704784314,50
142.9657926,50.11673136,66.44693704784314,50
142.9978226000003,49.98054459,66.70328861490196,50
143.02984710000055,49.98054459,66.70328861490196,50
143.0618564000015,49.98054459,66.70328861490196,50
143.10981210000136,49.98054459,66.70328861490196,50
143.14187440000023,49.98054459,66.70328861490196,50
143.17378260000078,49.98054459,66.70328861490196,50
143.20591920000152,50.11673136,66.44693704784314,50
143.2378191000007,50.11673136,66.44693704784314,50
143.26978280000003,50.252918130000005,66.1905854807843,50
143.3018576000013,50.3891049,65.93423391372549,50
143.33392040000035,50.3891049,65.93423391372549,50
143.3658286000009,50.52529167,65.67788234666668,50
143.39784280000094,50.52529167,65.67788234666668,50
143.42986510000082,50.66147844,65.42153077960783,50
143.46187009999994,50.797665210000005,65.165179212549,50
143.50986110000122,50.797665210000005,65.165179212549,50
143.54223410000122,50.797665210000005,65.165179212549,50
143.5743265000001,50.93385198,64.90882764549019,50
143.60590969999976,50.93385198,64.90882764549019,50
143.63790920000065,50.93385198,64.90882764549019,50
143.66992010000104,50.93385198,64.90882764549019,50
143.70181420000154,50.93385198,64.90882764549019,50
143.73387530000036,50.93385198,64.90882764549019,50
143.76575740000044,50.93385198,64.90882764549019,50
143.7979049000005,51.07003875,64.65247607843136,50
143.8298900000009,51.07003875,64.65247607843136,50
143.86186960000123,51.206225520000004,64.39612451137255,50
143.90997750000133,51.342412290000006,64.1397729443137,50
143.94238210000003,51.342412290000006,64.1397729443137,50
143.97398000000067,51.47859906,63.8834213772549,50
144.00589780000155,51.61478583,63.62706981019607,50
144.03787120000015,51.61478583,63.62706981019607,50
144.06989460000113,51.750972600000004,63.37071824313725,50
144.10192410000127,51.750972600000004,63.37071824313725,50
144.13386320000063,51.887159370000006,63.11436667607842,50
144.16586330000064,51.887159370000006,63.11436667607842,50
144.19784489999984,51.887159370000006,63.11436667607842,50
144.22983130000102,52.02334614,62.858015109019604,50
144.26183520000086,52.02334614,62.858015109019604,50
144.30993170000147,52.15953291,62.601663541960775,50
144.3418302000009,52.15953291,62.601663541960775,50
144.3738514000015,52.295719680000005,62.34531197490195,50
144.4058311000008,52.295719680000005,62.34531197490195,50
144.43780610000067,52.43190645,62.08896040784314,50
144.46987720000106,52.43190645,62.08896040784314,50
144.5018970000001,52.43190645,62.08896040784314,50
144.5341782000014,52.43190645,62.08896040784314,50
144.56583330000103,52.43190645,62.08896040784314,50
144.59784030000083,52.56809322,61.83260884078432,50
144.62983340000028,52.56809322,61.83260884078432,50
144.66186420000122,52.56809322,61.83260884078432,50
144.70987260000038,52.56809322,61.83260884078432,50
144.74180820000038,52.56809322,61.83260884078432,50
144.7739347000006,52.70427999,61.57625727372549,50
144.80582649999997,52.70427999,61.57625727372549,50
144.8377916999998,52.840466760000005,61.31990570666667,50
144.8698215000004,52.840466760000005,61.31990570666667,50
144.90178860000015,52.840466760000005,61.31990570666667,50
144.93380790000083,52.840466760000005,61.31990570666667,50
144.9659251000012,52.97665353,61.063554139607845,50
144.99769950000154,52.97665353,61.063554139607845,50
145.0299410000007,52.97665353,61.063554139607845,50
145.06199970000125,52.97665353,61.063554139607845,50
145.1098679000006,52.97665353,61.063554139607845,50
145.14187680000032,52.840466760000005,61.31990570666667,50
145.17380109999976,52.840466760000005,61.31990570666667,50
145.20582040000045,52.840466760000005,61.31990570666667,50
145.23796720000064,52.840466760000005,61.31990570666667,50
145.26987840000038,52.97665353,61.063554139607845,50
145.30185820000042,52.97665353,61.063554139607845,50
145.33388580000064,52.97665353,61.063554139607845,50
145.3658413000012,52.97665353,61.063554139607845,50
145.39797790000011,52.97665353,61.063554139607845,50
145.4301016999998,52.840466760000005,61.31990570666667,50
145.46185120000155,52.840466760000005,61.31990570666667,50
145.50980060000074,52.840466760000005,61.31990570666667,50
145.5417948000013,52.840466760000005,61.31990570666667,50
145.57382000000143,52.840466760000005,61.31990570666667,50
145.60583880000013,52.70427999,61.57625727372549,50
145.63794960000087,52.70427999,61.57625727372549,50
145.66981660000056,52.70427999,61.57625727372549,50
145.70185610000044,52.56809322,61.83260884078432,50
145.73380280000129,52.56809322,61.83260884078432,50
145.76596680000148,52.43190645,62.08896040784314,50
145.79794020000008,52.43190645,62.08896040784314,50
145.82979220000016,52.43190645,62.08896040784314,50
145.86182760000156,52.295719680000005,62.34531197490195,50
145.90986010000051,52.295719680000005,62.34531197490195,50
145.94180190000043,52.295719680000005,62.34531197490195,50
145.97382509999989,52.295719680000005,62.34531197490195,50
146.0058106000015,52.15953291,62.601663541960775,50
146.03782870000032,52.15953291,62.601663541960775,50
146.0699519000009,52.15953291,62.601663541960775,50
146.1018281000015,52.15953291,62.601663541960775,50
146.13379280000117,52.02334614,62.858015109019604,50
146.1658808000011,52.02334614,62.858015109019604,50
146.19785899999988,51.887159370000006,63.11436667607842,50
146.22985660000086,51.750972600000004,63.37071824313725,50
146.26176769999984,51.750972600000004,63.37071824313725,50
146.30981130000146,51.61478583,63.62706981019607,50
146.34183350000058,51.61478583,63.62706981019607,50
146.37372740000137,51.61478583,63.62706981019607,50
146.40576760000113,51.47859906,63.8834213772549,50
146.43782890000148,51.47859906,63.8834213772549,50
146.4700240000002,51.47859906,63.8834213772549,50
146.50191030000133,51.47859906,63.8834213772549,50
146.5339913000007,51.47859906,63.8834213772549,50
146.56582460000027,51.47859906,63.8834213772549,50
146.59780820000015,51.47859906,63.8834213772549,50
146.62994020000042,51.47859906,63.8834213772549,50
146.6617866000015,51.47859906,63.8834213772549,50
146.70987360000072,51.342412290000006,64.1397729443137,50
146.7418918000003,51.342412290000006,64.1397729443137,50
146.7738575000003,51.206225520000004,64.39612451137255,50
146.8058474999998,51.206225520000004,64.39612451137255,50
146.8378287000014,51.07003875,64.65247607843136,50
146.86987220000083,51.07003875,64.65247607843136,50
146.90207720000035,51.07003875,64.65247607843136,50
146.93385490000037,51.07003875,64.65247607843136,50
146.96588320000046,51.07003875,64.65247607843136,50
146.99784960000034,50.93385198,64.90882764549019,50
147.02993200000128,50.93385198,64.90882764549019,50
147.0619158999998,50.93385198,64.90882764549019,50
147.10981080000056,50.93385198,64.90882764549019,50
147.14186080000036,50.93385198,64.90882764549019,50
147.17385400000057,50.93385198,64.90882764549019,50
147.2057831000002,50.797665210000005,65.165179212549,50
147.23773550000078,50.797665210000005,65.165179212549,50
147.270024200001,50.66147844,65.42153077960783,50
147.30184830000144,50.66147844,65.42153077960783,50
147.33389270000043,50.66147844,65.42153077960783,50
147.36574360000122,50.66147844,65.42153077960783,50
147.39776660000098,50.66147844,65.42153077960783,50
147.42981760000112,50.66147844,65.42153077960783,50
147.46183759999985,50.797665210000005,65.165179212549,50
147.509855100001,50.797665210000005,65.165179212549,50
147.5418468000007,50.797665210000005,65.165179212549,50
147.5738849999998,50.797665210000005,65.165179212549,50
147.60572839999986,50.797665210000005,65.165179212549,50
147.63788860000022,50.93385198,64.90882764549019,50
147.6698406000014,50.93385198,64.90882764549019,50
147.70183280000128,50.797665210000005,65.165179212549,50
147.73379260000002,50.797665210000005,65.165179212549,50
147.76583570000003,50.797665210000005,65.165179212549,50
147.7978576000005,50.797665210000005,65.165179212549,50
147.8298203000013,50.797665210000005,65.165179212549,50
147.86181399999987,50.797665210000005,65.165179212549,50
147.90984130000106,50.93385198,64.90882764549019,50
147.94181180000123,50.93385198,64.90882764549019,50
147.9738997000004,50.93385198,64.90882764549019,50
148.00600889999987,50.93385198,64.90882764549019,50
148.03797880000093,50.66147844,65.42153077960783,50
148.06990990000122,50.66147844,65.42153077960783,50
148.10184430000118,50.66147844,65.42153077960783,50
148.1338622000003,47.256809190000006,71.83031995607841,50
148.16585860000123,47.256809190000006,71.83031995607841,50
148.1978551000011,47.256809190000006,71.83031995607841,50
148.22991300000103,47.256809190000006,71.83031995607841,50
148.26188520000142,47.256809190000006,71.83031995607841,50
148.30985650000002,47.39299596,71.57396838901961,50
148.3419197000003,47.39299596,71.57396838901961,50
148.37409070000103,47.39299596,71.57396838901961,50
148.40591550000136,47.52918273,71.31761682196078,50
148.4378222000014,47.665369500000004,71.06126525490197,50
148.4700767000013,47.665369500000004,71.06126525490197,50
148.50187150000056,47.80155627,70.80491368784314,50
148.53382899999997,47.80155627,70.80491368784314,50
148.56580100000065,47.93774304,70.54856212078433,50
148.59782460000133,48.07392981,70.29221055372548,50
148.62984770000003,48.210116580000005,70.03585898666665,50
148.66187890000037,48.34630335,69.77950741960784,50
148.70977480000147,48.34630335,69.77950741960784,50
148.74215540000114,48.48249012,69.52315585254901,50
148.77381690000038,48.61867689,69.2668042854902,50
148.80581859999984,48.61867689,69.2668042854902,50
148.83778020000136,48.754863660000005,69.01045271843135,50
148.8698800000002,48.89105043,68.75410115137255,50
148.90186619999986,48.89105043,68.75410115137255,50
148.93383040000117,49.0272372,68.49774958431371,50
148.965817100001,49.0272372,68.49774958431371,50
148.99783220000063,49.163423970000004,68.2413980172549,50
149.0297980000014,49.163423970000004,68.2413980172549,50
149.0618983000004,49.299610740000006,67.98504645019607,50
149.10994540000138,49.299610740000006,67.98504645019607,50
149.14182280000023,49.43579751,67.72869488313725,50
149.17383300000074,49.57198428,67.47234331607842,50
149.2057334000001,49.57198428,67.47234331607842,50
149.23785950000092,49.708171050000004,67.2159917490196,50
149.2698384000014,49.84435782,66.9596401819608,50
149.30182670000067,49.84435782,66.9596401819608,50
149.3338564000005,49.98054459,66.70328861490196,50
149.36569410000084,49.98054459,66.70328861490196,50
149.39787799999976,50.11673136,66.44693704784314,50
149.42980440000065,50.11673136,66.44693704784314,50
149.46203030000106,50.252918130000005,66.1905854807843,50
149.5100209000011,50.3891049,65.93423391372549,50
149.54186750000008,50.52529167,65.67788234666668,50
149.57386750000114,50.66147844,65.42153077960783,50
149.60594070000116,50.797665210000005,65.165179212549,50
149.63785180000013,50.93385198,64.90882764549019,50
149.6698621000014,51.07003875,64.65247607843136,50
149.7018551000001,51.206225520000004,64.39612451137255,50
149.73384690000057,51.342412290000006,64.1397729443137,50
149.76606309999988,51.47859906,63.8834213772549,50
149.79775660000087,51.61478583,63.62706981019607,50
149.8300691000004,51.61478583,63.62706981019607,50
149.86198500000137,51.750972600000004,63.37071824313725,50
149.90983790000064,51.887159370000006,63.11436667607842,50
149.9418411000006,52.02334614,62.858015109019604,50
149.97388090000095,52.02334614,62.858015109019604,50
150.00585000000137,52.15953291,62.601663541960775,50
150.03785450000032,52.15953291,62.601663541960775,50
150.06982880000032,52.295719680000005,62.34531197490195,50
150.10178460000134,52.295719680000005,62.34531197490195,50
150.13385200000084,52.295719680000005,62.34531197490195,50
150.16581600000063,52.15953291,62.601663541960775,50
150.19806310000058,52.15953291,62.601663541960775,50
150.2299481000009,52.15953291,62.601663541960775,50
150.26185430000078,52.15953291,62.601663541960775,50
150.30973780000022,52.02334614,62.858015109019604,50
150.34179050000057,52.02334614,62.858015109019604,50
150.37374890000137,51.887159370000006,63.11436667607842,50
150.40582170000016,51.887159370000006,63.11436667607842,50
150.43783059999987,51.750972600000004,63.37071824313725,50
150.46995090000019,51.750972600000004,63.37071824313725,50
150.5018570000011,51.61478583,63.62706981019607,50
150.53378169999996,51.61478583,63.62706981019607,50
150.56595689999995,51.61478583,63.62706981019607,50
150.59783480000078,51.61478583,63.62706981019607,50
150.62978170000133,51.61478583,63.62706981019607,50
150.6617954000012,51.61478583,63.62706981019607,50
150.70986059999996,51.61478583,63.62706981019607,50
150.74181520000093,51.61478583,63.62706981019607,50
150.77380230000017,51.47859906,63.8834213772549,50
150.8058888000014,51.47859906,63.8834213772549,50
150.83778549999988,51.47859906,63.8834213772549,50
150.86980510000103,51.47859906,63.8834213772549,50
150.90182790000108,51.47859906,63.8834213772549,50
150.9338583000008,51.47859906,63.8834213772549,50
150.96613550000075,51.342412290000006,64.1397729443137,50
150.99783900000148,51.342412290000006,64.1397729443137,50
151.02985249999983,51.342412290000006,64.1397729443137,50
151.06184730000132,51.342412290000006,64.1397729443137,50
151.10976800000026,51.342412290000006,64.1397729443137,50
151.14184860000023,51.206225520000004,64.39612451137255,50
151.17381879999994,51.206225520000004,64.39612451137255,50
151.20581579999998,51.07003875,64.65247607843136,50
151.23789279999983,51.07003875,64.65247607843136,50
151.2697231000002,50.93385198,64.90882764549019,50
151.30188240000098,50.93385198,64.90882764549019,50
151.3339562000001,50.797665210000005,65.165179212549,50
151.36581040000056,50.797665210000005,65.165179212549,50
151.39790119999998,50.66147844,65.42153077960783,50
151.42984109999998,50.66147844,65.42153077960783,50
151.46184970000104,50.66147844,65.42153077960783,50
151.50986710000143,50.66147844,65.42153077960783,50
151.54183520000151,50.52529167,65.67788234666668,50
151.57385160000013,50.52529167,65.67788234666668,50
151.6058718000004,50.52529167,65.67788234666668,50
151.6378667000008,50.3891049,65.93423391372549,50
151.66985550000027,50.3891049,65.93423391372549,50
151.7018336000001,50.252918130000005,66.1905854807843,50
151.73383650000142,50.252918130000005,66.1905854807843,50
151.76577160000124,50.252918130000005,66.1905854807843,50
151.79783560000033,50.252918130000005,66.1905854807843,50
151.82984530000067,50.252918130000005,66.1905854807843,50
151.86177270000007,50.252918130000005,66.1905854807843,50
151.9098611999998,50.11673136,66.44693704784314,50
151.94196550000015,50.252918130000005,66.1905854807843,50
151.9738741000001,50.252918130000005,66.1905854807843,50
152.0058179000007,50.252918130000005,66.1905854807843,50
152.03782280000087,50.252918130000005,66.1905854807843,50
152.07012360000044,50.252918130000005,66.1905854807843,50
152.10188750000088,50.252918130000005,66.1905854807843,50
152.1337327000001,50.252918130000005,66.1905854807843,50
152.16579170000114,50.252918130000005,66.1905854807843,50
152.19787970000107,50.252918130000005,66.1905854807843,50
152.22988880000048,50.252918130000005,66.1905854807843,50
152.2618966000009,50.11673136,66.44693704784314,50
152.30979800000023,50.11673136,66.44693704784314,50
152.3419027,50.11673136,66.44693704784314,50
152.37383320000117,50.11673136,66.44693704784314,50
152.4056314999998,50.11673136,66.44693704784314,50
152.43790030000127,50.11673136,66.44693704784314,50
152.46985590000077,49.98054459,66.70328861490196,50
152.50191970000014,49.98054459,66.70328861490196,50
152.53384630000073,49.98054459,66.70328861490196,50
152.56582530000014,49.98054459,66.70328861490196,50
152.59784580000087,49.98054459,66.70328861490196,50
152.62985190000109,49.84435782,66.9596401819608,50
152.661845300001,49.84435782,66.9596401819608,50
152.70986040000025,49.84435782,66.9596401819608,50
152.7418316000003,49.708171050000004,67.2159917490196,50
152.77392750000035,49.708171050000004,67.2159917490196,50
152.80590210000082,49.708171050000004,67.2159917490196,50
152.83780360000128,49.708171050000004,67.2159917490196,50
152.8698357000012,49.708171050000004,67.2159917490196,50
152.90187850000075,53.249027070000004,60.550851005490195,50
152.93402440000136,53.249027070000004,60.550851005490195,50
152.96587309999995,53.385213840000006,60.29449943843136,50
152.9978310000006,53.52140061,60.03814787137255,50
153.02978440000152,53.385213840000006,60.29449943843136,50
153.06188530000145,53.385213840000006,60.29449943843136,50
153.1098563000014,53.52140061,60.03814787137255,50
153.14226419999977,53.385213840000006,60.29449943843136,50
153.1741935000009,53.385213840000006,60.29449943843136,50
153.20599290000064,53.52140061,60.03814787137255,50
153.23782519999986,53.52140061,60.03814787137255,50
153.26987700000063,53.52140061,60.03814787137255,50
153.30187490000026,53.52140061,60.03814787137255,50
153.33402019999994,53.52140061,60.03814787137255,50
153.36589360000107,53.385213840000006,60.29449943843136,50
153.3977673999998,53.385213840000006,60.29449943843136,50
153.4298816999999,53.385213840000006,60.29449943843136,50
153.46178000000145,49.43579751,67.72869488313725,50
153.50979240000015,53.249027070000004,60.550851005490195,50
153.54214599999978,53.249027070000004,60.550851005490195,50
153.5738708000008,53.249027070000004,60.550851005490195,50
153.6060580000012,53.249027070000004,60.550851005490195,50
153.63783839999996,53.249027070000004,60.550851005490195,50
153.6698637999998,53.1128403,60.807202572549016,50
153.7017753,53.1128403,60.807202572549016,50
153.73383110000032,53.1128403,60.807202572549016,50
153.7658038999998,53.1128403,60.807202572549016,50
153.797764500001,52.97665353,61.063554139607845,50
153.8297160000002,52.97665353,61.063554139607845,50
153.86196860000018,52.97665353,61.063554139607845,50
153.9101386000002,52.97665353,61.063554139607845,50
153.94201460000113,52.840466760000005,61.31990570666667,50
153.97381380000115,52.840466760000005,61.31990570666667,50
154.00588340000104,52.840466760000005,61.31990570666667,50
154.03790040000058,52.840466760000005,61.31990570666667,50
154.06990349999978,52.70427999,61.57625727372549,50
154.10212990000036,52.70427999,61.57625727372549,50
154.1337775000011,52.56809322,61.83260884078432,50
154.16585060000034,52.56809322,61.83260884078432,50
154.19790620000094,52.43190645,62.08896040784314,50
154.22994440000002,52.295719680000005,62.34531197490195,50
154.26203010000063,52.295719680000005,62.34531197490195,50
154.30995640000037,52.15953291,62.601663541960775,50
154.34182450000117,52.02334614,62.858015109019604,50
154.37387490000037,52.02334614,62.858015109019604,50
154.4058565000014,51.887159370000006,63.11436667607842,50
154.43775350000033,51.887159370000006,63.11436667607842,50
154.46983510000064,51.750972600000004,63.37071824313725,50
154.50186010000107,51.61478583,63.62706981019607,50
154.53383570000005,51.61478583,63.62706981019607,50
154.56589160000112,51.61478583,63.62706981019607,50
154.59776010000132,51.47859906,63.8834213772549,50
154.63009779999993,51.47859906,63.8834213772549,50
154.66228580000097,51.342412290000006,64.1397729443137,50
154.7098760000008,51.342412290000006,64.1397729443137,50
154.74193040000137,51.342412290000006,64.1397729443137,50
154.77389290000065,51.206225520000004,64.39612451137255,50
154.80586960000073,51.206225520000004,64.39612451137255,50
154.83785810000154,51.206225520000004,64.39612451137255,50
154.86981090000154,51.206225520000004,64.39612451137255,50
154.90185590000146,51.206225520000004,64.39612451137255,50
154.93379760000062,51.206225520000004,64.39612451137255,50
154.96578670000054,51.07003875,64.65247607843136,50
154.99806510000053,51.07003875,64.65247607843136,50
155.02980770000067,51.07003875,64.65247607843136,50
155.06179580000025,50.93385198,64.90882764549019,50
155.10972310000034,50.93385198,64.90882764549019,50
155.14173610000034,50.93385198,64.90882764549019,50
155.17380700000103,50.797665210000005,65.165179212549,50
155.20587070000147,50.797665210000005,65.165179212549,50
155.23794710000038,50.797665210000005,65.165179212549,50
155.26977440000155,50.797665210000005,65.165179212549,50
155.3017985000006,50.797665210000005,65.165179212549,50
155.33392260000073,50.797665210000005,65.165179212549,50
155.36638440000024,50.797665210000005,65.165179212549,50
155.39811900000132,50.797665210000005,65.165179212549,50
155.42990009999994,50.66147844,65.42153077960783,50
155.46192020000126,50.797665210000005,65.165179212549,50
155.50982770000155,50.797665210000005,65.165179212549,50
155.54182690000016,50.797665210000005,65.165179212549,50
155.57386080000106,50.797665210000005,65.165179212549,50
155.60584410000047,50.797665210000005,65.165179212549,50
155.6378523000003,50.797665210000005,65.165179212549,50
155.66984680000132,50.66147844,65.42153077960783,50
155.70189460000074,50.66147844,65.42153077960783,50
155.7343166999999,50.66147844,65.42153077960783,50
155.7662259000008,50.52529167,65.67788234666668,50
155.79779790000066,50.66147844,65.42153077960783,50
155.82990160000008,50.66147844,65.42153077960783,50
155.8623707000006,50.66147844,65.42153077960783,50
155.90978570000152,50.66147844,65.42153077960783,50
155.94183220000014,50.797665210000005,65.165179212549,50
155.97377779999988,50.797665210000005,65.165179212549,50
156.00585120000142,50.797665210000005,65.165179212549,50
156.03782130000036,50.797665210000005,65.165179212549,50
156.0698547000011,50.797665210000005,65.165179212549,50
156.10205360000145,50.797665210000005,65.165179212549,50
156.13402719999976,50.797665210000005,65.165179212549,50
156.1658779999998,50.797665210000005,65.165179212549,50
156.19786430000022,50.797665210000005,65.165179212549,50
156.22980240000106,50.797665210000005,65.165179212549,50
156.26180300000124,50.797665210000005,65.165179212549,50
156.30984060000083,50.797665210000005,65.165179212549,50
156.34181470000112,50.797665210000005,65.165179212549,50
156.37380550000125,50.93385198,64.90882764549019,50
156.40581220000058,50.93385198,64.90882764549019,50
156.4378514,51.07003875,64.65247607843136,50
156.46989050000047,51.07003875,64.65247607843136,50
156.50200640000003,51.07003875,64.65247607843136,50
156.53382770000098,51.206225520000004,64.39612451137255,50
156.56595860000016,51.206225520000004,64.39612451137255,50
156.59779700000036,51.206225520000004,64.39612451137255,50
156.6298983000015,51.07003875,64.65247607843136,50
156.6618140999999,51.07003875,64.65247607843136,50
156.70982580000054,51.07003875,64.65247607843136,50
156.74174380000113,51.07003875,64.65247607843136,50
156.7737713000006,51.07003875,64.65247607843136,50
156.80587430000014,51.07003875,64.65247607843136,50
156.83820970000124,51.206225520000004,64.39612451137255,50
156.8700927000009,51.206225520000004,64.39612451137255,50
156.90185310000015,51.342412290000006,64.1397729443137,50
156.93379500000083,51.47859906,63.8834213772549,50
156.96585480000067,51.61478583,63.62706981019607,50
156.9978497000011,51.61478583,63.62706981019607,50
157.02985050000098,51.750972600000004,63.37071824313725,50
157.06172590000097,51.887159370000006,63.11436667607842,50
157.10976970000047,52.02334614,62.858015109019604,50
157.1417935999998,52.02334614,62.858015109019604,50
157.17401600000085,52.02334614,62.858015109019604,50
157.20615680000083,52.15953291,62.601663541960775,50
157.2386660000011,52.15953291,62.601663541960775,50
157.26982270000008,52.15953291,62.601663541960775,50
157.30181980000089,52.15953291,62.601663541960775,50
157.33396300000095,52.15953291,62.601663541960775,50
157.3658927000015,52.295719680000005,62.34531197490195,50
157.3978842000015,52.295719680000005,62.34531197490195,50
157.4298585000015,52.295719680000005,62.34531197490195,50
157.46180780000032,52.43190645,62.08896040784314,50
157.5098364000005,52.43190645,62.08896040784314,50
157.54175470000155,52.56809322,61.83260884078432,50
157.5738519000006,52.56809322,61.83260884078432,50
157.6060207999999,52.56809322,61.83260884078432,50
157.6378007000003,52.56809322,61.83260884078432,50
157.66980169999988,52.56809322,61.83260884078432,50
157.70183550000002,52.56809322,61.83260884078432,50
157.73381560000053,52.56809322,61.83260884078432,50
157.7657751000006,52.56809322,61.83260884078432,50
157.7978617000008,52.43190645,62.08896040784314,50
157.8297648000007,52.43190645,62.08896040784314,50
157.8618290000013,52.43190645,62.08896040784314,50
157.90983340000093,52.43190645,62.08896040784314,50
157.94210340000063,52.43190645,62.08896040784314,50
157.97395300000062,52.43190645,62.08896040784314,50
158.0058149000015,52.43190645,62.08896040784314,50
158.03779680000116,52.43190645,62.08896040784314,50
158.06977390000065,52.295719680000005,62.34531197490195,50
158.10186410000097,52.295719680000005,62.34531197490195,50
158.13370740000028,52.295719680000005,62.34531197490195,50
158.16581060000135,52.15953291,62.601663541960775,50
158.19780290000017,52.15953291,62.601663541960775,50
158.22980319999988,52.15953291,62.601663541960775,50
158.26180740000018,52.02334614,62.858015109019604,50
158.30979149999985,52.02334614,62.858015109019604,50
158.34199200000148,52.02334614,62.858015109019604,50
158.37382570000045,52.02334614,62.858015109019604,50
158.40574590000142,52.02334614,62.858015109019604,50
158.43783010000152,51.887159370000006,63.11436667607842,50
158.46985510000013,51.887159370000006,63.11436667607842,50
158.5019028000006,51.887159370000006,63.11436667607842,50
158.53388220000124,51.887159370000006,63.11436667607842,50
158.56584290000137,51.887159370000006,63.11436667607842,50
158.5977496000014,51.750972600000004,63.37071824313725,50
158.6298166000015,51.750972600000004,63.37071824313725,50
158.66178860000036,51.61478583,63.62706981019607,50
158.7098827000009,51.61478583,63.62706981019607,50
158.74178399999983,51.61478583,63.62706981019607,50
158.77393459999985,51.47859906,63.8834213772549,50
158.8057632,51.47859906,63.8834213772549,50
158.83784960000048,51.47859906,63.8834213772549,50
158.8698585000002,51.47859906,63.8834213772549,50
158.90183440000146,51.61478583,63.62706981019607,50
158.9338561000004,51.61478583,63.62706981019607,50
158.9658116999999,51.61478583,63.62706981019607,50
158.99787220000144,51.61478583,63.62706981019607,50
159.0299218,51.61478583,63.62706981019607,50
159.06204770000113,51.61478583,63.62706981019607,50
159.10980370000107,51.61478583,63.62706981019607,50
159.1417990000009,51.61478583,63.62706981019607,50
159.17387810000037,51.61478583,63.62706981019607,50
159.2058078000009,51.61478583,63.62706981019607,50
159.23781320000126,51.47859906,63.8834213772549,50
159.26980240000012,51.47859906,63.8834213772549,50
159.30177990000084,51.47859906,63.8834213772549,50
159.33385220000127,51.342412290000006,64.1397729443137,50
159.3658946000014,51.342412290000006,64.1397729443137,50
159.3977931999998,51.342412290000006,64.1397729443137,50
159.42979430000014,51.342412290000006,64.1397729443137,50
159.4618887000015,51.206225520000004,64.39612451137255,50
159.50980870000058,51.206225520000004,64.39612451137255,50
159.5418232000011,51.206225520000004,64.39612451137255,50
159.57384530000127,50.797665210000005,65.165179212549,50
159.60588540000026,47.39299596,71.57396838901961,50
159.63778900000034,47.39299596,71.57396838901961,50
159.6698374000007,47.39299596,71.57396838901961,50
159.70175759999984,47.39299596,71.57396838901961,50
159.73377900000014,47.256809190000006,71.83031995607841,50
159.7657771000013,47.256809190000006,71.83031995607841,50
159.79794279999987,50.797665210000005,65.165179212549,50
159.82978520000142,50.66147844,65.42153077960783,50
159.86181829999987,50.797665210000005,65.165179212549,50
159.9097251000003,50.93385198,64.90882764549019,50
159.94176340000013,50.93385198,64.90882764549019,50
159.9738126000011,51.07003875,64.65247607843136,50
160.00589410000066,51.07003875,64.65247607843136,50
160.0378593000005,51.07003875,64.65247607843136,50
160.0699308000003,51.07003875,64.65247607843136,50
160.10186140000042,51.07003875,64.65247607843136,50
160.1337209000012,51.206225520000004,64.39612451137255,50
160.1659380000001,51.206225520000004,64.39612451137255,50
160.19803820000016,50.93385198,64.90882764549019,50
160.22983380000005,50.93385198,64.90882764549019,50
160.26180850000128,50.93385198,64.90882764549019,50
160.30981969999993,50.93385198,64.90882764549019,50
160.34180950000155,50.93385198,64.90882764549019,50
160.3738000000012,47.52918273,71.31761682196078,50
160.4058264000014,47.665369500000004,71.06126525490197,50
160.4378899000003,47.665369500000004,71.06126525490197,50
160.470089800001,47.80155627,70.80491368784314,50
160.50200519999999,47.80155627,70.80491368784314,50
160.5341126000003,47.93774304,70.54856212078433,50
160.56603069999983,47.93774304,70.54856212078433,50
160.59776440000132,47.93774304,70.54856212078433,50
160.6298757000004,48.07392981,70.29221055372548,50
160.66176610000002,48.07392981,70.29221055372548,50
160.70981240000037,48.07392981,70.29221055372548,50
160.74181769999996,48.07392981,70.29221055372548,50
160.77379819999987,48.07392981,70.29221055372548,50
160.80569770000147,48.210116580000005,70.03585898666665,50
160.83775920000153,48.210116580000005,70.03585898666665,50
160.86971799999992,48.210116580000005,70.03585898666665,50
160.90185910000037,48.210116580000005,70.03585898666665,50
160.93388870000126,48.34630335,69.77950741960784,50
160.96574180000061,48.34630335,69.77950741960784,50
160.99777320000067,48.34630335,69.77950741960784,50
161.02978970000004,48.48249012,69.52315585254901,50
161.06173300000046,48.48249012,69.52315585254901,50
161.10976380000102,48.61867689,69.2668042854902,50
161.14181439999993,48.754863660000005,69.01045271843135,50
161.17376110000077,48.89105043,68.75410115137255,50
161.20577010000125,48.89105043,68.75410115137255,50
161.23777300000074,48.89105043,68.75410115137255,50
161.26981130000058,49.0272372,68.49774958431371,50
161.30181650000122,49.0272372,68.49774958431371,50
161.3337784000014,49.163423970000004,68.2413980172549,50
161.365878300001,49.163423970000004,68.2413980172549,50
161.3977603000003,49.299610740000006,67.98504645019607,50
161.42976950000048,49.299610740000006,67.98504645019607,50
161.46179050000137,49.299610740000006,67.98504645019607,50
161.50978460000078,49.43579751,67.72869488313725,50
161.5418006,49.43579751,67.72869488313725,50
161.5738220000003,49.57198428,67.47234331607842,50
161.60592929999984,49.57198428,67.47234331607842,50
161.63794260000031,49.708171050000004,67.2159917490196,50
161.6700703000006,49.708171050000004,67.2159917490196,50
161.70181860000048,49.708171050000004,67.2159917490196,50
161.73382330000095,49.84435782,66.9596401819608,50
161.76575860000048,49.84435782,66.9596401819608,50
161.79789230000097,49.84435782,66.9596401819608,50
161.8298149000002,49.98054459,66.70328861490196,50
161.8618075000013,49.98054459,66.70328861490196,50
161.9097873999999,50.11673136,66.44693704784314,50
161.9418149000012,50.11673136,66.44693704784314,50
161.97375869999996,50.252918130000005,66.1905854807843,50
162.00605370000085,50.252918130000005,66.1905854807843,50
162.0380438000011,50.3891049,65.93423391372549,50
162.069856600001,50.3891049,65.93423391372549,50
162.10180390000096,50.3891049,65.93423391372549,50
162.1338126999999,50.52529167,65.67788234666668,50
162.16581170000063,50.52529167,65.67788234666668,50
162.1979140000003,50.52529167,65.67788234666668,50
162.2298520000004,50.52529167,65.67788234666668,50
162.26176400000077,50.52529167,65.67788234666668,50
162.30981810000048,50.52529167,65.67788234666668,50
162.3417481000015,50.52529167,65.67788234666668,50
162.37383010000121,50.52529167,65.67788234666668,50
162.40579320000143,50.52529167,65.67788234666668,50
162.437751200001,50.52529167,65.67788234666668,50
162.46990000000005,50.52529167,65.67788234666668,50
162.50176790000114,54.20233446,58.75639003607842,50
162.53377900000123,54.338521230000005,58.5000384690196,50
162.56584850000036,54.474708,58.24368690196078,50
162.59778390000065,54.474708,58.24368690196078,50
162.6297783000009,54.61089477,57.98733533490196,50
162.66177150000112,54.61089477,57.98733533490196,50
162.70980620000046,54.61089477,57.98733533490196,50
162.74197770000137,54.74708154,57.73098376784313,50
162.77381650000098,54.74708154,57.73098376784313,50
162.80579820000094,54.74708154,57.73098376784313,50
162.83776430000034,54.883268310000005,57.474632200784306,50
162.86978550000094,54.74708154,57.73098376784313,50
162.90186780000113,54.74708154,57.73098376784313,50
162.9336819,54.74708154,57.73098376784313,50
162.96580859999995,54.74708154,57.73098376784313,50
162.99780170000122,54.74708154,57.73098376784313,50
163.02983210000093,54.61089477,57.98733533490196,50
163.06180880000102,54.474708,58.24368690196078,50
163.10996660000092,54.474708,58.24368690196078,50
163.14209440000013,54.338521230000005,58.5000384690196,50
163.1738142000013,54.20233446,58.75639003607842,50
163.20584020000024,54.20233446,58.75639003607842,50
163.2378084000011,54.06614769,59.01274160313725,50
163.26976670000113,53.929960920000006,59.269093170196065,50
163.3018331000003,53.793774150000004,59.525444737254894,50
163.333929800001,53.65758738,59.781796304313715,50
163.36582140000064,53.52140061,60.03814787137255,50
163.39776580000034,53.52140061,60.03814787137255,50
163.42979360000027,53.249027070000004,60.550851005490195,50
163.46174710000014,53.1128403,60.807202572549016,50
163.50984840000092,53.1128403,60.807202572549016,50
163.54178130000037,52.97665353,61.063554139607845,50
163.57402410000032,52.840466760000005,61.31990570666667,50
163.60582550000072,52.840466760000005,61.31990570666667,50
163.63775429999987,52.70427999,61.57625727372549,50
163.66979619999984,52.70427999,61.57625727372549,50
163.70179070000086,52.56809322,61.83260884078432,50
163.7338792999999,52.56809322,61.83260884078432,50
163.76565260000098,52.43190645,62.08896040784314,50
163.79778550000083,52.43190645,62.08896040784314,50
163.82972700000028,52.43190645,62.08896040784314,50
163.86184870000034,52.295719680000005,62.34531197490195,50
163.90976600000067,52.295719680000005,62.34531197490195,50
163.94174100000055,52.295719680000005,62.34531197490195,50
163.97381660000065,52.15953291,62.601663541960775,50
164.00578219999989,52.15953291,62.601663541960775,50
164.0378012000001,52.15953291,62.601663541960775,50
164.0697833000013,52.15953291,62.601663541960775,50
164.10179580000113,52.02334614,62.858015109019604,50
164.13381630000003,52.02334614,62.858015109019604,50
164.16573790000075,51.887159370000006,63.11436667607842,50
164.19771110000147,51.887159370000006,63.11436667607842,50
164.2298406000009,51.750972600000004,63.37071824313725,50
164.2618207000014,51.750972600000004,63.37071824313725,50
164.30980830000044,51.750972600000004,63.37071824313725,50
164.34180190000006,51.750972600000004,63.37071824313725,50
164.37385160000122,51.750972600000004,63.37071824313725,50
164.40580190000037,51.750972600000004,63.37071824313725,50
164.4378009000011,51.61478583,63.62706981019607,50
164.4698083000003,51.61478583,63.62706981019607,50
164.50185520000014,51.61478583,63.62706981019607,50
164.5338550000015,51.47859906,63.8834213772549,50
164.56614980000086,51.47859906,63.8834213772549,50
164.59793910000008,51.342412290000006,64.1397729443137,50
164.62996700000076,51.342412290000006,64.1397729443137,50
164.66181940000024,51.206225520000004,64.39612451137255,50
164.7098248000002,51.07003875,64.65247607843136,50
164.7418260000013,51.07003875,64.65247607843136,50
164.77379190000102,50.93385198,64.90882764549019,50
164.8059518000009,50.93385198,64.90882764549019,50
164.83778040000107,50.797665210000005,65.165179212549,50
164.86984380000104,50.797665210000005,65.165179212549,50
164.90179940000053,50.797665210000005,65.165179212549,50
164.93377090000104,50.797665210000005,65.165179212549,50
164.9659298000006,50.797665210000005,65.165179212549,50
164.9978726999998,50.66147844,65.42153077960783,50
165.02986070000043,50.66147844,65.42153077960783,50
165.06184600000051,50.66147844,65.42153077960783,50
165.1098148000001,50.66147844,65.42153077960783,50
165.14178859999993,50.52529167,65.67788234666668,50
165.1737205999998,50.52529167,65.67788234666668,50
165.20575710000048,50.3891049,65.93423391372549,50
165.2377628000013,50.3891049,65.93423391372549,50
165.26973830000134,50.3891049,65.93423391372549,50
165.30171210000117,50.3891049,65.93423391372549,50
165.3338936,50.3891049,65.93423391372549,50
165.3659946000007,50.252918130000005,66.1905854807843,50
165.3978146999998,50.252918130000005,66.1905854807843,50
165.4297931000001,50.252918130000005,66.1905854807843,50
165.46182510000108,50.11673136,66.44693704784314,50
165.50980340000024,50.11673136,66.44693704784314,50
165.54178580000007,50.11673136,66.44693704784314,50
165.57380250000097,49.98054459,66.70328861490196,50
165.60580860000118,49.98054459,66.70328861490196,50
165.6379205000012,49.84435782,66.9596401819608,50
165.66971640000156,49.84435782,66.9596401819608,50
165.70185300000048,49.708171050000004,67.2159917490196,50
165.73397690000093,49.708171050000004,67.2159917490196,50
165.7657411,49.57198428,67.47234331607842,50
165.79774910000015,49.57198428,67.47234331607842,50
165.82977519999986,49.57198428,67.47234331607842,50
165.861764700001,49.57198428,67.47234331607842,50
165.90983580000102,49.57198428,67.47234331607842,50
165.9417641,49.57198428,67.47234331607842,50
165.97380320000048,49.57198428,67.47234331607842,50
166.0058071000003,49.57198428,67.47234331607842,50
166.0377650999999,49.57198428,67.47234331607842,50
166.0699628000002,49.708171050000004,67.2159917490196,50
166.10199850000026,49.708171050000004,67.2159917490196,50
166.133766500001,49.708171050000004,67.2159917490196,50
166.16584570000123,49.84435782,66.9596401819608,50
166.1977465,49.84435782,66.9596401819608,50
166.22984520000136,49.84435782,66.9596401819608,50
166.2617977000009,49.84435782,66.9596401819608,50
166.30980360000103,49.84435782,66.9596401819608,50
166.3418029000004,49.84435782,66.9596401819608,50
166.37383880000016,49.84435782,66.9596401819608,50
166.40577790000134,49.98054459,66.70328861490196,50
166.43810490000033,49.98054459,66.70328861490196,50
166.47005940000054,49.98054459,66.70328861490196,50
166.50181750000047,50.11673136,66.44693704784314,50
166.53380900000047,50.11673136,66.44693704784314,50
166.5658241000001,50.252918130000005,66.1905854807843,50
166.5978253000012,50.3891049,65.93423391372549,50
166.6299813000005,50.3891049,65.93423391372549,50
166.661729200001,50.52529167,65.67788234666668,50
166.70977680000033,50.52529167,65.67788234666668,50
166.74178370000118,50.52529167,65.67788234666668,50
166.77377590000106,50.66147844,65.42153077960783,50
166.80587770000056,50.66147844,65.42153077960783,50
166.8378444000009,50.66147844,65.42153077960783,50
166.86984830000074,50.797665210000005,65.165179212549,50
166.90174350000052,50.797665210000005,65.165179212549,50
166.9337030000006,50.93385198,64.90882764549019,50
166.96578899999986,50.93385198,64.90882764549019,50
166.9978643000013,51.07003875,64.65247607843136,50
167.02978890000122,51.206225520000004,64.39612451137255,50
167.06181000000106,51.206225520000004,64.39612451137255,50
167.1097804000001,51.342412290000006,64.1397729443137,50
167.14171820000047,51.47859906,63.8834213772549,50
167.17387659999986,51.61478583,63.62706981019607,50
167.2058003000002,51.61478583,63.62706981019607,50
167.23777540000083,51.750972600000004,63.37071824313725,50
167.26980320000075,51.750972600000004,63.37071824313725,50
167.3017720000007,51.750972600000004,63.37071824313725,50
167.33374920000097,51.887159370000006,63.11436667607842,50
167.3657449000002,51.887159370000006,63.11436667607842,50
167.39772799999992,51.887159370000006,63.11436667607842,50
167.4297705000008,52.02334614,62.858015109019604,50
167.4617801000004,52.02334614,62.858015109019604,50
167.50995140000123,52.02334614,62.858015109019604,50
167.5421032000013,52.15953291,62.601663541960775,50
167.57394940000086,52.15953291,62.601663541960775,50
167.60576930000025,52.295719680000005,62.34531197490195,50
167.63785319999988,52.295719680000005,62.34531197490195,50
167.6698391000009,52.295719680000005,62.34531197490195,50
167.70188580000104,52.295719680000005,62.34531197490195,50
167.73377240000082,52.295719680000005,62.34531197490195,50
167.7657976999999,52.43190645,62.08896040784314,50
167.79778980000083,52.43190645,62.08896040784314,50
167.8297601000013,52.43190645,62.08896040784314,50
167.86191940000026,52.43190645,62.08896040784314,50
167.90999010000087,52.43190645,62.08896040784314,50
167.94202500000029,52.43190645,62.08896040784314,50
167.97378350000145,52.43190645,62.08896040784314,50
168.0058284000006,52.43190645,62.08896040784314,50
168.0378279000015,52.43190645,62.08896040784314,50
168.0698439000007,52.43190645,62.08896040784314,50
168.10191280000072,52.43190645,62.08896040784314,50
168.13384300000143,52.295719680000005,62.34531197490195,50
168.16580760000033,52.295719680000005,62.34531197490195,50
168.1977678000003,52.295719680000005,62.34531197490195,50
168.22976030000063,52.295719680000005,62.34531197490195,50
168.2618241,52.15953291,62.601663541960775,50
168.3098241000007,52.15953291,62.601663541960775,50
168.3417827000012,52.02334614,62.858015109019604,50
168.37368380000044,52.02334614,62.858015109019604,50
168.40576310000142,52.02334614,62.858015109019604,50
168.43778089999978,52.02334614,62.858015109019604,50
168.46976520000135,51.887159370000006,63.11436667607842,50
168.50184380000064,51.887159370000006,63.11436667607842,50
168.53381059999992,51.750972600000004,63.37071824313725,50
168.56576430000132,48.07392981,70.29221055372548,50
168.59783760000028,48.07392981,70.29221055372548,50
168.62972400000035,48.07392981,70.29221055372548,50
168.66195140000127,47.93774304,70.54856212078433,50
168.70975610000096,47.93774304,70.54856212078433,50
168.74191950000022,47.80155627,70.80491368784314,50
168.77382060000127,47.80155627,70.80491368784314,50
168.80573340000046,47.80155627,70.80491368784314,50
168.8378475999998,47.665369500000004,71.06126525490197,50
168.86978629999976,47.665369500000004,71.06126525490197,50
168.9017614000004,51.07003875,64.65247607843136,50
168.9337523000013,51.07003875,64.65247607843136,50
168.96578480000062,47.52918273,71.31761682196078,50
168.99778100000003,47.52918273,71.31761682196078,50
169.03003790000002,47.52918273,71.31761682196078,50
169.06192850000116,47.665369500000004,71.06126525490197,50
169.10982950000107,47.665369500000004,71.06126525490197,50
169.14179780000086,47.665369500000004,71.06126525490197,50
169.17384570000104,47.665369500000004,71.06126525490197,50
169.20579410000028,47.665369500000004,71.06126525490197,50
169.237763000001,47.665369500000004,71.06126525490197,50
169.26974599999994,47.665369500000004,71.06126525490197,50
169.30179529999987,47.80155627,70.80491368784314,50
169.33384280000064,47.80155627,70.80491368784314,50
169.3659561000004,47.80155627,70.80491368784314,50
169.39794650000113,47.80155627,70.80491368784314,50
169.4299282000011,47.80155627,70.80491368784314,50
169.4618330000012,47.80155627,70.80491368784314,50
169.50982699999986,47.80155627,70.80491368784314,50
169.54183130000092,47.93774304,70.54856212078433,50
169.573934,47.93774304,70.54856212078433,50
169.60569140000007,48.07392981,70.29221055372548,50
169.63777560000017,48.210116580000005,70.03585898666665,50
169.66978280000149,48.34630335,69.77950741960784,50
169.7017391999998,48.48249012,69.52315585254901,50
169.73379399999976,48.61867689,69.2668042854902,50
169.76590920000126,48.754863660000005,69.01045271843135,50
169.79788990000088,48.89105043,68.75410115137255,50
169.82990510000127,49.0272372,68.49774958431371,50
169.8617189000015,49.299610740000006,67.98504645019607,50
169.9097767000003,49.43579751,67.72869488313725,50
169.9417897000003,49.57198428,67.47234331607842,50
169.97376870000153,49.708171050000004,67.2159917490196,50
170.0057907999999,49.84435782,66.9596401819608,50
170.03785349999998,50.11673136,66.44693704784314,50
170.06978549999985,50.252918130000005,66.1905854807843,50
170.10182130000067,50.3891049,65.93423391372549,50
170.1339476000012,50.52529167,65.67788234666668,50
170.16601660000015,50.52529167,65.67788234666668,50
170.19779650000055,50.66147844,65.42153077960783,50
170.22978950000106,50.797665210000005,65.165179212549,50
170.26173780000136,50.797665210000005,65.165179212549,50
170.30976610000107,50.93385198,64.90882764549019,50
170.34185419999994,50.93385198,64.90882764549019,50
170.37382320000142,51.07003875,64.65247607843136,50
170.4057913000015,51.07003875,64.65247607843136,50
170.4378030000007,51.07003875,64.65247607843136,50
170.46983619999992,51.07003875,64.65247607843136,50
170.50229670000044,51.206225520000004,64.39612451137255,50
170.53399100000024,51.206225520000004,64.39612451137255,50
170.56583580000006,51.206225520000004,64.39612451137255,50
170.59796199999982,51.342412290000006,64.1397729443137,50
170.62979820000146,51.342412290000006,64.1397729443137,50
170.66173789999993,51.342412290000006,64.1397729443137,50
170.7097020000001,51.47859906,63.8834213772549,50
170.7417447000007,51.47859906,63.8834213772549,50
170.77377549999983,51.47859906,63.8834213772549,50
170.80595090000133,51.61478583,63.62706981019607,50
170.83821530000023,51.61478583,63.62706981019607,50
170.87005750000026,51.750972600000004,63.37071824313725,50
170.90179100000023,51.750972600000004,63.37071824313725,50
170.93401450000056,51.750972600000004,63.37071824313725,50
170.96591270000135,51.750972600000004,63.37071824313725,50
170.9981996000006,51.750972600000004,63.37071824313725,50
171.0298125999998,51.61478583,63.62706981019607,50
171.06174980000105,51.61478583,63.62706981019607,50
171.1097092,51.47859906,63.8834213772549,50
171.14186520000112,51.47859906,63.8834213772549,50
171.17383620000146,51.47859906,63.8834213772549,50
171.20572600000014,51.342412290000006,64.1397729443137,50
171.23785990000033,51.342412290000006,64.1397729443137,50
171.2699862999998,51.342412290000006,64.1397729443137,50
171.3017720000007,51.342412290000006,64.1397729443137,50
171.33372800000143,51.206225520000004,64.39612451137255,50
171.36582850000013,51.206225520000004,64.39612451137255,50
171.39784990000044,51.07003875,64.65247607843136,50
171.42969410000114,51.07003875,64.65247607843136,50
171.46174170000086,50.93385198,64.90882764549019,50
171.50979200000074,50.93385198,64.90882764549019,50
171.54178440000032,50.93385198,64.90882764549019,50
171.57369420000032,50.797665210000005,65.165179212549,50
171.60587920000035,50.797665210000005,65.165179212549,50
171.63792230000035,50.797665210000005,65.165179212549,50
171.66978949999975,50.66147844,65.42153077960783,50
171.70174100000077,50.66147844,65.42153077960783,50
171.73378090000006,50.66147844,65.42153077960783,50
171.76576340000065,50.52529167,65.67788234666668,50
171.7977944000013,50.52529167,65.67788234666668,50
171.82982040000024,50.52529167,65.67788234666668,50
171.8617817000013,50.3891049,65.93423391372549,50
171.9098150000009,50.3891049,65.93423391372549,50
171.94168340000033,50.3891049,65.93423391372549,50
171.97394470000108,50.3891049,65.93423391372549,50
172.005951000001,50.252918130000005,66.1905854807843,50
172.0377453000001,50.252918130000005,66.1905854807843,50
172.06973840000137,50.11673136,66.44693704784314,50
172.10176820000015,50.11673136,66.44693704784314,50
172.13379820000046,50.11673136,66.44693704784314,50
172.16585860000123,49.98054459,66.70328861490196,50
172.19773800000075,49.98054459,66.70328861490196,50
172.22979029999988,49.84435782,66.9596401819608,50
172.2618007000001,49.84435782,66.9596401819608,50
172.30970220000017,53.65758738,59.781796304313715,50
172.3421339000015,53.65758738,59.781796304313715,50
172.3738927000013,53.65758738,59.781796304313715,50
172.4058584000013,53.65758738,59.781796304313715,50
172.4378598000003,53.65758738,59.781796304313715,50
172.46978410000156,53.52140061,60.03814787137255,50
172.5018168000006,53.52140061,60.03814787137255,50
172.53381350000018,53.52140061,60.03814787137255,50
172.56574470000123,53.52140061,60.03814787137255,50
172.59784260000015,53.52140061,60.03814787137255,50
172.62971540000035,53.52140061,60.03814787137255,50
172.6617997000012,53.52140061,60.03814787137255,50
172.70975980000003,53.52140061,60.03814787137255,50
172.74175480000122,53.52140061,60.03814787137255,50
172.77373559999978,53.52140061,60.03814787137255,50
172.80577080000148,53.52140061,60.03814787137255,50
172.83773790000123,53.385213840000006,60.29449943843136,50
172.87014210000052,53.249027070000004,60.550851005490195,50
172.901812600001,53.249027070000004,60.550851005490195,50
172.93375730000116,53.1128403,60.807202572549016,50
172.96579759999986,53.1128403,60.807202572549016,50
172.99773260000075,52.97665353,61.063554139607845,50
173.02981550000004,52.97665353,61.063554139607845,50
173.06167490000007,52.97665353,61.063554139607845,50
173.10978609999984,52.840466760000005,61.31990570666667,50
173.14175960000102,52.840466760000005,61.31990570666667,50
173.1737675000004,52.840466760000005,61.31990570666667,50
173.20570880000014,52.840466760000005,61.31990570666667,50
173.23770479999985,52.840466760000005,61.31990570666667,50
173.26980780000122,52.70427999,61.57625727372549,50
173.3019707000003,52.70427999,61.57625727372549,50
173.33376280000084,52.56809322,61.83260884078432,50
173.36571999999978,52.56809322,61.83260884078432,50
173.39773659999992,52.43190645,62.08896040784314,50
173.42969500000072,52.295719680000005,62.34531197490195,50
173.46210190000056,52.295719680000005,62.34531197490195,50
173.50978310000028,52.15953291,62.601663541960775,50
173.54180730000007,52.15953291,62.601663541960775,50
173.57374900000104,52.15953291,62.601663541960775,50
173.60582240000076,52.15953291,62.601663541960775,50
173.63777710000068,52.02334614,62.858015109019604,50
173.66979119999996,52.02334614,62.858015109019604,50
173.70180400000027,52.02334614,62.858015109019604,50
173.7338488000005,52.02334614,62.858015109019604,50
173.76579240000137,52.02334614,62.858015109019604,50
173.79775640000116,52.02334614,62.858015109019604,50
173.82996550000098,52.02334614,62.858015109019604,50
173.8620492000009,51.887159370000006,63.11436667607842,50
173.90979530000004,51.887159370000006,63.11436667607842,50
173.94180320000123,51.750972600000004,63.37071824313725,50
173.9738354000001,51.750972600000004,63.37071824313725,50
174.00581030000103,51.61478583,63.62706981019607,50
174.03777740000078,51.61478583,63.62706981019607,50
174.0697670999998,51.47859906,63.8834213772549,50
174.10176440000032,51.47859906,63.8834213772549,50
174.1339265000006,51.342412290000006,64.1397729443137,50
174.16568820000066,51.342412290000006,64.1397729443137,50
174.19786280000153,51.342412290000006,64.1397729443137,50
174.22978120000153,51.342412290000006,64.1397729443137,50
174.26181300000098,51.206225520000004,64.39612451137255,50
174.30977510000048,51.206225520000004,64.39612451137255,50
174.34179500000027,51.206225520000004,64.39612451137255,50
174.37376159999985,51.206225520000004,64.39612451137255,50
174.40584529999978,51.206225520000004,64.39612451137255,50
174.43774330000088,51.07003875,64.65247607843136,50
174.46975310000016,51.07003875,64.65247607843136,50
174.50178349999987,50.93385198,64.90882764549019,50
174.5337567000006,50.93385198,64.90882764549019,50
174.56589359999998,50.797665210000005,65.165179212549,50
174.59775590000027,50.797665210000005,65.165179212549,50
174.62972190000073,50.66147844,65.42153077960783,50
174.66173060000074,50.66147844,65.42153077960783,50
174.7097485000013,50.66147844,65.42153077960783,50
174.7417003999999,50.66147844,65.42153077960783,50
174.77370620000147,50.66147844,65.42153077960783,50
174.80576830000064,50.66147844,65.42153077960783,50
174.83776209999996,50.66147844,65.42153077960783,50
174.8697487999998,50.52529167,65.67788234666668,50
174.90166990000034,50.52529167,65.67788234666668,50
174.93385360000138,50.3891049,65.93423391372549,50
174.96593290000055,50.3891049,65.93423391372549,50
174.99769170000036,50.3891049,65.93423391372549,50
175.02971750000142,50.252918130000005,66.1905854807843,50
175.0617897000011,50.252918130000005,66.1905854807843,50
175.10978980000073,50.252918130000005,66.1905854807843,50
175.1417848000001,50.252918130000005,66.1905854807843,50
175.17378180000014,50.11673136,66.44693704784314,50
175.20583810000062,50.11673136,66.44693704784314,50
175.23776540000108,50.11673136,66.44693704784314,50
175.26975540000058,49.98054459,66.70328861490196,50
175.30197690000023,49.98054459,66.70328861490196,50
175.3338633000003,49.98054459,66.70328861490196,50
175.36593650000032,49.84435782,66.9596401819608,50
175.39775400000144,49.98054459,66.70328861490196,50
175.42974409999988,49.98054459,66.70328861490196,50
175.46180280000044,49.98054459,66.70328861490196,50
175.50977469999998,49.98054459,66.70328861490196,50
175.5417890000008,50.11673136,66.44693704784314,50
175.5738211000007,50.11673136,66.44693704784314,50
175.605778000001,50.11673136,66.44693704784314,50
175.63775710000118,50.11673136,66.44693704784314,50
175.6699195000001,50.252918130000005,66.1905854807843,50
175.7018480000006,50.252918130000005,66.1905854807843,50
175.73379990000103,50.252918130000005,66.1905854807843,50
175.76581120000083,50.252918130000005,66.1905854807843,50
175.7977546000002,50.252918130000005,66.1905854807843,50
175.8296250000003,50.252918130000005,66.1905854807843,50
175.86174430000028,50.252918130000005,66.1905854807843,50
175.90976450000016,50.252918130000005,66.1905854807843,50
175.9417209000003,50.252918130000005,66.1905854807843,50
175.9738054999998,50.3891049,65.93423391372549,50
176.0057420000012,50.3891049,65.93423391372549,50
176.0378595000002,50.3891049,65.93423391372549,50
176.06988180000008,50.52529167,65.67788234666668,50
176.10179580000113,50.52529167,65.67788234666668,50
176.13374750000003,50.66147844,65.42153077960783,50
176.1657449000013,50.66147844,65.42153077960783,50
176.19776060000004,50.797665210000005,65.165179212549,50
176.22966070000075,50.93385198,64.90882764549019,50
176.2617824000008,51.07003875,64.65247607843136,50
176.30968740000026,51.07003875,64.65247607843136,50
176.34175649999997,51.206225520000004,64.39612451137255,50
176.37375760000032,51.342412290000006,64.1397729443137,50
176.4058825000011,51.342412290000006,64.1397729443137,50
176.43782120000105,51.47859906,63.8834213772549,50
176.46986030000153,51.47859906,63.8834213772549,50
176.50178380000034,51.47859906,63.8834213772549,50
176.53378520000115,51.47859906,63.8834213772549,50
176.56579860000056,51.61478583,63.62706981019607,50
176.5977952000012,51.61478583,63.62706981019607,50
176.62985490000028,51.61478583,63.62706981019607,50
176.66174280000087,51.61478583,63.62706981019607,50
176.70980229999986,51.61478583,63.62706981019607,50
176.74173669999982,51.61478583,63.62706981019607,50
176.77401250000003,51.61478583,63.62706981019607,50
176.8059229999999,51.61478583,63.62706981019607,50
176.83773760000076,51.61478583,63.62706981019607,50
176.86999930000093,51.61478583,63.62706981019607,50
176.90169100000094,51.61478583,63.62706981019607,50
176.9338217000004,51.61478583,63.62706981019607,50
176.9656758000001,51.750972600000004,63.37071824313725,50
176.99776050000037,51.61478583,63.62706981019607,50
177.02978750000148,51.61478583,63.62706981019607,50
177.06188900000052,51.61478583,63.62706981019607,50
177.1098380000003,51.47859906,63.8834213772549,50
177.14189729999998,51.47859906,63.8834213772549,50
177.17389980000007,51.342412290000006,64.1397729443137,50
177.20573690000128,51.342412290000006,64.1397729443137,50
177.23771950000082,51.342412290000006,64.1397729443137,50
177.2698605000005,51.342412290000006,64.1397729443137,50
177.30176780000147,51.342412290000006,64.1397729443137,50
177.33369140000104,51.342412290000006,64.1397729443137,50
177.3657299000006,51.47859906,63.8834213772549,50
177.39773779999996,51.47859906,63.8834213772549,50
177.42975670000124,51.47859906,63.8834213772549,50
177.4618053000013,51.47859906,63.8834213772549,50
177.50982640000075,51.61478583,63.62706981019607,50
177.54191320000064,51.61478583,63.62706981019607,50
177.57371610000155,51.61478583,63.62706981019607,50
177.6057288000011,51.61478583,63.62706981019607,50
177.63773980000042,51.61478583,63.62706981019607,50
177.66971139999987,51.61478583,63.62706981019607,50
177.7017573000012,51.750972600000004,63.37071824313725,50
177.73370680000153,51.750972600000004,63.37071824313725,50
177.76574160000018,51.887159370000006,63.11436667607842,50
177.79772709999997,51.887159370000006,63.11436667607842,50
177.82970820000082,52.02334614,62.858015109019604,50
177.8618189000008,52.02334614,62.858015109019604,50
177.90982470000017,52.15953291,62.601663541960775,50
177.9417914000005,52.15953291,62.601663541960775,50
177.97373740000148,52.295719680000005,62.34531197490195,50
178.0057723000009,52.295719680000005,62.34531197490195,50
178.03779060000124,52.295719680000005,62.34531197490195,50
178.06978380000146,52.295719680000005,62.34531197490195,50
178.1018125999999,52.295719680000005,62.34531197490195,50
178.13384250000126,52.295719680000005,62.34531197490195,50
178.16577959999995,52.295719680000005,62.34531197490195,50
178.19774810000126,52.295719680000005,62.34531197490195,50
178.22983470000145,52.295719680000005,62.34531197490195,50
178.26193030000104,52.295719680000005,62.34531197490195,50
178.30971000000136,52.295719680000005,62.34531197490195,50
178.34177050000108,52.295719680000005,62.34531197490195,50
178.37383180000143,52.295719680000005,62.34531197490195,50
178.405841400001,52.43190645,62.08896040784314,50
178.437802800001,52.43190645,62.08896040784314,50
178.46980330000042,52.295719680000005,62.34531197490195,50
178.5018181000014,52.295719680000005,62.34531197490195,50
178.53388030000133,52.295719680000005,62.34531197490195,50
178.56575870000052,52.295719680000005,62.34531197490195,50
178.59781770000154,52.295719680000005,62.34531197490195,50
178.62988020000012,52.15953291,62.601663541960775,50
178.66179010000087,52.15953291,62.601663541960775,50
178.70979010000156,52.15953291,62.601663541960775,50
178.74172370000088,52.15953291,62.601663541960775,50
178.77385830000094,52.15953291,62.601663541960775,50
178.80581020000136,52.15953291,62.601663541960775,50
178.8376941000006,52.02334614,62.858015109019604,50
178.86970230000043,52.02334614,62.858015109019604,50
178.90170530000069,51.887159370000006,63.11436667607842,50
178.93381340000087,51.887159370000006,63.11436667607842,50
178.9657944999999,51.887159370000006,63.11436667607842,50
178.99782610000148,51.887159370000006,63.11436667607842,50
179.02972910000062,51.750972600000004,63.37071824313725,50
179.06171350000113,51.750972600000004,63.37071824313725,50
179.10977830000047,51.750972600000004,63.37071824313725,50
179.14177120000022,51.750972600000004,63.37071824313725,50
179.1737290000001,51.750972600000004,63.37071824313725,50
179.20574600000145,51.750972600000004,63.37071824313725,50
179.23771750000014,51.750972600000004,63.37071824313725,50
179.26973330000146,51.750972600000004,63.37071824313725,50
179.30169150000074,51.61478583,63.62706981019607,50
179.3336844000005,51.61478583,63.62706981019607,50
179.36600940000062,51.61478583,63.62706981019607,50
179.3978078,51.61478583,63.62706981019607,50
179.42971550000038,51.61478583,63.62706981019607,50
179.46176200000082,51.47859906,63.8834213772549,50
179.50979069999994,51.47859906,63.8834213772549,50
179.54177320000053,51.47859906,63.8834213772549,50
179.57375070000126,51.342412290000006,64.1397729443137,50
179.60575920000156,51.342412290000006,64.1397729443137,50
179.6377923,51.206225520000004,64.39612451137255,50
179.66967250000016,51.206225520000004,64.39612451137255,50
179.7018218000012,51.206225520000004,64.39612451137255,50
179.73394780000126,51.206225520000004,64.39612451137255,50
179.76587520000066,51.07003875,64.65247607843136,50
179.7978307000012,50.797665210000005,65.165179212549,50
179.82975460000125,50.66147844,65.42153077960783,50
179.86175470000126,47.256809190000006,71.83031995607841,50
179.9097765000006,47.256809190000006,71.83031995607841,50
179.94175770000038,47.256809190000006,71.83031995607841,50
179.97370600000067,47.256809190000006,71.83031995607841,50
180.00573760000043,47.120622420000004,72.08667152313724,50
180.03782300000057,47.120622420000004,34.439612699607835,30
180.07011200000125,47.120622420000004,34.439612699607835,30
180.10187159999987,47.120622420000004,34.439612699607835,30
180.1338469000002,46.98443565,34.695964266666664,30
180.16583470000114,46.98443565,34.695964266666664,30
180.1978338000008,46.98443565,34.695964266666664,30
180.2298017000012,46.84824888,34.95231583372549,30
180.26174280000123,46.84824888,34.95231583372549,30
180.30968350000148,46.712062110000005,35.20866740078431,30
180.34170340000128,46.57587534,35.465018967843136,30
180.37370850000116,46.57587534,35.465018967843136,30
180.40572229999998,46.43968857,35.721370534901965,30
180.43788490000043,46.3035018,35.977722101960794,30
180.46993810000095,46.167315030000005,36.2340736690196,30
180.50204850000046,46.03112826,36.49042523607843,30
180.5337698000003,45.89494149,36.74677680313725,30
180.56575780000094,45.622567950000004,37.259479937254895,30
180.597772000001,45.48638118,37.515831504313724,30
180.62974720000057,45.214007640000005,38.02853463843136,30
180.66174240000146,44.9416341,38.54123777254902,30
180.70984000000135,44.669260560000005,39.053940906666654,30
180.74171670000032,44.39688702,39.56664404078431,30
180.77385630000026,43.98832671,40.33569874196078,30
180.80572550000034,43.71595317,40.84840187607844,30
180.83801570000105,43.30739286,41.6174565772549,30
180.8698844999999,42.89883255,42.38651127843137,30
180.90176210000027,42.626459010000005,42.899214412549014,30
180.93374640000002,42.2178987,43.66826911372549,30
180.96585080000114,41.80933839,44.437323814901966,30
180.99777330000143,45.35019441,37.77218307137255,30
181.02975440000046,44.9416341,38.54123777254902,30
181.06179260000135,44.53307379,39.31029247372548,30
181.0938371000011,44.124513480000005,40.079347174901955,30
181.14177630000086,43.579766400000004,41.10475344313725,30
181.17396740000004,43.171206090000005,41.87380814431372,30
181.20615890000045,42.626459010000005,42.899214412549014,30
181.23774510000112,42.081711930000004,43.9246206807843,30
181.26976130000003,41.67315162,44.69367538196079,30
181.30170850000104,41.128404540000005,45.71908165019607,30
181.3338175000008,40.583657460000005,46.74448791843137,30
181.36577899999975,40.038910380000004,47.76989418666666,30
181.3979915,39.494163300000004,48.795300454901955,30
181.4297477,38.81322945,50.07705829019608,30
181.46170540000094,38.26848237,51.10246455843137,30
181.49377340000137,37.72373529,52.127870826666665,30
181.54177080000045,37.17898821,53.153277094901966,30
181.5739881999998,36.63424113,54.178683363137246,30
181.6059165000006,36.08949405,55.20408963137255,30
181.63777290000144,35.54474697,56.22949589960785,30
181.66972480000004,34.99999989,57.25490216784315,30
181.7017648000001,34.455252810000005,58.28030843607842,30
181.73375440000018,33.910505730000004,59.305714704313715,30
181.76569970000128,33.365758650000004,60.331120972549016,30
181.7977378000014,32.82101157,61.35652724078431,30
181.82981160000054,32.412451260000005,62.12558194196078,30
181.86171770000146,31.867704180000004,63.15098821019607,30
181.89367420000053,31.322957100000004,64.17639447843136,30
181.94171500000084,30.778210020000003,65.20180074666666,30
181.97387690000141,30.233462940000006,66.22720701490195,30
182.00574910000068,29.688715860000006,67.25261328313724,30
182.03772990000107,29.143968780000005,68.27801955137254,30
182.0698835000003,28.599221700000005,69.30342581960784,30
182.10174890000053,28.054474620000004,70.32883208784313,30
182.13415429999986,27.509727540000004,71.35423835607843,30
182.16617660000156,26.828793690000005,72.63599619137253,30
182.1977966000013,26.420233380000003,73.40505089254901,30
182.22979400000077,25.875486300000002,74.43045716078431,30
182.26180270000077,25.330739220000005,75.4558634290196,30
182.29379680000056,24.785992140000005,76.48126969725489,30
182.34187300000121,24.241245060000004,77.50667596549017,30
182.37377940000079,23.832684750000002,78.27573066666666,30
182.40567550000014,23.424124440000003,79.04478536784313,30
182.4376669000012,23.151750900000003,79.55748850196078,30
182.4698425000006,22.743190590000005,80.32654320313725,30
182.50189200000023,22.334630280000003,81.09559790431372,30
182.5337223000006,21.926069970000004,81.86465260549018,30
182.5657157000005,21.653696430000004,82.37735573960782,30
182.597815000001,21.245136120000005,83.14641044078431,30
182.6297441000006,21.653696430000004,82.37735573960782,30
182.66214840000066,21.381322890000003,82.89005887372548,30
182.6938396000005,21.108949350000003,83.40276200784314,30
182.74184740000055,20.836575810000003,83.91546514196078,30
182.77374920000148,20.564202270000003,84.42816827607842,30
182.80578760000026,20.291828730000002,84.94087141019607,30
182.8377698000004,20.019455190000002,85.45357454431372,30
182.8697333,19.883268420000004,85.70992611137254,30
182.90187460000016,19.747081650000002,85.96627767843137,30
182.93381460000091,19.610894880000004,86.2226292454902,30
182.9658100000015,19.47470811,86.47898081254903,30
182.99779470000067,19.47470811,86.47898081254903,30
183.02998170000137,19.338521340000003,86.73533237960783,30
183.0619583000007,19.202334570000005,86.99168394666665,30
183.09378760000072,19.066147800000003,87.24803551372547,30
183.14177680000103,19.066147800000003,87.24803551372547,30
183.17375540000103,18.929961030000005,87.50438708078431,30
183.2057703999999,18.929961030000005,87.50438708078431,30
183.23784700000033,18.929961030000005,87.50438708078431,30
183.2698221999999,19.066147800000003,87.24803551372547,30
183.30176260000007,19.066147800000003,87.24803551372547,30
183.3337747000005,19.202334570000005,86.99168394666665,30
183.36581149999984,19.202334570000005,86.99168394666665,30
183.39813310000136,19.338521340000003,86.73533237960783,30
183.43003000000135,19.338521340000003,86.73533237960783,30
183.4617005,19.47470811,86.47898081254903,30
183.49382890000015,19.610894880000004,86.2226292454902,30
183.54186610000033,19.747081650000002,85.96627767843137,30
183.57379500000025,19.883268420000004,85.70992611137254,30
183.60572520000096,20.019455190000002,85.45357454431372,30
183.63768250000066,20.155641960000004,85.1972229772549,30
183.6697849000011,20.428015500000004,84.68451984313724,30
183.70184030000019,20.700389040000005,84.1718167090196,30
183.73375280000073,20.972762580000005,83.65911357490194,30
183.76577570000154,21.245136120000005,83.14641044078431,30
183.79779990000134,21.517509660000005,82.63370730666666,30
183.82971590000125,21.789883200000002,82.12100417254902,30
183.8617301000013,22.198443510000004,81.35194947137254,30
183.89377650000097,22.470817050000004,80.83924633725489,30
183.94175780000114,22.879377360000003,80.07019163607842,30
183.9737283000013,23.287937670000005,79.30113693490195,30
184.00577110000086,23.696497980000004,78.53208223372549,30
184.03783889999977,24.105058290000002,77.76302753254902,30
184.06974919999993,24.513618600000004,76.99397283137253,30
184.10165880000022,24.922178910000003,76.22491813019607,30
184.13383260000046,25.330739220000005,75.4558634290196,30
184.16599450000103,25.875486300000002,74.43045716078431,30
184.1977603000014,26.284046610000004,73.66140245960783,30
184.22965610000028,26.828793690000005,72.63599619137253,30
184.26175780000085,27.237354000000003,71.86694149019608,30
184.29379850000078,27.782101080000004,70.84153522196078,30
184.34175020000112,28.326848160000004,69.81612895372548,30
184.37372719999985,28.735408470000003,69.04707425254901,30
184.40574019999985,29.280155550000003,68.02166798431372,30
184.43777190000037,29.688715860000006,67.25261328313724,30
184.4699696000007,30.233462940000006,66.22720701490195,30
184.50175470000067,30.642023250000005,65.45815231372548,30
184.53406390000055,31.186770330000005,64.43274604549019,30
184.56582789999993,31.595330640000004,63.66369134431372,30
184.59783060000154,32.003890950000006,62.89463664313723,30
184.6298794000013,32.54863803,61.86923037490196,30
184.66184130000147,32.957198340000005,61.10017567372549,30
184.69385560000046,33.365758650000004,60.331120972549016,30
184.74183730000004,33.910505730000004,59.305714704313715,30
184.77380190000076,34.31906604,58.53666000313724,30
184.8057202,34.86381312,57.511253734901956,30
184.8377519000005,35.27237343,56.74219903372549,30
184.86970389999988,35.68093374,55.97314433254902,30
184.9018458999999,36.22568082,54.947738064313725,30
184.93368080000073,36.63424113,54.178683363137246,30
184.96573929999977,37.04280144,53.409628661960795,30
184.99772870000015,37.451361750000004,52.64057396078431,30
185.02981060000093,37.72373529,52.127870826666665,30
185.06183070000043,38.1322956,51.3588161254902,30
185.09376800000064,38.40466914,50.846112991372536,30
185.1418700000013,38.67704268,50.33340985725489,30
185.17374449999988,38.94941622,49.82070672313725,30
185.2057192000011,38.540855910000005,50.589761424313714,30
185.2377176000009,38.81322945,50.07705829019608,30
185.2698130000008,39.08560299,49.564355156078435,30
185.30176910000046,39.22178976,49.30800358901961,30
185.33382979999988,39.494163300000004,48.795300454901955,30
185.36574130000008,39.63035007,48.53894888784314,30
185.39775090000148,39.90272361,48.02624575372549,30
185.4297946000006,40.038910380000004,47.76989418666666,30
185.46176860000014,40.31128392,47.25719105254902,30
185.4937442999999,40.583657460000005,46.74448791843137,30
185.54176740000003,40.71984423,46.48813635137255,30
185.57375719999982,40.856031,46.231784784313724,30
185.60599730000104,40.99221777,45.975433217254896,30
185.6379308000014,41.128404540000005,45.71908165019607,30
185.66981130000022,41.26459131,45.46273008313725,30
185.70179760000065,41.40077808,45.20637851607843,30
185.7337822999998,41.536964850000004,44.9500269490196,30
185.76573650000137,41.67315162,44.69367538196079,30
185.7977492000009,41.80933839,44.437323814901966,30
185.82976360000066,41.80933839,44.437323814901966,30
185.8617602000013,41.94552516,44.18097224784313,30
185.8937289000005,41.94552516,44.18097224784313,30
185.94177149999996,42.081711930000004,43.9246206807843,30
185.97380239999984,42.081711930000004,43.9246206807843,30
186.00601559999996,42.081711930000004,43.9246206807843,30
186.03781570000137,42.081711930000004,43.9246206807843,30
186.06979740000133,42.081711930000004,43.9246206807843,30
186.1017864000005,42.081711930000004,43.9246206807843,30
186.13375869999982,42.081711930000004,43.9246206807843,30
186.16575850000117,42.081711930000004,43.9246206807843,30
186.19781520000106,42.081711930000004,43.9246206807843,30
186.22971680000046,42.081711930000004,43.9246206807843,30
186.2617261000014,41.94552516,44.18097224784313,30
186.29370780000136,41.94552516,44.18097224784313,30
186.34155180000016,41.80933839,44.437323814901966,30
186.37381780000032,41.67315162,44.69367538196079,30
186.40588810000008,41.536964850000004,44.9500269490196,30
186.43778600000041,41.40077808,45.20637851607843,30
186.46972840000126,41.128404540000005,45.71908165019607,30
186.5017525000003,40.99221777,45.975433217254896,30
186.53378789999988,40.71984423,46.48813635137255,30
186.5657484000003,40.44747069,47.00083948549019,30
186.59775460000128,40.17509715,47.51354261960785,30
186.62975619999997,39.76653684,48.28259732078431,30
186.66168350000044,39.494163300000004,48.795300454901955,30
186.69366840000112,39.22178976,49.30800358901961,30
186.7422230000011,38.81322945,50.07705829019608,30
186.7737855000014,38.540855910000005,50.589761424313714,30
186.80570210000042,38.26848237,51.10246455843137,30
186.83780280000065,37.85992206,51.871519259607844,30
186.86971450000055,37.58754852,52.3842223937255,30
186.90175810000073,37.17898821,53.153277094901966,30
186.9337370000012,36.90661467,53.665980229019596,30
186.96577870000147,36.498054360000005,54.43503493019607,30
186.9977587000012,36.08949405,55.20408963137255,30
187.02978369999983,35.81712051,55.71679276549018,30
187.0621073000002,35.408560200000004,56.48584746666666,30
187.09431380000024,34.99999989,57.25490216784315,30
187.14191220000066,34.59143958,58.023956869019614,30
187.17381350000142,34.31906604,58.53666000313724,30
187.2057885000013,33.910505730000004,59.305714704313715,30
187.23776570000155,33.501945420000006,60.07476940549018,30
187.26979010000105,33.09338511,60.843824106666666,30
187.30180030000156,32.6848248,61.61287880784314,30
187.33374560000084,32.27626449,62.3819335090196,30
187.3657619000005,32.003890950000006,62.89463664313723,30
187.39777460000005,31.595330640000004,63.66369134431372,30
187.42969020000055,31.186770330000005,64.43274604549019,30
187.46220150000045,30.914396790000005,64.94544917960783,30
187.49448950000078,30.505836480000003,65.7145038807843,30
187.54187580000143,30.097276170000004,66.48355858196078,30
187.5737638999999,29.688715860000006,67.25261328313724,30
187.60575820000122,29.416342320000005,67.76531641725488,30
187.63776049999979,29.143968780000005,68.27801955137254,30
187.6698053,28.871595240000005,68.79072268549018,30
187.70178260000102,28.463034930000003,69.55977738666667,30
187.73371960000077,28.190661390000002,70.07248052078431,30
187.7657233000009,27.918287850000006,70.58518365490195,30
187.79775990000053,27.645914310000006,71.0978867890196,30
187.8298900000009,27.373540770000005,71.61058992313724,30
187.86181170000054,27.101167230000005,72.12329305725488,30
187.8937786000006,26.828793690000005,72.63599619137253,30
187.9418179000004,26.692606920000003,72.89234775843137,30
187.97380440000052,26.420233380000003,73.40505089254901,30
188.00574960000085,26.284046610000004,73.66140245960783,30
188.03775900000073,26.147859840000002,73.91775402666666,30
188.06972860000133,25.875486300000002,74.43045716078431,30
188.101727700001,25.739299530000004,74.68680872784313,30
188.13381330000084,25.466925990000004,75.19951186196077,30
188.16568259999985,25.330739220000005,75.4558634290196,30
188.19794320000074,25.058365680000005,75.96856656313724,30
188.22992090000116,24.922178910000003,76.22491813019607,30
188.26172829999996,24.785992140000005,76.48126969725489,30
188.29368630000135,24.649805370000003,76.73762126431373,30
188.34169620000102,24.513618600000004,76.99397283137253,30
188.37361180000153,24.377431830000003,77.25032439843137,30
188.40573159999985,24.377431830000003,77.25032439843137,30
188.43773160000092,24.241245060000004,77.50667596549017,30
188.46974520000003,24.241245060000004,77.50667596549017,30
188.50169260000075,24.241245060000004,77.50667596549017,30
188.5337799000008,24.241245060000004,77.50667596549017,30
188.5657710000014,24.105058290000002,77.76302753254902,30
188.59810780000043,24.105058290000002,77.76302753254902,30
188.62969030000022,24.241245060000004,77.50667596549017,30
188.6617653000012,23.696497980000004,78.53208223372549,30
188.69382970000152,24.241245060000004,77.50667596549017,30
188.7418643000001,24.241245060000004,77.50667596549017,30
188.77379680000013,24.377431830000003,77.25032439843137,30
188.80575930000123,24.377431830000003,77.25032439843137,30
188.83776110000144,24.377431830000003,77.25032439843137,30
188.8698467000013,24.513618600000004,76.99397283137253,30
188.9017074000003,24.513618600000004,76.99397283137253,30
188.9339213000003,24.649805370000003,76.73762126431373,30
188.96597370000018,25.603112760000005,74.94316029490194,30
188.9977574000004,24.785992140000005,76.48126969725489,30
189.02977050000118,24.922178910000003,76.22491813019607,30
189.0618316,24.922178910000003,76.22491813019607,30
189.09377420000055,25.058365680000005,75.96856656313724,30
189.14174079999975,25.194552450000003,75.71221499607843,30
189.17387020000024,25.330739220000005,75.4558634290196,30
189.2057302000012,25.466925990000004,75.19951186196077,30
189.2376645000004,25.603112760000005,74.94316029490194,30
189.26970660000006,25.875486300000002,74.43045716078431,30
189.30178350000097,26.011673070000004,74.17410559372549,30
189.33391070000107,26.284046610000004,73.66140245960783,30
189.36619340000107,26.420233380000003,73.40505089254901,30
189.39767650000067,26.692606920000003,72.89234775843137,30
189.42969940000148,26.556420150000005,73.14869932549018,30
189.46169900000132,26.828793690000005,72.63599619137253,30
189.4938501000015,27.101167230000005,72.12329305725488,30
189.5417408000012,27.373540770000005,71.61058992313724,30
189.57373730000108,27.509727540000004,71.35423835607843,30
189.60631900000044,27.918287850000006,70.58518365490195,30
189.63776000000144,28.190661390000002,70.07248052078431,30
189.6696709000007,28.599221700000005,69.30342581960784,30
189.70177760000115,29.007782010000003,68.53437111843137,30
189.73370450000039,29.280155550000003,68.02166798431372,30
189.76571839999997,29.552529090000004,67.50896485019608,30
189.79765720000069,29.961089400000006,66.7399101490196,30
189.8297276000012,30.369649710000004,65.97085544784314,30
189.86166570000023,30.642023250000005,65.45815231372548,30
189.8937061000015,31.050583560000003,64.68909761254902,30
189.9416925000005,31.459143870000005,63.92004291137253,30
189.97373450000123,31.731517410000006,63.40733977725489,30
190.0057467000006,32.003890950000006,62.89463664313723,30
190.03770950000035,32.412451260000005,62.12558194196078,30
190.06990440000118,32.6848248,61.61287880784314,30
190.10174670000015,32.957198340000005,61.10017567372549,30
190.13373420000062,33.09338511,60.843824106666666,30
190.16579860000093,33.365758650000004,60.331120972549016,30
190.19770590000007,33.63813219,59.81841783843137,30
190.2297311000002,33.910505730000004,59.305714704313715,30
190.26174429999992,34.31906604,58.53666000313724,30
190.2937406000001,34.59143958,58.023956869019614,30
190.34175470000082,34.86381312,57.511253734901956,30
190.37368740000056,35.13618666,56.99855060078431,30
190.40587550000055,35.408560200000004,56.48584746666666,30
190.4379929000006,35.68093374,55.97314433254902,30
190.46972950000054,35.953307280000004,55.46044119843137,30
190.50177919999987,36.08949405,55.20408963137255,30
190.53379750000022,36.36186759,54.69138649725489,30
190.56584140000086,36.498054360000005,54.43503493019607,30
190.5978109000007,36.7704279,53.922331796078424,30
190.62970099999984,37.04280144,53.409628661960795,30
190.66172840000036,37.17898821,53.153277094901966,30
190.69373630000155,37.31517498,52.896925527843145,30
190.74170010000125,37.58754852,52.3842223937255,30
190.77389870000115,37.72373529,52.127870826666665,30
190.8060860000005,37.85992206,51.871519259607844,30
190.83793210000113,38.1322956,51.3588161254902,30
190.8697344000011,38.26848237,51.10246455843137,30
190.90173839999989,38.40466914,50.846112991372536,30
190.93369110000094,38.540855910000005,50.589761424313714,30
190.96572170000036,38.67704268,50.33340985725489,30
190.99773090000053,38.81322945,50.07705829019608,30
191.02973290000045,38.94941622,49.82070672313725,30
191.06169469999986,38.94941622,49.82070672313725,30
191.09372040000017,39.08560299,49.564355156078435,30
191.14172020000115,39.08560299,49.564355156078435,30
191.1737745999999,39.22178976,49.30800358901961,30
191.2057046000009,39.22178976,49.30800358901961,30
191.23777690000134,39.22178976,49.30800358901961,30
191.2697423999998,39.35797653,49.051652021960784,30
191.30171470000096,39.35797653,49.051652021960784,30
191.3337145000005,39.494163300000004,48.795300454901955,30
191.36567800000012,39.494163300000004,48.795300454901955,30
191.3977691,39.494163300000004,48.795300454901955,30
191.4298675000009,39.494163300000004,48.795300454901955,30
191.46172769999976,39.63035007,48.53894888784314,30
191.49414969999998,39.63035007,48.53894888784314,30
191.54186550000122,39.63035007,48.53894888784314,30
191.5736366000001,39.63035007,48.53894888784314,30
191.6057434000013,39.494163300000004,48.795300454901955,30
191.63774940000076,39.494163300000004,48.795300454901955,30
191.6697767000005,39.76653684,48.28259732078431,30
191.70178600000145,39.35797653,49.051652021960784,30
191.73376810000082,39.63035007,48.53894888784314,30
191.76573050000115,39.494163300000004,48.795300454901955,30
191.79774739999993,39.35797653,49.051652021960784,30
191.82972410000002,39.35797653,49.051652021960784,30
191.86165840000103,39.22178976,49.30800358901961,30
191.89397960000133,39.08560299,49.564355156078435,30
191.94174870000097,38.81322945,50.07705829019608,30
191.97382629999993,38.67704268,50.33340985725489,30
192.00573220000115,38.540855910000005,50.589761424313714,30
192.0377593000012,38.40466914,50.846112991372536,30
192.0698396000007,38.1322956,51.3588161254902,30
192.10172670000065,37.996108830000004,51.615167692549015,30
192.13372180000079,37.72373529,52.127870826666665,30
192.16569100000015,37.451361750000004,52.64057396078431,30
192.1976064999999,37.31517498,52.896925527843145,30
192.22972830000072,37.04280144,53.409628661960795,30
192.2619917000011,36.7704279,53.922331796078424,30
192.2941236000006,36.498054360000005,54.43503493019607,30
192.34160220000012,36.22568082,54.947738064313725,30
192.37385510000058,36.08949405,55.20408963137255,30
192.40577400000075,35.81712051,55.71679276549018,30
192.43766660000074,35.54474697,56.22949589960785,30
192.46965360000104,35.13618666,56.99855060078431,30
192.50190790000124,34.86381312,57.511253734901956,30
192.5337498000008,34.59143958,58.023956869019614,30
192.56578480000098,34.31906604,58.53666000313724,30
192.59780180000052,34.0466925,59.04936313725489,30
192.6300220000012,33.77431896,59.56206627137254,30
192.66175570000087,33.501945420000006,60.07476940549018,30
192.693699200001,33.22957188,60.587472539607845,30
192.74175319999995,32.957198340000005,61.10017567372549,30
192.77369700000054,33.22957188,60.587472539607845,30
192.80579490000127,32.412451260000005,62.12558194196078,30
192.8377429000011,32.14007772,62.63828507607844,30
192.86970509999992,31.731517410000006,63.40733977725489,30
192.90167930000098,31.459143870000005,63.92004291137253,30
192.93366830000014,31.731517410000006,63.40733977725489,30
192.9656826999999,31.459143870000005,63.92004291137253,30
192.9980271000004,31.186770330000005,64.43274604549019,30
193.02989359999992,30.914396790000005,64.94544917960783,30
193.0617295000011,30.642023250000005,65.45815231372548,30
193.093722900001,30.369649710000004,65.97085544784314,30
193.14176000000043,30.097276170000004,66.48355858196078,30
193.1736576000003,29.824902630000004,66.99626171607844,30
193.20574959999976,29.688715860000006,67.25261328313724,30
193.23781490000147,29.416342320000005,67.76531641725488,30
193.26981100000012,29.280155550000003,68.02166798431372,30
193.30175880000024,29.007782010000003,68.53437111843137,30
193.33368150000024,28.871595240000005,68.79072268549018,30
193.36595510000006,28.599221700000005,69.30342581960784,30
193.39796490000117,28.190661390000002,70.07248052078431,30
193.42982870000014,27.782101080000004,70.84153522196078,30
193.46173100000124,27.645914310000006,71.0978867890196,30
193.49377920000006,27.373540770000005,71.61058992313724,30
193.54175850000138,27.237354000000003,71.86694149019608,30
193.5737734000013,26.964980460000003,72.37964462431373,30
193.60574650000126,26.828793690000005,72.63599619137253,30
193.63764640000045,26.556420150000005,73.14869932549018,30
193.6697734999998,26.420233380000003,73.40505089254901,30
193.70182170000044,26.147859840000002,73.91775402666666,30
193.7341492000014,26.011673070000004,74.17410559372549,30
193.7659676000003,25.739299530000004,74.68680872784313,30
193.79772120000052,25.603112760000005,74.94316029490194,30
193.82969800000137,25.466925990000004,75.19951186196077,30
193.8617677000002,25.330739220000005,75.4558634290196,30
193.89367760000096,25.194552450000003,75.71221499607843,30
193.9417983000003,25.058365680000005,75.96856656313724,30
193.9737264000014,24.922178910000003,76.22491813019607,30
194.00569540000106,24.922178910000003,76.22491813019607,30
194.03772000000026,24.785992140000005,76.48126969725489,30
194.06967480000094,24.649805370000003,76.73762126431373,30
194.1018096000007,24.649805370000003,76.73762126431373,30
194.13385800000106,24.513618600000004,76.99397283137253,30
194.16568689999986,24.513618600000004,76.99397283137253,30
194.19765460000053,24.513618600000004,76.99397283137253,30
194.22961900000155,24.513618600000004,76.99397283137253,30
194.2617351000008,24.513618600000004,76.99397283137253,30
194.2937735000014,24.513618600000004,76.99397283137253,30
194.34165030000077,24.513618600000004,76.99397283137253,30
194.37386610000067,24.513618600000004,76.99397283137253,30
194.40575230000104,24.513618600000004,76.99397283137253,30
194.43771130000096,24.649805370000003,76.73762126431373,30
194.47002170000087,24.649805370000003,76.73762126431373,30
194.50188960000014,24.785992140000005,76.48126969725489,30
194.53369710000152,24.785992140000005,76.48126969725489,30
194.56579779999993,24.922178910000003,76.22491813019607,30
194.59774840000136,25.058365680000005,75.96856656313724,30
194.62972179999997,25.194552450000003,75.71221499607843,30
194.66174930000125,25.330739220000005,75.4558634290196,30
194.69373950000045,25.466925990000004,75.19951186196077,30
194.74168439999994,25.603112760000005,74.94316029490194,30
194.77370040000096,25.739299530000004,74.68680872784313,30
194.80573800000093,25.875486300000002,74.43045716078431,30
194.83781930000077,26.147859840000002,73.91775402666666,30
194.86992819999978,26.284046610000004,73.66140245960783,30
194.90166730000055,26.556420150000005,73.14869932549018,30
194.9337372000009,26.692606920000003,72.89234775843137,30
194.96581400000105,26.964980460000003,72.37964462431373,30
194.99779579999995,27.101167230000005,72.12329305725488,30
195.02964690000044,27.373540770000005,71.61058992313724,30
195.06172370000058,27.645914310000006,71.0978867890196,30
195.09369780000088,27.782101080000004,70.84153522196078,30
195.14166960000148,28.054474620000004,70.32883208784313,30
195.1738366999998,28.326848160000004,69.81612895372548,30
195.2059774999998,28.599221700000005,69.30342581960784,30
195.2382293999999,28.871595240000005,68.79072268549018,30
195.26975790000142,29.143968780000005,68.27801955137254,30
195.30173060000016,29.552529090000004,67.50896485019608,30
195.3337700000011,29.824902630000004,66.99626171607844,30
195.36581130000013,30.097276170000004,66.48355858196078,30
195.39765940000143,30.369649710000004,65.97085544784314,30
195.42968939999992,30.642023250000005,65.45815231372548,30
195.46169470000132,30.914396790000005,64.94544917960783,30
195.49376510000002,31.186770330000005,64.43274604549019,30
195.54174430000057,31.322957100000004,64.17639447843136,30
195.5737523000007,31.595330640000004,63.66369134431372,30
195.60577100000046,31.867704180000004,63.15098821019607,30
195.63783850000073,32.14007772,62.63828507607844,30
195.66976280000017,32.27626449,62.3819335090196,30
195.70164870000008,32.54863803,61.86923037490196,30
195.73369570000068,32.957198340000005,61.10017567372549,30
195.7656738000005,33.09338511,60.843824106666666,30
195.79780970000138,33.365758650000004,60.331120972549016,30
195.82965280000099,33.63813219,59.81841783843137,30
195.86167360000036,33.77431896,59.56206627137254,30
195.89370430000054,34.0466925,59.04936313725489,30
195.94171050000114,34.31906604,58.53666000313724,30
195.97385070000018,34.59143958,58.023956869019614,30
196.00573910000094,34.86381312,57.511253734901956,30
196.03781960000015,35.13618666,56.99855060078431,30
196.06967110000005,35.408560200000004,56.48584746666666,30
196.10172170000078,35.68093374,55.97314433254902,30
196.1335927,35.81712051,55.71679276549018,30
196.1657094000002,36.08949405,55.20408963137255,30
196.1978177000001,36.36186759,54.69138649725489,30
196.2297346000014,36.498054360000005,54.43503493019607,30
196.26172039999983,36.7704279,53.922331796078424,30
196.2936795000005,36.90661467,53.665980229019596,30
196.34188130000075,37.04280144,53.409628661960795,30
196.37370310000006,37.31517498,52.896925527843145,30
196.40575830000125,37.58754852,52.3842223937255,30
196.43768600000112,37.72373529,52.127870826666665,30
196.46999380000125,37.996108830000004,51.615167692549015,30
196.50171670000054,38.1322956,51.3588161254902,30
196.53375419999975,38.26848237,51.10246455843137,30
196.56573630000094,38.540855910000005,50.589761424313714,30
196.59773810000115,37.996108830000004,51.615167692549015,30
196.62984300000062,38.1322956,51.3588161254902,30
196.66164860000026,38.26848237,51.10246455843137,30
196.6937252000007,38.40466914,50.846112991372536,30
196.74174070000117,38.40466914,50.846112991372536,30
196.7736915000005,38.540855910000005,50.589761424313714,30
196.80570870000156,39.22178976,49.30800358901961,30
196.83765590000075,39.35797653,49.051652021960784,30
196.86977900000056,39.35797653,49.051652021960784,30
196.90163320000102,39.35797653,49.051652021960784,30
196.93370420000065,39.35797653,49.051652021960784,30
196.96565650000048,39.35797653,49.051652021960784,30
196.99774210000032,39.35797653,49.051652021960784,30
197.02962760000082,39.35797653,49.051652021960784,30
197.06189910000103,39.35797653,49.051652021960784,30
197.09383700000035,39.35797653,49.051652021960784,30
197.1417204999998,39.35797653,49.051652021960784,30
197.17368660000102,38.540855910000005,50.589761424313714,30
197.20569460000115,38.540855910000005,50.589761424313714,30
197.23770010000044,38.40466914,50.846112991372536,30
197.2697723000001,38.40466914,50.846112991372536,30
197.30177110000113,38.26848237,51.10246455843137,30
197.33370090000062,37.996108830000004,51.615167692549015,30
197.3657518,37.85992206,51.871519259607844,30
197.39782530000048,37.72373529,52.127870826666665,30
197.4297862000003,37.58754852,52.3842223937255,30
197.4618715000015,37.451361750000004,52.64057396078431,30
197.49367690000145,37.31517498,52.896925527843145,30
197.54186670000126,37.17898821,53.153277094901966,30
197.57381260000147,37.04280144,53.409628661960795,30
197.6057010000004,36.90661467,53.665980229019596,30
197.63772229999995,36.7704279,53.922331796078424,30
197.66975550000097,36.498054360000005,54.43503493019607,30
197.70176440000068,36.36186759,54.69138649725489,30
197.7338104999999,36.36186759,54.69138649725489,30
197.7657020000006,36.08949405,55.20408963137255,30
197.7979360999998,36.08949405,55.20408963137255,30
197.82992540000123,35.81712051,55.71679276549018,30
197.86169020000125,36.36186759,54.69138649725489,30
197.89379160000135,36.22568082,54.947738064313725,30
197.94174470000144,36.22568082,54.947738064313725,30
197.97386259999985,35.953307280000004,55.46044119843137,30
198.00575220000064,35.81712051,55.71679276549018,30
198.0377365000004,34.99999989,57.25490216784315,30
198.06974570000057,34.72762635,57.76760530196079,30
198.10173540000142,34.59143958,58.023956869019614,30
198.13399600000048,34.31906604,58.53666000313724,30
198.16599470000074,34.18287927,58.79301157019607,30
198.19775280000067,33.910505730000004,59.305714704313715,30
198.2296875000011,33.77431896,59.56206627137254,30
198.26169050000135,33.501945420000006,60.07476940549018,30
198.29370569999992,33.365758650000004,60.331120972549016,30
198.3417184000009,33.09338511,60.843824106666666,30
198.37368600000082,32.82101157,61.35652724078431,30
198.4056889000003,32.6848248,61.61287880784314,30
198.43767860000116,32.412451260000005,62.12558194196078,30
198.4696985999999,32.27626449,62.3819335090196,30
198.50167359999978,32.003890950000006,62.89463664313723,30
198.5337569000003,31.731517410000006,63.40733977725489,30
198.56600360000084,31.595330640000004,63.66369134431372,30
198.59770690000005,31.322957100000004,64.17639447843136,30
198.6296481999998,31.050583560000003,64.68909761254902,30
198.6617022999999,30.778210020000003,65.20180074666666,30
198.6937579000005,30.642023250000005,65.45815231372548,30
198.74171130000104,30.369649710000004,65.97085544784314,30
198.77367030000096,30.233462940000006,66.22720701490195,30
198.80573110000114,30.097276170000004,66.48355858196078,30
198.83772190000127,29.824902630000004,66.99626171607844,30
198.86961230000088,29.688715860000006,67.25261328313724,30
198.90183250000155,29.416342320000005,67.76531641725488,30
198.93379410000125,29.280155550000003,68.02166798431372,30
198.96567500000128,29.007782010000003,68.53437111843137,30
198.99779070000113,28.871595240000005,68.79072268549018,30
199.0297294000011,28.735408470000003,69.04707425254901,30
199.06172530000003,28.463034930000003,69.55977738666667,30
199.09372880000046,28.326848160000004,69.81612895372548,30
199.14174439999988,28.190661390000002,70.07248052078431,30
199.17367270000068,28.054474620000004,70.32883208784313,30
199.20570680000128,28.054474620000004,70.32883208784313,30
199.23780799999986,27.918287850000006,70.58518365490195,30
199.2699878000003,27.782101080000004,70.84153522196078,30
199.30189750000136,27.645914310000006,71.0978867890196,30
199.33372260000033,27.645914310000006,71.0978867890196,30
199.3656761000002,27.509727540000004,71.35423835607843,30
199.39772880000055,27.373540770000005,71.61058992313724,30
199.42969320000157,27.373540770000005,71.61058992313724,30
199.46171270000013,27.237354000000003,71.86694149019608,30
199.4936533,27.237354000000003,71.86694149019608,30
199.54172480000125,27.237354000000003,71.86694149019608,30
199.5737534,27.237354000000003,71.86694149019608,30
199.60571440000058,27.237354000000003,71.86694149019608,30
199.6378418000004,27.237354000000003,71.86694149019608,30
199.6697279,27.101167230000005,72.12329305725488,30
199.70168970000122,27.101167230000005,72.12329305725488,30
199.73371510000106,27.101167230000005,72.12329305725488,30
199.7657151000003,27.101167230000005,72.12329305725488,30
199.7977277000009,27.101167230000005,72.12329305725488,30
199.8297235000009,27.101167230000005,72.12329305725488,30
199.8616216999999,27.101167230000005,72.12329305725488,30
199.89369249999982,27.237354000000003,71.86694149019608,30
199.9416792000011,27.237354000000003,71.86694149019608,30
199.97372580000047,27.237354000000003,71.86694149019608,30
200.005916600001,27.373540770000005,71.61058992313724,30
200.0377507000012,27.373540770000005,71.61058992313724,30
200.06966880000073,27.509727540000004,71.35423835607843,30
200.10172500000044,27.509727540000004,71.35423835607843,30
200.13368830000036,27.509727540000004,71.35423835607843,30
200.16576560000067,27.645914310000006,71.0978867890196,30
200.19756380000035,27.782101080000004,70.84153522196078,30
200.22962850000113,27.918287850000006,70.58518365490195,30
200.2616364000005,28.054474620000004,70.32883208784313,30
200.29371730000094,28.054474620000004,70.32883208784313,30
200.34172190000027,28.190661390000002,70.07248052078431,30
200.3736901000011,28.326848160000004,69.81612895372548,30
200.40572090000023,28.463034930000003,69.55977738666667,30
200.43767740000112,28.599221700000005,69.30342581960784,30
200.46976390000054,28.735408470000003,69.04707425254901,30
200.5016841000015,29.007782010000003,68.53437111843137,30
200.53370820000055,29.143968780000005,68.27801955137254,30
200.56572469999992,29.688715860000006,67.25261328313724,30
200.59773459999997,29.961089400000006,66.7399101490196,30
200.62963560000026,30.233462940000006,66.22720701490195,30
200.6617483000009,30.505836480000003,65.7145038807843,30
200.69374150000112,30.778210020000003,65.20180074666666,30
200.74183190000076,30.914396790000005,64.94544917960783,30
200.77379970000038,30.914396790000005,64.94544917960783,30
200.80571810000038,31.050583560000003,64.68909761254902,30
200.83773210000072,31.322957100000004,64.17639447843136,30
200.86959710000156,31.595330640000004,63.66369134431372,30
200.90172789999997,31.731517410000006,63.40733977725489,30
200.9337011000007,32.003890950000006,62.89463664313723,30
200.96566390000044,32.27626449,62.3819335090196,30
200.99768230000154,32.412451260000005,62.12558194196078,30
201.02968820000024,32.6848248,61.61287880784314,30
201.06173560000025,32.82101157,61.35652724078431,30
201.09368730000097,33.09338511,60.843824106666666,30
201.14196559999982,33.22957188,60.587472539607845,30
201.17374230000132,33.501945420000006,60.07476940549018,30
201.20571440000094,33.63813219,59.81841783843137,30
201.2377118000004,33.77431896,59.56206627137254,30
201.26979720000054,34.0466925,59.04936313725489,30
201.3016817000007,34.18287927,58.79301157019607,30
201.33367780000117,34.455252810000005,58.28030843607842,30
201.36574830000063,34.59143958,58.023956869019614,30
201.3977107999999,34.72762635,57.76760530196079,30
201.42977750000136,34.99999989,57.25490216784315,30
201.4616299999998,35.27237343,56.74219903372549,30
201.49386850000155,35.408560200000004,56.48584746666666,30
201.54169250000086,35.68093374,55.97314433254902,30
201.57367220000015,35.81712051,55.71679276549018,30
201.60568030000104,36.08949405,55.20408963137255,30
201.6376995999999,36.22568082,54.947738064313725,30
201.66976460000114,36.36186759,54.69138649725489,30
201.70164830000067,36.63424113,54.178683363137246,30
201.73363790000076,36.7704279,53.922331796078424,30
201.7656676000006,36.90661467,53.665980229019596,30
201.7976348000011,37.04280144,53.409628661960795,30
201.82973350000066,37.17898821,53.153277094901966,30
201.86172010000155,37.31517498,52.896925527843145,30
201.89379760000156,37.451361750000004,52.64057396078431,30
201.94164249999994,37.58754852,52.3842223937255,30
201.97365499999978,37.58754852,52.3842223937255,30
202.00565140000072,37.72373529,52.127870826666665,30
202.03770710000026,37.72373529,52.127870826666665,30
202.06978810000146,37.85992206,51.871519259607844,30
202.1017456999998,37.85992206,51.871519259607844,30
202.13366029999997,37.996108830000004,51.615167692549015,30
202.16573150000113,37.996108830000004,51.615167692549015,30
202.19785450000018,37.996108830000004,51.615167692549015,30
202.2302066000011,37.996108830000004,51.615167692549015,30
202.2618677999999,37.996108830000004,51.615167692549015,30
202.29377530000056,37.996108830000004,51.615167692549015,30
202.3417937000013,37.996108830000004,51.615167692549015,30
202.37380100000155,37.996108830000004,51.615167692549015,30
202.40571810000074,37.85992206,51.871519259607844,30
202.43772210000134,37.72373529,52.127870826666665,30
202.46976160000122,37.58754852,52.3842223937255,30
202.50178480000068,37.58754852,52.3842223937255,30
202.53370240000004,37.31517498,52.896925527843145,30
202.56568570000127,37.31517498,52.896925527843145,30
202.59788389999994,37.17898821,53.153277094901966,30
202.62980349999998,37.04280144,53.409628661960795,30
202.66171730000133,36.90661467,53.665980229019596,30
202.69369950000146,36.7704279,53.922331796078424,30
202.7417258000005,36.498054360000005,54.43503493019607,30
202.77357389999997,36.36186759,54.69138649725489,30
202.80569130000003,36.08949405,55.20408963137255,30
202.8376812000006,35.953307280000004,55.46044119843137,30
202.8696903,35.68093374,55.97314433254902,30
202.9016545000013,35.54474697,56.22949589960785,30
202.9337446999998,35.27237343,56.74219903372549,30
202.96587530000033,34.99999989,57.25490216784315,30
202.9978022000014,34.86381312,57.511253734901956,30
203.0296799000007,34.59143958,58.023956869019614,30
203.06173640000088,34.455252810000005,58.28030843607842,30
203.0936801000007,34.31906604,58.53666000313724,30
203.14166810000097,34.0466925,59.04936313725489,30
203.17374089999976,33.910505730000004,59.305714704313715,30
203.20563140000013,34.18287927,58.79301157019607,30
203.2376476999998,34.0466925,59.04936313725489,30
203.26968640000086,33.77431896,59.56206627137254,30
203.301598,33.63813219,59.81841783843137,30
203.33378830000038,33.501945420000006,60.07476940549018,30
203.36579100000017,33.22957188,60.587472539607845,30
203.39766450000025,33.09338511,60.843824106666666,30
203.4296572000003,32.82101157,61.35652724078431,30
203.4617083000012,32.6848248,61.61287880784314,30
203.49387320000096,32.412451260000005,62.12558194196078,30
203.54169530000036,32.27626449,62.3819335090196,30
203.57381619999978,32.14007772,62.63828507607844,30
203.6056750000007,31.867704180000004,63.15098821019607,30
203.6377167999999,31.731517410000006,63.40733977725489,30
203.66964440000083,31.459143870000005,63.92004291137253,30
203.70189010000104,31.186770330000005,64.43274604549019,30
203.73399040000004,30.914396790000005,64.94544917960783,30
203.76564900000085,30.778210020000003,65.20180074666666,30
203.79770520000056,30.505836480000003,65.7145038807843,30
203.82970320000095,30.369649710000004,65.97085544784314,30
203.8617264000004,30.097276170000004,66.48355858196078,30
203.89383480000106,29.961089400000006,66.7399101490196,30
203.94172590000016,29.688715860000006,67.25261328313724,30
203.97385420000137,29.552529090000004,67.50896485019608,30
204.0057321000004,29.280155550000003,68.02166798431372,30
204.0376195000008,29.824902630000004,66.99626171607844,30
204.0698912000007,29.688715860000006,67.25261328313724,30
204.10179760000028,29.552529090000004,67.50896485019608,30
204.13367960000141,29.416342320000005,67.76531641725488,30
204.16580480000084,29.280155550000003,68.02166798431372,30
204.1977311999999,29.143968780000005,68.27801955137254,30
204.22967990000143,29.007782010000003,68.53437111843137,30
204.26168890000008,28.871595240000005,68.79072268549018,30
204.2936518000006,28.735408470000003,69.04707425254901,30
204.3416711000009,28.599221700000005,69.30342581960784,30
204.37369430000035,28.463034930000003,69.55977738666667,30
204.4056418,28.326848160000004,69.81612895372548,30
204.43774459999986,28.190661390000002,70.07248052078431,30
204.4698487000005,28.054474620000004,70.32883208784313,30
204.50172480000037,28.054474620000004,70.32883208784313,30
204.53374030000123,27.918287850000006,70.58518365490195,30
204.56573209999988,27.782101080000004,70.84153522196078,30
204.59763720000046,27.782101080000004,70.84153522196078,30
204.62966480000068,27.645914310000006,71.0978867890196,30
204.66168310000103,27.509727540000004,71.35423835607843,30
204.6936569999998,27.509727540000004,71.35423835607843,30
204.74170380000032,27.509727540000004,71.35423835607843,30
204.77363660000083,27.373540770000005,71.61058992313724,30
204.80579190000026,27.373540770000005,71.61058992313724,30
204.8378169000007,27.373540770000005,71.61058992313724,30
204.86964750000152,27.237354000000003,71.86694149019608,30
204.90167110000039,27.373540770000005,71.61058992313724,30
204.93370660000073,27.373540770000005,71.61058992313724,30
204.9657939000008,27.509727540000004,71.35423835607843,30
204.9978073000002,27.509727540000004,71.35423835607843,30
205.0296795000013,27.509727540000004,71.35423835607843,30
205.06172630000037,27.509727540000004,71.35423835607843,30
205.09372310000072,27.509727540000004,71.35423835607843,30
205.1416678000005,27.645914310000006,71.0978867890196,30
205.17400270000144,27.645914310000006,71.0978867890196,30
205.20591650000097,27.645914310000006,71.0978867890196,30
205.2377176000009,27.782101080000004,70.84153522196078,30
205.2697478000009,27.782101080000004,70.84153522196078,30
205.30171470000096,27.918287850000006,70.58518365490195,30
205.33374650000042,27.918287850000006,70.58518365490195,30
205.36572380000143,28.054474620000004,70.32883208784313,30
205.39778810000098,28.054474620000004,70.32883208784313,30
205.4297146000008,28.054474620000004,70.32883208784313,30
205.46171200000026,28.190661390000002,70.07248052078431,30
205.49384420000024,28.190661390000002,70.07248052078431,30
205.54185850000067,28.326848160000004,69.81612895372548,30
205.5739205000009,28.463034930000003,69.55977738666667,30
205.60566149999977,28.599221700000005,69.30342581960784,30
205.6377805000011,28.735408470000003,69.04707425254901,30
205.66968009999982,29.007782010000003,68.53437111843137,30
205.70168809999996,29.143968780000005,68.27801955137254,30
205.7336868000002,29.280155550000003,68.02166798431372,30
205.7658747000005,29.416342320000005,67.76531641725488,30
205.79771260000052,29.688715860000006,67.25261328313724,30
205.82963000000018,29.961089400000006,66.7399101490196,30
205.8616419000009,30.233462940000006,66.22720701490195,30
205.89357259999997,30.505836480000003,65.7145038807843,30
205.94173950000004,30.642023250000005,65.45815231372548,30
205.97366430000147,30.914396790000005,64.94544917960783,30
206.00570169999992,31.050583560000003,64.68909761254902,30
206.03762700000152,31.322957100000004,64.17639447843136,30
206.06967000000077,31.459143870000005,63.92004291137253,30
206.10162370000035,31.731517410000006,63.40733977725489,30
206.13370589999977,31.867704180000004,63.15098821019607,30
206.1657165000015,32.14007772,62.63828507607844,30
206.1977478000008,32.412451260000005,62.12558194196078,30
206.2296965000005,32.6848248,61.61287880784314,30
206.26157349999994,32.82101157,61.35652724078431,30
206.2938025000003,33.09338511,60.843824106666666,30
206.3416670000006,33.22957188,60.587472539607845,30
206.3736714000006,33.501945420000006,60.07476940549018,30
206.40564989999984,33.63813219,59.81841783843137,30
206.43760160000056,33.910505730000004,59.305714704313715,30
206.46968610000113,34.18287927,58.79301157019607,30
206.5016841000015,34.455252810000005,58.28030843607842,30
206.533712800001,34.72762635,57.76760530196079,30
206.56573639999988,34.86381312,57.511253734901956,30
206.5976771000005,34.31906604,58.53666000313724,30
206.62968660000115,35.27237343,56.74219903372549,30
206.6619179999998,35.54474697,56.22949589960785,30
206.6938121000003,35.68093374,55.97314433254902,30
206.74161400000048,35.81712051,55.71679276549018,30
206.77372480000122,36.08949405,55.20408963137255,30
206.80565230000138,36.22568082,54.947738064313725,30
206.83767790000093,36.36186759,54.69138649725489,30
206.8697417000003,36.498054360000005,54.43503493019607,30
206.90166490000047,36.63424113,54.178683363137246,30
206.93370719999984,36.63424113,54.178683363137246,30
206.96569270000145,36.08949405,55.20408963137255,30
206.99764850000065,36.08949405,55.20408963137255,30
207.02992150000136,37.04280144,53.409628661960795,30
207.06175200000143,36.36186759,54.69138649725489,30
207.09369460000016,36.36186759,54.69138649725489,30
207.14171910000005,36.36186759,54.69138649725489,30
207.17370500000106,36.36186759,54.69138649725489,30
207.2056878000003,36.498054360000005,54.43503493019607,30
207.23771560000023,36.498054360000005,54.43503493019607,30
207.2697005000009,36.498054360000005,54.43503493019607,30
207.30171169999994,36.36186759,54.69138649725489,30
207.33367910000015,36.36186759,54.69138649725489,30
207.36565169999994,36.36186759,54.69138649725489,30
207.39779850000014,36.36186759,54.69138649725489,30
207.42971639999996,36.36186759,54.69138649725489,30
207.46174220000103,36.36186759,54.69138649725489,30
207.49373190000006,36.36186759,54.69138649725489,30
207.5416608000014,36.36186759,54.69138649725489,30
207.57360970000082,36.22568082,54.947738064313725,30
207.60566180000023,36.22568082,54.947738064313725,30
207.63768960000016,36.22568082,54.947738064313725,30
207.66968570000063,36.08949405,55.20408963137255,30
207.70176730000094,36.08949405,55.20408963137255,30
207.73362890000135,35.953307280000004,55.46044119843137,30
207.76590580000084,35.953307280000004,55.46044119843137,30
207.79778460000125,35.953307280000004,55.46044119843137,30
207.82967050000116,35.81712051,55.71679276549018,30
207.86181680000118,35.81712051,55.71679276549018,30
207.89371000000028,35.68093374,55.97314433254902,30
207.94182999999975,35.54474697,56.22949589960785,30
207.97363550000046,35.54474697,56.22949589960785,30
208.005621100001,35.408560200000004,56.48584746666666,30
208.0376293999998,35.27237343,56.74219903372549,30
208.06961430000047,35.13618666,56.99855060078431,30
208.1018812000002,34.99999989,57.25490216784315,30
208.13417240000126,34.86381312,57.511253734901956,30
208.16609140000037,34.59143958,58.023956869019614,30
208.1976465000007,34.455252810000005,58.28030843607842,30
208.2296554000004,34.31906604,58.53666000313724,30
208.2617568000005,34.18287927,58.79301157019607,30
208.2937576000004,34.0466925,59.04936313725489,30
208.3417515000001,33.910505730000004,59.305714704313715,30
208.37374340000133,33.77431896,59.56206627137254,30
208.40569940000023,33.63813219,59.81841783843137,30
208.4377002000001,33.501945420000006,60.07476940549018,30
208.469777100001,33.365758650000004,60.331120972549016,30
208.50224200000048,33.365758650000004,60.331120972549016,30
208.53375490000144,33.22957188,60.587472539607845,30
208.56570490000013,33.09338511,60.843824106666666,30
208.59770030000072,32.957198340000005,61.10017567372549,30
208.62972009999976,32.82101157,61.35652724078431,30
208.66168060000018,32.6848248,61.61287880784314,30
208.69381710000016,32.6848248,61.61287880784314,30
208.74168220000138,32.54863803,61.86923037490196,30
208.77366820000134,32.412451260000005,62.12558194196078,30
208.80570460000126,32.412451260000005,62.12558194196078,30
208.83770940000068,32.27626449,62.3819335090196,30
208.8697413000009,32.14007772,62.63828507607844,30
208.90169290000085,32.14007772,62.63828507607844,30
208.93371300000035,32.003890950000006,62.89463664313723,30
208.96565929999997,31.867704180000004,63.15098821019607,30
208.99763930000154,31.867704180000004,63.15098821019607,30
209.02964489999977,31.731517410000006,63.40733977725489,30
209.06171900000118,31.595330640000004,63.66369134431372,30
209.0937614000013,31.595330640000004,63.66369134431372,30
209.14171250000072,31.459143870000005,63.92004291137253,30
209.1737301000012,31.322957100000004,64.17639447843136,30
209.20582509999986,31.322957100000004,64.17639447843136,30
209.23816260000058,31.186770330000005,64.43274604549019,30
209.27009270000053,31.050583560000003,64.68909761254902,30
209.3016701000015,31.050583560000003,64.68909761254902,30
209.33381069999996,30.914396790000005,64.94544917960783,30
209.3656135000001,30.778210020000003,65.20180074666666,30
209.39763930000117,30.642023250000005,65.45815231372548,30
209.42964900000152,30.642023250000005,65.45815231372548,30
209.46161790000042,30.505836480000003,65.7145038807843,30
209.49382080000032,30.369649710000004,65.97085544784314,30
209.54162460000043,30.369649710000004,65.97085544784314,30
209.57398230000035,30.505836480000003,65.7145038807843,30
209.60583540000152,30.505836480000003,65.7145038807843,30
209.63776719999987,30.505836480000003,65.7145038807843,30
209.6696901000014,30.369649710000004,65.97085544784314,30
209.70168970000122,30.369649710000004,65.97085544784314,30
209.7336776000011,29.961089400000006,66.7399101490196,30
209.7657814000013,29.824902630000004,66.99626171607844,30
209.79771249999976,29.824902630000004,66.99626171607844,30
209.82969279999998,29.824902630000004,66.99626171607844,30
209.86168850000104,29.688715860000006,67.25261328313724,30
209.89372780000122,29.688715860000006,67.25261328313724,30
209.94164170000113,29.688715860000006,67.25261328313724,30
209.97399159999986,29.688715860000006,67.25261328313724,30
210.00607480000144,29.552529090000004,67.50896485019608,30
210.03769170000123,29.552529090000004,67.50896485019608,30
210.06970150000052,29.552529090000004,67.50896485019608,30
210.10171340000124,29.552529090000004,67.50896485019608,30
210.13371990000087,29.416342320000005,67.76531641725488,30
210.16575120000016,29.416342320000005,67.76531641725488,30
210.19773669999995,29.416342320000005,67.76531641725488,30
210.22956460000023,29.416342320000005,67.76531641725488,30
210.26168210000105,29.416342320000005,67.76531641725488,30
210.29359860000113,29.416342320000005,67.76531641725488,30
210.34168080000018,29.416342320000005,67.76531641725488,30
210.37379070000134,29.280155550000003,68.02166798431372,30
210.40570930000104,29.280155550000003,68.02166798431372,30
210.43777070000033,29.280155550000003,68.02166798431372,30
210.46966210000028,29.280155550000003,68.02166798431372,30
210.50174620000143,29.143968780000005,68.27801955137254,30
210.53367660000004,29.143968780000005,68.27801955137254,30
210.5657153000011,29.143968780000005,68.27801955137254,30
210.59772610000073,29.280155550000003,68.02166798431372,30
210.62968300000102,29.280155550000003,68.02166798431372,30
210.66167459999997,29.280155550000003,68.02166798431372,30
210.69362020000153,29.416342320000005,67.76531641725488,30
210.74177300000156,29.416342320000005,67.76531641725488,30
210.7736485000005,29.416342320000005,67.76531641725488,30
210.8056514,29.416342320000005,67.76531641725488,30
210.83762490000117,29.552529090000004,67.50896485019608,30
210.86976870000035,29.552529090000004,67.50896485019608,30
210.90169570000035,29.552529090000004,67.50896485019608,30
210.9336852000015,29.688715860000006,67.25261328313724,30
210.96571360000053,29.688715860000006,67.25261328313724,30
210.99771210000108,29.824902630000004,66.99626171607844,30
211.02963350000027,29.824902630000004,66.99626171607844,30
211.06169390000105,29.824902630000004,66.99626171607844,30
211.0938423000007,29.824902630000004,66.99626171607844,30
211.1415990000005,29.961089400000006,66.7399101490196,30
211.17368610000085,29.961089400000006,66.7399101490196,30
211.20568079999975,30.097276170000004,66.48355858196078,30
211.2376333000011,30.097276170000004,66.48355858196078,30
211.2697637000001,30.097276170000004,66.48355858196078,30
211.3017260000015,30.233462940000006,66.22720701490195,30
211.33368680000058,30.778210020000003,65.20180074666666,30
211.36570100000063,30.914396790000005,64.94544917960783,30
211.397694700001,30.914396790000005,64.94544917960783,30
211.4296527000006,31.050583560000003,64.68909761254902,30
211.46192430000156,31.050583560000003,64.68909761254902,30
211.49380200000087,31.186770330000005,64.43274604549019,30
211.5417589000008,31.186770330000005,64.43274604549019,30
211.57372159999977,31.322957100000004,64.17639447843136,30
211.60570600000028,31.322957100000004,64.17639447843136,30
211.6376775000008,31.459143870000005,63.92004291137253,30
211.66968570000063,31.459143870000005,63.92004291137253,30
211.7016293000015,31.595330640000004,63.66369134431372,30
211.73368610000034,31.595330640000004,63.66369134431372,30
211.76565350000055,31.731517410000006,63.40733977725489,30
211.79766689999997,31.731517410000006,63.40733977725489,30
211.82976820000113,31.867704180000004,63.15098821019607,30
211.8616708999998,32.003890950000006,62.89463664313723,30
211.89371500000016,32.003890950000006,62.89463664313723,30
211.9416641000007,32.14007772,62.63828507607844,30
211.97366300000067,32.27626449,62.3819335090196,30
212.00556510000024,32.27626449,62.3819335090196,30
212.03767860000153,32.27626449,62.3819335090196,30
212.06968990000132,32.27626449,62.3819335090196,30
212.10167680000086,32.412451260000005,62.12558194196078,30
212.13376900000003,32.412451260000005,62.12558194196078,30
212.16569640000125,32.412451260000005,62.12558194196078,30
212.19776980000097,32.54863803,61.86923037490196,30
212.22977040000114,32.54863803,61.86923037490196,30
212.26167580000038,32.54863803,61.86923037490196,30
212.29367100000127,32.54863803,61.86923037490196,30
212.34163170000102,33.22957188,60.587472539607845,30
212.3736499000006,32.6848248,61.61287880784314,30
212.40569380000125,32.6848248,61.61287880784314,30
212.43759620000128,32.82101157,61.35652724078431,30
212.46965869999985,32.957198340000005,61.10017567372549,30
212.50170040000012,33.09338511,60.843824106666666,30
212.53368910000063,33.22957188,60.587472539607845,30
212.56623070000023,33.365758650000004,60.331120972549016,30
212.5977210000001,33.501945420000006,60.07476940549018,30
212.62977690000116,33.63813219,59.81841783843137,30
212.66171880000002,33.77431896,59.56206627137254,30
212.69366830000035,33.77431896,59.56206627137254,30
212.74172370000088,33.910505730000004,59.305714704313715,30
212.77369490000092,34.0466925,59.04936313725489,30
212.80573730000106,34.86381312,57.511253734901956,30
212.83769080000093,34.86381312,57.511253734901956,30
212.86968200000047,34.99999989,57.25490216784315,30
212.90200300000106,35.13618666,56.99855060078431,30
212.9339018999999,35.27237343,56.74219903372549,30
212.96582149999995,35.27237343,56.74219903372549,30
212.9977869000013,35.408560200000004,56.48584746666666,30
213.02967460000036,35.54474697,56.22949589960785,30
213.061697000001,35.54474697,56.22949589960785,30
213.09372880000046,35.68093374,55.97314433254902,30
213.14169890000085,35.81712051,55.71679276549018,30
213.17364439999983,35.81712051,55.71679276549018,30
213.20564540000123,35.81712051,55.71679276549018,30
213.23767140000018,35.953307280000004,55.46044119843137,30
213.26959230000102,35.953307280000004,55.46044119843137,30
213.30171289999998,35.953307280000004,55.46044119843137,30
213.33372860000054,35.953307280000004,55.46044119843137,30
213.3656445000015,35.953307280000004,55.46044119843137,30
213.39773720000085,35.81712051,55.71679276549018,30
213.4296331000005,35.81712051,55.71679276549018,30
213.4616044000013,35.81712051,55.71679276549018,30
213.4937284000007,35.81712051,55.71679276549018,30
213.5416225000008,35.68093374,55.97314433254902,30
213.57368980000138,35.68093374,55.97314433254902,30
213.60569570000007,35.68093374,55.97314433254902,30
213.63765930000045,35.68093374,55.97314433254902,30
213.66981020000094,35.54474697,56.22949589960785,30
213.7016076,35.54474697,56.22949589960785,30
213.7336481000002,35.54474697,56.22949589960785,30
213.7657239,35.54474697,56.22949589960785,30
213.79769860000124,35.408560200000004,56.48584746666666,30
213.82976560000134,35.408560200000004,56.48584746666666,30
213.86170520000087,35.408560200000004,56.48584746666666,30
213.89365850000104,35.27237343,56.74219903372549,30
213.94160300000112,35.27237343,56.74219903372549,30
213.97367720000148,35.27237343,56.74219903372549,30
214.00565520000055,35.13618666,56.99855060078431,30
214.03772590000153,35.13618666,56.99855060078431,30
214.0696841000008,34.99999989,57.25490216784315,30
214.1017348000005,34.86381312,57.511253734901956,30
214.1336396000006,34.72762635,57.76760530196079,30
214.1657023000007,34.59143958,58.023956869019614,30
214.19770060000155,34.455252810000005,58.28030843607842,30
214.22973850000017,33.63813219,59.81841783843137,30
214.26167870000063,33.365758650000004,60.331120972549016,30
214.29360780000025,33.22957188,60.587472539607845,30
214.34172670000044,33.77431896,59.56206627137254,30
214.37366810000094,33.63813219,59.81841783843137,30
214.40584240000135,32.6848248,61.61287880784314,30
214.43780640000114,33.22957188,60.587472539607845,30
214.46970610000062,33.09338511,60.843824106666666,30
214.5018334000015,32.14007772,62.63828507607844,30
214.53374440000152,32.6848248,61.61287880784314,30
214.56569410000156,32.54863803,61.86923037490196,30
214.59772690000136,32.27626449,62.3819335090196,30
214.6296757,32.27626449,62.3819335090196,30
214.66168300000027,32.003890950000006,62.89463664313723,30
214.69369069999993,31.867704180000004,63.15098821019607,30
214.74163150000095,31.731517410000006,63.40733977725489,30
214.77385270000013,31.595330640000004,63.66369134431372,30
214.80579200000102,31.459143870000005,63.92004291137253,30
214.83766920000016,31.459143870000005,63.92004291137253,30
214.86965710000004,30.505836480000003,65.7145038807843,30
214.9016730000003,30.369649710000004,65.97085544784314,30
214.93362700000034,30.233462940000006,66.22720701490195,30
214.96560880000106,30.097276170000004,66.48355858196078,30
214.99762220000048,30.097276170000004,66.48355858196078,30
215.02965589999985,29.961089400000006,66.7399101490196,30
215.06163280000146,29.824902630000004,66.99626171607844,30
215.09363190000113,29.688715860000006,67.25261328313724,30
215.14181840000128,29.552529090000004,67.50896485019608,30
215.17368890000034,29.552529090000004,67.50896485019608,30
215.2056819999998,29.416342320000005,67.76531641725488,30
215.2376632000014,29.280155550000003,68.02166798431372,30
215.2696575000009,29.143968780000005,68.27801955137254,30
215.30168010000125,29.007782010000003,68.53437111843137,30
215.33369270000003,28.871595240000005,68.79072268549018,30
215.36573000000135,28.735408470000003,69.04707425254901,30
215.39769660000093,28.735408470000003,69.04707425254901,30
215.42964790000042,28.599221700000005,69.30342581960784,30
215.46166830000038,28.599221700000005,69.30342581960784,30
215.49381150000045,28.599221700000005,69.30342581960784,30
215.54176830000142,28.463034930000003,69.55977738666667,30
215.57368000000133,28.463034930000003,69.55977738666667,30
215.6056798999998,28.326848160000004,69.81612895372548,30
215.63779890000114,28.326848160000004,69.81612895372548,30
215.66969710000012,28.326848160000004,69.81612895372548,30
215.70170529999996,28.326848160000004,69.81612895372548,30
215.73363340000105,28.326848160000004,69.81612895372548,30
215.76572459999988,28.326848160000004,69.81612895372548,30
215.7976574000004,28.326848160000004,69.81612895372548,30
215.82960620000085,28.463034930000003,69.55977738666667,30
215.8616789000007,28.463034930000003,69.55977738666667,30
215.89385390000098,28.463034930000003,69.55977738666667,30
215.94169630000033,28.463034930000003,69.55977738666667,30
215.97362820000126,28.599221700000005,69.30342581960784,30
216.00565730000017,28.735408470000003,69.04707425254901,30
216.03767870000047,28.735408470000003,69.04707425254901,30
216.0696493000014,28.871595240000005,68.79072268549018,30
216.10168590000103,29.007782010000003,68.53437111843137,30
216.1336351000009,29.007782010000003,68.53437111843137,30
216.1656812000001,29.143968780000005,68.27801955137254,30
216.1979119000007,29.143968780000005,68.27801955137254,30
216.22974590000013,29.280155550000003,68.02166798431372,30
216.26172589999987,29.416342320000005,67.76531641725488,30
216.29376290000073,29.416342320000005,67.76531641725488,30
216.34165050000047,29.552529090000004,67.50896485019608,30
216.3736141999998,29.688715860000006,67.25261328313724,30
216.40560520000145,29.824902630000004,66.99626171607844,30
216.4376372000006,29.961089400000006,66.7399101490196,30
216.46994240000095,30.097276170000004,66.48355858196078,30
216.5016900999999,30.097276170000004,66.48355858196078,30
216.53366199999982,30.233462940000006,66.22720701490195,30
216.56562630000008,30.369649710000004,65.97085544784314,30
216.5976163000014,30.505836480000003,65.7145038807843,30
216.62972100000115,30.642023250000005,65.45815231372548,30
216.66170290000082,30.778210020000003,65.20180074666666,30
216.6936415,31.050583560000003,64.68909761254902,30
216.74164089999977,31.186770330000005,64.43274604549019,30
216.77369140000155,31.322957100000004,64.17639447843136,30
216.80563580000126,31.459143870000005,63.92004291137253,30
216.83765810000114,31.595330640000004,63.66369134431372,30
216.86960980000003,31.731517410000006,63.40733977725489,30
216.9016468000009,31.867704180000004,63.15098821019607,30
216.93379840000125,31.867704180000004,63.15098821019607,30
216.9656743000014,32.003890950000006,62.89463664313723,30
216.99788930000068,32.14007772,62.63828507607844,30
217.02963869999985,32.27626449,62.3819335090196,30
217.06167450000066,32.27626449,62.3819335090196,30
217.09373030000097,32.412451260000005,62.12558194196078,30
217.14166260000093,32.412451260000005,62.12558194196078,30
217.17375700000048,32.54863803,61.86923037490196,30
217.20559390000017,32.54863803,61.86923037490196,30
217.23769040000116,32.6848248,61.61287880784314,30
217.2697033000004,32.82101157,61.35652724078431,30
217.3020591000004,32.957198340000005,61.10017567372549,30
217.33366710000155,33.09338511,60.843824106666666,30
217.36585970000124,33.22957188,60.587472539607845,30
217.39766100000088,33.365758650000004,60.331120972549016,30
217.4296757000011,33.501945420000006,60.07476940549018,30
217.4617562000003,33.63813219,59.81841783843137,30
217.4938101000007,33.77431896,59.56206627137254,30
217.5416937000009,33.910505730000004,59.305714704313715,30
217.57367479999994,33.910505730000004,59.305714704313715,30
217.605649000001,34.0466925,59.04936313725489,30
217.63764160000028,34.0466925,59.04936313725489,30
217.66964290000033,34.18287927,58.79301157019607,30
217.70159419999982,34.31906604,58.53666000313724,30
217.73378500000035,34.31906604,58.53666000313724,30
217.7655560000003,34.455252810000005,58.28030843607842,30
217.79764780000005,34.99999989,57.25490216784315,30
217.82965780000086,35.13618666,56.99855060078431,30
217.86166650000087,35.13618666,56.99855060078431,30
217.89367029999994,35.27237343,56.74219903372549,30
217.94162920000053,35.27237343,56.74219903372549,30
217.9737495999998,35.408560200000004,56.48584746666666,30
218.00574770000094,35.408560200000004,56.48584746666666,30
218.0376733000012,35.54474697,56.22949589960785,30
218.06957460000012,35.54474697,56.22949589960785,30
218.10174320000078,35.54474697,56.22949589960785,30
218.13392999999996,35.54474697,56.22949589960785,30
218.16559720000078,35.68093374,55.97314433254902,30
218.19769650000126,35.68093374,55.97314433254902,30
218.22966150000138,35.68093374,55.97314433254902,30
218.2616775000006,35.68093374,55.97314433254902,30
218.29365380000127,35.68093374,55.97314433254902,30
218.34167020000132,35.68093374,55.97314433254902,30
218.3736497000009,35.68093374,55.97314433254902,30
218.40568480000002,35.68093374,55.97314433254902,30
218.43752610000047,35.68093374,55.97314433254902,30
218.46995179999976,35.68093374,55.97314433254902,30
218.50186920000124,35.54474697,56.22949589960785,30
218.53368039999987,36.22568082,54.947738064313725,30
218.56572229999983,36.22568082,54.947738064313725,30
218.59768260000055,36.08949405,55.20408963137255,30
218.62970080000014,36.08949405,55.20408963137255,30
218.66165050000018,35.953307280000004,55.46044119843137,30
218.69370309999977,35.953307280000004,55.46044119843137,30
218.74178460000076,35.81712051,55.71679276549018,30
218.77362970000104,35.81712051,55.71679276549018,30
218.80581020000136,35.68093374,55.97314433254902,30
218.83790490000138,35.54474697,56.22949589960785,30
218.86973620000026,35.408560200000004,56.48584746666666,30
218.9016689,35.27237343,56.74219903372549,30
218.9337376000003,35.13618666,56.99855060078431,30
218.96561290000136,34.99999989,57.25490216784315,30
218.99769590000142,34.99999989,57.25490216784315,30
219.0297268000013,34.86381312,57.511253734901956,30
219.06168770000113,34.72762635,57.76760530196079,30
219.0937560000002,34.59143958,58.023956869019614,30
219.1416831000006,34.455252810000005,58.28030843607842,30
219.1736073000011,34.31906604,58.53666000313724,30
219.20584150000104,34.18287927,58.79301157019607,30
219.23776840000028,34.0466925,59.04936313725489,30
219.2696530000012,34.0466925,59.04936313725489,30
219.3016619000009,33.910505730000004,59.305714704313715,30
219.3336971000008,33.77431896,59.56206627137254,30
219.3657011000014,33.63813219,59.81841783843137,30
219.39767610000126,33.501945420000006,60.07476940549018,30
219.42961340000147,33.501945420000006,60.07476940549018,30
219.46170770000026,33.365758650000004,60.331120972549016,30
219.49364100000093,33.22957188,60.587472539607845,30
219.54156409999996,33.09338511,60.843824106666666,30
219.57372040000155,32.957198340000005,61.10017567372549,30
219.6059251000006,32.82101157,61.35652724078431,30
219.63763840000138,32.6848248,61.61287880784314,30
219.6696729000014,32.54863803,61.86923037490196,30
219.70165430000088,32.412451260000005,62.12558194196078,30
219.73367560000042,32.27626449,62.3819335090196,30
219.7657536000006,32.14007772,62.63828507607844,30
219.7976890000009,32.003890950000006,62.89463664313723,30
219.8296747000004,31.731517410000006,63.40733977725489,30
219.86161110000103,31.595330640000004,63.66369134431372,30
219.89361850000023,31.459143870000005,63.92004291137253,30
219.94168270000046,31.322957100000004,64.17639447843136,30
219.97377039999992,31.186770330000005,64.43274604549019,30
220.00570270000026,31.050583560000003,64.68909761254902,30
220.03766670000005,30.914396790000005,64.94544917960783,30
220.06966680000005,30.778210020000003,65.20180074666666,30
220.10177880000083,30.642023250000005,65.45815231372548,30
220.13376040000003,30.505836480000003,65.7145038807843,30
220.16567990000112,30.369649710000004,65.97085544784314,30
220.19766030000028,30.097276170000004,66.48355858196078,30
220.2299082999998,29.961089400000006,66.7399101490196,30
220.26160119999986,29.824902630000004,66.99626171607844,30
220.29385680000087,29.688715860000006,67.25261328313724,30
220.3417270000009,29.552529090000004,67.50896485019608,30
220.37365080000018,29.416342320000005,67.76531641725488,30
220.405665100001,29.280155550000003,68.02166798431372,30
220.4376873000001,29.143968780000005,68.27801955137254,30
220.46981250000135,29.007782010000003,68.53437111843137,30
220.50170620000063,28.871595240000005,68.79072268549018,30
220.53363069999978,28.735408470000003,69.04707425254901,30
220.56557340000109,28.599221700000005,69.30342581960784,30
220.59765420000076,27.782101080000004,70.84153522196078,30
220.62971079999988,28.463034930000003,69.55977738666667,30
220.66178949999994,28.463034930000003,69.55977738666667,30
220.69400280000082,28.463034930000003,69.55977738666667,30
220.74159950000103,28.326848160000004,69.81612895372548,30
220.77366369999982,28.326848160000004,69.81612895372548,30
220.8056919999999,28.463034930000003,69.55977738666667,30
220.83767120000084,28.463034930000003,69.55977738666667,30
220.86964070000067,28.463034930000003,69.55977738666667,30
220.90179680000074,27.645914310000006,71.0978867890196,30
220.93356810000114,27.645914310000006,71.0978867890196,30
220.96572500000002,27.645914310000006,71.0978867890196,30
220.99774950000028,27.645914310000006,71.0978867890196,30
221.02978840000105,27.645914310000006,71.0978867890196,30
221.06168980000075,27.645914310000006,71.0978867890196,30
221.09365530000105,27.645914310000006,71.0978867890196,30
221.14169510000102,27.645914310000006,71.0978867890196,30
221.17368390000047,27.645914310000006,71.0978867890196,30
221.20563530000072,27.645914310000006,71.0978867890196,30
221.2376871000015,27.782101080000004,70.84153522196078,30
221.26964940000107,27.782101080000004,70.84153522196078,30
221.30157510000026,27.782101080000004,70.84153522196078,30
221.33375630000046,27.918287850000006,70.58518365490195,30
221.36602510000012,27.918287850000006,70.58518365490195,30
221.39771340000152,28.054474620000004,70.32883208784313,30
221.42976199999976,28.054474620000004,70.32883208784313,30
221.46166390000144,28.054474620000004,70.32883208784313,30
221.4937168000015,28.054474620000004,70.32883208784313,30
221.54167000000052,28.054474620000004,70.32883208784313,30
221.5737566000007,28.326848160000004,69.81612895372548,30
221.60577080000076,28.463034930000003,69.55977738666667,30
221.63770260000092,28.599221700000005,69.30342581960784,30
221.66962150000109,28.735408470000003,69.04707425254901,30
221.70168270000067,28.871595240000005,68.79072268549018,30
221.7336090000008,29.007782010000003,68.53437111843137,30
221.7658637000004,29.143968780000005,68.27801955137254,30
221.79777810000087,29.007782010000003,68.53437111843137,30
221.82966769999985,29.143968780000005,68.27801955137254,30
221.86169359999985,29.280155550000003,68.02166798431372,30
221.8937059,29.552529090000004,67.50896485019608,30
221.9416938000013,29.688715860000006,67.25261328313724,30
221.9736580000008,29.824902630000004,66.99626171607844,30
222.0056994000006,29.961089400000006,66.7399101490196,30
222.03772030000073,30.097276170000004,66.48355858196078,30
222.06966020000073,30.233462940000006,66.22720701490195,30
222.10161260000132,30.369649710000004,65.97085544784314,30
222.13383500000054,30.505836480000003,65.7145038807843,30
222.1658382000005,30.642023250000005,65.45815231372548,30
222.19766429999981,30.778210020000003,65.20180074666666,30
222.2296022999999,30.914396790000005,64.94544917960783,30
222.26165690000016,31.050583560000003,64.68909761254902,30
222.29364370000076,31.186770330000005,64.43274604549019,30
222.34163960000114,31.322957100000004,64.17639447843136,30
222.37364610000077,31.459143870000005,63.92004291137253,30
222.40561789999992,31.595330640000004,63.66369134431372,30
222.43762870000137,32.003890950000006,62.89463664313723,30
222.4696264000013,32.27626449,62.3819335090196,30
222.50163050000083,32.412451260000005,62.12558194196078,30
222.53371900000093,32.6848248,61.61287880784314,30
222.56562720000147,32.82101157,61.35652724078431,30
222.59764790000008,32.957198340000005,61.10017567372549,30
222.6296395999998,32.957198340000005,61.10017567372549,30
222.66160560000026,33.09338511,60.843824106666666,30
222.69364400000086,33.365758650000004,60.331120972549016,30
222.74168680000002,33.501945420000006,60.07476940549018,30
222.77362100000028,33.63813219,59.81841783843137,30
222.8056772,33.77431896,59.56206627137254,30
222.83767910000097,34.0466925,59.04936313725489,30
222.86973810000018,34.18287927,58.79301157019607,30
222.90194560000054,34.31906604,58.53666000313724,30
222.93362720000005,34.455252810000005,58.28030843607842,30
222.96558580000055,34.72762635,57.76760530196079,30
222.99766890000137,34.86381312,57.511253734901956,30
223.0296784000002,34.99999989,57.25490216784315,30
223.06170270000075,34.99999989,57.25490216784315,30
223.09368650000033,35.13618666,56.99855060078431,30
223.14170879999983,35.27237343,56.74219903372549,30
223.17360960000042,35.408560200000004,56.48584746666666,30
223.20560220000152,35.54474697,56.22949589960785,30
223.23771170000146,35.68093374,55.97314433254902,30
223.26990410000144,35.81712051,55.71679276549018,30
223.30158269999993,35.81712051,55.71679276549018,30
223.3338416000006,35.81712051,55.71679276549018,30
223.3656540000011,35.953307280000004,55.46044119843137,30
223.39759240000058,35.953307280000004,55.46044119843137,30
223.4296628000011,35.953307280000004,55.46044119843137,30
223.46167140000034,36.08949405,55.20408963137255,30
223.49377030000142,36.08949405,55.20408963137255,30
223.54167320000124,36.08949405,55.20408963137255,30
223.57374440000058,36.08949405,55.20408963137255,30
223.60567720000108,36.08949405,55.20408963137255,30
223.6377317000006,36.08949405,55.20408963137255,30
223.66965460000029,36.08949405,55.20408963137255,30
223.7016351000002,36.08949405,55.20408963137255,30
223.73376120000103,35.953307280000004,55.46044119843137,30
223.7656345000014,35.953307280000004,55.46044119843137,30
223.79763670000102,35.81712051,55.71679276549018,30
223.8295678000013,35.81712051,55.71679276549018,30
223.8616232000004,36.08949405,55.20408963137255,30
223.89370380000037,35.953307280000004,55.46044119843137,30
223.94163110000045,35.54474697,56.22949589960785,30
223.9735467999999,35.81712051,55.71679276549018,30
224.00572749999992,35.68093374,55.97314433254902,30
224.0376894000001,35.54474697,56.22949589960785,30
224.06964049999988,35.54474697,56.22949589960785,30
224.1015924000003,35.408560200000004,56.48584746666666,30
224.13363000000027,35.27237343,56.74219903372549,30
224.16570180000053,35.13618666,56.99855060078431,30
224.19772970000122,34.99999989,57.25490216784315,30
224.22969230000126,34.86381312,57.511253734901956,30
224.26164250000147,34.72762635,57.76760530196079,30
224.29359320000003,34.59143958,58.023956869019614,30
224.3416081000014,34.455252810000005,58.28030843607842,30
224.37369650000073,34.99999989,57.25490216784315,30
224.40566000000035,34.86381312,57.511253734901956,30
224.4376269000004,34.86381312,57.511253734901956,30
224.46964300000036,34.72762635,57.76760530196079,30
224.50166140000147,34.59143958,58.023956869019614,30
224.53374110000004,34.59143958,58.023956869019614,30
224.56567480000012,34.455252810000005,58.28030843607842,30
224.59760020000067,34.31906604,58.53666000313724,30
224.62955180000063,34.31906604,58.53666000313724,30
224.6616608000004,34.18287927,58.79301157019607,30
224.69361030000073,34.18287927,58.79301157019607,30
224.74191220000102,34.0466925,59.04936313725489,30
224.77380319999975,33.910505730000004,59.305714704313715,30
224.8056570000008,33.77431896,59.56206627137254,30
224.83772730000055,33.63813219,59.81841783843137,30
224.86961580000025,33.501945420000006,60.07476940549018,30
224.90159060000042,33.365758650000004,60.331120972549016,30
224.93366680000145,33.09338511,60.843824106666666,30
224.9656646000003,32.957198340000005,61.10017567372549,30
224.9976329000001,32.82101157,61.35652724078431,30
225.0295780000015,32.6848248,61.61287880784314,30
225.06169810000029,32.54863803,61.86923037490196,30
225.0938524000012,32.412451260000005,62.12558194196078,30
225.14175650000107,32.27626449,62.3819335090196,30
225.17358299999978,32.14007772,62.63828507607844,30
225.20570840000073,32.003890950000006,62.89463664313723,30
225.2375729000014,31.867704180000004,63.15098821019607,30
225.26965310000014,31.731517410000006,63.40733977725489,30
225.30161940000107,31.595330640000004,63.66369134431372,30
225.3336063000006,31.459143870000005,63.92004291137253,30
225.36565500000142,31.322957100000004,64.17639447843136,30
225.39761220000037,31.186770330000005,64.43274604549019,30
225.42958050000016,31.186770330000005,64.43274604549019,30
225.4616917000003,31.050583560000003,64.68909761254902,30
225.4937886000007,30.914396790000005,64.94544917960783,30
225.54157170000144,30.914396790000005,64.94544917960783,30
225.57360810000137,31.050583560000003,64.68909761254902,30
225.60564110000087,30.778210020000003,65.20180074666666,30
225.6375547000007,30.642023250000005,65.45815231372548,30
225.6695393000009,30.778210020000003,65.20180074666666,30
225.70166400000016,30.642023250000005,65.45815231372548,30
225.73360070000126,30.505836480000003,65.7145038807843,30
225.76561430000038,30.369649710000004,65.97085544784314,30
225.79763690000073,30.369649710000004,65.97085544784314,30
225.8297171000013,30.233462940000006,66.22720701490195,30
225.86175980000007,30.097276170000004,66.48355858196078,30
225.89374750000025,29.961089400000006,66.7399101490196,30
225.94166779999978,29.961089400000006,66.7399101490196,30
225.97361920000003,29.824902630000004,66.99626171607844,30
226.00557800000024,29.824902630000004,66.99626171607844,30
226.0376524000003,29.824902630000004,66.99626171607844,30
226.0696495000011,29.688715860000006,67.25261328313724,30
226.10172030000103,29.688715860000006,67.25261328313724,30
226.13366719999976,29.552529090000004,67.50896485019608,30
226.16557939999984,29.416342320000005,67.76531641725488,30
226.19778250000127,29.416342320000005,67.76531641725488,30
226.22986440000022,29.280155550000003,68.02166798431372,30
226.26165220000075,29.280155550000003,68.02166798431372,30
226.29379810000137,29.280155550000003,68.02166798431372,30
226.34160450000127,29.280155550000003,68.02166798431372,30
226.37371080000048,29.280155550000003,68.02166798431372,30
226.40562900000077,29.280155550000003,68.02166798431372,30
226.43766479999977,29.280155550000003,68.02166798431372,30
226.4696141000004,29.416342320000005,67.76531641725488,30
226.5016454000015,29.416342320000005,67.76531641725488,30
226.5335888999998,29.416342320000005,67.76531641725488,30
226.56574340000043,29.416342320000005,67.76531641725488,30
226.5977855000001,29.552529090000004,67.50896485019608,30
226.62968440000077,29.552529090000004,67.50896485019608,30
226.66168020000077,29.552529090000004,67.50896485019608,30
226.69376850000117,29.552529090000004,67.50896485019608,30
226.74161319999985,29.552529090000004,67.50896485019608,30
226.77366860000075,29.552529090000004,67.50896485019608,30
226.80568190000122,29.552529090000004,67.50896485019608,30
226.83758060000036,29.552529090000004,67.50896485019608,30
226.86964010000156,29.552529090000004,67.50896485019608,30
226.90159940000012,29.552529090000004,67.50896485019608,30
226.93369100000018,29.552529090000004,67.50896485019608,30
226.96560090000094,29.552529090000004,67.50896485019608,30
226.99757710000085,29.552529090000004,67.50896485019608,30
227.02963190000082,29.552529090000004,67.50896485019608,30
227.0615968000002,28.735408470000003,69.04707425254901,30
227.09358330000032,28.735408470000003,69.04707425254901,30
227.14163240000016,28.871595240000005,68.79072268549018,30
227.1735993000002,28.871595240000005,68.79072268549018,30
227.2055646000008,28.871595240000005,68.79072268549018,30
227.23755210000127,29.007782010000003,68.53437111843137,30
227.26958770000056,29.007782010000003,68.53437111843137,30
227.30162820000078,29.007782010000003,68.53437111843137,30
227.3337483000014,29.143968780000005,68.27801955137254,30
227.3655090000011,29.143968780000005,68.27801955137254,30
227.3977149000002,29.280155550000003,68.02166798431372,30
227.42962810000063,29.280155550000003,68.02166798431372,30
227.4616416000008,29.416342320000005,67.76531641725488,30
227.4936619,29.416342320000005,67.76531641725488,30
227.5416447000007,29.552529090000004,67.50896485019608,30
227.57356880000043,29.688715860000006,67.25261328313724,30
227.60562170000048,29.688715860000006,67.25261328313724,30
227.63773290000063,29.824902630000004,66.99626171607844,30
227.66995339999994,29.961089400000006,66.7399101490196,30
227.70173450000038,30.097276170000004,66.48355858196078,30
227.73360990000037,30.233462940000006,66.22720701490195,30
227.76565070000106,30.369649710000004,65.97085544784314,30
227.79764520000026,30.505836480000003,65.7145038807843,30
227.82963449999988,30.642023250000005,65.45815231372548,30
227.86175250000088,30.778210020000003,65.20180074666666,30
227.8936518999999,31.050583560000003,64.68909761254902,30
227.94174230000135,31.186770330000005,64.43274604549019,30
227.97376430000077,31.186770330000005,64.43274604549019,30
228.00565490000008,31.459143870000005,63.92004291137253,30
228.03787150000062,31.459143870000005,63.92004291137253,30
228.0698622,31.595330640000004,63.66369134431372,30
228.10161640000115,31.731517410000006,63.40733977725489,30
228.13365930000145,31.867704180000004,63.15098821019607,30
228.1655722000014,32.003890950000006,62.89463664313723,30
228.19766850000087,32.14007772,62.63828507607844,30
228.22966670000096,32.27626449,62.3819335090196,30
228.2616625999999,32.27626449,62.3819335090196,30
228.2936795000005,32.412451260000005,62.12558194196078,30
228.34162199999992,32.54863803,61.86923037490196,30
228.3737498999999,32.6848248,61.61287880784314,30
228.4057284999999,32.6848248,61.61287880784314,30
228.4376693000013,32.82101157,61.35652724078431,30
228.46967850000146,32.957198340000005,61.10017567372549,30
228.50165440000092,33.09338511,60.843824106666666,30
228.53360560000147,33.365758650000004,60.331120972549016,30
228.56562850000046,33.501945420000006,60.07476940549018,30
228.59773180000047,33.63813219,59.81841783843137,30
228.62959000000046,33.77431896,59.56206627137254,30
228.66161920000013,33.910505730000004,59.305714704313715,30
228.69368530000065,34.18287927,58.79301157019607,30
228.74160720000145,34.31906604,58.53666000313724,30
228.77365360000113,34.455252810000005,58.28030843607842,30
228.80583699999988,34.59143958,58.023956869019614,30
228.83763739999995,34.86381312,57.511253734901956,30
228.8696095000014,34.86381312,57.511253734901956,30
228.9016184000011,34.99999989,57.25490216784315,30
228.93362359999992,35.13618666,56.99855060078431,30
228.9656659000011,35.27237343,56.74219903372549,30
228.99760790000073,35.27237343,56.74219903372549,30
229.02968510000028,35.408560200000004,56.48584746666666,30
229.06161750000138,35.408560200000004,56.48584746666666,30
229.09367680000105,35.54474697,56.22949589960785,30
229.14169930000025,35.54474697,56.22949589960785,30
229.17383420000078,35.68093374,55.97314433254902,30
229.20566540000073,35.68093374,55.97314433254902,30
229.2376347999998,35.68093374,55.97314433254902,30
229.2696590000014,35.81712051,55.71679276549018,30
229.30168410000078,35.81712051,55.71679276549018,30
229.33368660000087,35.81712051,55.71679276549018,30
229.3656660000015,35.953307280000004,55.46044119843137,30
229.39769140000135,35.953307280000004,55.46044119843137,30
229.42967790000148,35.953307280000004,55.46044119843137,30
229.4616661,35.81712051,55.71679276549018,30
229.4937998000005,35.81712051,55.71679276549018,30
229.54179190000104,35.81712051,55.71679276549018,30
229.57360979999976,35.68093374,55.97314433254902,30
229.60557150000022,35.68093374,55.97314433254902,30
229.63762620000125,35.54474697,56.22949589960785,30
229.66965600000003,35.408560200000004,56.48584746666666,30
229.7016805000003,35.408560200000004,56.48584746666666,30
229.73367670000152,35.27237343,56.74219903372549,30
229.76563370000076,35.27237343,56.74219903372549,30
229.79756840000118,35.27237343,56.74219903372549,30
229.82964549999997,35.13618666,56.99855060078431,30
229.8615929000007,35.13618666,56.99855060078431,30
229.89381649999996,34.99999989,57.25490216784315,30
229.94162020000113,34.99999989,57.25490216784315,30
229.97363070000029,34.99999989,57.25490216784315,30
230.00563220000004,34.86381312,57.511253734901956,30
230.0376397,34.86381312,57.511253734901956,30
230.06966590000047,34.72762635,57.76760530196079,30
230.10159040000144,34.59143958,58.023956869019614,30
230.13364850000107,34.59143958,58.023956869019614,30
230.16557269999976,34.455252810000005,58.28030843607842,30
230.1976134000015,34.31906604,58.53666000313724,30
230.2295434000007,34.31906604,58.53666000313724,30
230.26198149999982,34.18287927,58.79301157019607,30
230.29394590000084,34.0466925,59.04936313725489,30
230.34158209999987,33.910505730000004,59.305714704313715,30
230.37368520000018,33.77431896,59.56206627137254,30
230.40563490000022,33.63813219,59.81841783843137,30
230.43759940000018,33.501945420000006,60.07476940549018,30
230.46966870000142,33.365758650000004,60.331120972549016,30
230.50166080000054,33.22957188,60.587472539607845,30
230.53364470000088,33.63813219,59.81841783843137,30
230.56566960000055,33.501945420000006,60.07476940549018,30
230.5977029000005,33.365758650000004,60.331120972549016,30
230.62997780000114,33.22957188,60.587472539607845,30
230.66187929999978,33.09338511,60.843824106666666,30
230.69362120000005,32.957198340000005,61.10017567372549,30
230.7416376000001,32.82101157,61.35652724078431,30
230.77362510000057,32.6848248,61.61287880784314,30
230.8056043000015,32.54863803,61.86923037490196,30
230.83760040000016,32.412451260000005,62.12558194196078,30
230.86958270000105,32.27626449,62.3819335090196,30
230.9018012000015,32.27626449,62.3819335090196,30
230.93368940000073,32.14007772,62.63828507607844,30
230.96555609999996,32.003890950000006,62.89463664313723,30
230.9977869000013,31.867704180000004,63.15098821019607,30
231.0298545000005,31.731517410000006,63.40733977725489,30
231.06167470000037,31.595330640000004,63.66369134431372,30
231.09371120000105,31.322957100000004,64.17639447843136,30
231.14173130000017,31.186770330000005,64.43274604549019,30
231.17393860000084,31.050583560000003,64.68909761254902,30
231.20571089999976,30.914396790000005,64.94544917960783,30
231.2376347999998,30.914396790000005,64.94544917960783,30
231.26964390000103,30.778210020000003,65.20180074666666,30
231.30160350000006,30.642023250000005,65.45815231372548,30
231.3336732000007,30.505836480000003,65.7145038807843,30
231.3656968000014,30.369649710000004,65.97085544784314,30
231.39766320000126,30.233462940000006,66.22720701490195,30
231.42959690000134,30.097276170000004,66.48355858196078,30
231.46161720000055,30.097276170000004,66.48355858196078,30
231.49423399999978,29.961089400000006,66.7399101490196,30
231.54164280000077,29.824902630000004,66.99626171607844,30
231.5736252000006,29.688715860000006,67.25261328313724,30
231.60564760000125,29.688715860000006,67.25261328313724,30
231.63758820000112,30.369649710000004,65.97085544784314,30
231.66966910000156,30.233462940000006,66.22720701490195,30
231.70162010000058,30.233462940000006,66.22720701490195,30
231.7341634000004,30.233462940000006,66.22720701490195,30
231.7656332000006,30.097276170000004,66.48355858196078,30
231.79766240000026,30.097276170000004,66.48355858196078,30
231.82961799999975,30.097276170000004,66.48355858196078,30
231.8615633999998,29.961089400000006,66.7399101490196,30
231.89372920000096,29.824902630000004,66.99626171607844,30
231.94162330000108,29.824902630000004,66.99626171607844,30
231.9736449000011,29.824902630000004,66.99626171607844,30
232.00567610000144,29.824902630000004,66.99626171607844,30
232.0376468000013,29.824902630000004,66.99626171607844,30
232.06961349999983,29.824902630000004,66.99626171607844,30
232.10185470000033,29.824902630000004,66.99626171607844,30
232.13399329999993,29.824902630000004,66.99626171607844,30
232.16563260000112,29.961089400000006,66.7399101490196,30
232.1976738000012,29.961089400000006,66.7399101490196,30
232.22967250000147,29.961089400000006,66.7399101490196,30
232.2616906000003,30.097276170000004,66.48355858196078,30
232.29362660000152,30.097276170000004,66.48355858196078,30
232.3417070000014,30.097276170000004,66.48355858196078,30
232.37363610000102,30.097276170000004,66.48355858196078,30
232.40561900000102,30.233462940000006,66.22720701490195,30
232.4376415000006,30.233462940000006,66.22720701490195,30
232.4698328000013,30.369649710000004,65.97085544784314,30
232.5018357000008,30.369649710000004,65.97085544784314,30
232.5335726000012,30.369649710000004,65.97085544784314,30
232.56567110000105,30.505836480000003,65.7145038807843,30
232.5976556000005,30.505836480000003,65.7145038807843,30
232.62957390000156,30.642023250000005,65.45815231372548,30
232.66161400000055,30.642023250000005,65.45815231372548,30
232.6935553000003,30.778210020000003,65.20180074666666,30
232.74162690000048,30.778210020000003,65.20180074666666,30
232.77382829999988,30.914396790000005,64.94544917960783,30
232.80607630000122,30.914396790000005,64.94544917960783,30
232.8377730000011,31.050583560000003,64.68909761254902,30
232.86964420000004,30.914396790000005,64.94544917960783,30
232.90165490000072,31.186770330000005,64.43274604549019,30
232.9335719999999,31.186770330000005,64.43274604549019,30
232.96560240000144,30.914396790000005,64.94544917960783,30
232.99765990000014,31.050583560000003,64.68909761254902,30
233.02961230000074,31.050583560000003,64.68909761254902,30
233.061589500001,31.050583560000003,64.68909761254902,30
233.093701400001,31.459143870000005,63.92004291137253,30
233.14163740000004,31.459143870000005,63.92004291137253,30
233.1736034000005,31.459143870000005,63.92004291137253,30
233.2057138,31.595330640000004,63.66369134431372,30
233.23779250000007,31.595330640000004,63.66369134431372,30
233.26967140000124,31.322957100000004,64.17639447843136,30
233.3016357000015,31.731517410000006,63.40733977725489,30
233.33374700000059,31.731517410000006,63.40733977725489,30
233.36564050000015,31.867704180000004,63.15098821019607,30
233.39761720000024,32.003890950000006,62.89463664313723,30
233.4296047000007,31.867704180000004,63.15098821019607,30
233.4615973,31.867704180000004,63.15098821019607,30
233.49367130000064,32.003890950000006,62.89463664313723,30
233.54151710000042,32.14007772,62.63828507607844,30
233.57420230000025,32.14007772,62.63828507607844,30
233.60581940000156,32.14007772,62.63828507607844,30
233.63749439999992,32.27626449,62.3819335090196,30
233.6696677,32.27626449,62.3819335090196,30
233.70167709999987,32.27626449,62.3819335090196,30
233.73368090000076,32.412451260000005,62.12558194196078,30
233.76572380000107,32.412451260000005,62.12558194196078,30
233.79770670000107,32.412451260000005,62.12558194196078,30
233.82964710000124,32.412451260000005,62.12558194196078,30
233.86155300000064,32.412451260000005,62.12558194196078,30
233.8936248000009,32.412451260000005,62.12558194196078,30
233.94185670000115,32.412451260000005,62.12558194196078,30
233.97379929999988,32.54863803,61.86923037490196,30
234.0056437000003,32.54863803,61.86923037490196,30
234.03767010000047,32.54863803,61.86923037490196,30
234.0696164000001,32.54863803,61.86923037490196,30
234.10163840000132,32.54863803,61.86923037490196,30
234.13364470000124,32.6848248,61.61287880784314,30
234.16567810000015,32.6848248,61.61287880784314,30
234.19771990000118,32.6848248,61.61287880784314,30
234.2295950000007,32.6848248,61.61287880784314,30
234.26157480000074,32.6848248,61.61287880784314,30
234.29365529999995,32.6848248,61.61287880784314,30
234.34187139999995,32.6848248,61.61287880784314,30
234.37362740000026,32.82101157,61.35652724078431,30
234.4056064000015,32.82101157,61.35652724078431,30
234.43772960000024,32.957198340000005,61.10017567372549,30
234.4695956000014,32.957198340000005,61.10017567372549,30
234.50163890000113,32.957198340000005,61.10017567372549,30
234.53358720000142,32.957198340000005,61.10017567372549,30
234.5656209000008,32.957198340000005,61.10017567372549,30
234.5975778000011,33.09338511,60.843824106666666,30
234.62964590000047,33.09338511,60.843824106666666,30
234.66154930000084,33.09338511,60.843824106666666,30
234.69366350000018,33.22957188,60.587472539607845,30
234.74156700000094,33.22957188,60.587472539607845,30
234.77368230000138,33.22957188,60.587472539607845,30
234.80558900000142,33.365758650000004,60.331120972549016,30
234.83756510000057,33.365758650000004,60.331120972549016,30
234.86965610000152,33.365758650000004,60.331120972549016,30
234.90154020000045,33.501945420000006,60.07476940549018,30
234.93359920000148,33.501945420000006,60.07476940549018,30
234.96563210000022,33.501945420000006,60.07476940549018,30
234.99757900000077,33.501945420000006,60.07476940549018,30
235.0296298000012,33.501945420000006,60.07476940549018,30
235.06196900000032,33.501945420000006,60.07476940549018,30
235.09373810000034,33.63813219,59.81841783843137,30
235.14161920000151,33.63813219,59.81841783843137,30
235.17360400000143,33.63813219,59.81841783843137,30
235.20559610000055,33.63813219,59.81841783843137,30
235.23761580000064,33.77431896,59.56206627137254,30
235.26961050000136,33.77431896,59.56206627137254,30
235.30161220000082,33.77431896,59.56206627137254,30
235.33362280000074,33.09338511,60.843824106666666,30
235.36571189999995,33.09338511,60.843824106666666,30
235.39773030000106,33.09338511,60.843824106666666,30
235.42973280000115,33.09338511,60.843824106666666,30
235.46160910000071,33.22957188,60.587472539607845,30
235.49361080000017,33.22957188,60.587472539607845,30
235.54159560000153,33.22957188,60.587472539607845,30
235.57364469999993,33.22957188,60.587472539607845,30
235.60557719999997,33.22957188,60.587472539607845,30
235.63762510000015,33.22957188,60.587472539607845,30
235.66963410000062,33.22957188,60.587472539607845,30
235.70162020000134,33.22957188,60.587472539607845,30
235.73356180000155,33.22957188,60.587472539607845,30
235.7656592000003,33.22957188,60.587472539607845,30
235.79813880000074,33.22957188,60.587472539607845,30
235.8298530000011,33.22957188,60.587472539607845,30
235.86183789999995,33.09338511,60.843824106666666,30
235.89377830000012,33.09338511,60.843824106666666,30
235.94170750000012,33.09338511,60.843824106666666,30
235.97365979999995,33.09338511,60.843824106666666,30
236.00564339999983,33.09338511,60.843824106666666,30
236.03760280000097,33.09338511,60.843824106666666,30
236.06961670000055,33.09338511,60.843824106666666,30
236.10157900000013,33.09338511,60.843824106666666,30
236.13368380000065,33.09338511,60.843824106666666,30
236.16568590000134,33.09338511,60.843824106666666,30
236.19767400000092,33.09338511,60.843824106666666,30
236.22958310000104,33.09338511,60.843824106666666,30
236.26166550000016,33.09338511,60.843824106666666,30
236.29358910000155,32.957198340000005,61.10017567372549,30
236.34164690000034,32.957198340000005,61.10017567372549,30
236.37358510000013,32.957198340000005,61.10017567372549,30
236.40565620000052,32.957198340000005,61.10017567372549,30
236.43757220000043,32.957198340000005,61.10017567372549,30
236.4698231000002,32.957198340000005,61.10017567372549,30
236.50161640000078,32.82101157,61.35652724078431,30
236.5338722000015,32.82101157,61.35652724078431,30
236.5657798000011,32.6848248,61.61287880784314,30
236.59756150000067,32.6848248,61.61287880784314,30
236.62962830000106,32.54863803,61.86923037490196,30
236.66164740000022,32.412451260000005,62.12558194196078,30
236.69359630000145,32.412451260000005,62.12558194196078,30
236.74163709999993,32.412451260000005,62.12558194196078,30
236.7735255000007,32.27626449,62.3819335090196,30
236.80557970000154,32.27626449,62.3819335090196,30
236.83871870000075,32.14007772,62.63828507607844,30
236.86992930000088,32.14007772,62.63828507607844,30
236.90175100000124,32.003890950000006,62.89463664313723,30
236.9337040999999,32.003890950000006,62.89463664313723,30
236.96562340000128,31.867704180000004,63.15098821019607,30
236.99761770000077,31.867704180000004,63.15098821019607,30
237.02967720000015,31.867704180000004,63.15098821019607,30
237.06162250000125,31.867704180000004,63.15098821019607,30
237.09364150000147,31.731517410000006,63.40733977725489,30
237.14160270000139,31.731517410000006,63.40733977725489,30
237.17365620000055,31.731517410000006,63.40733977725489,30
237.20565050000005,31.731517410000006,63.40733977725489,30
237.23757860000114,31.731517410000006,63.40733977725489,30
237.26977799999986,31.731517410000006,63.40733977725489,30
237.3018088000008,31.731517410000006,63.40733977725489,30
237.33358709999993,31.595330640000004,63.66369134431372,30
237.36573289999978,31.595330640000004,63.66369134431372,30
237.39760790000037,31.595330640000004,63.66369134431372,30
237.42965450000156,31.595330640000004,63.66369134431372,30
237.46159720000105,31.459143870000005,63.92004291137253,30
237.49365020000005,31.459143870000005,63.92004291137253,30
237.54164970000056,31.459143870000005,63.92004291137253,30
237.5735998,31.322957100000004,64.17639447843136,30
237.60554270000102,31.322957100000004,64.17639447843136,30
237.63774740000008,31.322957100000004,64.17639447843136,30
237.66976690000047,31.322957100000004,64.17639447843136,30
237.70162080000046,31.322957100000004,64.17639447843136,30
237.7335434000015,31.322957100000004,64.17639447843136,30
237.7656619999998,31.322957100000004,64.17639447843136,30
237.79763060000005,31.322957100000004,64.17639447843136,30
237.82949499999995,31.322957100000004,64.17639447843136,30
237.86164700000154,31.186770330000005,64.43274604549019,30
237.89363840000078,31.186770330000005,64.43274604549019,30
237.94169430000147,31.186770330000005,64.43274604549019,30
237.97378480000043,31.186770330000005,64.43274604549019,30
238.005817700001,31.322957100000004,64.17639447843136,30
238.03799760000038,31.322957100000004,64.17639447843136,30
238.06966600000123,31.322957100000004,64.17639447843136,30
238.10163550000107,31.322957100000004,64.17639447843136,30
238.13367130000006,31.322957100000004,64.17639447843136,30
238.16569359999994,31.459143870000005,63.92004291137253,30
238.1976365999999,31.459143870000005,63.92004291137253,30
238.2295952000004,31.459143870000005,63.92004291137253,30
238.26161800000045,31.595330640000004,63.66369134431372,30
238.29366550000123,31.595330640000004,63.66369134431372,30
238.3418674000004,31.731517410000006,63.40733977725489,30
238.37382700000126,31.867704180000004,63.15098821019607,30
238.40574920000108,31.867704180000004,63.15098821019607,30
238.43764610000107,32.003890950000006,62.89463664313723,30
238.46966299999985,32.14007772,62.63828507607844,30
238.50163919999977,32.27626449,62.3819335090196,30
238.53361120000045,32.412451260000005,62.12558194196078,30
238.56565520000004,32.412451260000005,62.12558194196078,30
238.59765870000047,32.54863803,61.86923037490196,30
238.62962220000009,32.54863803,61.86923037490196,30
238.66162989999975,32.6848248,61.61287880784314,30
238.69357090000085,32.82101157,61.35652724078431,30
238.74164850000125,32.957198340000005,61.10017567372549,30
238.77358050000112,32.957198340000005,61.10017567372549,30
238.80559920000087,33.09338511,60.843824106666666,30
238.8375999,33.09338511,60.843824106666666,30
238.86959620000016,33.22957188,60.587472539607845,30
238.90168220000123,33.365758650000004,60.331120972549016,30
238.93361130000085,33.365758650000004,60.331120972549016,30
238.96553330000097,33.365758650000004,60.331120972549016,30
238.99762460000056,33.501945420000006,60.07476940549018,30
239.02956460000132,33.501945420000006,60.07476940549018,30
239.06163780000134,33.501945420000006,60.07476940549018,30
239.0935515000001,33.501945420000006,60.07476940549018,30
239.14165680000042,33.63813219,59.81841783843137,30
239.1736015000006,33.63813219,59.81841783843137,30
239.2056313000012,33.77431896,59.56206627137254,30
239.23757340000157,33.77431896,59.56206627137254,30
239.26960020000115,33.77431896,59.56206627137254,30
239.3016189000009,33.77431896,59.56206627137254,30
239.33360690000154,33.77431896,59.56206627137254,30
239.36558510000032,33.77431896,59.56206627137254,30
239.3975105999998,33.910505730000004,59.305714704313715,30
239.42951080000057,33.910505730000004,59.305714704313715,30
239.46161279999978,33.910505730000004,59.305714704313715,30
239.49379399999998,34.0466925,59.04936313725489,30
239.54173550000087,34.0466925,59.04936313725489,30
239.57355550000102,34.0466925,59.04936313725489,30
239.60560980000082,34.0466925,59.04936313725489,30
239.6376135999999,34.0466925,59.04936313725489,30
239.6695983999998,34.0466925,59.04936313725489,30
239.70170790000157,34.0466925,59.04936313725489,30
239.73363340000105,34.0466925,59.04936313725489,30
239.76562259999992,33.910505730000004,59.305714704313715,30
239.79758660000152,33.910505730000004,59.305714704313715,30
239.82958640000106,33.910505730000004,59.305714704313715,30
239.86179869999978,33.77431896,59.56206627137254,30
239.89376790000097,33.77431896,59.56206627137254,30
239.94162340000003,33.77431896,59.56206627137254,30
239.97363380000024,33.63813219,59.81841783843137,30
240.00563300000067,33.501945420000006,60.07476940549018,30
240.03755000000092,33.501945420000006,97.72182822901961,50
240.0697172,33.910505730000004,96.95277352784314,50
240.1016494000014,33.77431896,97.20912509490195,50
240.13367870000002,33.77431896,97.20912509490195,50
240.16566870000133,33.77431896,97.20912509490195,50
240.19753400000081,33.77431896,97.20912509490195,50
240.22970540000097,33.63813219,97.46547666196078,50
240.2615779000007,33.63813219,97.46547666196078,50
240.29364690000148,33.63813219,97.46547666196078,50
240.34160370000063,33.63813219,97.46547666196078,50
240.37357610000072,33.63813219,97.46547666196078,50
240.4056128000011,33.77431896,97.20912509490195,50
240.43761240000094,33.910505730000004,96.95277352784314,50
240.46955700000035,34.0466925,96.6964219607843,50
240.50154920000023,34.18287927,96.44007039372549,50
240.53362030000062,34.31906604,96.18371882666665,50
240.56550880000032,34.59143958,95.67101569254902,50
240.59767749999992,34.72762635,95.4146641254902,50
240.6297895000007,34.99999989,94.90196099137255,50
240.66163159999996,35.27237343,94.38925785725489,50
240.69362470000124,35.54474697,93.87655472313726,50
240.7416041000015,35.81712051,93.3638515890196,50
240.77355840000018,36.22568082,92.59479688784313,50
240.80565519999982,36.498054360000005,92.08209375372547,50
240.83767740000076,36.90661467,91.313039052549,50
240.86961450000126,37.31517498,90.54398435137256,50
240.90159050000148,37.72373529,89.77492965019607,50
240.93359620000047,38.1322956,89.00587494901961,50
240.96566100000018,38.540855910000005,88.23682024784313,50
240.9979484000014,39.08560299,87.21141397960784,50
241.0295986000001,39.494163300000004,86.44235927843135,50
241.06159930000103,40.038910380000004,85.41695301019607,50
241.09365930000058,40.583657460000005,84.39154674196078,50
241.14167630000156,41.128404540000005,83.36614047372548,50
241.17361960000017,41.67315162,82.3407342054902,50
241.20559830000093,42.35408547,81.05897637019608,50
241.23767840000073,42.89883255,80.03357010196078,50
241.26960710000094,43.44357963,79.00816383372549,50
241.30151970000043,44.124513480000005,77.72640599843136,50
241.3338216000011,44.669260560000005,76.70099973019606,50
241.3656458000005,45.35019441,75.41924189490197,50
241.39761200000066,45.89494149,74.39383562666666,50
241.42957430000024,46.43968857,73.36842935843137,50
241.46158580000156,47.120622420000004,72.08667152313724,50
241.49366259999988,47.665369500000004,71.06126525490197,50
241.54167130000133,48.210116580000005,70.03585898666665,50
241.57362009999997,48.89105043,68.75410115137255,50
241.60561450000023,49.43579751,67.72869488313725,50
241.6375904000015,49.98054459,66.70328861490196,50
241.66971090000152,50.66147844,65.42153077960783,50
241.70207290000144,51.342412290000006,64.1397729443137,50
241.7337367,52.02334614,62.858015109019604,50
241.7655786000014,52.56809322,61.83260884078432,50
241.79760549999992,53.1128403,60.807202572549016,50
241.82963110000128,53.793774150000004,59.525444737254894,50
241.86160820000077,54.338521230000005,58.5000384690196,50
241.89363589999994,54.74708154,57.73098376784313,50
241.94159430000036,55.291828620000004,56.70557749960784,50
241.97374570000102,55.836575700000004,55.68017123137254,50
242.00552920000155,56.24513601,54.91111653019607,50
242.03751929999999,56.65369632,54.1420618290196,50
242.06975130000137,57.06225663,53.37300712784313,50
242.10185009999987,57.470816940000006,52.60395242666666,50
242.13363270000082,57.74319048,52.09124929254902,50
242.1657482999999,58.15175079,51.32219459137255,50
242.19752710000103,58.424124330000005,50.80949145725489,50
242.22965180000028,58.69649787,50.29678832313726,50
242.26154060000044,58.968871410000006,49.7840851890196,50
242.29373459999988,59.10505818,49.52773362196078,50
242.34167100000013,59.377431720000004,49.01503048784313,50
242.37363200000073,59.513618490000006,48.7586789207843,50
242.4056672000006,59.513618490000006,48.7586789207843,50
242.43770890000087,59.64980526,48.50232735372549,50
242.46974020000016,59.64980526,48.50232735372549,50
242.50165160000142,59.78599203,48.24597578666666,50
242.5336423000008,59.78599203,48.24597578666666,50
242.56559520000155,59.78599203,48.24597578666666,50
242.59764050000013,59.78599203,48.24597578666666,50
242.62963950000085,59.78599203,48.24597578666666,50
242.66165940000064,59.64980526,48.50232735372549,50
242.69359020000047,59.513618490000006,48.7586789207843,50
242.7415957000012,59.513618490000006,48.7586789207843,50
242.77366410000104,59.377431720000004,49.01503048784313,50
242.80571650000093,59.24124495,49.27138205490195,50
242.83815529999993,59.10505818,49.52773362196078,50
242.86964830000034,58.968871410000006,49.7840851890196,50
242.9015517000007,58.69649787,50.29678832313726,50
242.9335898999998,58.56031110000001,50.553139890196064,50
242.9657012000007,58.424124330000005,50.80949145725489,50
242.9976454000007,58.28793756,51.065843024313715,50
243.0298373000005,58.15175079,51.32219459137255,50
243.0616383000015,58.01556402000001,51.57854615843136,50
243.09358910000083,57.879377250000005,51.834897725490194,50
243.1423751000002,57.60700371,52.347600859607844,50
243.17385990000002,57.470816940000006,52.60395242666666,50
243.2056819999998,57.334630170000004,52.86030399372548,50
243.23764950000077,57.06225663,53.37300712784313,50
243.26966840000023,56.789883090000004,53.885710261960774,50
243.30166770000142,56.65369632,54.1420618290196,50
243.33358399999997,56.381322780000005,54.65476496313725,50
243.36556400000154,56.24513601,54.91111653019607,50
243.39759440000125,55.972762470000006,55.42381966431371,50
243.4297628000004,55.836575700000004,55.68017123137254,50
243.46167270000115,55.56420216,56.1928743654902,50
243.49379060000138,55.291828620000004,56.70557749960784,50
243.54168089999985,55.01945508,57.21828063372549,50
243.57360789999984,54.74708154,57.73098376784313,50
243.605732,54.61089477,57.98733533490196,50
243.6376479999999,54.338521230000005,58.5000384690196,50
243.6696705000013,54.06614769,59.01274160313725,50
243.70162770000024,53.929960920000006,59.269093170196065,50
243.7336825000002,53.65758738,59.781796304313715,50
243.76565649999975,53.52140061,60.03814787137255,50
243.7975985000012,53.249027070000004,60.550851005490195,50
243.82965479999984,53.1128403,60.807202572549016,50
243.86169560000053,52.840466760000005,61.31990570666667,50
243.89357680000103,52.70427999,61.57625727372549,50
243.94177240000135,52.43190645,62.08896040784314,50
243.97345750000022,52.295719680000005,62.34531197490195,50
244.00562030000037,52.15953291,62.601663541960775,50
244.03772860000026,51.887159370000006,63.11436667607842,50
244.06971760000124,51.61478583,63.62706981019607,50
244.10160890000043,51.47859906,63.8834213772549,50
244.13359780000064,51.206225520000004,64.39612451137255,50
244.16558450000048,50.93385198,64.90882764549019,50
244.19760920000044,50.797665210000005,65.165179212549,50
244.22961250000117,50.66147844,65.42153077960783,50
244.26163570000062,50.52529167,65.67788234666668,50
244.29389009999977,50.252918130000005,66.1905854807843,50
244.3416728000011,50.11673136,66.44693704784314,50
244.37370460000056,49.98054459,66.70328861490196,50
244.40563699999984,49.84435782,66.9596401819608,50
244.43756930000018,49.708171050000004,67.2159917490196,50
244.47030480000103,49.57198428,67.47234331607842,50
244.50162120000095,49.43579751,67.72869488313725,50
244.5336079000008,49.163423970000004,68.2413980172549,50
244.56562630000008,49.0272372,68.49774958431371,50
244.59762180000143,48.89105043,68.75410115137255,50
244.62965179999992,48.754863660000005,69.01045271843135,50
244.66171329999997,48.61867689,69.2668042854902,50
244.6936353000001,48.48249012,69.52315585254901,50
244.74160720000145,48.34630335,69.77950741960784,50
244.77353260000018,48.34630335,69.77950741960784,50
244.80558810000002,48.210116580000005,70.03585898666665,50
244.83756800000083,48.210116580000005,70.03585898666665,50
244.869654600001,48.07392981,70.29221055372548,50
244.90162020000025,48.07392981,70.29221055372548,50
244.9336385000006,47.93774304,70.54856212078433,50
244.96558960000038,47.93774304,70.54856212078433,50
244.9975026000011,47.93774304,70.54856212078433,50
245.02959720000035,47.80155627,70.80491368784314,50
245.0616428000012,47.80155627,70.80491368784314,50
245.09354150000036,47.80155627,70.80491368784314,50
245.14158880000105,47.80155627,70.80491368784314,50
245.1735607999999,47.80155627,70.80491368784314,50
245.2056330000014,47.665369500000004,71.06126525490197,50
245.23753450000004,47.665369500000004,71.06126525490197,50
245.26963780000005,47.665369500000004,71.06126525490197,50
245.30150930000127,47.665369500000004,71.06126525490197,50
245.33357100000103,47.665369500000004,71.06126525490197,50
245.36555240000052,47.80155627,70.80491368784314,50
245.3977448000005,47.80155627,70.80491368784314,50
245.42970080000123,47.80155627,70.80491368784314,50
245.46161770000072,47.93774304,70.54856212078433,50
245.49361490000047,47.93774304,70.54856212078433,50
245.54162859999997,47.93774304,70.54856212078433,50
245.57356150000123,47.93774304,70.54856212078433,50
245.60562420000133,48.07392981,70.29221055372548,50
245.63760790000015,48.07392981,70.29221055372548,50
245.66959580000002,48.210116580000005,70.03585898666665,50
245.70161430000007,48.210116580000005,70.03585898666665,50
245.7335879000002,48.34630335,69.77950741960784,50
245.76575070000035,48.48249012,69.52315585254901,50
245.79778609999994,48.48249012,69.52315585254901,50
245.82952029999979,48.61867689,69.2668042854902,50
245.86163000000124,48.754863660000005,69.01045271843135,50
245.8936375000012,48.89105043,68.75410115137255,50
245.94155880000108,49.0272372,68.49774958431371,50
245.9735915000001,49.163423970000004,68.2413980172549,50
246.00560480000058,49.299610740000006,67.98504645019607,50
246.03763680000156,49.43579751,67.72869488313725,50
246.0695452,49.57198428,67.47234331607842,50
246.10161750000043,49.708171050000004,67.2159917490196,50
246.13384080000105,49.708171050000004,67.2159917490196,50
246.165594600001,49.98054459,66.70328861490196,50
246.19759370000065,49.98054459,66.70328861490196,50
246.22957880000104,50.252918130000005,66.1905854807843,50
246.26155590000053,46.43968857,73.36842935843137,50
246.29362660000152,46.57587534,73.11207779137254,50
246.34159980000004,50.11673136,66.44693704784314,50
246.3735338000006,50.252918130000005,66.1905854807843,50
246.40556210000068,46.84824888,72.5993746572549,50
246.4376210999999,47.120622420000004,72.08667152313724,50
246.46958770000128,47.256809190000006,71.83031995607841,50
246.5017082000013,47.39299596,71.57396838901961,50
246.53359590000036,47.52918273,71.31761682196078,50
246.5655480000005,47.80155627,70.80491368784314,50
246.5975612000002,47.93774304,70.54856212078433,50
246.62958750000143,48.07392981,70.29221055372548,50
246.66161580000153,48.210116580000005,70.03585898666665,50
246.69353950000004,48.34630335,69.77950741960784,50
246.7416606000006,48.48249012,69.52315585254901,50
246.7735685000007,48.61867689,69.2668042854902,50
246.80554140000095,48.754863660000005,69.01045271843135,50
246.83757270000024,48.89105043,68.75410115137255,50
246.86964740000076,49.0272372,68.49774958431371,50
246.90165669999988,49.299610740000006,67.98504645019607,50
246.93347880000147,49.43579751,67.72869488313725,50
246.96554900000046,49.57198428,67.47234331607842,50
246.99761730000137,49.708171050000004,67.2159917490196,50
247.02962730000036,49.98054459,66.70328861490196,50
247.0616131000006,50.11673136,66.44693704784314,50
247.09363060000032,50.252918130000005,66.1905854807843,50
247.1417302000009,50.3891049,65.93423391372549,50
247.17358610000156,50.66147844,65.42153077960783,50
247.2056033000008,50.797665210000005,65.165179212549,50
247.23777110000083,50.93385198,64.90882764549019,50
247.26978150000105,50.93385198,64.90882764549019,50
247.301677200001,51.07003875,64.65247607843136,50
247.33368169999994,51.206225520000004,64.39612451137255,50
247.3656927000011,51.206225520000004,64.39612451137255,50
247.3976300000013,51.342412290000006,64.1397729443137,50
247.429634600001,51.47859906,63.8834213772549,50
247.46161070000016,51.61478583,63.62706981019607,50
247.4936914000009,51.61478583,63.62706981019607,50
247.54163359999984,51.750972600000004,63.37071824313725,50
247.57354250000026,51.887159370000006,63.11436667607842,50
247.60575370000151,52.02334614,62.858015109019604,50
247.63768309999978,52.02334614,62.858015109019604,50
247.66959280000083,52.15953291,62.601663541960775,50
247.7015508000004,52.295719680000005,62.34531197490195,50
247.73367110000072,52.295719680000005,62.34531197490195,50
247.76555259999986,52.295719680000005,62.34531197490195,50
247.79759430000013,52.43190645,62.08896040784314,50
247.82961890000115,52.295719680000005,62.34531197490195,50
247.86153600000034,52.43190645,62.08896040784314,50
247.89357070000005,52.43190645,62.08896040784314,50
247.94149840000136,52.43190645,62.08896040784314,50
247.97370670000055,52.43190645,62.08896040784314,50
248.0057281999998,52.295719680000005,62.34531197490195,50
248.03754300000037,52.295719680000005,62.34531197490195,50
248.06961270000102,52.295719680000005,62.34531197490195,50
248.10161570000128,52.295719680000005,62.34531197490195,50
248.13361270000132,52.295719680000005,62.34531197490195,50
248.16571450000083,52.295719680000005,62.34531197490195,50
248.19756730000154,52.295719680000005,62.34531197490195,50
248.22955120000006,52.295719680000005,62.34531197490195,50
248.26156620000074,52.15953291,62.601663541960775,50
248.2936017000011,52.15953291,62.601663541960775,50
248.34166520000144,52.02334614,62.858015109019604,50
248.3737097000012,52.02334614,62.858015109019604,50
248.4057558000004,51.887159370000006,63.11436667607842,50
248.43750590000127,51.750972600000004,63.37071824313725,50
248.4695999000014,51.61478583,63.62706981019607,50
248.5016727000002,51.47859906,63.8834213772549,50
248.53361890000087,51.342412290000006,64.1397729443137,50
248.56558469999982,51.342412290000006,64.1397729443137,50
248.59763900000144,51.342412290000006,64.1397729443137,50
248.62962330000119,51.206225520000004,64.39612451137255,50
248.66151710000122,51.342412290000006,64.1397729443137,50
248.6936362000015,51.342412290000006,64.1397729443137,50
248.74171510000087,51.342412290000006,64.1397729443137,50
248.77358690000074,51.342412290000006,64.1397729443137,50
248.80571490000148,51.342412290000006,64.1397729443137,50
248.8375145000009,51.206225520000004,64.39612451137255,50
248.86961430000156,51.206225520000004,64.39612451137255,50
248.90160800000012,51.07003875,64.65247607843136,50
248.93362620000153,51.07003875,64.65247607843136,50
248.96577570000045,50.93385198,64.90882764549019,50
248.99762510000073,50.93385198,64.90882764549019,50
249.02968280000096,50.797665210000005,65.165179212549,50
249.06151900000077,50.66147844,65.42153077960783,50
249.0937396999998,50.66147844,65.42153077960783,50
249.14156470000125,50.52529167,65.67788234666668,50
249.17358290000084,50.52529167,65.67788234666668,50
249.20564960000047,50.52529167,65.67788234666668,50
249.2375516000011,50.52529167,65.67788234666668,50
249.2695562000008,50.3891049,65.93423391372549,50
249.30162519999976,50.3891049,65.93423391372549,50
249.33359329999985,50.3891049,65.93423391372549,50
249.3656778000004,50.3891049,65.93423391372549,50
249.39768240000012,50.3891049,65.93423391372549,50
249.42961660000037,50.3891049,65.93423391372549,50
249.46161650000067,50.252918130000005,66.1905854807843,50
249.49366929999997,50.252918130000005,66.1905854807843,50
249.54158090000055,50.252918130000005,66.1905854807843,50
249.57355700000153,50.252918130000005,66.1905854807843,50
249.60558090000086,50.252918130000005,66.1905854807843,50
249.6375938000001,50.11673136,66.44693704784314,50
249.6694808000011,50.11673136,66.44693704784314,50
249.70154710000133,50.11673136,66.44693704784314,50
249.7335896000004,50.11673136,66.44693704784314,50
249.7655571000014,50.11673136,66.44693704784314,50
249.79760010000064,50.11673136,66.44693704784314,50
249.82965239999976,50.11673136,66.44693704784314,50
249.86150530000123,50.11673136,66.44693704784314,50
249.89351309999984,50.11673136,66.44693704784314,50
249.94157170000108,50.11673136,66.44693704784314,50
249.97359850000066,50.11673136,66.44693704784314,50
250.0055742000004,50.11673136,66.44693704784314,50
250.0376455000005,49.98054459,66.70328861490196,50
250.06960470000013,49.98054459,66.70328861490196,50
250.10158480000064,49.98054459,66.70328861490196,50
250.13352889999987,49.98054459,66.70328861490196,50
250.16552709999996,49.98054459,66.70328861490196,50
250.19788430000153,49.98054459,66.70328861490196,50
250.22965750000003,49.98054459,66.70328861490196,50
250.26155980000112,49.98054459,66.70328861490196,50
250.2935303000013,49.98054459,66.70328861490196,50
250.32562770000004,49.98054459,66.70328861490196,50
250.37360050000098,49.98054459,66.70328861490196,50
250.40560860000005,49.84435782,66.9596401819608,50
250.43761369999993,49.84435782,66.9596401819608,50
250.46958330000052,49.84435782,66.9596401819608,50
250.50158510000074,49.84435782,66.9596401819608,50
250.53364140000122,49.84435782,66.9596401819608,50
250.56566100000055,49.98054459,66.70328861490196,50
250.59769730000153,49.98054459,66.70328861490196,50
250.62968069999988,49.98054459,66.70328861490196,50
250.6615350000011,49.84435782,66.9596401819608,50
250.69352380000055,53.793774150000004,59.525444737254894,50
250.72560859999976,53.793774150000004,59.525444737254894,50
250.77357269999993,53.793774150000004,59.525444737254894,50
250.80555060000006,53.793774150000004,59.525444737254894,50
250.83774319999975,53.793774150000004,59.525444737254894,50
250.86953130000074,53.929960920000006,59.269093170196065,50
250.90150189999986,53.929960920000006,59.269093170196065,50
250.9337161000003,53.929960920000006,59.269093170196065,50
250.96563680000145,54.06614769,59.01274160313725,50
250.99765970000044,54.06614769,59.01274160313725,50
251.0295317,53.929960920000006,59.269093170196065,50
251.06151020000107,53.929960920000006,59.269093170196065,50
251.09356300000036,53.929960920000006,59.269093170196065,50
251.12558739999986,53.929960920000006,59.269093170196065,50
251.17358310000054,53.929960920000006,59.269093170196065,50
251.20553130000008,53.929960920000006,59.269093170196065,50
251.23756660000072,53.929960920000006,59.269093170196065,50
251.26963369999976,53.793774150000004,59.525444737254894,50
251.301707300001,53.793774150000004,59.525444737254894,50
251.33360710000125,53.793774150000004,59.525444737254894,50
251.3655548000006,53.65758738,59.781796304313715,50
251.3975156000015,53.65758738,59.781796304313715,50
251.42960360000143,53.52140061,60.03814787137255,50
251.46156880000126,53.52140061,60.03814787137255,50
251.49356670000088,53.385213840000006,60.29449943843136,50
251.52559050000127,53.249027070000004,60.550851005490195,50
251.57358980000026,53.1128403,60.807202572549016,50
251.60557560000052,52.97665353,61.063554139607845,50
251.6375822000009,52.840466760000005,61.31990570666667,50
251.66977510000106,52.70427999,61.57625727372549,50
251.70171180000034,52.70427999,61.57625727372549,50
251.7335273000008,52.56809322,61.83260884078432,50
251.76561370000127,52.43190645,62.08896040784314,50
251.79760150000038,52.43190645,62.08896040784314,50
251.8296207000003,52.295719680000005,62.34531197490195,50
251.86160259999997,52.15953291,62.601663541960775,50
251.8936592000009,52.15953291,62.601663541960775,50
251.9255563000006,52.02334614,62.858015109019604,50
251.9736223,52.02334614,62.858015109019604,50
252.00559000000067,51.887159370000006,63.11436667607842,50
252.03771810000035,51.750972600000004,63.37071824313725,50
252.06969949999984,51.750972600000004,63.37071824313725,50
252.10161530000005,51.61478583,63.62706981019607,50
252.1335469000005,51.47859906,63.8834213772549,50
252.1655552000011,51.342412290000006,64.1397729443137,50
252.1975781000001,51.206225520000004,64.39612451137255,50
252.22951830000056,51.07003875,64.65247607843136,50
252.26151690000006,51.07003875,64.65247607843136,50
252.29360970000016,50.93385198,64.90882764549019,50
252.3256151000005,50.797665210000005,65.165179212549,50
252.37357640000118,50.797665210000005,65.165179212549,50
252.40559480000047,50.66147844,65.42153077960783,50
252.4375635000015,50.66147844,65.42153077960783,50
252.4695413999998,50.66147844,65.42153077960783,50
252.5015314000011,50.52529167,65.67788234666668,50
252.5336815999999,50.52529167,65.67788234666668,50
252.56550140000036,50.52529167,65.67788234666668,50
252.59758409999995,50.3891049,65.93423391372549,50
252.62949060000028,50.3891049,65.93423391372549,50
252.6615595000003,50.252918130000005,66.1905854807843,50
252.6936125000011,50.252918130000005,66.1905854807843,50
252.7254791000014,50.11673136,66.44693704784314,50
252.77382380000017,49.98054459,66.70328861490196,50
252.80567680000058,49.98054459,66.70328861490196,50
252.83755790000032,49.98054459,66.70328861490196,50
252.86962620000122,49.84435782,66.9596401819608,50
252.90157929999987,49.84435782,66.9596401819608,50
252.93366720000085,49.84435782,66.9596401819608,50
252.96571829999993,49.84435782,66.9596401819608,50
252.9976211000012,49.84435782,66.9596401819608,50
253.02958519999993,49.84435782,66.9596401819608,50
253.06160369999998,49.84435782,66.9596401819608,50
253.09349610000027,49.84435782,66.9596401819608,50
253.1259598000015,49.84435782,66.9596401819608,50
253.17369099999996,49.84435782,66.9596401819608,50
253.20559649999996,49.84435782,66.9596401819608,50
253.23763930000132,49.84435782,66.9596401819608,50
253.26955290000114,49.84435782,66.9596401819608,50
253.30157040000086,49.708171050000004,67.2159917490196,50
253.3335447999998,49.708171050000004,67.2159917490196,50
253.3655525000013,49.708171050000004,67.2159917490196,50
253.39758640000036,49.57198428,67.47234331607842,50
253.42972790000022,49.57198428,67.47234331607842,50
253.46152500000062,49.57198428,67.47234331607842,50
253.4938643000005,49.57198428,67.47234331607842,50
253.52579380000134,49.708171050000004,67.2159917490196,50
253.57359200000064,49.708171050000004,67.2159917490196,50
253.60557750000044,49.708171050000004,67.2159917490196,50
253.63762970000062,49.84435782,66.9596401819608,50
253.66959260000112,49.84435782,66.9596401819608,50
253.70161610000105,49.98054459,66.70328861490196,50
253.73367880000114,49.98054459,66.70328861490196,50
253.7655295000004,49.98054459,66.70328861490196,50
253.79755230000046,49.98054459,66.70328861490196,50
253.82952040000055,50.11673136,66.44693704784314,50
253.86151940000127,50.11673136,66.44693704784314,50
253.8936442000013,50.11673136,66.44693704784314,50
253.92556180000065,50.252918130000005,66.1905854807843,50
253.97361360000104,50.252918130000005,66.1905854807843,50
254.0054627999998,50.3891049,65.93423391372549,50
254.03755600000113,50.3891049,65.93423391372549,50
254.06954920000135,50.52529167,65.67788234666668,50
254.10155750000013,50.52529167,65.67788234666668,50
254.1336078000004,50.66147844,65.42153077960783,50
254.165637600001,50.66147844,65.42153077960783,50
254.19747720000123,50.797665210000005,65.165179212549,50
254.22953390000112,50.93385198,64.90882764549019,50
254.26156790000095,50.93385198,64.90882764549019,50
254.29352500000095,51.07003875,64.65247607843136,50
254.32570020000094,51.206225520000004,64.39612451137255,50
254.37351990000025,51.342412290000006,64.1397729443137,50
254.40555850000055,51.47859906,63.8834213772549,50
254.43750350000118,51.47859906,63.8834213772549,50
254.46957960000145,51.61478583,63.62706981019607,50
254.50157840000065,51.750972600000004,63.37071824313725,50
254.5334954000009,51.887159370000006,63.11436667607842,50
254.5654508000007,51.887159370000006,63.11436667607842,50
254.59762390000105,51.887159370000006,63.11436667607842,50
254.62971149999976,52.02334614,62.858015109019604,50
254.66157209999983,52.02334614,62.858015109019604,50
254.6935837000001,52.15953291,62.601663541960775,50
254.7255952000014,52.15953291,62.601663541960775,50
254.77357240000129,52.295719680000005,62.34531197490195,50
254.8055671000002,52.43190645,62.08896040784314,50
254.83775240000068,52.56809322,61.83260884078432,50
254.86957840000105,52.56809322,61.83260884078432,50
254.90160190000097,52.70427999,61.57625727372549,50
254.93356590000076,52.840466760000005,61.31990570666667,50
254.9656425000012,52.840466760000005,61.31990570666667,50
254.99784080000063,52.840466760000005,61.31990570666667,50
255.02961900000082,52.97665353,61.063554139607845,50
255.06153350000022,52.97665353,61.063554139607845,50
255.093555200001,52.97665353,61.063554139607845,50
255.1255256000004,52.97665353,61.063554139607845,50
255.1735822999999,53.1128403,60.807202572549016,50
255.2056143000009,53.1128403,60.807202572549016,50
255.23766520000027,53.249027070000004,60.550851005490195,50
255.26963260000048,53.249027070000004,60.550851005490195,50
255.3015092000005,53.249027070000004,60.550851005490195,50
255.3335388000014,53.249027070000004,60.550851005490195,50
255.36555600000065,53.249027070000004,60.550851005490195,50
255.39759090000007,53.249027070000004,60.550851005490195,50
255.4297131000003,53.249027070000004,60.550851005490195,50
255.46156090000113,53.249027070000004,60.550851005490195,50
255.49360010000055,53.249027070000004,60.550851005490195,50
255.52555260000008,53.249027070000004,60.550851005490195,50
255.5735730000015,53.249027070000004,60.550851005490195,50
255.6055765000001,53.249027070000004,60.550851005490195,50
255.63753370000086,53.1128403,60.807202572549016,50
255.66967149999982,53.1128403,60.807202572549016,50
255.70169480000004,53.1128403,60.807202572549016,50
255.73368260000098,52.97665353,61.063554139607845,50
255.76564789999975,52.97665353,61.063554139607845,50
255.79771679999976,52.97665353,61.063554139607845,50
255.82957850000093,52.97665353,61.063554139607845,50
255.86157190000085,52.97665353,61.063554139607845,50
255.893687400001,52.840466760000005,61.31990570666667,50
255.92553250000128,52.840466760000005,61.31990570666667,50
255.97358300000087,52.70427999,61.57625727372549,50
256.0056037000013,52.56809322,61.83260884078432,50
256.03756800000156,52.43190645,62.08896040784314,50
256.06962120000026,52.43190645,62.08896040784314,50
256.10174630000074,52.295719680000005,62.34531197490195,50
256.13367130000006,52.15953291,62.601663541960775,50
256.16544109999995,52.02334614,62.858015109019604,50
256.1975338000011,52.02334614,62.858015109019604,50
256.22957810000116,51.887159370000006,63.11436667607842,50
256.2616768000007,51.750972600000004,63.37071824313725,50
256.29367600000114,51.750972600000004,63.37071824313725,50
256.3256689000009,51.61478583,63.62706981019607,50
256.37361370000144,51.47859906,63.8834213772549,50
256.40550070000063,51.47859906,63.8834213772549,50
256.4375712000001,51.342412290000006,64.1397729443137,50
256.46972650000134,51.342412290000006,64.1397729443137,50
256.5018168000006,51.206225520000004,64.39612451137255,50
256.5335147000005,51.206225520000004,64.39612451137255,50
256.56561710000096,51.206225520000004,64.39612451137255,50
256.59753620000083,51.206225520000004,64.39612451137255,50
256.62956100000156,51.206225520000004,64.39612451137255,50
256.66151739999987,51.206225520000004,64.39612451137255,50
256.69362100000035,51.206225520000004,64.39612451137255,50
256.72557490000145,51.206225520000004,64.39612451137255,50
256.7739505999998,51.206225520000004,64.39612451137255,50
256.8055576000006,51.206225520000004,64.39612451137255,50
256.8377113000006,51.206225520000004,64.39612451137255,50
256.8695849000014,51.206225520000004,64.39612451137255,50
256.9015479000009,51.07003875,64.65247607843136,50
256.9336572000011,51.07003875,64.65247607843136,50
256.96561100000145,51.07003875,64.65247607843136,50
256.9977618000012,51.07003875,64.65247607843136,50
257.0295885000014,51.07003875,64.65247607843136,50
257.061549,51.07003875,64.65247607843136,50
257.0939477000011,51.07003875,64.65247607843136,50
257.1255555000007,51.07003875,64.65247607843136,50
257.1735073,50.93385198,64.90882764549019,50
257.2056293000005,50.93385198,64.90882764549019,50
257.23763660000077,51.07003875,64.65247607843136,50
257.2695162,50.93385198,64.90882764549019,50
257.3014735000015,50.93385198,64.90882764549019,50
257.3336614,50.93385198,64.90882764549019,50
257.36551510000027,50.93385198,64.90882764549019,50
257.39754880000146,50.93385198,64.90882764549019,50
257.42958330000147,50.93385198,64.90882764549019,50
257.46160670000063,50.93385198,64.90882764549019,50
257.4938749000012,50.797665210000005,65.165179212549,50
257.52548560000105,50.797665210000005,65.165179212549,50
257.5738600000004,50.797665210000005,65.165179212549,50
257.6056419000015,50.797665210000005,65.165179212549,50
257.63755480000145,50.797665210000005,65.165179212549,50
257.6695946,50.797665210000005,65.165179212549,50
257.7015915000011,50.797665210000005,65.165179212549,50
257.7337101000012,50.797665210000005,65.165179212549,50
257.7655298000009,50.797665210000005,65.165179212549,50
257.79756500000076,50.66147844,65.42153077960783,50
257.82961700000124,50.66147844,65.42153077960783,50
257.8615952,50.66147844,65.42153077960783,50
257.89355780000005,50.66147844,65.42153077960783,50
257.9259161000009,50.52529167,65.67788234666668,50
257.97375190000093,50.52529167,65.67788234666668,50
258.00556380000126,50.52529167,65.67788234666668,50
258.0375543000009,50.52529167,65.67788234666668,50
258.0695579000003,50.52529167,65.67788234666668,50
258.1015685000002,46.84824888,72.5993746572549,50
258.1335916000007,46.84824888,72.5993746572549,50
258.16567340000074,46.84824888,72.5993746572549,50
258.19753910000145,46.84824888,72.5993746572549,50
258.2295685000008,50.66147844,65.42153077960783,50
258.2616953000015,46.98443565,72.34302309019607,50
258.29430480000156,50.52529167,65.67788234666668,50
258.32588490000126,50.52529167,65.67788234666668,50
258.3735719000015,47.120622420000004,72.08667152313724,50
258.40565680000145,47.256809190000006,71.83031995607841,50
258.4375667000004,47.256809190000006,71.83031995607841,50
258.46969549999994,47.256809190000006,71.83031995607841,50
258.5016131000011,47.256809190000006,71.83031995607841,50
258.5335568999999,47.120622420000004,72.08667152313724,50
258.56561710000096,47.256809190000006,71.83031995607841,50
258.5974576000008,47.256809190000006,71.83031995607841,50
258.6294622000005,47.256809190000006,71.83031995607841,50
258.6616818000002,47.256809190000006,71.83031995607841,50
258.69377560000066,47.39299596,71.57396838901961,50
258.72566580000057,47.39299596,71.57396838901961,50
258.7735303999998,47.52918273,71.31761682196078,50
258.8056864000009,47.52918273,71.31761682196078,50
258.83744509999997,47.665369500000004,71.06126525490197,50
258.8695666000003,47.80155627,70.80491368784314,50
258.9015596999998,47.93774304,70.54856212078433,50
258.9336084000006,48.07392981,70.29221055372548,50
258.9656051000002,48.210116580000005,70.03585898666665,50
258.99748309999995,48.34630335,69.77950741960784,50
259.02967870000066,48.48249012,69.52315585254901,50
259.06175520000033,48.61867689,69.2668042854902,50
259.0935621000008,48.754863660000005,69.01045271843135,50
259.1256383,48.89105043,68.75410115137255,50
259.17354650000016,49.0272372,68.49774958431371,50
259.2056422000005,49.163423970000004,68.2413980172549,50
259.2377342,49.299610740000006,67.98504645019607,50
259.26957349999975,49.43579751,67.72869488313725,50
259.3015522000005,49.57198428,67.47234331607842,50
259.3335459000009,49.708171050000004,67.2159917490196,50
259.36560980000104,49.84435782,66.9596401819608,50
259.39772489999996,49.98054459,66.70328861490196,50
259.42968780000047,50.11673136,66.44693704784314,50
259.4615743000013,50.11673136,66.44693704784314,50
259.4935890000015,50.252918130000005,66.1905854807843,50
259.5255635000012,50.3891049,65.93423391372549,50
259.57347760000084,50.3891049,65.93423391372549,50
259.6055292000001,50.52529167,65.67788234666668,50
259.63759910000044,50.66147844,65.42153077960783,50
259.66952520000086,50.797665210000005,65.165179212549,50
259.7016027000009,50.797665210000005,65.165179212549,50
259.7335765000007,50.93385198,64.90882764549019,50
259.7657999000003,50.797665210000005,65.165179212549,50
259.797803200001,50.93385198,64.90882764549019,50
259.83002000000124,50.93385198,64.90882764549019,50
259.86148310000135,50.93385198,64.90882764549019,50
259.8935263000003,50.93385198,64.90882764549019,50
259.92552220000107,50.93385198,64.90882764549019,50
259.97355620000053,51.07003875,64.65247607843136,50
260.00551670000095,51.07003875,64.65247607843136,50
260.0375801000009,51.07003875,64.65247607843136,50
260.0694389,51.07003875,64.65247607843136,50
260.1015045000004,51.07003875,64.65247607843136,50
260.1335816999999,51.07003875,64.65247607843136,50
260.1657224999999,51.206225520000004,64.39612451137255,50
260.19762140000057,51.206225520000004,64.39612451137255,50
260.2296524000012,51.342412290000006,64.1397729443137,50
260.26156400000036,51.342412290000006,64.1397729443137,50
260.2935397000001,51.342412290000006,64.1397729443137,50
260.32546490000095,51.342412290000006,64.1397729443137,50
260.3735262000009,51.342412290000006,64.1397729443137,50
260.40550170000097,51.342412290000006,64.1397729443137,50
260.4379789000013,51.342412290000006,64.1397729443137,50
260.4696797000015,51.342412290000006,64.1397729443137,50
260.5014987000013,51.342412290000006,64.1397729443137,50
260.5336445000012,51.342412290000006,64.1397729443137,50
260.56564609999987,51.342412290000006,64.1397729443137,50
260.5975819000014,51.342412290000006,64.1397729443137,50
260.62956680000025,51.342412290000006,64.1397729443137,50
260.66145210000104,51.47859906,63.8834213772549,50
260.69359369999984,51.47859906,63.8834213772549,50
260.7256003000002,51.47859906,63.8834213772549,50
260.77354040000137,51.47859906,63.8834213772549,50
260.8055602000004,51.61478583,63.62706981019607,50
260.8375248000011,51.61478583,63.62706981019607,50
260.8698621000003,51.61478583,63.62706981019607,50
260.90165440000055,51.47859906,63.8834213772549,50
260.93357580000156,51.47859906,63.8834213772549,50
260.9655799000011,51.47859906,63.8834213772549,50
260.9975774000013,51.47859906,63.8834213772549,50
261.02955960000145,51.47859906,63.8834213772549,50
261.0614869000001,51.47859906,63.8834213772549,50
261.0935950000003,51.47859906,63.8834213772549,50
261.12557860000015,51.342412290000006,64.1397729443137,50
261.17361190000156,51.342412290000006,64.1397729443137,50
261.2055581000004,51.342412290000006,64.1397729443137,50
261.23756890000004,51.206225520000004,64.39612451137255,50
261.2696434999998,51.206225520000004,64.39612451137255,50
261.30154330000005,54.883268310000005,57.474632200784306,50
261.33352510000077,51.07003875,64.65247607843136,50
261.36556310000014,54.883268310000005,57.474632200784306,50
261.3975523000008,54.883268310000005,57.474632200784306,50
261.42958830000134,54.74708154,57.73098376784313,50
261.46171700000014,54.74708154,57.73098376784313,50
261.4935318000007,54.74708154,57.73098376784313,50
261.52552020000076,54.74708154,57.73098376784313,50
261.57357930000035,54.74708154,57.73098376784313,50
261.6054535000003,54.74708154,57.73098376784313,50
261.6376712000001,54.74708154,57.73098376784313,50
261.669515900001,54.61089477,57.98733533490196,50
261.7015382999998,54.61089477,57.98733533490196,50
261.7336312000007,54.474708,58.24368690196078,50
261.76560770000106,54.474708,58.24368690196078,50
261.7976739000005,54.338521230000005,58.5000384690196,50
261.8295616000014,54.338521230000005,58.5000384690196,50
261.8615453000002,54.20233446,58.75639003607842,50
261.8935203000001,54.06614769,59.01274160313725,50
261.9254474999998,54.06614769,59.01274160313725,50
261.9737948000002,53.929960920000006,59.269093170196065,50
262.0059259999998,53.793774150000004,59.525444737254894,50
262.0376261000001,53.793774150000004,59.525444737254894,50
262.06952960000126,53.65758738,59.781796304313715,50
262.1015974000002,53.52140061,60.03814787137255,50
262.1336723000004,53.385213840000006,60.29449943843136,50
262.16563289999976,53.385213840000006,60.29449943843136,50
262.1976472000006,53.249027070000004,60.550851005490195,50
262.2297206000003,53.1128403,60.807202572549016,50
262.26159410000037,52.97665353,61.063554139607845,50
262.29385189999994,52.840466760000005,61.31990570666667,50
262.32623030000104,52.70427999,61.57625727372549,50
262.37416660000054,52.43190645,62.08896040784314,50
262.4056504,52.295719680000005,62.34531197490195,50
262.4376493,52.15953291,62.601663541960775,50
262.4695816000003,52.15953291,62.601663541960775,50
262.5015727000009,52.02334614,62.858015109019604,50
262.533605300001,51.887159370000006,63.11436667607842,50
262.5656168000005,51.887159370000006,63.11436667607842,50
262.5977027000008,51.750972600000004,63.37071824313725,50
262.62964140000076,51.750972600000004,63.37071824313725,50
262.6615868000008,51.61478583,63.62706981019607,50
262.69349740000143,51.61478583,63.62706981019607,50
262.7255968999998,51.47859906,63.8834213772549,50
262.77359609999985,51.47859906,63.8834213772549,50
262.80557640000006,51.342412290000006,64.1397729443137,50
262.8376356000008,51.206225520000004,64.39612451137255,50
262.86950350000006,51.07003875,64.65247607843136,50
262.9014894000011,50.93385198,64.90882764549019,50
262.9336056000011,50.797665210000005,65.165179212549,50
262.96551100000033,50.52529167,65.67788234666668,50
262.9975484000006,50.3891049,65.93423391372549,50
263.029457300001,50.252918130000005,66.1905854807843,50
263.0616848999998,50.11673136,66.44693704784314,50
263.0936847000012,49.98054459,66.70328861490196,50
263.12568680000004,49.98054459,66.70328861490196,50
263.1735370000006,49.84435782,66.9596401819608,50
263.20550880000155,49.84435782,66.9596401819608,50
263.23756120000144,49.708171050000004,67.2159917490196,50
263.26955460000136,49.708171050000004,67.2159917490196,50
263.3015690000011,49.708171050000004,67.2159917490196,50
263.3335820000011,49.708171050000004,67.2159917490196,50
263.36552550000124,49.57198428,67.47234331607842,50
263.39752039999985,49.57198428,67.47234331607842,50
263.4294480000008,49.57198428,67.47234331607842,50
263.46168840000064,49.43579751,67.72869488313725,50
263.4938985000008,49.43579751,67.72869488313725,50
263.52554430000055,49.299610740000006,67.98504645019607,50
263.57370009999977,49.299610740000006,67.98504645019607,50
263.6055339000013,49.163423970000004,68.2413980172549,50
263.6375547000007,49.163423970000004,68.2413980172549,50
263.66951040000095,49.163423970000004,68.2413980172549,50
263.70157389999986,49.163423970000004,68.2413980172549,50
263.733593500001,49.163423970000004,68.2413980172549,50
263.7656197000015,49.0272372,68.49774958431371,50
263.7975512000012,49.0272372,68.49774958431371,50
263.82978940000066,49.0272372,68.49774958431371,50
263.86175430000003,49.0272372,68.49774958431371,50
263.89354730000014,49.0272372,68.49774958431371,50
263.9255994000014,49.0272372,68.49774958431371,50
263.9736317000006,49.0272372,68.49774958431371,50
264.00550140000087,49.0272372,68.49774958431371,50
264.0375423000005,49.0272372,68.49774958431371,50
264.069492300001,49.0272372,68.49774958431371,50
264.10153380000156,49.0272372,68.49774958431371,50
264.13379480000003,49.163423970000004,68.2413980172549,50
264.1657552000015,49.163423970000004,68.2413980172549,50
264.19772379999995,49.299610740000006,67.98504645019607,50
264.22958629999994,49.43579751,67.72869488313725,50
264.2615327000003,49.43579751,67.72869488313725,50
264.29358570000113,49.57198428,67.47234331607842,50
264.32546710000133,49.708171050000004,67.2159917490196,50
264.37356080000063,49.708171050000004,67.2159917490196,50
264.4053851000008,49.84435782,66.9596401819608,50
264.4374753000011,49.98054459,66.70328861490196,50
264.46956070000124,50.11673136,66.44693704784314,50
264.5015437000002,50.11673136,66.44693704784314,50
264.53349890000027,50.252918130000005,66.1905854807843,50
264.56566550000025,50.252918130000005,66.1905854807843,50
264.5975814000012,50.3891049,65.93423391372549,50
264.6294699000009,50.3891049,65.93423391372549,50
264.66147660000024,50.3891049,65.93423391372549,50
264.693545600001,50.52529167,65.67788234666668,50
264.72566259999985,50.52529167,65.67788234666668,50
264.77353700000094,50.66147844,65.42153077960783,50
264.8055581000008,50.66147844,65.42153077960783,50
264.83801420000054,50.797665210000005,65.165179212549,50
264.8694970000015,50.93385198,64.90882764549019,50
264.9014351000005,50.93385198,64.90882764549019,50
264.93363130000034,51.07003875,64.65247607843136,50
264.9656537999999,51.206225520000004,64.39612451137255,50
264.9976346000003,51.206225520000004,64.39612451137255,50
265.02958580000086,51.342412290000006,64.1397729443137,50
265.0615736,51.47859906,63.8834213772549,50
265.0935745000006,51.61478583,63.62706981019607,50
265.12544119999984,51.61478583,63.62706981019607,50
265.17351600000075,51.750972600000004,63.37071824313725,50
265.2056584000002,51.750972600000004,63.37071824313725,50
265.23750930000097,51.887159370000006,63.11436667607842,50
265.26969740000095,52.02334614,62.858015109019604,50
265.30212850000134,52.15953291,62.601663541960775,50
265.3340183,52.295719680000005,62.34531197490195,50
265.36550590000115,52.295719680000005,62.34531197490195,50
265.39756080000006,52.43190645,62.08896040784314,50
265.42956030000096,52.43190645,62.08896040784314,50
265.4615640000011,52.56809322,61.83260884078432,50
265.4936008000004,52.70427999,61.57625727372549,50
265.5255066999998,52.70427999,61.57625727372549,50
265.57353180000064,52.840466760000005,61.31990570666667,50
265.60553960000107,52.840466760000005,61.31990570666667,50
265.6376560000008,52.840466760000005,61.31990570666667,50
265.6697419000011,52.840466760000005,61.31990570666667,50
265.7016029000006,52.840466760000005,61.31990570666667,50
265.7335535000002,52.840466760000005,61.31990570666667,50
265.7655676000013,52.840466760000005,61.31990570666667,50
265.79768610000065,52.840466760000005,61.31990570666667,50
265.8295111000007,52.840466760000005,61.31990570666667,50
265.86149079999996,52.97665353,61.063554139607845,50
265.89356620000035,52.840466760000005,61.31990570666667,50
265.92555600000014,52.840466760000005,61.31990570666667,50
265.97357790000024,52.840466760000005,61.31990570666667,50
266.0055143999998,52.840466760000005,61.31990570666667,50
266.03769509999984,52.840466760000005,61.31990570666667,50
266.0697369999998,52.70427999,61.57625727372549,50
266.1015877000009,52.70427999,61.57625727372549,50
266.13353840000127,52.56809322,61.83260884078432,50
266.1655088000007,52.56809322,61.83260884078432,50
266.19763440000133,52.56809322,61.83260884078432,50
266.2296975999998,52.43190645,62.08896040784314,50
266.26162850000037,52.43190645,62.08896040784314,50
266.2934838000001,52.295719680000005,62.34531197490195,50
266.3255250000002,52.295719680000005,62.34531197490195,50
266.37349150000045,52.15953291,62.601663541960775,50
266.4055275999999,52.02334614,62.858015109019604,50
266.4375329000013,52.02334614,62.858015109019604,50
266.4695518000008,51.887159370000006,63.11436667607842,50
266.5017036999998,51.887159370000006,63.11436667607842,50
266.5334756000011,51.887159370000006,63.11436667607842,50
266.56556439999986,51.887159370000006,63.11436667607842,50
266.5975004000011,51.887159370000006,63.11436667607842,50
266.62949800000024,51.887159370000006,63.11436667607842,50
266.66156260000025,51.887159370000006,63.11436667607842,50
266.6934947000009,51.887159370000006,63.11436667607842,50
266.7255529000013,52.02334614,62.858015109019604,50
266.77407790000143,52.02334614,62.858015109019604,50
266.8057546,52.02334614,62.858015109019604,50
266.8375990000004,52.02334614,62.858015109019604,50
266.8695149000014,52.02334614,62.858015109019604,50
266.9015162000014,52.02334614,62.858015109019604,50
266.9336192999999,51.887159370000006,63.11436667607842,50
266.9655392000004,51.887159370000006,63.11436667607842,50
266.997593600001,51.887159370000006,63.11436667607842,50
267.0295764000002,51.750972600000004,63.37071824313725,50
267.061589500001,51.750972600000004,63.37071824313725,50
267.0936502000004,51.750972600000004,63.37071824313725,50
267.12552959999994,51.750972600000004,63.37071824313725,50
267.1737118000001,51.750972600000004,63.37071824313725,50
267.2056274000006,51.750972600000004,63.37071824313725,50
267.23752349999995,51.750972600000004,63.37071824313725,50
267.2695620000013,51.750972600000004,63.37071824313725,50
267.3015260000011,51.750972600000004,63.37071824313725,50
267.3335396000002,51.750972600000004,63.37071824313725,50
267.3654652000005,51.750972600000004,63.37071824313725,50
267.3975381,51.887159370000006,63.11436667607842,50
267.42951110000104,51.887159370000006,63.11436667607842,50
267.46155030000045,51.750972600000004,63.37071824313725,50
267.4936441000009,51.750972600000004,63.37071824313725,50
267.52553780000017,51.61478583,63.62706981019607,50
267.5735906000009,51.61478583,63.62706981019607,50
267.60549280000123,51.47859906,63.8834213772549,50
267.637478300001,51.47859906,63.8834213772549,50
267.6694918000012,51.342412290000006,64.1397729443137,50
267.70148470000095,51.342412290000006,64.1397729443137,50
267.7335045,51.342412290000006,64.1397729443137,50
267.7655357000003,51.342412290000006,64.1397729443137,50
267.797542100001,51.342412290000006,64.1397729443137,50
267.8295106000005,51.206225520000004,64.39612451137255,50
267.86144930000046,51.206225520000004,64.39612451137255,50
267.89385779999975,51.206225520000004,64.39612451137255,50
267.925623000001,51.206225520000004,64.39612451137255,50
267.9735851000005,51.206225520000004,64.39612451137255,50
268.00559930000054,51.206225520000004,64.39612451137255,50
268.0376145000009,51.206225520000004,64.39612451137255,50
268.06958620000114,47.52918273,71.31761682196078,50
268.1015825000013,47.52918273,71.31761682196078,50
268.1335581000003,47.52918273,71.31761682196078,50
268.1655823000001,47.52918273,71.31761682196078,50
268.1976279999999,47.39299596,71.57396838901961,50
268.229508800001,47.39299596,71.57396838901961,50
268.2617530000007,47.39299596,71.57396838901961,50
268.2936576000011,47.39299596,71.57396838901961,50
268.32561350000105,47.256809190000006,71.83031995607841,50
268.37357990000055,47.256809190000006,71.83031995607841,50
268.4055382000006,47.39299596,71.57396838901961,50
268.43763630000103,47.39299596,71.57396838901961,50
268.46948220000013,47.39299596,71.57396838901961,50
268.5015921000013,47.39299596,71.57396838901961,50
268.533545100001,47.39299596,71.57396838901961,50
268.5655800000004,47.39299596,71.57396838901961,50
268.5974975000008,47.52918273,71.31761682196078,50
268.6297719000013,47.52918273,71.31761682196078,50
268.66176910000104,47.665369500000004,71.06126525490197,50
268.693502600001,47.665369500000004,71.06126525490197,50
268.72548800000004,47.80155627,70.80491368784314,50
268.77346880000005,47.80155627,70.80491368784314,50
268.8055624000008,47.93774304,70.54856212078433,50
268.8375463000011,48.07392981,70.29221055372548,50
268.8696037000009,51.61478583,63.62706981019607,50
268.9015037999998,51.750972600000004,63.37071824313725,50
268.93351600000096,51.887159370000006,63.11436667607842,50
268.96549850000156,52.02334614,62.858015109019604,50
268.9977615000007,52.02334614,62.858015109019604,50
269.0296655000002,52.15953291,62.601663541960775,50
269.0615032000005,52.295719680000005,62.34531197490195,50
269.0935215999998,52.43190645,62.08896040784314,50
269.1255030000011,52.56809322,61.83260884078432,50
269.1734942000003,49.299610740000006,67.98504645019607,50
269.2055515000011,49.43579751,67.72869488313725,50
269.2375014999998,49.57198428,67.47234331607842,50
269.26951030000055,49.708171050000004,67.2159917490196,50
269.3014798000004,49.708171050000004,67.2159917490196,50
269.3335969,49.84435782,66.9596401819608,50
269.3657381000012,49.84435782,66.9596401819608,50
269.39763310000126,49.84435782,66.9596401819608,50
269.42949150000095,49.84435782,66.9596401819608,50
269.46152860000075,49.84435782,66.9596401819608,50
269.49370890000137,49.84435782,66.9596401819608,50
269.52569500000027,49.84435782,66.9596401819608,50
269.57357779999984,49.84435782,66.9596401819608,50
269.6055852999998,49.84435782,66.9596401819608,50
269.63744550000047,49.84435782,66.9596401819608,50
269.6695412000008,49.84435782,66.9596401819608,50
269.70154170000023,49.98054459,66.70328861490196,50
269.7336823000005,49.98054459,66.70328861490196,50
269.765675300001,50.11673136,66.44693704784314,50
269.7975694000015,50.252918130000005,66.1905854807843,50
269.8295493000005,50.252918130000005,66.1905854807843,50
269.86150520000047,50.3891049,65.93423391372549,50
269.89360510000006,50.52529167,65.67788234666668,50
269.92564480000146,50.52529167,65.67788234666668,50
269.9735947999998,50.66147844,65.42153077960783,50
270.00550079999994,50.66147844,65.42153077960783,50
270.03769190000094,50.797665210000005,65.165179212549,50
270.06951950000075,50.93385198,64.90882764549019,50
270.10190310000144,50.93385198,64.90882764549019,50
270.1336405000002,50.93385198,64.90882764549019,50
270.16551770000115,50.93385198,64.90882764549019,50
270.19756960000086,50.93385198,64.90882764549019,50
270.2294359000007,50.93385198,64.90882764549019,50
270.26150100000086,51.07003875,64.65247607843136,50
270.29352110000036,51.07003875,64.65247607843136,50
270.3255723000002,51.07003875,64.65247607843136,50
270.3735254000003,51.206225520000004,64.39612451137255,50
270.40553250000085,51.206225520000004,64.39612451137255,50
270.4375121000012,51.206225520000004,64.39612451137255,50
270.4696302000011,51.206225520000004,64.39612451137255,50
270.50170830000025,51.206225520000004,64.39612451137255,50
270.5335286999998,51.206225520000004,64.39612451137255,50
270.56551910000053,51.206225520000004,64.39612451137255,50
270.5975544000012,51.206225520000004,64.39612451137255,50
270.6295652000008,51.206225520000004,64.39612451137255,50
270.6615066000013,51.206225520000004,64.39612451137255,50
270.69350550000127,51.07003875,64.65247607843136,50
270.7254935000001,51.07003875,64.65247607843136,50
270.77354820000073,51.07003875,64.65247607843136,50
270.8054738999999,51.07003875,64.65247607843136,50
270.8375794000003,51.07003875,64.65247607843136,50
270.86967000000004,51.07003875,64.65247607843136,50
270.90144390000023,51.07003875,64.65247607843136,50
270.93349970000054,51.206225520000004,64.39612451137255,50
270.96555780000017,51.206225520000004,64.39612451137255,50
270.99750660000063,51.206225520000004,64.39612451137255,50
271.02974710000126,51.206225520000004,64.39612451137255,50
271.0615953000015,51.206225520000004,64.39612451137255,50
271.09351740000056,51.342412290000006,64.1397729443137,50
271.1255211000007,51.342412290000006,64.1397729443137,50
271.17351990000134,51.47859906,63.8834213772549,50
271.20584000000053,51.47859906,63.8834213772549,50
271.23768050000035,51.47859906,63.8834213772549,50
271.26952730000085,51.47859906,63.8834213772549,50
271.30160960000103,51.47859906,63.8834213772549,50
271.33357140000044,51.47859906,63.8834213772549,50
271.3655475000014,51.47859906,63.8834213772549,50
271.39751849999993,51.342412290000006,64.1397729443137,50
271.4295499,51.342412290000006,64.1397729443137,50
271.46155480000016,51.206225520000004,64.39612451137255,50
271.49348460000147,51.206225520000004,64.39612451137255,50
271.5255698000001,51.206225520000004,64.39612451137255,50
271.57378510000126,51.206225520000004,64.39612451137255,50
271.60576690000016,51.07003875,64.65247607843136,50
271.63751779999984,51.07003875,64.65247607843136,50
271.6695634000007,51.07003875,64.65247607843136,50
271.70160340000075,50.93385198,64.90882764549019,50
271.73355420000007,50.93385198,64.90882764549019,50
271.76550900000075,50.93385198,64.90882764549019,50
271.79756740000084,50.93385198,64.90882764549019,50
271.8295377000013,51.07003875,64.65247607843136,50
271.8615203999998,51.07003875,64.65247607843136,50
271.89368840000134,51.07003875,64.65247607843136,50
271.9254481000007,51.07003875,64.65247607843136,50
271.9737924000001,51.07003875,64.65247607843136,50
272.0054805,51.07003875,64.65247607843136,50
272.03755900000033,51.07003875,64.65247607843136,50
272.0694953000002,51.07003875,64.65247607843136,50
272.1015487000004,51.07003875,64.65247607843136,50
272.1336394000009,51.07003875,64.65247607843136,50
272.1655238000003,51.07003875,64.65247607843136,50
272.19755690000056,51.07003875,64.65247607843136,50
272.2295458000008,51.07003875,64.65247607843136,50
272.261508900001,50.93385198,64.90882764549019,50
272.2934605999999,50.93385198,64.90882764549019,50
272.3255073,50.93385198,64.90882764549019,50
272.3735417000007,50.93385198,64.90882764549019,50
272.40552860000025,50.797665210000005,65.165179212549,50
272.4374755000008,50.797665210000005,65.165179212549,50
272.4695578999999,50.797665210000005,65.165179212549,50
272.50154459999976,50.797665210000005,65.165179212549,50
272.53359620000083,50.797665210000005,65.165179212549,50
272.5655843000004,50.797665210000005,65.165179212549,50
272.5975487000014,50.797665210000005,65.165179212549,50
272.62954440000067,50.797665210000005,65.165179212549,50
272.66149790000054,50.797665210000005,65.165179212549,50
272.69376360000024,50.797665210000005,65.165179212549,50
272.72577380000075,50.797665210000005,65.165179212549,50
272.7735604999998,50.93385198,64.90882764549019,50
272.80561040000066,50.93385198,64.90882764549019,50
272.83743700000014,50.93385198,64.90882764549019,50
272.8694993000008,50.93385198,64.90882764549019,50
272.90155380000033,50.93385198,64.90882764549019,50
272.9336123000012,50.93385198,64.90882764549019,50
272.965607600001,51.07003875,64.65247607843136,50
272.99749750000046,51.07003875,64.65247607843136,50
273.02945290000025,51.07003875,64.65247607843136,50
273.0617247000009,50.93385198,64.90882764549019,50
273.0938326000014,50.93385198,64.90882764549019,50
273.1257052000001,51.07003875,64.65247607843136,50
273.17351880000024,50.93385198,64.90882764549019,50
273.205630800001,50.93385198,64.90882764549019,50
273.2375589000003,50.93385198,64.90882764549019,50
273.2695687000014,50.93385198,64.90882764549019,50
273.30149080000047,50.93385198,64.90882764549019,50
273.3335223000013,50.797665210000005,65.165179212549,50
273.36562349999986,50.797665210000005,65.165179212549,50
273.39750210000057,50.797665210000005,65.165179212549,50
273.4295731000002,50.797665210000005,65.165179212549,50
273.46159870000156,50.797665210000005,65.165179212549,50
273.4935615000013,50.797665210000005,65.165179212549,50
273.5255169000011,50.93385198,64.90882764549019,50
273.573546900001,50.93385198,64.90882764549019,50
273.6055449000014,50.93385198,64.90882764549019,50
273.6375485000008,50.93385198,64.90882764549019,50
273.66951230000086,50.93385198,64.90882764549019,50
273.70149590000074,50.93385198,64.90882764549019,50
273.7334905000007,50.93385198,64.90882764549019,50
273.76551720000134,50.93385198,64.90882764549019,50
273.79784370000016,50.93385198,64.90882764549019,50
273.82960820000153,50.93385198,64.90882764549019,50
273.86150030000135,50.93385198,64.90882764549019,50
273.89351370000077,50.93385198,64.90882764549019,50
273.92546180000136,50.93385198,64.90882764549019,50
273.9735390000005,50.93385198,64.90882764549019,50
274.00556400000096,50.797665210000005,65.165179212549,50
274.0375969000015,50.797665210000005,65.165179212549,50
274.0695278000003,50.66147844,65.42153077960783,50
274.1015659000004,50.66147844,65.42153077960783,50
274.1335282,50.66147844,65.42153077960783,50
274.1657477000008,50.52529167,65.67788234666668,50
274.19769390000147,50.52529167,65.67788234666668,50
274.2294937000006,50.52529167,65.67788234666668,50
274.2615211000011,50.52529167,65.67788234666668,50
274.2935180000004,50.52529167,65.67788234666668,50
274.3255601000001,50.3891049,65.93423391372549,50
274.37356850000106,50.3891049,65.93423391372549,50
274.4055524000014,50.3891049,65.93423391372549,50
274.4375834000002,50.3891049,65.93423391372549,50
274.4698107000004,50.3891049,65.93423391372549,50
274.50151580000056,50.3891049,65.93423391372549,50
274.53375060000144,50.3891049,65.93423391372549,50
274.5656736000001,50.252918130000005,66.1905854807843,50
274.59759570000097,50.252918130000005,66.1905854807843,50
274.6296129000002,50.252918130000005,66.1905854807843,50
274.66153830000076,50.11673136,66.44693704784314,50
274.6934873000009,50.11673136,66.44693704784314,50
274.7257995,50.11673136,66.44693704784314,50
274.7735126000007,50.11673136,66.44693704784314,50
274.80543320000106,50.11673136,66.44693704784314,50
274.837504000001,50.11673136,66.44693704784314,50
274.8696166000009,50.11673136,66.44693704784314,50
274.9016016000005,50.11673136,66.44693704784314,50
274.93362200000047,53.929960920000006,59.269093170196065,50
274.9654724000011,53.929960920000006,59.269093170196065,50
274.9974533000004,53.929960920000006,59.269093170196065,50
275.02949160000026,53.929960920000006,59.269093170196065,50
275.0614863999999,53.793774150000004,59.525444737254894,50
275.09349850000035,53.793774150000004,59.525444737254894,50
275.12548419999985,53.793774150000004,59.525444737254894,50
275.17345810000006,53.793774150000004,59.525444737254894,50
275.2054739000014,53.793774150000004,59.525444737254894,50
275.23748740000156,53.929960920000006,59.269093170196065,50
275.2696775000004,53.929960920000006,59.269093170196065,50
275.3016509000008,53.929960920000006,59.269093170196065,50
275.3334930000001,53.929960920000006,59.269093170196065,50
275.3655182000002,53.929960920000006,59.269093170196065,50
275.3975511000008,53.929960920000006,59.269093170196065,50
275.4294906000014,53.929960920000006,59.269093170196065,50
275.46153400000003,53.929960920000006,59.269093170196065,50
275.493553100001,53.929960920000006,59.269093170196065,50
275.5255199000003,53.793774150000004,59.525444737254894,50
275.57349109999996,53.793774150000004,59.525444737254894,50
275.60545249999996,53.793774150000004,59.525444737254894,50
275.63768900000105,53.793774150000004,59.525444737254894,50
275.6696616999998,53.65758738,59.781796304313715,50
275.7015994000012,53.65758738,59.781796304313715,50
275.73357320000105,53.65758738,59.781796304313715,50
275.76552810000067,53.65758738,59.781796304313715,50
275.79752370000097,53.65758738,59.781796304313715,50
275.8295470000012,53.52140061,60.03814787137255,50
275.86151229999996,53.52140061,60.03814787137255,50
275.893567000001,53.52140061,60.03814787137255,50
275.9255355000005,53.52140061,60.03814787137255,50
275.9735191,53.385213840000006,60.29449943843136,50
276.0058073,53.385213840000006,60.29449943843136,50
276.0378202000011,53.385213840000006,60.29449943843136,50
276.0695781000013,53.249027070000004,60.550851005490195,50
276.10152800000105,53.249027070000004,60.550851005490195,50
276.1335248000014,53.1128403,60.807202572549016,50
276.1654812000015,52.97665353,61.063554139607845,50
276.1974807000006,52.97665353,61.063554139607845,50
276.2295055000013,52.840466760000005,61.31990570666667,50
276.26148490000014,52.840466760000005,61.31990570666667,50
276.2934942000011,52.840466760000005,61.31990570666667,50
276.3255841000009,52.70427999,61.57625727372549,50
276.3737792000011,52.70427999,61.57625727372549,50
276.40558370000144,52.70427999,61.57625727372549,50
276.4375217000015,52.70427999,61.57625727372549,50
276.4695361000013,52.70427999,61.57625727372549,50
276.50163200000134,52.56809322,61.83260884078432,50
276.5335266000002,52.56809322,61.83260884078432,50
276.56549410000116,52.43190645,62.08896040784314,50
276.5974887000011,52.43190645,62.08896040784314,50
276.6294840999999,52.295719680000005,62.34531197490195,50
276.6615632000012,52.15953291,62.601663541960775,50
276.69357310000123,52.15953291,62.601663541960775,50
276.7253959999998,52.02334614,62.858015109019604,50
276.77385550000145,52.02334614,62.858015109019604,50
276.80550440000115,51.887159370000006,63.11436667607842,50
276.83750470000086,51.887159370000006,63.11436667607842,50
276.86949450000066,51.750972600000004,63.37071824313725,50
276.9015451000014,51.750972600000004,63.37071824313725,50
276.93358850000004,51.750972600000004,63.37071824313725,50
276.96560240000144,51.61478583,63.62706981019607,50
276.99755320000077,51.61478583,63.62706981019607,50
277.02955140000086,51.47859906,63.8834213772549,50
277.06153280000035,51.47859906,63.8834213772549,50
277.09348930000124,51.342412290000006,64.1397729443137,50
277.1256845000007,51.342412290000006,64.1397729443137,50
277.1735227999998,51.342412290000006,64.1397729443137,50
277.2055579000007,51.206225520000004,64.39612451137255,50
277.2375186999998,51.206225520000004,64.39612451137255,50
277.26949570000033,51.206225520000004,64.39612451137255,50
277.30153690000043,51.206225520000004,64.39612451137255,50
277.33351230000153,51.206225520000004,64.39612451137255,50
277.36557900000116,51.206225520000004,64.39612451137255,50
277.39740970000094,51.206225520000004,64.39612451137255,50
277.4295378000006,51.206225520000004,64.39612451137255,50
277.4614945000012,51.206225520000004,64.39612451137255,50
277.49377580000146,51.206225520000004,64.39612451137255,50
277.5257199000007,51.206225520000004,64.39612451137255,50
277.57353220000005,51.206225520000004,64.39612451137255,50
277.605555600001,51.07003875,64.65247607843136,50
277.6375188000002,51.07003875,64.65247607843136,50
277.6695227,51.07003875,64.65247607843136,50
277.7014643000002,51.07003875,64.65247607843136,50
277.7334796000014,51.07003875,64.65247607843136,50
277.7655003,51.07003875,64.65247607843136,50
277.79757580000114,51.07003875,64.65247607843136,50
277.8295186000014,51.07003875,64.65247607843136,50
277.8616000000002,51.07003875,64.65247607843136,50
277.89358189999984,50.93385198,64.90882764549019,50
277.92550090000077,50.93385198,64.90882764549019,50
277.97348000000056,50.93385198,64.90882764549019,50
278.0054574000005,50.797665210000005,65.165179212549,50
278.03756070000054,50.797665210000005,65.165179212549,50
278.0695054000007,50.797665210000005,65.165179212549,50
278.10149980000097,50.797665210000005,65.165179212549,50
278.13348340000084,50.66147844,65.42153077960783,50
278.1654524000005,50.66147844,65.42153077960783,50
278.197504400001,50.66147844,65.42153077960783,50
278.2295236000009,50.66147844,65.42153077960783,50
278.26149110000006,50.66147844,65.42153077960783,50
278.2935092000007,50.66147844,65.42153077960783,50
278.32546600000023,50.66147844,65.42153077960783,50
278.3735125000003,50.66147844,65.42153077960783,50
278.4054711000008,50.66147844,65.42153077960783,50
278.4374972000005,50.66147844,65.42153077960783,50
278.4695249000015,50.66147844,65.42153077960783,50
278.5015070999998,50.66147844,65.42153077960783,50
278.5335240000004,50.66147844,65.42153077960783,50
278.56553370000074,50.66147844,65.42153077960783,50
278.5978148000013,50.66147844,65.42153077960783,50
278.62961170000017,50.66147844,65.42153077960783,50
278.6615130000009,50.66147844,65.42153077960783,50
278.69357260000106,50.66147844,65.42153077960783,50
278.72552480000013,50.66147844,65.42153077960783,50
278.7735260999998,50.66147844,65.42153077960783,50
278.8055077000008,50.797665210000005,65.165179212549,50
278.8376421000012,50.797665210000005,65.165179212549,50
278.8696058000005,50.797665210000005,65.165179212549,50
278.90143660000103,50.797665210000005,65.165179212549,50
278.93351919999986,50.797665210000005,65.165179212549,50
278.9657423000008,50.797665210000005,65.165179212549,50
278.9977144000004,50.797665210000005,65.165179212549,50
279.0295363000005,50.797665210000005,65.165179212549,50
279.0614891000005,50.93385198,64.90882764549019,50
279.0934997000004,50.93385198,64.90882764549019,50
279.12553840000146,50.93385198,64.90882764549019,50
279.17352329999994,50.93385198,64.90882764549019,50
279.2054708000014,50.93385198,64.90882764549019,50
279.23745340000096,50.93385198,64.90882764549019,50
279.26949310000055,50.93385198,64.90882764549019,50
279.3015290000003,50.93385198,64.90882764549019,50
279.3336784000003,50.93385198,64.90882764549019,50
279.3655589000009,50.93385198,64.90882764549019,50
279.39753480000036,50.93385198,64.90882764549019,50
279.42953959999977,50.93385198,64.90882764549019,50
279.4615511000011,50.93385198,64.90882764549019,50
279.4935534000015,50.93385198,64.90882764549019,50
279.5254992000009,50.93385198,64.90882764549019,50
279.57347050000135,50.93385198,64.90882764549019,50
279.60543860000143,50.93385198,64.90882764549019,50
279.63764919999994,51.07003875,64.65247607843136,50
279.66947340000115,51.07003875,64.65247607843136,50
279.70163550000143,51.07003875,64.65247607843136,50
279.73351619999994,51.07003875,64.65247607843136,50
279.76547630000096,51.206225520000004,64.39612451137255,50
279.79750740000054,51.206225520000004,64.39612451137255,50
279.82949800000097,51.206225520000004,64.39612451137255,50
279.86149770000156,51.342412290000006,64.1397729443137,50
279.8934869000004,51.342412290000006,64.1397729443137,50
279.92547510000077,51.47859906,63.8834213772549,50
279.9735175000005,51.47859906,63.8834213772549,50
280.0055198000009,51.61478583,63.62706981019607,50
280.0374679000015,51.47859906,63.8834213772549,50
280.0697429000011,51.47859906,63.8834213772549,50
280.1017509000012,51.47859906,63.8834213772549,50
280.13359839999976,51.47859906,63.8834213772549,50
280.16548909999983,51.47859906,63.8834213772549,50
280.1975562000007,51.47859906,63.8834213772549,50
280.2295313000013,51.47859906,63.8834213772549,50
280.2615196000006,51.47859906,63.8834213772549,50
280.2935378000002,51.47859906,63.8834213772549,50
280.3254400000005,51.47859906,63.8834213772549,50
280.3734768000013,51.47859906,63.8834213772549,50
280.40545010000096,51.47859906,63.8834213772549,50
280.43770589999986,51.47859906,63.8834213772549,50
280.4696719000003,51.47859906,63.8834213772549,50
280.5015538000007,51.47859906,63.8834213772549,50
280.53352280000036,51.61478583,63.62706981019607,50
280.5655379,51.61478583,63.62706981019607,50
280.59749360000023,51.61478583,63.62706981019607,50
280.6294768000007,51.61478583,63.62706981019607,50
280.6614660000014,51.750972600000004,63.37071824313725,50
280.69350699999995,51.750972600000004,63.37071824313725,50
280.7255528000005,51.750972600000004,63.37071824313725,50
280.7733990000015,51.750972600000004,63.37071824313725,50
280.8056923000004,51.750972600000004,63.37071824313725,50
280.8376152000001,51.750972600000004,63.37071824313725,50
280.8694581,51.750972600000004,63.37071824313725,50
280.9014949000011,51.887159370000006,63.11436667607842,50
280.9335084000013,51.887159370000006,63.11436667607842,50
280.9655007000001,51.887159370000006,63.11436667607842,50
280.9975703,51.887159370000006,63.11436667607842,50
281.02971810000054,51.887159370000006,63.11436667607842,50
281.061500400001,51.887159370000006,63.11436667607842,50
281.09345920000123,51.887159370000006,63.11436667607842,50
281.1254519000013,51.887159370000006,63.11436667607842,50
281.17349150000155,51.887159370000006,63.11436667607842,50
281.20547609999994,51.887159370000006,63.11436667607842,50
281.23751320000156,51.750972600000004,63.37071824313725,50
281.2695812000002,51.750972600000004,63.37071824313725,50
281.3015266000002,51.750972600000004,63.37071824313725,50
281.333479500001,51.750972600000004,63.37071824313725,50
281.36545660000047,51.750972600000004,63.37071824313725,50
281.39749780000056,51.750972600000004,63.37071824313725,50
281.4294327000007,51.750972600000004,63.37071824313725,50
281.4616423000007,51.750972600000004,63.37071824313725,50
281.49351790000037,51.750972600000004,63.37071824313725,50
281.5256029000011,51.750972600000004,63.37071824313725,50
281.5736538000001,51.750972600000004,63.37071824313725,50
281.6055047000009,51.750972600000004,63.37071824313725,50
281.6375637000001,51.750972600000004,63.37071824313725,50
281.6695378000004,51.61478583,63.62706981019607,50
281.70161090000147,51.61478583,63.62706981019607,50
281.7334176000004,51.61478583,63.62706981019607,50
281.7655233000005,51.61478583,63.62706981019607,50
281.7975290000013,51.61478583,63.62706981019607,50
281.8294678000002,51.61478583,63.62706981019607,50
281.8614587000011,51.61478583,63.62706981019607,50
281.8934867000007,51.61478583,63.62706981019607,50
281.92571660000067,51.61478583,63.62706981019607,50
281.9734941000006,51.61478583,63.62706981019607,50
282.00548789999993,51.61478583,63.62706981019607,50
282.03751900000134,51.47859906,63.8834213772549,50
282.0695480000013,51.47859906,63.8834213772549,50
282.1015066,51.47859906,63.8834213772549,50
282.13355240000055,51.342412290000006,64.1397729443137,50
282.16552000000047,51.206225520000004,64.39612451137255,50
282.1974682,51.206225520000004,64.39612451137255,50
282.2294729000005,51.07003875,64.65247607843136,50
282.2615065000009,51.07003875,64.65247607843136,50
282.2935264000007,47.256809190000006,71.83031995607841,50
282.3259613000009,47.256809190000006,71.83031995607841,50
282.3735198000013,47.256809190000006,71.83031995607841,50
282.4055478999999,47.256809190000006,71.83031995607841,50
282.43746590000046,51.07003875,64.65247607843136,50
282.4695472000003,51.206225520000004,64.39612451137255,50
282.5015362000013,51.206225520000004,64.39612451137255,50
282.53351620000103,51.206225520000004,64.39612451137255,50
282.56548380000095,51.206225520000004,64.39612451137255,50
282.5975513000012,51.342412290000006,64.1397729443137,50
282.62944750000133,51.206225520000004,64.39612451137255,50
282.661604500001,51.206225520000004,64.39612451137255,50
282.6935809000006,51.206225520000004,64.39612451137255,50
282.7255003999999,51.07003875,64.65247607843136,50
282.77347230000123,51.07003875,64.65247607843136,50
282.80546700000014,50.797665210000005,65.165179212549,50
282.8376410000001,50.797665210000005,65.165179212549,50
282.86950369999977,47.39299596,71.57396838901961,50
282.9014642000002,47.39299596,71.57396838901961,50
282.9334929000015,47.52918273,71.31761682196078,50
282.96551550000004,47.52918273,71.31761682196078,50
282.99752030000127,47.665369500000004,71.06126525490197,50
283.029868900001,47.665369500000004,71.06126525490197,50
283.0615858000001,47.665369500000004,71.06126525490197,50
283.09349380000094,47.80155627,70.80491368784314,50
283.1254975000011,47.80155627,70.80491368784314,50
283.17349340000146,47.80155627,70.80491368784314,50
283.20556110000143,47.93774304,70.54856212078433,50
283.23760030000085,47.93774304,70.54856212078433,50
283.26945350000096,48.07392981,70.29221055372548,50
283.30149920000076,48.07392981,70.29221055372548,50
283.3335223000013,48.210116580000005,70.03585898666665,50
283.36548980000043,48.34630335,69.77950741960784,50
283.3978261000011,48.34630335,69.77950741960784,50
283.4296181999998,48.48249012,69.52315585254901,50
283.461406800001,48.61867689,69.2668042854902,50
283.4935361000007,48.61867689,69.2668042854902,50
283.5255068000006,48.754863660000005,69.01045271843135,50
283.57355910000115,48.89105043,68.75410115137255,50
283.6055021000011,48.89105043,68.75410115137255,50
283.6376416000003,48.89105043,68.75410115137255,50
283.66952029999993,49.0272372,68.49774958431371,50
283.7015071000005,49.0272372,68.49774958431371,50
283.73341190000065,49.0272372,68.49774958431371,50
283.7654496000014,49.163423970000004,68.2413980172549,50
283.7977289999999,49.163423970000004,68.2413980172549,50
283.82942790000016,49.299610740000006,67.98504645019607,50
283.86143470000025,49.299610740000006,67.98504645019607,50
283.89345980000144,49.299610740000006,67.98504645019607,50
283.92550440000014,49.299610740000006,67.98504645019607,50
283.9734988,49.43579751,67.72869488313725,50
284.00543930000094,49.43579751,67.72869488313725,50
284.0374795000007,49.57198428,67.47234331607842,50
284.06950490000054,49.57198428,67.47234331607842,50
284.10143160000007,49.708171050000004,67.2159917490196,50
284.1335521000001,49.708171050000004,67.2159917490196,50
284.16544260000046,49.84435782,66.9596401819608,50
284.19741820000127,49.98054459,66.70328861490196,50
284.22957600000154,49.98054459,66.70328861490196,50
284.26142620000064,50.11673136,66.44693704784314,50
284.29345079999985,50.11673136,66.44693704784314,50
284.3255441000001,50.252918130000005,66.1905854807843,50
284.3735161000004,50.3891049,65.93423391372549,50
284.40550280000025,50.52529167,65.67788234666668,50
284.4374656,50.66147844,65.42153077960783,50
284.4694801000005,50.797665210000005,65.165179212549,50
284.50175930000114,50.93385198,64.90882764549019,50
284.5335180000002,50.93385198,64.90882764549019,50
284.5655553000015,51.07003875,64.65247607843136,50
284.59753210000054,51.206225520000004,64.39612451137255,50
284.6296166000011,51.206225520000004,64.39612451137255,50
284.6615804000012,51.342412290000006,64.1397729443137,50
284.69350029999987,51.342412290000006,64.1397729443137,50
284.7255436000014,51.47859906,63.8834213772549,50
284.77353700000094,51.47859906,63.8834213772549,50
284.80550700000094,51.47859906,63.8834213772549,50
284.8381481000015,51.47859906,63.8834213772549,50
284.8700729000011,51.47859906,63.8834213772549,50
284.9017565000013,51.61478583,63.62706981019607,50
284.9335841000011,51.61478583,63.62706981019607,50
284.9654971,51.61478583,63.62706981019607,50
284.99755170000026,51.61478583,63.62706981019607,50
285.02950650000093,51.61478583,63.62706981019607,50
285.0616097000002,51.61478583,63.62706981019607,50
285.0934277000015,51.61478583,63.62706981019607,50
285.12549020000006,51.61478583,63.62706981019607,50
285.1734443000005,51.61478583,63.62706981019607,50
285.2054382000006,51.61478583,63.62706981019607,50
285.2375974000006,51.61478583,63.62706981019607,50
285.2696859000007,51.47859906,63.8834213772549,50
285.301601000001,51.47859906,63.8834213772549,50
285.3335485000007,51.342412290000006,64.1397729443137,50
285.3654996000005,51.342412290000006,64.1397729443137,50
285.39749610000035,51.342412290000006,64.1397729443137,50
285.42947079999976,51.342412290000006,64.1397729443137,50
285.4615934000012,51.206225520000004,64.39612451137255,50
285.4935865000007,51.206225520000004,64.39612451137255,50
285.5254554000003,51.206225520000004,64.39612451137255,50
285.57351329999983,51.07003875,64.65247607843136,50
285.60562050000044,51.07003875,64.65247607843136,50
285.63760270000057,50.93385198,64.90882764549019,50
285.6694387000007,50.93385198,64.90882764549019,50
285.70158040000024,50.797665210000005,65.165179212549,50
285.73352239999986,50.797665210000005,65.165179212549,50
285.76546810000036,50.66147844,65.42153077960783,50
285.79746070000147,50.66147844,65.42153077960783,50
285.8294799000014,50.66147844,65.42153077960783,50
285.86147530000017,50.52529167,65.67788234666668,50
285.89350490000106,50.52529167,65.67788234666668,50
285.9254185000009,50.52529167,65.67788234666668,50
285.97368030000143,50.3891049,65.93423391372549,50
286.0055460000003,50.3891049,65.93423391372549,50
286.03747550000116,50.3891049,65.93423391372549,50
286.06945950000045,50.3891049,65.93423391372549,50
286.10148310000113,50.3891049,65.93423391372549,50
286.13359240000136,50.3891049,65.93423391372549,50
286.16552390000106,50.3891049,65.93423391372549,50
286.19750380000005,50.3891049,65.93423391372549,50
286.22948800000086,50.3891049,65.93423391372549,50
286.2615469000011,50.52529167,65.67788234666668,50
286.2935152000009,50.52529167,65.67788234666668,50
286.32538999999997,50.52529167,65.67788234666668,50
286.37365670000145,50.52529167,65.67788234666668,50
286.4054731000015,50.3891049,65.93423391372549,50
286.4375082000006,50.3891049,65.93423391372549,50
286.4694694000009,50.52529167,65.67788234666668,50
286.50151580000056,50.52529167,65.67788234666668,50
286.533536500001,50.66147844,65.42153077960783,50
286.56555130000015,50.797665210000005,65.165179212549,50
286.597528100001,50.797665210000005,65.165179212549,50
286.62946569999986,50.93385198,64.90882764549019,50
286.6615773000012,50.93385198,64.90882764549019,50
286.6934211000007,51.07003875,64.65247607843136,50
286.72558560000107,51.07003875,64.65247607843136,50
286.77344000000085,51.206225520000004,64.39612451137255,50
286.80545280000115,51.206225520000004,64.39612451137255,50
286.8374689000011,51.206225520000004,64.39612451137255,50
286.8694129000014,51.206225520000004,64.39612451137255,50
286.9015283000008,51.07003875,64.65247607843136,50
286.93354610000097,51.206225520000004,64.39612451137255,50
286.96546090000083,51.206225520000004,64.39612451137255,50
286.9974551000014,51.206225520000004,64.39612451137255,50
287.02946260000135,51.206225520000004,64.39612451137255,50
287.0615992000003,54.883268310000005,57.474632200784306,50
287.0936399000002,55.01945508,57.21828063372549,50
287.125449000001,55.01945508,57.21828063372549,50
287.1736603999998,55.01945508,57.21828063372549,50
287.2054336000001,55.01945508,57.21828063372549,50
287.23772550000103,51.47859906,63.8834213772549,50
287.26953780000076,51.47859906,63.8834213772549,50
287.3014708999999,51.47859906,63.8834213772549,50
287.3335196000007,51.47859906,63.8834213772549,50
287.36546199999975,51.47859906,63.8834213772549,50
287.3974543000004,51.342412290000006,64.1397729443137,50
287.42938370000047,51.342412290000006,64.1397729443137,50
287.4618569000013,54.883268310000005,57.474632200784306,50
287.4937442999999,51.206225520000004,64.39612451137255,50
287.52555140000004,51.07003875,64.65247607843136,50
287.5735349000006,51.07003875,64.65247607843136,50
287.6055422999998,54.74708154,57.73098376784313,50
287.63751200000115,54.74708154,57.73098376784313,50
287.66945490000035,54.74708154,57.73098376784313,50
287.70146600000044,54.61089477,57.98733533490196,50
287.7335088,54.474708,58.24368690196078,50
287.7655900000009,54.338521230000005,58.5000384690196,50
287.79753660000097,54.338521230000005,58.5000384690196,50
287.8295883999999,54.20233446,58.75639003607842,50
287.8618084000009,54.06614769,59.01274160313725,50
287.89352640000106,53.929960920000006,59.269093170196065,50
287.9255539000005,53.793774150000004,59.525444737254894,50
287.97356220000074,53.793774150000004,59.525444737254894,50
288.0055658000001,53.793774150000004,59.525444737254894,50
288.03759340000033,53.65758738,59.781796304313715,50
288.06951540000045,53.65758738,59.781796304313715,50
288.1014697999999,53.52140061,60.03814787137255,50
288.1334364000013,53.385213840000006,60.29449943843136,50
288.1654445000004,53.249027070000004,60.550851005490195,50
288.1979325000011,53.249027070000004,60.550851005490195,50
288.22959770000125,53.1128403,60.807202572549016,50
288.2615114,53.1128403,60.807202572549016,50
288.29348350000146,52.97665353,61.063554139607845,50
288.32544300000154,52.840466760000005,61.31990570666667,50
288.373532900001,52.840466760000005,61.31990570666667,50
288.40549160000046,52.70427999,61.57625727372549,50
288.43744570000126,52.56809322,61.83260884078432,50
288.46974930000033,52.43190645,62.08896040784314,50
288.5016581,52.43190645,62.08896040784314,50
288.53342220000013,52.295719680000005,62.34531197490195,50
288.5655026000004,52.15953291,62.601663541960775,50
288.5976488000015,52.15953291,62.601663541960775,50
288.62955200000033,52.02334614,62.858015109019604,50
288.6614429000001,52.02334614,62.858015109019604,50
288.69355370000085,51.887159370000006,63.11436667607842,50
288.72550950000004,51.887159370000006,63.11436667607842,50
288.7734698000004,51.750972600000004,63.37071824313725,50
288.8054787000001,51.61478583,63.62706981019607,50
288.8374455000012,51.61478583,63.62706981019607,50
288.86946050000006,51.47859906,63.8834213772549,50
288.9013825000002,51.47859906,63.8834213772549,50
288.933713800001,51.342412290000006,64.1397729443137,50
288.9655933000013,51.206225520000004,64.39612451137255,50
288.9975043000013,51.206225520000004,64.39612451137255,50
289.02948319999996,51.07003875,64.65247607843136,50
289.0615026000014,51.07003875,64.65247607843136,50
289.0935066000002,51.07003875,64.65247607843136,50
289.1255364000008,50.93385198,64.90882764549019,50
289.17348980000133,50.93385198,64.90882764549019,50
289.20550150000054,50.93385198,64.90882764549019,50
289.2375996999999,50.797665210000005,65.165179212549,50
289.2695070000009,50.797665210000005,65.165179212549,50
289.3017096000003,50.797665210000005,65.165179212549,50
289.3336018000009,50.66147844,65.42153077960783,50
289.3655213000002,50.66147844,65.42153077960783,50
289.3976726000001,50.66147844,65.42153077960783,50
289.4294804000001,50.66147844,65.42153077960783,50
289.46149909999986,50.66147844,65.42153077960783,50
289.4935168000011,50.52529167,65.67788234666668,50
289.52551440000025,50.52529167,65.67788234666668,50
289.57352640000136,50.52529167,65.67788234666668,50
289.6054720000011,50.3891049,65.93423391372549,50
289.637515800001,50.3891049,65.93423391372549,50
289.66978890000064,50.3891049,65.93423391372549,50
289.7014942000005,50.252918130000005,66.1905854807843,50
289.7334540000011,50.252918130000005,66.1905854807843,50
289.7654612000006,50.252918130000005,66.1905854807843,50
289.7974294000014,50.11673136,66.44693704784314,50
289.82951800000046,50.11673136,66.44693704784314,50
289.86139600000024,50.11673136,66.44693704784314,50
289.8935399000002,49.98054459,66.70328861490196,50
289.92546930000026,49.98054459,66.70328861490196,50
289.97351570000137,49.98054459,66.70328861490196,50
290.00550230000044,49.98054459,66.70328861490196,50
290.0376070000002,49.98054459,66.70328861490196,50
290.0695725000005,49.98054459,66.70328861490196,50
290.1015530000004,50.11673136,66.44693704784314,50
290.13340680000147,50.11673136,66.44693704784314,50
290.16543380000076,50.11673136,66.44693704784314,50
290.19745990000047,50.252918130000005,66.1905854807843,50
290.22940930000004,50.252918130000005,66.1905854807843,50
290.2615414000011,50.252918130000005,66.1905854807843,50
290.29338350000035,50.3891049,65.93423391372549,50
290.3254388000005,50.3891049,65.93423391372549,50
290.3733468999999,50.3891049,65.93423391372549,50
290.4055831000005,50.252918130000005,66.1905854807843,50
290.43753749999996,50.252918130000005,66.1905854807843,50
290.46950670000115,50.252918130000005,66.1905854807843,50
290.5015705000005,50.252918130000005,66.1905854807843,50
290.533382900001,50.252918130000005,66.1905854807843,50
290.5655119000003,50.252918130000005,66.1905854807843,50
290.5975217000014,50.3891049,65.93423391372549,50
290.6294587000011,50.3891049,65.93423391372549,50
290.6615371000007,50.52529167,65.67788234666668,50
290.69346340000084,50.52529167,65.67788234666668,50
290.72548650000135,50.66147844,65.42153077960783,50
290.77389570000014,50.66147844,65.42153077960783,50
290.8056176000009,50.797665210000005,65.165179212549,50
290.8375113000002,50.797665210000005,65.165179212549,50
290.8694613000007,50.797665210000005,65.165179212549,50
290.90146280000044,50.93385198,64.90882764549019,50
290.93351950000033,50.93385198,64.90882764549019,50
290.9655251000004,50.93385198,64.90882764549019,50
290.99748980000004,51.07003875,64.65247607843136,50
291.0294425000011,51.07003875,64.65247607843136,50
291.0614254000011,51.206225520000004,64.39612451137255,50
291.0934797000009,51.206225520000004,64.39612451137255,50
291.12578040000153,51.206225520000004,64.39612451137255,50
291.1736252999999,51.206225520000004,64.39612451137255,50
291.20557630000076,51.342412290000006,64.1397729443137,50
291.2374335000004,51.342412290000006,64.1397729443137,50
291.2694315000008,51.342412290000006,64.1397729443137,50
291.3014464000007,51.47859906,63.8834213772549,50
291.3334487000011,51.47859906,63.8834213772549,50
291.36551860000145,51.47859906,63.8834213772549,50
291.39744280000014,51.47859906,63.8834213772549,50
291.4294109000002,51.47859906,63.8834213772549,50
291.46142710000095,51.61478583,63.62706981019607,50
291.4936180000004,51.61478583,63.62706981019607,50
291.52547440000126,51.61478583,63.62706981019607,50
291.5734747000006,51.750972600000004,63.37071824313725,50
291.60550110000077,51.750972600000004,63.37071824313725,50
291.6375003000012,51.887159370000006,63.11436667607842,50
291.66948690000027,52.02334614,62.858015109019604,50
291.70148040000095,52.02334614,62.858015109019604,50
291.7334626000011,52.15953291,62.601663541960775,50
291.7655338000004,52.15953291,62.601663541960775,50
291.7975342000009,52.295719680000005,62.34531197490195,50
291.829479,52.295719680000005,62.34531197490195,50
291.8615692000003,52.43190645,62.08896040784314,50
291.89354230000026,52.43190645,62.08896040784314,50
291.9254646999998,52.56809322,61.83260884078432,50
291.9734700000008,52.56809322,61.83260884078432,50
292.0055140000004,52.56809322,61.83260884078432,50
292.03756240000075,52.56809322,61.83260884078432,50
292.0694990000011,52.56809322,61.83260884078432,50
292.10147920000054,52.56809322,61.83260884078432,50
292.13350979999996,52.56809322,61.83260884078432,50
292.1655303000007,52.56809322,61.83260884078432,50
292.1974500000015,52.56809322,61.83260884078432,50
292.22963359999994,52.56809322,61.83260884078432,50
292.2618584000011,52.56809322,61.83260884078432,50
292.2935585000014,52.56809322,61.83260884078432,50
292.32549740000104,52.56809322,61.83260884078432,50
292.37355879999996,52.56809322,61.83260884078432,50
292.4054928000005,52.43190645,62.08896040784314,50
292.43748980000055,52.43190645,62.08896040784314,50
292.4695169000006,52.43190645,62.08896040784314,50
292.5015070999998,52.43190645,62.08896040784314,50
292.5336029000009,52.43190645,62.08896040784314,50
292.5654970000014,52.43190645,62.08896040784314,50
292.5976064000006,52.43190645,62.08896040784314,50
292.62961180000093,52.43190645,62.08896040784314,50
292.6615159000012,52.43190645,62.08896040784314,50
292.6935813,52.43190645,62.08896040784314,50
292.7255161000012,52.43190645,62.08896040784314,50
292.773542500001,52.43190645,62.08896040784314,50
292.8054589000003,52.56809322,61.83260884078432,50
292.83743719999984,52.56809322,61.83260884078432,50
292.8694426000002,52.56809322,61.83260884078432,50
292.9014607000008,52.56809322,61.83260884078432,50
292.9334538000003,52.56809322,61.83260884078432,50
292.9654749000001,52.56809322,61.83260884078432,50
292.9975341999998,52.43190645,62.08896040784314,50
293.02943140000025,52.43190645,62.08896040784314,50
293.06144380000114,52.43190645,62.08896040784314,50
293.0934735999999,52.295719680000005,62.34531197490195,50
293.1254239000009,52.295719680000005,62.34531197490195,50
293.1734499000013,52.295719680000005,62.34531197490195,50
293.2055164000012,52.295719680000005,62.34531197490195,50
293.2374895000012,52.295719680000005,62.34531197490195,50
293.2694498000001,52.295719680000005,62.34531197490195,50
293.3014454000004,52.295719680000005,62.34531197490195,50
293.3334491000005,52.295719680000005,62.34531197490195,50
293.36547880000035,52.15953291,62.601663541960775,50
293.3974994,52.15953291,62.601663541960775,50
293.4294215000009,52.15953291,62.601663541960775,50
293.461448,52.15953291,62.601663541960775,50
293.4935105000004,52.02334614,62.858015109019604,50
293.5254803000007,52.02334614,62.858015109019604,50
293.5734826000007,51.887159370000006,63.11436667607842,50
293.60548540000127,51.887159370000006,63.11436667607842,50
293.63747479999984,51.750972600000004,63.37071824313725,50
293.66978480000034,51.61478583,63.62706981019607,50
293.70161160000134,51.61478583,63.62706981019607,50
293.73359340000025,51.47859906,63.8834213772549,50
293.76548660000117,51.47859906,63.8834213772549,50
293.79744590000155,51.47859906,63.8834213772549,50
293.8295345000006,51.47859906,63.8834213772549,50
293.8614488000003,51.47859906,63.8834213772549,50
293.89349460000085,51.47859906,63.8834213772549,50
293.9254899000007,51.47859906,63.8834213772549,50
293.97347770000124,51.47859906,63.8834213772549,50
294.00552160000007,51.47859906,63.8834213772549,50
294.0374709000007,51.47859906,63.8834213772549,50
294.06983840000066,51.47859906,63.8834213772549,50
294.1016295999998,51.47859906,63.8834213772549,50
294.13349350000135,51.47859906,63.8834213772549,50
294.16550760000064,51.47859906,63.8834213772549,50
294.1974828000002,51.47859906,63.8834213772549,50
294.22954630000095,51.342412290000006,64.1397729443137,50
294.26141280000047,51.342412290000006,64.1397729443137,50
294.29343320000044,51.342412290000006,64.1397729443137,50
294.3254553000006,51.342412290000006,64.1397729443137,50
294.37347039999986,51.342412290000006,64.1397729443137,50
294.40543960000105,51.47859906,63.8834213772549,50
294.43742810000003,51.47859906,63.8834213772549,50
294.4697849000004,51.47859906,63.8834213772549,50
294.5014316000015,51.61478583,63.62706981019607,50
294.53344780000043,51.61478583,63.62706981019607,50
294.5654121000007,51.61478583,63.62706981019607,50
294.5974655000009,51.61478583,63.62706981019607,50
294.6294560000006,51.750972600000004,63.37071824313725,50
294.66148670000075,51.750972600000004,63.37071824313725,50
294.69347259999995,51.750972600000004,63.37071824313725,50
294.72549810000055,51.750972600000004,63.37071824313725,50
294.77350210000077,51.750972600000004,63.37071824313725,50
294.80560380000134,51.887159370000006,63.11436667607842,50
294.83753010000146,51.887159370000006,63.11436667607842,50
294.8695466999998,51.887159370000006,63.11436667607842,50
294.9022007000003,51.887159370000006,63.11436667607842,50
294.9333906000011,51.750972600000004,63.37071824313725,50
294.96548600000096,51.750972600000004,63.37071824313725,50
294.9975447000015,51.750972600000004,63.37071824313725,50
295.02948670000114,48.210116580000005,70.03585898666665,50
295.0615464000002,51.61478583,63.62706981019607,50
295.093433,51.750972600000004,63.37071824313725,50
295.1254792,51.61478583,63.62706981019607,50
295.173444,51.61478583,63.62706981019607,50
295.2056631000014,51.61478583,63.62706981019607,50
295.2376013000012,51.47859906,63.8834213772549,50
295.26947199999995,51.47859906,63.8834213772549,50
295.30154230000153,51.342412290000006,64.1397729443137,50
295.3334243999998,51.342412290000006,64.1397729443137,50
295.3654935000013,51.342412290000006,64.1397729443137,50
295.3974997000005,51.342412290000006,64.1397729443137,50
295.4294822000011,51.206225520000004,64.39612451137255,50
295.46147050000036,51.206225520000004,64.39612451137255,50
295.49354029999995,51.206225520000004,64.39612451137255,50
295.5254753999998,51.07003875,64.65247607843136,50
295.5737955000004,47.665369500000004,71.06126525490197,50
295.60555900000145,47.665369500000004,71.06126525490197,50
295.63746250000077,47.665369500000004,71.06126525490197,50
295.66946520000056,47.665369500000004,71.06126525490197,50
295.70154250000087,47.52918273,71.31761682196078,50
295.73356610000155,47.52918273,71.31761682196078,50
295.76549200000045,47.52918273,71.31761682196078,50
295.79746440000054,47.52918273,71.31761682196078,50
295.82943820000037,47.52918273,71.31761682196078,50
295.861555200001,47.52918273,71.31761682196078,50
295.89354380000077,47.665369500000004,71.06126525490197,50
295.92557529999976,47.665369500000004,71.06126525490197,50
295.97368330000063,47.665369500000004,71.06126525490197,50
296.0054645,47.665369500000004,71.06126525490197,50
296.0373625000011,47.665369500000004,71.06126525490197,50
296.0694174,47.80155627,70.80491368784314,50
296.1014731000014,47.80155627,70.80491368784314,50
296.1335130000007,47.80155627,70.80491368784314,50
296.1654257000009,47.93774304,70.54856212078433,50
296.1974336000003,48.07392981,70.29221055372548,50
296.2294708999998,48.07392981,70.29221055372548,50
296.2614416000015,48.210116580000005,70.03585898666665,50
296.29350930000146,48.210116580000005,70.03585898666665,50
296.3254624000001,48.34630335,69.77950741960784,50
296.37348270000075,48.48249012,69.52315585254901,50
296.4054773000007,48.48249012,69.52315585254901,50
296.43747200000143,48.61867689,69.2668042854902,50
296.4694636000004,48.754863660000005,69.01045271843135,50
296.5015314000011,48.89105043,68.75410115137255,50
296.5334713000011,48.89105043,68.75410115137255,50
296.5654408999999,49.0272372,68.49774958431371,50
296.59749060000104,49.163423970000004,68.2413980172549,50
296.62950420000016,49.299610740000006,67.98504645019607,50
296.66161009999996,49.43579751,67.72869488313725,50
296.69376720000037,49.57198428,67.47234331607842,50
296.72558019999997,49.708171050000004,67.2159917490196,50
296.77356260000124,49.84435782,66.9596401819608,50
296.8054271000001,49.98054459,66.70328861490196,50
296.8374480000002,50.11673136,66.44693704784314,50
296.86943600000086,50.252918130000005,66.1905854807843,50
296.90147940000134,50.3891049,65.93423391372549,50
296.9335299000013,50.52529167,65.67788234666668,50
296.96565940000073,50.66147844,65.42153077960783,50
296.99752550000085,50.797665210000005,65.165179212549,50
297.02964430000065,50.93385198,64.90882764549019,50
297.06163170000036,51.07003875,64.65247607843136,50
297.09358930000053,51.206225520000004,64.39612451137255,50
297.1255326999999,51.342412290000006,64.1397729443137,50
297.17345790000036,51.47859906,63.8834213772549,50
297.2054466999998,51.47859906,63.8834213772549,50
297.2374445000005,51.47859906,63.8834213772549,50
297.2693981000011,51.61478583,63.62706981019607,50
297.30150590000085,51.61478583,63.62706981019607,50
297.3334476,51.61478583,63.62706981019607,50
297.36546590000034,51.61478583,63.62706981019607,50
297.397552800001,51.61478583,63.62706981019607,50
297.42971709999983,51.61478583,63.62706981019607,50
297.46159910000097,51.61478583,63.62706981019607,50
297.49340630000006,51.750972600000004,63.37071824313725,50
297.5254455000013,51.750972600000004,63.37071824313725,50
297.55743210000037,51.750972600000004,63.37071824313725,50
297.6054397000007,51.750972600000004,63.37071824313725,50
297.63739180000084,51.750972600000004,63.37071824313725,50
297.669485800001,51.750972600000004,63.37071824313725,50
297.7014861000007,51.750972600000004,63.37071824313725,50
297.73365150000063,51.750972600000004,63.37071824313725,50
297.7655203000013,51.61478583,63.62706981019607,50
297.7975540000007,51.61478583,63.62706981019607,50
297.8294534000015,51.61478583,63.62706981019607,50
297.86141060000045,51.61478583,63.62706981019607,50
297.8933820000002,51.61478583,63.62706981019607,50
297.92541859999983,51.61478583,63.62706981019607,50
297.9574102000006,51.61478583,63.62706981019607,50
298.0054615000008,51.61478583,63.62706981019607,50
298.0374944000014,51.61478583,63.62706981019607,50
298.0694706000013,51.61478583,63.62706981019607,50
298.10152480000033,51.750972600000004,63.37071824313725,50
298.133594500001,51.750972600000004,63.37071824313725,50
298.1657003,51.750972600000004,63.37071824313725,50
298.19730490000074,51.750972600000004,63.37071824313725,50
298.22944220000136,51.750972600000004,63.37071824313725,50
298.2615108000009,51.61478583,63.62706981019607,50
298.2934984000003,51.61478583,63.62706981019607,50
298.3255631000011,51.47859906,63.8834213772549,50
298.35750220000045,51.342412290000006,64.1397729443137,50
298.4055505000015,51.342412290000006,64.1397729443137,50
298.43751090000114,51.342412290000006,64.1397729443137,50
298.46934350000083,51.206225520000004,64.39612451137255,50
298.501699800001,55.01945508,57.21828063372549,50
298.53373340000144,54.883268310000005,57.474632200784306,50
298.5654745000011,54.883268310000005,57.474632200784306,50
298.59759590000067,54.883268310000005,57.474632200784306,50
298.6295091000011,54.883268310000005,57.474632200784306,50
298.66148130000147,54.883268310000005,57.474632200784306,50
298.69350400000076,54.74708154,57.73098376784313,50
298.7254573000009,54.74708154,57.73098376784313,50
298.75750640000115,54.61089477,57.98733533490196,50
298.8054565000002,54.61089477,57.98733533490196,50
298.8374758000009,54.474708,58.24368690196078,50
298.86997520000114,54.338521230000005,58.5000384690196,50
298.90181029999985,54.338521230000005,58.5000384690196,50
298.93344140000045,54.338521230000005,58.5000384690196,50
298.9654208000011,54.20233446,58.75639003607842,50
298.9975051000001,54.20233446,58.75639003607842,50
299.02946040000097,54.06614769,59.01274160313725,50
299.06147410000085,54.06614769,59.01274160313725,50
299.09346390000064,53.929960920000006,59.269093170196065,50
299.1254734000013,53.793774150000004,59.525444737254894,50
299.1573939000009,53.793774150000004,59.525444737254894,50
299.2054275999999,53.65758738,59.781796304313715,50
299.2374054000011,53.65758738,59.781796304313715,50
299.2694726000009,53.65758738,59.781796304313715,50
299.30143240000143,53.52140061,60.03814787137255,50
299.3334711000007,53.52140061,60.03814787137255,50
299.36542850000114,53.385213840000006,60.29449943843136,50
299.39750880000065,53.249027070000004,60.550851005490195,50
299.42948940000133,53.1128403,60.807202572549016,50
299.46145849999994,52.97665353,61.063554139607845,50
299.49361490000047,52.840466760000005,61.31990570666667,50
299.5254636000009,52.840466760000005,61.31990570666667,50
299.55746440000075,52.70427999,61.57625727372549,50
299.605717800001,52.70427999,61.57625727372549,50
299.63768100000016,52.56809322,61.83260884078432,50
299.6694471999999,52.56809322,61.83260884078432,50
299.7014235000006,52.43190645,62.08896040784314,50
299.73343209999985,52.43190645,62.08896040784314,50
299.7655773000006,52.295719680000005,62.34531197490195,50
299.79746350000096,52.295719680000005,62.34531197490195,50
299.82947500000046,52.295719680000005,62.34531197490195,50
299.86148649999996,52.15953291,62.601663541960775,50
299.8933730000008,52.15953291,62.601663541960775,50
299.92553150000094,52.02334614,62.858015109019604,50
299.95733100000143,52.02334614,62.858015109019604,50
300.00563150000016,51.887159370000006,63.11436667607842,50
300.0374797000004,51.750972600000004,25.723659419607834,30
300.0694777000008,51.61478583,25.980010986666663,30
300.1014970000015,51.61478583,25.980010986666663,30
300.1334877999998,51.47859906,26.236362553725495,30
300.16549900000064,51.47859906,26.236362553725495,30
300.19751840000026,51.342412290000006,26.492714120784306,30
300.2294952000011,51.342412290000006,26.492714120784306,30
300.26153410000006,51.206225520000004,26.74906568784313,30
300.29352579999977,51.206225520000004,26.74906568784313,30
300.3253652000003,51.07003875,27.00541725490196,30
300.3575716000014,50.93385198,27.261768821960786,30
300.4054756000005,50.66147844,27.77447195607843,30
300.4375032000007,50.52529167,28.030823523137254,30
300.4695279000007,50.252918130000005,28.54352665725489,30
300.5014768000001,50.11673136,28.79987822431372,30
300.5334425000001,49.84435782,29.312581358431373,30
300.5654052000009,49.43579751,30.081636059607842,30
300.597424900001,49.0272372,30.850690760784317,30
300.6295276000001,48.754863660000005,31.363393894901954,30
300.6613498000006,48.210116580000005,32.38880016313725,30
300.69333610000103,47.80155627,33.15785486431373,30
300.725554300001,47.39299596,33.92690956549019,30
300.7576031000008,46.98443565,34.695964266666664,30
300.8054325000012,46.43968857,35.721370534901965,30
300.8374577000013,46.03112826,36.49042523607843,30
300.8694424000005,45.48638118,37.515831504313724,30
300.90146920000007,45.077820870000004,38.28488620549019,30
300.9335159000002,44.53307379,39.31029247372548,30
300.9655505999999,43.98832671,40.33569874196078,30
300.99750010000025,43.30739286,41.6174565772549,30
301.0294810000014,42.76264578,42.6428628454902,30
301.0613979000009,42.2178987,43.66826911372549,30
301.0938108999999,41.536964850000004,44.9500269490196,30
301.12564139999995,40.99221777,45.975433217254896,30
301.1574868000007,40.31128392,47.25719105254902,30
301.2055841000001,39.63035007,48.53894888784314,30
301.2374746000005,39.08560299,49.564355156078435,30
301.2694721000007,38.40466914,50.846112991372536,30
301.30149920000076,37.72373529,52.127870826666665,30
301.3334739000002,37.04280144,53.409628661960795,30
301.36548680000124,36.36186759,54.69138649725489,30
301.39749649999976,35.68093374,55.97314433254902,30
301.42946800000027,34.99999989,57.25490216784315,30
301.4616225999998,34.18287927,58.79301157019607,30
301.4937559000009,33.63813219,59.81841783843137,30
301.5254738000003,32.957198340000005,61.10017567372549,30
301.5574116000007,32.27626449,62.3819335090196,30
301.60546200000135,31.595330640000004,63.66369134431372,30
301.6375917000005,31.322957100000004,64.17639447843136,30
301.66942850000123,30.642023250000005,65.45815231372548,30
301.70148880000124,30.097276170000004,66.48355858196078,30
301.7334767000011,29.552529090000004,67.50896485019608,30
301.76549440000053,28.871595240000005,68.79072268549018,30
301.79748500000096,28.190661390000002,70.07248052078431,30
301.82968020000044,27.509727540000004,71.35423835607843,30
301.8615980000013,26.828793690000005,72.63599619137253,30
301.89351570000144,26.147859840000002,73.91775402666666,30
301.92542590000085,25.466925990000004,75.19951186196077,30
301.9574181000007,24.785992140000005,76.48126969725489,30
302.00544400000035,23.968871520000004,78.01937909960783,30
302.03740330000073,23.424124440000003,79.04478536784313,30
302.0694613000014,22.743190590000005,80.32654320313725,30
302.10142630000155,22.198443510000004,81.35194947137254,30
302.13392680000106,21.789883200000002,82.12100417254902,30
302.1658636000011,21.381322890000003,82.89005887372548,30
302.1975398000013,20.972762580000005,83.65911357490194,30
302.2296344000006,20.564202270000003,84.42816827607842,30
302.26149070000065,20.155641960000004,85.1972229772549,30
302.2934648999999,19.747081650000002,85.96627767843137,30
302.3254900000011,19.338521340000003,86.73533237960783,30
302.35751230000096,18.929961030000005,87.50438708078431,30
302.4054119000011,18.521400720000003,88.27344178196078,30
302.4374158999999,18.249027180000002,88.78614491607843,30
302.46959360000074,17.976653640000002,89.29884805019609,30
302.50186940000094,17.704280100000002,89.81155118431371,30
302.53349940000044,17.43190656,90.32425431843137,30
302.5655518000003,17.295719790000003,90.58060588549019,30
302.59755680000126,17.023346250000003,91.09330901960784,30
302.6295263000011,16.88715948,91.34966058666667,30
302.6615225000005,16.750972710000003,91.60601215372549,30
302.69347560000097,16.61478594,91.86236372078432,30
302.7254300000004,16.61478594,91.86236372078432,30
302.75746919999983,16.478599170000003,92.11871528784312,30
302.80544999999984,16.3424124,92.37506685490196,30
302.8374352999999,16.3424124,92.37506685490196,30
302.86950330000036,16.3424124,92.37506685490196,30
302.90162150000106,16.206225630000002,92.63141842196079,30
302.93352550000054,16.206225630000002,92.63141842196079,30
302.9655294000004,16.206225630000002,92.63141842196079,30
302.99750889999996,16.3424124,92.37506685490196,30
303.02950020000026,16.3424124,92.37506685490196,30
303.0614585000003,16.478599170000003,92.11871528784312,30
303.0935449000008,16.61478594,91.86236372078432,30
303.12550550000014,16.750972710000003,91.60601215372549,30
303.15750450000087,17.023346250000003,91.09330901960784,30
303.2054567000014,17.15953302,90.83695745254902,30
303.2374548000007,17.43190656,90.32425431843137,30
303.26947910000126,17.568093330000004,90.06790275137254,30
303.3015642999999,17.976653640000002,89.29884805019609,30
303.33360020000146,18.249027180000002,88.78614491607843,30
303.3654880000013,18.521400720000003,88.27344178196078,30
303.39756510000007,18.929961030000005,87.50438708078431,30
303.42941670000073,18.657587490000004,88.01709021490196,30
303.4615451999998,18.929961030000005,87.50438708078431,30
303.4934950000006,19.338521340000003,86.73533237960783,30
303.5254971000013,19.747081650000002,85.96627767843137,30
303.5575286000003,20.019455190000002,85.45357454431372,30
303.6054991000001,20.564202270000003,84.42816827607842,30
303.6374323,20.972762580000005,83.65911357490194,30
303.66953939999985,21.381322890000003,82.89005887372548,30
303.7015446000005,21.789883200000002,82.12100417254902,30
303.7335092000012,22.334630280000003,81.09559790431372,30
303.7653624000013,22.743190590000005,80.32654320313725,30
303.7974316,23.287937670000005,79.30113693490195,30
303.82948000000033,23.832684750000002,78.27573066666666,30
303.86148140000114,24.241245060000004,77.50667596549017,30
303.89357650000056,24.785992140000005,76.48126969725489,30
303.92546670000047,25.330739220000005,75.4558634290196,30
303.9574635000008,25.875486300000002,74.43045716078431,30
304.00536420000026,26.420233380000003,73.40505089254901,30
304.0376733000012,26.964980460000003,72.37964462431373,30
304.06961779999983,27.373540770000005,71.61058992313724,30
304.10141440000007,27.918287850000006,70.58518365490195,30
304.13348960000076,28.463034930000003,69.55977738666667,30
304.16565770000125,28.871595240000005,68.79072268549018,30
304.197471200001,29.416342320000005,67.76531641725488,30
304.2295184000013,29.961089400000006,66.7399101490196,30
304.2614663000004,30.505836480000003,65.7145038807843,30
304.29345860000103,31.050583560000003,64.68909761254902,30
304.3256665000008,31.595330640000004,63.66369134431372,30
304.35744890000024,32.14007772,62.63828507607844,30
304.40614370000003,32.6848248,61.61287880784314,30
304.4377185000012,33.365758650000004,60.331120972549016,30
304.4694462000007,33.910505730000004,59.305714704313715,30
304.5014213000013,34.31906604,58.53666000313724,30
304.53348430000005,34.99999989,57.25490216784315,30
304.5654996000012,35.54474697,56.22949589960785,30
304.59754580000117,36.08949405,55.20408963137255,30
304.6295355000002,36.498054360000005,54.43503493019607,30
304.6614425000007,37.04280144,53.409628661960795,30
304.6934562000006,37.58754852,52.3842223937255,30
304.7254721999998,38.1322956,51.3588161254902,30
304.75746550000076,38.540855910000005,50.589761424313714,30
304.80565430000024,39.08560299,49.564355156078435,30
304.83794920000037,39.494163300000004,48.795300454901955,30
304.8694075000003,40.038910380000004,47.76989418666666,30
304.9014435000008,40.44747069,47.00083948549019,30
304.9334293000011,40.856031,46.231784784313724,30
304.9654588000012,41.26459131,45.46273008313725,30
304.9975350000004,41.67315162,44.69367538196079,30
305.02936840000075,42.081711930000004,43.9246206807843,30
305.0614701000013,42.35408547,43.411917546666665,30
305.09344430000056,42.626459010000005,42.899214412549014,30
305.12543580000056,43.03501932,42.13015971137254,30
305.1575619000014,43.30739286,41.6174565772549,30
305.2054224000003,43.579766400000004,41.10475344313725,30
305.2375142000001,43.85213994,40.59205030901961,30
305.26941890000126,44.124513480000005,40.079347174901955,30
305.30137690000083,44.39688702,39.56664404078431,30
305.333458000001,44.669260560000005,39.053940906666654,30
305.36545509999996,44.80544733,38.79758933960784,30
305.39742600000136,44.9416341,38.54123777254902,30
305.4295106999998,45.077820870000004,38.28488620549019,30
305.4613739000015,45.214007640000005,38.02853463843136,30
305.4934774000012,45.35019441,37.77218307137255,30
305.52573850000044,45.48638118,37.515831504313724,30
305.5576082000007,45.48638118,37.515831504313724,30
305.60545319999983,45.48638118,37.515831504313724,30
305.63746450000144,45.622567950000004,37.259479937254895,30
305.6695060000002,45.622567950000004,37.259479937254895,30
305.7015570000003,45.48638118,37.515831504313724,30
305.73349300000154,45.48638118,37.515831504313724,30
305.76542340000015,45.35019441,37.77218307137255,30
305.7974813000001,45.35019441,37.77218307137255,30
305.829482000001,45.077820870000004,38.28488620549019,30
305.8614128999998,44.9416341,38.54123777254902,30
305.89374150000003,44.80544733,38.79758933960784,30
305.92558009999993,44.53307379,39.31029247372548,30
305.95743760000005,44.39688702,39.56664404078431,30
306.0054447000002,44.124513480000005,40.079347174901955,30
306.0374208000012,43.85213994,40.59205030901961,30
306.0694581000007,43.579766400000004,41.10475344313725,30
306.1014644000006,43.30739286,41.6174565772549,30
306.13349650000055,43.03501932,42.13015971137254,30
306.16546130000097,42.76264578,42.6428628454902,30
306.19741520000025,42.49027224,43.15556597960784,30
306.22946220000085,42.2178987,43.66826911372549,30
306.2615053999998,41.94552516,44.18097224784313,30
306.2935223000004,41.67315162,44.69367538196079,30
306.3254484000008,41.26459131,45.46273008313725,30
306.3574556000003,40.856031,46.231784784313724,30
306.405451300001,40.44747069,47.00083948549019,30
306.43741170000067,40.038910380000004,47.76989418666666,30
306.4694507000004,39.63035007,48.53894888784314,30
306.5014390000015,39.22178976,49.30800358901961,30
306.53348630000073,38.67704268,50.33340985725489,30
306.5655112000004,38.26848237,51.10246455843137,30
306.59734860000026,37.85992206,51.871519259607844,30
306.62950810000075,37.451361750000004,52.64057396078431,30
306.661493900001,37.04280144,53.409628661960795,30
306.6934105,36.498054360000005,54.43503493019607,30
306.7255516000005,36.08949405,55.20408963137255,30
306.7573529000001,35.68093374,55.97314433254902,30
306.80547000000115,35.27237343,56.74219903372549,30
306.8373509000012,34.86381312,57.511253734901956,30
306.8694250000008,34.455252810000005,58.28030843607842,30
306.9014050000005,33.910505730000004,59.305714704313715,30
306.9334123000008,33.501945420000006,60.07476940549018,30
306.9654850000006,33.501945420000006,60.07476940549018,30
306.99781670000084,33.09338511,60.843824106666666,30
307.02949310000076,32.54863803,61.86923037490196,30
307.06140349999987,32.14007772,62.63828507607844,30
307.0934367000009,31.731517410000006,63.40733977725489,30
307.1254069000006,31.322957100000004,64.17639447843136,30
307.15751270000146,30.778210020000003,65.20180074666666,30
307.2054100000005,30.369649710000004,65.97085544784314,30
307.2374815000003,29.961089400000006,66.7399101490196,30
307.26941330000045,29.552529090000004,67.50896485019608,30
307.3014254000009,29.007782010000003,68.53437111843137,30
307.33355050000137,28.599221700000005,69.30342581960784,30
307.3657103000005,28.190661390000002,70.07248052078431,30
307.39761499999986,27.645914310000006,71.0978867890196,30
307.4293890000008,27.237354000000003,71.86694149019608,30
307.4614178000011,26.556420150000005,73.14869932549018,30
307.4934903000012,26.284046610000004,73.66140245960783,30
307.5255302000005,25.875486300000002,74.43045716078431,30
307.55756790000123,25.739299530000004,74.68680872784313,30
307.60551850000047,25.330739220000005,75.4558634290196,30
307.6375336000001,24.922178910000003,76.22491813019607,30
307.66949829999976,24.649805370000003,76.73762126431373,30
307.70139410000047,24.241245060000004,77.50667596549017,30
307.7335570000014,23.968871520000004,78.01937909960783,30
307.7654768000011,23.696497980000004,78.53208223372549,30
307.7974167000011,23.424124440000003,79.04478536784313,30
307.82946830000037,23.151750900000003,79.55748850196078,30
307.86138440000104,23.015564130000005,79.81384006901959,30
307.89351480000005,22.743190590000005,80.32654320313725,30
307.9253563000002,22.607003820000003,80.58289477019608,30
307.95736410000063,22.470817050000004,80.83924633725489,30
308.0054187000005,22.334630280000003,81.09559790431372,30
308.03737320000073,22.198443510000004,81.35194947137254,30
308.0694596000012,22.062256740000002,81.60830103843138,30
308.1016647000015,21.926069970000004,81.86465260549018,30
308.13354100000106,21.789883200000002,82.12100417254902,30
308.16531680000116,21.789883200000002,82.12100417254902,30
308.19741460000114,21.789883200000002,82.12100417254902,30
308.2294391000014,21.653696430000004,82.37735573960782,30
308.2614599000008,21.789883200000002,82.12100417254902,30
308.2934890000015,21.789883200000002,82.12100417254902,30
308.3254033000012,21.789883200000002,82.12100417254902,30
308.35743960000036,21.789883200000002,82.12100417254902,30
308.40547909999987,21.926069970000004,81.86465260549018,30
308.43739319999986,21.926069970000004,81.86465260549018,30
308.46952070000043,22.062256740000002,81.60830103843138,30
308.50170080000134,22.198443510000004,81.35194947137254,30
308.53340519999983,22.334630280000003,81.09559790431372,30
308.56553840000015,22.470817050000004,80.83924633725489,30
308.5974182000009,22.607003820000003,80.58289477019608,30
308.62947710000117,22.743190590000005,80.32654320313725,30
308.66145510000024,22.879377360000003,80.07019163607842,30
308.6934656000012,23.151750900000003,79.55748850196078,30
308.72561190000124,23.287937670000005,79.30113693490195,30
308.7575495000001,23.424124440000003,79.04478536784313,30
308.8054811000002,23.560311210000005,78.78843380078429,30
308.8376662999999,23.696497980000004,78.53208223372549,30
308.86957990000155,23.968871520000004,78.01937909960783,30
308.9014435000008,24.105058290000002,77.76302753254902,30
308.9334895000011,24.377431830000003,77.25032439843137,30
308.96546950000084,24.649805370000003,76.73762126431373,30
308.9974751000009,24.922178910000003,76.22491813019607,30
309.02949850000005,25.194552450000003,75.71221499607843,30
309.06152440000005,25.466925990000004,75.19951186196077,30
309.09345589999975,25.739299530000004,74.68680872784313,30
309.1253969999998,26.011673070000004,74.17410559372549,30
309.15740600000026,26.284046610000004,73.66140245960783,30
309.20553550000113,26.556420150000005,73.14869932549018,30
309.2375527000004,26.828793690000005,72.63599619137253,30
309.2694465000004,27.237354000000003,71.86694149019608,30
309.3014105000002,27.645914310000006,71.0978867890196,30
309.3334536000002,27.918287850000006,70.58518365490195,30
309.36548010000115,28.326848160000004,69.81612895372548,30
309.39756920000036,28.735408470000003,69.04707425254901,30
309.4293854000007,29.007782010000003,68.53437111843137,30
309.4614459000004,29.416342320000005,67.76531641725488,30
309.49343360000057,29.688715860000006,67.25261328313724,30
309.5253993000006,29.961089400000006,66.7399101490196,30
309.557480200001,30.369649710000004,65.97085544784314,30
309.6054827000007,30.778210020000003,65.20180074666666,30
309.63748699999996,31.186770330000005,64.43274604549019,30
309.6695129,31.459143870000005,63.92004291137253,30
309.7014083000013,31.867704180000004,63.15098821019607,30
309.73341190000065,32.14007772,62.63828507607844,30
309.76542710000103,32.412451260000005,62.12558194196078,30
309.79739060000065,32.6848248,61.61287880784314,30
309.8294782000012,32.412451260000005,62.12558194196078,30
309.86139940000066,32.6848248,61.61287880784314,30
309.8933543000003,33.09338511,60.843824106666666,30
309.9253669999998,33.365758650000004,60.331120972549016,30
309.95755330000065,33.63813219,59.81841783843137,30
310.0054581000004,33.910505730000004,59.305714704313715,30
310.0374679000015,34.31906604,58.53666000313724,30
310.0694271000011,34.72762635,57.76760530196079,30
310.1015101000012,34.99999989,57.25490216784315,30
310.1335284000015,35.408560200000004,56.48584746666666,30
310.1654765000003,36.36186759,54.69138649725489,30
310.19746810000106,36.63424113,54.178683363137246,30
310.22940390000076,36.36186759,54.69138649725489,30
310.26144510000086,36.63424113,54.178683363137246,30
310.29348800000116,36.90661467,53.665980229019596,30
310.32571030000145,37.17898821,53.153277094901966,30
310.3575567000007,37.451361750000004,52.64057396078431,30
310.40545010000096,37.85992206,51.871519259607844,30
310.4374243000002,38.1322956,51.3588161254902,30
310.4694502000002,38.40466914,50.846112991372536,30
310.50144309999996,38.67704268,50.33340985725489,30
310.5334920000005,38.81322945,50.07705829019608,30
310.5653419999999,39.08560299,49.564355156078435,30
310.5974531000011,39.35797653,49.051652021960784,30
310.6294811000007,39.494163300000004,48.795300454901955,30
310.66140390000146,39.76653684,48.28259732078431,30
310.6934975000004,39.90272361,48.02624575372549,30
310.7256083000011,40.17509715,47.51354261960785,30
310.7574368000005,40.31128392,47.25719105254902,30
310.8055144000009,40.44747069,47.00083948549019,30
310.8373863000015,40.583657460000005,46.74448791843137,30
310.86937430000035,40.71984423,46.48813635137255,30
310.90142470000137,40.71984423,46.48813635137255,30
310.93344550000074,40.856031,46.231784784313724,30
310.9654635000006,40.99221777,45.975433217254896,30
310.99734810000155,40.99221777,45.975433217254896,30
311.0293863000006,40.99221777,45.975433217254896,30
311.06149619999997,40.99221777,45.975433217254896,30
311.0934326000006,40.99221777,45.975433217254896,30
311.12556790000053,40.99221777,45.975433217254896,30
311.1574004000013,40.99221777,45.975433217254896,30
311.2054042,40.99221777,45.975433217254896,30
311.2374015000005,40.856031,46.231784784313724,30
311.2694689,40.856031,46.231784784313724,30
311.3014277000002,40.71984423,46.48813635137255,30
311.3334444000011,40.71984423,46.48813635137255,30
311.3653955000009,40.583657460000005,46.74448791843137,30
311.39741160000085,40.44747069,47.00083948549019,30
311.4295382,40.31128392,47.25719105254902,30
311.46157570000105,40.17509715,47.51354261960785,30
311.4934514000015,40.038910380000004,47.76989418666666,30
311.52544880000096,39.90272361,48.02624575372549,30
311.55750120000084,39.76653684,48.28259732078431,30
311.60544970000046,39.63035007,48.53894888784314,30
311.6374362000006,39.35797653,49.051652021960784,30
311.6695705000002,39.08560299,49.564355156078435,30
311.70143030000145,38.94941622,49.82070672313725,30
311.73336590000144,38.67704268,50.33340985725489,30
311.76543910000146,38.40466914,50.846112991372536,30
311.7978258000003,38.1322956,51.3588161254902,30
311.8296814000005,37.85992206,51.871519259607844,30
311.8614780000007,37.58754852,52.3842223937255,30
311.8934556000004,37.31517498,52.896925527843145,30
311.9254546000011,37.04280144,53.409628661960795,30
311.9574085000004,36.7704279,53.922331796078424,30
312.00543910000124,36.498054360000005,54.43503493019607,30
312.0374608000002,36.22568082,54.947738064313725,30
312.0694373000006,35.953307280000004,55.46044119843137,30
312.1015124000005,35.54474697,56.22949589960785,30
312.1334295000015,35.27237343,56.74219903372549,30
312.1655511000008,34.86381312,57.511253734901956,30
312.19743910000034,34.59143958,58.023956869019614,30
312.22934800000075,34.18287927,58.79301157019607,30
312.2613934000001,33.910505730000004,59.305714704313715,30
312.2934270000005,33.63813219,59.81841783843137,30
312.3253629999999,33.22957188,60.587472539607845,30
312.357446,32.957198340000005,61.10017567372549,30
312.4054089000001,32.6848248,61.61287880784314,30
312.43736100000024,32.27626449,62.3819335090196,30
312.4693939000008,32.003890950000006,62.89463664313723,30
312.5013703000004,31.731517410000006,63.40733977725489,30
312.5334902000013,31.459143870000005,63.92004291137253,30
312.5655330999998,31.050583560000003,64.68909761254902,30
312.5973740999998,30.778210020000003,65.20180074666666,30
312.6293835000015,30.505836480000003,65.7145038807843,30
312.6613795000012,30.233462940000006,66.22720701490195,30
312.6935233000004,29.824902630000004,66.99626171607844,30
312.7254492000011,29.552529090000004,67.50896485019608,30
312.7574177000006,29.280155550000003,68.02166798431372,30
312.80543709999984,28.871595240000005,68.79072268549018,30
312.837366400001,28.599221700000005,69.30342581960784,30
312.86946380000154,28.326848160000004,69.81612895372548,30
312.9014872000007,28.054474620000004,70.32883208784313,30
312.93339560000095,27.645914310000006,71.0978867890196,30
312.9654414000015,27.509727540000004,71.35423835607843,30
312.9973140000002,27.237354000000003,71.86694149019608,30
313.0294418000012,26.828793690000005,72.63599619137253,30
313.0614190000015,26.692606920000003,72.89234775843137,30
313.0934234000015,26.420233380000003,73.40505089254901,30
313.125486500001,26.284046610000004,73.66140245960783,30
313.1574689000008,26.011673070000004,74.17410559372549,30
313.2055248000015,25.739299530000004,74.68680872784313,30
313.2373957,25.603112760000005,74.94316029490194,30
313.26960770000005,25.330739220000005,75.4558634290196,30
313.30154550000043,25.194552450000003,75.71221499607843,30
313.333442000001,24.922178910000003,76.22491813019607,30
313.3654445000011,24.785992140000005,76.48126969725489,30
313.3974956000002,24.649805370000003,76.73762126431373,30
313.4294329000004,24.513618600000004,76.99397283137253,30
313.46146170000065,24.513618600000004,76.99397283137253,30
313.4934344000012,24.377431830000003,77.25032439843137,30
313.52546040000016,24.241245060000004,77.50667596549017,30
313.5575172000008,24.105058290000002,77.76302753254902,30
313.6053606000005,24.785992140000005,76.48126969725489,30
313.6377540000012,23.832684750000002,78.27573066666666,30
313.6695129,23.832684750000002,78.27573066666666,30
313.7014280000003,23.832684750000002,78.27573066666666,30
313.73347020000074,24.513618600000004,76.99397283137253,30
313.76551050000126,24.513618600000004,76.99397283137253,30
313.7974610000001,24.513618600000004,76.99397283137253,30
313.82939369999986,24.513618600000004,76.99397283137253,30
313.86140820000037,24.513618600000004,76.99397283137253,30
313.8934390000013,24.513618600000004,76.99397283137253,30
313.92544290000114,24.513618600000004,76.99397283137253,30
313.9575292999998,24.513618600000004,76.99397283137253,30
314.0054645,24.513618600000004,76.99397283137253,30
314.0375561000001,24.513618600000004,76.99397283137253,30
314.06938420000006,24.513618600000004,76.99397283137253,30
314.10133529999985,23.832684750000002,78.27573066666666,30
314.1333924999999,24.785992140000005,76.48126969725489,30
314.16540690000147,24.105058290000002,77.76302753254902,30
314.19743780000135,24.241245060000004,77.50667596549017,30
314.22940370000106,24.377431830000003,77.25032439843137,30
314.26139909999984,24.513618600000004,76.99397283137253,30
314.2937621000001,25.466925990000004,75.19951186196077,30
314.3255687000001,24.785992140000005,76.48126969725489,30
314.3574038000006,24.922178910000003,76.22491813019607,30
314.4055666000004,25.875486300000002,74.43045716078431,30
314.43737750000037,25.330739220000005,75.4558634290196,30
314.4694264000009,26.284046610000004,73.66140245960783,30
314.50144720000026,26.556420150000005,73.14869932549018,30
314.5334227000003,26.828793690000005,72.63599619137253,30
314.5653424000011,26.964980460000003,72.37964462431373,30
314.59744860000137,27.237354000000003,71.86694149019608,30
314.6294327000014,27.509727540000004,71.35423835607843,30
314.6614244000011,27.782101080000004,70.84153522196078,30
314.6934274000014,28.054474620000004,70.32883208784313,30
314.7253803000003,27.645914310000006,71.0978867890196,30
314.757591900001,27.918287850000006,70.58518365490195,30
314.8054436000002,28.190661390000002,70.07248052078431,30
314.83737380000093,28.326848160000004,69.81612895372548,30
314.8694062000013,28.599221700000005,69.30342581960784,30
314.90143720000015,28.871595240000005,68.79072268549018,30
314.9334765000003,29.143968780000005,68.27801955137254,30
314.9655128000013,29.416342320000005,67.76531641725488,30
314.997444300001,29.688715860000006,67.25261328313724,30
315.0295038000004,29.961089400000006,66.7399101490196,30
315.0613936999998,30.233462940000006,66.22720701490195,30
315.09341010000026,30.505836480000003,65.7145038807843,30
315.12571519999983,30.914396790000005,64.94544917960783,30
315.15767360000063,31.186770330000005,64.43274604549019,30
315.20547520000036,31.459143870000005,63.92004291137253,30
315.2374989,31.731517410000006,63.40733977725489,30
315.2693710000003,32.003890950000006,62.89463664313723,30
315.3014010000006,32.957198340000005,61.10017567372549,30
315.3334167000012,33.22957188,60.587472539607845,30
315.3654368000007,33.63813219,59.81841783843137,30
315.3974210000015,33.910505730000004,59.305714704313715,30
315.42943950000154,34.18287927,58.79301157019607,30
315.46133960000043,34.455252810000005,58.28030843607842,30
315.49366740000005,34.72762635,57.76760530196079,30
315.5255766999999,34.99999989,57.25490216784315,30
315.55746230000113,35.27237343,56.74219903372549,30
315.60543190000135,35.54474697,56.22949589960785,30
315.63735500000075,35.81712051,55.71679276549018,30
315.6694726000005,35.27237343,56.74219903372549,30
315.70139689999996,35.54474697,56.22949589960785,30
315.7333787000007,35.68093374,55.97314433254902,30
315.7653313999999,35.81712051,55.71679276549018,30
315.79742270000133,35.953307280000004,55.46044119843137,30
315.82936150000023,36.22568082,54.947738064313725,30
315.8615152000002,36.36186759,54.69138649725489,30
315.8934246000008,36.498054360000005,54.43503493019607,30
315.9253770000014,36.63424113,54.178683363137246,30
315.95744410000043,36.7704279,53.922331796078424,30
316.00545670000065,37.72373529,52.127870826666665,30
316.0374251000012,37.85992206,51.871519259607844,30
316.0694076,37.996108830000004,51.615167692549015,30
316.1014423000015,38.1322956,51.3588161254902,30
316.1334659000004,38.26848237,51.10246455843137,30
316.16539400000147,38.26848237,51.10246455843137,30
316.1973616000014,38.40466914,50.846112991372536,30
316.2296346000003,38.540855910000005,50.589761424313714,30
316.26144750000094,38.67704268,50.33340985725489,30
316.2934245000015,38.67704268,50.33340985725489,30
316.3254444000013,38.81322945,50.07705829019608,30
316.3574402000013,38.94941622,49.82070672313725,30
316.405429800001,38.94941622,49.82070672313725,30
316.43735350000134,39.08560299,49.564355156078435,30
316.4693944999999,39.08560299,49.564355156078435,30
316.5014135000001,39.08560299,49.564355156078435,30
316.5334952000012,38.40466914,50.846112991372536,30
316.56542270000136,38.40466914,50.846112991372536,30
316.597660200001,38.40466914,50.846112991372536,30
316.62961950000135,38.26848237,51.10246455843137,30
316.66143290000036,38.26848237,51.10246455843137,30
316.69346829999995,38.94941622,49.82070672313725,30
316.7252917000005,38.81322945,50.07705829019608,30
316.7575009000011,38.81322945,50.07705829019608,30
316.8054568000007,38.67704268,50.33340985725489,30
316.8373508000004,38.540855910000005,50.589761424313714,30
316.8693488000008,38.540855910000005,50.589761424313714,30
316.90136930000153,38.40466914,50.846112991372536,30
316.9334428000002,38.26848237,51.10246455843137,30
316.9657206000011,38.26848237,51.10246455843137,30
316.99749040000097,38.1322956,51.3588161254902,30
317.0294145000007,37.996108830000004,51.615167692549015,30
317.06143370000063,37.85992206,51.871519259607844,30
317.0933832999999,37.72373529,52.127870826666665,30
317.1254372000003,37.451361750000004,52.64057396078431,30
317.15744500000073,37.31517498,52.896925527843145,30
317.2054026000005,37.04280144,53.409628661960795,30
317.23741990000053,36.90661467,53.665980229019596,30
317.26940079999986,36.63424113,54.178683363137246,30
317.30151300000034,36.36186759,54.69138649725489,30
317.3335186000004,35.408560200000004,56.48584746666666,30
317.36544980000144,35.13618666,56.99855060078431,30
317.39737250000144,34.99999989,57.25490216784315,30
317.4294213000012,34.72762635,57.76760530196079,30
317.4614161999998,34.455252810000005,58.28030843607842,30
317.4935224000001,34.18287927,58.79301157019607,30
317.5253408000008,33.910505730000004,59.305714704313715,30
317.5574539999998,33.63813219,59.81841783843137,30
317.60542930000156,33.365758650000004,60.331120972549016,30
317.63746020000144,33.09338511,60.843824106666666,30
317.6693532999998,33.501945420000006,60.07476940549018,30
317.70160230000147,33.22957188,60.587472539607845,30
317.7336722,32.957198340000005,61.10017567372549,30
317.7654422000014,32.82101157,61.35652724078431,30
317.7973868000008,32.54863803,61.86923037490196,30
317.829436,32.27626449,62.3819335090196,30
317.8614045000013,32.14007772,62.63828507607844,30
317.8934328000014,31.867704180000004,63.15098821019607,30
317.9254804000011,31.595330640000004,63.66369134431372,30
317.9573777000005,31.322957100000004,64.17639447843136,30
318.005444800001,30.505836480000003,65.7145038807843,30
318.0374274000005,30.233462940000006,66.22720701490195,30
318.06962080000085,29.961089400000006,66.7399101490196,30
318.10156390000157,29.824902630000004,66.99626171607844,30
318.13341390000096,29.552529090000004,67.50896485019608,30
318.1655122000011,29.416342320000005,67.76531641725488,30
318.1973644000009,29.143968780000005,68.27801955137254,30
318.22943600000144,28.871595240000005,68.79072268549018,30
318.26142600000094,28.735408470000003,69.04707425254901,30
318.29342240000005,28.463034930000003,69.55977738666667,30
318.325453200001,28.326848160000004,69.81612895372548,30
318.3573726000013,28.190661390000002,70.07248052078431,30
318.40542559999994,27.918287850000006,70.58518365490195,30
318.4375299000003,27.782101080000004,70.84153522196078,30
318.46972070000083,27.509727540000004,71.35423835607843,30
318.50145560000055,27.373540770000005,71.61058992313724,30
318.5334328000008,27.237354000000003,71.86694149019608,30
318.5653661000015,27.101167230000005,72.12329305725488,30
318.59752800000024,26.964980460000003,72.37964462431373,30
318.6293768000014,26.828793690000005,72.63599619137253,30
318.66137290000006,26.692606920000003,72.89234775843137,30
318.6933805000008,26.692606920000003,72.89234775843137,30
318.72539340000003,26.556420150000005,73.14869932549018,30
318.75739070000054,26.556420150000005,73.14869932549018,30
318.8055488000009,26.420233380000003,73.40505089254901,30
318.83749069999976,26.420233380000003,73.40505089254901,30
318.86938200000077,26.420233380000003,73.40505089254901,30
318.9013279999999,26.284046610000004,73.66140245960783,30
318.93336199999976,26.284046610000004,73.66140245960783,30
318.965461400001,26.284046610000004,73.66140245960783,30
318.99745580000126,26.147859840000002,73.91775402666666,30
319.02945660000114,26.147859840000002,73.91775402666666,30
319.0614542000003,26.147859840000002,73.91775402666666,30
319.0934201,26.147859840000002,73.91775402666666,30
319.1254133000002,26.147859840000002,73.91775402666666,30
319.15771850000056,26.284046610000004,73.66140245960783,30
319.20559140000114,26.284046610000004,73.66140245960783,30
319.23750460000156,26.420233380000003,73.40505089254901,30
319.26940079999986,26.556420150000005,73.14869932549018,30
319.30142720000003,26.556420150000005,73.14869932549018,30
319.33342360000097,26.556420150000005,73.14869932549018,30
319.36553000000094,26.556420150000005,73.14869932549018,30
319.39754260000154,26.964980460000003,72.37964462431373,30
319.42951490000087,27.101167230000005,72.12329305725488,30
319.4614935999998,27.101167230000005,72.12329305725488,30
319.4933922,26.964980460000003,72.37964462431373,30
319.52554430000055,27.101167230000005,72.12329305725488,30
319.55762790000153,27.237354000000003,71.86694149019608,30
319.6054408,27.373540770000005,71.61058992313724,30
319.63738999999987,27.509727540000004,71.35423835607843,30
319.6694894000011,27.782101080000004,70.84153522196078,30
319.7013955000002,27.918287850000006,70.58518365490195,30
319.733430100001,28.054474620000004,70.32883208784313,30
319.76544680000006,28.190661390000002,70.07248052078431,30
319.7974122000014,28.463034930000003,69.55977738666667,30
319.82936280000104,28.599221700000005,69.30342581960784,30
319.86146200000076,28.735408470000003,69.04707425254901,30
319.8934304000013,28.871595240000005,68.79072268549018,30
319.9254813000007,29.143968780000005,68.27801955137254,30
319.95736940000097,29.280155550000003,68.02166798431372,30
320.0053521000009,29.416342320000005,67.76531641725488,30
320.0374146000013,29.552529090000004,67.50896485019608,30
320.069406300001,29.552529090000004,67.50896485019608,30
320.10139940000045,29.688715860000006,67.25261328313724,30
320.13337910000155,30.233462940000006,66.22720701490195,30
320.16551679999975,30.369649710000004,65.97085544784314,30
320.1974200000004,30.505836480000003,65.7145038807843,30
320.22949040000094,30.642023250000005,65.45815231372548,30
320.2614254,30.914396790000005,64.94544917960783,30
320.29349680000087,30.914396790000005,64.94544917960783,30
320.3253749000014,31.186770330000005,64.43274604549019,30
320.3574724000009,31.322957100000004,64.17639447843136,30
320.4054098000015,31.459143870000005,63.92004291137253,30
320.437378300001,31.731517410000006,63.40733977725489,30
320.4696684999999,31.867704180000004,63.15098821019607,30
320.50140590000046,32.003890950000006,62.89463664313723,30
320.5334547000002,32.27626449,62.3819335090196,30
320.5653908000004,32.412451260000005,62.12558194196078,30
320.59739720000107,32.54863803,61.86923037490196,30
320.6295133000003,32.6848248,61.61287880784314,30
320.6615536999998,32.957198340000005,61.10017567372549,30
320.69335780000074,33.09338511,60.843824106666666,30
320.7254162999998,33.22957188,60.587472539607845,30
320.7573912000007,33.365758650000004,60.331120972549016,30
320.8053529000008,33.501945420000006,60.07476940549018,30
320.83746620000056,33.63813219,59.81841783843137,30
320.8694284000012,33.910505730000004,59.305714704313715,30
320.90145680000023,34.0466925,59.04936313725489,30
320.93346590000147,34.31906604,58.53666000313724,30
320.9654543000015,34.455252810000005,58.28030843607842,30
320.9974301000002,34.59143958,58.023956869019614,30
321.0298221000012,34.86381312,57.511253734901956,30
321.0615636000002,34.99999989,57.25490216784315,30
321.093397300001,35.13618666,56.99855060078431,30
321.125413400001,35.27237343,56.74219903372549,30
321.15740150000056,35.54474697,56.22949589960785,30
321.20536080000056,35.68093374,55.97314433254902,30
321.2373697000003,35.81712051,55.71679276549018,30
321.2693827000003,35.953307280000004,55.46044119843137,30
321.3014207000015,35.953307280000004,55.46044119843137,30
321.3332741000013,36.08949405,55.20408963137255,30
321.36533380000037,36.22568082,54.947738064313725,30
321.3974459000001,36.22568082,54.947738064313725,30
321.42941860000064,36.36186759,54.69138649725489,30
321.46135570000115,36.36186759,54.69138649725489,30
321.49351260000003,36.498054360000005,54.43503493019607,30
321.5253592000008,36.63424113,54.178683363137246,30
321.55733789999977,36.63424113,54.178683363137246,30
321.60529750000023,37.17898821,53.153277094901966,30
321.6372695000009,37.17898821,53.153277094901966,30
321.66935569999987,37.31517498,52.896925527843145,30
321.7013682000015,37.31517498,52.896925527843145,30
321.7333305000011,37.31517498,52.896925527843145,30
321.7656872000007,37.31517498,52.896925527843145,30
321.7975040000001,37.31517498,52.896925527843145,30
321.82934060000116,37.31517498,52.896925527843145,30
321.8614034000002,37.31517498,52.896925527843145,30
321.8933795000012,37.17898821,53.153277094901966,30
321.9254596999999,37.17898821,53.153277094901966,30
321.95736130000114,37.04280144,53.409628661960795,30
322.0054319999999,37.04280144,53.409628661960795,30
322.03744840000036,36.90661467,53.665980229019596,30
322.0694078000015,36.90661467,53.665980229019596,30
322.1013573,36.7704279,53.922331796078424,30
322.1337478000005,36.63424113,54.178683363137246,30
322.1655229000007,36.63424113,54.178683363137246,30
322.19743370000106,36.498054360000005,54.43503493019607,30
322.22948870000073,36.36186759,54.69138649725489,30
322.26133950000076,36.22568082,54.947738064313725,30
322.29344310000124,36.08949405,55.20408963137255,30
322.32539410000027,35.953307280000004,55.46044119843137,30
322.3573750000014,35.81712051,55.71679276549018,30
322.4054489000009,35.68093374,55.97314433254902,30
322.4374183,35.54474697,56.22949589960785,30
322.46951380000064,36.08949405,55.20408963137255,30
322.5015988000014,35.953307280000004,55.46044119843137,30
322.53351530000145,35.13618666,56.99855060078431,30
322.5653312000013,35.68093374,55.97314433254902,30
322.59740910000073,35.54474697,56.22949589960785,30
322.6293802,35.408560200000004,56.48584746666666,30
322.66144370000075,35.13618666,56.99855060078431,30
322.6933846000011,34.99999989,57.25490216784315,30
322.72532950000095,34.72762635,57.76760530196079,30
322.7573530000009,34.455252810000005,58.28030843607842,30
322.80541840000114,34.31906604,58.53666000313724,30
322.8373765000015,34.18287927,58.79301157019607,30
322.86942420000014,33.910505730000004,59.305714704313715,30
322.90141870000116,33.77431896,59.56206627137254,30
322.93344100000104,33.63813219,59.81841783843137,30
322.96533629999976,33.501945420000006,60.07476940549018,30
322.997384100001,33.365758650000004,60.331120972549016,30
323.0293876000014,33.22957188,60.587472539607845,30
323.06141260000004,33.09338511,60.843824106666666,30
323.0933705000007,32.957198340000005,61.10017567372549,30
323.12545130000035,32.82101157,61.35652724078431,30
323.1573752000004,32.6848248,61.61287880784314,30
323.20537610000065,32.54863803,61.86923037490196,30
323.2375499000009,32.27626449,62.3819335090196,30
323.2693930000005,32.14007772,62.63828507607844,30
323.30135860000155,32.003890950000006,62.89463664313723,30
323.33330430000024,31.731517410000006,63.40733977725489,30
323.3653857999998,31.595330640000004,63.66369134431372,30
323.39743140000064,31.459143870000005,63.92004291137253,30
323.4293733000013,31.322957100000004,64.17639447843136,30
323.46137530000124,31.050583560000003,64.68909761254902,30
323.4934041000015,30.914396790000005,64.94544917960783,30
323.5253504000011,30.778210020000003,65.20180074666666,30
323.5575432000005,30.642023250000005,65.45815231372548,30
323.60559660000035,30.642023250000005,65.45815231372548,30
323.63757799999985,30.369649710000004,65.97085544784314,30
323.66941490000136,30.233462940000006,66.22720701490195,30
323.7014474000007,30.097276170000004,66.48355858196078,30
323.7333954000005,29.961089400000006,66.7399101490196,30
323.7654240000011,29.961089400000006,66.7399101490196,30
323.7975107000002,29.824902630000004,66.99626171607844,30
323.82943820000037,29.688715860000006,67.25261328313724,30
323.86140049999995,29.688715860000006,67.25261328313724,30
323.89346770000157,29.552529090000004,67.50896485019608,30
323.9253466000009,29.552529090000004,67.50896485019608,30
323.95762470000045,29.416342320000005,67.76531641725488,30
324.0053867000006,29.416342320000005,67.76531641725488,30
324.0374055000011,29.280155550000003,68.02166798431372,30
324.069436400001,29.280155550000003,68.02166798431372,30
324.1014243999998,29.143968780000005,68.27801955137254,30
324.1334612999999,29.143968780000005,68.27801955137254,30
324.1654206000003,29.007782010000003,68.53437111843137,30
324.1974229000007,29.007782010000003,68.53437111843137,30
324.229378,28.871595240000005,68.79072268549018,30
324.2613627999999,28.871595240000005,68.79072268549018,30
324.29340850000153,28.735408470000003,69.04707425254901,30
324.3255073,28.735408470000003,69.04707425254901,30
324.35743210000146,28.735408470000003,69.04707425254901,30
324.40542820000155,28.599221700000005,69.30342581960784,30
324.43738680000024,28.599221700000005,69.30342581960784,30
324.4694047000012,28.463034930000003,69.55977738666667,30
324.5014073000002,28.463034930000003,69.55977738666667,30
324.53336560000025,28.463034930000003,69.55977738666667,30
324.56546460000027,28.463034930000003,69.55977738666667,30
324.5973978000002,28.463034930000003,69.55977738666667,30
324.62932940000064,28.463034930000003,69.55977738666667,30
324.6613715000003,28.463034930000003,69.55977738666667,30
324.693448,28.463034930000003,69.55977738666667,30
324.72557100000085,28.463034930000003,69.55977738666667,30
324.75738230000024,28.463034930000003,69.55977738666667,30
324.8054823000002,28.599221700000005,69.30342581960784,30
324.83733610000127,28.599221700000005,69.30342581960784,30
324.8694422000008,28.599221700000005,69.30342581960784,30
324.90134300000136,28.599221700000005,69.30342581960784,30
324.93339350000133,28.735408470000003,69.04707425254901,30
324.9654287000012,28.735408470000003,69.04707425254901,30
324.9974000000002,28.871595240000005,68.79072268549018,30
325.0293096000005,29.007782010000003,68.53437111843137,30
325.0615222000015,28.326848160000004,69.81612895372548,30
325.0935291000005,29.143968780000005,68.27801955137254,30
325.1254140000001,28.599221700000005,69.30342581960784,30
325.15748429999985,28.599221700000005,69.30342581960784,30
325.20539070000086,28.735408470000003,69.04707425254901,30
325.23745410000083,28.735408470000003,69.04707425254901,30
325.2694384000006,28.871595240000005,68.79072268549018,30
325.30140590000155,29.688715860000006,67.25261328313724,30
325.33341819999987,29.007782010000003,68.53437111843137,30
325.3654260000003,29.824902630000004,66.99626171607844,30
325.3973041999998,29.961089400000006,66.7399101490196,30
325.4294705000011,30.097276170000004,66.48355858196078,30
325.46153159999994,30.233462940000006,66.22720701490195,30
325.4934306000014,30.369649710000004,65.97085544784314,30
325.5253993000006,30.505836480000003,65.7145038807843,30
325.55755409999983,29.824902630000004,66.99626171607844,30
325.6055188999999,29.961089400000006,66.7399101490196,30
325.6374790000009,30.097276170000004,66.48355858196078,30
325.6694959000015,30.233462940000006,66.22720701490195,30
325.70141820000026,30.369649710000004,65.97085544784314,30
325.7334074999999,30.505836480000003,65.7145038807843,30
325.76551650000147,30.642023250000005,65.45815231372548,30
325.7977624000014,30.778210020000003,65.20180074666666,30
325.82968230000006,30.914396790000005,64.94544917960783,30
325.86138070000015,31.050583560000003,64.68909761254902,30
325.89327680000133,31.186770330000005,64.43274604549019,30
325.92536160000054,31.322957100000004,64.17639447843136,30
325.95739200000025,31.459143870000005,63.92004291137253,30
326.0053656,31.595330640000004,63.66369134431372,30
326.03739380000115,31.731517410000006,63.40733977725489,30
326.06932720000077,31.731517410000006,63.40733977725489,30
326.1013875000008,31.867704180000004,63.15098821019607,30
326.13341200000104,32.003890950000006,62.89463664313723,30
326.16541230000075,32.14007772,62.63828507607844,30
326.1977267000002,32.27626449,62.3819335090196,30
326.2293449000008,32.412451260000005,62.12558194196078,30
326.2613925000005,32.54863803,61.86923037490196,30
326.29343640000116,32.6848248,61.61287880784314,30
326.3253970000005,32.82101157,61.35652724078431,30
326.35742030000074,32.957198340000005,61.10017567372549,30
326.40529760000027,33.09338511,60.843824106666666,30
326.4374026000005,33.22957188,60.587472539607845,30
326.46944600000097,33.365758650000004,60.331120972549016,30
326.5013792000009,33.501945420000006,60.07476940549018,30
326.5333685000005,33.63813219,59.81841783843137,30
326.5657812999998,33.63813219,59.81841783843137,30
326.5973563000007,33.77431896,59.56206627137254,30
326.6293765999999,33.910505730000004,59.305714704313715,30
326.66145510000024,34.0466925,59.04936313725489,30
326.69342440000037,34.18287927,58.79301157019607,30
326.725356500001,34.31906604,58.53666000313724,30
326.7574690000001,34.455252810000005,58.28030843607842,30
326.8053540000001,34.72762635,57.76760530196079,30
326.83735650000017,34.86381312,57.511253734901956,30
326.86998270000004,34.99999989,57.25490216784315,30
326.90189460000147,35.13618666,56.99855060078431,30
326.9337092000005,35.27237343,56.74219903372549,30
326.96533590000035,35.408560200000004,56.48584746666666,30
326.9974234000001,35.54474697,56.22949589960785,30
327.0295334000002,35.68093374,55.97314433254902,30
327.061414400001,35.68093374,55.97314433254902,30
327.0934696000004,35.81712051,55.71679276549018,30
327.12540740000077,35.953307280000004,55.46044119843137,30
327.157478000001,35.953307280000004,55.46044119843137,30
327.2053807000011,35.953307280000004,55.46044119843137,30
327.23738050000065,36.08949405,55.20408963137255,30
327.26982600000156,36.08949405,55.20408963137255,30
327.30176519999986,36.08949405,55.20408963137255,30
327.3334114999998,36.08949405,55.20408963137255,30
327.3654056000014,36.08949405,55.20408963137255,30
327.39739630000076,36.08949405,55.20408963137255,30
327.4293806000005,36.08949405,55.20408963137255,30
327.46144390000154,36.08949405,55.20408963137255,30
327.49344400000155,36.08949405,55.20408963137255,30
327.52532410000094,36.08949405,55.20408963137255,30
327.55739970000104,36.08949405,55.20408963137255,30
327.6053329000006,35.953307280000004,55.46044119843137,30
327.6376697000014,35.953307280000004,55.46044119843137,30
327.66970670000046,35.953307280000004,55.46044119843137,30
327.701405400001,35.953307280000004,55.46044119843137,30
327.73360110000067,35.81712051,55.71679276549018,30
327.7654065000006,35.81712051,55.71679276549018,30
327.797318500001,35.81712051,55.71679276549018,30
327.8293158000015,35.68093374,55.97314433254902,30
327.86131580000074,35.54474697,56.22949589960785,30
327.8934128000001,35.54474697,56.22949589960785,30
327.92533860000003,35.408560200000004,56.48584746666666,30
327.9572820000012,35.27237343,56.74219903372549,30
328.00539949999984,35.13618666,56.99855060078431,30
328.0375658000012,35.13618666,56.99855060078431,30
328.06961820000106,34.99999989,57.25490216784315,30
328.1014638000015,34.86381312,57.511253734901956,30
328.1334846000009,34.86381312,57.511253734901956,30
328.1654816999999,34.72762635,57.76760530196079,30
328.19738770000004,34.59143958,58.023956869019614,30
328.22938260000046,34.455252810000005,58.28030843607842,30
328.2613889000004,34.455252810000005,58.28030843607842,30
328.2934433999999,34.31906604,58.53666000313724,30
328.32541390000006,34.31906604,58.53666000313724,30
328.3573722000001,34.18287927,58.79301157019607,30
328.4057279000008,34.0466925,59.04936313725489,30
328.43754310000077,33.910505730000004,59.305714704313715,30
328.4693971000015,33.77431896,59.56206627137254,30
328.50144940000064,33.63813219,59.81841783843137,30
328.5332741000002,33.501945420000006,60.07476940549018,30
328.5652994000011,33.501945420000006,60.07476940549018,30
328.5973434000007,33.365758650000004,60.331120972549016,30
328.62935130000005,33.22957188,60.587472539607845,30
328.66138820000015,33.09338511,60.843824106666666,30
328.6933499000006,32.957198340000005,61.10017567372549,30
328.72534630000155,32.957198340000005,61.10017567372549,30
328.75788079999984,32.82101157,61.35652724078431,30
328.8054368000012,32.6848248,61.61287880784314,30
328.83745330000056,32.54863803,61.86923037490196,30
328.86934290000136,32.412451260000005,62.12558194196078,30
328.9013912999999,32.27626449,62.3819335090196,30
328.93334180000056,32.14007772,62.63828507607844,30
328.96534430000065,32.54863803,61.86923037490196,30
328.99741780000113,32.412451260000005,62.12558194196078,30
329.02930840000045,32.27626449,62.3819335090196,30
329.0613504000012,32.14007772,62.63828507607844,30
329.09338970000135,32.003890950000006,62.89463664313723,30
329.1254734000013,32.003890950000006,62.89463664313723,30
329.1574873999998,31.867704180000004,63.15098821019607,30
329.20536379999976,31.731517410000006,63.40733977725489,30
329.2373881000003,31.595330640000004,63.66369134431372,30
329.269311,31.459143870000005,63.92004291137253,30
329.3015136000013,31.322957100000004,64.17639447843136,30
329.33337460000075,31.186770330000005,64.43274604549019,30
329.36530290000155,31.050583560000003,64.68909761254902,30
329.39748340000006,30.914396790000005,64.94544917960783,30
329.4296329000008,30.778210020000003,65.20180074666666,30
329.46178970000074,30.642023250000005,65.45815231372548,30
329.49397470000076,30.505836480000003,65.7145038807843,30
329.52557250000064,30.369649710000004,65.97085544784314,30
329.5573837000011,30.233462940000006,66.22720701490195,30
329.60530370000015,30.097276170000004,66.48355858196078,30
329.63727350000045,29.961089400000006,66.7399101490196,30
329.6693789000001,29.824902630000004,66.99626171607844,30
329.7013891000006,29.688715860000006,67.25261328313724,30
329.7334669000011,29.552529090000004,67.50896485019608,30
329.7653375000009,29.416342320000005,67.76531641725488,30
329.7974090000007,29.416342320000005,67.76531641725488,30
329.82936960000006,29.280155550000003,68.02166798431372,30
329.8615719999998,29.143968780000005,68.27801955137254,30
329.89350879999984,29.143968780000005,68.27801955137254,30
329.9253564999999,29.007782010000003,68.53437111843137,30
329.95737200000076,29.688715860000006,67.25261328313724,30
330.00535409999975,29.688715860000006,67.25261328313724,30
330.0373634000007,29.688715860000006,67.25261328313724,30
330.0693777000015,29.688715860000006,67.25261328313724,30
330.1013871000014,29.688715860000006,67.25261328313724,30
330.133535500001,29.688715860000006,67.25261328313724,30
330.1653845000001,29.688715860000006,67.25261328313724,30
330.1974140000002,29.824902630000004,66.99626171607844,30
330.22953490000145,29.824902630000004,66.99626171607844,30
330.2614055000013,29.824902630000004,66.99626171607844,30
330.2933406000011,29.824902630000004,66.99626171607844,30
330.3253960000002,29.824902630000004,66.99626171607844,30
330.357347000001,29.824902630000004,66.99626171607844,30
330.4053750000003,29.824902630000004,66.99626171607844,30
330.4373523000013,29.961089400000006,66.7399101490196,30
330.4694126000013,29.961089400000006,66.7399101490196,30
330.50143620000017,29.961089400000006,66.7399101490196,30
330.53355830000146,30.097276170000004,66.48355858196078,30
330.5654983000004,30.097276170000004,66.48355858196078,30
330.59755680000126,30.233462940000006,66.22720701490195,30
330.62968309999997,30.233462940000006,66.22720701490195,30
330.66139380000095,30.369649710000004,65.97085544784314,30
330.69331520000014,30.369649710000004,65.97085544784314,30
330.7253980000005,30.505836480000003,65.7145038807843,30
330.75737480000134,30.642023250000005,65.45815231372548,30
330.80538720000004,30.778210020000003,65.20180074666666,30
330.8373921000002,30.505836480000003,65.7145038807843,30
330.8693645000003,30.505836480000003,65.7145038807843,30
330.90131610000026,30.642023250000005,65.45815231372548,30
330.93335560000014,30.642023250000005,65.45815231372548,30
330.9655042000013,30.642023250000005,65.45815231372548,30
330.9976010999999,30.642023250000005,65.45815231372548,30
331.0293657000002,30.642023250000005,65.45815231372548,30
331.06136550000156,30.642023250000005,65.45815231372548,30
331.09346760000153,31.050583560000003,64.68909761254902,30
331.12537930000144,31.186770330000005,64.43274604549019,30
331.1573795000004,30.914396790000005,64.94544917960783,30
331.20541070000036,31.050583560000003,64.68909761254902,30
331.2373537000003,31.050583560000003,64.68909761254902,30
331.2693782000006,31.186770330000005,64.43274604549019,30
331.30133300000125,31.595330640000004,63.66369134431372,30
331.33384170000136,31.322957100000004,64.17639447843136,30
331.36547410000094,31.322957100000004,64.17639447843136,30
331.3973780000015,31.459143870000005,63.92004291137253,30
331.4293680999999,31.459143870000005,63.92004291137253,30
331.4613984000007,31.595330640000004,63.66369134431372,30
331.4933359000006,31.595330640000004,63.66369134431372,30
331.5253843999999,31.731517410000006,63.40733977725489,30
331.5573884000005,31.731517410000006,63.40733977725489,30
331.60539790000075,31.867704180000004,63.15098821019607,30
331.6373782999999,31.867704180000004,63.15098821019607,30
331.66934870000114,31.867704180000004,63.15098821019607,30
331.7013927000007,32.003890950000006,62.89463664313723,30
331.73360070000126,32.003890950000006,62.89463664313723,30
331.7654541000011,32.003890950000006,62.89463664313723,30
331.797724,32.003890950000006,62.89463664313723,30
331.82934770000065,32.003890950000006,62.89463664313723,30
331.86134610000045,32.14007772,62.63828507607844,30
331.89335140000003,32.14007772,62.63828507607844,30
331.9253617000013,32.14007772,62.63828507607844,30
331.9573541000009,32.27626449,62.3819335090196,30
332.0053409000011,32.412451260000005,62.12558194196078,30
332.03744200000074,32.412451260000005,62.12558194196078,30
332.06953460000113,32.54863803,61.86923037490196,30
332.10142500000075,32.6848248,61.61287880784314,30
332.1333682000004,32.6848248,61.61287880784314,30
332.16534370000045,32.82101157,61.35652724078431,30
332.19742980000046,32.82101157,61.35652724078431,30
332.2293481000015,32.957198340000005,61.10017567372549,30
332.2613676000001,32.957198340000005,61.10017567372549,30
332.2932705000003,33.09338511,60.843824106666666,30
332.32536190000064,33.09338511,60.843824106666666,30
332.35737730000073,33.22957188,60.587472539607845,30
332.40536370000154,33.365758650000004,60.331120972549016,30
332.4373250000008,33.365758650000004,60.331120972549016,30
332.46945510000114,33.365758650000004,60.331120972549016,30
332.5013749999998,33.501945420000006,60.07476940549018,30
332.5333795000006,33.501945420000006,60.07476940549018,30
332.5653719000002,33.63813219,59.81841783843137,30
332.5973726000011,33.63813219,59.81841783843137,30
332.62934900000073,33.77431896,59.56206627137254,30
332.6613902000008,33.77431896,59.56206627137254,30
332.69347110000126,33.77431896,59.56206627137254,30
332.72536200000104,33.77431896,59.56206627137254,30
332.7573360000006,33.22957188,60.587472539607845,30
332.80558930000007,33.22957188,60.587472539607845,30
332.83763140000156,33.22957188,60.587472539607845,30
332.8693996000002,33.22957188,60.587472539607845,30
332.9013565000005,33.09338511,60.843824106666666,30
332.9334343999999,33.09338511,60.843824106666666,30
332.96545630000037,33.09338511,60.843824106666666,30
332.99738890000117,33.22957188,60.587472539607845,30
333.0293941,33.22957188,60.587472539607845,30
333.06140400000004,33.22957188,60.587472539607845,30
333.09331870000096,33.365758650000004,60.331120972549016,30
333.12541109999984,33.365758650000004,60.331120972549016,30
333.1572483,33.365758650000004,60.331120972549016,30
333.2056184000012,33.365758650000004,60.331120972549016,30
333.2373425000005,33.365758650000004,60.331120972549016,30
333.2693825000006,33.365758650000004,60.331120972549016,30
333.3014307000012,33.365758650000004,60.331120972549016,30
333.3334519,33.501945420000006,60.07476940549018,30
333.36533190000046,33.501945420000006,60.07476940549018,30
333.3972713000003,33.501945420000006,60.07476940549018,30
333.4292826000001,33.501945420000006,60.07476940549018,30
333.4613444000006,33.501945420000006,60.07476940549018,30
333.493477,33.63813219,59.81841783843137,30
333.5253472000004,33.63813219,59.81841783843137,30
333.5575442999998,33.63813219,59.81841783843137,30
333.6055995000006,33.77431896,59.56206627137254,30
333.63734840000143,33.77431896,59.56206627137254,30
333.66926370000147,33.77431896,59.56206627137254,30
333.70138940000106,33.77431896,59.56206627137254,30
333.7333660000004,33.77431896,59.56206627137254,30
333.7654424000011,33.77431896,59.56206627137254,30
333.79732090000107,33.910505730000004,59.305714704313715,30
333.8293760000015,33.910505730000004,59.305714704313715,30
333.86133979999977,33.910505730000004,59.305714704313715,30
333.89329330000146,33.910505730000004,59.305714704313715,30
333.9254947999998,33.910505730000004,59.305714704313715,30
333.95743030000085,33.910505730000004,59.305714704313715,30
334.0054369999998,33.910505730000004,59.305714704313715,30
334.03738610000073,33.910505730000004,59.305714704313715,30
334.0693030000002,33.910505730000004,59.305714704313715,30
334.1014092000005,33.910505730000004,59.305714704313715,30
334.13340229999994,33.910505730000004,59.305714704313715,30
334.1654165,33.910505730000004,59.305714704313715,30
334.1973658000006,33.910505730000004,59.305714704313715,30
334.2293739000015,33.910505730000004,59.305714704313715,30
334.2612353000004,33.910505730000004,59.305714704313715,30
334.29357450000134,33.910505730000004,59.305714704313715,30
334.3257317000007,33.77431896,59.56206627137254,30
334.35742709999977,33.77431896,59.56206627137254,30
334.40535760000057,33.77431896,59.56206627137254,30
334.4374388000015,33.77431896,59.56206627137254,30
334.4693638000008,33.77431896,59.56206627137254,30
334.50142120000055,33.77431896,59.56206627137254,30
334.5334520000015,33.63813219,59.81841783843137,30
334.56542160000026,33.63813219,59.81841783843137,30
334.59743920000074,33.501945420000006,60.07476940549018,30
334.6293071,33.365758650000004,60.331120972549016,30
334.6615900000015,33.22957188,60.587472539607845,30
334.6933876000003,33.09338511,60.843824106666666,30
334.72535620000053,32.957198340000005,61.10017567372549,30
334.7573071000006,32.957198340000005,61.10017567372549,30
334.8053909999999,32.82101157,61.35652724078431,30
334.8374100000001,32.82101157,61.35652724078431,30
334.8693920000005,32.6848248,61.61287880784314,30
334.9012625000014,32.6848248,61.61287880784314,30
334.9333867000005,32.54863803,61.86923037490196,30
334.9653111000007,32.54863803,61.86923037490196,30
334.99737690000075,32.54863803,61.86923037490196,30
335.0294371,32.54863803,61.86923037490196,30
335.06145130000004,32.412451260000005,62.12558194196078,30
335.0933870000008,32.412451260000005,62.12558194196078,30
335.12538250000034,32.27626449,62.3819335090196,30
335.157417800001,32.14007772,62.63828507607844,30
335.2053878000006,32.003890950000006,62.89463664313723,30
335.23736460000146,31.867704180000004,63.15098821019607,30
335.2693635000014,31.731517410000006,63.40733977725489,30
335.3014864000015,31.731517410000006,63.40733977725489,30
335.33339420000084,31.595330640000004,63.66369134431372,30
335.3653183000006,31.459143870000005,63.92004291137253,30
335.3974484999999,31.322957100000004,64.17639447843136,30
335.42937410000013,31.186770330000005,64.43274604549019,30
335.4614478000003,31.050583560000003,64.68909761254902,30
335.4933071000014,30.914396790000005,64.94544917960783,30
335.5253939000013,30.914396790000005,64.94544917960783,30
335.55738890000066,30.778210020000003,65.20180074666666,30
335.60539120000067,30.642023250000005,65.45815231372548,30
335.6373893,30.505836480000003,65.7145038807843,30
335.6693499000012,30.505836480000003,65.7145038807843,30
335.701418300001,30.778210020000003,65.20180074666666,30
335.7333060000001,30.778210020000003,65.20180074666666,30
335.7655224000009,30.642023250000005,65.45815231372548,30
335.7974849000002,30.097276170000004,66.48355858196078,30
335.8293719000012,30.505836480000003,65.7145038807843,30
335.8613757000003,30.369649710000004,65.97085544784314,30
335.89343760000156,30.369649710000004,65.97085544784314,30
335.92540290000034,30.369649710000004,65.97085544784314,30
335.9573653000007,30.233462940000006,66.22720701490195,30
336.0053203000007,29.824902630000004,66.99626171607844,30
336.03742460000103,29.688715860000006,67.25261328313724,30
336.06933970000136,29.688715860000006,67.25261328313724,30
336.1014339000012,29.688715860000006,67.25261328313724,30
336.1341334000008,29.552529090000004,67.50896485019608,30
336.1654853,29.961089400000006,66.7399101490196,30
336.19737859999987,29.961089400000006,66.7399101490196,30
336.2292892000005,29.824902630000004,66.99626171607844,30
336.26128360000075,29.824902630000004,66.99626171607844,30
336.29336780000085,29.824902630000004,66.99626171607844,30
336.3254553000006,29.824902630000004,66.99626171607844,30
336.35748480000075,29.688715860000006,67.25261328313724,30
336.4053890000014,29.688715860000006,67.25261328313724,30
336.43734940000104,29.824902630000004,66.99626171607844,30
336.46945310000046,29.824902630000004,66.99626171607844,30
336.5015194000007,29.824902630000004,66.99626171607844,30
336.5336504000006,29.824902630000004,66.99626171607844,30
336.56546290000006,29.824902630000004,66.99626171607844,30
336.5973611999998,29.824902630000004,66.99626171607844,30
336.6293999999998,29.824902630000004,66.99626171607844,30
336.6613305999999,29.961089400000006,66.7399101490196,30
336.6934611000015,29.961089400000006,66.7399101490196,30
336.72548820000156,30.097276170000004,66.48355858196078,30
336.7573929000009,30.097276170000004,66.48355858196078,30
336.80532700000003,30.233462940000006,66.22720701490195,30
336.83746059999976,30.369649710000004,65.97085544784314,30
336.8698690000001,30.505836480000003,65.7145038807843,30
336.9016007000009,30.505836480000003,65.7145038807843,30
336.93336310000086,30.642023250000005,65.45815231372548,30
336.9654685000005,30.642023250000005,65.45815231372548,30
336.9974695000001,30.778210020000003,65.20180074666666,30
337.0294122000014,30.778210020000003,65.20180074666666,30
337.0613845000007,30.914396790000005,64.94544917960783,30
337.0933765000009,30.914396790000005,64.94544917960783,30
337.12540360000094,31.050583560000003,64.68909761254902,30
337.15741870000056,31.186770330000005,64.43274604549019,30
337.20530770000005,31.186770330000005,64.43274604549019,30
337.23768010000094,31.186770330000005,64.43274604549019,30
337.26954079999996,31.186770330000005,64.43274604549019,30
337.3014350000012,31.322957100000004,64.17639447843136,30
337.3334044000003,31.322957100000004,64.17639447843136,30
337.36543040000106,32.14007772,62.63828507607844,30
337.3973775000013,32.14007772,62.63828507607844,30
337.4295278999998,32.27626449,62.3819335090196,30
337.4613739000015,32.27626449,62.3819335090196,30
337.4933944000004,32.412451260000005,62.12558194196078,30
337.5253829000012,32.412451260000005,62.12558194196078,30
337.5573749000014,32.54863803,61.86923037490196,30
337.6055343000007,32.54863803,61.86923037490196,30
337.6376450000007,32.54863803,61.86923037490196,30
337.66933190000054,32.6848248,61.61287880784314,30
337.7014450000006,32.82101157,61.35652724078431,30
337.73335920000136,32.82101157,61.35652724078431,30
337.76535650000005,32.957198340000005,61.10017567372549,30
337.7973496000013,32.957198340000005,61.10017567372549,30
337.82944640000096,33.09338511,60.843824106666666,30
337.8614770000004,33.22957188,60.587472539607845,30
337.8934613000001,33.22957188,60.587472539607845,30
337.9253258000008,33.365758650000004,60.331120972549016,30
337.9572927999998,33.501945420000006,60.07476940549018,30
338.00543370000014,33.501945420000006,60.07476940549018,30
338.03739270000005,33.63813219,59.81841783843137,30
338.0693502000013,33.63813219,59.81841783843137,30
338.1014105000013,33.77431896,59.56206627137254,30
338.1335467000008,33.77431896,59.56206627137254,30
338.16534590000083,33.910505730000004,59.305714704313715,30
338.1973890999998,33.910505730000004,59.305714704313715,30
338.2293743000009,33.910505730000004,59.305714704313715,30
338.2613740000015,33.910505730000004,59.305714704313715,30
338.2935584000006,34.0466925,59.04936313725489,30
338.32542830000057,34.0466925,59.04936313725489,30
338.35751710000113,34.0466925,59.04936313725489,30
338.4054434000009,34.0466925,59.04936313725489,30
338.4373473000014,34.0466925,59.04936313725489,30
338.46939810000003,34.0466925,59.04936313725489,30
338.50138460000016,34.0466925,59.04936313725489,30
338.53337439999996,34.0466925,59.04936313725489,30
338.56535260000055,34.0466925,59.04936313725489,30
338.5973303999999,34.18287927,58.79301157019607,30
338.6292912000008,34.18287927,58.79301157019607,30
338.6614004000003,34.18287927,58.79301157019607,30
338.6933379000002,34.18287927,58.79301157019607,30
338.72557570000026,34.18287927,58.79301157019607,30
338.7575467000006,34.18287927,58.79301157019607,30
338.8053755000001,34.18287927,58.79301157019607,30
338.83730990000004,34.18287927,58.79301157019607,30
338.86942960000124,34.31906604,58.53666000313724,30
338.90139460000137,34.31906604,58.53666000313724,30
338.9333709000002,34.31906604,58.53666000313724,30
338.9653950000011,34.31906604,58.53666000313724,30
338.99753950000013,34.31906604,58.53666000313724,30
339.0295127999998,34.31906604,58.53666000313724,30
339.06129860000146,34.31906604,58.53666000313724,30
339.09351720000086,34.31906604,58.53666000313724,30
339.1255312000012,34.31906604,58.53666000313724,30
339.15743190000103,34.455252810000005,58.28030843607842,30
339.20540040000014,34.455252810000005,58.28030843607842,30
339.23765770000136,34.455252810000005,58.28030843607842,30
339.2694005000012,34.455252810000005,58.28030843607842,30
339.30136459999994,34.455252810000005,58.28030843607842,30
339.3333840000014,34.455252810000005,58.28030843607842,30
339.365356100001,34.31906604,58.53666000313724,30
339.3973093000004,34.31906604,58.53666000313724,30
339.42936569999983,34.31906604,58.53666000313724,30
339.46148880000146,34.31906604,58.53666000313724,30
339.4934831999999,34.31906604,58.53666000313724,30
339.5253104000003,34.18287927,58.79301157019607,30
339.5573820999998,34.18287927,58.79301157019607,30
339.60536330000104,34.18287927,58.79301157019607,30
339.6373155000001,34.18287927,58.79301157019607,30
339.66935550000017,34.0466925,59.04936313725489,30
339.7014264999998,34.0466925,59.04936313725489,30
339.7333253000015,34.0466925,59.04936313725489,30
339.76537240000107,34.0466925,59.04936313725489,30
339.7973763000009,34.0466925,59.04936313725489,30
339.82953160000034,34.0466925,59.04936313725489,30
339.8616081,34.0466925,59.04936313725489,30
339.8933004999999,33.910505730000004,59.305714704313715,30
339.9253223000014,33.910505730000004,59.305714704313715,30
339.9573816000011,33.910505730000004,59.305714704313715,30
340.0053115999999,33.77431896,59.56206627137254,30
340.0374045000008,33.77431896,59.56206627137254,30
340.06939220000095,33.77431896,59.56206627137254,30
340.1015115000009,33.63813219,59.81841783843137,30
340.1333654000009,33.63813219,59.81841783843137,30
340.16540160000113,32.82101157,61.35652724078431,30
340.1977199000012,32.6848248,61.61287880784314,30
340.2297042000009,32.54863803,61.86923037490196,30
340.26144750000094,32.54863803,61.86923037490196,30
340.29344310000124,32.412451260000005,62.12558194196078,30
340.3253306000006,32.27626449,62.3819335090196,30
340.3573389000012,32.27626449,62.3819335090196,30
340.4053247000011,32.14007772,62.63828507607844,30
340.43728740000006,32.6848248,61.61287880784314,30
340.46937230000003,32.54863803,61.86923037490196,30
340.50147950000064,32.54863803,61.86923037490196,30
340.53326449999986,32.412451260000005,62.12558194196078,30
340.5655174000003,32.412451260000005,62.12558194196078,30
340.59755940000105,32.412451260000005,62.12558194196078,30
340.6293717000008,32.412451260000005,62.12558194196078,30
340.66130859999976,32.27626449,62.3819335090196,30
340.6933626000009,32.27626449,62.3819335090196,30
340.7253028000014,32.27626449,62.3819335090196,30
340.7574120999998,32.27626449,62.3819335090196,30
340.8053842999998,32.27626449,62.3819335090196,30
340.8373551000004,32.27626449,62.3819335090196,30
340.86931840000034,31.322957100000004,64.17639447843136,30
340.9013896000015,31.322957100000004,64.17639447843136,30
340.93369320000056,31.322957100000004,64.17639447843136,30
340.96551720000025,31.322957100000004,64.17639447843136,30
340.9973635000006,31.322957100000004,64.17639447843136,30
341.0294042000005,31.322957100000004,64.17639447843136,30
341.0613850999998,31.322957100000004,64.17639447843136,30
341.0933519000009,31.186770330000005,64.43274604549019,30
341.12539220000144,31.186770330000005,64.43274604549019,30
341.1573290000015,31.050583560000003,64.68909761254902,30
341.2053727000002,31.050583560000003,64.68909761254902,30
341.23735410000154,30.914396790000005,64.94544917960783,30
341.2693489000012,30.914396790000005,64.94544917960783,30
341.30135430000155,30.778210020000003,65.20180074666666,30
341.3334450000002,30.778210020000003,65.20180074666666,30
341.36556420000124,30.778210020000003,65.20180074666666,30
341.39734300000055,30.778210020000003,65.20180074666666,30
341.42934590000004,30.778210020000003,65.20180074666666,30
341.4614235000008,30.778210020000003,65.20180074666666,30
341.49340350000057,30.778210020000003,65.20180074666666,30
341.52545180000016,30.778210020000003,65.20180074666666,30
341.5575301000008,30.778210020000003,65.20180074666666,30
341.6052967000014,30.778210020000003,65.20180074666666,30
341.63783870000043,30.778210020000003,65.20180074666666,30
341.66951340000014,30.778210020000003,65.20180074666666,30
341.70140619999984,30.778210020000003,65.20180074666666,30
341.73343340000065,30.778210020000003,65.20180074666666,30
341.76544600000125,30.778210020000003,65.20180074666666,30
341.79747730000054,30.778210020000003,65.20180074666666,30
341.82934860000023,30.778210020000003,65.20180074666666,30
341.8613944000008,30.778210020000003,65.20180074666666,30
341.8933597000014,30.914396790000005,64.94544917960783,30
341.9253853000009,30.914396790000005,64.94544917960783,30
341.95743660000153,30.914396790000005,64.94544917960783,30
342.00534030000017,30.914396790000005,64.94544917960783,30
342.0376759999999,30.914396790000005,64.94544917960783,30
342.06945799999994,31.050583560000003,64.68909761254902,30
342.10135210000044,31.050583560000003,64.68909761254902,30
342.1333830000003,31.050583560000003,64.68909761254902,30
342.16535939999994,31.186770330000005,64.43274604549019,30
342.1973085999998,31.186770330000005,64.43274604549019,30
342.2293137000015,31.322957100000004,64.17639447843136,30
342.26137670000026,31.322957100000004,64.17639447843136,30
342.2934025000013,31.459143870000005,63.92004291137253,30
342.3253018000014,31.459143870000005,63.92004291137253,30
342.3573643,31.595330640000004,63.66369134431372,30
342.4058137000011,31.595330640000004,63.66369134431372,30
342.4377235000011,31.731517410000006,63.40733977725489,30
342.4693874000004,31.731517410000006,63.40733977725489,30
342.5013630000012,31.731517410000006,63.40733977725489,30
342.53342690000136,31.731517410000006,63.40733977725489,30
342.56553800000074,31.867704180000004,63.15098821019607,30
342.59737620000124,31.731517410000006,63.40733977725489,30
342.6293237000009,31.731517410000006,63.40733977725489,30
342.66136540000116,31.867704180000004,63.15098821019607,30
342.6933781000007,31.867704180000004,63.15098821019607,30
342.7254100000009,31.867704180000004,63.15098821019607,30
342.7575575999999,31.867704180000004,63.15098821019607,30
342.8055811000013,32.003890950000006,62.89463664313723,30
342.8372682999998,32.003890950000006,62.89463664313723,30
342.8693327000001,32.003890950000006,62.89463664313723,30
342.9013095999999,32.003890950000006,62.89463664313723,30
342.9333366999999,32.003890950000006,62.89463664313723,30
342.96539180000036,32.14007772,62.63828507607844,30
342.9974471000005,32.14007772,62.63828507607844,30
343.0293109000013,32.27626449,62.3819335090196,30
343.0613751000001,32.27626449,62.3819335090196,30
343.0933775000012,32.27626449,62.3819335090196,30
343.1253357000005,32.27626449,62.3819335090196,30
343.1579535000001,32.412451260000005,62.12558194196078,30
343.20534039999984,32.412451260000005,62.12558194196078,30
343.237322500001,32.54863803,61.86923037490196,30
343.26935070000036,32.54863803,61.86923037490196,30
343.3013640999998,32.54863803,61.86923037490196,30
343.33335740000075,32.6848248,61.61287880784314,30
343.3653490000015,32.6848248,61.61287880784314,30
343.3974390000003,32.82101157,61.35652724078431,30
343.429385200001,32.82101157,61.35652724078431,30
343.461339200001,32.82101157,61.35652724078431,30
343.49334009999984,32.957198340000005,61.10017567372549,30
343.5260132000003,32.957198340000005,61.10017567372549,30
343.5575114000003,32.957198340000005,61.10017567372549,30
343.6053810000012,33.09338511,60.843824106666666,30
343.6373183000014,33.09338511,60.843824106666666,30
343.6694206000011,33.09338511,60.843824106666666,30
343.70136420000017,33.22957188,60.587472539607845,30
343.73341000000073,33.22957188,60.587472539607845,30
343.76540770000065,33.22957188,60.587472539607845,30
343.7973579999998,33.365758650000004,60.331120972549016,30
343.82937870000023,33.365758650000004,60.331120972549016,30
343.8614096000001,33.365758650000004,60.331120972549016,30
343.8933797999998,33.365758650000004,60.331120972549016,30
343.92544220000127,33.501945420000006,60.07476940549018,30
343.9573880000007,33.501945420000006,60.07476940549018,30
344.005401800001,33.501945420000006,60.07476940549018,30
344.03731920000064,33.501945420000006,60.07476940549018,30
344.0693084000013,33.501945420000006,60.07476940549018,30
344.10134970000036,33.501945420000006,60.07476940549018,30
344.1332493000009,33.501945420000006,60.07476940549018,30
344.1653169000001,33.501945420000006,60.07476940549018,30
344.19740830000046,33.501945420000006,60.07476940549018,30
344.2292926000009,33.501945420000006,60.07476940549018,30
344.261471400001,33.501945420000006,60.07476940549018,30
344.29332690000047,33.501945420000006,60.07476940549018,30
344.32530600000064,33.501945420000006,60.07476940549018,30
344.35761040000034,33.501945420000006,60.07476940549018,30
344.40529960000094,33.501945420000006,60.07476940549018,30
344.4374093000006,33.501945420000006,60.07476940549018,30
344.4693743000007,33.501945420000006,60.07476940549018,30
344.5014542000008,33.501945420000006,60.07476940549018,30
344.5334113000008,33.501945420000006,60.07476940549018,30
344.56543240000065,33.501945420000006,60.07476940549018,30
344.59736500000145,33.501945420000006,60.07476940549018,30
344.6296650000004,33.63813219,59.81841783843137,30
344.6614805999998,33.63813219,59.81841783843137,30
344.693326300001,33.501945420000006,60.07476940549018,30
344.72537060000104,33.910505730000004,59.305714704313715,30
344.75736660000075,33.910505730000004,59.305714704313715,30
344.8053670999998,33.77431896,59.56206627137254,30
344.83734390000063,33.77431896,59.56206627137254,30
344.86944910000057,33.63813219,59.81841783843137,30
344.9013513000009,33.63813219,59.81841783843137,30
344.9333564000008,33.63813219,59.81841783843137,30
344.96531030000006,33.501945420000006,60.07476940549018,30
344.9974860000002,33.501945420000006,60.07476940549018,30
345.0295973000011,33.501945420000006,60.07476940549018,30
345.061332700001,33.365758650000004,60.331120972549016,30
345.09327160000066,33.365758650000004,60.331120972549016,30
345.12533150000127,33.22957188,60.587472539607845,30
345.1573591000015,33.22957188,60.587472539607845,30
345.2053934000014,33.09338511,60.843824106666666,30
345.23736389999976,33.09338511,60.843824106666666,30
345.26933950000057,32.957198340000005,61.10017567372549,30
345.3013582000003,32.957198340000005,61.10017567372549,30
345.33324840000023,32.957198340000005,61.10017567372549,30
345.3654221000015,32.82101157,61.35652724078431,30
345.39751870000146,32.82101157,61.35652724078431,30
345.4293140000009,32.82101157,61.35652724078431,30
345.46139330000005,32.6848248,61.61287880784314,30
345.49342460000116,32.54863803,61.86923037490196,30
345.5253036000013,32.54863803,61.86923037490196,30
345.5573615000012,32.412451260000005,62.12558194196078,30
345.60534499999994,32.412451260000005,62.12558194196078,30
345.63730580000083,32.957198340000005,61.10017567372549,30
345.66940670000076,32.957198340000005,61.10017567372549,30
345.70129180000004,32.957198340000005,61.10017567372549,30
345.73342760000014,32.957198340000005,61.10017567372549,30
345.7653573000007,32.957198340000005,61.10017567372549,30
345.79731940000056,32.82101157,61.35652724078431,30
345.8293878000004,32.82101157,61.35652724078431,30
345.86140390000037,32.6848248,61.61287880784314,30
345.8933151000001,32.6848248,61.61287880784314,30
345.9253754000001,32.54863803,61.86923037490196,30
345.9573115000003,32.54863803,61.86923037490196,30
346.0053874000005,32.54863803,61.86923037490196,30
346.03734910000094,32.54863803,61.86923037490196,30
346.0693334000007,32.412451260000005,62.12558194196078,30
346.1016295999998,32.412451260000005,62.12558194196078,30
346.13375110000015,32.412451260000005,62.12558194196078,30
346.16530010000133,32.412451260000005,62.12558194196078,30
346.19738700000016,32.27626449,62.3819335090196,30
346.22940540000127,32.27626449,62.3819335090196,30
346.2614467000003,32.27626449,62.3819335090196,30
346.29338590000043,32.14007772,62.63828507607844,30
346.3253291000001,32.412451260000005,62.12558194196078,30
346.3574086000008,32.27626449,62.3819335090196,30
346.4053601000014,31.867704180000004,63.15098821019607,30
346.4374905000004,32.14007772,62.63828507607844,30
346.4697042000007,31.731517410000006,63.40733977725489,30
346.5014424000001,31.595330640000004,63.66369134431372,30
346.53342599999996,31.595330640000004,63.66369134431372,30
346.5654445,31.459143870000005,63.92004291137253,30
346.5973618000007,31.459143870000005,63.92004291137253,30
346.62938700000086,31.322957100000004,64.17639447843136,30
346.6613594999999,31.322957100000004,64.17639447843136,30
346.6933480000007,31.322957100000004,64.17639447843136,30
346.7253877000003,31.322957100000004,64.17639447843136,30
346.7572639000009,31.186770330000005,64.43274604549019,30
346.80547509999997,31.186770330000005,64.43274604549019,30
346.83759420000024,31.186770330000005,64.43274604549019,30
346.86961450000126,31.186770330000005,64.43274604549019,30
346.9013719000013,31.186770330000005,64.43274604549019,30
346.9333557000009,31.186770330000005,64.43274604549019,30
346.96553180000046,31.459143870000005,63.92004291137253,30
346.99743800000033,31.459143870000005,63.92004291137253,30
347.0293597,31.459143870000005,63.92004291137253,30
347.0613123000003,31.459143870000005,63.92004291137253,30
347.0933163999998,31.459143870000005,63.92004291137253,30
347.12535630000093,31.186770330000005,64.43274604549019,30
347.1573392999999,31.186770330000005,64.43274604549019,30
347.20540380000057,31.186770330000005,64.43274604549019,30
347.2374267000014,31.186770330000005,64.43274604549019,30
347.26934020000044,31.186770330000005,64.43274604549019,30
347.3013067000011,31.186770330000005,64.43274604549019,30
347.3333481000009,31.186770330000005,64.43274604549019,30
347.3653178000004,31.186770330000005,64.43274604549019,30
347.3973936000002,31.186770330000005,64.43274604549019,30
347.42933690000064,31.186770330000005,64.43274604549019,30
347.46130540000013,31.186770330000005,64.43274604549019,30
347.4933665000008,31.186770330000005,64.43274604549019,30
347.5253535000011,31.186770330000005,64.43274604549019,30
347.55744610000147,31.322957100000004,64.17639447843136,30
347.60559810000086,31.322957100000004,64.17639447843136,30
347.6373999000007,31.322957100000004,64.17639447843136,30
347.6693458999998,31.322957100000004,64.17639447843136,30
347.7014027000005,31.322957100000004,64.17639447843136,30
347.7334541,31.322957100000004,64.17639447843136,30
347.76538320000145,31.459143870000005,63.92004291137253,30
347.7973716000015,31.459143870000005,63.92004291137253,30
347.8294424000014,31.459143870000005,63.92004291137253,30
347.861533700001,31.459143870000005,63.92004291137253,30
347.89334560000134,31.595330640000004,63.66369134431372,30
347.9253263999999,31.595330640000004,63.66369134431372,30
347.9576209000006,31.595330640000004,63.66369134431372,30
348.0053767999998,31.595330640000004,63.66369134431372,30
348.0373513000013,31.595330640000004,63.66369134431372,30
348.06939480000074,31.595330640000004,63.66369134431372,30
348.1013698000006,31.595330640000004,63.66369134431372,30
348.1333136000012,31.731517410000006,63.40733977725489,30
348.1653743000006,31.731517410000006,63.40733977725489,30
348.19740450000063,31.731517410000006,63.40733977725489,30
348.2293429000001,31.731517410000006,63.40733977725489,30
348.2616023999999,31.867704180000004,63.15098821019607,30
348.29330459999983,31.867704180000004,63.15098821019607,30
348.32540730000073,31.867704180000004,63.15098821019607,30
348.3573735000009,31.867704180000004,63.15098821019607,30
348.40535550000095,32.003890950000006,62.89463664313723,30
348.43731110000044,32.003890950000006,62.89463664313723,30
348.4694047000012,32.003890950000006,62.89463664313723,30
348.50145280000106,32.003890950000006,62.89463664313723,30
348.5334756000011,32.14007772,62.63828507607844,30
348.5653024000003,31.322957100000004,64.17639447843136,30
348.59740180000153,31.459143870000005,63.92004291137253,30
348.62931630000094,31.459143870000005,63.92004291137253,30
348.66133620000073,31.459143870000005,63.92004291137253,30
348.69361200000094,31.459143870000005,63.92004291137253,30
348.72535770000104,31.595330640000004,63.66369134431372,30
348.75732600000083,31.595330640000004,63.66369134431372,30
348.8052095000003,31.595330640000004,63.66369134431372,30
348.8372448000009,31.595330640000004,63.66369134431372,30
348.86930530000063,31.595330640000004,63.66369134431372,30
348.901280600001,31.595330640000004,63.66369134431372,30
348.9334079,31.731517410000006,63.40733977725489,30
348.96524880000106,31.731517410000006,63.40733977725489,30
348.9973503000001,31.867704180000004,63.15098821019607,30
349.029536,31.867704180000004,63.15098821019607,30
349.0622635,32.003890950000006,62.89463664313723,30
349.0934264000007,32.003890950000006,62.89463664313723,30
349.1253850000012,32.14007772,62.63828507607844,30
349.15731120000055,32.14007772,62.63828507607844,30
349.20530690000123,32.27626449,62.3819335090196,30
349.23733490000086,32.27626449,62.3819335090196,30
349.26931550000154,32.412451260000005,62.12558194196078,30
349.3013193000006,32.412451260000005,62.12558194196078,30
349.33335930000067,32.412451260000005,62.12558194196078,30
349.36546199999975,32.412451260000005,62.12558194196078,30
349.3973423000007,32.54863803,61.86923037490196,30
349.42945150000014,32.54863803,61.86923037490196,30
349.46151629999986,32.54863803,61.86923037490196,30
349.4934179000011,32.6848248,61.61287880784314,30
349.5254230999999,32.6848248,61.61287880784314,30
349.5572974000006,32.82101157,61.35652724078431,30
349.6053337000012,32.82101157,61.35652724078431,30
349.6373985000009,32.82101157,61.35652724078431,30
349.66932520000046,32.957198340000005,61.10017567372549,30
349.7013248000003,33.09338511,60.843824106666666,30
349.7333550000003,33.09338511,60.843824106666666,30
349.76530060000005,33.22957188,60.587472539607845,30
349.79743469999994,33.365758650000004,60.331120972549016,30
349.8295341000012,33.365758650000004,60.331120972549016,30
349.8613569000008,33.365758650000004,60.331120972549016,30
349.8933580000012,33.501945420000006,60.07476940549018,30
349.92531490000147,33.501945420000006,60.07476940549018,30
349.9573326000009,33.501945420000006,60.07476940549018,30
350.0053138000003,33.501945420000006,60.07476940549018,30
350.03740690000086,33.501945420000006,60.07476940549018,30
350.06937220000145,33.63813219,59.81841783843137,30
350.101316100001,33.63813219,59.81841783843137,30
350.1333035000007,33.63813219,59.81841783843137,30
350.16553190000013,33.63813219,59.81841783843137,30
350.1973171999998,33.63813219,59.81841783843137,30
350.2293546000001,33.501945420000006,60.07476940549018,30
350.2613314000009,33.501945420000006,60.07476940549018,30
350.29330740000114,33.365758650000004,60.331120972549016,30
350.3253144999999,33.365758650000004,60.331120972549016,30
350.3573735000009,33.365758650000004,60.331120972549016,30
350.4053564000005,33.365758650000004,60.331120972549016,30
350.43731090000074,33.365758650000004,60.331120972549016,30
350.4695236000007,33.365758650000004,60.331120972549016,30
350.5013267000013,33.365758650000004,60.331120972549016,30
350.53347420000136,33.365758650000004,60.331120972549016,30
350.56546250000065,33.365758650000004,60.331120972549016,30
350.5973494000009,33.365758650000004,60.331120972549016,30
350.6293956999998,33.365758650000004,60.331120972549016,30
350.6613328000003,33.365758650000004,60.331120972549016,30
350.6933203000008,33.365758650000004,60.331120972549016,30
350.7253700000001,33.365758650000004,60.331120972549016,30
350.75735590000113,33.22957188,60.587472539607845,30
350.80531040000096,33.22957188,60.587472539607845,30
350.8373345,33.22957188,60.587472539607845,30
350.8698654,33.22957188,60.587472539607845,30
350.9015205000014,33.22957188,60.587472539607845,30
350.9334359000004,33.22957188,60.587472539607845,30
350.96542430000045,33.09338511,60.843824106666666,30
350.9973594000003,33.09338511,60.843824106666666,30
351.02936840000075,33.09338511,60.843824106666666,30
351.06136550000156,33.09338511,60.843824106666666,30
351.0933925999998,33.09338511,60.843824106666666,30
351.12529619999987,32.957198340000005,61.10017567372549,30
351.1572827,32.957198340000005,61.10017567372549,30
351.2052984000002,32.82101157,61.35652724078431,30
351.2372395000002,32.82101157,61.35652724078431,30
351.26938789999986,32.6848248,61.61287880784314,30
351.3015563000008,32.54863803,61.86923037490196,30
351.3332631000012,32.54863803,61.86923037490196,30
351.36526630000117,32.54863803,61.86923037490196,30
351.397336,32.54863803,61.86923037490196,30
351.42927320000126,32.54863803,61.86923037490196,30
351.4613852000002,32.54863803,61.86923037490196,30
351.4934023000005,32.412451260000005,62.12558194196078,30
351.52526390000094,32.412451260000005,62.12558194196078,30
351.5572858000014,32.412451260000005,62.12558194196078,30
351.60525530000086,32.412451260000005,62.12558194196078,30
351.6374123000005,32.412451260000005,62.12558194196078,30
351.6694881000003,32.412451260000005,62.12558194196078,30
351.7012996000012,32.412451260000005,62.12558194196078,30
351.73330890000034,32.27626449,62.3819335090196,30
351.7653491000001,32.27626449,62.3819335090196,30
351.7972668000002,32.6848248,61.61287880784314,30
351.8293087000002,32.27626449,62.3819335090196,30
351.86131449999993,32.14007772,62.63828507607844,30
351.89328540000133,32.14007772,62.63828507607844,30
351.92538700000114,32.14007772,62.63828507607844,30
351.95733030000156,32.003890950000006,62.89463664313723,30
352.00556120000147,32.003890950000006,62.89463664313723,30
352.0373464000004,32.412451260000005,62.12558194196078,30
352.0693503000002,32.27626449,62.3819335090196,30
352.1013509000004,32.27626449,62.3819335090196,30
352.13335069999994,32.27626449,62.3819335090196,30
352.16548409999996,32.14007772,62.63828507607844,30
352.19745540000076,32.14007772,62.63828507607844,30
352.22937170000114,32.14007772,62.63828507607844,30
352.2613025999999,32.14007772,62.63828507607844,30
352.2933744000002,32.14007772,62.63828507607844,30
352.3253596000013,32.14007772,62.63828507607844,30
352.35739190000095,32.14007772,62.63828507607844,30
352.40553530000034,32.14007772,62.63828507607844,30
352.43733430000066,32.003890950000006,62.89463664313723,30
352.46943009999995,32.003890950000006,62.89463664313723,30
352.50139339999987,32.003890950000006,62.89463664313723,30
352.53332370000135,32.003890950000006,62.89463664313723,30
352.5652882000013,32.003890950000006,62.89463664313723,30
352.5973367000006,32.003890950000006,62.89463664313723,30
352.6293865000007,32.003890950000006,62.89463664313723,30
352.6613171000008,31.867704180000004,63.15098821019607,30
352.69336120000116,31.867704180000004,63.15098821019607,30
352.7253847000011,31.867704180000004,63.15098821019607,30
352.75755279999976,31.867704180000004,63.15098821019607,30
352.80533670000113,31.731517410000006,63.40733977725489,30
352.8373257000003,31.731517410000006,63.40733977725489,30
352.8692867999998,31.731517410000006,63.40733977725489,30
352.9013199000001,31.731517410000006,63.40733977725489,30
352.93324460000076,31.595330640000004,63.66369134431372,30
352.96531210000103,32.27626449,62.3819335090196,30
352.99728550000145,32.14007772,62.63828507607844,30
353.0293117000001,32.14007772,62.63828507607844,30
353.06140290000076,32.14007772,62.63828507607844,30
353.09323740000036,32.14007772,62.63828507607844,30
353.1253374000007,32.14007772,62.63828507607844,30
353.1573027000013,32.27626449,62.3819335090196,30
353.2053312000007,32.27626449,62.3819335090196,30
353.23730010000145,32.27626449,62.3819335090196,30
353.26935090000006,32.27626449,62.3819335090196,30
353.3013654000006,32.14007772,62.63828507607844,30
353.33331270000053,31.867704180000004,63.15098821019607,30
353.3652976000012,31.867704180000004,63.15098821019607,30
353.39734339999995,31.867704180000004,63.15098821019607,30
353.42930270000033,31.867704180000004,63.15098821019607,30
353.46140710000145,31.731517410000006,63.40733977725489,30
353.4938167,31.731517410000006,63.40733977725489,30
353.5253155999999,31.731517410000006,63.40733977725489,30
353.5573235000011,32.003890950000006,62.89463664313723,30
353.6053167000009,31.595330640000004,63.66369134431372,30
353.6373086000003,31.595330640000004,63.66369134431372,30
353.6693019000013,31.595330640000004,63.66369134431372,30
353.70141120000153,31.595330640000004,63.66369134431372,30
353.73335640000005,31.595330640000004,63.66369134431372,30
353.76536490000035,31.595330640000004,63.66369134431372,30
353.7972633999998,31.867704180000004,63.15098821019607,30
353.82944150000003,31.867704180000004,63.15098821019607,30
353.8614569000001,31.867704180000004,63.15098821019607,30
353.8934559999998,31.867704180000004,63.15098821019607,30
353.92538290000084,31.867704180000004,63.15098821019607,30
353.9572177000009,31.867704180000004,63.15098821019607,30
354.005345900001,31.867704180000004,63.15098821019607,30
354.03739769999993,31.867704180000004,63.15098821019607,30
354.0693669000011,31.459143870000005,63.92004291137253,30
354.10134990000006,31.595330640000004,63.66369134431372,30
354.1333553000004,31.595330640000004,63.66369134431372,30
354.1653404000008,31.595330640000004,63.66369134431372,30
354.1972710000009,31.731517410000006,63.40733977725489,30
354.22935680000046,31.731517410000006,63.40733977725489,30
354.2613084000004,31.867704180000004,63.15098821019607,30
354.2933621000011,31.867704180000004,63.15098821019607,30
354.32531329999983,32.003890950000006,62.89463664313723,30
354.3574090000002,32.003890950000006,62.89463664313723,30
354.40532090000124,32.003890950000006,62.89463664313723,30
354.4373080000005,32.003890950000006,62.89463664313723,30
354.4693593000011,32.003890950000006,62.89463664313723,30
354.50135150000096,32.14007772,62.63828507607844,30
354.5332935000006,32.14007772,62.63828507607844,30
354.56527950000054,32.14007772,62.63828507607844,30
354.59751210000104,32.14007772,62.63828507607844,30
354.629361700001,32.14007772,62.63828507607844,30
354.66126260000055,32.14007772,62.63828507607844,30
354.6933227999998,32.14007772,62.63828507607844,30
354.7252978000015,32.14007772,62.63828507607844,30
354.75736020000113,32.14007772,62.63828507607844,30
354.805241,32.27626449,62.3819335090196,30
354.83728090000113,32.27626449,62.3819335090196,30
354.8693882000007,32.27626449,62.3819335090196,30
354.9012534000012,32.27626449,62.3819335090196,30
354.9331716000015,32.27626449,62.3819335090196,30
354.96548150000126,32.412451260000005,62.12558194196078,30
354.9974682000011,32.412451260000005,62.12558194196078,30
355.02943870000126,32.412451260000005,62.12558194196078,30
355.0612446000014,32.412451260000005,62.12558194196078,30
355.09337920000144,32.412451260000005,62.12558194196078,30
355.12535200000093,32.412451260000005,62.12558194196078,30
355.15732800000114,32.412451260000005,62.12558194196078,30
355.2053598000002,32.412451260000005,62.12558194196078,30
355.237282600001,32.27626449,62.3819335090196,30
355.2693173000007,32.27626449,62.3819335090196,30
355.30140910000046,32.27626449,62.3819335090196,30
355.3334879000013,32.27626449,62.3819335090196,30
355.3654239000007,32.27626449,62.3819335090196,30
355.3973237000009,32.27626449,62.3819335090196,30
355.4293499000014,32.27626449,62.3819335090196,30
355.4614007,32.27626449,62.3819335090196,30
355.493283400001,32.27626449,62.3819335090196,30
355.52534000000014,32.27626449,62.3819335090196,30
355.55736100000104,32.27626449,62.3819335090196,30
355.6053442000011,32.27626449,62.3819335090196,30
355.6373226000014,32.27626449,62.3819335090196,30
355.66928840000037,32.27626449,62.3819335090196,30
355.701786900001,32.27626449,62.3819335090196,30
355.73343639999985,32.27626449,62.3819335090196,30
355.76529610000034,32.27626449,62.3819335090196,30
355.7972866,32.27626449,62.3819335090196,30
355.8293138000008,32.27626449,62.3819335090196,30
355.8613112000003,32.27626449,62.3819335090196,30
355.8933573000013,32.27626449,62.3819335090196,30
355.92531229999986,31.459143870000005,63.92004291137253,30
355.9573046000005,31.459143870000005,63.92004291137253,30
356.0054484000011,31.459143870000005,63.92004291137253,30
356.03726280000046,31.459143870000005,63.92004291137253,30
356.0693702000008,31.459143870000005,63.92004291137253,30
356.1014649000008,31.459143870000005,63.92004291137253,30
356.13327070000014,31.459143870000005,63.92004291137253,30
356.16529489999994,31.459143870000005,63.92004291137253,30
356.19720229999984,31.459143870000005,63.92004291137253,30
356.2293468000007,31.459143870000005,63.92004291137253,30
356.26129670000046,31.459143870000005,63.92004291137253,30
356.2933019000011,31.459143870000005,63.92004291137253,30
356.3253519000009,31.595330640000004,63.66369134431372,30
356.3572973999999,31.595330640000004,63.66369134431372,30
356.40526450000107,31.595330640000004,63.66369134431372,30
356.4374101000012,31.595330640000004,63.66369134431372,30
356.4696469999999,31.595330640000004,63.66369134431372,30
356.5013551000011,31.595330640000004,63.66369134431372,30
356.53334370000084,31.731517410000006,63.40733977725489,30
356.56531560000076,31.731517410000006,63.40733977725489,30
356.59740910000073,31.731517410000006,63.40733977725489,30
356.6293346000002,31.731517410000006,63.40733977725489,30
356.66132760000073,31.867704180000004,63.15098821019607,30
356.69327859999976,31.867704180000004,63.15098821019607,30
356.7253290000008,31.867704180000004,63.15098821019607,30
356.7572516,32.003890950000006,62.89463664313723,30
356.8055374000014,32.003890950000006,62.89463664313723,30
356.83744339999976,32.14007772,62.63828507607844,30
356.8692544000005,32.14007772,62.63828507607844,30
356.90132690000064,32.27626449,62.3819335090196,30
356.9333322000002,32.27626449,62.3819335090196,30
356.9653315000014,32.27626449,62.3819335090196,30
356.9974493000009,32.412451260000005,62.12558194196078,30
357.0293691000006,32.412451260000005,62.12558194196078,30
357.06136010000046,32.412451260000005,62.12558194196078,30
357.09325250000074,32.412451260000005,62.12558194196078,30
357.12530980000156,32.412451260000005,62.12558194196078,30
357.15752109999994,32.54863803,61.86923037490196,30
357.2053597000013,32.54863803,61.86923037490196,30
357.2373251000008,32.54863803,61.86923037490196,30
357.26930379999976,32.6848248,61.61287880784314,30
357.3013329000005,32.6848248,61.61287880784314,30
357.33333830000083,32.6848248,61.61287880784314,30
357.36526440000125,32.6848248,61.61287880784314,30
357.3972604999999,32.6848248,61.61287880784314,30
357.4293647000013,32.6848248,61.61287880784314,30
357.4612678000012,32.82101157,61.35652724078431,30
357.4933363,32.82101157,61.35652724078431,30
357.5252209999999,32.957198340000005,61.10017567372549,30
357.55736780000007,32.957198340000005,61.10017567372549,30
357.60524799999985,32.957198340000005,61.10017567372549,30
357.6372656000003,33.09338511,60.843824106666666,30
357.6693331000006,33.09338511,60.843824106666666,30
357.7012601000006,33.09338511,60.843824106666666,30
357.7333161000006,33.09338511,60.843824106666666,30
357.7652557000001,33.09338511,60.843824106666666,30
357.79728520000026,33.09338511,60.843824106666666,30
357.82929220000005,33.09338511,60.843824106666666,30
357.86130050000065,33.22957188,60.587472539607845,30
357.89357400000154,33.22957188,60.587472539607845,30
357.92532180000126,33.22957188,60.587472539607845,30
357.9572656,33.22957188,60.587472539607845,30
358.0052426000002,33.22957188,60.587472539607845,30
358.03733900000043,33.365758650000004,60.331120972549016,30
358.0693458000005,33.365758650000004,60.331120972549016,30
358.1013485000003,33.365758650000004,60.331120972549016,30
358.1333945000006,33.501945420000006,60.07476940549018,30
358.16532780000125,33.501945420000006,60.07476940549018,30
358.1972772000008,33.501945420000006,60.07476940549018,30
358.2292460000008,33.63813219,59.81841783843137,30
358.26135090000025,33.63813219,59.81841783843137,30
358.2936114000004,33.63813219,59.81841783843137,30
358.32560710000143,33.63813219,59.81841783843137,30
358.35733900000014,33.501945420000006,60.07476940549018,30
358.4054210000013,33.501945420000006,60.07476940549018,30
358.4373131000011,33.501945420000006,60.07476940549018,30
358.4693449000006,33.365758650000004,60.331120972549016,30
358.501288200001,33.365758650000004,60.331120972549016,30
358.5333101000015,33.365758650000004,60.331120972549016,30
358.5654448000005,33.365758650000004,60.331120972549016,30
358.5973059000007,33.22957188,60.587472539607845,30
358.62932999999975,33.22957188,60.587472539607845,30
358.6615034000006,33.22957188,60.587472539607845,30
358.6932785000008,33.09338511,60.843824106666666,30
358.72538690000147,33.09338511,60.843824106666666,30
358.75726399999985,32.957198340000005,61.10017567372549,30
358.805298700001,32.957198340000005,61.10017567372549,30
358.83734950000144,32.82101157,61.35652724078431,30
358.8692308999998,32.82101157,61.35652724078431,30
358.90133849999984,32.6848248,61.61287880784314,30
358.933336600001,32.6848248,61.61287880784314,30
358.96527440000136,32.6848248,61.61287880784314,30
358.9972994,32.54863803,61.86923037490196,30
359.02942150000126,32.54863803,61.86923037490196,30
359.0612742000012,32.412451260000005,62.12558194196078,30
359.09325920000083,32.412451260000005,62.12558194196078,30
359.1252733000001,32.27626449,62.3819335090196,30
359.1573449000007,32.14007772,62.63828507607844,30
359.2053074000014,32.14007772,62.63828507607844,30
359.2374193000014,32.003890950000006,62.89463664313723,30
359.2693669,31.867704180000004,63.15098821019607,30
359.30128270000023,31.867704180000004,63.15098821019607,30
359.33332490000066,31.731517410000006,63.40733977725489,30
359.3655675000009,31.731517410000006,63.40733977725489,30
359.39737570000034,31.595330640000004,63.66369134431372,30
359.4293518000013,31.595330640000004,63.66369134431372,30
359.4612664000015,31.459143870000005,63.92004291137253,30
359.4933249000005,31.867704180000004,63.15098821019607,30
359.5254065000008,31.867704180000004,63.15098821019607,30
359.5573346000001,31.867704180000004,63.15098821019607,30
359.60533940000096,31.731517410000006,63.40733977725489,30
359.63732600000003,31.731517410000006,63.40733977725489,30
359.6693378,31.595330640000004,63.66369134431372,30
359.70141010000043,31.459143870000005,63.92004291137253,30
359.73328240000046,31.459143870000005,63.92004291137253,30
359.7654693000004,31.322957100000004,64.17639447843136,30
359.7973340000008,31.322957100000004,64.17639447843136,30
359.8293236999998,31.186770330000005,64.43274604549019,30
359.86132630000066,31.186770330000005,64.43274604549019,30
359.8933082000003,31.050583560000003,64.68909761254902,30
359.92532440000105,31.050583560000003,64.68909761254902,30
359.95733780000046,30.914396790000005,64.94544917960783,30
360.0053157000002,30.914396790000005,64.94544917960783,30
360.03731920000064,30.914396790000005,100.0,50
360.0693167999998,30.778210020000003,100.0,50
360.1015144000012,30.778210020000003,100.0,50
360.1336155000008,30.778210020000003,100.0,50
360.1653348,30.778210020000003,100.0,50
360.19731780000075,30.778210020000003,100.0,50
360.2292991000013,30.914396790000005,100.0,50
360.26124290000007,30.914396790000005,100.0,50
360.2933561000009,31.050583560000003,100.0,50
360.32535350000035,31.050583560000003,100.0,50
360.35724740000114,31.186770330000005,100.0,50
360.4053162,31.459143870000005,100.0,50
360.4372712000004,31.595330640000004,100.0,50
360.46921790000124,31.731517410000006,100.0,50
360.50155110000014,32.003890950000006,100.0,50
360.533370000001,32.14007772,100.0,50
360.565370100001,32.412451260000005,99.7726407654902,50
360.59733830000005,32.6848248,99.25993763137254,50
360.6292912000008,33.09338511,98.49088293019608,50
360.6612528000005,34.0466925,96.6964219607843,50
360.69327169999997,34.455252810000005,95.92736725960783,50
360.72543589999987,34.72762635,95.4146641254902,50
360.75745030000144,35.13618666,94.64560942431372,50
360.80594530000053,35.54474697,93.87655472313726,50
360.8376958000008,35.408560200000004,94.13290629019606,50
360.86925040000096,35.81712051,93.3638515890196,50
360.9014356000007,36.22568082,92.59479688784313,50
360.93335579999984,36.63424113,91.82574218666666,50
360.96529329999976,37.04280144,91.0566874854902,50
360.9973082000015,37.58754852,90.03128121725491,50
361.0292311000012,38.1322956,89.00587494901961,50
361.06135429999995,38.540855910000005,88.23682024784313,50
361.0933335999998,39.22178976,86.95506241254901,50
361.1253821999999,39.76653684,85.92965614431373,50
361.1573332000007,40.31128392,84.90424987607842,50
361.2052637000015,40.99221777,83.62249204078431,50
361.2376371999999,41.536964850000004,82.59708577254901,50
361.2693960000015,42.2178987,81.3153279372549,50
361.3013415000005,42.76264578,80.28992166901962,50
361.3333332000002,43.44357963,79.00816383372549,50
361.36531660000037,43.98832671,77.98275756549019,50
361.3973751000012,44.669260560000005,76.70099973019606,50
361.42931950000093,45.35019441,75.41924189490197,50
361.4613272000006,46.03112826,74.13748405960784,50
361.49333190000107,46.712062110000005,72.85572622431371,50
361.5253431000001,47.39299596,71.57396838901961,50
361.55734290000146,48.210116580000005,70.03585898666665,50
361.6054326000012,48.89105043,68.75410115137255,50
361.6374940000005,49.708171050000004,67.2159917490196,50
361.6692914000014,50.3891049,65.93423391372549,50
361.7012327000011,51.206225520000004,64.39612451137255,50
361.73335120000047,52.02334614,62.858015109019604,50
361.7651962,52.840466760000005,61.31990570666667,50
361.7973157000015,53.52140061,60.03814787137255,50
361.82936300000074,54.338521230000005,58.5000384690196,50
361.86130460000095,54.883268310000005,57.474632200784306,50
361.89327779999985,55.56420216,56.1928743654902,50
361.92525710000155,56.10894924,55.167468097254904,50
361.95778919999975,56.65369632,54.1420618290196,50
362.00533520000135,57.1984434,53.11665556078431,50
362.0373415000013,57.60700371,52.347600859607844,50
362.0693962000005,58.15175079,51.32219459137255,50
362.10127360000115,58.56031110000001,50.553139890196064,50
362.1332732999999,58.968871410000006,49.7840851890196,50
362.1652640000011,59.377431720000004,49.01503048784313,50
362.1972717000008,59.64980526,48.50232735372549,50
362.229303600001,59.922178800000005,47.98962421960783,50
362.2616213000001,60.19455234,47.4769210854902,50
362.2934283000013,60.33073911,47.22056951843137,50
362.32541180000044,60.60311265000001,46.70786638431372,50
362.3577427,60.73929942,46.4515148172549,50
362.4053891000003,60.875486190000004,46.195163250196075,50
362.43729500000154,61.011672960000006,45.938811683137246,50
362.4694479000009,61.14785973,45.68246011607843,50
362.50127220000104,61.14785973,45.68246011607843,50
362.53337270000156,61.2840465,45.4261085490196,50
362.56527710000046,61.2840465,45.4261085490196,50
362.59734500000013,61.420233270000004,45.16975698196078,50
362.62936700000137,61.420233270000004,45.16975698196078,50
362.6613459,61.420233270000004,45.16975698196078,50
362.69354550000025,61.556420040000006,44.913405414901945,50
362.7255014000002,61.556420040000006,44.913405414901945,50
362.75734300000113,61.420233270000004,45.16975698196078,50
362.8053385000003,61.420233270000004,45.16975698196078,50
362.83731780000016,61.2840465,45.4261085490196,50
362.86941560000014,61.14785973,45.68246011607843,50
362.9013025000004,61.011672960000006,45.938811683137246,50
362.93327950000094,60.875486190000004,46.195163250196075,50
362.96534520000023,60.60311265000001,46.70786638431372,50
362.99730340000133,60.33073911,47.22056951843137,50
363.0293274000014,60.19455234,47.4769210854902,50
363.0619850000003,59.922178800000005,47.98962421960783,50
363.0935876000003,59.64980526,48.50232735372549,50
363.1253204000004,59.377431720000004,49.01503048784313,50
363.15747270000065,59.10505818,49.52773362196078,50
363.205343900001,58.832684640000004,50.04043675607842,50
363.23733170000014,58.424124330000005,50.80949145725489,50
363.26940860000104,58.15175079,51.32219459137255,50
363.3013350000001,57.74319048,52.09124929254902,50
363.33329850000155,57.470816940000006,52.60395242666666,50
363.365334600001,57.1984434,53.11665556078431,50
363.3975721000006,56.789883090000004,53.885710261960774,50
363.42954610000015,56.51750955,54.398413396078425,50
363.461583100001,56.10894924,55.167468097254904,50
363.49336010000115,55.836575700000004,55.68017123137254,50
363.5252829000001,55.56420216,56.1928743654902,50
363.5572979000008,55.291828620000004,56.70557749960784,50
363.60539620000054,55.01945508,57.21828063372549,50
363.6372452000014,54.74708154,57.73098376784313,50
363.6692226000014,54.61089477,57.98733533490196,50
363.7013349000008,54.338521230000005,58.5000384690196,50
363.7332404000008,54.06614769,59.01274160313725,50
363.76528359999975,53.793774150000004,59.525444737254894,50
363.79754460000004,53.65758738,59.781796304313715,50
363.82981500000096,53.249027070000004,60.550851005490195,50
363.8614858000001,53.1128403,60.807202572549016,50
363.8933328000003,52.840466760000005,61.31990570666667,50
363.92540590000135,52.56809322,61.83260884078432,50
363.957314700001,52.295719680000005,62.34531197490195,50
364.0053432000004,52.15953291,62.601663541960775,50
364.0374066000004,51.887159370000006,63.11436667607842,50
364.06941950000146,51.61478583,63.62706981019607,50
364.10130709999976,51.342412290000006,64.1397729443137,50
364.13330850000057,47.665369500000004,71.06126525490197,50
364.165346400001,47.52918273,71.31761682196078,50
364.19751090000136,47.39299596,71.57396838901961,50
364.2292851000002,47.120622420000004,72.08667152313724,50
364.2613892999998,46.84824888,72.5993746572549,50
364.29326890000084,46.712062110000005,72.85572622431371,50
364.3253332000004,46.43968857,73.36842935843137,50
364.3573131000012,46.167315030000005,73.881132492549,50
364.4053259000011,46.03112826,74.13748405960784,50
364.437331000001,45.75875472,74.65018719372549,50
364.4693175000011,45.622567950000004,74.90653876078431,50
364.5012856000012,45.48638118,75.16289032784313,50
364.53367980000075,45.35019441,75.41924189490197,50
364.5655432000003,45.214007640000005,75.67559346196077,50
364.5973330000015,45.077820870000004,75.93194502901962,50
364.6293286,44.9416341,76.18829659607843,50
364.6613143000013,44.80544733,76.44464816313726,50
364.69325840000056,44.80544733,76.44464816313726,50
364.72537770000054,44.80544733,76.44464816313726,50
364.75737130000016,44.80544733,76.44464816313726,50
364.80532219999986,44.80544733,76.44464816313726,50
364.8372952000009,44.80544733,76.44464816313726,50
364.8692987000013,44.80544733,76.44464816313726,50
364.90127550000034,44.9416341,76.18829659607843,50
364.9333674999998,44.9416341,76.18829659607843,50
364.965285100001,44.9416341,76.18829659607843,50
364.99726460000056,45.077820870000004,75.93194502901962,50
365.02928489999977,45.077820870000004,75.93194502901962,50
365.06127650000053,45.214007640000005,75.67559346196077,50
365.0934092000007,45.35019441,75.41924189490197,50
365.1252854000013,45.48638118,75.16289032784313,50
365.15729810000084,45.622567950000004,74.90653876078431,50
365.20533109999997,45.75875472,74.65018719372549,50
365.23729000000094,45.89494149,74.39383562666666,50
365.2694035000004,46.03112826,74.13748405960784,50
365.3015054000007,46.167315030000005,73.881132492549,50
365.33356559999993,46.3035018,73.6247809254902,50
365.3651668000002,46.43968857,73.36842935843137,50
365.39725350000117,46.57587534,73.11207779137254,50
365.4292729000008,46.712062110000005,72.85572622431371,50
365.46127760000127,46.98443565,72.34302309019607,50
365.49343800000133,47.120622420000004,72.08667152313724,50
365.5253037000002,47.256809190000006,71.83031995607841,50
365.5573218999998,47.39299596,71.57396838901961,50
365.6053350000002,47.665369500000004,71.06126525490197,50
365.6373629000009,47.93774304,70.54856212078433,50
365.66948610000145,48.07392981,70.29221055372548,50
365.7013381000015,48.34630335,69.77950741960784,50
365.7334264000001,48.61867689,69.2668042854902,50
365.76525460000084,48.754863660000005,69.01045271843135,50
365.7973251000003,49.0272372,68.49774958431371,50
365.82929980000154,49.163423970000004,68.2413980172549,50
365.8613124000003,49.43579751,67.72869488313725,50
365.89335160000155,49.57198428,67.47234331607842,50
365.92532759999995,49.708171050000004,67.2159917490196,50
365.95730540000113,49.98054459,66.70328861490196,50
366.0053605000012,50.11673136,66.44693704784314,50
366.0375245000014,50.252918130000005,66.1905854807843,50
366.06943070000125,50.3891049,65.93423391372549,50
366.1014309000002,50.66147844,65.42153077960783,50
366.1332345999999,50.797665210000005,65.165179212549,50
366.16532180000104,51.07003875,64.65247607843136,50
366.1972521000007,51.206225520000004,64.39612451137255,50
366.22929079999994,51.342412290000006,64.1397729443137,50
366.2613482000015,51.47859906,63.8834213772549,50
366.29329360000156,51.61478583,63.62706981019607,50
366.3252613000004,51.750972600000004,63.37071824313725,50
366.357246900001,51.750972600000004,63.37071824313725,50
366.40537550000045,51.887159370000006,63.11436667607842,50
366.4372951000005,52.02334614,62.858015109019604,50
366.4693232999998,52.02334614,62.858015109019604,50
366.50129730000117,55.70038893,55.93652279843136,50
366.53329720000147,52.15953291,62.601663541960775,50
366.5652719000009,52.15953291,62.601663541960775,50
366.5973095999998,52.295719680000005,62.34531197490195,50
366.62932440000077,52.43190645,62.08896040784314,50
366.6612868000011,52.43190645,62.08896040784314,50
366.6932921000007,52.43190645,62.08896040784314,50
366.7252324000001,52.43190645,62.08896040784314,50
366.7573915000012,52.43190645,62.08896040784314,50
366.78944220000085,52.43190645,62.08896040784314,50
366.83729180000046,52.295719680000005,62.34531197490195,50
366.86926780000067,52.295719680000005,62.34531197490195,50
366.90129570000136,52.15953291,62.601663541960775,50
366.9334015000004,52.15953291,62.601663541960775,50
366.96540090000053,52.02334614,62.858015109019604,50
366.9972921000008,52.02334614,62.858015109019604,50
367.0293053000005,52.02334614,62.858015109019604,50
367.06129450000117,51.887159370000006,63.11436667607842,50
367.0932936999998,51.887159370000006,63.11436667607842,50
367.1256229999999,51.887159370000006,63.11436667607842,50
367.1574513000014,51.750972600000004,63.37071824313725,50
367.1892502999999,51.750972600000004,63.37071824313725,50
367.23731150000094,51.61478583,63.62706981019607,50
367.2693693000001,51.61478583,63.62706981019607,50
367.3013081000008,51.47859906,63.8834213772549,50
367.33333200000015,51.47859906,63.8834213772549,50
367.36535790000016,55.15564185,56.96192906666667,50
367.39734240000143,55.15564185,56.96192906666667,50
367.4293417000008,55.15564185,56.96192906666667,50
367.461322000001,51.47859906,63.8834213772549,50
367.493646500001,55.15564185,56.96192906666667,50
367.52557890000026,51.47859906,63.8834213772549,50
367.55737750000117,51.47859906,63.8834213772549,50
367.5893192000003,51.47859906,63.8834213772549,50
367.63743010000144,51.342412290000006,64.1397729443137,50
367.66929620000155,51.206225520000004,64.39612451137255,50
367.70124660000147,54.883268310000005,57.474632200784306,50
367.7333156000004,50.93385198,64.90882764549019,50
367.76531590000013,54.74708154,57.73098376784313,50
367.79740160000074,54.74708154,57.73098376784313,50
367.82935420000103,54.61089477,57.98733533490196,50
367.8616570000013,54.61089477,57.98733533490196,50
367.89340730000004,54.61089477,57.98733533490196,50
367.9253141999998,54.474708,58.24368690196078,50
367.9573228999998,54.474708,58.24368690196078,50
367.989335100001,54.338521230000005,58.5000384690196,50
368.0373120000004,54.338521230000005,58.5000384690196,50
368.06926960000055,54.20233446,58.75639003607842,50
368.1012851000014,54.06614769,59.01274160313725,50
368.1332901000005,54.06614769,59.01274160313725,50
368.1656741000006,53.929960920000006,59.269093170196065,50
368.19732450000083,53.929960920000006,59.269093170196065,50
368.2295221000004,53.793774150000004,59.525444737254894,50
368.2613254000007,53.793774150000004,59.525444737254894,50
368.29325210000025,53.65758738,59.781796304313715,50
368.32527290000144,53.65758738,59.781796304313715,50
368.35735209999984,53.52140061,60.03814787137255,50
368.3893712000008,53.385213840000006,60.29449943843136,50
368.4372471000006,53.385213840000006,60.29449943843136,50
368.4693689000014,53.249027070000004,60.550851005490195,50
368.5013510000008,53.1128403,60.807202572549016,50
368.53327400000126,53.1128403,60.807202572549016,50
368.5652637000003,52.97665353,61.063554139607845,50
368.5974885000014,52.840466760000005,61.31990570666667,50
368.6294288000008,52.70427999,61.57625727372549,50
368.66136689999985,52.70427999,61.57625727372549,50
368.6932703000002,52.56809322,61.83260884078432,50
368.7252944000011,52.56809322,61.83260884078432,50
368.75731110000015,52.43190645,62.08896040784314,50
368.78929510000125,52.295719680000005,62.34531197490195,50
368.8373519000015,52.295719680000005,62.34531197490195,50
368.86935970000013,52.15953291,62.601663541960775,50
368.90141159999985,52.02334614,62.858015109019604,50
368.9333827999999,52.02334614,62.858015109019604,50
368.96534260000044,51.887159370000006,63.11436667607842,50
368.99751819999983,51.887159370000006,63.11436667607842,50
369.0293005000003,51.750972600000004,63.37071824313725,50
369.06135130000075,51.61478583,63.62706981019607,50
369.09332220000033,51.61478583,63.62706981019607,50
369.1252946000004,51.47859906,63.8834213772549,50
369.1572967000011,51.342412290000006,64.1397729443137,50
369.18929000000026,51.342412290000006,64.1397729443137,50
369.237321300001,51.206225520000004,64.39612451137255,50
369.26928709999993,51.206225520000004,64.39612451137255,50
369.3011667999999,51.07003875,64.65247607843136,50
369.3335009000002,51.07003875,64.65247607843136,50
369.36550069999976,50.93385198,64.90882764549019,50
369.3972584000003,50.93385198,64.90882764549019,50
369.4293376000005,50.797665210000005,65.165179212549,50
369.46133700000064,50.66147844,65.42153077960783,50
369.49329880000005,50.66147844,65.42153077960783,50
369.52521440000055,50.52529167,65.67788234666668,50
369.5573080000013,50.52529167,65.67788234666668,50
369.58930930000133,50.3891049,65.93423391372549,50
369.63728770000125,50.3891049,65.93423391372549,50
369.6693372000009,50.252918130000005,66.1905854807843,50
369.7013201000009,50.252918130000005,66.1905854807843,50
369.7334303000007,50.252918130000005,66.1905854807843,50
369.76531740000064,50.252918130000005,66.1905854807843,50
369.79724290000013,50.11673136,66.44693704784314,50
369.8295385000001,50.11673136,66.44693704784314,50
369.8614643000001,49.98054459,66.70328861490196,50
369.8933495000001,49.98054459,66.70328861490196,50
369.9253703000013,49.84435782,66.9596401819608,50
369.95734640000046,49.84435782,66.9596401819608,50
369.9893591,49.84435782,66.9596401819608,50
370.0373345000007,49.84435782,66.9596401819608,50
370.06930120000106,49.84435782,66.9596401819608,50
370.1015341000002,49.84435782,66.9596401819608,50
370.1332223999998,49.84435782,66.9596401819608,50
370.16526780000095,49.708171050000004,67.2159917490196,50
370.1973386000009,49.708171050000004,67.2159917490196,50
370.22921339999994,49.708171050000004,67.2159917490196,50
370.2613169000015,49.708171050000004,67.2159917490196,50
370.29325750000135,49.708171050000004,67.2159917490196,50
370.3254140000008,49.57198428,67.47234331607842,50
370.35730440000043,49.57198428,67.47234331607842,50
370.3892986999999,49.57198428,67.47234331607842,50
370.43769130000146,49.57198428,67.47234331607842,50
370.46956430000137,49.57198428,67.47234331607842,50
370.50134530000105,49.57198428,67.47234331607842,50
370.53347060000124,49.57198428,67.47234331607842,50
370.5652523000008,49.57198428,67.47234331607842,50
370.59720150000066,49.708171050000004,67.2159917490196,50
370.62937370000145,49.708171050000004,67.2159917490196,50
370.6613217000013,49.84435782,66.9596401819608,50
370.6932687000008,49.84435782,66.9596401819608,50
370.72528880000027,49.98054459,66.70328861490196,50
370.75720960000035,49.98054459,66.70328861490196,50
370.78976409999996,49.98054459,66.70328861490196,50
370.8376982000009,49.98054459,66.70328861490196,50
370.8694892000003,49.98054459,66.70328861490196,50
370.901294700001,50.11673136,66.44693704784314,50
370.9333282000007,50.11673136,66.44693704784314,50
370.96528209999997,50.252918130000005,66.1905854807843,50
370.9972945999998,50.3891049,65.93423391372549,50
371.02931309999985,50.3891049,65.93423391372549,50
371.06126740000036,50.52529167,65.67788234666668,50
371.09331470000143,50.66147844,65.42153077960783,50
371.12531560000025,50.66147844,65.42153077960783,50
371.1573402000013,50.797665210000005,65.165179212549,50
371.1893106000007,50.93385198,64.90882764549019,50
371.2372059999998,51.07003875,64.65247607843136,50
371.26960970000073,51.206225520000004,64.39612451137255,50
371.30126850000124,51.206225520000004,64.39612451137255,50
371.3333218000007,51.342412290000006,64.1397729443137,50
371.3654626000007,51.47859906,63.8834213772549,50
371.3972528000013,51.47859906,63.8834213772549,50
371.42928610000126,51.61478583,63.62706981019607,50
371.4613414000014,51.750972600000004,63.37071824313725,50
371.49330440000085,51.750972600000004,63.37071824313725,50
371.5253035000005,51.887159370000006,63.11436667607842,50
371.55751650000093,52.02334614,62.858015109019604,50
371.5895736000002,52.15953291,62.601663541960775,50
371.63730829999986,52.295719680000005,62.34531197490195,50
371.6693001000003,52.295719680000005,62.34531197490195,50
371.7013192000013,52.295719680000005,62.34531197490195,50
371.73325340000156,52.295719680000005,62.34531197490195,50
371.7653472000002,52.43190645,62.08896040784314,50
371.79730180000115,52.295719680000005,62.34531197490195,50
371.82931800000006,52.295719680000005,62.34531197490195,50
371.8613605999999,52.295719680000005,62.34531197490195,50
371.89329800000087,52.295719680000005,62.34531197490195,50
371.92552910000086,52.295719680000005,62.34531197490195,50
371.9574794,52.295719680000005,62.34531197490195,50
371.98925170000075,52.295719680000005,62.34531197490195,50
372.03724990000046,52.295719680000005,62.34531197490195,50
372.0692729000002,52.295719680000005,62.34531197490195,50
372.1012735000004,52.295719680000005,62.34531197490195,50
372.13328720000027,52.295719680000005,62.34531197490195,50
372.1652539000006,52.43190645,62.08896040784314,50
372.1972450000012,52.43190645,62.08896040784314,50
372.22933170000033,52.43190645,62.08896040784314,50
372.26132750000033,52.43190645,62.08896040784314,50
372.2935303000013,52.43190645,62.08896040784314,50
372.3254087000005,52.43190645,62.08896040784314,50
372.3573344000015,52.43190645,62.08896040784314,50
372.38930580000124,52.43190645,62.08896040784314,50
372.4372985000009,52.43190645,62.08896040784314,50
372.46929210000053,52.295719680000005,62.34531197490195,50
372.50138210000114,52.43190645,62.08896040784314,50
372.5332921999998,52.43190645,62.08896040784314,50
372.56529540000156,52.295719680000005,62.34531197490195,50
372.59714970000095,52.295719680000005,62.34531197490195,50
372.6292494999998,52.295719680000005,62.34531197490195,50
372.6613051000004,52.295719680000005,62.34531197490195,50
372.6932968000001,52.15953291,62.601663541960775,50
372.725378000001,52.15953291,62.601663541960775,50
372.7573816000004,48.61867689,69.2668042854902,50
372.78932520000126,52.295719680000005,62.34531197490195,50
372.83740780000153,52.15953291,62.601663541960775,50
372.86933710000085,52.02334614,62.858015109019604,50
372.90128750000076,52.02334614,62.858015109019604,50
372.93322980000084,51.887159370000006,63.11436667607842,50
372.9653263,51.750972600000004,63.37071824313725,50
373.0103626,51.750972600000004,63.37071824313725,50
373.04365750000034,51.61478583,63.62706981019607,50
373.0721633000012,51.47859906,63.8834213772549,50
373.0933741000008,51.47859906,63.8834213772549,50
373.12524029999986,47.93774304,70.54856212078433,50
373.1572620000006,47.93774304,70.54856212078433,50
373.1891809000008,47.93774304,70.54856212078433,50
373.2372797000007,47.93774304,70.54856212078433,50
373.26925370000026,47.80155627,70.80491368784314,50
373.30133300000125,47.80155627,70.80491368784314,50
373.3333567999998,47.80155627,70.80491368784314,50
373.3654686000009,47.665369500000004,71.06126525490197,50
373.39756560000023,47.665369500000004,71.06126525490197,50
373.42950850000125,47.665369500000004,71.06126525490197,50
373.4613093000007,47.665369500000004,71.06126525490197,50
373.4933032000008,47.665369500000004,71.06126525490197,50
373.52535830000124,47.665369500000004,71.06126525490197,50
373.55732480000006,47.665369500000004,71.06126525490197,50
373.589291100001,47.665369500000004,71.06126525490197,50
373.63725840000006,47.665369500000004,71.06126525490197,50
373.6692744000011,47.80155627,70.80491368784314,50
373.70135459999983,47.80155627,70.80491368784314,50
373.7333374000009,47.80155627,70.80491368784314,50
373.76541570000154,47.80155627,70.80491368784314,50
373.7973167,47.93774304,70.54856212078433,50
373.82926970000153,47.93774304,70.54856212078433,50
373.86131920000116,48.07392981,70.29221055372548,50
373.89333160000024,48.07392981,70.29221055372548,50
373.92522530000133,48.07392981,70.29221055372548,50
373.9572891000007,48.210116580000005,70.03585898666665,50
373.98929060000046,48.210116580000005,70.03585898666665,50
374.03725510000004,48.34630335,69.77950741960784,50
374.06929260000106,48.48249012,69.52315585254901,50
374.10127830000056,48.48249012,69.52315585254901,50
374.1333497000014,48.61867689,69.2668042854902,50
374.16532630000074,48.754863660000005,69.01045271843135,50
374.1972652000004,48.754863660000005,69.01045271843135,50
374.2292565000007,48.89105043,68.75410115137255,50
374.26119149999977,49.0272372,68.49774958431371,50
374.293252200001,49.163423970000004,68.2413980172549,50
374.3255614999998,49.299610740000006,67.98504645019607,50
374.3573567000003,49.43579751,67.72869488313725,50
374.38927630000035,49.57198428,67.47234331607842,50
374.4372791000005,49.708171050000004,67.2159917490196,50
374.46974390000105,49.84435782,66.9596401819608,50
374.50187300000107,49.98054459,66.70328861490196,50
374.53370189999987,50.11673136,66.44693704784314,50
374.56533090000084,50.252918130000005,66.1905854807843,50
374.5973604999999,50.3891049,65.93423391372549,50
374.62934380000115,50.52529167,65.67788234666668,50
374.66138930000125,50.66147844,65.42153077960783,50
374.6933420000005,50.66147844,65.42153077960783,50
374.72533770000155,50.797665210000005,65.165179212549,50
374.75730120000117,50.797665210000005,65.165179212549,50
374.7893294000005,50.797665210000005,65.165179212549,50
374.837864000001,50.93385198,64.90882764549019,50
374.8696114000013,50.93385198,64.90882764549019,50
374.90157630000067,50.93385198,64.90882764549019,50
374.93339170000036,51.07003875,64.65247607843136,50
374.9653006000008,51.07003875,64.65247607843136,50
374.9973342000012,51.07003875,64.65247607843136,50
375.0292132000013,51.206225520000004,64.39612451137255,50
375.0612643000004,51.206225520000004,64.39612451137255,50
375.09337490000144,51.342412290000006,64.1397729443137,50
375.12529300000097,51.342412290000006,64.1397729443137,50
375.157367400001,51.47859906,63.8834213772549,50
375.1893151000004,51.47859906,63.8834213772549,50
375.2373598000013,51.47859906,63.8834213772549,50
375.2695395999999,51.47859906,63.8834213772549,50
375.3011968999999,51.61478583,63.62706981019607,50
375.33322730000145,51.61478583,63.62706981019607,50
375.3652845000015,51.61478583,63.62706981019607,50
375.39733590000105,51.61478583,63.62706981019607,50
375.4293443000006,51.61478583,63.62706981019607,50
375.4613296000007,51.750972600000004,63.37071824313725,50
375.4932767999999,51.750972600000004,63.37071824313725,50
375.5252821000013,51.750972600000004,63.37071824313725,50
375.5572120000015,51.750972600000004,63.37071824313725,50
375.5893281000008,51.887159370000006,63.11436667607842,50
375.6373113999998,51.887159370000006,63.11436667607842,50
375.6692555000009,51.887159370000006,63.11436667607842,50
375.70143989999997,51.887159370000006,63.11436667607842,50
375.73322630000075,51.750972600000004,63.37071824313725,50
375.76550640000096,51.750972600000004,63.37071824313725,50
375.79733170000145,51.750972600000004,63.37071824313725,50
375.8293403000007,51.61478583,63.62706981019607,50
375.8612731000012,51.61478583,63.62706981019607,50
375.89328360000036,55.15564185,56.96192906666667,50
375.92525449999994,51.47859906,63.8834213772549,50
375.95756410000104,55.01945508,57.21828063372549,50
375.98953390000133,55.01945508,57.21828063372549,50
376.0373331999999,55.01945508,57.21828063372549,50
376.06927840000026,55.01945508,57.21828063372549,50
376.1012606000004,55.01945508,57.21828063372549,50
376.13328940000065,51.206225520000004,64.39612451137255,50
376.16529600000104,54.883268310000005,57.474632200784306,50
376.1973549000013,54.883268310000005,57.474632200784306,50
376.2293458000004,51.07003875,64.65247607843136,50
376.2611840999998,54.883268310000005,57.474632200784306,50
376.2932752000015,54.74708154,57.73098376784313,50
376.3252396000007,54.74708154,57.73098376784313,50
376.3578870000001,54.74708154,57.73098376784313,50
376.3893988,54.61089477,57.98733533490196,50
376.4372241000001,54.61089477,57.98733533490196,50
376.4692973000001,54.474708,58.24368690196078,50
376.50141220000114,54.474708,58.24368690196078,50
376.53329680000024,54.338521230000005,58.5000384690196,50
376.5652847000001,54.20233446,58.75639003607842,50
376.59718969999994,54.20233446,58.75639003607842,50
376.6292669000013,54.06614769,59.01274160313725,50
376.6613487000013,53.929960920000006,59.269093170196065,50
376.6931276000014,53.929960920000006,59.269093170196065,50
376.72534710000036,53.793774150000004,59.525444737254894,50
376.75740080000105,53.65758738,59.781796304313715,50
376.789287900001,53.52140061,60.03814787137255,50
376.8372506000014,53.52140061,60.03814787137255,50
376.86925490000067,53.385213840000006,60.29449943843136,50
376.90125760000046,53.249027070000004,60.550851005490195,50
376.9333587000001,53.1128403,60.807202572549016,50
376.96523460000026,52.97665353,61.063554139607845,50
376.99724870000136,52.840466760000005,61.31990570666667,50
377.02934840000125,52.840466760000005,61.31990570666667,50
377.0615548000005,52.70427999,61.57625727372549,50
377.0934171000008,52.56809322,61.83260884078432,50
377.12533990000156,52.43190645,62.08896040784314,50
377.15729660000034,52.43190645,62.08896040784314,50
377.189303000001,52.295719680000005,62.34531197490195,50
377.23722869999983,52.295719680000005,62.34531197490195,50
377.26922130000094,52.295719680000005,62.34531197490195,50
377.30129300000044,52.15953291,62.601663541960775,50
377.33330280000155,52.15953291,62.601663541960775,50
377.3653138000009,52.02334614,62.858015109019604,50
377.3972468000011,52.02334614,62.858015109019604,50
377.42912700000124,51.887159370000006,63.11436667607842,50
377.4616190000015,51.887159370000006,63.11436667607842,50
377.49343000000044,51.750972600000004,63.37071824313725,50
377.5253549000008,51.750972600000004,63.37071824313725,50
377.5572877000013,51.750972600000004,63.37071824313725,50
377.5892356000004,51.61478583,63.62706981019607,50
377.6372592000007,51.61478583,63.62706981019607,50
377.6692800000001,51.47859906,63.8834213772549,50
377.70135070000106,51.342412290000006,64.1397729443137,50
377.733361300001,51.342412290000006,64.1397729443137,50
377.7655048000015,51.206225520000004,64.39612451137255,50
377.7973410000013,51.206225520000004,64.39612451137255,50
377.8295042999998,51.07003875,64.65247607843136,50
377.8614501000011,51.07003875,64.65247607843136,50
377.89324360000137,50.93385198,64.90882764549019,50
377.92518650000056,50.93385198,64.90882764549019,50
377.95727870000155,50.93385198,64.90882764549019,50
377.9892215,50.797665210000005,65.165179212549,50
378.03731010000047,50.797665210000005,65.165179212549,50
378.0692804999999,50.66147844,65.42153077960783,50
378.1013262000015,50.66147844,65.42153077960783,50
378.13316640000085,50.52529167,65.67788234666668,50
378.1652823000004,50.52529167,65.67788234666668,50
378.1975086000002,50.3891049,65.93423391372549,50
378.22943810000106,50.3891049,65.93423391372549,50
378.2612656000001,50.252918130000005,66.1905854807843,50
378.2932395000007,50.252918130000005,66.1905854807843,50
378.32525370000076,50.252918130000005,66.1905854807843,50
378.3574757000006,50.252918130000005,66.1905854807843,50
378.3892802999999,50.252918130000005,66.1905854807843,50
378.43724210000073,50.3891049,65.93423391372549,50
378.46931490000134,50.3891049,65.93423391372549,50
378.50127109999994,50.3891049,65.93423391372549,50
378.5332225000002,50.3891049,65.93423391372549,50
378.56534850000025,50.3891049,65.93423391372549,50
378.5974838000002,50.3891049,65.93423391372549,50
378.629257300001,50.3891049,65.93423391372549,50
378.66121980000025,50.3891049,65.93423391372549,50
378.69321970000055,50.3891049,65.93423391372549,50
378.72526300000027,50.52529167,65.67788234666668,50
378.7572540000001,50.52529167,65.67788234666668,50
378.78922610000154,50.52529167,65.67788234666668,50
378.83734490000097,50.52529167,65.67788234666668,50
378.8692734000015,50.52529167,65.67788234666668,50
378.9011774999999,50.52529167,65.67788234666668,50
378.9333588999998,50.52529167,65.67788234666668,50
378.9653769000015,50.52529167,65.67788234666668,50
378.99736870000015,50.52529167,65.67788234666668,50
379.0294353999998,50.3891049,65.93423391372549,50
379.06127170000036,50.3891049,65.93423391372549,50
379.09328260000075,50.3891049,65.93423391372549,50
379.1252751000011,50.3891049,65.93423391372549,50
379.1572741,50.3891049,65.93423391372549,50
379.18937259999984,50.3891049,65.93423391372549,50
379.23726499999975,50.3891049,65.93423391372549,50
379.269347200001,50.52529167,65.67788234666668,50
379.30175300000155,50.52529167,65.67788234666668,50
379.33347380000123,50.52529167,65.67788234666668,50
379.36526250000134,50.66147844,65.42153077960783,50
379.39730410000084,50.66147844,65.42153077960783,50
379.4293654000012,50.66147844,65.42153077960783,50
379.4613239999999,50.797665210000005,65.165179212549,50
379.4933108000005,50.797665210000005,65.165179212549,50
379.52528730000085,50.797665210000005,65.165179212549,50
379.5573123000013,50.797665210000005,65.165179212549,50
379.5892978000011,50.797665210000005,65.165179212549,50
379.6372239000011,50.797665210000005,65.165179212549,50
379.66942410000047,50.93385198,64.90882764549019,50
379.7013800000004,50.93385198,64.90882764549019,50
379.73326180000004,51.07003875,64.65247607843136,50
379.7652310000012,51.07003875,64.65247607843136,50
379.7972288000001,51.206225520000004,64.39612451137255,50
379.82922190000136,51.206225520000004,64.39612451137255,50
379.8613028,51.342412290000006,64.1397729443137,50
379.8931983000002,51.342412290000006,64.1397729443137,50
379.92521450000095,51.47859906,63.8834213772549,50
379.9573132000005,51.47859906,63.8834213772549,50
379.98928049999995,51.61478583,63.62706981019607,50
380.03737230000115,51.61478583,63.62706981019607,50
380.06926290000047,51.61478583,63.62706981019607,50
380.1013275000005,51.750972600000004,63.37071824313725,50
380.1332545000005,51.750972600000004,63.37071824313725,50
380.1652630000008,51.750972600000004,63.37071824313725,50
380.1972354999998,51.887159370000006,63.11436667607842,50
380.22922740000104,51.887159370000006,63.11436667607842,50
380.26124359999994,51.887159370000006,63.11436667607842,50
380.29337450000094,52.02334614,62.858015109019604,50
380.32521180000003,52.02334614,62.858015109019604,50
380.3572402000009,52.15953291,62.601663541960775,50
380.3891592,52.15953291,62.601663541960775,50
380.4372626000004,52.15953291,62.601663541960775,50
380.4692487000011,52.15953291,62.601663541960775,50
380.50125710000066,52.295719680000005,62.34531197490195,50
380.5333068,52.295719680000005,62.34531197490195,50
380.5655361000008,52.295719680000005,62.34531197490195,50
380.597317400001,52.295719680000005,62.34531197490195,50
380.62928009999996,52.295719680000005,62.34531197490195,50
380.6612765000009,52.295719680000005,62.34531197490195,50
380.69335200000023,52.295719680000005,62.34531197490195,50
380.7253808000005,52.295719680000005,62.34531197490195,50
380.7572570000011,52.15953291,62.601663541960775,50
380.7894825000003,52.15953291,62.601663541960775,50
380.8372330000002,52.15953291,62.601663541960775,50
380.86924640000143,52.15953291,62.601663541960775,50
380.90125440000156,52.15953291,62.601663541960775,50
380.93327130000034,52.15953291,62.601663541960775,50
380.9653414000004,52.02334614,62.858015109019604,50
380.99730120000095,52.02334614,62.858015109019604,50
381.0292158000011,52.02334614,62.858015109019604,50
381.0612824,52.02334614,62.858015109019604,50
381.0932528000012,52.02334614,62.858015109019604,50
381.1252284000002,52.02334614,62.858015109019604,50
381.15742800000044,51.887159370000006,63.11436667607842,50
381.1894276000003,51.750972600000004,63.37071824313725,50
381.23729820000153,51.61478583,63.62706981019607,50
381.2692229000004,51.61478583,63.62706981019607,50
381.3012206000003,51.61478583,63.62706981019607,50
381.3331962000011,51.47859906,63.8834213772549,50
381.3652422000014,51.47859906,63.8834213772549,50
381.3973549000002,51.47859906,63.8834213772549,50
381.4292436000014,51.47859906,63.8834213772549,50
381.46114540000053,51.47859906,63.8834213772549,50
381.4933465000013,51.342412290000006,64.1397729443137,50
381.5253551000005,51.342412290000006,64.1397729443137,50
381.55727860000115,51.342412290000006,64.1397729443137,50
381.5892789999998,51.342412290000006,64.1397729443137,50
381.6372517,51.342412290000006,64.1397729443137,50
381.6692352000009,51.342412290000006,64.1397729443137,50
381.7011870000006,51.342412290000006,64.1397729443137,50
381.7333412000007,51.342412290000006,64.1397729443137,50
381.7652091,51.206225520000004,64.39612451137255,50
381.7972139000012,51.206225520000004,64.39612451137255,50
381.82921220000026,51.206225520000004,64.39612451137255,50
381.86119620000136,51.206225520000004,64.39612451137255,50
381.8933029,51.206225520000004,64.39612451137255,50
381.92532890000075,51.342412290000006,64.1397729443137,50
381.95721030000095,51.342412290000006,64.1397729443137,50
381.98928180000075,51.342412290000006,64.1397729443137,50
382.0371929000012,51.342412290000006,64.1397729443137,50
382.06924940000135,51.342412290000006,64.1397729443137,50
382.10122430000047,51.342412290000006,64.1397729443137,50
382.1332843,51.342412290000006,64.1397729443137,50
382.1653107000002,51.342412290000006,64.1397729443137,50
382.19725110000036,51.342412290000006,64.1397729443137,50
382.22954240000035,51.342412290000006,64.1397729443137,50
382.26152450000154,51.342412290000006,64.1397729443137,50
382.2933989000012,51.206225520000004,64.39612451137255,50
382.32535350000035,51.206225520000004,64.39612451137255,50
382.3573354,51.206225520000004,64.39612451137255,50
382.38923539999996,51.07003875,64.65247607843136,50
382.43726609999976,51.206225520000004,64.39612451137255,50
382.46926650000023,51.206225520000004,64.39612451137255,50
382.5012827999999,51.206225520000004,64.39612451137255,50
382.5332640000015,51.206225520000004,64.39612451137255,50
382.56526360000134,51.206225520000004,64.39612451137255,50
382.59737870000026,51.342412290000006,64.1397729443137,50
382.6295132000014,51.342412290000006,64.1397729443137,50
382.6614851000013,51.342412290000006,64.1397729443137,50
382.6933063000015,51.342412290000006,64.1397729443137,50
382.7252500000013,51.47859906,63.8834213772549,50
382.7572366000004,51.47859906,63.8834213772549,50
382.7893143000001,51.47859906,63.8834213772549,50
382.83727680000084,47.80155627,70.80491368784314,50
382.8693049000012,47.665369500000004,71.06126525490197,50
382.90114040000117,47.665369500000004,71.06126525490197,50
382.9332035000007,47.665369500000004,71.06126525490197,50
382.9652395000012,51.206225520000004,64.39612451137255,50
382.9973504999998,51.206225520000004,64.39612451137255,50
383.0294651000004,51.206225520000004,64.39612451137255,50
383.0612557000004,51.206225520000004,64.39612451137255,50
383.0932444000009,51.206225520000004,64.39612451137255,50
383.1252500999999,51.342412290000006,64.1397729443137,50
383.1572303000012,51.342412290000006,64.1397729443137,50
383.1893224000014,51.342412290000006,64.1397729443137,50
383.23726910000005,51.342412290000006,64.1397729443137,50
383.2693001000007,47.93774304,70.54856212078433,50
383.30127840000023,47.93774304,70.54856212078433,50
383.33310619999975,48.07392981,70.29221055372548,50
383.36531840000134,48.07392981,70.29221055372548,50
383.3972883000006,48.210116580000005,70.03585898666665,50
383.4292088000002,48.210116580000005,70.03585898666665,50
383.4613702000006,48.34630335,69.77950741960784,50
383.49327580000136,48.34630335,69.77950741960784,50
383.5252693000002,48.48249012,69.52315585254901,50
383.55726289999984,48.48249012,69.52315585254901,50
383.58918520000043,48.61867689,69.2668042854902,50
383.6372330000013,48.61867689,69.2668042854902,50
383.6692367000014,48.61867689,69.2668042854902,50
383.70155870000053,48.754863660000005,69.01045271843135,50
383.73373960000026,48.754863660000005,69.01045271843135,50
383.76546469999994,48.754863660000005,69.01045271843135,50
383.797220800001,48.754863660000005,69.01045271843135,50
383.82934639999985,48.754863660000005,69.01045271843135,50
383.86138850000134,48.89105043,68.75410115137255,50
383.89320580000094,48.89105043,68.75410115137255,50
383.92525560000104,49.0272372,68.49774958431371,50
383.9572050000006,49.163423970000004,68.2413980172549,50
383.9892228000008,49.299610740000006,67.98504645019607,50
384.03720480000084,49.299610740000006,67.98504645019607,50
384.0692057000015,49.43579751,67.72869488313725,50
384.1014215000014,49.57198428,67.47234331607842,50
384.1335362000009,49.708171050000004,67.2159917490196,50
384.16523340000094,49.708171050000004,67.2159917490196,50
384.19725650000146,49.84435782,66.9596401819608,50
384.22927270000037,49.98054459,66.70328861490196,50
384.26130730000114,49.98054459,66.70328861490196,50
384.2931843000006,50.11673136,66.44693704784314,50
384.3252669000012,50.252918130000005,66.1905854807843,50
384.357255500001,50.252918130000005,66.1905854807843,50
384.3893016000002,50.3891049,65.93423391372549,50
384.43717990000005,50.52529167,65.67788234666668,50
384.46947550000004,50.66147844,65.42153077960783,50
384.50141630000144,50.66147844,65.42153077960783,50
384.5332825000005,50.797665210000005,65.165179212549,50
384.5652445000014,50.93385198,64.90882764549019,50
384.5972225000005,50.93385198,64.90882764549019,50
384.6292895000006,51.07003875,64.65247607843136,50
384.6613290000005,51.07003875,64.65247607843136,50
384.69333580000057,51.206225520000004,64.39612451137255,50
384.72519640000064,51.206225520000004,64.39612451137255,50
384.7571748999999,51.206225520000004,64.39612451137255,50
384.78929250000147,51.206225520000004,64.39612451137255,50
384.83728500000143,51.342412290000006,64.1397729443137,50
384.8692288000002,51.342412290000006,64.1397729443137,50
384.90130110000064,51.342412290000006,64.1397729443137,50
384.93323860000055,51.47859906,63.8834213772549,50
384.9652350000015,51.47859906,63.8834213772549,50
384.9972850000013,51.47859906,63.8834213772549,50
385.0292980000013,51.61478583,63.62706981019607,50
385.0612689999998,51.61478583,63.62706981019607,50
385.0932590000011,51.61478583,63.62706981019607,50
385.1252308000003,51.61478583,63.62706981019607,50
385.15727920000063,51.61478583,63.62706981019607,50
385.1894376,51.750972600000004,63.37071824313725,50
385.2374335000004,51.750972600000004,63.37071824313725,50
385.26925290000145,51.750972600000004,63.37071824313725,50
385.3012318000001,51.61478583,63.62706981019607,50
385.333282900001,51.61478583,63.62706981019607,50
385.3651872999999,51.47859906,63.8834213772549,50
385.3971947000009,51.47859906,63.8834213772549,50
385.42922069999986,51.342412290000006,64.1397729443137,50
385.46125030000076,51.206225520000004,64.39612451137255,50
385.493218900001,51.206225520000004,64.39612451137255,50
385.52535680000074,55.01945508,57.21828063372549,50
385.55749900000046,55.01945508,57.21828063372549,50
385.58975120000105,54.883268310000005,57.474632200784306,50
385.63720430000103,54.883268310000005,57.474632200784306,50
385.66928069999994,54.883268310000005,57.474632200784306,50
385.7012762000013,54.883268310000005,57.474632200784306,50
385.73324409999987,54.883268310000005,57.474632200784306,50
385.7652546999998,54.883268310000005,57.474632200784306,50
385.7971856000004,54.883268310000005,57.474632200784306,50
385.82920230000127,54.883268310000005,57.474632200784306,50
385.86123490000136,54.883268310000005,57.474632200784306,50
385.89322080000056,54.74708154,57.73098376784313,50
385.92528649999986,54.74708154,57.73098376784313,50
385.95724599999994,54.74708154,57.73098376784313,50
385.98928590000105,54.61089477,57.98733533490196,50
386.0372047000001,54.61089477,57.98733533490196,50
386.06922960000156,54.474708,58.24368690196078,50
386.10126990000026,54.474708,58.24368690196078,50
386.13321590000123,54.338521230000005,58.5000384690196,50
386.16533960000015,54.338521230000005,58.5000384690196,50
386.19741330000033,54.20233446,58.75639003607842,50
386.22926650000045,54.20233446,58.75639003607842,50
386.2612674000011,54.06614769,59.01274160313725,50
386.29350220000015,53.929960920000006,59.269093170196065,50
386.3256330000004,53.793774150000004,59.525444737254894,50
386.35755170000084,53.65758738,59.781796304313715,50
386.3892687000007,53.52140061,60.03814787137255,50
386.43728420000116,53.385213840000006,60.29449943843136,50
386.46924800000124,53.249027070000004,60.550851005490195,50
386.50120700000116,53.1128403,60.807202572549016,50
386.53319960000044,52.97665353,61.063554139607845,50
386.56517300000087,52.70427999,61.57625727372549,50
386.5975147999998,52.56809322,61.83260884078432,50
386.6294274000011,52.43190645,62.08896040784314,50
386.6613584000006,52.15953291,62.601663541960775,50
386.69372790000125,52.02334614,62.858015109019604,50
386.72528560000137,51.887159370000006,63.11436667607842,50
386.7573346999998,51.750972600000004,63.37071824313725,50
386.78934350000054,51.61478583,63.62706981019607,50
386.83711510000103,51.47859906,63.8834213772549,50
386.8691744000007,51.342412290000006,64.1397729443137,50
386.9012758000008,51.206225520000004,64.39612451137255,50
386.9333037000015,51.07003875,64.65247607843136,50
386.96532990000014,50.93385198,64.90882764549019,50
386.9972833000011,50.93385198,64.90882764549019,50
387.02958880000006,50.797665210000005,65.165179212549,50
387.0615871000009,50.66147844,65.42153077960783,50
387.09367310000016,50.52529167,65.67788234666668,50
387.1251841000012,50.3891049,65.93423391372549,50
387.1572664000014,50.252918130000005,66.1905854807843,50
387.1892477000001,50.252918130000005,66.1905854807843,50
387.23723810000047,50.11673136,66.44693704784314,50
387.26924300000064,50.11673136,66.44693704784314,50
387.3012374000009,49.98054459,66.70328861490196,50
387.3332851000014,49.84435782,66.9596401819608,50
387.3652079000003,49.84435782,66.9596401819608,50
387.397234,49.708171050000004,67.2159917490196,50
387.4296178000004,49.57198428,67.47234331607842,50
387.4613829000009,49.43579751,67.72869488313725,50
387.49321170000076,49.43579751,67.72869488313725,50
387.52522130000034,49.299610740000006,67.98504645019607,50
387.5572759000006,49.299610740000006,67.98504645019607,50
387.5892464000008,49.299610740000006,67.98504645019607,50
387.63725800000066,49.299610740000006,67.98504645019607,50
387.66925530000117,49.299610740000006,67.98504645019607,50
387.7012973000001,49.299610740000006,67.98504645019607,50
387.7332127999998,49.299610740000006,67.98504645019607,50
387.76521910000156,49.299610740000006,67.98504645019607,50
387.79739920000065,49.43579751,67.72869488313725,50
387.8293867000011,49.43579751,67.72869488313725,50
387.86115210000025,49.43579751,67.72869488313725,50
387.8932769000003,49.57198428,67.47234331607842,50
387.9252412000005,49.57198428,67.47234331607842,50
387.9572880000014,49.57198428,67.47234331607842,50
387.9892544000013,49.57198428,67.47234331607842,50
388.03738070000145,49.57198428,67.47234331607842,50
388.0692780999998,49.708171050000004,67.2159917490196,50
388.1012675000002,49.708171050000004,67.2159917490196,50
388.13319779999983,49.84435782,66.9596401819608,50
388.1656313000003,49.84435782,66.9596401819608,50
388.197282000001,49.98054459,66.70328861490196,50
388.22921430000133,49.98054459,66.70328861490196,50
388.2612461000008,50.11673136,66.44693704784314,50
388.2932271999998,50.252918130000005,66.1905854807843,50
388.3253882000008,50.3891049,65.93423391372549,50
388.35725730000013,50.3891049,65.93423391372549,50
388.38925780000136,50.52529167,65.67788234666668,50
388.43716610000047,50.66147844,65.42153077960783,50
388.4691657000003,50.66147844,65.42153077960783,50
388.5012347000011,50.797665210000005,65.165179212549,50
388.53341680000085,50.797665210000005,65.165179212549,50
388.5654480000012,50.797665210000005,65.165179212549,50
388.59725100000105,50.93385198,64.90882764549019,50
388.62924980000025,50.93385198,64.90882764549019,50
388.66128130000106,51.07003875,64.65247607843136,50
388.6932000000015,51.07003875,64.65247607843136,50
388.72520820000136,51.07003875,64.65247607843136,50
388.75722850000056,51.07003875,64.65247607843136,50
388.7891932000002,51.206225520000004,64.39612451137255,50
388.8372754000011,51.206225520000004,64.39612451137255,50
388.8691854000008,51.206225520000004,64.39612451137255,50
388.9017070000009,51.342412290000006,64.1397729443137,50
388.93374550000044,51.342412290000006,64.1397729443137,50
388.9652115000008,51.342412290000006,64.1397729443137,50
388.99730510000154,51.47859906,63.8834213772549,50
389.02925850000065,51.47859906,63.8834213772549,50
389.06131880000066,51.61478583,63.62706981019607,50
389.09317640000154,51.61478583,63.62706981019607,50
389.1251873000001,51.750972600000004,63.37071824313725,50
389.15715700000146,51.750972600000004,63.37071824313725,50
389.1892009000003,51.750972600000004,63.37071824313725,50
389.23721690000093,51.887159370000006,63.11436667607842,50
389.2692368000007,51.887159370000006,63.11436667607842,50
389.3012611000013,52.02334614,62.858015109019604,50
389.3333354000006,52.02334614,62.858015109019604,50
389.36523600000146,52.15953291,62.601663541960775,50
389.3972203000012,52.295719680000005,62.34531197490195,50
389.42923450000126,52.295719680000005,62.34531197490195,50
389.4612713000006,52.295719680000005,62.34531197490195,50
389.49336510000103,52.43190645,62.08896040784314,50
389.5253078000005,52.43190645,62.08896040784314,50
389.55727000000115,52.56809322,61.83260884078432,50
389.58917629999996,52.56809322,61.83260884078432,50
389.63753929999984,52.56809322,61.83260884078432,50
389.6692787000011,52.70427999,61.57625727372549,50
