Tiempo,Altura,Senal_de_Control,Set_value
0.1033105999995314,-2.4513618600000004,100.0,50
0.1338657999986026,0.0,100.0,50
0.18180169999868667,-0.13618676999999968,100.0,50
0.21374589999868476,0.0,100.0,50
0.24583019999954558,0.0,100.0,50
0.2783866999998281,-0.13618676999999968,100.0,50
0.31036739999944984,0.0,100.0,50
0.3419477999996161,0.0,100.0,50
0.37374629999976605,-0.13618676999999968,100.0,50
0.4058365999990201,-0.13618676999999968,100.0,50
0.4378560999994079,0.0,100.0,50
0.46992519999912474,-0.13618676999999968,100.0,50
0.5017809000000852,-0.13618676999999968,100.0,50
0.5339569999996456,-0.13618676999999968,100.0,50
0.5818863999993482,-0.13618676999999968,100.0,50
0.6140987999988283,0.0,100.0,50
0.6462761999991926,-0.13618676999999968,100.0,50
0.6777167999989615,-0.13618676999999968,100.0,50
0.7099201999990328,0.0,100.0,50
0.741894400000092,-0.13618676999999968,100.0,50
0.7738694999989093,-0.13618676999999968,100.0,50
0.8057882999983121,0.0,100.0,50
0.8378365999997186,0.0,100.0,50
0.8698797999986709,-0.13618676999999968,100.0,50
0.901854399999138,-0.13618676999999968,100.0,50
0.9337931999998546,0.0,100.0,50
0.981876599998941,-0.13618676999999968,100.0,50
1.0139687999999296,0.0,100.0,50
1.0459151999984897,-0.13618676999999968,100.0,50
1.0779081999990012,-0.13618676999999968,100.0,50
1.109933199999432,0.0,100.0,50
1.1419045999991795,-0.13618676999999968,100.0,50
1.1739186999984668,-0.13618676999999968,100.0,50
1.2057593999998062,-0.13618676999999968,100.0,50
1.2378774999997404,-0.13618676999999968,100.0,50
1.2697813999984646,-0.13618676999999968,100.0,50
1.3017846999991889,-0.13618676999999968,100.0,50
1.3337921999991522,-0.13618676999999968,100.0,50
1.382091199999195,-0.13618676999999968,100.0,50
1.4139061999994738,-0.13618676999999968,100.0,50
1.4458185999992565,-0.13618676999999968,100.0,50
1.4777646999991703,-0.13618676999999968,100.0,50
1.5098245999997744,-0.13618676999999968,100.0,50
1.5418606999992335,-0.13618676999999968,100.0,50
1.5737362999989273,-0.13618676999999968,100.0,50
1.6058321999989857,-0.13618676999999968,100.0,50
1.6378496999986965,0.0,100.0,50
1.669754099999409,-0.13618676999999968,100.0,50
1.701712599999155,-0.13618676999999968,100.0,50
1.7340266999999585,-0.13618676999999968,100.0,50
1.7818035000000236,-0.13618676999999968,100.0,50
1.8137965999994776,0.0,100.0,50
1.8457483999991382,-0.13618676999999968,100.0,50
1.877900999999838,-0.13618676999999968,100.0,50
1.9097595999992336,-0.13618676999999968,100.0,50
1.9419232999989617,-0.13618676999999968,100.0,50
1.9740603999998712,-0.13618676999999968,100.0,50
2.0059204999997746,-0.13618676999999968,100.0,50
2.0377204999986134,-0.13618676999999968,100.0,50
2.069716399999379,-0.13618676999999968,100.0,50
2.1019605999990745,-0.13618676999999968,100.0,50
2.1339161999985663,-0.13618676999999968,100.0,50
2.1818591999999626,-0.13618676999999968,100.0,50
2.213871599999038,-0.13618676999999968,100.0,50
2.245826499998657,-0.13618676999999968,100.0,50
2.27779979999832,-0.13618676999999968,100.0,50
2.309805299999425,0.0,100.0,50
2.3417964999989636,0.0,100.0,50
2.3739145999988978,0.0,100.0,50
2.4057799999991403,0.0,100.0,50
2.4378892999993695,0.0,100.0,50
2.4699621999989176,0.0,100.0,50
2.5021220999988145,0.0,100.0,50
2.5338053999985277,0.0,100.0,50
2.581812699998409,0.0,100.0,50
2.6138039999987086,0.0,100.0,50
2.645850699998846,0.0,100.0,50
2.6778992999988986,0.0,100.0,50
2.7098409999998694,0.0,100.0,50
2.7418979999984003,0.0,100.0,50
2.773898099998405,0.0,100.0,50
2.805843399999503,0.0,100.0,50
2.837987599999906,0.0,100.0,50
2.8699559999986377,0.0,100.0,50
2.901769099999001,0.0,100.0,50
2.933772999998837,0.0,100.0,50
2.981844199999614,0.0,100.0,50
3.013813999999911,0.0,100.0,50
3.045820499999536,0.0,100.0,50
3.0778221000000485,0.0,100.0,50
3.109798599998612,0.6809338500000002,100.0,50
3.1417555999996694,0.6809338500000002,100.0,50
3.173808300000019,0.6809338500000002,100.0,50
3.2059249999983876,0.6809338500000002,100.0,50
3.2377928999994765,0.6809338500000002,100.0,50
3.269784599999184,0.6809338500000002,100.0,50
3.3018337999983487,0.8171206200000003,100.0,50
3.333839799999623,0.27237354000000025,100.0,50
3.3816582999988896,0.40856031000000037,100.0,50
3.4137877999983175,0.40856031000000037,100.0,50
3.4457202999983565,0.5447470800000003,100.0,50
3.4776895999984845,0.8171206200000003,100.0,50
3.509850999998889,0.9533073900000004,100.0,50
3.541836099999273,1.2256809300000002,100.0,50
3.573895099998481,1.4980544700000005,100.0,50
3.6057770999996137,1.9066147800000004,100.0,50
3.63782159999937,2.17898832,100.0,50
3.6697702999990724,2.5875486300000006,100.0,50
3.701830499998323,2.9961089400000005,100.0,50
3.7338497000000643,4.0856031,100.0,50
3.7818032999985007,4.4941634100000005,100.0,50
3.8138591999995697,4.766536950000001,100.0,50
3.845676299999468,4.766536950000001,100.0,50
3.8777933999990637,5.311284030000001,100.0,50
3.909812599998986,5.719844340000001,100.0,50
3.9420071999993525,6.26459142,100.0,50
3.9740623999987292,6.945525270000001,100.0,50
4.005766899999799,7.490272350000001,100.0,50
4.037903200000073,8.1712062,100.0,50
4.069891999999527,8.852140050000001,100.0,50
4.101878499999657,9.396887130000001,100.0,50
4.133878299999196,10.21400775,100.0,50
4.165752799999609,10.894941600000001,100.0,50
4.213855499998317,11.575875450000002,100.0,50
4.245839799999885,12.39299607,100.0,50
4.277812499998618,13.073929920000001,100.0,50
4.310021499999493,13.891050540000002,100.0,50
4.341915999999401,14.708171160000001,100.0,50
4.373882500000036,15.525291780000002,100.0,50
4.405804699999862,16.3424124,100.0,50
4.437721999998757,17.15953302,100.0,50
4.469867699999668,17.976653640000002,100.0,50
4.501816499998313,18.79377426,100.0,50
4.533858099999634,19.610894880000004,100.0,50
4.565777099998741,20.4280155,100.0,50
4.613829299998542,21.38132289,100.0,50
4.645764199998666,22.198443510000004,100.0,50
4.677816299999904,23.01556413,100.0,50
4.709822499999063,23.96887152,100.0,50
4.741817699999956,24.785992140000005,100.0,50
4.773786499999915,25.739299530000004,100.0,50
4.805833299998994,26.828793690000005,100.0,50
4.83785959999841,27.782101080000004,100.0,50
4.8697465999994165,28.735408470000003,100.0,50
4.901854099998673,29.824902630000004,100.0,50
4.933701500000097,30.778210020000003,100.0,50
4.965792099999817,31.867704180000004,100.0,50
5.013732299999901,32.82101157,99.00358606431371,50
5.045809299999746,33.910505730000004,96.95277352784314,50
5.0778566999997565,34.999999890000005,94.90196099137255,50
5.109749399998691,36.08949405,92.85114845490196,50
5.141734199998609,37.17898821,90.80033591843137,50
5.173868199999561,38.26848237,88.74952338196078,50
5.205841699998928,39.494163300000004,86.44235927843135,50
5.23781389999931,40.71984423,84.13519517490197,50
5.26979829999982,41.80933839,82.08438263843136,50
5.301855099998647,43.03501932,79.77721853490196,50
5.333864299998822,44.124513480000005,77.72640599843136,50
5.365847699998994,45.214007640000005,75.67559346196077,50
5.413906199999474,46.43968857,73.36842935843137,50
5.445997399998305,47.52918273,71.31761682196078,50
5.477842999998757,48.61867689,69.2668042854902,50
5.509722299999339,49.708171050000004,67.2159917490196,50
5.541705899999215,50.66147844,65.42153077960783,50
5.573841299999913,48.34630335,69.77950741960784,50
5.6057992999994894,49.43579751,67.72869488313725,50
5.637826499998482,50.52529167,65.67788234666668,50
5.669806399999288,51.61478583,63.62706981019607,50
5.701820299998872,52.840466760000005,61.31990570666667,50
5.733835299999555,53.793774150000004,59.525444737254894,50
5.765970599999491,54.74708154,57.73098376784313,50
5.814041899999211,55.70038893,55.93652279843136,50
5.8458039999986795,56.65369632,54.1420618290196,50
5.8778089999996155,57.470816940000006,52.60395242666666,50
5.909724899998764,58.28793756,51.065843024313715,50
5.941839199998867,58.968871410000006,49.7840851890196,50
5.974072699998942,59.64980526,48.50232735372549,50
6.0057800999984465,60.33073911,47.22056951843137,50
6.037818499999048,60.875486190000004,46.195163250196075,50
6.069783099999768,61.420233270000004,45.16975698196078,50
6.101856999999654,61.964980350000005,44.14435071372548,50
6.133759099999224,62.509727430000005,43.118944445490186,50
6.165927499998361,62.78210097,42.60624131137255,50
6.213875599998573,62.509727430000005,43.118944445490186,50
6.245802299999923,62.78210097,42.60624131137255,50
6.2777303999992,62.78210097,42.60624131137255,50
6.309747499999503,62.78210097,42.60624131137255,50
6.3418312999983755,62.78210097,42.60624131137255,50
6.3737875999995595,62.78210097,42.60624131137255,50
6.405815000000075,62.78210097,42.60624131137255,50
6.437828999998601,62.78210097,42.60624131137255,50
6.46978019999915,62.78210097,42.60624131137255,50
6.5016775999993115,62.78210097,42.60624131137255,50
6.534161899999162,62.78210097,42.60624131137255,50
6.565838799999256,62.78210097,42.60624131137255,50
6.613769199999297,62.78210097,42.60624131137255,50
6.6457778999993025,62.78210097,42.60624131137255,50
6.67777709999973,62.78210097,42.60624131137255,50
6.709850799999913,62.78210097,42.60624131137255,50
6.741859299998396,62.78210097,42.60624131137255,50
6.77386739999929,62.78210097,42.60624131137255,50
6.805754499999239,62.78210097,42.60624131137255,50
6.837853600000017,62.78210097,42.60624131137255,50
6.869927599998846,62.78210097,42.60624131137255,50
6.901939899998979,62.78210097,42.60624131137255,50
6.9338658999986365,62.78210097,42.60624131137255,50
6.965778299998419,62.78210097,42.60624131137255,50
7.013804799998979,62.78210097,42.60624131137255,50
7.045746199999485,62.78210097,42.60624131137255,50
7.077825099999245,62.78210097,42.60624131137255,50
7.10977180000009,62.64591420000001,42.86259287843136,50
7.141856099999131,62.509727430000005,43.118944445490186,50
7.173697499998525,62.78210097,42.60624131137255,50
7.205845899999986,62.78210097,42.60624131137255,50
7.237918999999238,62.509727430000005,43.118944445490186,50
7.269999899999675,62.23735389,43.631647579607844,50
7.301827599998433,61.82879358,44.4007022807843,50
7.333857699999498,61.420233270000004,45.16975698196078,50
7.365835999999035,60.875486190000004,46.195163250196075,50
7.413872299999639,60.33073911,47.22056951843137,50
7.445682799998394,59.78599203,48.24597578666666,50
7.477758199998789,59.24124495,49.27138205490195,50
7.509846399998423,58.56031110000001,50.553139890196064,50
7.541799999999057,58.01556402000001,51.57854615843136,50
7.573805199999697,57.334630170000004,52.86030399372548,50
7.605681499999264,56.65369632,54.1420618290196,50
7.637921300000016,55.972762470000006,55.42381966431371,50
7.669879499999297,55.291828620000004,56.70557749960784,50
7.701792399999249,54.74708154,57.73098376784313,50
7.733766199999081,54.20233446,58.75639003607842,50
7.765838299999814,53.52140061,60.03814787137255,50
7.813877499998853,52.97665353,61.063554139607845,50
7.845734999998967,52.43190645000001,62.08896040784312,50
7.8777904999988095,51.887159370000006,63.11436667607842,50
7.909808399999747,51.342412290000006,64.1397729443137,50
7.941776399999071,54.338521230000005,58.5000384690196,50
7.973713899998984,53.929960920000006,59.269093170196065,50
8.005886999999348,53.52140061,60.03814787137255,50
8.037870999998631,53.1128403,60.807202572549016,50
8.069819799999095,52.70427999,61.57625727372549,50
8.101821399999608,52.43190645000001,62.08896040784312,50
8.133812099998977,52.02334614,62.858015109019604,50
8.165743899999143,51.750972600000004,63.37071824313725,50
8.213775299998815,51.342412290000006,64.1397729443137,50
8.245830500000011,51.07003875,64.65247607843136,50
8.277892999998585,50.797665210000005,65.165179212549,50
8.309872199999518,50.3891049,65.93423391372549,50
8.34191009999995,50.11673136,66.44693704784314,50
8.374064699999508,49.708171050000004,67.2159917490196,50
8.40590549999979,49.43579751,67.72869488313725,50
8.43784759999835,49.163423970000004,68.2413980172549,50
8.469784299999446,48.754863660000005,69.01045271843135,50
8.501782399998774,48.48249012,69.52315585254901,50
8.533808899999713,48.210116580000005,70.03585898666665,50
8.56582779999917,47.93774304,70.54856212078433,50
8.613808999998582,47.665369500000004,71.06126525490197,50
8.64579749999939,47.52918273,71.31761682196078,50
8.677830099999483,47.256809190000006,71.83031995607841,50
8.709778699998424,46.98443565,72.34302309019607,50
8.741963999998916,46.84824888,72.5993746572549,50
8.773757799999657,46.57587534,73.11207779137254,50
8.805829899998571,46.43968857,73.36842935843137,50
8.837896899998668,46.3035018,73.6247809254902,50
8.869815599999129,46.167315030000005,73.881132492549,50
8.901838199999474,45.89494149,74.39383562666666,50
8.933818899999096,45.758754720000006,74.65018719372549,50
8.965815699999439,45.48638118,75.16289032784313,50
9.013835699999618,45.35019441,75.41924189490197,50
9.04573679999885,45.077820870000004,75.93194502901962,50
9.077795199998945,44.9416341,76.18829659607843,50
9.109863899999254,44.9416341,76.18829659607843,50
9.141885199998796,44.80544733,76.44464816313726,50
9.173731599999883,44.669260560000005,76.70099973019606,50
9.205810199999178,44.53307379,76.95735129725489,50
9.237770899999305,44.53307379,76.95735129725489,50
9.2697277999996,44.39688702,77.21370286431372,50
9.301805799999784,44.26070025,77.47005443137255,50
9.333790299999237,44.26070025,77.47005443137255,50
9.3657336999986,44.26070025,77.47005443137255,50
9.413748699998905,44.26070025,77.47005443137255,50
9.445789699999295,44.26070025,77.47005443137255,50
9.477870599999733,44.26070025,77.47005443137255,50
9.50983129999986,44.26070025,77.47005443137255,50
9.541795999999522,44.26070025,77.47005443137255,50
9.573854299998857,44.26070025,77.47005443137255,50
9.605760999998893,44.39688702,77.21370286431372,50
9.637849999999162,44.39688702,77.21370286431372,50
9.669802799999161,44.53307379,76.95735129725489,50
9.701913099999729,44.669260560000005,76.70099973019606,50
9.733844999998837,44.669260560000005,76.70099973019606,50
9.765845799998715,44.80544733,76.44464816313726,50
9.81383199999982,44.9416341,76.18829659607843,50
9.845922299999074,45.077820870000004,75.93194502901962,50
9.877887599999667,45.077820870000004,75.93194502901962,50
9.909801699999662,45.214007640000005,75.67559346196077,50
9.941755599998942,45.35019441,75.41924189490197,50
9.973768599998948,45.48638118,75.16289032784313,50
10.005788999998913,45.758754720000006,74.65018719372549,50
10.037825199999133,45.89494149,74.39383562666666,50
10.069842899998548,46.03112826,74.13748405960784,50
10.101816799999142,46.167315030000005,73.881132492549,50
10.133771299999353,46.3035018,73.6247809254902,50
10.16571919999842,46.43968857,73.36842935843137,50
10.214124799998899,46.712062110000005,72.85572622431371,50
10.245901199999935,46.84824888,72.5993746572549,50
10.277789299998403,46.98443565,72.34302309019607,50
10.309847599999557,47.120622420000004,72.08667152313724,50
10.341812499998923,47.39299596,71.57396838901961,50
10.37380739999935,47.52918273,71.31761682196078,50
10.405963399998654,47.801556270000006,70.80491368784313,50
10.437863799999832,48.07392981,70.29221055372548,50
10.469851399999243,48.34630335,69.77950741960784,50
10.50181530000009,48.61867689,69.2668042854902,50
10.533830200000011,48.89105043,68.75410115137255,50
10.565938699999606,49.163423970000004,68.2413980172549,50
10.613840999998502,49.43579751,67.72869488313725,50
10.645752899999934,49.57198428,67.47234331607842,50
10.677783599998293,49.844357820000006,66.95964018196076,50
10.709767199999987,49.98054459,66.70328861490196,50
10.741796699998304,50.252918130000005,66.1905854807843,50
10.773763099999996,50.3891049,65.93423391372549,50
10.805729799998517,50.52529167,65.67788234666668,50
10.837780299998485,50.797665210000005,65.165179212549,50
10.869806699998662,50.93385198,64.90882764549019,50
10.901749499998914,51.206225520000004,64.39612451137255,50
10.933861699999397,51.342412290000006,64.1397729443137,50
10.96580289999838,51.61478583,63.62706981019607,50
11.013712699999815,51.750972600000004,63.37071824313725,50
11.04567390000011,52.02334614,62.858015109019604,50
11.07771209999919,52.295719680000005,62.34531197490195,50
11.109725699998307,52.43190645000001,62.08896040784312,50
11.141757899998993,52.70427999,61.57625727372549,50
11.17371439999988,52.97665353,61.063554139607845,50
11.205769899999723,53.1128403,60.807202572549016,50
11.237847699998383,53.385213840000006,60.29449943843136,50
11.2698238999983,53.52140061,60.03814787137255,50
11.30193319999853,53.65758738,59.781796304313715,50
11.333906099998785,53.793774150000004,59.525444737254894,50
11.365803499998947,53.929960920000006,59.269093170196065,50
11.413763999998991,54.06614769,59.01274160313725,50
11.445721899999626,54.20233446,58.75639003607842,50
11.4778239999996,54.338521230000005,58.5000384690196,50
11.509762099998625,54.47470800000001,58.243686901960764,50
11.541803699999946,54.61089477,57.98733533490196,50
11.573851199998899,54.74708154,57.73098376784313,50
11.605833300000086,54.74708154,57.73098376784313,50
11.637805099999241,54.883268310000005,57.474632200784306,50
11.669964899998376,54.883268310000005,57.474632200784306,50
11.7019051999996,54.883268310000005,57.474632200784306,50
11.733781499999168,55.01945508,57.21828063372549,50
11.765726699999504,55.01945508,57.21828063372549,50
11.813862199998766,55.01945508,57.21828063372549,50
11.845797699999821,55.01945508,57.21828063372549,50
11.8777728999994,55.01945508,57.21828063372549,50
11.909686699998929,55.01945508,57.21828063372549,50
11.94179449999865,55.01945508,57.21828063372549,50
11.973818799999208,55.01945508,57.21828063372549,50
12.00577179999891,55.01945508,57.21828063372549,50
12.037718999999925,54.883268310000005,57.474632200784306,50
12.069831499999054,54.883268310000005,57.474632200784306,50
12.10171199999968,54.883268310000005,57.474632200784306,50
12.133758599999055,54.74708154,57.73098376784313,50
12.165787199999613,54.74708154,57.73098376784313,50
12.213842599998316,54.74708154,57.73098376784313,50
12.245765599998776,54.61089477,57.98733533490196,50
12.277701699998943,54.47470800000001,58.243686901960764,50
12.309751299999334,54.47470800000001,58.243686901960764,50
12.341787999999724,54.338521230000005,58.5000384690196,50
12.373724399998537,54.20233446,58.75639003607842,50
12.405727199999092,54.06614769,59.01274160313725,50
12.437756099998296,53.929960920000006,59.269093170196065,50
12.469806199998857,53.65758738,59.781796304313715,50
12.501806700000088,53.52140061,60.03814787137255,50
12.533811100000094,53.385213840000006,60.29449943843136,50
12.565744099998483,53.249027070000004,60.550851005490195,50
12.613802399999258,53.1128403,60.807202572549016,50
12.645612499998606,53.385213840000006,60.29449943843136,50
12.677814399999988,53.385213840000006,60.29449943843136,50
12.709780199998931,53.249027070000004,60.550851005490195,50
12.741802199998347,53.1128403,60.807202572549016,50
12.773823899999115,52.97665353,61.063554139607845,50
12.806004299998676,52.840466760000005,61.31990570666667,50
12.83769939999911,52.56809322,61.83260884078432,50
12.869766999998319,52.43190645000001,62.08896040784312,50
12.901726099998996,52.295719680000005,62.34531197490195,50
12.9336844999998,52.15953291,62.601663541960775,50
12.965748599999642,51.887159370000006,63.11436667607842,50
13.01380479999898,51.750972600000004,63.37071824313725,50
13.045788899999025,51.61478583,63.62706981019607,50
13.07773189999898,51.47859906,63.8834213772549,50
13.109779499998695,51.342412290000006,64.1397729443137,50
13.141731299998355,51.206225520000004,64.39612451137255,50
13.173885700000028,51.07003875,64.65247607843136,50
13.205904999998893,50.93385198,64.90882764549019,50
13.2377321999993,50.93385198,64.90882764549019,50
13.269719699999769,50.797665210000005,65.165179212549,50
13.301722899999731,50.66147844,65.42153077960783,50
13.333818999999494,50.52529167,65.67788234666668,50
13.365782199998648,50.3891049,65.93423391372549,50
13.413882199998625,50.3891049,65.93423391372549,50
13.445810899998833,46.3035018,73.6247809254902,50
13.477828600000066,46.3035018,73.6247809254902,50
13.509688299998743,46.167315030000005,73.881132492549,50
13.54213449999952,46.03112826,74.13748405960784,50
13.573761499999819,45.89494149,74.39383562666666,50
13.605818,45.758754720000006,74.65018719372549,50
13.637780699998984,45.758754720000006,74.65018719372549,50
13.669806399999288,45.622567950000004,74.90653876078431,50
13.701739999998608,45.622567950000004,74.90653876078431,50
13.733756599998742,45.622567950000004,74.90653876078431,50
13.765821599999981,45.48638118,75.16289032784313,50
13.813758700000108,45.48638118,75.16289032784313,50
13.845711500000107,45.48638118,75.16289032784313,50
13.877737899998465,45.48638118,75.16289032784313,50
13.909711399999651,45.48638118,75.16289032784313,50
13.941737999999532,45.48638118,75.16289032784313,50
13.973760999999286,45.48638118,75.16289032784313,50
14.005730399998356,45.48638118,75.16289032784313,50
14.03779459999896,45.48638118,75.16289032784313,50
14.069782999999006,45.48638118,75.16289032784313,50
14.101786499999434,45.622567950000004,74.90653876078431,50
14.133794999999736,45.622567950000004,74.90653876078431,50
14.16579449999881,45.622567950000004,74.90653876078431,50
14.213816899999074,45.758754720000006,74.65018719372549,50
14.245778199998313,45.758754720000006,74.65018719372549,50
14.27796379999927,45.89494149,74.39383562666666,50
14.30988029999935,46.03112826,74.13748405960784,50
14.341785199998412,46.03112826,74.13748405960784,50
14.373788799999602,46.167315030000005,73.881132492549,50
14.405782899999394,46.167315030000005,73.881132492549,50
14.437762399998974,46.3035018,73.6247809254902,50
14.469846599999073,46.3035018,73.6247809254902,50
14.50174220000008,46.43968857,73.36842935843137,50
14.533775799998693,46.57587534,73.11207779137254,50
14.56581019999976,46.712062110000005,72.85572622431371,50
14.61394829999881,46.84824888,72.5993746572549,50
14.64605279999887,46.98443565,72.34302309019607,50
14.677844499999992,47.120622420000004,72.08667152313724,50
14.709731299999476,47.256809190000006,71.83031995607841,50
14.741785599999275,47.39299596,71.57396838901961,50
14.773758899998938,47.52918273,71.31761682196078,50
14.805718899999192,47.801556270000006,70.80491368784313,50
14.837837799999761,47.93774304,70.54856212078433,50
14.869818599998325,48.210116580000005,70.03585898666665,50
14.901677799998652,48.34630335,69.77950741960784,50
14.934045399999377,48.61867689,69.2668042854902,50
14.965725099998963,48.754863660000005,69.01045271843135,50
15.014042599999812,49.0272372,68.49774958431371,50
15.045790899999702,49.163423970000004,68.2413980172549,50
15.077777699998478,49.299610740000006,67.98504645019607,50
15.109749299999748,49.43579751,67.72869488313725,50
15.141698199999155,49.57198428,67.47234331607842,50
15.173762799999167,49.844357820000006,66.95964018196076,50
15.205793499999345,49.98054459,66.70328861490196,50
15.237718699998368,50.11673136,66.44693704784314,50
15.269777799998337,50.252918130000005,66.1905854807843,50
15.30173829999876,50.3891049,65.93423391372549,50
15.33371519999855,50.52529167,65.67788234666668,50
15.365870799998447,50.66147844,65.42153077960783,50
15.413665499998388,50.797665210000005,65.165179212549,50
15.445748000000094,50.93385198,64.90882764549019,50
15.4777299999987,51.07003875,64.65247607843136,50
15.509854500000074,51.206225520000004,64.39612451137255,50
15.541809399999693,51.206225520000004,64.39612451137255,50
15.573886099999072,51.342412290000006,64.1397729443137,50
15.605755199998384,51.342412290000006,64.1397729443137,50
15.637712499999907,51.47859906,63.8834213772549,50
15.669813599999543,51.61478583,63.62706981019607,50
15.701746199998524,51.61478583,63.62706981019607,50
15.733976499999699,51.750972600000004,63.37071824313725,50
15.76586689999931,51.887159370000006,63.11436667607842,50
15.813783799998419,51.887159370000006,63.11436667607842,50
15.84583179999936,51.887159370000006,63.11436667607842,50
15.877759099999821,51.887159370000006,63.11436667607842,50
15.909796299998561,52.02334614,62.858015109019604,50
15.941812899998695,52.02334614,62.858015109019604,50
15.973814299999503,52.02334614,62.858015109019604,50
16.00571359999958,52.02334614,62.858015109019604,50
16.03777579999951,52.02334614,62.858015109019604,50
16.069777699998667,52.02334614,62.858015109019604,50
16.102012399998785,52.02334614,62.858015109019604,50
16.13388599999962,52.02334614,62.858015109019604,50
16.16577679999864,52.02334614,62.858015109019604,50
16.213836299999457,52.02334614,62.858015109019604,50
16.24583519999942,52.02334614,62.858015109019604,50
16.277760599999965,52.02334614,62.858015109019604,50
16.30973719999929,55.836575700000004,55.68017123137254,50
16.341790200000105,55.836575700000004,55.68017123137254,50
16.37374809999892,55.836575700000004,55.68017123137254,50
16.40573519999998,55.70038893,55.93652279843136,50
16.437766899998678,55.70038893,55.93652279843136,50
16.4698288999989,55.56420216,56.1928743654902,50
16.501892899999802,55.56420216,56.1928743654902,50
16.533829699999842,55.56420216,56.1928743654902,50
16.565747299999202,55.428015390000006,56.449225932549005,50
16.613696399999753,55.428015390000006,56.449225932549005,50
16.645707599998786,55.291828620000004,56.70557749960784,50
16.677807799998845,55.291828620000004,56.70557749960784,50
16.70971329999884,55.15564185,56.96192906666667,50
16.741712799999732,55.01945508,57.21828063372549,50
16.77381299999979,55.01945508,57.21828063372549,50
16.80576679999831,54.883268310000005,57.474632200784306,50
16.837834699999803,54.883268310000005,57.474632200784306,50
16.87000359999911,54.74708154,57.73098376784313,50
16.90176259999862,54.61089477,57.98733533490196,50
16.933898899998894,54.61089477,57.98733533490196,50
16.965781899998547,54.47470800000001,58.243686901960764,50
17.01378829999885,54.47470800000001,58.243686901960764,50
17.045581299998958,54.338521230000005,58.5000384690196,50
17.07772919999843,54.20233446,58.75639003607842,50
17.109779200000048,54.20233446,58.75639003607842,50
17.14167610000004,54.06614769,59.01274160313725,50
17.17365769999924,53.929960920000006,59.269093170196065,50
17.205975099999705,53.793774150000004,59.525444737254894,50
17.23799979999967,53.65758738,59.781796304313715,50
17.269732899998417,53.52140061,60.03814787137255,50
17.301825499998813,53.52140061,60.03814787137255,50
17.333751399999528,53.385213840000006,60.29449943843136,50
17.365751999999702,53.1128403,60.807202572549016,50
17.413739099998566,52.97665353,61.063554139607845,50
17.445682799998394,52.840466760000005,61.31990570666667,50
17.477804899999683,52.70427999,61.57625727372549,50
17.509723299999678,52.56809322,61.83260884078432,50
17.54171629999837,52.43190645000001,62.08896040784312,50
17.573715499998798,52.15953291,62.601663541960775,50
17.60606849999931,52.15953291,62.601663541960775,50
17.637804199999664,51.887159370000006,63.11436667607842,50
17.669841499999166,51.750972600000004,63.37071824313725,50
17.70180110000001,51.61478583,63.62706981019607,50
17.73391399999855,51.47859906,63.8834213772549,50
17.765877999998338,51.206225520000004,64.39612451137255,50
17.813700299999255,51.07003875,64.65247607843136,50
17.84562989999904,50.797665210000005,65.165179212549,50
17.877807199998642,50.66147844,65.42153077960783,50
17.90974969999843,50.52529167,65.67788234666668,50
17.941757900000084,50.3891049,65.93423391372549,50
17.973943999999392,50.3891049,65.93423391372549,50
18.005795899998702,50.252918130000005,66.1905854807843,50
18.037786399998367,50.11673136,66.44693704784314,50
18.06973629999993,50.11673136,66.44693704784314,50
18.101765699999305,49.98054459,66.70328861490196,50
18.133700799999133,49.844357820000006,66.95964018196076,50
18.165731799999776,49.708171050000004,67.2159917490196,50
18.213806699999623,49.708171050000004,67.2159917490196,50
18.24576359999992,49.57198428,67.47234331607842,50
18.27774159999899,49.57198428,67.47234331607842,50
18.309743199999502,49.43579751,67.72869488313725,50
18.34175949999917,49.43579751,67.72869488313725,50
18.373768099998415,49.299610740000006,67.98504645019607,50
18.40572929999871,49.163423970000004,68.2413980172549,50
18.437823999998727,49.0272372,68.49774958431371,50
18.469737800000075,48.89105043,68.75410115137255,50
18.50175979999949,48.89105043,68.75410115137255,50
18.533727299998645,48.754863660000005,69.01045271843135,50
18.565691899999365,48.754863660000005,69.01045271843135,50
18.613776499998494,48.61867689,69.2668042854902,50
18.645753999999215,48.61867689,69.2668042854902,50
18.677800299999944,48.61867689,69.2668042854902,50
18.70995529999891,48.48249012,69.52315585254901,50
18.74176559999978,48.48249012,69.52315585254901,50
18.773776999998518,48.34630335,69.77950741960784,50
18.80575879999924,48.34630335,69.77950741960784,50
18.837711399999534,48.210116580000005,70.03585898666665,50
18.869827799999257,48.210116580000005,70.03585898666665,50
18.901729799999885,48.210116580000005,70.03585898666665,50
18.933867899999314,48.210116580000005,70.03585898666665,50
18.9657548999985,48.210116580000005,70.03585898666665,50
19.01381450000008,48.210116580000005,70.03585898666665,50
19.04579719999856,48.34630335,69.77950741960784,50
19.077942099998836,48.34630335,69.77950741960784,50
19.109755999999834,48.34630335,69.77950741960784,50
19.141824299998916,48.48249012,69.52315585254901,50
19.1738820999999,48.48249012,69.52315585254901,50
19.205840599999647,48.61867689,69.2668042854902,50
19.237808799998675,48.61867689,69.2668042854902,50
19.269728699999177,48.61867689,69.2668042854902,50
19.30180189999919,48.754863660000005,69.01045271843135,50
19.333796699998857,48.754863660000005,69.01045271843135,50
19.36575659999835,48.754863660000005,69.01045271843135,50
19.413775600000008,48.89105043,68.75410115137255,50
19.44595599999957,48.89105043,68.75410115137255,50
19.47770649999984,49.0272372,68.49774958431371,50
19.509759299999132,49.0272372,68.49774958431371,50
19.541846399999486,49.0272372,68.49774958431371,50
19.573763799999142,49.163423970000004,68.2413980172549,50
19.605745699998806,49.163423970000004,68.2413980172549,50
19.637818799999877,49.163423970000004,68.2413980172549,50
19.66969169999902,49.163423970000004,68.2413980172549,50
19.701679099998728,49.299610740000006,67.98504645019607,50
19.733753699998488,49.299610740000006,67.98504645019607,50
19.765739200000098,49.43579751,67.72869488313725,50
19.813840299999356,49.43579751,67.72869488313725,50
19.84578109999893,49.57198428,67.47234331607842,50
19.877805399999488,49.708171050000004,67.2159917490196,50
19.909710099998847,49.708171050000004,67.2159917490196,50
19.941992799998843,49.844357820000006,66.95964018196076,50
19.97363029999906,49.844357820000006,66.95964018196076,50
20.005708499998946,49.844357820000006,66.95964018196076,50
20.03775239999959,49.98054459,66.70328861490196,50
20.0698029999985,49.98054459,66.70328861490196,50
20.101668899998913,49.98054459,66.70328861490196,50
20.1337438999999,50.11673136,66.44693704784314,50
20.165842200000043,50.11673136,66.44693704784314,50
20.213901399998576,50.252918130000005,66.1905854807843,50
20.245695699999487,50.3891049,65.93423391372549,50
20.277718899998945,50.52529167,65.67788234666668,50
20.309782299998915,50.66147844,65.42153077960783,50
20.341725999998744,50.66147844,65.42153077960783,50
20.37382549999893,50.797665210000005,65.165179212549,50
20.40572719999909,50.93385198,64.90882764549019,50
20.437770099999398,51.07003875,64.65247607843136,50
20.469784699998854,51.206225520000004,64.39612451137255,50
20.501736399999572,51.342412290000006,64.1397729443137,50
20.534259299998666,51.342412290000006,64.1397729443137,50
20.56605169999966,51.47859906,63.8834213772549,50
20.613847999999052,51.61478583,63.62706981019607,50
20.645775399998456,51.750972600000004,63.37071824313725,50
20.677659699998912,51.887159370000006,63.11436667607842,50
20.709791599998425,51.887159370000006,63.11436667607842,50
20.7417420999991,52.02334614,62.858015109019604,50
20.77380439999979,52.15953291,62.601663541960775,50
20.80574439999873,52.295719680000005,62.34531197490195,50
20.837759999998525,52.295719680000005,62.34531197490195,50
20.86970569999903,52.295719680000005,62.34531197490195,50
20.9018363999985,52.43190645000001,62.08896040784312,50
20.933800099999644,52.43190645000001,62.08896040784312,50
20.965665899999294,52.43190645000001,62.08896040784312,50
21.013768199998594,52.43190645000001,62.08896040784312,50
21.045789599998898,52.43190645000001,62.08896040784312,50
21.077780899999198,52.43190645000001,62.08896040784312,50
21.109768999998778,52.56809322,61.83260884078432,50
21.141735199998948,52.56809322,61.83260884078432,50
21.173694299999624,52.56809322,61.83260884078432,50
21.205705999998827,52.56809322,61.83260884078432,50
21.237736099999893,52.56809322,61.83260884078432,50
21.269929299998694,52.56809322,61.83260884078432,50
21.301802599999064,52.56809322,61.83260884078432,50
21.33378039999843,52.70427999,61.57625727372549,50
21.36566259999927,52.70427999,61.57625727372549,50
21.41369940000004,52.70427999,61.57625727372549,50
21.44565899999907,52.70427999,61.57625727372549,50
21.477765099998578,52.56809322,61.83260884078432,50
21.50968499999908,52.56809322,61.83260884078432,50
21.54182899999978,52.56809322,61.83260884078432,50
21.573718199999348,52.56809322,61.83260884078432,50
21.605763199999274,52.56809322,61.83260884078432,50
21.637866199998825,52.43190645000001,62.08896040784312,50
21.66984819999925,52.56809322,61.83260884078432,50
21.701782499998444,52.56809322,61.83260884078432,50
21.73372079999899,48.61867689,69.2668042854902,50
21.765751799999634,48.61867689,69.2668042854902,50
21.81374869999854,48.61867689,69.2668042854902,50
21.845798899999863,48.48249012,69.52315585254901,50
21.87782199999856,48.34630335,69.77950741960784,50
21.909767299999658,48.34630335,69.77950741960784,50
21.941640899998674,48.210116580000005,70.03585898666665,50
21.97381359999963,51.887159370000006,63.11436667607842,50
22.00594909999927,51.887159370000006,63.11436667607842,50
22.038037399999666,51.750972600000004,63.37071824313725,50
22.069760399999723,51.750972600000004,63.37071824313725,50
22.101791199998843,51.61478583,63.62706981019607,50
22.13373369999863,51.61478583,63.62706981019607,50
22.165797499999826,51.61478583,63.62706981019607,50
22.213721499998428,51.47859906,63.8834213772549,50
22.2457359,51.47859906,63.8834213772549,50
22.277682099998856,51.47859906,63.8834213772549,50
22.309783499998957,51.342412290000006,64.1397729443137,50
22.34178559999964,51.206225520000004,64.39612451137255,50
22.37386409999999,51.206225520000004,64.39612451137255,50
22.405824199999188,51.07003875,64.65247607843136,50
22.437791799999104,50.93385198,64.90882764549019,50
22.469698199998675,50.797665210000005,65.165179212549,50
22.50178109999979,47.256809190000006,71.83031995607841,50
22.53378729999895,47.256809190000006,71.83031995607841,50
22.565800899999886,47.120622420000004,72.08667152313724,50
22.613777699998536,47.120622420000004,72.08667152313724,50
22.645682899999883,47.120622420000004,72.08667152313724,50
22.677660899998955,46.98443565,72.34302309019607,50
22.709686999998667,46.98443565,72.34302309019607,50
22.741816399999152,46.98443565,72.34302309019607,50
22.77377829999932,46.98443565,72.34302309019607,50
22.805696800000078,46.98443565,72.34302309019607,50
22.837753999998313,46.98443565,72.34302309019607,50
22.869698599999538,46.98443565,72.34302309019607,50
22.90175099999942,46.98443565,72.34302309019607,50
22.933760199999597,46.98443565,72.34302309019607,50
22.96576289999939,46.98443565,72.34302309019607,50
23.01376419999906,46.98443565,72.34302309019607,50
23.045766100000037,46.98443565,72.34302309019607,50
23.077711899999485,46.98443565,72.34302309019607,50
23.109873999999763,46.98443565,72.34302309019607,50
23.14186889999837,46.98443565,72.34302309019607,50
23.17372979999891,47.120622420000004,72.08667152313724,50
23.20572169999832,47.120622420000004,72.08667152313724,50
23.237792099998842,47.256809190000006,71.83031995607841,50
23.269795399999566,47.39299596,71.57396838901961,50
23.301799399998345,47.52918273,71.31761682196078,50
23.333793399999195,47.52918273,71.31761682196078,50
23.36585439999908,47.665369500000004,71.06126525490197,50
23.41378049999912,47.801556270000006,70.80491368784313,50
23.445819699998538,47.801556270000006,70.80491368784313,50
23.47798579999835,47.93774304,70.54856212078433,50
23.509969299999284,48.07392981,70.29221055372548,50
23.54177399999935,48.210116580000005,70.03585898666665,50
23.573717899998883,48.34630335,69.77950741960784,50
23.60570799999914,48.48249012,69.52315585254901,50
23.637676199999987,48.61867689,69.2668042854902,50
23.669783299999835,48.754863660000005,69.01045271843135,50
23.701797099998657,48.89105043,68.75410115137255,50
23.73377849999997,49.0272372,68.49774958431371,50
23.765727299998616,49.163423970000004,68.2413980172549,50
23.813615799999752,49.299610740000006,67.98504645019607,50
23.845779299999776,49.43579751,67.72869488313725,50
23.87774879999961,49.57198428,67.47234331607842,50
23.90973959999974,49.708171050000004,67.2159917490196,50
23.9417641,49.844357820000006,66.95964018196076,50
23.97374149999996,49.98054459,66.70328861490196,50
24.00573179999992,49.98054459,66.70328861490196,50
24.037782099998367,50.11673136,66.44693704784314,50
24.069696399999884,50.252918130000005,66.1905854807843,50
24.10173599999871,50.252918130000005,66.1905854807843,50
24.13375839999935,50.252918130000005,66.1905854807843,50
24.16569089999939,50.3891049,65.93423391372549,50
24.213906799999677,50.3891049,65.93423391372549,50
24.245859099999507,50.3891049,65.93423391372549,50
24.27781259999938,50.3891049,65.93423391372549,50
24.30958449999889,50.3891049,65.93423391372549,50
24.34164469999996,50.52529167,65.67788234666668,50
24.373696599999676,50.52529167,65.67788234666668,50
24.40575159999935,50.66147844,65.42153077960783,50
24.437763500000074,50.66147844,65.42153077960783,50
24.46978769999987,50.797665210000005,65.165179212549,50
24.5017175999983,50.797665210000005,65.165179212549,50
24.533872499998324,50.93385198,64.90882764549019,50
24.565574999998717,50.93385198,64.90882764549019,50
24.6138493999988,50.93385198,64.90882764549019,50
24.645691099998658,51.07003875,64.65247607843136,50
24.67776049999884,51.07003875,64.65247607843136,50
24.709742099999858,51.07003875,64.65247607843136,50
24.74178109999957,51.07003875,64.65247607843136,50
24.773734099999274,51.07003875,64.65247607843136,50
24.8058035999984,51.07003875,64.65247607843136,50
24.837734199998522,51.07003875,64.65247607843136,50
24.869826499998453,51.07003875,64.65247607843136,50
24.901817799998753,50.93385198,64.90882764549019,50
24.933762299999216,50.93385198,64.90882764549019,50
24.9659503999992,50.797665210000005,65.165179212549,50
25.0137236999999,50.797665210000005,65.165179212549,50
25.045806399999492,50.797665210000005,65.165179212549,50
25.077765699999873,50.797665210000005,65.165179212549,50
25.109705299999405,50.797665210000005,65.165179212549,50
25.141663499998685,50.797665210000005,65.165179212549,50
25.17374739999832,50.797665210000005,65.165179212549,50
25.205701099999715,50.797665210000005,65.165179212549,50
25.237666699998954,50.797665210000005,65.165179212549,50
25.269766499999605,50.797665210000005,65.165179212549,50
25.301667699999598,50.797665210000005,65.165179212549,50
25.334083799998552,50.797665210000005,65.165179212549,50
25.365849299998445,50.66147844,65.42153077960783,50
25.413688399999955,50.66147844,65.42153077960783,50
25.445892299998377,50.66147844,65.42153077960783,50
25.477804999998625,50.66147844,65.42153077960783,50
25.5096741999987,50.66147844,65.42153077960783,50
25.54177079999863,50.66147844,65.42153077960783,50
25.57367929999964,50.66147844,65.42153077960783,50
25.6056566999996,50.66147844,65.42153077960783,50
25.637690499999735,50.66147844,65.42153077960783,50
25.66967189999923,50.66147844,65.42153077960783,50
25.701904999999897,50.66147844,65.42153077960783,50
25.7338194999993,50.52529167,65.67788234666668,50
25.765726799998447,50.52529167,65.67788234666668,50
25.813699699998324,50.52529167,65.67788234666668,50
25.845731800000067,50.52529167,65.67788234666668,50
25.877692599999136,54.338521230000005,58.5000384690196,50
25.909712599999693,54.338521230000005,58.5000384690196,50
25.94173249999949,54.338521230000005,58.5000384690196,50
25.973696699998982,54.338521230000005,58.5000384690196,50
26.00580919999993,54.338521230000005,58.5000384690196,50
26.037605799998346,54.338521230000005,58.5000384690196,50
26.06993069999953,54.338521230000005,58.5000384690196,50
26.101701199999297,54.338521230000005,58.5000384690196,50
26.133769299998676,54.338521230000005,58.5000384690196,50
26.165757799999483,54.338521230000005,58.5000384690196,50
26.213767799999914,54.338521230000005,58.5000384690196,50
26.245716800000082,54.338521230000005,58.5000384690196,50
26.277752999998484,54.20233446,58.75639003607842,50
26.309704899998906,54.20233446,58.75639003607842,50
26.341705899998487,54.06614769,59.01274160313725,50
26.373690799999167,54.06614769,59.01274160313725,50
26.40565659999993,53.929960920000006,59.269093170196065,50
26.43816759999936,53.793774150000004,59.525444737254894,50
26.469868099999076,53.793774150000004,59.525444737254894,50
26.501746599999024,53.793774150000004,59.525444737254894,50
26.53378899999916,53.793774150000004,59.525444737254894,50
26.565815399999337,53.793774150000004,59.525444737254894,50
26.613729199998488,53.793774150000004,59.525444737254894,50
26.64580079999905,53.793774150000004,59.525444737254894,50
26.67785819999881,53.793774150000004,59.525444737254894,50
26.709715099999812,53.793774150000004,59.525444737254894,50
26.74170739999863,53.793774150000004,59.525444737254894,50
26.773813199999495,53.65758738,59.781796304313715,50
26.806020699999863,53.65758738,59.781796304313715,50
26.838011499999993,53.52140061,60.03814787137255,50
26.8698289999993,53.52140061,60.03814787137255,50
26.90166489999865,53.385213840000006,60.29449943843136,50
26.933660199998485,53.385213840000006,60.29449943843136,50
26.96576769999956,53.249027070000004,60.550851005490195,50
27.01363289999972,53.1128403,60.807202572549016,50
27.045593599999847,53.1128403,60.807202572549016,50
27.077726899999107,52.97665353,61.063554139607845,50
27.109702499999912,52.97665353,61.063554139607845,50
27.141655499999615,52.840466760000005,61.31990570666667,50
27.173874899999646,52.840466760000005,61.31990570666667,50
27.205813699998544,52.70427999,61.57625727372549,50
27.237684299998364,52.70427999,61.57625727372549,50
27.269825899998978,52.56809322,61.83260884078432,50
27.301848399998562,52.56809322,61.83260884078432,50
27.33372899999995,52.43190645000001,62.08896040784312,50
27.365694399999484,52.295719680000005,62.34531197490195,50
27.413739599998735,52.15953291,62.601663541960775,50
27.445694099998946,52.02334614,62.858015109019604,50
27.477687499998865,51.887159370000006,63.11436667607842,50
27.50966309999967,51.750972600000004,63.37071824313725,50
27.54188189999877,51.750972600000004,63.37071824313725,50
27.573869199999535,51.61478583,63.62706981019607,50
27.60571019999952,51.47859906,63.8834213772549,50
27.63777679999839,51.342412290000006,64.1397729443137,50
27.66978719999861,51.342412290000006,64.1397729443137,50
27.701715399998648,51.206225520000004,64.39612451137255,50
27.733795599999212,51.07003875,64.65247607843136,50
27.765777599999637,50.93385198,64.90882764549019,50
27.813746099998752,50.66147844,65.42153077960783,50
27.84573679999994,50.52529167,65.67788234666668,50
27.87778369999978,50.252918130000005,66.1905854807843,50
27.910007999998925,50.11673136,66.44693704784314,50
27.94189749999896,49.98054459,66.70328861490196,50
27.97376819999954,49.844357820000006,66.95964018196076,50
28.00569539999924,49.708171050000004,67.2159917490196,50
28.037739899998996,49.57198428,67.47234331607842,50
28.06972029999997,49.57198428,67.47234331607842,50
28.10173499999837,49.43579751,67.72869488313725,50
28.133860500000083,49.299610740000006,67.98504645019607,50
28.165839999999662,49.299610740000006,67.98504645019607,50
28.213750299999447,49.163423970000004,68.2413980172549,50
28.245734000000084,49.163423970000004,68.2413980172549,50
28.278135999998995,49.0272372,68.49774958431371,50
28.309978999999657,49.0272372,68.49774958431371,50
28.34169419999853,49.0272372,68.49774958431371,50
28.37375399999837,48.89105043,68.75410115137255,50
28.405761099998927,48.89105043,68.75410115137255,50
28.43771849999939,48.89105043,68.75410115137255,50
28.469720600000073,48.754863660000005,69.01045271843135,50
28.501678199998423,48.754863660000005,69.01045271843135,50
28.53380659999857,48.754863660000005,69.01045271843135,50
28.56571629999962,48.754863660000005,69.01045271843135,50
28.6137190999998,48.61867689,69.2668042854902,50
28.645766099998582,48.61867689,69.2668042854902,50
28.677821699999186,48.61867689,69.2668042854902,50
28.709733799998503,48.61867689,69.2668042854902,50
28.74168819999977,48.61867689,69.2668042854902,50
28.773766799999066,48.48249012,69.52315585254901,50
28.805795299998863,48.48249012,69.52315585254901,50
28.83776450000005,48.48249012,69.52315585254901,50
28.869821700000102,48.48249012,69.52315585254901,50
28.90178620000006,48.48249012,69.52315585254901,50
28.933957100000043,48.34630335,69.77950741960784,50
28.96573889999854,48.34630335,69.77950741960784,50
29.01390360000005,48.34630335,69.77950741960784,50
29.045734899998934,48.34630335,69.77950741960784,50
29.077733599999192,48.210116580000005,70.03585898666665,50
29.10967399999936,48.210116580000005,70.03585898666665,50
29.141713799999707,48.34630335,69.77950741960784,50
29.17369939999844,48.34630335,69.77950741960784,50
29.205775399999766,48.34630335,69.77950741960784,50
29.237784299999475,48.48249012,69.52315585254901,50
29.269772499999817,48.48249012,69.52315585254901,50
29.301737099998718,48.61867689,69.2668042854902,50
29.3338608999984,48.754863660000005,69.01045271843135,50
29.365656699999818,48.754863660000005,69.01045271843135,50
29.413922299998376,48.89105043,68.75410115137255,50
29.445672699999704,48.89105043,68.75410115137255,50
29.477701299998444,48.89105043,68.75410115137255,50
29.509840599999734,49.0272372,68.49774958431371,50
29.541768499999307,49.0272372,68.49774958431371,50
29.573732599999857,49.163423970000004,68.2413980172549,50
29.60579289999987,49.163423970000004,68.2413980172549,50
29.63773939999919,49.299610740000006,67.98504645019607,50
29.669760199998564,49.43579751,67.72869488313725,50
29.70169529999839,49.57198428,67.47234331607842,50
29.733718299999964,49.708171050000004,67.2159917490196,50
29.765871799998422,49.844357820000006,66.95964018196076,50
29.81374809999943,49.98054459,66.70328861490196,50
29.84569669999837,50.11673136,66.44693704784314,50
29.87777069999902,50.252918130000005,66.1905854807843,50
29.909687499999563,50.3891049,65.93423391372549,50
29.941732199999024,50.52529167,65.67788234666668,50
29.97372649999852,50.52529167,65.67788234666668,50
30.0057700999987,50.66147844,65.42153077960783,50
30.037773599999127,50.797665210000005,65.165179212549,50
30.069732699999804,50.797665210000005,65.165179212549,50
30.101678199998787,50.93385198,64.90882764549019,50
30.133802899999864,50.93385198,64.90882764549019,50
30.165823699999237,50.93385198,64.90882764549019,50
30.213630700000067,50.93385198,64.90882764549019,50
30.245747999999367,50.797665210000005,65.165179212549,50
30.27769139999873,50.797665210000005,65.165179212549,50
30.309697999999116,47.39299596,71.57396838901961,50
30.341703199999756,47.52918273,71.31761682196078,50
30.373647499998697,47.52918273,71.31761682196078,50
30.40573039999981,47.665369500000004,71.06126525490197,50
30.43779539999923,47.801556270000006,70.80491368784313,50
30.469613399998707,47.801556270000006,70.80491368784313,50
30.501903799999127,47.93774304,70.54856212078433,50
30.53417569999874,48.07392981,70.29221055372548,50
30.565878299999895,48.210116580000005,70.03585898666665,50
30.613662699999622,48.34630335,69.77950741960784,50
30.645709099999294,48.48249012,69.52315585254901,50
30.67777070000011,48.61867689,69.2668042854902,50
30.709653899999466,48.61867689,69.2668042854902,50
30.741715099999055,52.15953291,62.601663541960775,50
30.77410719999898,48.754863660000005,69.01045271843135,50
30.805814299999838,48.89105043,68.75410115137255,50
30.837771399999838,48.89105043,68.75410115137255,50
30.869889199999307,49.0272372,68.49774958431371,50
30.90182829999867,49.0272372,68.49774958431371,50
30.933793299998797,49.163423970000004,68.2413980172549,50
30.965769999998884,49.163423970000004,68.2413980172549,50
31.013664799998878,49.299610740000006,67.98504645019607,50
31.045730699999694,49.299610740000006,67.98504645019607,50
31.077688800000033,49.43579751,67.72869488313725,50
31.10974289999831,49.43579751,67.72869488313725,50
31.141775599999164,49.43579751,67.72869488313725,50
31.17375119999997,49.57198428,67.47234331607842,50
31.205623199999536,49.57198428,67.47234331607842,50
31.237890099999277,49.57198428,67.47234331607842,50
31.269821399999273,49.708171050000004,67.2159917490196,50
31.301758799998424,49.708171050000004,67.2159917490196,50
31.33374139999978,49.844357820000006,66.95964018196076,50
31.365743199999997,49.844357820000006,66.95964018196076,50
31.413816599999336,49.844357820000006,66.95964018196076,50
31.44581229999858,49.844357820000006,66.95964018196076,50
31.47776089999934,49.98054459,66.70328861490196,50
31.51000699999895,49.98054459,66.70328861490196,50
31.541802699999607,50.11673136,66.44693704784314,50
31.573748499999056,50.11673136,66.44693704784314,50
31.605950099999973,50.252918130000005,66.1905854807843,50
31.63779009999962,50.3891049,65.93423391372549,50
31.66973770000004,50.52529167,65.67788234666668,50
31.70172889999958,50.52529167,65.67788234666668,50
31.733686399998987,50.66147844,65.42153077960783,50
31.765662599998905,50.66147844,65.42153077960783,50
31.813778699999602,50.797665210000005,65.165179212549,50
31.845780699999523,50.797665210000005,65.165179212549,50
31.877761799998552,50.797665210000005,65.165179212549,50
31.90968679999969,50.797665210000005,65.165179212549,50
31.941639499998928,50.93385198,64.90882764549019,50
31.97400369999923,50.93385198,64.90882764549019,50
32.00575939999908,50.93385198,64.90882764549019,50
32.037809800000105,50.93385198,64.90882764549019,50
32.06976299999951,50.93385198,64.90882764549019,50
32.10173979999854,50.93385198,64.90882764549019,50
32.13378620000003,51.07003875,64.65247607843136,50
32.16572779999842,51.07003875,64.65247607843136,50
32.21370349999961,50.93385198,64.90882764549019,50
32.24562909999986,51.07003875,64.65247607843136,50
32.277699199999915,50.93385198,64.90882764549019,50
32.30965130000004,50.93385198,64.90882764549019,50
32.34188119999999,50.93385198,64.90882764549019,50
32.37387139999919,50.93385198,64.90882764549019,50
32.40594199999941,50.93385198,64.90882764549019,50
32.43777349999982,50.93385198,64.90882764549019,50
32.46973660000003,50.93385198,64.90882764549019,50
32.50168349999876,50.797665210000005,65.165179212549,50
32.533709599998474,50.797665210000005,65.165179212549,50
32.56568769999831,50.797665210000005,65.165179212549,50
32.61376169999858,50.797665210000005,65.165179212549,50
32.64576659999875,50.797665210000005,65.165179212549,50
32.67769279999993,50.797665210000005,65.165179212549,50
32.70982829999957,50.797665210000005,65.165179212549,50
32.741842099998394,50.797665210000005,65.165179212549,50
32.77375140000004,50.797665210000005,65.165179212549,50
32.80576529999962,50.93385198,64.90882764549019,50
32.83776869999929,50.93385198,64.90882764549019,50
32.869731499999034,50.93385198,64.90882764549019,50
32.90178989999913,50.93385198,64.90882764549019,50
32.93384679999872,50.93385198,64.90882764549019,50
32.965799499999775,50.93385198,64.90882764549019,50
33.01369639999939,50.93385198,64.90882764549019,50
33.04567449999922,50.93385198,64.90882764549019,50
33.07782109999971,50.93385198,64.90882764549019,50
33.10970169999928,50.93385198,64.90882764549019,50
33.14170689999992,50.93385198,64.90882764549019,50
33.17365549999886,50.93385198,64.90882764549019,50
33.20567689999916,50.797665210000005,65.165179212549,50
33.23771459999989,50.797665210000005,65.165179212549,50
33.26967609999883,50.797665210000005,65.165179212549,50
33.30175099999906,50.797665210000005,65.165179212549,50
33.33368410000003,50.797665210000005,65.165179212549,50
33.365711599999486,50.797665210000005,65.165179212549,50
33.41370639999877,50.797665210000005,65.165179212549,50
33.445768399999,54.74708154,57.73098376784313,50
33.47787449999851,54.74708154,57.73098376784313,50
33.50973899999917,54.74708154,57.73098376784313,50
33.54172769999968,54.74708154,57.73098376784313,50
33.57384849999835,54.74708154,57.73098376784313,50
33.605773399998725,54.61089477,57.98733533490196,50
33.637646199998926,54.61089477,57.98733533490196,50
33.669682299998385,54.61089477,57.98733533490196,50
33.7017022,54.61089477,57.98733533490196,50
33.733806799999,54.61089477,57.98733533490196,50
33.76567309999882,54.61089477,57.98733533490196,50
33.813823099999354,54.47470800000001,58.243686901960764,50
33.8459727999998,54.47470800000001,58.243686901960764,50
33.87777029999961,54.47470800000001,58.243686901960764,50
33.90969459999906,54.338521230000005,58.5000384690196,50
33.94177049999962,54.20233446,58.75639003607842,50
33.973708699999406,54.20233446,58.75639003607842,50
34.005729299999075,54.06614769,59.01274160313725,50
34.03778539999985,53.929960920000006,59.269093170196065,50
34.0697014999987,53.929960920000006,59.269093170196065,50
34.10166659999959,53.793774150000004,59.525444737254894,50
34.133815699999104,53.793774150000004,59.525444737254894,50
34.16576279999936,53.65758738,59.781796304313715,50
34.21392089999972,53.52140061,60.03814787137255,50
34.245742600000085,53.52140061,60.03814787137255,50
34.27776789999916,53.385213840000006,60.29449943843136,50
34.309685199999876,53.249027070000004,60.550851005490195,50
34.34170989999984,53.1128403,60.807202572549016,50
34.37372529999993,52.97665353,61.063554139607845,50
34.40572639999846,52.70427999,61.57625727372549,50
34.4376515999993,52.43190645000001,62.08896040784312,50
34.4697445999991,52.295719680000005,62.34531197490195,50
34.5017315999994,52.15953291,62.601663541960775,50
34.53373139999894,51.887159370000006,63.11436667607842,50
34.565855899998496,51.750972600000004,63.37071824313725,50
34.61365099999966,51.61478583,63.62706981019607,50
34.64568539999891,51.61478583,63.62706981019607,50
34.677688099998704,51.47859906,63.8834213772549,50
34.70971459999964,51.342412290000006,64.1397729443137,50
34.74166709999918,51.342412290000006,64.1397729443137,50
34.77373989999978,51.206225520000004,64.39612451137255,50
34.805743599999914,51.206225520000004,64.39612451137255,50
34.837960299999395,51.07003875,64.65247607843136,50
34.86971300000005,50.93385198,64.90882764549019,50
34.90173049999976,50.93385198,64.90882764549019,50
34.933890899999824,50.797665210000005,65.165179212549,50
34.96601009999904,50.66147844,65.42153077960783,50
35.01376479999999,50.52529167,65.67788234666668,50
35.04566799999884,50.3891049,65.93423391372549,50
35.07765019999897,50.252918130000005,66.1905854807843,50
35.10971449999852,50.252918130000005,66.1905854807843,50
35.14167169999928,50.11673136,66.44693704784314,50
35.17373049999878,49.98054459,66.70328861490196,50
35.20577019999837,49.844357820000006,66.95964018196076,50
35.23772370000006,49.708171050000004,67.2159917490196,50
35.26985439999953,49.708171050000004,67.2159917490196,50
35.301881199999116,49.57198428,67.47234331607842,50
35.333897599999545,49.57198428,67.47234331607842,50
35.36568739999893,49.57198428,67.47234331607842,50
35.41369009999835,49.43579751,67.72869488313725,50
35.44571469999937,49.43579751,67.72869488313725,50
35.477799199999936,49.43579751,67.72869488313725,50
35.509714099998746,49.43579751,67.72869488313725,50
35.54172069999913,49.299610740000006,67.98504645019607,50
35.57376039999872,49.299610740000006,67.98504645019607,50
35.605588099999295,49.163423970000004,68.2413980172549,50
35.63779689999865,49.0272372,68.49774958431371,50
35.670158799999626,49.0272372,68.49774958431371,50
35.7018995999988,48.89105043,68.75410115137255,50
35.73375479999959,48.89105043,68.75410115137255,50
35.765795599998455,48.89105043,68.75410115137255,50
35.8136857999998,48.754863660000005,69.01045271843135,50
35.84568219999892,48.754863660000005,69.01045271843135,50
35.87771509999948,48.754863660000005,69.01045271843135,50
35.90966329999901,48.89105043,68.75410115137255,50
35.94171859999915,48.89105043,68.75410115137255,50
35.97366409999995,48.89105043,68.75410115137255,50
36.00574379999853,49.0272372,68.49774958431371,50
36.03777049999917,49.0272372,68.49774958431371,50
36.06978249999884,49.163423970000004,68.2413980172549,50
36.101708499998495,49.163423970000004,68.2413980172549,50
36.13372909999998,49.163423970000004,68.2413980172549,50
36.165703999999096,49.299610740000006,67.98504645019607,50
36.213639599998714,49.299610740000006,67.98504645019607,50
36.2456205999988,49.299610740000006,67.98504645019607,50
36.277592899999945,49.299610740000006,67.98504645019607,50
36.309704399998736,49.43579751,67.72869488313725,50
36.34182529999998,49.43579751,67.72869488313725,50
36.373720099998536,49.57198428,67.47234331607842,50
36.40579859999889,49.57198428,67.47234331607842,50
36.437901899998906,49.708171050000004,67.2159917490196,50
36.46970929999952,49.844357820000006,66.95964018196076,50
36.501687899999524,49.98054459,66.70328861490196,50
36.533759799998734,49.98054459,66.70328861490196,50
36.565704699998605,50.11673136,66.44693704784314,50
36.613655299999664,50.11673136,66.44693704784314,50
36.64564139999857,50.252918130000005,66.1905854807843,50
36.677712799999426,50.252918130000005,66.1905854807843,50
36.709685799998624,50.3891049,65.93423391372549,50
36.74161339999955,50.52529167,65.67788234666668,50
36.77423439999984,50.66147844,65.42153077960783,50
36.80592429999888,50.66147844,65.42153077960783,50
36.83774759999869,50.797665210000005,65.165179212549,50
36.86972949999836,50.93385198,64.90882764549019,50
36.90173439999853,51.07003875,64.65247607843136,50
36.93378809999922,51.07003875,64.65247607843136,50
36.965838499998426,51.206225520000004,64.39612451137255,50
37.01386399999865,51.342412290000006,64.1397729443137,50
37.04564929999833,51.47859906,63.8834213772549,50
37.07767899999999,51.47859906,63.8834213772549,50
37.109671599999274,51.61478583,63.62706981019607,50
37.14230669999961,51.750972600000004,63.37071824313725,50
37.17393279999851,51.887159370000006,63.11436667607842,50
37.20588469999893,52.02334614,62.858015109019604,50
37.237922099999196,52.15953291,62.601663541960775,50
37.26983149999978,52.15953291,62.601663541960775,50
37.301773799999864,52.295719680000005,62.34531197490195,50
37.333806799999365,52.295719680000005,62.34531197490195,50
37.36581849999857,52.43190645000001,62.08896040784312,50
37.41371359999903,52.43190645000001,62.08896040784312,50
37.44576439999946,52.43190645000001,62.08896040784312,50
37.47765449999861,52.43190645000001,62.08896040784312,50
37.50989579999987,52.43190645000001,62.08896040784312,50
37.541871399998854,52.43190645000001,62.08896040784312,50
37.57380740000008,52.43190645000001,62.08896040784312,50
37.605856799998946,52.56809322,61.83260884078432,50
37.63783969999895,52.56809322,61.83260884078432,50
37.66983049999908,52.43190645000001,62.08896040784312,50
37.70172209999873,52.43190645000001,62.08896040784312,50
37.73374629999853,52.56809322,61.83260884078432,50
37.76571369999874,52.56809322,61.83260884078432,50
37.81369039999845,52.56809322,61.83260884078432,50
37.84584099999847,52.56809322,61.83260884078432,50
37.87781259999974,52.56809322,61.83260884078432,50
37.90987159999895,52.56809322,61.83260884078432,50
37.9417512,52.56809322,61.83260884078432,50
37.97370369999953,52.56809322,61.83260884078432,50
38.00577159999921,52.56809322,61.83260884078432,50
38.03771459999916,52.70427999,61.57625727372549,50
38.06967970000005,52.70427999,61.57625727372549,50
38.101741599999514,52.70427999,61.57625727372549,50
38.13372909999998,52.70427999,61.57625727372549,50
38.1656796999996,52.56809322,61.83260884078432,50
38.21362439999939,52.56809322,61.83260884078432,50
38.245888399998876,52.56809322,61.83260884078432,50
38.27783180000006,52.43190645000001,62.08896040784312,50
38.30973839999933,52.43190645000001,62.08896040784312,50
38.341816299998754,52.43190645000001,62.08896040784312,50
38.373843399998805,52.43190645000001,62.08896040784312,50
38.40573939999922,52.295719680000005,62.34531197490195,50
38.437680199998795,52.295719680000005,62.34531197490195,50
38.469574400000056,52.295719680000005,62.34531197490195,50
38.50175619999936,52.295719680000005,62.34531197490195,50
38.53369749999911,52.295719680000005,62.34531197490195,50
38.56574519999958,52.295719680000005,62.34531197490195,50
38.61395029999949,52.15953291,62.601663541960775,50
38.64605919999849,52.15953291,62.601663541960775,50
38.67766259999917,52.02334614,62.858015109019604,50
38.70973199999935,52.02334614,62.858015109019604,50
38.741685799999686,51.887159370000006,63.11436667607842,50
38.77370879999944,51.887159370000006,63.11436667607842,50
38.805647399998634,51.750972600000004,63.37071824313725,50
38.83770469999945,51.750972600000004,63.37071824313725,50
38.86976129999857,51.61478583,63.62706981019607,50
38.90165799999886,51.61478583,63.62706981019607,50
38.93369959999836,51.61478583,63.62706981019607,50
38.96559509999861,51.47859906,63.8834213772549,50
39.01381599999877,51.47859906,63.8834213772549,50
39.04575699999987,51.47859906,63.8834213772549,50
39.077690499998425,51.47859906,63.8834213772549,50
39.10974869999882,51.47859906,63.8834213772549,50
39.1416193999994,51.342412290000006,64.1397729443137,50
39.17370539999865,51.342412290000006,64.1397729443137,50
39.20564009999907,51.206225520000004,64.39612451137255,50
39.237680799999,51.206225520000004,64.39612451137255,50
39.269731799999136,51.07003875,64.65247607843136,50
39.30165449999913,50.93385198,64.90882764549019,50
39.33365689999846,50.93385198,64.90882764549019,50
39.36595749999833,50.797665210000005,65.165179212549,50
39.413687299998855,50.66147844,65.42153077960783,50
39.44567229999848,50.52529167,65.67788234666668,50
39.47771029999967,50.52529167,65.67788234666668,50
39.5096913999987,46.57587534,73.11207779137254,50
39.54171839999981,46.57587534,73.11207779137254,50
39.573735199999646,46.57587534,73.11207779137254,50
39.605689599999096,50.3891049,65.93423391372549,50
39.63774809999995,50.3891049,65.93423391372549,50
39.66986109999925,50.3891049,65.93423391372549,50
39.701844499999424,50.3891049,65.93423391372549,50
39.733873299999686,50.3891049,65.93423391372549,50
39.76571539999895,50.3891049,65.93423391372549,50
39.81378799999948,46.57587534,73.11207779137254,50
39.845679899999595,46.712062110000005,72.85572622431371,50
39.87772539999969,46.712062110000005,72.85572622431371,50
39.9097301999991,46.712062110000005,72.85572622431371,50
39.9417416999986,46.712062110000005,72.85572622431371,50
39.97374529999979,46.712062110000005,72.85572622431371,50
40.00570599999992,46.712062110000005,72.85572622431371,50
40.03777799999989,46.84824888,72.5993746572549,50
40.06965069999933,46.84824888,72.5993746572549,50
40.101977699998315,46.84824888,72.5993746572549,50
40.13399029999891,46.84824888,72.5993746572549,50
40.1657011999996,46.98443565,72.34302309019607,50
40.21375359999911,46.84824888,72.5993746572549,50
40.245696099998895,46.84824888,72.5993746572549,50
40.2777473999995,46.84824888,72.5993746572549,50
40.30971890000001,46.98443565,72.34302309019607,50
40.341691399999036,46.98443565,72.34302309019607,50
40.373745099999724,46.98443565,72.34302309019607,50
40.405718299998625,47.120622420000004,72.08667152313724,50
40.43758049999997,47.256809190000006,71.83031995607841,50
40.469855299999836,47.256809190000006,71.83031995607841,50
40.5017644999989,47.39299596,71.57396838901961,50
40.533717099999194,47.52918273,71.31761682196078,50
40.56575579999844,47.665369500000004,71.06126525490197,50
40.61364169999979,47.801556270000006,70.80491368784313,50
40.64570789999925,47.93774304,70.54856212078433,50
40.67759059999844,48.07392981,70.29221055372548,50
40.7097294999985,48.210116580000005,70.03585898666665,50
40.74164969999947,48.34630335,69.77950741960784,50
40.77366399999846,48.48249012,69.52315585254901,50
40.805603199998586,48.61867689,69.2668042854902,50
40.83792539999922,48.754863660000005,69.01045271843135,50
40.86987819999922,48.89105043,68.75410115137255,50
40.901869799999986,49.0272372,68.49774958431371,50
40.933717399999296,49.163423970000004,68.2413980172549,50
40.96566989999883,49.299610740000006,67.98504645019607,50
41.01375399999961,49.43579751,67.72869488313725,50
41.04567689999931,49.57198428,67.47234331607842,50
41.07763399999931,49.708171050000004,67.2159917490196,50
41.10963359999914,49.844357820000006,66.95964018196076,50
41.14161989999957,49.98054459,66.70328861490196,50
41.17364369999996,50.11673136,66.44693704784314,50
41.205735300000015,50.252918130000005,66.1905854807843,50
41.237805099999605,50.3891049,65.93423391372549,50
41.2697320999996,50.52529167,65.67788234666668,50
41.30168019999837,50.66147844,65.42153077960783,50
41.333784299999024,50.797665210000005,65.165179212549,50
41.36573319999843,50.93385198,64.90882764549019,50
41.413702199999534,50.93385198,64.90882764549019,50
41.445794199999,51.07003875,64.65247607843136,50
41.47769899999912,51.07003875,64.65247607843136,50
41.509790000000066,51.206225520000004,64.39612451137255,50
41.54169550000006,51.206225520000004,64.39612451137255,50
41.57400400000006,51.206225520000004,64.39612451137255,50
41.60579199999847,51.206225520000004,64.39612451137255,50
41.63775949999945,51.206225520000004,64.39612451137255,50
41.66967769999974,51.342412290000006,64.1397729443137,50
41.70178169999963,51.342412290000006,64.1397729443137,50
41.73371049999878,51.342412290000006,64.1397729443137,50
41.76576309999837,51.342412290000006,64.1397729443137,50
41.8136900999998,51.342412290000006,64.1397729443137,50
41.84572399999888,51.342412290000006,64.1397729443137,50
41.87769349999871,51.47859906,63.8834213772549,50
41.90970699999889,51.47859906,63.8834213772549,50
41.94184369999857,51.47859906,63.8834213772549,50
41.97373499999958,51.61478583,63.62706981019607,50
42.0056697,51.61478583,63.62706981019607,50
42.037703499998315,51.47859906,63.8834213772549,50
42.069581599998855,51.47859906,63.8834213772549,50
42.1016811999998,51.47859906,63.8834213772549,50
42.13375129999986,51.47859906,63.8834213772549,50
42.16574479999872,51.47859906,63.8834213772549,50
42.21380019999924,51.47859906,63.8834213772549,50
42.24567489999936,51.61478583,63.62706981019607,50
42.27786959999867,51.61478583,63.62706981019607,50
42.309905699999945,51.750972600000004,63.37071824313725,50
42.34175669999968,51.750972600000004,63.37071824313725,50
42.37361039999996,51.887159370000006,63.11436667607842,50
42.40570139999909,51.887159370000006,63.11436667607842,50
42.43771949999973,51.887159370000006,63.11436667607842,50
42.469696599999224,51.887159370000006,63.11436667607842,50
42.501647899998716,51.887159370000006,63.11436667607842,50
42.53373459999966,51.887159370000006,63.11436667607842,50
42.565683299999364,51.887159370000006,63.11436667607842,50
42.61367359999895,51.750972600000004,63.37071824313725,50
42.64563180000005,51.750972600000004,63.37071824313725,50
42.67784739999843,51.750972600000004,63.37071824313725,50
42.709883499999705,51.61478583,63.62706981019607,50
42.741684699998586,51.61478583,63.62706981019607,50
42.77374419999978,51.47859906,63.8834213772549,50
42.80565999999999,55.291828620000004,56.70557749960784,50
42.83775939999941,55.291828620000004,56.70557749960784,50
42.86969879999924,55.15564185,56.96192906666667,50
42.90167939999992,55.15564185,56.96192906666667,50
42.933710999999676,55.01945508,57.21828063372549,50
42.96566050000001,55.01945508,57.21828063372549,50
43.013625599998704,54.883268310000005,57.474632200784306,50
43.045912300000055,54.883268310000005,57.474632200784306,50
43.07795199999964,54.883268310000005,57.474632200784306,50
43.10971089999839,54.74708154,57.73098376784313,50
43.14182289999917,54.74708154,57.73098376784313,50
43.17375609999908,54.61089477,57.98733533490196,50
43.20574579999993,54.47470800000001,58.243686901960764,50
43.23780119999901,54.338521230000005,58.5000384690196,50
43.26965399999972,54.20233446,58.75639003607842,50
43.30162649999875,54.06614769,59.01274160313725,50
43.3336709999985,53.929960920000006,59.269093170196065,50
43.36573839999983,53.793774150000004,59.525444737254894,50
43.414007699999274,53.52140061,60.03814787137255,50
43.44584029999896,53.385213840000006,60.29449943843136,50
43.47771079999984,53.249027070000004,60.550851005490195,50
43.50972619999993,53.1128403,60.807202572549016,50
43.54167909999887,52.97665353,61.063554139607845,50
43.57369010000002,52.840466760000005,61.31990570666667,50
43.60568619999867,52.70427999,61.57625727372549,50
43.637732699999106,52.56809322,61.83260884078432,50
43.669756100000086,52.43190645000001,62.08896040784312,50
43.7017778999998,52.295719680000005,62.34531197490195,50
43.73376979999921,52.15953291,62.601663541960775,50
43.765866599998844,52.02334614,62.858015109019604,50
43.813889899998685,51.750972600000004,63.37071824313725,50
43.84570469999926,51.47859906,63.8834213772549,50
43.8777214999991,51.342412290000006,64.1397729443137,50
43.90975089999847,51.07003875,64.65247607843136,50
43.941637699999774,50.93385198,64.90882764549019,50
43.97377119999874,50.797665210000005,65.165179212549,50
44.005719099999624,50.52529167,65.67788234666668,50
44.037709299998824,50.3891049,65.93423391372549,50
44.06967649999933,50.3891049,65.93423391372549,50
44.10175369999888,50.252918130000005,66.1905854807843,50
44.13366979999955,50.11673136,66.44693704784314,50
44.16596369999934,50.11673136,66.44693704784314,50
44.21371670000008,49.98054459,66.70328861490196,50
44.24565540000003,49.844357820000006,66.95964018196076,50
44.2777505999984,49.844357820000006,66.95964018196076,50
44.3096831999992,49.708171050000004,67.2159917490196,50
44.34168669999963,49.57198428,67.47234331607842,50
44.37380999999914,49.43579751,67.72869488313725,50
44.40581409999868,49.299610740000006,67.98504645019607,50
44.43775509999978,49.163423970000004,68.2413980172549,50
44.469765499999994,49.0272372,68.49774958431371,50
44.50183299999844,49.0272372,68.49774958431371,50
44.53400809999948,48.89105043,68.75410115137255,50
44.56567519999953,48.89105043,68.75410115137255,50
44.613726899999165,48.89105043,68.75410115137255,50
44.645658899999034,48.89105043,68.75410115137255,50
44.67769119999866,48.89105043,68.75410115137255,50
44.70974260000003,48.89105043,68.75410115137255,50
44.741711299999224,48.89105043,68.75410115137255,50
44.773689899999226,48.89105043,68.75410115137255,50
44.80572799999936,48.89105043,68.75410115137255,50
44.837748799998735,49.0272372,68.49774958431371,50
44.86970739999924,49.0272372,68.49774958431371,50
44.901794999999765,48.89105043,68.75410115137255,50
44.93367379999836,48.89105043,68.75410115137255,50
44.96567839999989,48.89105043,68.75410115137255,50
45.013775699999314,48.89105043,68.75410115137255,50
45.04574329999923,48.89105043,68.75410115137255,50
45.07773869999983,48.89105043,68.75410115137255,50
45.10997679999855,48.89105043,68.75410115137255,50
45.14166870000008,48.89105043,68.75410115137255,50
45.17359959999885,48.89105043,68.75410115137255,50
45.20567419999861,49.0272372,68.49774958431371,50
45.23764029999984,49.0272372,68.49774958431371,50
45.26980139999978,49.0272372,68.49774958431371,50
45.30173609999838,49.163423970000004,68.2413980172549,50
45.33364739999888,49.163423970000004,68.2413980172549,50
45.36565629999859,49.163423970000004,68.2413980172549,50
45.41371439999966,49.163423970000004,68.2413980172549,50
45.445647599999575,49.163423970000004,68.2413980172549,50
45.47773459999917,49.299610740000006,67.98504645019607,50
45.509691699999166,49.299610740000006,67.98504645019607,50
45.54171519999909,49.43579751,67.72869488313725,50
45.57373120000011,49.43579751,67.72869488313725,50
45.60564489999888,49.57198428,67.47234331607842,50
45.6377995999992,49.708171050000004,67.2159917490196,50
45.6697067999994,49.844357820000006,66.95964018196076,50
45.701660199998514,49.844357820000006,66.95964018196076,50
45.73367939999844,49.98054459,66.70328861490196,50
45.76574889999938,50.11673136,66.44693704784314,50
45.81369629999972,50.252918130000005,66.1905854807843,50
45.84574489999977,50.252918130000005,66.1905854807843,50
45.87769479999952,50.3891049,65.93423391372549,50
45.90975279999839,50.3891049,65.93423391372549,50
45.941732199999024,50.52529167,65.67788234666668,50
45.97366899999906,50.52529167,65.67788234666668,50
46.0059569999994,50.52529167,65.67788234666668,50
46.03783259999909,50.52529167,65.67788234666668,50
46.06968689999849,50.66147844,65.42153077960783,50
46.10177919999842,50.66147844,65.42153077960783,50
46.13377079999918,50.66147844,65.42153077960783,50
46.16573269999935,50.797665210000005,65.165179212549,50
46.213703800000076,50.797665210000005,65.165179212549,50
46.24569949999932,50.93385198,64.90882764549019,50
46.27768829999877,50.93385198,64.90882764549019,50
46.30962299999919,50.93385198,64.90882764549019,50
46.341794399999344,50.93385198,64.90882764549019,50
46.373721699999805,51.07003875,64.65247607843136,50
46.405741299999136,51.07003875,64.65247607843136,50
46.43762879999849,51.206225520000004,64.39612451137255,50
46.469732999999906,51.206225520000004,64.39612451137255,50
46.50172859999839,51.206225520000004,64.39612451137255,50
46.533762499999284,51.206225520000004,64.39612451137255,50
46.565655599999445,51.342412290000006,64.1397729443137,50
46.61363849999907,51.342412290000006,64.1397729443137,50
46.64563039999848,51.342412290000006,64.1397729443137,50
46.67769210000006,51.342412290000006,64.1397729443137,50
46.70970089999901,51.47859906,63.8834213772549,50
46.74182539999856,51.47859906,63.8834213772549,50
46.773786499999915,51.47859906,63.8834213772549,50
46.80558009999913,51.47859906,63.8834213772549,50
46.83772449999924,51.61478583,63.62706981019607,50
46.86970759999895,51.61478583,63.62706981019607,50
46.90164569999979,51.61478583,63.62706981019607,50
46.933704099999886,51.61478583,63.62706981019607,50
46.96570609999981,51.61478583,63.62706981019607,50
47.01371089999884,51.61478583,63.62706981019607,50
47.045654300000024,51.61478583,63.62706981019607,50
47.07760629999939,51.61478583,63.62706981019607,50
47.109827599999335,51.61478583,63.62706981019607,50
47.14171399999941,51.750972600000004,63.37071824313725,50
47.173718799998824,51.750972600000004,63.37071824313725,50
47.20572329999959,51.750972600000004,63.37071824313725,50
47.237769899998966,51.750972600000004,63.37071824313725,50
47.26975999999922,51.750972600000004,63.37071824313725,50
47.30182599999898,51.750972600000004,63.37071824313725,50
47.333782699999574,51.750972600000004,63.37071824313725,50
47.36559679999846,51.750972600000004,63.37071824313725,50
47.41363879999881,51.750972600000004,63.37071824313725,50
47.44563979999839,51.750972600000004,63.37071824313725,50
47.47796779999953,51.750972600000004,63.37071824313725,50
47.509855599999355,51.750972600000004,63.37071824313725,50
47.5417456999985,51.750972600000004,63.37071824313725,50
47.57373949999965,51.750972600000004,63.37071824313725,50
47.60568069999863,51.750972600000004,63.37071824313725,50
47.63773029999902,51.750972600000004,63.37071824313725,50
47.6696968999986,51.750972600000004,63.37071824313725,50
47.70168249999915,51.750972600000004,63.37071824313725,50
47.73368429999937,51.750972600000004,63.37071824313725,50
47.765655699999115,51.61478583,63.62706981019607,50
47.813742999998794,51.61478583,63.62706981019607,50
47.84594829999878,51.61478583,63.62706981019607,50
47.87777379999898,51.61478583,63.62706981019607,50
47.909808799999155,51.61478583,63.62706981019607,50
47.941741899998306,51.61478583,63.62706981019607,50
47.97366199999851,51.61478583,63.62706981019607,50
48.00576199999887,51.342412290000006,64.1397729443137,50
48.03763739999886,47.801556270000006,70.80491368784313,50
48.06966779999857,47.801556270000006,70.80491368784313,50
48.10169719999976,47.801556270000006,70.80491368784313,50
48.13366489999862,47.801556270000006,70.80491368784313,50
48.16561489999913,47.801556270000006,70.80491368784313,50
48.21372999999949,47.801556270000006,70.80491368784313,50
48.24573689999852,47.801556270000006,70.80491368784313,50
48.277694399999746,47.801556270000006,70.80491368784313,50
48.309600699998555,47.665369500000004,71.06126525490197,50
48.34170159999849,47.665369500000004,71.06126525490197,50
48.373638299999584,47.52918273,71.31761682196078,50
48.405729000000065,47.52918273,71.31761682196078,50
48.43767949999892,47.39299596,71.57396838901961,50
48.46964519999892,47.39299596,71.57396838901961,50
48.50164319999931,47.39299596,71.57396838901961,50
48.533652599999186,47.39299596,71.57396838901961,50
48.56580839999879,47.39299596,71.57396838901961,50
48.613589099999444,47.52918273,71.31761682196078,50
48.645645099999456,47.52918273,71.31761682196078,50
48.67767339999955,47.52918273,71.31761682196078,50
48.709702399999514,47.665369500000004,71.06126525490197,50
48.74171049999859,47.665369500000004,71.06126525490197,50
48.773753899999065,47.665369500000004,71.06126525490197,50
48.8056592999983,47.801556270000006,70.80491368784313,50
48.837681499999235,47.801556270000006,70.80491368784313,50
48.869709699998566,47.801556270000006,70.80491368784313,50
48.901581399999486,47.93774304,70.54856212078433,50
48.93413249999867,47.93774304,70.54856212078433,50
48.96581849999893,48.07392981,70.29221055372548,50
49.01371659999859,48.07392981,70.29221055372548,50
49.045737599999484,48.210116580000005,70.03585898666665,50
49.07776109999941,48.34630335,69.77950741960784,50
49.10973339999873,48.48249012,69.52315585254901,50
49.14178449999963,48.48249012,69.52315585254901,50
49.173712999998315,48.61867689,69.2668042854902,50
49.205687799998486,48.754863660000005,69.01045271843135,50
49.237721199999214,48.89105043,68.75410115137255,50
49.26960549999967,48.89105043,68.75410115137255,50
49.30174970000007,49.0272372,68.49774958431371,50
49.333930199998576,49.163423970000004,68.2413980172549,50
49.36569799999961,49.299610740000006,67.98504645019607,50
49.413681999998516,49.43579751,67.72869488313725,50
49.4456756999989,49.43579751,67.72869488313725,50
49.47769840000001,49.57198428,67.47234331607842,50
49.50958709999941,49.708171050000004,67.2159917490196,50
49.541747100000066,49.708171050000004,67.2159917490196,50
49.573555699998906,49.844357820000006,66.95964018196076,50
49.60564549999981,49.98054459,66.70328861490196,50
49.63763089999884,50.11673136,66.44693704784314,50
49.66970279999987,50.11673136,66.44693704784314,50
49.70178859999942,50.252918130000005,66.1905854807843,50
49.733664899998985,50.3891049,65.93423391372549,50
49.76573819999976,50.52529167,65.67788234666668,50
49.81365679999908,50.66147844,65.42153077960783,50
49.845638799999506,50.66147844,65.42153077960783,50
49.87755239999933,50.797665210000005,65.165179212549,50
49.90963649999867,50.797665210000005,65.165179212549,50
49.94165819999944,50.93385198,64.90882764549019,50
49.97353799999837,50.93385198,64.90882764549019,50
50.005676400000084,50.93385198,64.90882764549019,50
50.03769379999903,50.93385198,64.90882764549019,50
50.06971789999989,51.07003875,64.65247607843136,50
50.1016542999987,51.07003875,64.65247607843136,50
50.13371629999892,51.206225520000004,64.39612451137255,50
50.16572379999889,51.206225520000004,64.39612451137255,50
50.2136834999983,51.342412290000006,64.1397729443137,50
50.245642699999735,51.47859906,63.8834213772549,50
50.27772039999945,51.47859906,63.8834213772549,50
50.309782799999084,51.47859906,63.8834213772549,50
50.34169219999967,51.47859906,63.8834213772549,50
50.37368179999976,51.47859906,63.8834213772549,50
50.40580469999986,51.47859906,63.8834213772549,50
50.4378815,51.47859906,63.8834213772549,50
50.46970069999952,51.47859906,63.8834213772549,50
50.501656999998886,51.47859906,63.8834213772549,50
50.533681899998555,51.47859906,63.8834213772549,50
50.56571299999996,51.47859906,63.8834213772549,50
50.61368959999891,51.47859906,63.8834213772549,50
50.64563449999878,51.47859906,63.8834213772549,50
50.67768689999866,51.47859906,63.8834213772549,50
50.70970849999867,51.47859906,63.8834213772549,50
50.74162279999837,55.291828620000004,56.70557749960784,50
50.77374119999877,55.291828620000004,56.70557749960784,50
50.805790599999455,55.15564185,56.96192906666667,50
50.83769849999953,55.15564185,56.96192906666667,50
50.86970709999878,55.15564185,56.96192906666667,50
50.90161049999915,55.01945508,57.21828063372549,50
50.93371209999896,55.01945508,57.21828063372549,50
50.96566249999887,55.01945508,57.21828063372549,50
51.01374880000003,54.883268310000005,57.474632200784306,50
51.045629299998836,54.883268310000005,57.474632200784306,50
51.07764919999863,54.74708154,57.73098376784313,50
51.10962819999986,54.74708154,57.73098376784313,50
51.14158359999965,54.61089477,57.98733533490196,50
51.17375719999836,54.47470800000001,58.243686901960764,50
51.205737399999634,54.47470800000001,58.243686901960764,50
51.23770509999849,54.338521230000005,58.5000384690196,50
51.26965930000006,54.20233446,58.75639003607842,50
51.301678199999515,54.20233446,58.75639003607842,50
51.3336494999985,54.06614769,59.01274160313725,50
51.365641099999266,54.06614769,59.01274160313725,50
51.413619999999355,53.929960920000006,59.269093170196065,50
51.44564509999873,53.793774150000004,59.525444737254894,50
51.47768879999967,53.65758738,59.781796304313715,50
51.50957219999873,53.65758738,59.781796304313715,50
51.54182429999855,53.385213840000006,60.29449943843136,50
51.573683900000105,53.249027070000004,60.550851005490195,50
51.60563659999934,53.1128403,60.807202572549016,50
51.63764319999973,52.97665353,61.063554139607845,50
51.66973689999941,52.840466760000005,61.31990570666667,50
51.70161239999834,52.70427999,61.57625727372549,50
51.73367739999958,52.70427999,61.57625727372549,50
51.76566180000009,52.56809322,61.83260884078432,50
51.797715400000016,52.43190645000001,62.08896040784312,50
51.84566349999841,52.43190645000001,62.08896040784312,50
51.87777920000008,52.295719680000005,62.34531197490195,50
51.90996069999892,52.295719680000005,62.34531197490195,50
51.94173199999932,52.295719680000005,62.34531197490195,50
51.973708599998645,52.15953291,62.601663541960775,50
52.005648099999235,52.15953291,62.601663541960775,50
52.037696599998526,52.02334614,62.858015109019604,50
52.06969179999942,52.02334614,62.858015109019604,50
52.101737399998456,51.887159370000006,63.11436667607842,50
52.133667799998875,51.750972600000004,63.37071824313725,50
52.16572089999863,51.61478583,63.62706981019607,50
52.197698399999354,51.61478583,63.62706981019607,50
52.24583369999891,51.47859906,63.8834213772549,50
52.27785949999998,51.342412290000006,64.1397729443137,50
52.30979259999913,51.342412290000006,64.1397729443137,50
52.34170499999891,51.206225520000004,64.39612451137255,50
52.3736957000001,51.07003875,64.65247607843136,50
52.40571089999867,50.93385198,64.90882764549019,50
52.437628899999254,50.797665210000005,65.165179212549,50
52.46965079999973,50.66147844,65.42153077960783,50
52.50162659999842,50.66147844,65.42153077960783,50
52.53369489999932,50.52529167,65.67788234666668,50
52.56568619999962,50.3891049,65.93423391372549,50
52.59767439999996,50.252918130000005,66.1905854807843,50
52.64582960000007,50.11673136,66.44693704784314,50
52.67770549999841,49.98054459,66.70328861490196,50
52.70961979999993,49.844357820000006,66.95964018196076,50
52.741719299998294,49.708171050000004,67.2159917490196,50
52.77365789999931,49.57198428,67.47234331607842,50
52.805699900000036,49.43579751,67.72869488313725,50
52.83771609999894,49.299610740000006,67.98504645019607,50
52.86967089999962,49.163423970000004,68.2413980172549,50
52.901702599998316,49.0272372,68.49774958431371,50
52.93360869999924,48.89105043,68.75410115137255,50
52.96568429999934,48.89105043,68.75410115137255,50
52.997764599998845,48.754863660000005,69.01045271843135,50
53.045691199999055,48.61867689,69.2668042854902,50
53.07771629999843,48.61867689,69.2668042854902,50
53.10960639999939,48.61867689,69.2668042854902,50
53.14168229999996,48.48249012,69.52315585254901,50
53.17371699999967,48.48249012,69.52315585254901,50
53.20566359999975,48.48249012,69.52315585254901,50
53.23772159999862,48.48249012,69.52315585254901,50
53.26966269999866,48.48249012,69.52315585254901,50
53.301677699999345,48.48249012,69.52315585254901,50
53.333679099998335,48.48249012,69.52315585254901,50
53.36589029999959,48.34630335,69.77950741960784,50
53.397838999999294,48.34630335,69.77950741960784,50
53.445678599999155,48.210116580000005,70.03585898666665,50
53.477658599998904,48.210116580000005,70.03585898666665,50
53.50962309999886,48.210116580000005,70.03585898666665,50
53.54174889999922,48.210116580000005,70.03585898666665,50
53.57392759999857,48.210116580000005,70.03585898666665,50
53.605707199998506,48.210116580000005,70.03585898666665,50
53.63765829999829,48.210116580000005,70.03585898666665,50
53.669669399998384,48.210116580000005,70.03585898666665,50
53.70174069999848,48.210116580000005,70.03585898666665,50
53.7341121999998,48.34630335,69.77950741960784,50
53.765877299998465,48.34630335,69.77950741960784,50
53.79764869999963,48.48249012,69.52315585254901,50
53.845720999999685,48.48249012,69.52315585254901,50
53.87764259999858,48.48249012,69.52315585254901,50
53.909648099999686,48.48249012,69.52315585254901,50
53.9416741999994,48.48249012,69.52315585254901,50
53.973689399999785,48.48249012,69.52315585254901,50
54.005674899999576,48.48249012,69.52315585254901,50
54.0376258999986,48.48249012,69.52315585254901,50
54.06971319999866,48.48249012,69.52315585254901,50
54.10188839999864,48.48249012,69.52315585254901,50
54.133855299998686,48.48249012,69.52315585254901,50
54.16564749999998,48.61867689,69.2668042854902,50
54.19766549999986,48.754863660000005,69.01045271843135,50
54.24556080000002,48.754863660000005,69.01045271843135,50
54.2776404999986,48.89105043,68.75410115137255,50
54.309655699998984,49.0272372,68.49774958431371,50
54.34164299999975,49.163423970000004,68.2413980172549,50
54.37368129999959,49.163423970000004,68.2413980172549,50
54.40565989999959,49.299610740000006,67.98504645019607,50
54.4376185000001,49.299610740000006,67.98504645019607,50
54.46975930000008,49.43579751,67.72869488313725,50
54.50173149999864,49.43579751,67.72869488313725,50
54.53363309999986,49.57198428,67.47234331607842,50
54.56561379999948,49.708171050000004,67.2159917490196,50
54.5976787999989,49.844357820000006,66.95964018196076,50
54.64562879999903,49.98054459,66.70328861490196,50
54.67774629999985,50.11673136,66.44693704784314,50
54.70963929999925,50.252918130000005,66.1905854807843,50
54.74165559999892,50.3891049,65.93423391372549,50
54.773720799999865,50.52529167,65.67788234666668,50
54.80573919999915,50.66147844,65.42153077960783,50
54.83795669999927,50.797665210000005,65.165179212549,50
54.86984940000002,50.797665210000005,65.165179212549,50
54.90153800000007,50.93385198,64.90882764549019,50
54.933561499999996,51.07003875,64.65247607843136,50
54.96564369999942,51.07003875,64.65247607843136,50
54.99767939999947,51.206225520000004,64.39612451137255,50
55.04567379999935,51.206225520000004,64.39612451137255,50
55.0777092999997,51.342412290000006,64.1397729443137,50
55.10965219999889,51.47859906,63.8834213772549,50
55.14167169999928,51.61478583,63.62706981019607,50
55.173741799999334,51.750972600000004,63.37071824313725,50
55.20585089999986,51.887159370000006,63.11436667607842,50
55.23777429999973,52.02334614,62.858015109019604,50
55.269639399999505,52.15953291,62.601663541960775,50
55.30168159999994,52.15953291,62.601663541960775,50
55.33364249999977,52.295719680000005,62.34531197490195,50
55.36566519999906,52.43190645000001,62.08896040784312,50
55.39759559999948,52.56809322,61.83260884078432,50
55.44567709999865,52.56809322,61.83260884078432,50
55.4776841999992,52.70427999,61.57625727372549,50
55.50962519999848,52.70427999,61.57625727372549,50
55.54165529999955,52.840466760000005,61.31990570666667,50
55.57370939999964,52.840466760000005,61.31990570666667,50
55.60571019999952,52.97665353,61.063554139607845,50
55.63770509999995,52.97665353,61.063554139607845,50
55.669764599999326,53.1128403,60.807202572549016,50
55.7016167999991,53.1128403,60.807202572549016,50
55.733679299999494,53.249027070000004,60.550851005490195,50
55.76568679999946,53.249027070000004,60.550851005490195,50
55.797660799998994,53.385213840000006,60.29449943843136,50
55.845621599999504,53.385213840000006,60.29449943843136,50
55.877657299999555,53.385213840000006,60.29449943843136,50
55.90957469999921,53.52140061,60.03814787137255,50
55.941605099998924,53.52140061,60.03814787137255,50
55.973754599999666,53.52140061,60.03814787137255,50
56.00566209999852,53.52140061,60.03814787137255,50
56.03761869999835,53.52140061,60.03814787137255,50
56.069623299999876,53.52140061,60.03814787137255,50
56.10167469999942,53.385213840000006,60.29449943843136,50
56.13367179999841,53.52140061,60.03814787137255,50
56.165631299998495,53.385213840000006,60.29449943843136,50
56.19762139999875,53.385213840000006,60.29449943843136,50
56.24563989999842,53.385213840000006,60.29449943843136,50
56.277712600000086,53.385213840000006,60.29449943843136,50
56.30966029999945,53.385213840000006,60.29449943843136,50
56.341853699999774,53.385213840000006,60.29449943843136,50
56.37368029999925,53.385213840000006,60.29449943843136,50
56.40566319999925,53.385213840000006,60.29449943843136,50
56.437658299999384,53.385213840000006,60.29449943843136,50
56.46969839999838,53.249027070000004,60.550851005490195,50
56.501659599998675,53.249027070000004,60.550851005490195,50
56.5337974999984,53.1128403,60.807202572549016,50
56.565720699998565,53.1128403,60.807202572549016,50
56.5977884999993,53.1128403,60.807202572549016,50
56.64557529999911,52.97665353,61.063554139607845,50
56.67774399999871,52.840466760000005,61.31990570666667,50
56.70977159999893,52.70427999,61.57625727372549,50
56.74168929999905,52.56809322,61.83260884078432,50
56.773680699998295,52.56809322,61.83260884078432,50
56.805660299998635,52.43190645000001,62.08896040784312,50
56.83771909999996,52.295719680000005,62.34531197490195,50
56.86963689999902,52.295719680000005,62.34531197490195,50
56.901700399999754,52.15953291,62.601663541960775,50
56.93364709999878,52.15953291,62.601663541960775,50
56.965585299998565,52.02334614,62.858015109019604,50
56.997704199999134,52.02334614,62.858015109019604,50
57.04560909999964,51.887159370000006,63.11436667607842,50
57.07785799999874,51.750972600000004,63.37071824313725,50
57.10969099999966,51.61478583,63.62706981019607,50
57.14164509999864,51.61478583,63.62706981019607,50
57.17369759999929,51.47859906,63.8834213772549,50
57.205769499998496,51.47859906,63.8834213772549,50
57.23776259999977,51.342412290000006,64.1397729443137,50
57.26968769999985,51.206225520000004,64.39612451137255,50
57.301616799999465,51.07003875,64.65247607843136,50
57.33366459999888,51.07003875,64.65247607843136,50
57.365659699999014,50.93385198,64.90882764549019,50
57.39761859999999,50.93385198,64.90882764549019,50
57.445674900000085,50.93385198,64.90882764549019,50
57.47768439999891,50.797665210000005,65.165179212549,50
57.50966249999874,50.797665210000005,65.165179212549,50
57.54165109999849,50.797665210000005,65.165179212549,50
57.57364629999938,50.66147844,65.42153077960783,50
57.60564319999867,50.66147844,65.42153077960783,50
57.637674399999014,50.52529167,65.67788234666668,50
57.669660499999736,50.3891049,65.93423391372549,50
57.701684299998306,50.3891049,65.93423391372549,50
57.733646299999236,50.3891049,65.93423391372549,50
57.765625199999704,50.3891049,65.93423391372549,50
57.79788589999953,50.252918130000005,66.1905854807843,50
57.8457271999996,50.252918130000005,66.1905854807843,50
57.8777141999999,50.252918130000005,66.1905854807843,50
57.909633100000065,50.252918130000005,66.1905854807843,50
57.94160159999956,46.3035018,73.6247809254902,50
57.97367399999894,46.167315030000005,73.881132492549,50
58.00564769999983,46.167315030000005,73.881132492549,50
58.03759739999987,46.167315030000005,73.881132492549,50
58.06975479999892,46.03112826,74.13748405960784,50
58.10164579999946,46.03112826,74.13748405960784,50
58.13360789999933,46.03112826,74.13748405960784,50
58.1659209999998,46.03112826,74.13748405960784,50
58.19784350000009,46.167315030000005,73.881132492549,50
58.2456803999994,46.167315030000005,73.881132492549,50
58.27764109999953,46.167315030000005,73.881132492549,50
58.30971219999992,46.167315030000005,73.881132492549,50
58.34165229999962,46.3035018,73.6247809254902,50
58.37370499999997,46.3035018,73.6247809254902,50
58.4057404999985,46.43968857,73.36842935843137,50
58.437700599999516,46.57587534,73.11207779137254,50
58.469635800000106,46.57587534,73.11207779137254,50
58.501610499999515,46.712062110000005,72.85572622431371,50
58.533846399999675,46.84824888,72.5993746572549,50
58.56565729999966,46.98443565,72.34302309019607,50
58.59764249999898,47.120622420000004,72.08667152313724,50
58.64561759999924,47.120622420000004,72.08667152313724,50
58.677616099999796,47.39299596,71.57396838901961,50
58.70949109999856,47.52918273,71.31761682196078,50
58.74164389999896,47.665369500000004,71.06126525490197,50
58.77369980000003,47.801556270000006,70.80491368784313,50
58.80569159999868,47.93774304,70.54856212078433,50
58.83763939999881,48.07392981,70.29221055372548,50
58.86964869999974,48.07392981,70.29221055372548,50
58.90172509999866,48.210116580000005,70.03585898666665,50
58.933773499999006,48.34630335,69.77950741960784,50
58.965611499999795,48.48249012,69.52315585254901,50
58.99763239999993,48.61867689,69.2668042854902,50
59.04562899999837,48.754863660000005,69.01045271843135,50
59.077631199999814,48.754863660000005,69.01045271843135,50
59.10967419999906,48.89105043,68.75410115137255,50
59.141644799999995,49.0272372,68.49774958431371,50
59.17387090000011,49.163423970000004,68.2413980172549,50
59.20559709999907,49.299610740000006,67.98504645019607,50
59.237678499999674,49.57198428,67.47234331607842,50
59.26995889999853,49.57198428,67.47234331607842,50
59.301856599999155,49.708171050000004,67.2159917490196,50
59.333671699998376,49.844357820000006,66.95964018196076,50
59.365678999998636,49.844357820000006,66.95964018196076,50
59.39765199999965,49.98054459,66.70328861490196,50
59.44567299999835,50.11673136,66.44693704784314,50
59.47766589999992,50.11673136,66.44693704784314,50
59.50974799999858,50.252918130000005,66.1905854807843,50
59.54165539999849,50.252918130000005,66.1905854807843,50
59.57367459999841,50.3891049,65.93423391372549,50
59.605701899999985,50.3891049,65.93423391372549,50
59.63781889999882,50.3891049,65.93423391372549,50
59.66977649999899,50.52529167,65.67788234666668,50
59.70166889999928,50.52529167,65.67788234666668,50
59.733739599998444,50.66147844,65.42153077960783,50
59.76565969999865,50.66147844,65.42153077960783,50
59.79775679999875,50.797665210000005,65.165179212549,50
59.84584929999983,50.797665210000005,65.165179212549,50
59.877700499999264,50.797665210000005,65.165179212549,50
59.909560399999464,50.93385198,64.90882764549019,50
59.94162179999876,50.93385198,64.90882764549019,50
59.97373199999856,50.93385198,64.90882764549019,50
60.00574229999984,50.93385198,64.90882764549019,50
60.03776849999849,50.93385198,64.90882764549019,50
60.069598699999915,50.93385198,64.90882764549019,50
60.10160589999941,50.93385198,64.90882764549019,50
60.13363939999908,50.797665210000005,65.165179212549,50
60.165592399998786,50.797665210000005,65.165179212549,50
60.197597599999426,50.797665210000005,65.165179212549,50
60.245602699998926,50.797665210000005,65.165179212549,50
60.277640399999655,50.66147844,65.42153077960783,50
60.30964709999898,50.66147844,65.42153077960783,50
60.34167489999891,50.66147844,65.42153077960783,50
60.37378989999888,50.66147844,65.42153077960783,50
60.40572699999939,50.797665210000005,65.165179212549,50
60.437777499999356,50.797665210000005,65.165179212549,50
60.46969839999838,50.797665210000005,65.165179212549,50
60.50156739999875,50.797665210000005,65.165179212549,50
60.53376969999954,50.797665210000005,65.165179212549,50
60.56564669999898,50.93385198,64.90882764549019,50
60.59776989999955,50.93385198,64.90882764549019,50
60.645615199999156,50.93385198,64.90882764549019,50
60.6776762999998,51.07003875,64.65247607843136,50
60.70961129999887,51.07003875,64.65247607843136,50
60.74188460000005,51.07003875,64.65247607843136,50
60.773804699998436,51.07003875,64.65247607843136,50
60.805601599999136,50.93385198,64.90882764549019,50
60.83766359999936,50.93385198,64.90882764549019,50
60.86969139999928,50.93385198,64.90882764549019,50
60.901643199998944,50.93385198,64.90882764549019,50
60.933785699999135,50.93385198,64.90882764549019,50
60.96569109999837,50.93385198,64.90882764549019,50
60.99769329999981,50.93385198,64.90882764549019,50
61.04578499999843,50.93385198,64.90882764549019,50
61.07760899999994,50.93385198,64.90882764549019,50
61.109808399998656,51.07003875,64.65247607843136,50
61.14169999999831,51.07003875,64.65247607843136,50
61.17380979999871,51.07003875,64.65247607843136,50
61.20581299999867,51.07003875,64.65247607843136,50
61.23761809999996,51.07003875,64.65247607843136,50
61.2697352999985,50.93385198,64.90882764549019,50
61.30179259999932,50.93385198,64.90882764549019,50
61.33371409999927,50.93385198,64.90882764549019,50
61.36569959999906,50.797665210000005,65.165179212549,50
61.39770429999953,50.797665210000005,65.165179212549,50
61.44559669999944,54.74708154,57.73098376784313,50
61.477716899998995,50.797665210000005,65.165179212549,50
61.50973729999896,54.74708154,57.73098376784313,50
61.541694599998664,54.74708154,57.73098376784313,50
61.57358119999844,54.74708154,57.73098376784313,50
61.60567119999905,54.74708154,57.73098376784313,50
61.637580499998876,54.61089477,57.98733533490196,50
61.669654599998466,54.61089477,57.98733533490196,50
61.70165479999923,54.61089477,57.98733533490196,50
61.73360929999944,54.61089477,57.98733533490196,50
61.76559989999987,54.47470800000001,58.243686901960764,50
61.797683299999335,54.47470800000001,58.243686901960764,50
61.845733799998925,54.338521230000005,58.5000384690196,50
61.87770629999977,54.338521230000005,58.5000384690196,50
61.90971889999855,54.20233446,58.75639003607842,50
61.941641499999605,54.20233446,58.75639003607842,50
61.973679699998684,54.20233446,58.75639003607842,50
62.00564200000008,54.06614769,59.01274160313725,50
62.03760340000008,54.06614769,59.01274160313725,50
62.06956729999911,53.929960920000006,59.269093170196065,50
62.10166519999984,53.929960920000006,59.269093170196065,50
62.13369629999943,53.793774150000004,59.525444737254894,50
62.16566889999922,53.65758738,59.781796304313715,50
62.19756719999896,53.65758738,59.781796304313715,50
62.2457861999992,53.52140061,60.03814787137255,50
62.27770849999979,53.385213840000006,60.29449943843136,50
62.30962719999843,53.249027070000004,60.550851005490195,50
62.34162279999873,53.249027070000004,60.550851005490195,50
62.373706099999254,53.1128403,60.807202572549016,50
62.40565399999832,52.97665353,61.063554139607845,50
62.43761809999887,52.840466760000005,61.31990570666667,50
62.46966839999914,52.840466760000005,61.31990570666667,50
62.50161459999981,52.70427999,61.57625727372549,50
62.5338026999998,52.70427999,61.57625727372549,50
62.565863399999216,52.56809322,61.83260884078432,50
62.59789479999927,52.43190645000001,62.08896040784312,50
62.64566459999878,52.295719680000005,62.34531197490195,50
62.677614999998696,52.15953291,62.601663541960775,50
62.70966640000006,52.02334614,62.858015109019604,50
62.7416161000001,51.887159370000006,63.11436667607842,50
62.77363609999884,51.887159370000006,63.11436667607842,50
62.80568549999953,51.750972600000004,63.37071824313725,50
62.837644699999146,51.750972600000004,63.37071824313725,50
62.86970870000005,51.61478583,63.62706981019607,50
62.90153149999969,51.61478583,63.62706981019607,50
62.93363469999895,51.61478583,63.62706981019607,50
62.96568689999913,51.47859906,63.8834213772549,50
62.99789149999924,51.47859906,63.8834213772549,50
63.045650599999135,51.47859906,63.8834213772549,50
63.07762559999901,51.47859906,63.8834213772549,50
63.109641299999566,51.342412290000006,64.1397729443137,50
63.141735599998356,51.206225520000004,64.39612451137255,50
63.173743499999546,51.07003875,64.65247607843136,50
63.205617199999324,51.07003875,64.65247607843136,50
63.23756489999869,50.93385198,64.90882764549019,50
63.2696605000001,50.93385198,64.90882764549019,50
63.301560199999585,50.797665210000005,65.165179212549,50
63.33373429999847,50.797665210000005,65.165179212549,50
63.365965199998755,50.66147844,65.42153077960783,50
63.39766729999974,50.52529167,65.67788234666668,50
63.44557539999914,50.52529167,65.67788234666668,50
63.477619699999195,50.3891049,65.93423391372549,50
63.50962669999899,50.3891049,65.93423391372549,50
63.54173139999875,50.252918130000005,66.1905854807843,50
63.573640599999635,50.252918130000005,66.1905854807843,50
63.60562690000006,50.11673136,66.44693704784314,50
63.637599199999386,49.98054459,66.70328861490196,50
63.669691999999486,49.98054459,66.70328861490196,50
63.701822600000014,49.98054459,66.70328861490196,50
63.73385059999964,49.844357820000006,66.95964018196076,50
63.765653999998904,49.844357820000006,66.95964018196076,50
63.79764709999836,49.844357820000006,66.95964018196076,50
63.84566449999875,49.844357820000006,66.95964018196076,50
63.877618799999254,49.844357820000006,66.95964018196076,50
63.909671599998546,49.844357820000006,66.95964018196076,50
63.94164959999944,49.844357820000006,66.95964018196076,50
63.9736559999983,49.844357820000006,66.95964018196076,50
64.00567189999856,49.844357820000006,66.95964018196076,50
64.03757839999889,49.844357820000006,66.95964018196076,50
64.06980499999918,49.844357820000006,66.95964018196076,50
64.10180149999906,49.844357820000006,66.95964018196076,50
64.13369969999985,49.844357820000006,66.95964018196076,50
64.1656554000001,49.708171050000004,67.2159917490196,50
64.19775129999834,49.708171050000004,67.2159917490196,50
64.24560239999846,49.57198428,67.47234331607842,50
64.27773699999852,49.57198428,67.47234331607842,50
64.30972269999984,49.57198428,67.47234331607842,50
64.34161279999898,49.57198428,67.47234331607842,50
64.37361059999967,49.57198428,67.47234331607842,50
64.40559069999836,49.57198428,67.47234331607842,50
64.43773779999901,49.708171050000004,67.2159917490196,50
64.46968319999905,49.708171050000004,67.2159917490196,50
64.50161029999981,49.708171050000004,67.2159917490196,50
64.53371039999911,49.844357820000006,66.95964018196076,50
64.56565169999885,49.844357820000006,66.95964018196076,50
64.59764519999953,49.844357820000006,66.95964018196076,50
64.64562809999916,49.98054459,66.70328861490196,50
64.67765669999972,50.11673136,66.44693704784314,50
64.70956559999831,50.11673136,66.44693704784314,50
64.74168169999939,50.252918130000005,66.1905854807843,50
64.77357549999942,50.252918130000005,66.1905854807843,50
64.80579140000009,50.252918130000005,66.1905854807843,50
64.83782989999963,50.3891049,65.93423391372549,50
64.86975849999908,50.3891049,65.93423391372549,50
64.90170330000001,50.52529167,65.67788234666668,50
64.93353939999906,50.52529167,65.67788234666668,50
64.96564289999878,50.52529167,65.67788234666668,50
64.99765669999942,50.66147844,65.42153077960783,50
65.04562259999875,50.66147844,65.42153077960783,50
65.07765149999977,50.797665210000005,65.165179212549,50
65.1096052999983,50.797665210000005,65.165179212549,50
65.14163459999872,50.797665210000005,65.165179212549,50
65.17385349999859,50.797665210000005,65.165179212549,50
65.20583299999998,50.93385198,64.90882764549019,50
