Tiempo,Altura,Senal_de_Control,Set_value
0.10378689999924973,-2.4513618600000004,100.0,50
0.13430139999945823,0.0,100.0,50
0.16629899999861664,0.0,100.0,50
0.21426859999883163,0.0,100.0,50
0.24619089999941934,0.0,100.0,50
0.27842640000017127,0.0,100.0,50
0.3102910999987216,0.0,100.0,50
0.3422940999989805,0.0,100.0,50
0.3743010999987746,0.0,100.0,50
0.4063059999989491,0.0,100.0,50
0.43819489999987127,0.0,100.0,50
0.4702356999987387,0.0,100.0,50
0.502254199998788,0.0,100.0,50
0.534268899999006,0.0,100.0,50
0.5663024999994377,0.0,100.0,50
0.6142755999990186,0.0,100.0,50
0.6463408999989042,0.0,100.0,50
0.6784568999992189,0.0,100.0,50
0.7102815999987797,0.0,100.0,50
0.7422499999993306,0.0,100.0,50
0.7742855999986205,0.0,100.0,50
0.8063279999987572,0.0,100.0,50
0.8382572999998956,0.0,100.0,50
0.8703382999992755,0.0,100.0,50
0.9022764000001189,0.0,100.0,50
0.9342780999995739,0.0,100.0,50
0.9662382999995316,0.0,100.0,50
1.015019200000097,0.0,100.0,50
1.046654599998874,0.0,100.0,50
1.0782936999985395,0.0,100.0,50
1.1102028999994218,0.0,100.0,50
1.142354300000079,0.0,100.0,50
1.1743169999990641,0.0,100.0,50
1.2063995999997132,0.0,100.0,50
1.2382966999994096,0.0,100.0,50
1.2702250000002095,0.0,100.0,50
1.3022899999996298,0.0,100.0,50
1.3343146999995952,0.0,100.0,50
1.3662705999995524,0.0,100.0,50
1.4144005999987712,0.0,100.0,50
1.4462807999989309,0.0,100.0,50
1.4782350999994378,0.0,100.0,50
1.510294599998815,0.0,100.0,50
1.542301800000132,0.0,100.0,50
1.5742328999986057,0.0,100.0,50
1.606253399999332,0.0,100.0,50
1.6382646999991266,0.0,100.0,50
1.6702433999998902,0.0,100.0,50
1.7020914999993693,0.0,100.0,50
1.7343179999988934,0.0,100.0,50
1.766371399999116,0.0,100.0,50
1.8142935999985639,0.0,100.0,50
1.8462110999989818,0.0,100.0,50
1.8782446999994136,0.0,100.0,50
1.9102155999989918,0.0,100.0,50
1.942314099998839,0.0,100.0,50
1.974283599998671,0.0,100.0,50
2.0062399999987974,0.0,100.0,50
2.038262299998678,0.0,100.0,50
2.0702488999995694,0.0,100.0,50
2.102164799998718,0.0,100.0,50
2.134467299998505,0.0,100.0,50
2.1663762999996834,0.0,100.0,50
2.2143421999990096,0.0,100.0,50
2.246315299998969,0.0,100.0,50
2.2782821000000695,0.0,100.0,50
2.3103015999986383,0.0,100.0,50
2.342304799998601,0.0,100.0,50
2.3743171999994956,0.0,100.0,50
2.4063258999995014,0.0,100.0,50
2.43832349999866,0.0,100.0,50
2.4704612999994424,0.0,100.0,50
2.5025416999997105,0.0,100.0,50
2.5345132000002195,0.0,100.0,50
2.56621019999875,0.0,100.0,50
2.6142908000001626,0.0,100.0,50
2.6462726999998267,0.0,100.0,50
2.6782857999987755,0.0,100.0,50
2.710247699998945,0.0,100.0,50
2.7423595000000205,0.0,100.0,50
2.7742915999988327,0.0,100.0,50
2.8062174999995477,0.0,100.0,50
2.83820360000027,0.0,100.0,50
2.8705751999987115,0.13618677000000012,100.0,50
2.9024788999995508,0.13618677000000012,100.0,50
2.9342058999991423,0.13618677000000012,100.0,50
2.966280900000129,0.13618677000000012,100.0,50
3.014245499998651,0.13618677000000012,100.0,50
3.046284199999718,0.13618677000000012,100.0,50
3.0782619999990857,0.13618677000000012,100.0,50
3.1101644999998825,0.13618677000000012,100.0,50
3.1424348000000464,0.13618677000000012,100.0,50
3.174290299999484,0.13618677000000012,100.0,50
3.206178499998714,0.0,100.0,50
3.238448199999766,0.0,100.0,50
3.2702203999997437,0.13618677000000012,100.0,50
3.302215099998648,0.13618677000000012,100.0,50
3.3341983999998774,0.13618677000000012,100.0,50
3.3662095999989106,0.13618677000000012,100.0,50
3.4142752999996446,0.13618677000000012,100.0,50
3.446251699999266,0.13618677000000012,100.0,50
3.4782870999988518,0.13618677000000012,100.0,50
3.5102368999996543,0.13618677000000012,100.0,50
3.5423168999986956,0.13618677000000012,100.0,50
3.574150499998723,0.13618677000000012,100.0,50
3.6065738999986934,0.13618677000000012,100.0,50
3.6384179999986372,0.13618677000000012,100.0,50
3.6702973999999813,0.13618677000000012,100.0,50
3.702276799998799,0.13618677000000012,100.0,50
3.7342708999985916,0.13618677000000012,100.0,50
3.7662724000001617,0.13618677000000012,100.0,50
3.8143390999994153,0.13618677000000012,100.0,50
3.846252999999706,0.13618677000000012,100.0,50
3.878265100000135,0.13618677000000012,100.0,50
3.9104237999999896,0.13618677000000012,100.0,50
3.942344299999604,0.13618677000000012,100.0,50
3.9744603999988612,0.13618677000000012,100.0,50
4.006547599999976,0.13618677000000012,100.0,50
4.038258399999904,0.13618677000000012,100.0,50
4.070309199998519,0.13618677000000012,100.0,50
4.102240399999573,0.13618677000000012,100.0,50
4.134233699998731,0.13618677000000012,100.0,50
4.166339499999594,0.13618677000000012,100.0,50
4.2142515999985335,0.13618677000000012,100.0,50
4.246106699998563,0.13618677000000012,100.0,50
4.27836009999919,0.13618677000000012,100.0,50
4.310187899998709,0.27237354000000025,100.0,50
4.342317999999068,0.27237354000000025,100.0,50
4.37429819999852,0.27237354000000025,100.0,50
4.406325399999332,0.27237354000000025,100.0,50
4.438227099999494,0.27237354000000025,100.0,50
4.470456799999738,0.27237354000000025,100.0,50
4.502422499999739,0.27237354000000025,100.0,50
4.534288299999389,0.27237354000000025,100.0,50
4.566186799998832,0.40856031000000037,100.0,50
4.614283199998681,0.40856031000000037,100.0,50
4.646238999999696,0.5447470800000003,100.0,50
4.678184499998679,0.6809338500000002,100.0,50
4.710384799998792,0.8171206200000003,100.0,50
4.742168099999617,0.9533073900000004,100.0,50
4.774260099999083,1.0894941600000003,100.0,50
4.806192599999122,1.2256809300000002,100.0,50
4.838224799999807,1.4980544700000005,100.0,50
4.870266599999013,1.6342412400000004,100.0,50
4.902239399998507,1.9066147800000004,100.0,50
4.9343319999989035,2.17898832,100.0,50
4.966251299998476,2.4513618600000004,100.0,50
5.01427220000005,2.7237354000000007,100.0,50
5.046159899999111,3.1322957100000006,100.0,50
5.078583599999547,4.22178987,100.0,50
5.110558399999718,4.630350180000001,100.0,50
5.142333099998723,4.902723720000001,100.0,50
5.174318699999276,4.630350180000001,100.0,50
5.20626429999902,4.902723720000001,100.0,50
5.238287000000128,5.311284030000001,100.0,50
5.270237400000042,5.856031110000001,100.0,50
5.302226599998903,6.26459142,100.0,50
5.334255599998869,6.809338500000001,100.0,50
5.366321499999685,7.354085580000001,100.0,50
5.414264099999855,7.898832660000001,100.0,50
5.4464362999988225,8.307392970000002,100.0,50
5.478624299999865,8.852140050000001,100.0,50
5.510280699998475,9.396887130000001,100.0,50
5.542284299999665,9.805447440000002,100.0,50
5.574151199998596,9.94163421,100.0,50
5.606342899998708,10.62256806,100.0,50
5.638333099999727,11.303501910000001,100.0,50
5.670285199999853,11.848248990000002,100.0,50
5.702370699998937,12.52918284,100.0,50
5.7342474999986734,13.073929920000001,100.0,50
5.76626319999923,13.754863770000002,100.0,50
5.814384799999971,14.43579762,100.0,50
5.84629649999988,15.116731470000001,100.0,50
5.878171700000166,15.797665320000002,100.0,50
5.910273800000141,16.478599170000003,100.0,50
5.9422969999995985,17.15953302,100.0,50
5.974230799998622,17.84046687,100.0,50
6.006290100000115,18.521400720000003,100.0,50
6.038310199999614,19.33852134,100.0,50
6.070163499998671,20.019455190000002,100.0,50
6.102226699998937,20.564202270000003,100.0,50
6.1342359999998735,21.51750966,100.0,50
6.166116700000202,22.198443510000004,100.0,50
6.214244699998744,22.87937736,100.0,50
6.246316699998715,23.832684750000006,100.0,50
6.278264299999137,24.649805370000003,100.0,50
6.310325700000249,25.46692599,100.0,50
6.342355900000257,26.284046610000004,100.0,50
6.374227000000246,26.96498046,100.0,50
6.4062531999989005,27.782101080000004,100.0,50
6.4382444999992,28.5992217,100.0,50
6.470296100000269,29.416342320000005,100.0,50
6.502287899998919,30.233462940000003,100.0,50
6.534252800000104,31.18677033,100.0,50
6.566753099999914,32.003890950000006,100.0,50
6.614285899999231,32.82101157,99.00358606431371,50
6.646239899999273,33.77431896,97.20912509490195,50
6.678342799999882,34.72762635,95.4146641254902,50
6.710245899999791,35.54474697,93.87655472313726,50
6.74229379999997,36.498054360000005,92.08209375372547,50
6.774330199999895,37.451361750000004,90.28763278431371,50
6.806345999999394,38.40466914,88.49317181490196,50
6.838222399999722,39.35797653,86.69871084549018,50
6.870362199999363,40.31128392,84.90424987607842,50
6.902495700000145,41.26459131,83.10978890666667,50
6.934495599998627,42.2178987,81.3153279372549,50
6.9663151999993715,43.03501932,79.77721853490196,50
7.014245599999413,43.98832671,77.98275756549019,50
7.0462432999993325,44.9416341,76.18829659607843,50
7.078290899999047,45.758754720000006,74.65018719372549,50
7.110245399999258,46.57587534,73.11207779137254,50
7.142223899998498,47.39299596,71.57396838901961,50
7.174215499999264,48.210116580000005,70.03585898666665,50
7.206208499999775,49.0272372,68.49774958431371,50
7.238214199998765,49.844357820000006,66.95964018196076,50
7.270183699998597,50.66147844,65.42153077960783,50
7.3024961999999505,51.342412290000006,64.1397729443137,50
7.334453999999823,52.15953291,62.601663541960775,50
7.366136999999071,52.840466760000005,61.31990570666667,50
7.414275899998756,53.52140061,60.03814787137255,50
7.446303499998976,54.20233446,58.75639003607842,50
7.478294799999276,54.883268310000005,57.474632200784306,50
7.510323900000003,55.56420216,56.1928743654902,50
7.542363299999124,56.10894924,55.167468097254904,50
7.574239499999749,56.789883090000004,53.885710261960774,50
7.6062285999996675,57.334630170000004,52.86030399372548,50
7.638204599999881,57.879377250000005,51.834897725490194,50
7.670442099999491,58.28793756,51.065843024313715,50
7.7023614999998244,58.832684640000004,50.04043675607842,50
7.734222999999474,59.24124495,49.27138205490195,50
7.766209899999012,59.513618490000006,48.7586789207843,50
7.814291900000171,59.78599203,48.24597578666666,50
7.846217000000252,59.922178800000005,47.98962421960783,50
7.8782468999997946,60.05836557000001,47.733272652549005,50
7.910201599999709,60.05836557000001,47.733272652549005,50
7.942248899998958,60.05836557000001,47.733272652549005,50
7.974151200000051,60.05836557000001,47.733272652549005,50
8.006296099998508,60.05836557000001,47.733272652549005,50
8.03843649999908,59.922178800000005,47.98962421960783,50
8.07039739999891,59.922178800000005,47.98962421960783,50
8.1022727999989,59.78599203,48.24597578666666,50
8.134330099999715,59.64980526,48.50232735372549,50
8.166245399999752,59.377431720000004,49.01503048784313,50
8.21423809999942,59.10505818000001,49.52773362196077,50
8.246323499999562,58.832684640000004,50.04043675607842,50
8.278283899999224,58.424124330000005,50.80949145725489,50
8.31029209999906,58.15175079,51.32219459137255,50
8.342316599999322,57.879377250000005,51.834897725490194,50
8.374205099999017,57.60700371,52.347600859607844,50
8.406544599998597,57.334630170000004,52.86030399372548,50
8.43835880000006,56.926069860000005,53.62935869490195,50
8.47023900000022,56.65369632,54.1420618290196,50
8.502292099999977,56.381322780000005,54.65476496313725,50
8.534311899999011,56.10894924,55.167468097254904,50
8.566332399999737,55.70038893,55.93652279843136,50
8.614281699999992,55.428015390000006,56.449225932549005,50
8.64630429999852,55.15564185,56.96192906666667,50
8.678301500000089,51.61478583,63.62706981019607,50
8.71025709999958,51.342412290000006,64.1397729443137,50
8.742267999999967,51.07003875,64.65247607843136,50
8.774326299999302,50.66147844,65.42153077960783,50
8.806292600000234,50.252918130000005,66.1905854807843,50
8.83812349999971,49.98054459,66.70328861490196,50
8.870200699999259,49.57198428,67.47234331607842,50
8.902324900000167,49.0272372,68.49774958431371,50
8.9342388999994,48.61867689,69.2668042854902,50
8.966436499998963,48.210116580000005,70.03585898666665,50
9.014179699999659,47.801556270000006,70.80491368784313,50
9.046280099999422,47.256809190000006,71.83031995607841,50
9.07817729999988,46.84824888,72.5993746572549,50
9.110208299998703,46.43968857,73.36842935843137,50
9.142343999999866,46.03112826,74.13748405960784,50
9.174328399998558,45.622567950000004,74.90653876078431,50
9.206255499999315,45.077820870000004,75.93194502901962,50
9.238190999998551,44.669260560000005,76.70099973019606,50
9.270203799998853,44.26070025,77.47005443137255,50
9.302220499999748,43.85213994,78.23910913254902,50
9.334253199998784,43.44357963,79.00816383372549,50
9.366193500000008,43.03501932,79.77721853490196,50
9.414282300000195,42.76264578,80.28992166901962,50
9.446186699999089,42.35408547,81.05897637019608,50
9.478154700000232,42.081711930000004,81.5716795043137,50
9.510273199999574,41.673151620000006,82.34073420549018,50
9.54236949999904,41.40077808,82.85343733960784,50
9.574305099999037,41.128404540000005,83.36614047372548,50
9.606343100000231,40.71984423,84.13519517490197,50
9.638321200000064,40.44747069,84.64789830901961,50
9.670244599999933,40.17509715,85.16060144313727,50
9.702304999998887,39.90272361,85.67330457725491,50
9.734269399999903,39.63035007,86.18600771137255,50
9.766238799998973,39.22178976,86.95506241254901,50
9.814299899999241,38.94941622,87.46776554666666,50
9.846238199999789,42.89883255,80.03357010196078,50
9.878445099999226,42.76264578,80.28992166901962,50
9.910432599999695,42.626459010000005,80.54627323607842,50
9.942209299999377,42.49027224,80.80262480313726,50
9.974277199999051,42.35408547,81.05897637019608,50
10.006284600000072,42.2178987,81.3153279372549,50
10.038272699999652,42.081711930000004,81.5716795043137,50
10.070288499999151,41.94552516,81.82803107137254,50
10.102315299998736,41.80933839,82.08438263843136,50
10.134193299998515,41.80933839,82.08438263843136,50
10.166180299998814,41.673151620000006,82.34073420549018,50
10.21422689999963,41.536964850000004,82.59708577254901,50
10.246356799998466,41.40077808,82.85343733960784,50
10.278519599998617,41.40077808,82.85343733960784,50
10.310399299998608,41.26459131,83.10978890666667,50
10.342165699999896,41.128404540000005,83.36614047372548,50
10.37415989999863,40.99221777,83.62249204078431,50
10.406326199999967,41.536964850000004,82.59708577254901,50
10.438186199999109,41.536964850000004,82.59708577254901,50
10.470241600000008,41.40077808,82.85343733960784,50
10.50213089999852,41.40077808,82.85343733960784,50
10.534242199999426,41.40077808,82.85343733960784,50
10.56619739999951,41.40077808,82.85343733960784,50
10.614353799999662,41.26459131,83.10978890666667,50
10.64640209999925,41.26459131,83.10978890666667,50
10.678219100000206,41.26459131,83.10978890666667,50
10.710246299999199,41.26459131,83.10978890666667,50
10.742255399998612,41.26459131,83.10978890666667,50
10.774140800000168,41.26459131,83.10978890666667,50
10.806219099998998,41.26459131,83.10978890666667,50
10.838278499999433,41.26459131,83.10978890666667,50
10.870247099999688,41.26459131,83.10978890666667,50
10.902240299999903,41.40077808,82.85343733960784,50
10.934108399998877,41.40077808,82.85343733960784,50
10.966178099999524,41.536964850000004,82.59708577254901,50
11.014306999999462,41.673151620000006,82.34073420549018,50
11.046241500000178,41.80933839,82.08438263843136,50
11.078300600000148,41.94552516,81.82803107137254,50
11.110224399999424,42.081711930000004,81.5716795043137,50
11.142273599998589,42.2178987,81.3153279372549,50
11.174250199999733,42.35408547,81.05897637019608,50
11.206296399999701,42.49027224,80.80262480313726,50
11.23826519999966,42.626459010000005,80.54627323607842,50
11.270243199998731,42.626459010000005,80.54627323607842,50
11.302248599999075,42.76264578,80.28992166901962,50
11.334210499999244,42.89883255,80.03357010196078,50
11.366437399999995,43.03501932,79.77721853490196,50
11.414221699998961,42.626459010000005,80.54627323607842,50
11.446289999999863,42.76264578,80.28992166901962,50
11.478211099998589,42.89883255,80.03357010196078,50
11.510228999999526,43.03501932,79.77721853490196,50
11.542313699999795,43.171206090000005,79.52086696784313,50
11.574207399999068,43.44357963,79.00816383372549,50
11.606326699999045,43.579766400000004,78.75181226666666,50
11.638369399999647,43.715953170000006,78.49546069960783,50
11.670367999999144,43.98832671,77.98275756549019,50
11.702449200000046,44.124513480000005,77.72640599843136,50
11.734521599999425,44.39688702,77.21370286431372,50
11.76616389999981,44.53307379,76.95735129725489,50
11.814255199999025,44.669260560000005,76.70099973019606,50
11.846248799998648,44.9416341,76.18829659607843,50
11.878182200000083,45.077820870000004,75.93194502901962,50
11.910201499998948,45.214007640000005,75.67559346196077,50
11.942173299999922,45.35019441,75.41924189490197,50
11.974164699999164,45.35019441,75.41924189490197,50
12.00614129999849,41.673151620000006,82.34073420549018,50
12.03822339999897,41.80933839,82.08438263843136,50
12.070111399998495,42.081711930000004,81.5716795043137,50
12.102334699999119,42.2178987,81.3153279372549,50
12.13437309999972,42.35408547,81.05897637019608,50
12.1662553999995,42.626459010000005,80.54627323607842,50
12.214202600000135,42.76264578,80.28992166901962,50
12.246367799998552,42.89883255,80.03357010196078,50
12.27821589999985,43.171206090000005,79.52086696784313,50
12.310493099999803,43.30739286,79.2645154007843,50
12.34222729999965,43.579766400000004,78.75181226666666,50
12.37426349999987,43.715953170000006,78.49546069960783,50
12.406306999999288,43.85213994,78.23910913254902,50
12.43803669999943,43.98832671,77.98275756549019,50
12.470357099999092,44.124513480000005,77.72640599843136,50
12.502357599998504,44.26070025,77.47005443137255,50
12.534236100000271,44.39688702,77.21370286431372,50
12.566249899999093,44.39688702,77.21370286431372,50
12.614264299998467,44.53307379,76.95735129725489,50
12.646217399998932,44.669260560000005,76.70099973019606,50
12.678238899999997,44.80544733,76.44464816313726,50
12.71022660000017,44.9416341,76.18829659607843,50
12.742216200000257,45.077820870000004,75.93194502901962,50
12.77434379999977,45.077820870000004,75.93194502901962,50
12.80635809999876,45.214007640000005,75.67559346196077,50
12.838411099999576,45.214007640000005,75.67559346196077,50
12.8702134999985,45.35019441,75.41924189490197,50
12.90211139999883,45.35019441,75.41924189490197,50
12.934227599998849,45.48638118,75.16289032784313,50
12.966208199999528,45.48638118,75.16289032784313,50
13.01426629999878,45.48638118,75.16289032784313,50
13.046273899999505,45.48638118,75.16289032784313,50
13.078198199998951,45.622567950000004,74.90653876078431,50
13.11022309999862,45.622567950000004,74.90653876078431,50
13.142182999999932,45.622567950000004,74.90653876078431,50
13.174189299999853,45.622567950000004,74.90653876078431,50
13.206424399999378,49.57198428,67.47234331607842,50
13.238368000000264,49.57198428,67.47234331607842,50
13.270274599999539,49.57198428,67.47234331607842,50
13.302236300000004,49.43579751,67.72869488313725,50
13.334318600000188,49.43579751,67.72869488313725,50
13.3663179999985,49.43579751,67.72869488313725,50
13.414223699999638,49.299610740000006,67.98504645019607,50
13.446308900000076,49.299610740000006,67.98504645019607,50
13.478121099999044,49.299610740000006,67.98504645019607,50
13.51021739999851,49.163423970000004,68.2413980172549,50
13.54218690000016,49.163423970000004,68.2413980172549,50
13.574328499998956,49.163423970000004,68.2413980172549,50
13.606362099999387,49.0272372,68.49774958431371,50
13.638237399998616,48.89105043,68.75410115137255,50
13.67021769999883,48.754863660000005,69.01045271843135,50
13.702205599998706,48.754863660000005,69.01045271843135,50
13.734233799999856,48.61867689,69.2668042854902,50
13.766286399999444,48.48249012,69.52315585254901,50
13.81423469999936,48.34630335,69.77950741960784,50
13.846114399999351,48.34630335,69.77950741960784,50
13.878215699998691,48.210116580000005,70.03585898666665,50
13.910207299999456,48.07392981,70.29221055372548,50
13.942376799999693,47.93774304,70.54856212078433,50
13.974389699998937,47.93774304,70.54856212078433,50
14.006300600000031,47.801556270000006,70.80491368784313,50
14.038214999998672,47.665369500000004,71.06126525490197,50
14.070236399998976,47.52918273,71.31761682196078,50
14.102334999999584,47.39299596,71.57396838901961,50
14.134272199999032,47.39299596,71.57396838901961,50
14.166184099998645,47.256809190000006,71.83031995607841,50
14.214178000000175,47.120622420000004,72.08667152313724,50
14.24615409999933,47.120622420000004,72.08667152313724,50
14.27819289999934,46.98443565,72.34302309019607,50
14.310512199999721,46.84824888,72.5993746572549,50
14.342450000000099,46.712062110000005,72.85572622431371,50
14.374278100000083,46.712062110000005,72.85572622431371,50
14.40625799999907,46.57587534,73.11207779137254,50
14.438198899999406,46.43968857,73.36842935843137,50
14.470251400000052,46.43968857,73.36842935843137,50
14.502276899998833,46.43968857,73.36842935843137,50
14.534246199998961,46.3035018,73.6247809254902,50
14.566281999999774,46.3035018,73.6247809254902,50
14.614350099998774,46.167315030000005,73.881132492549,50
14.646255999999994,46.03112826,74.13748405960784,50
14.678550799999357,46.03112826,74.13748405960784,50
14.710402799999429,45.89494149,74.39383562666666,50
14.74223129999882,45.758754720000006,74.65018719372549,50
14.77423649999946,45.758754720000006,74.65018719372549,50
14.806210599999758,45.622567950000004,74.90653876078431,50
14.838188499999887,45.48638118,75.16289032784313,50
14.87027019999914,45.48638118,75.16289032784313,50
14.902150099998835,45.35019441,75.41924189490197,50
14.93425759999991,45.214007640000005,75.67559346196077,50
14.966262699999788,45.077820870000004,75.93194502901962,50
15.014162599998599,45.077820870000004,75.93194502901962,50
15.046172799999113,41.128404540000005,83.36614047372548,50
15.07835569999952,40.99221777,83.62249204078431,50
15.110239300000103,40.856031,83.87884360784314,50
15.142174699998577,40.856031,83.87884360784314,50
15.174211300000024,40.71984423,84.13519517490197,50
15.20626540000012,40.71984423,84.13519517490197,50
15.238285299999916,40.583657460000005,84.39154674196078,50
15.270202499999868,40.583657460000005,84.39154674196078,50
15.302232599999115,40.44747069,84.64789830901961,50
15.334335699999428,40.44747069,84.64789830901961,50
15.366199099998994,40.31128392,84.90424987607842,50
15.414398099999744,40.31128392,84.90424987607842,50
15.446340200000122,40.17509715,85.16060144313727,50
15.478143099999215,40.17509715,85.16060144313727,50
15.510193699999945,40.038910380000004,85.41695301019607,50
15.542196499998681,40.038910380000004,85.41695301019607,50
15.574187499998516,40.038910380000004,85.41695301019607,50
15.606282599999759,40.038910380000004,85.41695301019607,50
15.638290400000187,40.038910380000004,85.41695301019607,50
15.670297999999093,40.038910380000004,85.41695301019607,50
15.702176599999802,40.038910380000004,85.41695301019607,50
15.73422709999977,40.038910380000004,85.41695301019607,50
15.766303899999912,40.038910380000004,85.41695301019607,50
15.814357199998994,40.17509715,85.16060144313727,50
15.846299999999246,40.17509715,85.16060144313727,50
15.878347299998495,40.17509715,85.16060144313727,50
15.910308499998791,40.17509715,85.16060144313727,50
15.942137500000172,40.17509715,85.16060144313727,50
15.97420929999862,40.17509715,85.16060144313727,50
16.00624819999939,40.31128392,84.90424987607842,50
16.038158699999258,40.44747069,84.64789830901961,50
16.070282900000166,40.44747069,84.64789830901961,50
16.102253899998686,44.80544733,76.44464816313726,50
16.13445049999973,44.9416341,76.18829659607843,50
16.166553299999578,45.077820870000004,75.93194502901962,50
16.214232599999377,45.214007640000005,75.67559346196077,50
16.24627909999981,45.35019441,75.41924189490197,50
16.278237499998795,45.48638118,75.16289032784313,50
16.310212899999897,45.48638118,75.16289032784313,50
16.342264899998554,45.622567950000004,74.90653876078431,50
16.37417429999914,45.758754720000006,74.65018719372549,50
16.40631570000005,45.758754720000006,74.65018719372549,50
16.438186699999278,45.89494149,74.39383562666666,50
16.470184300000255,45.89494149,74.39383562666666,50
16.502153699999326,45.89494149,74.39383562666666,50
16.534283799999685,45.89494149,74.39383562666666,50
16.566301799999565,46.03112826,74.13748405960784,50
16.61423719999948,46.03112826,74.13748405960784,50
16.646313699999155,46.03112826,74.13748405960784,50
16.678235599998516,46.167315030000005,73.881132492549,50
16.710211800000252,46.167315030000005,73.881132492549,50
16.742314699999042,46.167315030000005,73.881132492549,50
16.77413869999873,46.3035018,73.6247809254902,50
16.80620060000001,46.3035018,73.6247809254902,50
16.838191699998788,47.120622420000004,72.08667152313724,50
16.870119699999123,47.120622420000004,72.08667152313724,50
16.90225559999999,47.120622420000004,72.08667152313724,50
16.9343872999998,47.256809190000006,71.83031995607841,50
16.966235899999447,46.57587534,73.11207779137254,50
17.014266700000007,47.256809190000006,71.83031995607841,50
17.04629279999972,46.57587534,73.11207779137254,50
17.078160399998524,46.712062110000005,72.85572622431371,50
17.11024389999875,46.712062110000005,72.85572622431371,50
17.142285599999013,46.84824888,72.5993746572549,50
17.174245299998802,46.84824888,72.5993746572549,50
17.206251800000246,46.84824888,72.5993746572549,50
17.23830839999937,46.98443565,72.34302309019607,50
17.270678299999418,46.98443565,72.34302309019607,50
17.30234819999896,47.120622420000004,72.08667152313724,50
17.334193599999708,47.120622420000004,72.08667152313724,50
17.366282599999977,47.256809190000006,71.83031995607841,50
17.414259999999558,47.256809190000006,71.83031995607841,50
17.446231199999602,47.256809190000006,71.83031995607841,50
17.47823139999855,47.39299596,71.57396838901961,50
17.510198299998592,47.39299596,71.57396838901961,50
17.54222320000008,47.39299596,71.57396838901961,50
17.574307799999588,47.39299596,71.57396838901961,50
17.606275999998616,47.52918273,71.31761682196078,50
17.63848340000004,47.52918273,71.31761682196078,50
17.670381899999484,47.52918273,71.31761682196078,50
17.70218649999879,47.52918273,71.31761682196078,50
17.734307299999273,47.52918273,71.31761682196078,50
17.766189699999813,47.39299596,71.57396838901961,50
17.814283099998647,47.39299596,71.57396838901961,50
17.84628689999954,47.39299596,71.57396838901961,50
17.878416199999265,47.39299596,71.57396838901961,50
17.910169799999494,47.39299596,71.57396838901961,50
17.942215600000054,47.39299596,71.57396838901961,50
17.974195099999633,43.579766400000004,78.75181226666666,50
18.006358900000123,43.579766400000004,78.75181226666666,50
18.03816459999871,43.579766400000004,78.75181226666666,50
18.070276799999192,43.579766400000004,78.75181226666666,50
18.10220560000016,43.579766400000004,78.75181226666666,50
18.134195999999065,43.579766400000004,78.75181226666666,50
18.166221399998904,43.579766400000004,78.75181226666666,50
18.21425829999862,43.579766400000004,78.75181226666666,50
18.24620159999904,43.44357963,79.00816383372549,50
18.278220399999555,43.44357963,79.00816383372549,50
18.310171499999342,43.44357963,79.00816383372549,50
18.342103699998916,43.44357963,79.00816383372549,50
18.37436009999874,43.30739286,79.2645154007843,50
18.406323499999417,43.30739286,79.2645154007843,50
18.438237799999115,43.171206090000005,79.52086696784313,50
18.470149099999617,43.171206090000005,79.52086696784313,50
18.50219990000005,43.03501932,79.77721853490196,50
18.53421199999866,43.03501932,79.77721853490196,50
18.56634539999868,43.03501932,79.77721853490196,50
18.614280799998596,43.03501932,79.77721853490196,50
18.646244399998977,42.89883255,80.03357010196078,50
18.67826950000017,42.89883255,80.03357010196078,50
18.710171799999443,42.89883255,80.03357010196078,50
18.742405799999688,42.89883255,80.03357010196078,50
18.774242199999208,42.89883255,80.03357010196078,50
18.80624799999896,42.89883255,80.03357010196078,50
18.83822969999892,42.89883255,80.03357010196078,50
18.87025209999956,42.89883255,80.03357010196078,50
18.902176300000065,42.89883255,80.03357010196078,50
18.934277499998643,42.89883255,80.03357010196078,50
18.966210099999444,42.89883255,80.03357010196078,50
19.014205199999196,42.89883255,80.03357010196078,50
19.046229399998992,42.89883255,80.03357010196078,50
19.078154999999242,42.89883255,80.03357010196078,50
19.110365799999272,42.89883255,80.03357010196078,50
19.14239660000021,46.712062110000005,72.85572622431371,50
19.174169500000062,46.712062110000005,72.85572622431371,50
19.20626319999974,46.712062110000005,72.85572622431371,50
19.23831710000013,46.712062110000005,72.85572622431371,50
19.270260499999495,46.712062110000005,72.85572622431371,50
19.30229319999853,46.57587534,73.11207779137254,50
19.33426580000014,46.57587534,73.11207779137254,50
19.366145699999834,46.57587534,73.11207779137254,50
19.414303800000198,46.57587534,73.11207779137254,50
19.446192999999766,46.57587534,73.11207779137254,50
19.47825879999982,46.57587534,73.11207779137254,50
19.51017639999918,46.57587534,73.11207779137254,50
19.542185099999188,46.57587534,73.11207779137254,50
19.574212599998646,46.57587534,73.11207779137254,50
19.606239699998696,46.57587534,73.11207779137254,50
19.63822479999908,46.57587534,73.11207779137254,50
19.67016119999971,46.57587534,73.11207779137254,50
19.702236999999514,46.57587534,73.11207779137254,50
19.734080899999753,46.57587534,73.11207779137254,50
19.7662081999988,46.57587534,73.11207779137254,50
19.814178999999058,46.57587534,73.11207779137254,50
19.84631199999967,46.57587534,73.11207779137254,50
19.87826099999984,47.256809190000006,71.83031995607841,50
19.910155300000042,47.256809190000006,71.83031995607841,50
19.94221329999891,47.256809190000006,71.83031995607841,50
19.974196099999972,47.120622420000004,72.08667152313724,50
20.006345599998895,47.120622420000004,72.08667152313724,50
20.03823629999897,47.120622420000004,72.08667152313724,50
20.070189799998843,47.120622420000004,72.08667152313724,50
20.10226270000021,46.98443565,72.34302309019607,50
20.134187899999233,46.3035018,73.6247809254902,50
20.16620779999903,46.3035018,73.6247809254902,50
20.214435799998682,46.3035018,73.6247809254902,50
20.246408099999826,46.3035018,73.6247809254902,50
20.278191100000186,46.3035018,73.6247809254902,50
20.310249099999055,46.3035018,73.6247809254902,50
20.34223159999965,46.167315030000005,73.881132492549,50
20.374224799999865,46.167315030000005,73.881132492549,50
20.406257099999493,46.167315030000005,73.881132492549,50
20.43827379999857,46.167315030000005,73.881132492549,50
20.470266099999208,46.167315030000005,73.881132492549,50
20.502315499999895,46.167315030000005,73.881132492549,50
20.534240599999976,46.03112826,74.13748405960784,50
20.566399699999238,46.03112826,74.13748405960784,50
20.61434339999869,46.03112826,74.13748405960784,50
20.64621139999872,46.03112826,74.13748405960784,50
20.678315699999075,46.03112826,74.13748405960784,50
20.710352399999465,46.03112826,74.13748405960784,50
20.742304699999295,45.89494149,74.39383562666666,50
20.77430899999854,45.89494149,74.39383562666666,50
20.8061603999995,45.89494149,74.39383562666666,50
20.83814269999857,45.89494149,74.39383562666666,50
20.870192299998962,45.89494149,74.39383562666666,50
20.902229699999225,45.758754720000006,74.65018719372549,50
20.93430879999869,45.622567950000004,74.90653876078431,50
20.966236899999785,45.622567950000004,74.90653876078431,50
21.014238799998566,45.622567950000004,74.90653876078431,50
21.04619499999899,41.673151620000006,82.34073420549018,50
21.078175900000133,41.673151620000006,82.34073420549018,50
21.110200399998575,41.536964850000004,82.59708577254901,50
21.14217549999921,41.536964850000004,82.59708577254901,50
21.1742035999996,41.536964850000004,82.59708577254901,50
21.206242099999145,41.40077808,82.85343733960784,50
21.238262899998517,41.40077808,82.85343733960784,50
21.270224099998813,41.26459131,83.10978890666667,50
21.3021420999994,41.128404540000005,83.36614047372548,50
21.334342500000275,41.128404540000005,83.36614047372548,50
21.366150099998777,40.99221777,83.62249204078431,50
21.41450160000022,40.99221777,83.62249204078431,50
21.446152799999254,40.856031,83.87884360784314,50
21.478170200000022,40.856031,83.87884360784314,50
21.51016449999952,40.856031,83.87884360784314,50
21.542233199999828,40.71984423,84.13519517490197,50
21.574191199999404,40.71984423,84.13519517490197,50
21.606218699998863,40.71984423,84.13519517490197,50
21.638198799999373,40.71984423,84.13519517490197,50
21.67027319999943,40.71984423,84.13519517490197,50
21.702446999999665,40.71984423,84.13519517490197,50
21.73426069999914,40.71984423,84.13519517490197,50
21.76621729999897,40.71984423,84.13519517490197,50
21.814254199998686,40.71984423,84.13519517490197,50
21.846161999999822,40.71984423,84.13519517490197,50
21.878275099999883,40.71984423,84.13519517490197,50
21.910216399999626,40.71984423,84.13519517490197,50
21.942243299999973,40.71984423,84.13519517490197,50
21.974229299999934,40.856031,83.87884360784314,50
22.006247199999052,40.856031,83.87884360784314,50
22.038352499999746,40.856031,83.87884360784314,50
22.07041389999904,41.128404540000005,83.36614047372548,50
22.10219369999868,41.26459131,83.10978890666667,50
22.134227399999872,45.077820870000004,75.93194502901962,50
22.166256699998485,45.077820870000004,75.93194502901962,50
22.21424069999921,45.214007640000005,75.67559346196077,50
22.24624479999875,45.214007640000005,75.67559346196077,50
22.27822240000023,45.214007640000005,75.67559346196077,50
22.31018380000023,45.214007640000005,75.67559346196077,50
22.34218679999867,45.214007640000005,75.67559346196077,50
22.374136700000236,45.214007640000005,75.67559346196077,50
22.406208999998853,45.35019441,75.41924189490197,50
22.438324199998533,45.35019441,75.41924189490197,50
22.470132999998896,45.35019441,75.41924189490197,50
22.50217369999882,45.35019441,75.41924189490197,50
22.534187299999758,45.48638118,75.16289032784313,50
22.566197099999044,45.48638118,75.16289032784313,50
22.614127899998493,45.622567950000004,74.90653876078431,50
22.646276199999193,45.622567950000004,74.90653876078431,50
22.678263499999957,45.758754720000006,74.65018719372549,50
22.710261099999116,45.89494149,74.39383562666666,50
22.74220079999941,45.89494149,74.39383562666666,50
22.774204699999245,46.03112826,74.13748405960784,50
22.806293699999515,46.03112826,74.13748405960784,50
22.83818489999976,46.03112826,74.13748405960784,50
22.870264600000155,46.03112826,74.13748405960784,50
22.90219479999905,46.84824888,72.5993746572549,50
22.934148999998797,46.84824888,72.5993746572549,50
22.96626159999869,46.84824888,72.5993746572549,50
23.014163299998472,46.98443565,72.34302309019607,50
23.046257199999673,46.98443565,72.34302309019607,50
23.078225799999927,46.98443565,72.34302309019607,50
23.110200399998575,46.98443565,72.34302309019607,50
23.142368400000123,46.43968857,73.36842935843137,50
23.174384500000087,46.43968857,73.36842935843137,50
23.20627760000025,46.43968857,73.36842935843137,50
23.238210499999695,46.43968857,73.36842935843137,50
23.270342699999674,46.57587534,73.11207779137254,50
23.302313899999717,46.57587534,73.11207779137254,50
23.33425829999942,46.57587534,73.11207779137254,50
23.366224899998997,46.57587534,73.11207779137254,50
23.414273299998968,46.712062110000005,72.85572622431371,50
23.44612649999908,46.712062110000005,72.85572622431371,50
23.478190699999686,46.84824888,72.5993746572549,50
23.510161700000026,46.84824888,72.5993746572549,50
23.542521100000158,46.84824888,72.5993746572549,50
23.574245199999496,46.98443565,72.34302309019607,50
23.606223099999625,46.98443565,72.34302309019607,50
23.638238499999716,46.98443565,72.34302309019607,50
23.67018519999874,46.98443565,72.34302309019607,50
23.702207799999087,46.98443565,72.34302309019607,50
23.73426769999969,46.84824888,72.5993746572549,50
23.766250699998636,46.84824888,72.5993746572549,50
23.81411130000015,46.84824888,72.5993746572549,50
23.846256699998776,46.712062110000005,72.85572622431371,50
23.878222999999707,46.712062110000005,72.85572622431371,50
23.91017439999996,46.712062110000005,72.85572622431371,50
23.942183699999077,46.57587534,73.11207779137254,50
23.974221399999806,46.57587534,73.11207779137254,50
24.006237800000235,46.43968857,73.36842935843137,50
24.038129699998535,46.3035018,73.6247809254902,50
24.070243699999992,46.3035018,73.6247809254902,50
24.102263299999322,46.167315030000005,73.881132492549,50
24.1342181,42.35408547,81.05897637019608,50
24.166196399999535,42.35408547,81.05897637019608,50
24.214199799998823,42.35408547,81.05897637019608,50
24.246084399999745,42.2178987,81.3153279372549,50
24.278215999998793,42.2178987,81.3153279372549,50
24.31025359999876,42.2178987,81.3153279372549,50
24.342211600000155,42.2178987,81.3153279372549,50
24.374256399998558,42.2178987,81.3153279372549,50
24.406273399999918,42.081711930000004,81.5716795043137,50
24.438240899999073,42.081711930000004,81.5716795043137,50
24.470240200000262,42.081711930000004,81.5716795043137,50
24.502124299999196,42.081711930000004,81.5716795043137,50
24.534104399999705,42.081711930000004,81.5716795043137,50
24.56621669999913,42.081711930000004,81.5716795043137,50
24.614219299999604,41.94552516,81.82803107137254,50
24.64637589999984,41.94552516,81.82803107137254,50
24.67829519999941,41.94552516,81.82803107137254,50
24.710167499999443,41.94552516,81.82803107137254,50
24.742264699998486,41.80933839,82.08438263843136,50
24.774185999998735,41.80933839,82.08438263843136,50
24.80627689999892,41.673151620000006,82.34073420549018,50
24.838198499999635,41.673151620000006,82.34073420549018,50
24.87025299999914,41.536964850000004,82.59708577254901,50
24.90218019999884,41.536964850000004,82.59708577254901,50
24.934239599999273,41.536964850000004,82.59708577254901,50
24.966174899998805,41.536964850000004,82.59708577254901,50
25.014389299998584,41.536964850000004,82.59708577254901,50
25.046400600000197,41.673151620000006,82.34073420549018,50
25.078110399999787,41.536964850000004,82.59708577254901,50
25.11019529999976,41.536964850000004,82.59708577254901,50
25.14220749999913,41.536964850000004,82.59708577254901,50
25.17418919999909,41.536964850000004,82.59708577254901,50
25.206267800000205,41.536964850000004,82.59708577254901,50
25.238183100000242,41.536964850000004,82.59708577254901,50
25.27015989999927,45.89494149,74.39383562666666,50
25.30226549999861,45.89494149,74.39383562666666,50
25.334287899999254,45.89494149,74.39383562666666,50
25.366318899999897,45.89494149,74.39383562666666,50
25.414252999999007,45.758754720000006,74.65018719372549,50
25.446121799999673,45.758754720000006,74.65018719372549,50
25.478201899999476,45.89494149,74.39383562666666,50
25.510184699998717,45.89494149,74.39383562666666,50
25.54216059999999,45.89494149,74.39383562666666,50
25.574177399999826,45.89494149,74.39383562666666,50
25.606141499998557,46.03112826,74.13748405960784,50
25.638249699999506,46.03112826,74.13748405960784,50
25.67024010000023,46.167315030000005,73.881132492549,50
25.70226079999884,46.167315030000005,73.881132492549,50
25.73430240000016,46.3035018,73.6247809254902,50
25.766194099998756,46.3035018,73.6247809254902,50
25.81418759999906,46.3035018,73.6247809254902,50
25.846175900000162,46.3035018,73.6247809254902,50
25.878174299999955,46.43968857,73.36842935843137,50
25.910191599999962,46.43968857,73.36842935843137,50
25.94221379999908,46.57587534,73.11207779137254,50
25.9742126000001,47.39299596,71.57396838901961,50
26.006156199999168,47.39299596,71.57396838901961,50
26.038168699999005,47.39299596,71.57396838901961,50
26.070212699998592,47.52918273,71.31761682196078,50
26.10232189999988,47.52918273,71.31761682196078,50
26.13443389999884,47.39299596,71.57396838901961,50
26.16621809999924,47.39299596,71.57396838901961,50
26.214250799999718,47.52918273,71.31761682196078,50
26.246231699999043,46.84824888,72.5993746572549,50
26.278262099998756,46.84824888,72.5993746572549,50
26.3102472999999,46.84824888,72.5993746572549,50
26.342243499999313,46.84824888,72.5993746572549,50
26.374217799999315,46.84824888,72.5993746572549,50
26.406239099998857,46.84824888,72.5993746572549,50
26.438127399998848,46.84824888,72.5993746572549,50
26.470265899999504,46.98443565,72.34302309019607,50
26.502459100000124,46.98443565,72.34302309019607,50
26.53417300000001,46.84824888,72.5993746572549,50
26.56627479999952,46.98443565,72.34302309019607,50
26.61426599999868,46.98443565,72.34302309019607,50
26.646159299998544,46.98443565,72.34302309019607,50
26.67822519999936,46.98443565,72.34302309019607,50
26.71017049999864,46.98443565,72.34302309019607,50
26.74229479999849,46.98443565,72.34302309019607,50
26.774221599998782,46.98443565,72.34302309019607,50
26.806204399999842,46.98443565,72.34302309019607,50
26.83830820000003,46.98443565,72.34302309019607,50
26.870141199999125,46.98443565,72.34302309019607,50
26.902123799998662,46.98443565,72.34302309019607,50
26.934245999998893,46.98443565,72.34302309019607,50
26.96612920000007,46.98443565,72.34302309019607,50
27.01424810000026,46.98443565,72.34302309019607,50
27.04613629999949,46.98443565,72.34302309019607,50
27.078206000000137,46.98443565,72.34302309019607,50
27.11022309999862,46.84824888,72.5993746572549,50
27.1421993999993,46.84824888,72.5993746572549,50
27.1742248999999,43.03501932,79.77721853490196,50
27.206160499999896,42.89883255,80.03357010196078,50
27.238242599998557,42.89883255,80.03357010196078,50
27.270234300000084,42.89883255,80.03357010196078,50
27.302216000000044,42.76264578,80.28992166901962,50
27.3341920999992,42.626459010000005,80.54627323607842,50
27.366318099999262,42.626459010000005,80.54627323607842,50
27.414206800000102,42.49027224,80.80262480313726,50
27.446261199998844,42.49027224,80.80262480313726,50
27.478278699998555,42.49027224,80.80262480313726,50
27.510165399999096,42.49027224,80.80262480313726,50
27.54220449999957,42.49027224,80.80262480313726,50
27.574224799998774,42.49027224,80.80262480313726,50
27.606259499998487,42.49027224,80.80262480313726,50
27.638191399999414,42.35408547,81.05897637019608,50
27.670322599999054,42.35408547,81.05897637019608,50
27.70228489999863,42.35408547,81.05897637019608,50
27.734248299999308,42.35408547,81.05897637019608,50
27.766117600000143,42.35408547,81.05897637019608,50
27.814168099999733,42.35408547,81.05897637019608,50
27.846722899999804,42.35408547,81.05897637019608,50
27.87822199999937,42.35408547,81.05897637019608,50
27.910263399999167,42.35408547,81.05897637019608,50
27.942287699999724,42.35408547,81.05897637019608,50
27.974267399999007,42.35408547,81.05897637019608,50
28.00623970000015,42.35408547,81.05897637019608,50
28.03822119999859,42.35408547,81.05897637019608,50
28.070260299999063,42.35408547,81.05897637019608,50
28.10222579999936,42.35408547,81.05897637019608,50
28.13427059999958,42.35408547,81.05897637019608,50
28.166273899998487,42.49027224,80.80262480313726,50
28.214220899999418,42.49027224,80.80262480313726,50
28.246269100000063,42.626459010000005,80.54627323607842,50
28.278269700000237,42.76264578,80.28992166901962,50
28.31017040000006,46.57587534,73.11207779137254,50
28.34236349999992,46.712062110000005,72.85572622431371,50
28.37420579999889,46.84824888,72.5993746572549,50
28.40628569999899,46.84824888,72.5993746572549,50
28.43831979999959,46.98443565,72.34302309019607,50
28.47036939999998,46.98443565,72.34302309019607,50
28.502231200000097,47.120622420000004,72.08667152313724,50
28.534225599998535,47.120622420000004,72.08667152313724,50
28.566262799999095,47.120622420000004,72.08667152313724,50
28.614241899998888,47.120622420000004,72.08667152313724,50
28.646282599998813,47.120622420000004,72.08667152313724,50
28.67828869999903,47.256809190000006,71.83031995607841,50
28.710386599999765,47.256809190000006,71.83031995607841,50
28.742226799999116,47.256809190000006,71.83031995607841,50
28.774193999999625,47.256809190000006,71.83031995607841,50
28.806171899999754,47.256809190000006,71.83031995607841,50
28.838115599999583,47.256809190000006,71.83031995607841,50
28.870221399998627,47.39299596,71.57396838901961,50
28.902264399999694,47.39299596,71.57396838901961,50
28.934167499999603,47.39299596,71.57396838901961,50
28.966222600000037,47.39299596,71.57396838901961,50
29.014246199998524,47.39299596,71.57396838901961,50
29.046161099999154,47.52918273,71.31761682196078,50
29.0784666999989,47.52918273,71.31761682196078,50
29.11013769999954,47.52918273,71.31761682196078,50
29.142178500000227,48.34630335,69.77950741960784,50
29.17422339999939,48.34630335,69.77950741960784,50
29.20616650000011,48.34630335,69.77950741960784,50
29.238162300000113,47.665369500000004,71.06126525490197,50
29.270210399999996,47.801556270000006,70.80491368784313,50
29.302204899999197,47.801556270000006,70.80491368784313,50
29.334178899998733,47.801556270000006,70.80491368784313,50
29.366250999999465,47.801556270000006,70.80491368784313,50
29.414114600000175,47.93774304,70.54856212078433,50
29.446375499999704,47.93774304,70.54856212078433,50
29.478331700000126,47.93774304,70.54856212078433,50
29.510104899998623,47.93774304,70.54856212078433,50
29.54223869999987,47.801556270000006,70.80491368784313,50
29.574309800000265,47.801556270000006,70.80491368784313,50
29.60623879999912,47.801556270000006,70.80491368784313,50
29.638153099998817,47.801556270000006,70.80491368784313,50
29.670205799999167,47.801556270000006,70.80491368784313,50
29.702201799998875,47.801556270000006,70.80491368784313,50
29.734280799999397,47.801556270000006,70.80491368784313,50
29.766226099998676,47.801556270000006,70.80491368784313,50
29.81422930000008,47.801556270000006,70.80491368784313,50
29.84613360000003,47.665369500000004,71.06126525490197,50
29.878203700000086,47.665369500000004,71.06126525490197,50
29.910208399998737,47.52918273,71.31761682196078,50
29.94214920000013,47.52918273,71.31761682196078,50
29.97419599999921,47.39299596,71.57396838901961,50
30.006193799999892,47.39299596,71.57396838901961,50
30.038181099998837,47.256809190000006,71.83031995607841,50
30.070249799999146,47.120622420000004,72.08667152313724,50
30.10219909999978,47.120622420000004,72.08667152313724,50
30.134176699999443,46.98443565,72.34302309019607,50
30.166299099999378,46.84824888,72.5993746572549,50
30.214193399999203,46.84824888,72.5993746572549,50
30.246138200000132,46.712062110000005,72.85572622431371,50
30.278244099999938,42.76264578,80.28992166901962,50
30.3101990999985,42.76264578,80.28992166901962,50
30.342264599999908,42.76264578,80.28992166901962,50
30.374151599999095,42.626459010000005,80.54627323607842,50
30.406226600000082,42.49027224,80.80262480313726,50
30.438159999999698,42.49027224,80.80262480313726,50
30.470193399998607,42.35408547,81.05897637019608,50
30.502174100000047,42.2178987,81.3153279372549,50
30.534316999999646,42.081711930000004,81.5716795043137,50
30.566477099999247,41.94552516,81.82803107137254,50
30.614139199999045,41.80933839,82.08438263843136,50
30.64623859999847,41.673151620000006,82.34073420549018,50
30.67818029999944,41.673151620000006,82.34073420549018,50
30.710213999998814,41.536964850000004,82.59708577254901,50
30.742296299998998,41.40077808,82.85343733960784,50
30.77417929999865,41.26459131,83.10978890666667,50
30.80629299999964,41.26459131,83.10978890666667,50
30.83824359999926,41.128404540000005,83.36614047372548,50
30.87014569999883,41.128404540000005,83.36614047372548,50
30.90236299999924,41.128404540000005,83.36614047372548,50
30.93446219999896,41.128404540000005,83.36614047372548,50
30.966183499998806,41.128404540000005,83.36614047372548,50
31.01421879999907,41.128404540000005,83.36614047372548,50
31.046169699999155,41.128404540000005,83.36614047372548,50
31.078211399999418,41.26459131,83.10978890666667,50
31.110190599998532,41.26459131,83.10978890666667,50
31.142267399998673,41.26459131,83.10978890666667,50
31.174105000000054,41.26459131,83.10978890666667,50
31.20623059999889,41.40077808,82.85343733960784,50
31.238196999998763,41.40077808,82.85343733960784,50
31.270322499998656,41.40077808,82.85343733960784,50
31.30223979999937,41.536964850000004,82.59708577254901,50
31.33425889999853,41.536964850000004,82.59708577254901,50
31.36623629999849,41.26459131,83.10978890666667,50
31.41428459999952,41.673151620000006,82.34073420549018,50
31.446360599999025,45.48638118,75.16289032784313,50
31.478098300000056,45.48638118,75.16289032784313,50
31.51014099999884,45.622567950000004,74.90653876078431,50
31.54225299999962,45.622567950000004,74.90653876078431,50
31.574094399999012,45.758754720000006,74.65018719372549,50
31.60613529999864,45.89494149,74.39383562666666,50
31.63826599999993,45.89494149,74.39383562666666,50
31.670140999998694,46.03112826,74.13748405960784,50
31.702128199998697,46.03112826,74.13748405960784,50
31.734194799999386,46.167315030000005,73.881132492549,50
31.766195199999856,46.167315030000005,73.881132492549,50
31.814136699998926,46.3035018,73.6247809254902,50
31.846148299999186,46.3035018,73.6247809254902,50
31.87819959999979,46.3035018,73.6247809254902,50
31.910161699999662,46.3035018,73.6247809254902,50
31.94218329999967,46.3035018,73.6247809254902,50
31.974249499999132,46.43968857,73.36842935843137,50
32.00626749999901,46.43968857,73.36842935843137,50
32.03835040000013,46.43968857,73.36842935843137,50
32.07034669999848,46.43968857,73.36842935843137,50
32.10219789999974,46.43968857,73.36842935843137,50
32.134224800000084,46.43968857,73.36842935843137,50
32.16609509999944,46.43968857,73.36842935843137,50
32.21418569999878,46.43968857,73.36842935843137,50
32.246194399998785,47.120622420000004,72.08667152313724,50
32.27816469999925,47.256809190000006,71.83031995607841,50
32.31022699999994,47.256809190000006,71.83031995607841,50
32.342170500000066,47.256809190000006,71.83031995607841,50
32.37454239999897,47.256809190000006,71.83031995607841,50
32.40641919999871,47.256809190000006,71.83031995607841,50
32.43816559999868,46.57587534,73.11207779137254,50
32.47017880000021,46.57587534,73.11207779137254,50
32.50225899999896,46.57587534,73.11207779137254,50
32.53417509999963,46.57587534,73.11207779137254,50
32.566240500000276,46.57587534,73.11207779137254,50
32.614278099999865,46.712062110000005,72.85572622431371,50
32.646192499998506,46.712062110000005,72.85572622431371,50
32.678272899998774,46.712062110000005,72.85572622431371,50
32.71015089999855,46.712062110000005,72.85572622431371,50
32.74225839999963,46.84824888,72.5993746572549,50
32.77429949999896,46.84824888,72.5993746572549,50
32.80622260000018,46.84824888,72.5993746572549,50
32.83820620000006,46.98443565,72.34302309019607,50
32.87018699999862,46.98443565,72.34302309019607,50
32.90207609999925,46.98443565,72.34302309019607,50
32.93423319999965,46.98443565,72.34302309019607,50
32.96622380000008,46.98443565,72.34302309019607,50
33.01420580000013,46.98443565,72.34302309019607,50
33.0461551999997,46.98443565,72.34302309019607,50
33.07819969999946,46.98443565,72.34302309019607,50
33.11011739999958,46.98443565,72.34302309019607,50
33.142288399998506,46.84824888,72.5993746572549,50
33.174227299999984,46.84824888,72.5993746572549,50
33.2062492999994,46.712062110000005,72.85572622431371,50
33.238210399998934,46.57587534,73.11207779137254,50
33.27008930000011,46.57587534,73.11207779137254,50
33.302181899998686,46.43968857,73.36842935843137,50
33.33411859999978,46.3035018,73.6247809254902,50
33.36612879999848,46.3035018,73.6247809254902,50
33.4142267999996,46.167315030000005,73.881132492549,50
33.446181699999215,42.2178987,81.3153279372549,50
33.47827999999936,42.2178987,81.3153279372549,50
33.51023019999957,42.2178987,81.3153279372549,50
33.542134299999816,42.081711930000004,81.5716795043137,50
33.57416869999906,42.081711930000004,81.5716795043137,50
33.60620769999878,42.081711930000004,81.5716795043137,50
33.638233699999546,41.94552516,81.82803107137254,50
33.6701678999998,41.94552516,81.82803107137254,50
33.70221479999964,41.94552516,81.82803107137254,50
33.73426549999931,41.94552516,81.82803107137254,50
33.76622039999893,41.94552516,81.82803107137254,50
33.814119499998924,42.081711930000004,81.5716795043137,50
33.84623929999907,42.081711930000004,81.5716795043137,50
33.87833259999934,42.081711930000004,81.5716795043137,50
33.91021929999988,42.081711930000004,81.5716795043137,50
33.942339499999434,42.081711930000004,81.5716795043137,50
33.97416720000001,42.081711930000004,81.5716795043137,50
34.006235599999854,42.2178987,81.3153279372549,50
34.038138799998706,42.2178987,81.3153279372549,50
34.070144999999684,42.2178987,81.3153279372549,50
34.102218599999105,42.2178987,81.3153279372549,50
34.13415819999864,42.2178987,81.3153279372549,50
34.16625930000009,42.2178987,81.3153279372549,50
34.198190899998735,42.35408547,81.05897637019608,50
34.246220099999846,42.35408547,81.05897637019608,50
34.27819999999883,42.35408547,81.05897637019608,50
34.310118199999124,42.35408547,81.05897637019608,50
34.34215810000023,42.35408547,81.05897637019608,50
34.374172499999986,42.35408547,81.05897637019608,50
34.40620099999978,42.35408547,81.05897637019608,50
34.43822889999865,42.35408547,81.05897637019608,50
34.47024919999967,42.35408547,81.05897637019608,50
34.50212499999907,42.49027224,80.80262480313726,50
34.53421349999917,46.3035018,73.6247809254902,50
34.566169799998534,46.3035018,73.6247809254902,50
34.59817599999951,46.3035018,73.6247809254902,50
34.64620439999999,46.43968857,73.36842935843137,50
34.67805479999879,46.43968857,73.36842935843137,50
34.71014229999855,46.57587534,73.11207779137254,50
34.742153499999404,46.57587534,73.11207779137254,50
34.77411939999911,46.712062110000005,72.85572622431371,50
34.80619680000018,46.712062110000005,72.85572622431371,50
34.83804059999966,46.712062110000005,72.85572622431371,50
34.87019279999913,46.712062110000005,72.85572622431371,50
34.90208139999959,46.84824888,72.5993746572549,50
34.93410539999968,46.84824888,72.5993746572549,50
34.96617619999961,46.84824888,72.5993746572549,50
34.9982502999992,46.84824888,72.5993746572549,50
35.04612889999953,46.84824888,72.5993746572549,50
35.07827499999985,46.84824888,72.5993746572549,50
35.1102764999996,46.712062110000005,72.85572622431371,50
35.142381300000125,46.712062110000005,72.85572622431371,50
35.174236899998505,46.712062110000005,72.85572622431371,50
35.20620129999952,46.712062110000005,72.85572622431371,50
35.23835650000001,46.712062110000005,72.85572622431371,50
35.270234899999195,46.57587534,73.11207779137254,50
35.30285819999881,47.39299596,71.57396838901961,50
35.33474159999969,47.39299596,71.57396838901961,50
35.36625139999887,47.39299596,71.57396838901961,50
35.39821269999993,47.39299596,71.57396838901961,50
35.44616659999883,47.39299596,71.57396838901961,50
35.47816509999939,47.39299596,71.57396838901961,50
35.51022419999936,46.712062110000005,72.85572622431371,50
35.542163599999185,46.712062110000005,72.85572622431371,50
35.57419459999983,46.712062110000005,72.85572622431371,50
35.60622390000026,46.712062110000005,72.85572622431371,50
35.63815429999886,46.712062110000005,72.85572622431371,50
35.670198799998616,46.712062110000005,72.85572622431371,50
35.702446399998735,46.712062110000005,72.85572622431371,50
35.73448159999862,46.712062110000005,72.85572622431371,50
35.76626969999961,46.712062110000005,72.85572622431371,50
35.79821429999902,46.57587534,73.11207779137254,50
35.846254999998564,46.57587534,73.11207779137254,50
35.878106000000116,46.57587534,73.11207779137254,50
35.910140999998475,46.57587534,73.11207779137254,50
35.942178299999796,46.43968857,73.36842935843137,50
35.974136999999246,46.43968857,73.36842935843137,50
36.006151300000056,46.43968857,73.36842935843137,50
36.038146799999595,46.43968857,73.36842935843137,50
36.070397100000264,46.43968857,73.36842935843137,50
36.10220829999889,46.43968857,73.36842935843137,50
36.1341541999991,46.43968857,73.36842935843137,50
36.16618240000025,46.43968857,73.36842935843137,50
36.19816069999979,46.43968857,73.36842935843137,50
36.24614339999971,46.43968857,73.36842935843137,50
36.2780731999992,46.43968857,73.36842935843137,50
36.310090999999375,46.43968857,73.36842935843137,50
36.34219569999914,46.43968857,73.36842935843137,50
36.37412819999918,46.43968857,73.36842935843137,50
36.406107699998756,46.3035018,73.6247809254902,50
36.43812919999982,46.3035018,73.6247809254902,50
36.47038409999914,42.49027224,80.80262480313726,50
36.5022057999995,42.49027224,80.80262480313726,50
36.534198299999844,42.49027224,80.80262480313726,50
36.56606659999852,42.49027224,80.80262480313726,50
36.598267999999734,42.49027224,80.80262480313726,50
36.64617299999918,42.35408547,81.05897637019608,50
36.67830859999958,42.35408547,81.05897637019608,50
36.71013759999914,42.35408547,81.05897637019608,50
36.74223609999899,42.35408547,81.05897637019608,50
36.774131000000125,42.35408547,81.05897637019608,50
36.80637139999999,42.2178987,81.3153279372549,50
36.83830789999956,42.2178987,81.3153279372549,50
36.870190899999216,42.081711930000004,81.5716795043137,50
36.902200299999095,42.081711930000004,81.5716795043137,50
36.934207700000115,42.081711930000004,81.5716795043137,50
36.966156799999226,42.081711930000004,81.5716795043137,50
36.99820959999852,41.94552516,81.82803107137254,50
37.04610529999991,41.94552516,81.82803107137254,50
37.07823929999904,41.94552516,81.82803107137254,50
37.11015789999874,41.94552516,81.82803107137254,50
37.142162299998745,41.94552516,81.82803107137254,50
37.17436970000017,41.80933839,82.08438263843136,50
37.20655439999973,41.80933839,82.08438263843136,50
37.23824719999902,41.80933839,82.08438263843136,50
37.27020989999983,41.80933839,82.08438263843136,50
37.30215639999915,41.80933839,82.08438263843136,50
37.33410089999961,41.80933839,82.08438263843136,50
37.36617019999903,41.80933839,82.08438263843136,50
37.39824090000002,41.80933839,82.08438263843136,50
37.44622109999909,41.80933839,82.08438263843136,50
37.478100899999845,41.94552516,81.82803107137254,50
37.510263599999234,41.94552516,81.82803107137254,50
37.54228580000017,41.94552516,81.82803107137254,50
37.57434149999972,42.081711930000004,81.5716795043137,50
37.60611699999936,42.081711930000004,81.5716795043137,50
37.63813119999941,45.89494149,74.39383562666666,50
37.670166699999754,46.03112826,74.13748405960784,50
37.70212360000005,46.03112826,74.13748405960784,50
37.734216599999854,46.03112826,74.13748405960784,50
37.76621129999876,46.03112826,74.13748405960784,50
37.79828339999949,46.167315030000005,73.881132492549,50
37.84616469999855,46.167315030000005,73.881132492549,50
37.878118799999356,46.167315030000005,73.881132492549,50
37.91031049999947,46.167315030000005,73.881132492549,50
37.942169699999795,46.3035018,73.6247809254902,50
37.97411180000017,46.3035018,73.6247809254902,50
38.00616529999934,46.3035018,73.6247809254902,50
38.03818339999998,46.3035018,73.6247809254902,50
38.07014519999939,46.3035018,73.6247809254902,50
38.10219979999965,46.3035018,73.6247809254902,50
38.13423079999848,46.3035018,73.6247809254902,50
38.16616419999991,46.3035018,73.6247809254902,50
38.19814299999962,46.3035018,73.6247809254902,50
38.24618989999908,46.3035018,73.6247809254902,50
38.278360799999064,46.3035018,73.6247809254902,50
38.31032349999987,46.167315030000005,73.881132492549,50
38.34221509999952,46.3035018,73.6247809254902,50
38.3742317999986,46.3035018,73.6247809254902,50
38.40624519999983,46.3035018,73.6247809254902,50
38.43830639999942,46.3035018,73.6247809254902,50
38.47033139999985,46.3035018,73.6247809254902,50
38.50209449999966,47.120622420000004,72.08667152313724,50
38.534072799999194,47.120622420000004,72.08667152313724,50
38.56616070000018,47.120622420000004,72.08667152313724,50
38.598508899998706,46.43968857,73.36842935843137,50
38.646243699999104,46.43968857,73.36842935843137,50
38.67840999999862,46.43968857,73.36842935843137,50
38.71018269999877,46.3035018,73.6247809254902,50
38.74217179999869,46.3035018,73.6247809254902,50
38.774154999999155,46.3035018,73.6247809254902,50
38.806254199998875,46.3035018,73.6247809254902,50
38.83802739999919,46.167315030000005,73.881132492549,50
38.87025360000007,46.167315030000005,73.881132492549,50
38.90219149999939,46.167315030000005,73.881132492549,50
38.93418819999897,46.03112826,74.13748405960784,50
38.96613950000028,46.03112826,74.13748405960784,50
38.9984416999996,46.03112826,74.13748405960784,50
39.04660939999849,46.03112826,74.13748405960784,50
39.078176600000006,46.03112826,74.13748405960784,50
39.11043719999907,46.03112826,74.13748405960784,50
39.14224159999867,46.167315030000005,73.881132492549,50
39.174184599998625,46.167315030000005,73.881132492549,50
39.20622849999927,46.03112826,74.13748405960784,50
39.238131899999644,46.03112826,74.13748405960784,50
39.270276100000046,46.03112826,74.13748405960784,50
39.3022390999995,46.03112826,74.13748405960784,50
39.334257599999546,45.89494149,74.39383562666666,50
39.36617649999971,45.89494149,74.39383562666666,50
39.39840910000021,45.89494149,74.39383562666666,50
39.4462171999985,45.89494149,74.39383562666666,50
39.47820750000028,45.758754720000006,74.65018719372549,50
39.510162200000195,45.758754720000006,74.65018719372549,50
39.542253899999196,45.758754720000006,74.65018719372549,50
39.57418940000025,45.622567950000004,74.90653876078431,50
39.606282400000055,45.48638118,75.16289032784313,50
39.638163199999326,41.673151620000006,82.34073420549018,50
39.670372299999144,41.673151620000006,82.34073420549018,50
39.702226999999766,41.536964850000004,82.59708577254901,50
39.73428049999893,41.536964850000004,82.59708577254901,50
39.766443499998786,41.40077808,82.85343733960784,50
39.79823679999936,41.40077808,82.85343733960784,50
39.846137599999565,41.40077808,82.85343733960784,50
39.87814479999906,41.26459131,83.10978890666667,50
39.91023599999971,41.26459131,83.10978890666667,50
39.94220320000022,41.26459131,83.10978890666667,50
39.974159999999756,41.26459131,83.10978890666667,50
40.0061898999993,41.26459131,83.10978890666667,50
40.03814769999917,41.26459131,83.10978890666667,50
40.07021799999893,41.128404540000005,83.36614047372548,50
40.10216979999859,41.128404540000005,83.36614047372548,50
40.13435819999904,41.128404540000005,83.36614047372548,50
40.16620569999941,40.99221777,83.62249204078431,50
40.198154099998646,40.99221777,83.62249204078431,50
40.2461876999987,40.99221777,83.62249204078431,50
40.27813559999959,40.99221777,83.62249204078431,50
40.3102676999988,40.99221777,83.62249204078431,50
40.34220719999939,40.99221777,83.62249204078431,50
40.374174099999436,41.128404540000005,83.36614047372548,50
40.40619539999898,41.128404540000005,83.36614047372548,50
40.438133599998764,41.128404540000005,83.36614047372548,50
40.47021119999954,41.26459131,83.10978890666667,50
40.50229099999888,41.40077808,82.85343733960784,50
40.534221899999466,41.40077808,82.85343733960784,50
40.56618619999972,41.536964850000004,82.59708577254901,50
40.59817379999913,41.673151620000006,82.34073420549018,50
40.64615009999943,41.80933839,82.08438263843136,50
40.67823539999881,41.94552516,81.82803107137254,50
40.710107199998674,42.081711930000004,81.5716795043137,50
40.74215709999953,46.03112826,74.13748405960784,50
40.774167899999156,46.167315030000005,73.881132492549,50
40.806159199999456,46.167315030000005,73.881132492549,50
40.83812229999967,46.3035018,73.6247809254902,50
40.87032179999915,46.43968857,73.36842935843137,50
40.902363199998945,46.57587534,73.11207779137254,50
40.934095499998875,46.712062110000005,72.85572622431371,50
40.96605559999989,46.84824888,72.5993746572549,50
40.998176899998725,46.98443565,72.34302309019607,50
41.04611809999915,47.120622420000004,72.08667152313724,50
41.078228299998955,47.120622420000004,72.08667152313724,50
41.11014629999954,47.256809190000006,71.83031995607841,50
41.14207189999979,47.256809190000006,71.83031995607841,50
41.174180899999556,47.256809190000006,71.83031995607841,50
41.206231000000116,47.256809190000006,71.83031995607841,50
41.23836819999997,47.256809190000006,71.83031995607841,50
41.27038519999951,47.256809190000006,71.83031995607841,50
41.302179099999194,47.256809190000006,71.83031995607841,50
41.33415199999945,47.256809190000006,71.83031995607841,50
41.366196499999205,47.256809190000006,71.83031995607841,50
41.39821349999875,47.39299596,71.57396838901961,50
41.446297499998764,47.39299596,71.57396838901961,50
41.47828929999923,47.39299596,71.57396838901961,50
41.510199999998804,47.52918273,71.31761682196078,50
41.542242599998644,47.52918273,71.31761682196078,50
41.574182099999234,47.52918273,71.31761682196078,50
41.606461899998976,47.52918273,71.31761682196078,50
41.63833639999939,47.52918273,71.31761682196078,50
41.67021569999997,47.665369500000004,71.06126525490197,50
41.702110999998695,47.665369500000004,71.06126525490197,50
41.734198999998625,47.665369500000004,71.06126525490197,50
41.766169999998965,47.665369500000004,71.06126525490197,50
41.79819829999906,47.665369500000004,71.06126525490197,50
41.84620410000025,47.665369500000004,71.06126525490197,50
41.87814609999987,47.665369500000004,71.06126525490197,50
41.91014609999911,47.665369500000004,71.06126525490197,50
41.9420586999986,47.52918273,71.31761682196078,50
41.97430170000007,47.52918273,71.31761682196078,50
42.00623839999935,47.52918273,71.31761682196078,50
42.03819519999888,47.52918273,71.31761682196078,50
42.070083099999465,47.52918273,71.31761682196078,50
42.1021295999999,47.52918273,71.31761682196078,50
42.13403719999951,47.39299596,71.57396838901961,50
42.166118399998595,47.39299596,71.57396838901961,50
42.19820719999916,47.39299596,71.57396838901961,50
42.24612619999971,47.256809190000006,71.83031995607841,50
42.27818169999955,47.256809190000006,71.83031995607841,50
42.31013999999959,47.120622420000004,72.08667152313724,50
42.34215589999985,47.120622420000004,72.08667152313724,50
42.37427319999915,47.120622420000004,72.08667152313724,50
42.40619939999851,46.98443565,72.34302309019607,50
42.438185499999236,46.84824888,72.5993746572549,50
42.47009439999965,46.712062110000005,72.85572622431371,50
42.502096000000165,46.57587534,73.11207779137254,50
42.53412709999975,42.626459010000005,80.54627323607842,50
42.566232899998795,42.626459010000005,80.54627323607842,50
42.59814899999947,42.49027224,80.80262480313726,50
42.646042999998826,42.35408547,81.05897637019608,50
42.67814469999939,42.2178987,81.3153279372549,50
42.710420299999896,42.2178987,81.3153279372549,50
42.74249079999936,42.081711930000004,81.5716795043137,50
42.77425939999921,42.081711930000004,81.5716795043137,50
42.806202399999165,41.94552516,81.82803107137254,50
42.838279099998545,41.94552516,81.82803107137254,50
42.870181799999045,41.94552516,81.82803107137254,50
42.9022305999988,41.80933839,82.08438263843136,50
42.93416289999914,41.80933839,82.08438263843136,50
42.966184599999906,41.80933839,82.08438263843136,50
42.99814839999999,41.80933839,82.08438263843136,50
43.046113700000205,41.80933839,82.08438263843136,50
43.078309499998795,41.80933839,82.08438263843136,50
43.1102880999988,41.673151620000006,82.34073420549018,50
43.14213629999904,41.673151620000006,82.34073420549018,50
43.174177599999894,41.673151620000006,82.34073420549018,50
43.20615109999926,41.673151620000006,82.34073420549018,50
43.23814109999876,41.673151620000006,82.34073420549018,50
43.27028689999861,41.673151620000006,82.34073420549018,50
43.30225900000005,41.673151620000006,82.34073420549018,50
43.334199799999624,41.673151620000006,82.34073420549018,50
43.36618909999925,41.673151620000006,82.34073420549018,50
43.39819969999917,41.673151620000006,82.34073420549018,50
43.446293899998636,41.673151620000006,82.34073420549018,50
43.478397400000176,41.673151620000006,82.34073420549018,50
43.51024369999868,41.673151620000006,82.34073420549018,50
43.54200349999883,41.536964850000004,82.59708577254901,50
43.57418820000021,41.80933839,82.08438263843136,50
43.60611649999919,45.758754720000006,74.65018719372549,50
43.63821219999954,45.758754720000006,74.65018719372549,50
43.67012869999962,45.89494149,74.39383562666666,50
43.70218109999951,45.89494149,74.39383562666666,50
43.734184599999935,46.03112826,74.13748405960784,50
43.766182800000024,46.03112826,74.13748405960784,50
43.79811410000002,46.03112826,74.13748405960784,50
43.846312199999375,46.167315030000005,73.881132492549,50
43.87816399999974,46.167315030000005,73.881132492549,50
43.91016799999852,46.167315030000005,73.881132492549,50
43.94210039999962,46.167315030000005,73.881132492549,50
43.974175499999546,46.3035018,73.6247809254902,50
44.00618020000002,46.3035018,73.6247809254902,50
44.03825770000003,46.3035018,73.6247809254902,50
44.0702024000002,46.43968857,73.36842935843137,50
44.10221799999999,46.43968857,73.36842935843137,50
44.134152200000244,46.43968857,73.36842935843137,50
44.16624099999899,46.43968857,73.36842935843137,50
44.19852029999856,46.43968857,73.36842935843137,50
44.246159099999204,46.43968857,73.36842935843137,50
44.27815379999993,46.43968857,73.36842935843137,50
44.31018479999875,46.43968857,73.36842935843137,50
44.34207889999925,46.57587534,73.11207779137254,50
44.3741474999988,46.57587534,73.11207779137254,50
44.4061443999999,47.256809190000006,71.83031995607841,50
44.43819639999856,47.256809190000006,71.83031995607841,50
44.470163999998476,47.256809190000006,71.83031995607841,50
44.50219019999895,47.256809190000006,71.83031995607841,50
44.534124099998735,47.256809190000006,71.83031995607841,50
44.56633659999898,47.256809190000006,71.83031995607841,50
44.598291999998764,47.256809190000006,71.83031995607841,50
44.646200399998634,47.256809190000006,71.83031995607841,50
44.67820909999864,46.712062110000005,72.85572622431371,50
44.71022429999903,46.57587534,73.11207779137254,50
44.74224080000022,46.57587534,73.11207779137254,50
44.77415010000004,46.57587534,73.11207779137254,50
44.80626359999951,46.57587534,73.11207779137254,50
44.83813029999874,46.57587534,73.11207779137254,50
44.87006359999941,46.57587534,73.11207779137254,50
44.90213609999955,46.43968857,73.36842935843137,50
44.934273899998516,46.43968857,73.36842935843137,50
44.96618979999948,46.43968857,73.36842935843137,50
44.9981059999991,46.43968857,73.36842935843137,50
45.04615299999932,46.43968857,73.36842935843137,50
45.07813019999958,46.3035018,73.6247809254902,50
45.11013249999996,46.3035018,73.6247809254902,50
45.142118499999924,46.3035018,73.6247809254902,50
45.17417329999989,46.167315030000005,73.881132492549,50
45.206175399998756,46.167315030000005,73.881132492549,50
45.238151199999265,46.167315030000005,73.881132492549,50
45.2700737999985,46.03112826,74.13748405960784,50
45.30225619999874,46.03112826,74.13748405960784,50
45.334206800000175,45.89494149,74.39383562666666,50
45.36618929999895,45.89494149,74.39383562666666,50
45.39829719999943,45.758754720000006,74.65018719372549,50
45.44632929999898,45.622567950000004,74.90653876078431,50
45.478138799999215,41.673151620000006,82.34073420549018,50
45.51003039999887,41.673151620000006,82.34073420549018,50
45.542140699999436,41.536964850000004,82.59708577254901,50
45.5741610999994,41.536964850000004,82.59708577254901,50
45.60612819999915,41.40077808,82.85343733960784,50
45.638188699998864,41.26459131,83.10978890666667,50
45.67041549999885,41.128404540000005,83.36614047372548,50
45.7022264999996,41.128404540000005,83.36614047372548,50
45.73421739999867,40.99221777,83.62249204078431,50
45.7661836999996,40.856031,83.87884360784314,50
45.79823649999889,40.856031,83.87884360784314,50
45.846126399999775,40.71984423,84.13519517490197,50
45.87812419999864,40.71984423,84.13519517490197,50
45.910312999998496,40.583657460000005,84.39154674196078,50
45.94229929999892,40.583657460000005,84.39154674196078,50
45.974388599999656,40.583657460000005,84.39154674196078,50
46.006148099999336,40.583657460000005,84.39154674196078,50
46.03855250000015,40.71984423,84.13519517490197,50
46.07029639999928,40.71984423,84.13519517490197,50
46.10208119999879,40.71984423,84.13519517490197,50
46.13407120000011,40.71984423,84.13519517490197,50
46.166137099999105,40.856031,83.87884360784314,50
46.198148800000126,40.856031,83.87884360784314,50
46.24620279999908,40.99221777,83.62249204078431,50
46.27817119999963,40.99221777,83.62249204078431,50
46.31009919999997,40.99221777,83.62249204078431,50
46.34209120000014,40.99221777,83.62249204078431,50
46.3741231999993,40.99221777,83.62249204078431,50
46.406350100000054,41.128404540000005,83.36614047372548,50
46.43816909999987,41.128404540000005,83.36614047372548,50
46.470181099999536,41.128404540000005,83.36614047372548,50
46.502188299999034,41.536964850000004,82.59708577254901,50
46.534135899999455,41.673151620000006,82.34073420549018,50
46.56623699999909,45.48638118,75.16289032784313,50
46.59814609999921,45.622567950000004,74.90653876078431,50
46.64621459999944,45.758754720000006,74.65018719372549,50
46.67817979999927,45.89494149,74.39383562666666,50
46.71014009999999,46.03112826,74.13748405960784,50
46.74215289999847,46.167315030000005,73.881132492549,50
46.77426379999997,46.3035018,73.6247809254902,50
46.80632829999922,46.43968857,73.36842935843137,50
46.838061799999196,46.43968857,73.36842935843137,50
46.87015999999858,46.57587534,73.11207779137254,50
46.902208899999096,46.57587534,73.11207779137254,50
46.93408449999879,46.712062110000005,72.85572622431371,50
46.966166399999565,46.712062110000005,72.85572622431371,50
46.998141699999906,46.84824888,72.5993746572549,50
47.046170800000255,46.84824888,72.5993746572549,50
47.07806569999957,46.84824888,72.5993746572549,50
47.11015199999929,46.84824888,72.5993746572549,50
47.142400499998985,46.98443565,72.34302309019607,50
47.17421420000028,46.98443565,72.34302309019607,50
47.20618680000007,46.98443565,72.34302309019607,50
47.23807979999947,46.98443565,72.34302309019607,50
47.27016179999919,46.98443565,72.34302309019607,50
47.302142900000035,47.801556270000006,70.80491368784313,50
47.33419069999945,47.801556270000006,70.80491368784313,50
47.366103499998644,47.256809190000006,71.83031995607841,50
47.39820499999951,47.256809190000006,71.83031995607841,50
47.4461457999987,47.256809190000006,71.83031995607841,50
47.47812189999968,47.256809190000006,71.83031995607841,50
47.51041599999917,47.256809190000006,71.83031995607841,50
47.542295999999624,47.39299596,71.57396838901961,50
47.57415989999936,47.39299596,71.57396838901961,50
47.60617519999869,47.39299596,71.57396838901961,50
47.63822699999946,47.39299596,71.57396838901961,50
47.670138899999074,47.39299596,71.57396838901961,50
47.70218620000014,47.256809190000006,71.83031995607841,50
47.73415709999972,47.256809190000006,71.83031995607841,50
47.76618520000011,47.256809190000006,71.83031995607841,50
47.79823319999923,47.256809190000006,71.83031995607841,50
47.846169700000246,47.256809190000006,71.83031995607841,50
47.87858839999899,47.256809190000006,71.83031995607841,50
47.9102984000001,47.256809190000006,71.83031995607841,50
47.94215379999878,47.256809190000006,71.83031995607841,50
47.97414779999963,47.256809190000006,71.83031995607841,50
48.00617389999934,47.256809190000006,71.83031995607841,50
48.03812949999883,47.256809190000006,71.83031995607841,50
48.069983800000045,47.256809190000006,71.83031995607841,50
48.102166799999395,47.120622420000004,72.08667152313724,50
48.13417819999995,47.120622420000004,72.08667152313724,50
48.16606209999918,46.98443565,72.34302309019607,50
48.19807849999961,46.98443565,72.34302309019607,50
48.24619729999904,46.84824888,72.5993746572549,50
48.27817759999925,46.712062110000005,72.85572622431371,50
48.31015729999854,46.57587534,73.11207779137254,50
48.342110399999,46.43968857,73.36842935843137,50
48.37417099999948,46.3035018,73.6247809254902,50
48.40623499999856,46.03112826,74.13748405960784,50
48.43834400000014,45.89494149,74.39383562666666,50
48.47023059999992,41.94552516,81.82803107137254,50
48.50208489999932,41.80933839,82.08438263843136,50
48.53421929999968,41.536964850000004,82.59708577254901,50
48.56614339999942,41.40077808,82.85343733960784,50
48.59832379999898,41.26459131,83.10978890666667,50
48.646356499999456,41.128404540000005,83.36614047372548,50
48.67818879999868,40.99221777,83.62249204078431,50
48.71010709999973,40.71984423,84.13519517490197,50
48.74217150000004,40.71984423,84.13519517490197,50
48.77415010000004,40.583657460000005,84.39154674196078,50
48.80609949999962,40.44747069,84.64789830901961,50
48.838148299999375,40.44747069,84.64789830901961,50
48.87023119999867,40.31128392,84.90424987607842,50
48.902182099998754,40.31128392,84.90424987607842,50
48.93424249999953,40.31128392,84.90424987607842,50
48.96626689999903,40.31128392,84.90424987607842,50
48.998349999999846,40.31128392,84.90424987607842,50
49.04621769999903,40.44747069,84.64789830901961,50
49.07817409999916,40.44747069,84.64789830901961,50
49.110190899999,40.44747069,84.64789830901961,50
49.142161300000225,40.44747069,84.64789830901961,50
49.17414599999938,40.44747069,84.64789830901961,50
49.206100899999,40.44747069,84.64789830901961,50
49.23821510000016,40.44747069,84.64789830901961,50
49.27014489999965,40.44747069,84.64789830901961,50
49.302181899998686,40.583657460000005,84.39154674196078,50
49.33400419999998,40.583657460000005,84.39154674196078,50
49.36619509999946,40.583657460000005,84.39154674196078,50
49.39824289999888,40.71984423,84.13519517490197,50
49.44611049999912,40.71984423,84.13519517490197,50
49.478133999999045,40.71984423,84.13519517490197,50
49.51012089999858,40.71984423,84.13519517490197,50
49.542286399999284,40.71984423,84.13519517490197,50
49.57406209999863,44.9416341,76.18829659607843,50
49.60613729999932,45.077820870000004,75.93194502901962,50
49.638162100000045,45.214007640000005,75.67559346196077,50
49.67011749999983,45.214007640000005,75.67559346196077,50
49.70210169999882,45.35019441,75.41924189490197,50
49.734257699999944,45.35019441,75.41924189490197,50
49.76623870000003,45.48638118,75.16289032784313,50
49.79811829999926,45.48638118,75.16289032784313,50
49.84617029999936,45.622567950000004,74.90653876078431,50
49.87813229999847,45.622567950000004,74.90653876078431,50
49.910120200000165,45.758754720000006,74.65018719372549,50
49.94206680000025,45.758754720000006,74.65018719372549,50
49.97419049999917,45.758754720000006,74.65018719372549,50
50.00616999999875,45.89494149,74.39383562666666,50
50.0381641999993,45.89494149,74.39383562666666,50
50.07021369999893,45.89494149,74.39383562666666,50
50.10247209999943,46.03112826,74.13748405960784,50
50.13431179999861,46.03112826,74.13748405960784,50
50.16634890000023,46.167315030000005,73.881132492549,50
50.1982337999998,46.167315030000005,73.881132492549,50
50.24625519999972,46.3035018,73.6247809254902,50
50.27832049999961,46.43968857,73.36842935843137,50
50.31011260000014,46.57587534,73.11207779137254,50
50.34213699999964,46.57587534,73.11207779137254,50
50.37418139999863,46.712062110000005,72.85572622431371,50
50.40617849999944,46.84824888,72.5993746572549,50
50.43830589999925,46.98443565,72.34302309019607,50
50.470427199999904,47.120622420000004,72.08667152313724,50
50.50230190000002,47.120622420000004,72.08667152313724,50
50.534128399998735,47.256809190000006,71.83031995607841,50
50.56617499999993,47.39299596,71.57396838901961,50
50.598197999999684,47.39299596,71.57396838901961,50
50.64624309999999,47.52918273,71.31761682196078,50
50.67812709999998,47.52918273,71.31761682196078,50
50.71022439999979,47.665369500000004,71.06126525490197,50
50.74220679999962,47.801556270000006,70.80491368784313,50
50.77412430000004,47.801556270000006,70.80491368784313,50
50.80607520000012,47.93774304,70.54856212078433,50
50.838420099998984,48.07392981,70.29221055372548,50
50.870220199998585,48.210116580000005,70.03585898666665,50
50.90212210000027,48.210116580000005,70.03585898666665,50
50.93420530000003,48.210116580000005,70.03585898666665,50
50.966210699998555,48.34630335,69.77950741960784,50
50.998173199999655,48.34630335,69.77950741960784,50
51.046123799998895,48.34630335,69.77950741960784,50
51.078031799999735,48.34630335,69.77950741960784,50
51.11008519999996,48.48249012,69.52315585254901,50
51.14212409999891,48.48249012,69.52315585254901,50
51.174079399999755,48.48249012,69.52315585254901,50
51.2063091,48.48249012,69.52315585254901,50
51.238169299998845,48.48249012,69.52315585254901,50
51.27017489999889,48.48249012,69.52315585254901,50
51.30209169999944,48.34630335,69.77950741960784,50
51.3341451999986,48.34630335,69.77950741960784,50
51.366216799999165,48.34630335,69.77950741960784,50
51.39832639999986,48.210116580000005,70.03585898666665,50
51.44610499999908,48.210116580000005,70.03585898666665,50
51.47815329999867,44.26070025,77.47005443137255,50
51.51010169999972,44.124513480000005,77.72640599843136,50
51.542077599999175,44.124513480000005,77.72640599843136,50
51.574277199999415,43.98832671,77.98275756549019,50
51.6062151999995,43.98832671,77.98275756549019,50
51.63814209999873,43.85213994,78.23910913254902,50
51.670141599999624,43.715953170000006,78.49546069960783,50
51.7022065000001,43.715953170000006,78.49546069960783,50
51.73411879999912,43.579766400000004,78.75181226666666,50
51.76615059999858,43.579766400000004,78.75181226666666,50
51.79818949999935,43.579766400000004,78.75181226666666,50
51.84615809999923,43.44357963,79.00816383372549,50
51.878203099999155,43.44357963,79.00816383372549,50
51.91007459999855,43.30739286,79.2645154007843,50
51.942304299998796,43.30739286,79.2645154007843,50
51.9743641999994,43.171206090000005,79.52086696784313,50
52.00617429999875,43.171206090000005,79.52086696784313,50
52.03814339999917,43.171206090000005,79.52086696784313,50
52.07016399999884,43.03501932,79.77721853490196,50
52.10212820000015,43.03501932,79.77721853490196,50
52.13420339999902,42.89883255,80.03357010196078,50
52.16619469999932,42.89883255,80.03357010196078,50
52.198047799998676,42.76264578,80.28992166901962,50
52.246303399999306,42.76264578,80.28992166901962,50
52.27817779999896,42.626459010000005,80.54627323607842,50
52.31010669999887,42.626459010000005,80.54627323607842,50
52.34221119999893,42.49027224,80.80262480313726,50
52.374222599999484,42.49027224,80.80262480313726,50
52.40618840000025,42.35408547,81.05897637019608,50
52.438152400000035,42.35408547,81.05897637019608,50
52.47014459999991,42.35408547,81.05897637019608,50
52.50207799999953,42.35408547,81.05897637019608,50
52.53414369999882,42.35408547,81.05897637019608,50
52.56609380000009,42.081711930000004,81.5716795043137,50
52.59815939999862,46.167315030000005,73.881132492549,50
52.64612750000015,46.167315030000005,73.881132492549,50
52.67817659999855,46.167315030000005,73.881132492549,50
52.71026499999971,46.167315030000005,73.881132492549,50
52.74205339999935,46.167315030000005,73.881132492549,50
52.774061599999186,46.167315030000005,73.881132492549,50
52.8061646999995,46.167315030000005,73.881132492549,50
52.83811699999933,46.167315030000005,73.881132492549,50
52.87024629999905,46.3035018,73.6247809254902,50
52.902260199998636,46.167315030000005,73.881132492549,50
52.93429119999928,46.167315030000005,73.881132492549,50
52.96600709999984,46.167315030000005,73.881132492549,50
52.998121299999184,46.167315030000005,73.881132492549,50
53.04665120000027,46.167315030000005,73.881132492549,50
53.07833899999969,46.167315030000005,73.881132492549,50
53.11020349999853,46.167315030000005,73.881132492549,50
53.14219450000019,46.167315030000005,73.881132492549,50
53.17409179999959,46.167315030000005,73.881132492549,50
53.20618479999939,46.167315030000005,73.881132492549,50
53.23813220000011,46.167315030000005,73.881132492549,50
53.27008729999943,46.167315030000005,73.881132492549,50
53.30215329999919,46.84824888,72.5993746572549,50
53.334129299999404,46.84824888,72.5993746572549,50
53.366129199999705,46.84824888,72.5993746572549,50
53.3983008999985,46.84824888,72.5993746572549,50
53.4464169999992,46.84824888,72.5993746572549,50
53.47816299999977,46.84824888,72.5993746572549,50
53.51015749999897,46.712062110000005,72.85572622431371,50
53.542174299998806,46.712062110000005,72.85572622431371,50
53.574198700000125,46.712062110000005,72.85572622431371,50
53.606234400000176,46.03112826,74.13748405960784,50
53.63817359999848,46.03112826,74.13748405960784,50
53.67028779999964,46.03112826,74.13748405960784,50
53.70224439999947,46.03112826,74.13748405960784,50
53.73411209999904,46.03112826,74.13748405960784,50
53.76609389999976,46.167315030000005,73.881132492549,50
53.798102099999596,46.167315030000005,73.881132492549,50
53.8460613999996,46.167315030000005,73.881132492549,50
53.87817919999907,46.167315030000005,73.881132492549,50
53.91015719999996,46.3035018,73.6247809254902,50
53.94217269999899,46.3035018,73.6247809254902,50
53.974056799999744,46.3035018,73.6247809254902,50
54.006166799999846,46.3035018,73.6247809254902,50
54.03817499999968,46.43968857,73.36842935843137,50
54.07015489999867,46.43968857,73.36842935843137,50
54.10203179999917,46.43968857,73.36842935843137,50
54.13418119999915,46.43968857,73.36842935843137,50
54.16631739999866,46.43968857,73.36842935843137,50
54.1981281999997,46.43968857,73.36842935843137,50
54.246072099998855,46.3035018,73.6247809254902,50
54.27812660000018,46.3035018,73.6247809254902,50
54.31010679999963,46.3035018,73.6247809254902,50
54.342132499999934,46.167315030000005,73.881132492549,50
54.37411219999922,46.167315030000005,73.881132492549,50
54.40613029999986,46.03112826,74.13748405960784,50
54.43798989999959,45.89494149,74.39383562666666,50
54.47020549999979,45.758754720000006,74.65018719372549,50
54.50228299999981,41.94552516,81.82803107137254,50
54.5342641999996,41.80933839,82.08438263843136,50
54.56609930000013,41.80933839,82.08438263843136,50
54.598110499999166,41.673151620000006,82.34073420549018,50
54.64611089999926,41.673151620000006,82.34073420549018,50
54.678096099998584,41.673151620000006,82.34073420549018,50
54.71017070000016,41.673151620000006,82.34073420549018,50
54.74210369999855,41.536964850000004,82.59708577254901,50
54.774171099999876,41.536964850000004,82.59708577254901,50
54.80616569999984,41.536964850000004,82.59708577254901,50
54.83816609999849,41.536964850000004,82.59708577254901,50
54.870213899999726,41.536964850000004,82.59708577254901,50
54.9022860999994,41.40077808,82.85343733960784,50
54.934255199999825,41.40077808,82.85343733960784,50
54.96619049999936,41.40077808,82.85343733960784,50
54.99821139999949,41.40077808,82.85343733960784,50
55.04614020000008,41.536964850000004,82.59708577254901,50
55.07805109999936,41.536964850000004,82.59708577254901,50
55.110148099998696,41.536964850000004,82.59708577254901,50
55.14213500000005,41.536964850000004,82.59708577254901,50
55.17411720000018,41.673151620000006,82.34073420549018,50
55.20615319999888,41.673151620000006,82.34073420549018,50
55.23814569999922,41.80933839,82.08438263843136,50
55.27017809999961,41.80933839,82.08438263843136,50
55.302172799998516,41.94552516,81.82803107137254,50
55.33413130000008,41.94552516,81.82803107137254,50
55.36611139999877,42.081711930000004,81.5716795043137,50
55.39815079999971,42.081711930000004,81.5716795043137,50
55.44608749999861,42.2178987,81.3153279372549,50
55.47810119999849,42.35408547,81.05897637019608,50
55.51009049999993,42.49027224,80.80262480313726,50
55.54211299999952,46.3035018,73.6247809254902,50
55.574174100000164,46.43968857,73.36842935843137,50
55.60604179999973,46.57587534,73.11207779137254,50
55.63817500000005,46.712062110000005,72.85572622431371,50
55.67016799999874,46.84824888,72.5993746572549,50
55.70204889999877,46.98443565,72.34302309019607,50
55.73412779999853,47.120622420000004,72.08667152313724,50
55.7663180999989,47.256809190000006,71.83031995607841,50
55.79809489999934,47.39299596,71.57396838901961,50
55.84608339999977,47.39299596,71.57396838901961,50
55.87807239999893,47.52918273,71.31761682196078,50
55.91014079999877,47.52918273,71.31761682196078,50
55.94207429999915,47.665369500000004,71.06126525490197,50
55.973998100000244,47.665369500000004,71.06126525490197,50
56.00627969999914,47.665369500000004,71.06126525490197,50
56.038161200000104,47.801556270000006,70.80491368784313,50
56.07012509999913,47.801556270000006,70.80491368784313,50
56.10211969999909,47.801556270000006,70.80491368784313,50
56.13408309999977,47.93774304,70.54856212078433,50
56.166163299998516,47.93774304,70.54856212078433,50
56.19811889999983,47.93774304,70.54856212078433,50
56.24613639999916,47.93774304,70.54856212078433,50
56.27823519999947,47.93774304,70.54856212078433,50
56.3101072999998,48.07392981,70.29221055372548,50
56.3421443999996,48.07392981,70.29221055372548,50
56.37439769999946,48.07392981,70.29221055372548,50
56.406028100000185,48.07392981,70.29221055372548,50
56.43809460000011,48.07392981,70.29221055372548,50
56.47018339999886,48.07392981,70.29221055372548,50
56.50217169999996,47.93774304,70.54856212078433,50
56.534243199999764,47.93774304,70.54856212078433,50
56.56612349999887,47.93774304,70.54856212078433,50
56.598133999999845,47.93774304,70.54856212078433,50
56.64613939999981,47.93774304,70.54856212078433,50
56.67815259999952,47.93774304,70.54856212078433,50
56.71008809999876,47.93774304,70.54856212078433,50
56.74230659999921,47.801556270000006,70.80491368784313,50
56.77419550000013,47.801556270000006,70.80491368784313,50
56.80612959999962,47.801556270000006,70.80491368784313,50
56.83810379999886,47.801556270000006,70.80491368784313,50
56.87031599999864,47.801556270000006,70.80491368784313,50
56.902100999999675,47.801556270000006,70.80491368784313,50
56.934213499998805,47.801556270000006,70.80491368784313,50
56.96623229999932,47.801556270000006,70.80491368784313,50
56.99813569999969,47.801556270000006,70.80491368784313,50
57.04615339999873,47.801556270000006,70.80491368784313,50
57.0780450000002,47.801556270000006,70.80491368784313,50
57.11026849999871,47.801556270000006,70.80491368784313,50
57.14220519999981,47.665369500000004,71.06126525490197,50
57.174045699999624,47.665369500000004,71.06126525490197,50
57.20621399999982,47.52918273,71.31761682196078,50
57.23807139999917,47.39299596,71.57396838901961,50
57.270106699999815,47.256809190000006,71.83031995607841,50
57.30207089999931,47.120622420000004,72.08667152313724,50
57.33411720000004,46.98443565,72.34302309019607,50
57.366071599999486,46.84824888,72.5993746572549,50
57.3981277999992,46.712062110000005,72.85572622431371,50
57.44612379999853,42.89883255,80.03357010196078,50
57.478235499998846,42.76264578,80.28992166901962,50
57.510013699999035,42.626459010000005,80.54627323607842,50
57.54214689999935,42.49027224,80.80262480313726,50
57.574080599999434,42.35408547,81.05897637019608,50
57.60615519999919,42.35408547,81.05897637019608,50
57.63810860000012,42.2178987,81.3153279372549,50
57.67020509999929,42.2178987,81.3153279372549,50
57.70215389999976,42.2178987,81.3153279372549,50
57.734136499999295,42.2178987,81.3153279372549,50
57.76618469999994,42.2178987,81.3153279372549,50
57.79810769999858,42.2178987,81.3153279372549,50
57.84620769999856,42.2178987,81.3153279372549,50
57.87824009999895,42.2178987,81.3153279372549,50
57.91019909999886,42.2178987,81.3153279372549,50
57.94213429999945,42.081711930000004,81.5716795043137,50
57.97412339999937,42.081711930000004,81.5716795043137,50
58.00616799999989,42.081711930000004,81.5716795043137,50
58.0382015999985,41.94552516,81.82803107137254,50
58.0701883999991,41.94552516,81.82803107137254,50
58.10212229999888,41.80933839,82.08438263843136,50
58.13415079999868,41.80933839,82.08438263843136,50
58.16604670000015,41.673151620000006,82.34073420549018,50
58.1983567999996,41.673151620000006,82.34073420549018,50
58.24614130000009,41.673151620000006,82.34073420549018,50
58.27808489999916,41.536964850000004,82.59708577254901,50
58.310164200000145,41.536964850000004,82.59708577254901,50
58.34204630000022,41.536964850000004,82.59708577254901,50
58.374166599998716,41.40077808,82.85343733960784,50
58.40620339999987,41.536964850000004,82.59708577254901,50
58.43811529999948,41.536964850000004,82.59708577254901,50
58.470015999999305,45.35019441,75.41924189490197,50
58.502135999999155,45.35019441,75.41924189490197,50
58.534110799999326,45.35019441,75.41924189490197,50
58.56613929999912,45.35019441,75.41924189490197,50
58.59832490000008,45.35019441,75.41924189490197,50
58.64615049999884,45.35019441,75.41924189490197,50
58.67808739999964,45.35019441,75.41924189490197,50
58.71012669999982,45.35019441,75.41924189490197,50
58.74212299999999,45.35019441,75.41924189490197,50
58.774109099998896,45.48638118,75.16289032784313,50
58.806117000000086,45.48638118,75.16289032784313,50
58.83811429999878,45.48638118,75.16289032784313,50
58.87014359999921,45.48638118,75.16289032784313,50
58.902138999999806,45.35019441,75.41924189490197,50
58.93418380000003,45.35019441,75.41924189490197,50
58.966173299999355,45.35019441,75.41924189490197,50
58.9981501000002,45.35019441,75.41924189490197,50
59.04612289999932,45.35019441,75.41924189490197,50
59.07815159999882,45.35019441,75.41924189490197,50
59.110079099998984,45.35019441,75.41924189490197,50
59.14208529999996,45.35019441,75.41924189490197,50
59.174181899999894,46.167315030000005,73.881132492549,50
59.20617499999935,46.167315030000005,73.881132492549,50
59.23820819999855,46.167315030000005,73.881132492549,50
59.27031159999933,46.3035018,73.6247809254902,50
59.302238499998566,46.3035018,73.6247809254902,50
59.33421409999937,46.3035018,73.6247809254902,50
59.36611300000004,46.43968857,73.36842935843137,50
59.3981361999995,46.43968857,73.36842935843137,50
59.4461081999998,46.43968857,73.36842935843137,50
59.47811489999913,46.43968857,73.36842935843137,50
59.510095999999976,46.57587534,73.11207779137254,50
59.54215049999948,45.89494149,74.39383562666666,50
59.57407830000011,46.03112826,74.13748405960784,50
59.60620769999878,46.03112826,74.13748405960784,50
59.638061599998764,46.03112826,74.13748405960784,50
59.67028140000002,46.03112826,74.13748405960784,50
59.702340699999695,46.03112826,74.13748405960784,50
59.73408860000018,46.167315030000005,73.881132492549,50
59.76612430000023,46.167315030000005,73.881132492549,50
59.79807409999921,46.3035018,73.6247809254902,50
59.84613399999944,46.43968857,73.36842935843137,50
59.87814849999995,46.43968857,73.36842935843137,50
59.91019090000009,46.57587534,73.11207779137254,50
59.94220519999908,46.57587534,73.11207779137254,50
59.97414939999908,46.712062110000005,72.85572622431371,50
60.006036900000254,46.712062110000005,72.85572622431371,50
60.038187299998754,46.84824888,72.5993746572549,50
60.070170099999814,46.84824888,72.5993746572549,50
60.10209049999867,46.84824888,72.5993746572549,50
60.13404230000015,46.98443565,72.34302309019607,50
60.166103999999905,46.98443565,72.34302309019607,50
60.19805819999965,46.98443565,72.34302309019607,50
60.246108899998944,46.98443565,72.34302309019607,50
60.27809509999861,46.98443565,72.34302309019607,50
60.31010339999921,46.98443565,72.34302309019607,50
60.34214710000015,46.98443565,72.34302309019607,50
60.374129699999685,46.98443565,72.34302309019607,50
60.40616599999885,46.98443565,72.34302309019607,50
60.43815519999953,43.171206090000005,79.52086696784313,50
60.47009699999944,43.171206090000005,79.52086696784313,50
60.50210569999945,43.171206090000005,79.52086696784313,50
60.53430959999969,43.171206090000005,79.52086696784313,50
60.56618629999866,43.171206090000005,79.52086696784313,50
60.598211399999855,43.171206090000005,79.52086696784313,50
60.646087199998874,43.171206090000005,79.52086696784313,50
60.678048199999466,43.171206090000005,79.52086696784313,50
60.71012389999851,43.30739286,79.2645154007843,50
60.742055199998504,43.30739286,79.2645154007843,50
60.774208999999246,43.30739286,79.2645154007843,50
60.80635579999944,43.30739286,79.2645154007843,50
60.83816899999874,43.171206090000005,79.52086696784313,50
60.87008649999916,43.171206090000005,79.52086696784313,50
60.902054499998485,43.171206090000005,79.52086696784313,50
60.93405929999972,43.171206090000005,79.52086696784313,50
60.966083100000105,43.171206090000005,79.52086696784313,50
60.99816589999864,43.171206090000005,79.52086696784313,50
61.046116899999106,43.03501932,79.77721853490196,50
61.07818739999857,43.03501932,79.77721853490196,50
61.110198799999125,43.03501932,79.77721853490196,50
61.14224370000011,42.89883255,80.03357010196078,50
61.17450579999968,42.89883255,80.03357010196078,50
61.206111800000144,42.89883255,80.03357010196078,50
61.23808429999917,42.89883255,80.03357010196078,50
61.27012259999901,42.89883255,80.03357010196078,50
61.30215059999864,42.89883255,80.03357010196078,50
61.33416099999886,42.89883255,80.03357010196078,50
61.36612139999852,42.76264578,80.28992166901962,50
61.398169599999164,42.89883255,80.03357010196078,50
61.44607039999937,42.89883255,80.03357010196078,50
61.478038999999626,42.89883255,80.03357010196078,50
61.51009580000027,42.89883255,80.03357010196078,50
61.542257099999915,46.712062110000005,72.85572622431371,50
61.574083899999096,46.712062110000005,72.85572622431371,50
61.6060712999988,46.712062110000005,72.85572622431371,50
61.63808699999936,46.57587534,73.11207779137254,50
61.67013179999958,46.57587534,73.11207779137254,50
61.70207859999937,46.57587534,73.11207779137254,50
61.73409050000009,46.57587534,73.11207779137254,50
61.766127199998664,46.57587534,73.11207779137254,50
61.79807519999849,46.43968857,73.36842935843137,50
61.84616979999919,46.43968857,73.36842935843137,50
61.878200399998605,46.43968857,73.36842935843137,50
61.910208899998906,46.43968857,73.36842935843137,50
61.942153699999835,46.43968857,73.36842935843137,50
61.974078699999154,46.43968857,73.36842935843137,50
62.00609280000026,46.43968857,73.36842935843137,50
62.03808449999997,46.43968857,73.36842935843137,50
62.0700882000001,46.43968857,73.36842935843137,50
62.10215939999944,46.57587534,73.11207779137254,50
62.13404259999879,46.57587534,73.11207779137254,50
62.16612669999995,46.57587534,73.11207779137254,50
62.19818099999975,46.57587534,73.11207779137254,50
62.246136699999624,46.57587534,73.11207779137254,50
62.27841499999886,47.256809190000006,71.83031995607841,50
62.310309399999824,47.256809190000006,71.83031995607841,50
62.34224799999902,47.256809190000006,71.83031995607841,50
62.37430529999983,46.57587534,73.11207779137254,50
62.40617159999965,46.57587534,73.11207779137254,50
62.43842479999876,46.57587534,73.11207779137254,50
62.47022250000009,46.57587534,73.11207779137254,50
62.502123700000084,46.57587534,73.11207779137254,50
62.53413029999865,46.57587534,73.11207779137254,50
62.56609579999895,46.57587534,73.11207779137254,50
62.598180999999386,46.57587534,73.11207779137254,50
62.646327599999495,46.43968857,73.36842935843137,50
62.67821569999978,46.43968857,73.36842935843137,50
62.71011329999965,46.43968857,73.36842935843137,50
62.7421661999997,46.43968857,73.36842935843137,50
62.77406239999982,46.43968857,73.36842935843137,50
62.80614719999903,46.43968857,73.36842935843137,50
62.83807849999903,46.43968857,73.36842935843137,50
62.870122499998615,46.43968857,73.36842935843137,50
62.90211529999942,46.43968857,73.36842935843137,50
62.934157499999856,46.43968857,73.36842935843137,50
62.96609100000023,46.43968857,73.36842935843137,50
62.99821679999877,46.43968857,73.36842935843137,50
63.04622240000026,46.43968857,73.36842935843137,50
63.07813829999941,46.43968857,73.36842935843137,50
63.10999919999995,46.3035018,73.6247809254902,50
63.14211219999925,46.3035018,73.6247809254902,50
63.17404170000009,46.3035018,73.6247809254902,50
63.20611639999879,46.3035018,73.6247809254902,50
63.23806030000014,46.167315030000005,73.881132492549,50
63.270121699999436,46.167315030000005,73.881132492549,50
63.30210850000003,46.03112826,74.13748405960784,50
63.334120299999995,46.03112826,74.13748405960784,50
63.366240299999845,45.89494149,74.39383562666666,50
63.39821519999896,45.89494149,74.39383562666666,50
63.446075899999414,41.94552516,81.82803107137254,50
63.47812449999947,41.94552516,81.82803107137254,50
63.51004119999925,41.94552516,81.82803107137254,50
63.54216540000016,41.94552516,81.82803107137254,50
63.57405949999884,41.94552516,81.82803107137254,50
63.606179899999916,41.80933839,82.08438263843136,50
63.638182900000174,41.80933839,82.08438263843136,50
63.670195499998954,41.80933839,82.08438263843136,50
63.70206580000013,41.80933839,82.08438263843136,50
63.734323999999106,41.80933839,82.08438263843136,50
63.76629089999915,41.94552516,81.82803107137254,50
63.798136800000066,41.94552516,81.82803107137254,50
63.8460658999993,41.94552516,81.82803107137254,50
63.87812739999936,41.94552516,81.82803107137254,50
63.910144299999956,41.94552516,81.82803107137254,50
63.94214899999861,42.081711930000004,81.5716795043137,50
63.974129499998526,41.94552516,81.82803107137254,50
64.00608909999937,41.94552516,81.82803107137254,50
64.03811249999853,41.94552516,81.82803107137254,50
64.07005919999938,41.94552516,81.82803107137254,50
64.10246159999951,41.94552516,81.82803107137254,50
64.13437929999964,41.94552516,81.82803107137254,50
64.16617939999924,41.94552516,81.82803107137254,50
64.198292699999,41.94552516,81.82803107137254,50
64.24612519999937,41.94552516,81.82803107137254,50
64.2781034999989,41.94552516,81.82803107137254,50
64.310144699999,41.94552516,81.82803107137254,50
64.342101799999,41.94552516,81.82803107137254,50
64.37417579999965,41.94552516,81.82803107137254,50
64.40633799999887,42.081711930000004,81.5716795043137,50
64.43820859999869,42.2178987,81.3153279372549,50
64.47032209999998,46.03112826,74.13748405960784,50
64.50214939999933,46.167315030000005,73.881132492549,50
64.53410859999894,46.3035018,73.6247809254902,50
64.56609389999903,46.3035018,73.6247809254902,50
64.59810479999942,46.43968857,73.36842935843137,50
64.64615210000011,46.43968857,73.36842935843137,50
64.6780949999993,46.57587534,73.11207779137254,50
64.71012279999923,46.57587534,73.11207779137254,50
64.74211979999927,46.712062110000005,72.85572622431371,50
64.77411559999928,46.712062110000005,72.85572622431371,50
64.80619189999925,46.712062110000005,72.85572622431371,50
64.83851669999967,46.84824888,72.5993746572549,50
64.87029059999986,46.84824888,72.5993746572549,50
64.90230819999852,46.84824888,72.5993746572549,50
64.9341661999988,46.84824888,72.5993746572549,50
64.96615539999948,46.84824888,72.5993746572549,50
64.9981990999986,46.712062110000005,72.85572622431371,50
65.04613699999936,46.712062110000005,72.85572622431371,50
65.07814439999856,46.712062110000005,72.85572622431371,50
65.1100864,46.712062110000005,72.85572622431371,50
65.14209039999878,46.712062110000005,72.85572622431371,50
65.17406909999954,46.712062110000005,72.85572622431371,50
65.20659879999948,46.84824888,72.5993746572549,50
65.23828239999966,46.84824888,72.5993746572549,50
65.27012329999889,47.665369500000004,71.06126525490197,50
65.30214720000004,46.98443565,72.34302309019607,50
65.3341576999992,47.801556270000006,70.80491368784313,50
65.36616419999882,47.120622420000004,72.08667152313724,50
65.39815029999954,47.120622420000004,72.08667152313724,50
65.44611689999874,47.256809190000006,71.83031995607841,50
65.47815230000015,47.39299596,71.57396838901961,50
65.51015009999901,47.39299596,71.57396838901961,50
65.54199919999883,47.52918273,71.31761682196078,50
65.57431189999988,47.52918273,71.31761682196078,50
65.60624409999946,47.52918273,71.31761682196078,50
65.63808449999851,47.52918273,71.31761682196078,50
65.6701465999995,47.52918273,71.31761682196078,50
65.70208319999983,47.665369500000004,71.06126525490197,50
65.73414219999904,47.665369500000004,71.06126525490197,50
65.76613989999896,47.665369500000004,71.06126525490197,50
65.79812010000023,47.801556270000006,70.80491368784313,50
65.84608649999973,47.801556270000006,70.80491368784313,50
65.87812940000003,47.93774304,70.54856212078433,50
65.9100086999988,47.93774304,70.54856212078433,50
65.94208179999987,47.93774304,70.54856212078433,50
65.97436500000003,47.93774304,70.54856212078433,50
66.00615209999887,47.93774304,70.54856212078433,50
66.03815119999854,47.801556270000006,70.80491368784313,50
66.07004899999993,47.801556270000006,70.80491368784313,50
66.10208319999947,47.801556270000006,70.80491368784313,50
66.1340909999999,47.801556270000006,70.80491368784313,50
66.16608359999918,47.801556270000006,70.80491368784313,50
66.19818299999861,47.801556270000006,70.80491368784313,50
66.24604069999987,47.801556270000006,70.80491368784313,50
