Tiempo,Altura,Senal_de_Control,Set_value
0.10365770000134944,-2.58754863,100.0,70
0.13421790000029432,0.0,100.0,70
0.1661831000001257,0.0,100.0,70
0.2142929000001459,0.0,100.0,70
0.24628500000108033,0.0,100.0,70
0.2781396999998833,0.0,100.0,70
0.31006150000030175,0.0,100.0,70
0.3422468000007939,0.0,100.0,70
0.37422719999995024,0.0,100.0,70
0.4061877000003733,0.0,100.0,70
0.4381689000001643,0.0,100.0,70
0.4701074000004155,0.0,100.0,70
0.5022043000008125,0.0,100.0,70
0.5342217000015808,0.0,100.0,70
0.5664122000016505,0.0,100.0,70
0.6142932000002475,0.0,100.0,70
0.6462059000004956,0.0,100.0,70
0.6781335000014224,0.0,100.0,70
0.7101578000001609,0.0,100.0,70
0.7422297000011895,0.0,100.0,70
0.7742611000012403,0.0,100.0,70
0.8062078000002657,0.0,100.0,70
0.8380778000009741,0.0,100.0,70
0.8701963000003161,0.0,100.0,70
0.902201500000956,0.0,100.0,70
0.9343701000016154,0.0,100.0,70
0.9663828000011563,0.0,100.0,70
1.0145494000007602,0.0,100.0,70
1.0460954999998648,0.0,100.0,70
1.0782170000002225,0.0,100.0,70
1.1101250000010623,0.0,100.0,70
1.1422489000015048,0.0,100.0,70
1.17420680000032,0.0,100.0,70
1.2061929000010423,0.0,100.0,70
1.2381070999999793,0.0,100.0,70
1.2702318999999989,0.0,100.0,70
1.302284299999883,0.0,100.0,70
1.3342130000000907,0.0,100.0,70
1.3663066000008257,0.0,100.0,70
1.41425049999998,0.0,100.0,70
1.4461136000008992,0.0,100.0,70
1.4781061000012414,0.0,100.0,70
1.5101677000002383,0.0,100.0,70
1.5422379999999976,0.0,100.0,70
1.5742212000004656,0.0,100.0,70
1.606195200000002,0.0,100.0,70
1.638150400000086,0.0,100.0,70
1.670271800001501,0.0,100.0,70
1.7021469000010256,0.0,100.0,70
1.7341223000003083,0.0,100.0,70
1.7661200000002282,0.0,100.0,70
1.814132299999983,0.0,100.0,70
1.8461948000003758,0.0,100.0,70
1.878121600000668,0.0,100.0,70
1.9101500000015221,0.0,100.0,70
1.9421600000005128,0.0,100.0,70
1.974149600000601,0.0,100.0,70
2.0061488000010286,0.0,100.0,70
2.0383158000004187,0.0,100.0,70
2.0705582999999024,0.0,100.0,70
2.1021025000009104,0.0,100.0,70
2.1341355000004114,0.0,100.0,70
2.1661249000007956,0.0,100.0,70
2.214089700000841,0.0,100.0,70
2.2462150000010297,0.0,100.0,70
2.278197800000271,0.0,100.0,70
2.3100185000002966,0.0,100.0,70
2.3422060000011697,0.0,100.0,70
2.374143200000617,0.0,100.0,70
2.406414200000654,0.0,100.0,70
2.438397600000826,0.0,100.0,70
2.470198100001653,0.0,100.0,70
2.502131200000804,0.0,100.0,70
2.5342325000001438,0.0,100.0,70
2.5661575000012817,0.0,100.0,70
2.614179199999853,0.0,100.0,70
2.646172300001126,0.0,100.0,70
2.678268300000127,0.0,100.0,70
2.710220200000549,0.0,100.0,70
2.7422017000008054,0.0,100.0,70
2.7743837000016356,0.0,100.0,70
2.806623300000865,0.0,100.0,70
2.8380854000006366,0.0,100.0,70
2.8701441000011982,0.0,100.0,70
2.902169100001629,0.0,100.0,70
2.934170800001084,0.0,100.0,70
2.966167000000496,0.0,100.0,70
3.0141868999999133,0.0,100.0,70
3.046088000000964,0.68093385,100.0,70
3.0781126000001677,0.68093385,100.0,70
3.1102053000013257,0.13618676999999968,100.0,70
3.1422424000011233,0.68093385,100.0,70
3.1741544000014983,0.68093385,100.0,70
3.2061619000014616,0.13618676999999968,100.0,70
3.238149100001465,0.68093385,100.0,70
3.270161600001302,0.68093385,100.0,70
3.3020654000010836,0.68093385,100.0,70
3.334057500000199,0.68093385,100.0,70
3.366178199999922,0.8171206199999999,100.0,70
3.4142112000008638,0.8171206199999999,100.0,70
3.4460694000008516,0.8171206199999999,100.0,70
3.4784717000002274,0.8171206199999999,100.0,70
3.5102193000002444,0.8171206199999999,100.0,70
3.5422582999999577,0.95330739,100.0,70
3.574152500001219,0.95330739,100.0,70
3.6061382000007143,0.54474708,100.0,70
3.6381986000014876,0.68093385,100.0,70
3.6702283000013267,0.8171206199999999,100.0,70
3.702139700000771,1.08949416,100.0,70
3.734234200001083,1.22568093,100.0,70
3.7661913000010827,1.49805447,100.0,70
3.8141881999999896,1.77042801,100.0,70
3.846066100000826,2.04280155,100.0,70
3.8782769000008557,2.3151750900000003,100.0,70
3.910274500000014,2.7237354000000003,100.0,70
3.9422445000000153,4.630350180000001,100.0,70
3.97426600000108,4.22178987,100.0,70
4.00615629999993,4.630350180000001,100.0,70
4.03810440000052,4.766536950000001,100.0,70
4.070123600000443,4.902723720000001,100.0,70
4.102141400000619,5.4474708000000005,100.0,70
4.134180600000036,5.99221788,100.0,70
4.166203600001609,6.536964960000001,100.0,70
4.214128800000253,7.217898810000001,100.0,70
4.2461169000016525,7.89883266,100.0,70
4.278392199999871,8.57976651,100.0,70
4.310127100001409,9.260700360000001,100.0,70
4.342178599999897,9.94163421,100.0,70
4.3741660000014235,10.62256806,100.0,70
4.406254700001227,11.439688680000001,100.0,70
4.4381812999999966,12.256809300000002,100.0,70
4.470260200001576,13.073929920000001,100.0,70
4.502290800000992,13.891050540000002,100.0,70
4.534370800000033,14.708171160000001,100.0,70
4.566082800000004,15.525291780000002,100.0,70
4.614087300000392,16.478599170000003,100.0,70
4.646251699999993,17.29571979,100.0,70
4.678059800000483,18.249027180000002,100.0,70
4.710178100000121,19.20233457,100.0,70
4.7421713000003365,20.15564196,100.0,70
4.774126100001013,20.97276258,100.0,70
4.806205500000942,21.926069970000004,100.0,70
4.838171500001408,22.74319059,100.0,70
4.870046000000002,23.696497980000004,100.0,70
4.902189300000828,24.78599214,100.0,70
4.934165600001506,25.603112760000002,100.0,70
4.966154200001256,26.55642015,100.0,70
5.0142599000009795,27.645914310000002,100.0,70
5.046178800001144,28.735408470000003,100.0,70
5.0781650000008085,29.824902630000004,100.0,70
5.11016710000149,30.914396790000005,100.0,70
5.142116100001658,32.00389095,100.0,70
5.174265000001469,32.957198340000005,100.0,70
5.206263500000205,34.18287927,100.0,70
5.238210100000288,35.27237343,100.0,70
5.270111300000281,36.36186759,100.0,70
5.302182600000378,37.451361750000004,100.0,70
5.334178000000975,38.67704268000001,100.0,70
5.366402300000118,39.76653684,100.0,70
5.414181600001029,40.856031,100.0,70
5.446137800001452,42.081711930000004,100.0,70
5.478226900000664,43.30739286000001,100.0,70
5.5101413000011235,44.53307379,100.0,70
5.542193000001134,45.758754720000006,100.0,70
5.574146400000245,46.98443565,100.0,70
5.60626350000166,48.07392981,100.0,70
5.638178600000174,49.299610740000006,100.0,70
5.670171499999924,50.52529167,100.0,70
5.702037800001563,51.750972600000004,100.0,70
5.73427570000058,49.708171050000004,100.0,70
5.766272300001219,50.93385198000001,100.0,70
5.81409160000112,52.15953291,100.0,70
5.846141500000158,53.52140061000001,97.68520669490194,70
5.878201600000466,54.74708154,95.37804259137253,70
5.910078400000202,55.972762470000006,93.07087848784312,70
5.9421974000015325,57.334630170000004,90.50736281725489,70
5.974148700001024,58.56031110000001,88.20019871372547,70
6.006012400001055,59.78599203,85.89303461019607,70
6.03808140000001,61.011672960000006,83.58587050666667,70
6.070131500000571,62.37354066,81.02235483607842,70
6.102314700001443,62.918287740000004,79.99694856784313,70
6.13420060000135,62.918287740000004,79.99694856784313,70
6.16619990000072,62.918287740000004,79.99694856784313,70
6.214132000000973,62.918287740000004,79.99694856784313,70
6.246179000001575,62.918287740000004,79.99694856784313,70
6.278115800001615,24.78599214,100.0,70
6.310218500000701,25.194552450000003,100.0,70
6.342128800000864,62.918287740000004,79.99694856784313,70
6.37417220000134,62.918287740000004,79.99694856784313,70
6.406219300000885,62.918287740000004,79.99694856784313,70
6.438082300001042,62.918287740000004,79.99694856784313,70
6.470425100000284,62.918287740000004,79.99694856784313,70
6.502289400001246,62.918287740000004,79.99694856784313,70
6.534201200000098,62.918287740000004,79.99694856784313,70
6.566274400000111,62.918287740000004,79.99694856784313,70
6.614178700001503,62.918287740000004,79.99694856784313,70
6.646131500001502,62.918287740000004,79.99694856784313,70
6.678055700000186,62.918287740000004,79.99694856784313,70
6.710099500000069,62.918287740000004,79.99694856784313,70
6.742190100001608,62.918287740000004,79.99694856784313,70
6.774215200000981,62.918287740000004,79.99694856784313,70
6.806137700001273,62.918287740000004,79.99694856784313,70
6.838387700001476,62.918287740000004,79.99694856784313,70
6.870363600000928,62.918287740000004,79.99694856784313,70
6.9021820000016305,62.918287740000004,79.99694856784313,70
6.934149300001081,62.918287740000004,79.99694856784313,70
6.966120500001125,62.918287740000004,79.99694856784313,70
7.0141378000007535,62.918287740000004,79.99694856784313,70
7.046205100001316,62.918287740000004,79.99694856784313,70
7.078120600001057,62.918287740000004,79.99694856784313,70
7.110189900000478,62.918287740000004,79.99694856784313,70
7.142126900000221,62.918287740000004,79.99694856784313,70
7.174120200001198,25.05836568,100.0,70
7.206121400000484,24.241245060000004,100.0,70
7.238287300000593,25.05836568,100.0,70
7.270227400000294,25.05836568,100.0,70
7.302143500000966,25.05836568,100.0,70
7.334075900000244,25.05836568,100.0,70
7.36608890000025,25.05836568,100.0,70
7.414157700000942,23.28793767,100.0,70
7.4461172000010265,23.968871520000004,100.0,70
7.478083700001662,36.22568082,100.0,70
7.5101250000006985,23.28793767,100.0,70
7.542114900001252,37.72373529,100.0,70
7.5742463000005955,36.7704279,100.0,70
7.60642689999986,35.953307280000004,100.0,70
7.638157700001102,36.7704279,100.0,70
7.670126100001653,38.26848237,100.0,70
7.702171300001282,38.94941622,100.0,70
7.734234100000322,36.22568082,100.0,70
7.766269000001557,38.81322945,100.0,70
7.814189700000497,38.40466914,100.0,70
7.846134400000665,36.7704279,100.0,70
7.878230900001654,36.63424113000001,100.0,70
7.9102369000011095,37.451361750000004,100.0,70
7.942751800001133,36.089494050000006,100.0,70
7.974251999999979,35.953307280000004,100.0,70
8.006388800000423,37.31517498,100.0,70
8.038365899999917,35.544746970000006,100.0,70
8.070501300000615,35.68093374,100.0,70
8.102270100000169,36.089494050000006,100.0,70
8.134127100000114,35.953307280000004,100.0,70
8.166263400000389,35.953307280000004,100.0,70
8.214249600001494,35.81712051,100.0,70
8.24625019999985,23.151750900000003,100.0,70
8.278377500000715,23.28793767,100.0,70
8.310417600001529,23.01556413,100.0,70
8.342373299999963,23.151750900000003,100.0,70
8.374096000001373,23.01556413,100.0,70
8.406257100001312,23.28793767,100.0,70
8.438250300001528,23.151750900000003,100.0,70
8.470302900001116,23.151750900000003,100.0,70
8.502191200001107,22.47081705,100.0,70
8.534326100001635,23.28793767,100.0,70
8.566192900001624,23.151750900000003,100.0,70
8.6142147999999,23.28793767,100.0,70
8.646188200000324,23.01556413,100.0,70
8.678579600000376,22.47081705,100.0,70
8.710626000000047,35.68093374,100.0,70
8.742288000001281,23.151750900000003,100.0,70
8.774277200000142,22.74319059,100.0,70
8.806180300000051,35.544746970000006,100.0,70
8.838200800000777,35.953307280000004,100.0,70
8.87011160000111,35.544746970000006,100.0,70
8.902151600001162,35.544746970000006,100.0,70
8.934175600001254,35.544746970000006,100.0,70
8.966260799999873,35.68093374,100.0,70
9.014281700001447,35.544746970000006,100.0,70
9.046884299999874,35.544746970000006,100.0,70
9.07862170000044,35.68093374,100.0,70
9.110246900001584,35.408560200000004,100.0,70
9.142250500000955,35.544746970000006,100.0,70
9.17431680000118,35.544746970000006,100.0,70
9.206249100001514,34.0466925,100.0,70
9.23871920000056,35.408560200000004,100.0,70
9.270548600001348,35.544746970000006,100.0,70
9.302345800000694,35.408560200000004,100.0,70
9.334432100000413,35.408560200000004,100.0,70
9.36642430000029,34.31906604,100.0,70
9.414653600000747,35.544746970000006,100.0,70
9.446834400001535,35.544746970000006,100.0,70
9.478334200000972,35.408560200000004,100.0,70
9.51028210000004,35.544746970000006,100.0,70
9.542367300000478,35.27237343,100.0,70
9.574204100001225,35.408560200000004,100.0,70
9.606403499999942,35.408560200000004,100.0,70
9.638182100001359,35.544746970000006,100.0,70
9.670173700000305,35.544746970000006,100.0,70
9.702106700000513,35.544746970000006,100.0,70
9.734169200000906,35.68093374,100.0,70
9.766120700000101,35.68093374,100.0,70
9.814314500001274,35.81712051,100.0,70
9.84615389999999,35.81712051,100.0,70
9.878083900001002,35.544746970000006,100.0,70
9.910129100000631,35.544746970000006,100.0,70
9.942249700001412,35.544746970000006,100.0,70
9.974140700000135,35.68093374,100.0,70
10.006140700001197,35.544746970000006,100.0,70
10.038198300000658,35.953307280000004,100.0,70
10.070107900000949,35.81712051,100.0,70
10.102207100000669,35.953307280000004,100.0,70
10.134191400000418,36.089494050000006,100.0,70
10.166232200001105,35.953307280000004,100.0,70
10.214082899999994,35.953307280000004,100.0,70
10.246199100000013,36.089494050000006,100.0,70
10.278200600001583,35.953307280000004,100.0,70
10.310184100000697,35.81712051,100.0,70
10.34216220000053,35.81712051,100.0,70
10.374157400001423,35.953307280000004,100.0,70
10.40615340000113,35.953307280000004,100.0,70
10.438191400000505,35.953307280000004,100.0,70
10.470139400000335,36.089494050000006,100.0,70
10.502188300000853,35.953307280000004,100.0,70
10.534320800001296,36.089494050000006,100.0,70
10.566415700001016,35.953307280000004,100.0,70
10.614897299999939,35.953307280000004,100.0,70
10.646195600000283,35.81712051,100.0,70
10.67822470000101,36.089494050000006,100.0,70
10.710204000000886,36.089494050000006,100.0,70
10.742224700001316,35.953307280000004,100.0,70
10.774067000000286,35.953307280000004,100.0,70
10.806258500000695,36.089494050000006,100.0,70
10.838212200000271,36.089494050000006,100.0,70
10.870160000000396,36.089494050000006,100.0,70
10.902188500000193,35.953307280000004,100.0,70
10.934229899999991,35.953307280000004,100.0,70
10.966117300000406,36.089494050000006,100.0,70
11.01415249999991,36.089494050000006,100.0,70
11.046058500000072,35.953307280000004,100.0,70
11.078084800001307,35.953307280000004,100.0,70
11.110150800001065,35.953307280000004,100.0,70
11.142202500001076,36.089494050000006,100.0,70
11.17410050000035,36.22568082,100.0,70
11.206145600001037,35.953307280000004,100.0,70
11.238068500000736,35.953307280000004,100.0,70
11.270468500000788,35.953307280000004,100.0,70
11.302330800001073,35.953307280000004,100.0,70
11.334105900001305,36.22568082,100.0,70
11.366200200000094,35.953307280000004,100.0,70
11.414158500001577,35.81712051,100.0,70
11.446099100001447,35.68093374,100.0,70
11.47816740000053,35.81712051,100.0,70
11.510087500000736,35.953307280000004,100.0,70
11.542266800001016,35.68093374,100.0,70
11.574209600001268,35.81712051,100.0,70
11.606797700000243,35.953307280000004,100.0,70
11.638844200000676,35.953307280000004,100.0,70
11.670341800001552,36.089494050000006,100.0,70
11.70209900000009,36.089494050000006,100.0,70
11.734076100001403,35.953307280000004,100.0,70
11.76611260000027,35.953307280000004,100.0,70
11.814086300000781,35.544746970000006,100.0,70
11.846110600001339,35.953307280000004,100.0,70
11.87796680000065,35.544746970000006,100.0,70
11.910097600000881,35.408560200000004,100.0,70
11.942049000001134,35.953307280000004,100.0,70
11.974066400000083,35.953307280000004,100.0,70
12.00624659999994,35.953307280000004,100.0,70
12.03822460000083,36.22568082,100.0,70
12.070100700000694,36.7704279,100.0,70
12.102098800000022,35.408560200000004,100.0,70
12.134109300001,36.90661467,100.0,70
12.166165100001308,36.089494050000006,100.0,70
12.214113600000928,35.953307280000004,100.0,70
12.246129099999962,35.953307280000004,100.0,70
12.278071400000044,35.953307280000004,100.0,70
12.310155900000609,35.81712051,100.0,70
12.342187600001125,35.953307280000004,100.0,70
12.374353000001065,36.089494050000006,100.0,70
12.40642680000019,35.953307280000004,100.0,70
12.438130399999864,35.953307280000004,100.0,70
12.47014500000114,35.81712051,100.0,70
12.50217590000102,35.953307280000004,100.0,70
12.53413830000136,35.953307280000004,100.0,70
12.56612590000077,36.089494050000006,100.0,70
12.61406420000094,35.81712051,100.0,70
12.646148499999981,35.953307280000004,100.0,70
12.678046600000016,35.953307280000004,100.0,70
12.710163499999908,35.953307280000004,100.0,70
12.742593599999964,35.953307280000004,100.0,70
12.774596100000053,35.953307280000004,100.0,70
12.806157800001529,35.953307280000004,100.0,70
12.838102600000639,35.544746970000006,100.0,70
12.870182600001499,35.953307280000004,100.0,70
12.902219900001,35.953307280000004,100.0,70
12.934272400001646,35.953307280000004,100.0,70
12.966215700000248,36.089494050000006,100.0,70
13.014273000000685,35.81712051,100.0,70
13.046225699999923,35.81712051,100.0,70
13.078468900001099,36.089494050000006,100.0,70
13.110820900001272,35.953307280000004,100.0,70
13.142525400000522,35.953307280000004,100.0,70
13.17434190000131,35.953307280000004,100.0,70
13.206179300001168,35.81712051,100.0,70
13.238253600000462,35.81712051,100.0,70
13.270137800000157,36.7704279,100.0,70
13.30218270000114,35.81712051,100.0,70
13.334159,35.544746970000006,100.0,70
13.366172400001233,36.7704279,100.0,70
13.414134800001193,35.68093374,100.0,70
13.446001800000886,37.042801440000005,100.0,70
13.478230500000791,35.953307280000004,100.0,70
13.510510500000237,35.953307280000004,100.0,70
13.54223340000135,36.089494050000006,100.0,70
13.574107899999944,35.953307280000004,100.0,70
13.606211400001484,35.544746970000006,100.0,70
13.638248300001578,35.544746970000006,100.0,70
13.670170000001235,35.953307280000004,100.0,70
13.702066400001058,35.27237343,100.0,70
13.734178800001246,35.408560200000004,100.0,70
13.766176800001631,35.953307280000004,100.0,70
13.814166200001637,35.27237343,100.0,70
13.846415900001375,35.953307280000004,100.0,70
13.878200600000127,36.90661467,100.0,70
13.910047200000918,35.81712051,100.0,70
13.942113300001438,35.953307280000004,100.0,70
13.974162200000137,36.7704279,100.0,70
14.006176800001413,35.544746970000006,100.0,70
14.038082800001575,35.953307280000004,100.0,70
14.07018590000007,36.63424113000001,100.0,70
14.102258599999914,35.408560200000004,100.0,70
14.134163900000203,35.68093374,100.0,70
14.166197100001227,36.63424113000001,100.0,70
14.214588200000435,35.544746970000006,100.0,70
14.246399200001179,35.544746970000006,100.0,70
14.278082600001653,36.63424113000001,100.0,70
14.310204500001419,35.544746970000006,100.0,70
14.342265900000712,35.408560200000004,100.0,70
14.374175200000536,36.7704279,100.0,70
14.406154199999946,35.544746970000006,100.0,70
14.438129800000752,36.089494050000006,100.0,70
14.47018670000034,36.63424113000001,100.0,70
14.502200900000389,35.81712051,100.0,70
14.534158200000093,36.90661467,100.0,70
14.56615630000124,36.7704279,100.0,70
14.614160000000993,36.36186759,100.0,70
14.64618320000045,35.953307280000004,100.0,70
14.678011200001492,36.7704279,100.0,70
14.710165500000585,36.63424113000001,100.0,70
14.74208660000113,36.90661467,100.0,70
14.774132600001394,36.22568082,100.0,70
14.806072100000165,36.63424113000001,100.0,70
14.838110800001232,36.498054360000005,100.0,70
14.870552100001078,36.7704279,100.0,70
14.902116200000819,35.953307280000004,100.0,70
14.934112400000231,35.408560200000004,100.0,70
14.966559400001643,35.953307280000004,100.0,70
15.014257500000895,35.953307280000004,100.0,70
15.046283400000902,35.408560200000004,100.0,70
15.078175700000429,36.7704279,100.0,70
15.110147100000177,35.408560200000004,100.0,70
15.142154900000605,35.953307280000004,100.0,70
15.174249600000621,36.7704279,100.0,70
15.206297100001393,35.953307280000004,100.0,70
15.238167900000917,36.7704279,100.0,70
15.270197000001644,36.63424113000001,100.0,70
15.30219180000131,35.953307280000004,100.0,70
15.334243900000729,36.089494050000006,100.0,70
15.36624490000031,36.089494050000006,100.0,70
15.41420079999989,35.81712051,100.0,70
15.44615160000103,36.7704279,100.0,70
15.478171400000065,36.7704279,100.0,70
15.510139400001208,34.31906604,100.0,70
15.5421323999999,30.914396790000005,100.0,70
15.574230700000044,25.603112760000002,100.0,70
15.606137800001306,35.953307280000004,100.0,70
15.638266200001453,36.7704279,100.0,70
15.670148100000006,37.996108830000004,100.0,70
15.702638300001126,38.26848237,100.0,70
15.734487800000352,36.089494050000006,100.0,70
15.766274600000543,36.089494050000006,100.0,70
15.814145199999984,37.85992206,100.0,70
15.846140700001342,35.953307280000004,100.0,70
15.87828570000056,37.451361750000004,100.0,70
15.910314400000061,35.953307280000004,100.0,70
15.942070900000544,35.68093374,100.0,70
15.97434720000092,35.81712051,100.0,70
16.006194000001415,35.544746970000006,100.0,70
16.038181200001418,35.68093374,100.0,70
16.070263200001136,36.7704279,100.0,70
16.102186000000074,34.59143958000001,100.0,70
16.13418020000063,35.953307280000004,100.0,70
16.166107200000624,35.953307280000004,100.0,70
16.214214500001617,35.953307280000004,100.0,70
16.24605960000008,35.81712051,100.0,70
16.27808300000106,35.408560200000004,100.0,70
16.31009410000115,35.27237343,100.0,70
16.342195600000196,32.82101157,100.0,70
16.374356100001023,32.6848248,100.0,70
16.406242800001564,32.54863803,100.0,70
16.438654500001576,32.412451260000005,100.0,70
16.47037310000087,32.412451260000005,100.0,70
16.50225500000124,32.54863803,100.0,70
16.534056899999996,32.412451260000005,100.0,70
16.566255900001124,32.412451260000005,100.0,70
16.6141017000009,32.412451260000005,100.0,70
16.646165400001337,32.27626449,100.0,70
16.678123100000448,32.27626449,100.0,70
16.710132300000623,32.412451260000005,100.0,70
16.742180900000676,32.412451260000005,100.0,70
16.774210999999923,32.412451260000005,100.0,70
16.80622519999997,32.412451260000005,100.0,70
16.838158500000645,32.412451260000005,100.0,70
16.87018790000002,32.54863803,100.0,70
16.902232899999944,32.412451260000005,100.0,70
16.934142600000996,32.412451260000005,100.0,70
16.966133400001127,32.6848248,100.0,70
17.0141104000013,32.54863803,100.0,70
17.046239100000093,33.09338511,100.0,70
17.07815770000161,32.82101157,100.0,70
17.11032740000155,32.957198340000005,100.0,70
17.14219680000133,32.957198340000005,100.0,70
17.174803200001406,32.957198340000005,100.0,70
17.20618530000138,33.09338511,100.0,70
17.23815960000138,33.365758650000004,100.0,70
17.270116000001508,35.408560200000004,100.0,70
17.30214100000012,34.18287927,100.0,70
17.334206900000936,35.408560200000004,100.0,70
17.36624699999993,35.81712051,100.0,70
17.41413350000039,35.544746970000006,100.0,70
17.446164800001497,35.81712051,100.0,70
17.478236500001003,35.81712051,100.0,70
17.510446800000864,35.81712051,100.0,70
17.542664500000683,35.68093374,100.0,70
17.57422570000017,34.18287927,100.0,70
17.606120600001304,35.68093374,100.0,70
17.638195700001233,35.81712051,100.0,70
17.670095700001184,35.544746970000006,100.0,70
17.702177400000437,34.455252810000005,100.0,70
17.734139200001664,35.81712051,100.0,70
17.766126300000906,34.18287927,100.0,70
17.814106200001333,34.31906604,100.0,70
17.846166500001345,35.81712051,100.0,70
17.87822469999992,34.18287927,100.0,70
17.91047570000046,34.0466925,100.0,70
17.942544200001066,34.18287927,100.0,70
17.974143000001277,34.18287927,100.0,70
18.00613670000166,34.18287927,100.0,70
18.03812580000158,34.0466925,100.0,70
18.07017470000028,35.408560200000004,100.0,70
18.10205270000006,35.68093374,100.0,70
18.13409330000104,35.953307280000004,100.0,70
18.16611710000143,34.18287927,100.0,70
18.19816560000072,35.544746970000006,100.0,70
18.24606270000004,35.68093374,100.0,70
18.278236000000106,35.68093374,100.0,70
18.310223400001632,35.81712051,100.0,70
18.342179100000067,35.81712051,100.0,70
18.374209500001598,35.68093374,100.0,70
18.40622600000097,35.953307280000004,100.0,70
18.438255000000936,34.18287927,100.0,70
18.470121700000163,34.18287927,100.0,70
18.5020798000005,34.31906604,100.0,70
18.53425900000002,35.953307280000004,100.0,70
18.56626890000007,36.089494050000006,100.0,70
18.598110100001577,35.81712051,100.0,70
18.64643360000082,35.68093374,100.0,70
18.678314700000556,35.953307280000004,100.0,70
18.710133500000666,36.089494050000006,100.0,70
18.74218590000055,35.81712051,100.0,70
18.774288700000398,35.68093374,100.0,70
18.806260100000145,35.68093374,100.0,70
18.838150300000052,35.953307280000004,100.0,70
18.870161599999847,35.953307280000004,100.0,70
18.902110000000903,35.68093374,100.0,70
18.934199200000876,34.18287927,100.0,70
18.966268000000127,34.0466925,100.0,70
18.99819639999987,34.18287927,100.0,70
19.046201300001485,34.18287927,100.0,70
19.07811000000038,33.910505730000004,100.0,70
19.110133300000598,32.412451260000005,100.0,70
19.142104200000176,32.412451260000005,100.0,70
19.17416840000078,32.27626449,100.0,70
19.206085499999972,33.22957188,100.0,70
19.238114300000234,33.09338511,100.0,70
19.27009590000125,32.6848248,100.0,70
19.30215500000122,33.09338511,100.0,70
19.334105400001135,32.82101157,100.0,70
19.365985500000534,32.412451260000005,100.0,70
19.39832110000134,32.412451260000005,100.0,70
19.446000700001605,32.412451260000005,100.0,70
19.47811880000154,23.151750900000003,100.0,70
19.51016720000007,23.01556413,100.0,70
19.542152900001383,32.412451260000005,100.0,70
19.574130300001343,23.151750900000003,100.0,70
19.606236600000557,32.27626449,100.0,70
19.638937700001406,32.412451260000005,100.0,70
19.67100820000087,23.151750900000003,100.0,70
19.702864100001534,32.412451260000005,100.0,70
19.734777900001063,32.412451260000005,100.0,70
19.766297100000884,23.151750900000003,100.0,70
19.79819150000003,32.27626449,100.0,70
19.84617640000033,32.412451260000005,100.0,70
19.878171199999997,32.82101157,100.0,70
19.91019090000009,32.412451260000005,100.0,70
19.942230200000267,32.412451260000005,100.0,70
19.9740567000008,32.54863803,100.0,70
20.006194700001288,32.27626449,100.0,70
20.03817110000091,32.54863803,100.0,70
20.070206000000326,33.22957188,100.0,70
20.102153600000747,33.22957188,100.0,70
20.13429830000132,32.412451260000005,100.0,70
20.166557500000636,32.412451260000005,100.0,70
20.19818530000157,32.412451260000005,100.0,70
20.246219900000142,32.27626449,100.0,70
20.278196799999932,32.412451260000005,100.0,70
20.310228300000745,33.63813219,100.0,70
20.342180500001632,32.412451260000005,100.0,70
20.37423459999991,32.54863803,100.0,70
20.406036800000948,33.22957188,100.0,70
20.43801800000074,33.22957188,100.0,70
20.470038900000873,32.54863803,100.0,70
20.502332000000024,32.412451260000005,100.0,70
20.534360900001047,32.412451260000005,100.0,70
20.56612210000094,32.412451260000005,100.0,70
20.598200800000996,32.412451260000005,100.0,70
20.646095300000525,32.412451260000005,100.0,70
20.67795010000009,23.28793767,100.0,70
20.709968300001492,32.412451260000005,100.0,70
20.742283999999927,32.54863803,100.0,70
20.77415580000161,32.412451260000005,100.0,70
20.806127700001525,32.412451260000005,100.0,70
20.838030800001434,32.27626449,100.0,70
20.870289100001173,23.28793767,100.0,70
20.9022530000002,32.412451260000005,100.0,70
20.93421750000016,32.27626449,100.0,70
20.96627020000051,32.14007772,100.0,70
20.998243800000637,32.412451260000005,100.0,70
21.046006700000362,32.412451260000005,100.0,70
21.07806900000105,32.412451260000005,100.0,70
21.110039099999995,33.22957188,100.0,70
21.142114900001616,32.412451260000005,100.0,70
21.17415489999985,23.151750900000003,100.0,70
21.206106600000567,32.412451260000005,100.0,70
21.23827430000165,32.54863803,100.0,70
21.27020580000135,32.54863803,100.0,70
21.302177100000335,32.412451260000005,100.0,70
21.33408000000054,32.412451260000005,100.0,70
21.366109000000506,32.412451260000005,100.0,70
21.398239500000273,32.54863803,100.0,70
21.44604470000013,32.412451260000005,100.0,70
21.47814930000095,32.412451260000005,100.0,70
21.510095999999976,33.09338511,100.0,70
21.542093500000192,32.82101157,100.0,70
21.5740980999999,32.412451260000005,100.0,70
21.606233200000133,32.412451260000005,100.0,70
21.638153100000636,32.412451260000005,100.0,70
21.67015900000115,33.09338511,100.0,70
21.702119000001403,33.09338511,100.0,70
21.734271799999988,33.09338511,100.0,70
21.766189300000406,32.412451260000005,100.0,70
21.79819690000113,32.412451260000005,100.0,70
21.846175700000458,32.412451260000005,100.0,70
21.877973000000566,32.957198340000005,100.0,70
21.910138900000675,33.09338511,100.0,70
21.942076200000884,33.09338511,100.0,70
21.974320100000114,32.412451260000005,100.0,70
22.00619110000116,32.412451260000005,100.0,70
22.038135000000693,32.412451260000005,100.0,70
22.070117900000696,33.22957188,100.0,70
22.10211430000163,33.22957188,100.0,70
22.1341594000005,32.412451260000005,100.0,70
22.166127600001346,33.09338511,100.0,70
22.198102899999867,33.22957188,100.0,70
22.246025800001007,32.412451260000005,100.0,70
22.27813310000056,33.09338511,100.0,70
22.309972000000926,23.01556413,100.0,70
22.342307599999913,32.412451260000005,100.0,70
22.37416310000117,32.412451260000005,100.0,70
22.406237500001225,23.151750900000003,100.0,70
22.438189400001647,32.412451260000005,100.0,70
22.47012690000156,23.424124440000003,100.0,70
22.502126600000338,23.151750900000003,100.0,70
22.534085600000253,25.05836568,100.0,70
22.566085100001146,23.151750900000003,100.0,70
22.59806110000136,23.28793767,100.0,70
22.64609830000154,32.412451260000005,100.0,70
22.678089099999852,23.832684750000002,100.0,70
22.71019560000059,33.22957188,100.0,70
22.74216620000152,32.412451260000005,100.0,70
22.774059900000793,32.412451260000005,100.0,70
22.80607990000135,32.27626449,100.0,70
22.838108400001147,31.050583560000003,100.0,70
22.870004600001266,32.00389095,100.0,70
22.902109399999972,32.14007772,100.0,70
22.93415190000087,31.595330640000004,100.0,70
22.965998600000603,31.595330640000004,100.0,70
22.998129300000073,32.14007772,100.0,70
23.046058700001595,31.595330640000004,100.0,70
23.07833270000083,31.731517410000002,100.0,70
23.11017730000094,31.731517410000002,100.0,70
23.142158800001198,31.731517410000002,100.0,70
23.174100300000646,31.731517410000002,100.0,70
23.205984800000806,31.731517410000002,100.0,70
23.238209900000584,31.731517410000002,100.0,70
23.270278100000723,32.412451260000005,100.0,70
23.30220200000076,32.412451260000005,100.0,70
23.334104800000205,32.27626449,100.0,70
23.366158200000427,32.14007772,100.0,70
23.398159100001067,32.412451260000005,100.0,70
23.446358099999998,32.14007772,100.0,70
23.478158200001417,32.00389095,100.0,70
23.510050500000943,32.27626449,100.0,70
23.542090599999938,32.14007772,100.0,70
23.57400790000065,32.412451260000005,100.0,70
23.606174900000042,32.27626449,100.0,70
23.63807690000067,32.412451260000005,100.0,70
23.670128200001272,32.412451260000005,100.0,70
23.70209109999996,32.412451260000005,100.0,70
23.734082200000557,32.412451260000005,100.0,70
23.766085799999928,32.412451260000005,100.0,70
23.79825979999987,32.27626449,100.0,70
23.846176700000797,32.27626449,100.0,70
23.878206400000636,32.412451260000005,100.0,70
23.91020540000136,32.27626449,100.0,70
23.942141300000003,32.412451260000005,100.0,70
23.974133100000472,32.412451260000005,100.0,70
24.00600470000063,32.412451260000005,100.0,70
24.038084800000433,32.412451260000005,100.0,70
24.070164300001125,32.27626449,100.0,70
24.10199360000115,32.412451260000005,100.0,70
24.134030000001076,32.412451260000005,100.0,70
24.16612239999995,32.27626449,100.0,70
24.198165700001482,32.412451260000005,100.0,70
24.246104600000763,32.412451260000005,100.0,70
24.278066000000763,32.412451260000005,100.0,70
24.309982000000673,32.27626449,100.0,70
24.342101199999888,32.412451260000005,100.0,70
24.374134700001377,32.412451260000005,100.0,70
24.406152100000327,32.412451260000005,100.0,70
24.438105500001257,32.27626449,100.0,70
24.470163300000422,32.412451260000005,100.0,70
24.502134400001523,32.412451260000005,100.0,70
24.53432410000096,32.14007772,100.0,70
24.566368100000545,32.412451260000005,100.0,70
24.59814650000044,32.412451260000005,100.0,70
24.646252700000332,32.14007772,100.0,70
24.678079700001035,32.14007772,100.0,70
24.710142100000667,32.27626449,100.0,70
24.742204300000594,32.412451260000005,100.0,70
24.774080799999865,32.27626449,100.0,70
24.806173100001615,32.412451260000005,100.0,70
24.83813320000081,32.412451260000005,100.0,70
24.870097400000304,32.412451260000005,100.0,70
24.90214520000154,32.412451260000005,100.0,70
24.934435900000608,32.27626449,100.0,70
24.966165300000284,32.27626449,100.0,70
24.998082500000237,32.14007772,100.0,70
25.046107400001347,32.27626449,100.0,70
25.078021200000876,32.412451260000005,100.0,70
25.11001220000071,32.27626449,100.0,70
25.14217230000031,32.27626449,100.0,70
25.17419140000129,32.27626449,100.0,70
25.206189300000915,32.412451260000005,100.0,70
25.238301400000637,32.00389095,100.0,70
25.270210200000292,32.27626449,100.0,70
25.30212759999995,32.27626449,100.0,70
25.3340318999999,32.412451260000005,100.0,70
25.36604620000071,32.412451260000005,100.0,70
25.398130100000344,32.14007772,100.0,70
25.446064400000978,32.412451260000005,100.0,70
25.478117500000735,32.412451260000005,100.0,70
25.510131600000022,32.412451260000005,100.0,70
25.542071700001543,32.412451260000005,100.0,70
25.574067400000786,32.27626449,100.0,70
25.606095900000582,32.412451260000005,100.0,70
25.638054800001555,32.412451260000005,100.0,70
25.670185400000264,32.412451260000005,100.0,70
25.702218400001584,32.27626449,100.0,70
25.734104400000433,32.27626449,100.0,70
25.7661121000001,32.14007772,100.0,70
25.798111699999936,32.27626449,100.0,70
25.846134800000073,32.27626449,100.0,70
25.878049200000532,31.595330640000004,100.0,70
25.91008090000105,31.867704180000004,100.0,70
25.94204510000054,31.731517410000002,100.0,70
25.974111800000173,32.14007772,100.0,70
26.006178500001624,31.731517410000002,100.0,70
26.03835700000127,31.459143870000002,100.0,70
26.070273700001053,31.18677033,100.0,70
26.102010800001153,31.18677033,100.0,70
26.134058900001037,31.18677033,100.0,70
26.166142900001432,32.14007772,100.0,70
26.198039599999902,31.867704180000004,100.0,70
26.246094000000085,31.731517410000002,100.0,70
26.278123400001277,25.194552450000003,100.0,70
26.31012170000031,23.28793767,100.0,70
26.342112300000736,32.412451260000005,100.0,70
26.37412740000036,32.412451260000005,100.0,70
26.406340999999884,32.412451260000005,100.0,70
26.438179200000377,32.412451260000005,100.0,70
26.470140000001265,32.412451260000005,100.0,70
26.502119000000675,32.412451260000005,100.0,70
26.534113400000933,32.27626449,100.0,70
26.56609380000009,32.412451260000005,100.0,70
26.598128800000268,32.412451260000005,100.0,70
26.646108700000696,32.00389095,100.0,70
26.677953000000343,32.27626449,100.0,70
26.710148400001344,32.27626449,100.0,70
26.742192600000635,32.27626449,100.0,70
26.77433480000036,32.14007772,100.0,70
26.8062428000012,31.867704180000004,100.0,70
26.838110600001528,32.14007772,100.0,70
26.870085100001234,32.14007772,100.0,70
26.90209010000035,31.731517410000002,100.0,70
26.934065500001452,32.00389095,100.0,70
26.9661415999999,32.14007772,100.0,70
26.99808269999994,31.595330640000004,100.0,70
27.046148800000083,32.00389095,100.0,70
27.07803590000003,32.14007772,100.0,70
27.109934400001293,31.595330640000004,100.0,70
27.142186900000524,31.322957100000004,100.0,70
27.174113700000817,32.14007772,100.0,70
27.206051600000137,32.412451260000005,100.0,70
27.238075500001287,32.27626449,100.0,70
27.270021400001497,32.14007772,100.0,70
27.302095400000326,31.731517410000002,100.0,70
27.334045600000536,32.27626449,100.0,70
27.366127300001608,32.412451260000005,100.0,70
27.398110500000257,31.595330640000004,100.0,70
27.446092500000304,31.595330640000004,100.0,70
27.478134000000864,32.27626449,100.0,70
27.51045840000006,31.595330640000004,100.0,70
27.542141600000832,32.14007772,100.0,70
27.574068600000828,32.14007772,100.0,70
27.606143599999996,32.14007772,100.0,70
27.63809980000042,31.595330640000004,100.0,70
27.669971300001635,31.867704180000004,100.0,70
27.70212410000022,31.595330640000004,100.0,70
27.734158900000693,32.412451260000005,100.0,70
27.766100100001495,32.14007772,100.0,70
27.798046500000055,32.27626449,100.0,70
27.84604070000023,30.914396790000005,100.0,70
27.878324000001157,32.00389095,100.0,70
27.91021990000081,32.412451260000005,100.0,70
27.942145700000765,32.412451260000005,100.0,70
27.974147700000685,32.14007772,100.0,70
28.00610300000153,31.731517410000002,100.0,70
28.0381225000001,32.00389095,100.0,70
28.07001710000077,32.412451260000005,100.0,70
28.10208860000057,32.27626449,100.0,70
28.134258400001272,32.412451260000005,100.0,70
28.166160600001604,32.412451260000005,100.0,70
28.198038700000325,32.412451260000005,100.0,70
28.246184800000265,32.412451260000005,100.0,70
28.27808670000013,32.27626449,100.0,70
28.310093699999925,31.867704180000004,100.0,70
28.342024700001275,32.27626449,100.0,70
28.374124500000107,32.14007772,100.0,70
28.406164200001513,32.412451260000005,100.0,70
28.438086000000112,32.412451260000005,100.0,70
28.470057300000917,32.27626449,100.0,70
28.502126299999873,32.14007772,100.0,70
28.53410790000089,32.412451260000005,100.0,70
28.565996400000586,32.412451260000005,100.0,70
28.598206000000573,32.14007772,100.0,70
28.64616610000121,32.412451260000005,100.0,70
28.678052500001286,32.27626449,100.0,70
28.7100371000015,32.27626449,100.0,70
28.74211490000016,32.412451260000005,100.0,70
28.774310000000696,32.412451260000005,100.0,70
28.80611940000017,32.14007772,100.0,70
28.838183600000775,32.27626449,100.0,70
28.869969800000035,31.595330640000004,100.0,70
28.90213180000137,32.412451260000005,100.0,70
28.934043700000984,32.27626449,100.0,70
28.966269100001227,32.00389095,100.0,70
28.998255500000596,32.27626449,100.0,70
29.04607770000075,32.14007772,100.0,70
29.078066600000966,32.14007772,100.0,70
29.11008370000127,32.412451260000005,100.0,70
29.142038400001184,32.412451260000005,100.0,70
29.17411450000145,32.14007772,100.0,70
29.206093100001453,32.412451260000005,100.0,70
29.23810990000129,31.731517410000002,100.0,70
29.27016850000109,32.27626449,100.0,70
29.302015200000824,32.27626449,100.0,70
29.334225000000515,32.412451260000005,100.0,70
29.366428500001348,32.412451260000005,100.0,70
29.39811700000064,32.14007772,100.0,70
29.446109500000603,32.14007772,100.0,70
29.478153200001543,32.27626449,100.0,70
29.510121500001333,32.412451260000005,100.0,70
29.541999000000942,32.412451260000005,100.0,70
29.574110600000495,32.412451260000005,100.0,70
29.606155800000124,31.867704180000004,100.0,70
29.638098700001137,25.33073922,100.0,70
29.670081700000082,25.194552450000003,100.0,70
29.70206270000017,25.33073922,100.0,70
29.734149400001115,25.194552450000003,100.0,70
29.76611159999993,25.194552450000003,100.0,70
29.79810499999985,25.05836568,100.0,70
29.84615660000054,25.33073922,100.0,70
29.878044700000828,25.466925990000004,100.0,70
29.91002280000066,25.05836568,100.0,70
29.942186800000854,25.33073922,100.0,70
29.974136000000726,25.33073922,100.0,70
30.006072800000766,25.05836568,100.0,70
30.03804720000153,25.33073922,100.0,70
30.070051100001365,24.78599214,100.0,70
30.10199670000111,25.194552450000003,100.0,70
30.134075200001462,25.33073922,100.0,70
30.166092900000876,25.33073922,100.0,70
30.19801220000045,25.05836568,100.0,70
30.24609480000072,25.194552450000003,100.0,70
30.27807870000106,25.33073922,100.0,70
30.31011160000162,25.33073922,100.0,70
30.342090500000268,25.194552450000003,100.0,70
30.374068300001454,25.05836568,100.0,70
30.406142300000283,25.05836568,100.0,70
30.438054000000193,25.05836568,100.0,70
30.47019200000068,25.194552450000003,100.0,70
30.502105100000335,24.922178910000003,100.0,70
30.534139600000344,25.194552450000003,100.0,70
30.566122300000643,25.05836568,100.0,70
30.59811460000128,26.284046610000004,100.0,70
30.64602610000111,26.284046610000004,100.0,70
30.678219100000206,26.284046610000004,100.0,70
30.710157600000457,26.284046610000004,100.0,70
30.74207540000134,25.466925990000004,100.0,70
30.774096700000882,25.194552450000003,100.0,70
30.806130300001314,26.284046610000004,100.0,70
30.838194100000692,25.33073922,100.0,70
30.8700972000006,25.194552450000003,100.0,70
30.902050400000007,25.194552450000003,100.0,70
30.934099400001287,25.33073922,100.0,70
30.966154200001256,25.33073922,100.0,70
30.998053500001333,25.466925990000004,100.0,70
31.046095400000922,25.466925990000004,100.0,70
31.078124900001058,25.194552450000003,100.0,70
31.11009550000017,25.194552450000003,100.0,70
31.142028800000844,25.05836568,100.0,70
31.17430020000029,25.194552450000003,100.0,70
31.206538100001126,25.194552450000003,100.0,70
31.23829300000034,25.194552450000003,100.0,70
31.27007490000142,25.194552450000003,100.0,70
31.302181000000928,24.5136186,100.0,70
31.334141600000294,25.194552450000003,100.0,70
31.366279200001372,25.194552450000003,100.0,70
31.398169100000814,24.78599214,100.0,70
31.446098500000517,23.696497980000004,100.0,70
31.4780995000001,35.953307280000004,100.0,70
31.510047300000224,36.089494050000006,100.0,70
31.542163699999946,23.424124440000003,100.0,70
31.574474900000496,25.05836568,100.0,70
31.606198200001018,36.089494050000006,100.0,70
31.638163600000553,23.28793767,100.0,70
31.670142800001486,35.953307280000004,100.0,70
31.70215680000001,36.22568082,100.0,70
31.73411550000128,23.28793767,100.0,70
31.766155500001332,25.466925990000004,100.0,70
31.798168700001042,25.603112760000002,100.0,70
31.845961300001363,22.879377360000003,100.0,70
31.877986999999848,35.953307280000004,100.0,70
31.910255800001323,25.603112760000002,100.0,70
31.942409700001008,23.151750900000003,100.0,70
31.97449410000081,36.089494050000006,100.0,70
32.006226600000446,36.089494050000006,100.0,70
32.03816470000129,22.47081705,100.0,70
32.0701896999999,35.953307280000004,100.0,70
32.102152200001,36.089494050000006,100.0,70
32.134225900001184,23.01556413,100.0,70
32.16622720000123,36.089494050000006,100.0,70
32.198049300001,36.089494050000006,100.0,70
32.24610440000106,23.28793767,100.0,70
32.27803470000072,35.953307280000004,100.0,70
32.310286500000075,36.089494050000006,100.0,70
32.34210390000044,23.28793767,100.0,70
32.374035800001366,35.953307280000004,100.0,70
32.40602399999989,36.089494050000006,100.0,70
32.438068200001,22.74319059,100.0,70
32.47035820000019,35.544746970000006,100.0,70
32.502315499999895,35.953307280000004,100.0,70
32.53442030000042,22.74319059,100.0,70
32.56626310000138,35.953307280000004,100.0,70
32.598085500001616,35.953307280000004,100.0,70
32.6460289000006,22.879377360000003,100.0,70
32.67836100000022,36.089494050000006,100.0,70
32.709924600001614,36.089494050000006,100.0,70
32.7421159000005,22.74319059,100.0,70
32.77409489999991,36.089494050000006,100.0,70
32.806115400000635,36.22568082,100.0,70
32.83807750000051,23.151750900000003,100.0,70
32.87012330000107,36.089494050000006,100.0,70
32.90207520000149,36.089494050000006,100.0,70
32.93420210000113,23.01556413,100.0,70
32.966251300000295,35.68093374,100.0,70
32.99818850000156,36.089494050000006,100.0,70
33.04683290000139,22.74319059,100.0,70
33.07827610000095,36.089494050000006,100.0,70
33.110099500001525,35.953307280000004,100.0,70
33.14205270000093,22.607003820000003,100.0,70
33.17415280000023,35.68093374,100.0,70
33.2061588000015,36.089494050000006,100.0,70
33.23810930000036,22.74319059,100.0,70
33.27026420000038,36.22568082,100.0,70
33.30247659999986,35.953307280000004,100.0,70
33.33406150000155,22.47081705,100.0,70
33.36611710000034,36.22568082,100.0,70
33.39833270000054,22.74319059,100.0,70
33.446244800001296,23.01556413,100.0,70
33.478051699999924,35.953307280000004,100.0,70
33.51008680000086,36.089494050000006,100.0,70
33.542133800001466,22.879377360000003,100.0,70
33.574090400001296,22.879377360000003,100.0,70
33.60603489999994,23.01556413,100.0,70
33.63811650000025,22.47081705,100.0,70
33.67008700000042,35.953307280000004,100.0,70
33.70215410000128,22.607003820000003,100.0,70
33.734109900000476,22.879377360000003,100.0,70
33.76637389999996,35.953307280000004,100.0,70
33.798274100001436,35.953307280000004,100.0,70
33.846177600000374,23.151750900000003,100.0,70
33.8781265000016,22.334630280000003,100.0,70
33.91017390000161,22.607003820000003,100.0,70
33.942152100000385,22.47081705,100.0,70
33.974072400000296,35.953307280000004,100.0,70
34.00606810000136,22.74319059,100.0,70
34.03807390000111,22.879377360000003,100.0,70
34.070157900001504,22.47081705,100.0,70
34.10206070000095,22.607003820000003,100.0,70
34.13435540000137,23.151750900000003,100.0,70
34.16640189999998,35.544746970000006,100.0,70
34.19811750000008,35.953307280000004,100.0,70
34.24671180000041,23.01556413,100.0,70
34.27813480000077,35.953307280000004,100.0,70
34.31009600000107,35.953307280000004,100.0,70
34.3422182000013,23.151750900000003,100.0,70
34.374170900000536,35.953307280000004,100.0,70
34.406141200001,35.953307280000004,100.0,70
34.43819900000017,23.151750900000003,100.0,70
34.47031310000057,35.68093374,100.0,70
34.50266139999985,36.089494050000006,100.0,70
34.534384300000966,23.151750900000003,100.0,70
34.5662994000013,35.953307280000004,100.0,70
34.59816460000002,35.953307280000004,100.0,70
34.64622589999999,23.151750900000003,100.0,70
34.678070600000865,35.953307280000004,100.0,70
34.71013889999995,35.953307280000004,100.0,70
34.742017399999895,23.01556413,100.0,70
34.774008200000026,36.089494050000006,100.0,70
34.80618090000098,36.089494050000006,100.0,70
34.83811620000051,23.01556413,100.0,70
34.870167500001116,35.68093374,100.0,70
34.90223200000037,36.089494050000006,100.0,70
34.93409950000023,23.01556413,100.0,70
34.96605610000006,35.953307280000004,100.0,70
34.99810250000155,36.089494050000006,100.0,70
35.046113200000036,22.607003820000003,100.0,70
35.078036700000666,36.089494050000006,100.0,70
35.11003940000046,36.089494050000006,100.0,70
35.14209090000077,22.879377360000003,100.0,70
35.17408560000149,35.68093374,100.0,70
35.20620380000037,36.089494050000006,100.0,70
35.23826010000084,35.68093374,100.0,70
35.270166000000245,36.089494050000006,100.0,70
35.30214370000067,35.953307280000004,100.0,70
35.33411359999991,22.74319059,100.0,70
35.3661428000014,35.68093374,100.0,70
35.398027600000205,35.953307280000004,100.0,70
35.44603280000047,35.953307280000004,100.0,70
35.47804500000166,35.544746970000006,100.0,70
35.51002830000107,36.22568082,100.0,70
35.541977300001236,22.74319059,100.0,70
35.57405730000028,36.089494050000006,100.0,70
35.60615500000131,36.089494050000006,100.0,70
35.6381833000014,23.01556413,100.0,70
35.67011610000009,22.607003820000003,100.0,70
35.70211170000039,35.953307280000004,100.0,70
35.73407850000149,22.879377360000003,100.0,70
35.76604650000081,22.74319059,100.0,70
35.79806500000086,22.74319059,100.0,70
35.846142400001554,23.01556413,100.0,70
35.87813009999991,22.74319059,100.0,70
35.910073200000625,35.953307280000004,100.0,70
35.9420697000005,23.151750900000003,100.0,70
35.974060600001394,35.953307280000004,100.0,70
36.00625900000159,35.953307280000004,100.0,70
36.037984000000506,22.74319059,100.0,70
36.070050600001196,35.81712051,100.0,70
36.10311170000023,36.089494050000006,100.0,70
36.13451570000143,23.01556413,100.0,70
36.166036800001166,35.953307280000004,100.0,70
36.198035000001255,35.953307280000004,100.0,70
36.24606560000029,22.607003820000003,100.0,70
36.278349199999866,36.089494050000006,100.0,70
36.310318600000755,35.68093374,100.0,70
36.3422513000005,22.607003820000003,100.0,70
36.37431490000017,36.089494050000006,100.0,70
36.40610150000066,35.544746970000006,100.0,70
36.43805750000138,36.089494050000006,100.0,70
36.470112800001516,35.544746970000006,100.0,70
36.50217850000081,35.68093374,100.0,70
36.53405130000101,35.544746970000006,100.0,70
36.5660953000006,36.089494050000006,100.0,70
36.59816750000027,35.953307280000004,100.0,70
36.64603239999997,35.953307280000004,100.0,70
36.678027800000564,35.544746970000006,100.0,70
36.710220000000845,35.953307280000004,100.0,70
36.742209,35.68093374,100.0,70
36.77404150000075,35.544746970000006,100.0,70
36.806116400000974,35.81712051,100.0,70
36.838121600001614,35.953307280000004,100.0,70
36.870121500000096,35.68093374,100.0,70
36.90213350000158,35.953307280000004,100.0,70
36.934172000001126,35.544746970000006,100.0,70
36.966154600000664,35.953307280000004,100.0,70
36.99810090000028,35.544746970000006,100.0,70
37.046068900001046,35.81712051,100.0,70
37.07848120000017,35.953307280000004,100.0,70
37.110280500000954,35.953307280000004,100.0,70
37.14208790000157,35.544746970000006,100.0,70
37.17410430000018,36.089494050000006,100.0,70
37.20612860000074,35.408560200000004,100.0,70
37.23817170000075,35.81712051,100.0,70
37.270237100001395,35.408560200000004,100.0,70
37.30229900000086,35.408560200000004,100.0,70
37.33405490000041,35.408560200000004,100.0,70
37.36619670000073,32.27626449,100.0,70
37.39809270000114,35.953307280000004,100.0,70
37.446380900000804,33.09338511,100.0,70
37.478615800000625,32.54863803,100.0,70
37.51119470000049,35.544746970000006,100.0,70
37.54201700000158,32.412451260000005,100.0,70
37.57402809999985,35.544746970000006,100.0,70
37.60619980000047,35.544746970000006,100.0,70
37.63819000000149,32.6848248,100.0,70
37.67008710000118,32.14007772,100.0,70
37.70211650000056,35.953307280000004,100.0,70
37.73423770000045,32.412451260000005,100.0,70
37.76630560000012,32.14007772,100.0,70
37.79801100000077,35.953307280000004,100.0,70
37.84631200000149,32.27626449,100.0,70
37.87800250000146,31.595330640000004,100.0,70
37.91003840000121,35.544746970000006,100.0,70
37.94209260000025,32.00389095,100.0,70
37.97407100000055,31.18677033,100.0,70
38.006117599999925,36.089494050000006,100.0,70
38.03805900000043,31.867704180000004,100.0,70
38.070143400000234,31.050583560000003,100.0,70
38.10209450000002,35.544746970000006,100.0,70
38.13398340000094,32.412451260000005,100.0,70
38.1660877000013,31.595330640000004,100.0,70
38.198223500001404,31.595330640000004,100.0,70
38.246186500000476,31.595330640000004,100.0,70
38.27805240000089,31.18677033,100.0,70
38.31004630000098,35.27237343,100.0,70
38.34213540000019,32.27626449,100.0,70
38.37405800000124,32.00389095,100.0,70
38.40605070000129,31.18677033,100.0,70
38.43807100000049,31.050583560000003,100.0,70
38.47014570000101,31.595330640000004,100.0,70
38.502114700000675,32.00389095,100.0,70
38.53408860000127,31.050583560000003,100.0,70
38.56615590000001,31.050583560000003,100.0,70
38.598186799999894,31.731517410000002,100.0,70
38.64605250000022,31.050583560000003,100.0,70
38.677991000000475,31.050583560000003,100.0,70
38.71005900000091,35.544746970000006,100.0,70
38.742048600001,32.14007772,100.0,70
38.77424250000149,31.18677033,100.0,70
38.806077400000504,31.595330640000004,100.0,70
38.837924200001,31.050583560000003,100.0,70
38.87009620000026,31.050583560000003,100.0,70
38.902115500000946,35.544746970000006,100.0,70
38.93430310000076,31.050583560000003,100.0,70
38.96621260000029,31.050583560000003,100.0,70
38.99801800000023,35.81712051,100.0,70
39.04595710000103,31.595330640000004,100.0,70
39.07912750000105,30.914396790000005,100.0,70
39.10994100000062,35.953307280000004,100.0,70
39.142071100000976,31.050583560000003,100.0,70
39.17414660000031,31.731517410000002,100.0,70
39.20611910000116,32.14007772,100.0,70
39.238118700000996,32.14007772,100.0,70
39.26996490000056,31.322957100000004,100.0,70
39.302185100001225,33.365758650000004,100.0,70
39.33416980000038,32.14007772,100.0,70
39.36606820000088,31.731517410000002,100.0,70
39.398093900001186,32.14007772,100.0,70
39.44604530000106,32.14007772,100.0,70
39.478092900000775,31.050583560000003,100.0,70
39.510360400001446,34.18287927,100.0,70
39.54211390000091,31.595330640000004,100.0,70
39.57406510000146,31.867704180000004,100.0,70
39.60608649999995,35.953307280000004,100.0,70
39.63818050000009,31.595330640000004,100.0,70
39.67052280000098,31.731517410000002,100.0,70
39.70224650000091,32.27626449,100.0,70
39.73414039999989,31.731517410000002,100.0,70
39.766070100000434,32.412451260000005,100.0,70
39.79813450000074,31.595330640000004,100.0,70
39.846015900000566,32.412451260000005,100.0,70
39.87803130000066,31.595330640000004,100.0,70
39.91011570000046,32.27626449,100.0,70
39.94221050000124,32.14007772,100.0,70
39.97406030000093,31.595330640000004,100.0,70
40.006024100001014,32.00389095,100.0,70
40.03819780000049,32.00389095,100.0,50
40.070252400000754,31.595330640000004,100.0,50
40.10212070000125,32.00389095,100.0,50
40.13406560000112,31.867704180000004,100.0,50
40.16606480000155,32.00389095,100.0,50
40.198114000000714,33.365758650000004,97.97817979607842,50
40.24602610000147,32.00389095,100.0,50
40.27812020000056,32.14007772,100.0,50
40.3101168000012,32.27626449,100.0,50
40.34219730000041,32.27626449,100.0,50
40.37420370000109,32.14007772,100.0,50
40.406548800001474,33.77431896,97.20912509490195,50
40.438261900000725,31.595330640000004,100.0,50
40.470162300000084,31.050583560000003,100.0,50
40.502070399999866,31.050583560000003,100.0,50
40.53415660000064,31.595330640000004,100.0,50
40.56611290000001,31.595330640000004,100.0,50
40.5980066000011,31.322957100000004,100.0,50
40.6460962000001,31.731517410000002,100.0,50
40.678086100000655,31.18677033,100.0,50
40.71005289999994,31.595330640000004,100.0,50
40.74203280000074,31.050583560000003,100.0,50
40.77448470000127,31.322957100000004,100.0,50
40.806495600001654,31.459143870000002,100.0,50
40.83827800000108,31.595330640000004,100.0,50
40.870083600000726,31.18677033,100.0,50
40.902147500000865,31.459143870000002,100.0,50
40.93415330000062,31.18677033,100.0,50
40.96616510000058,31.050583560000003,100.0,50
40.998222400001396,31.18677033,100.0,50
41.04618380000102,30.778210020000003,100.0,50
41.07815930000106,30.914396790000005,100.0,50
41.11016010000094,32.27626449,100.0,50
41.14274300000034,31.18677033,100.0,50
41.1741961000007,31.18677033,100.0,50
41.20613950000006,31.322957100000004,100.0,50
41.238119700001334,31.050583560000003,100.0,50
41.27010860000155,31.322957100000004,100.0,50
41.302086900001086,31.322957100000004,100.0,50
41.33404920000066,31.459143870000002,100.0,50
41.36615620000157,30.914396790000005,100.0,50
41.39818180000111,31.459143870000002,100.0,50
41.4462110000004,31.459143870000002,100.0,50
41.47801510000136,31.595330640000004,100.0,50
41.51055120000092,31.731517410000002,100.0,50
41.542309899999964,31.595330640000004,100.0,50
41.574108000000706,31.18677033,100.0,50
41.60621910000009,31.18677033,100.0,50
41.638105500000165,31.050583560000003,100.0,50
41.67008170000008,31.18677033,100.0,50
41.70212410000022,31.731517410000002,100.0,50
41.73411650000162,31.595330640000004,100.0,50
41.76619710000159,30.778210020000003,100.0,50
41.79817730000104,31.18677033,100.0,50
41.84593640000094,31.050583560000003,100.0,50
41.87804050000159,31.459143870000002,100.0,50
41.91001060000053,31.18677033,100.0,50
41.94210980000025,31.595330640000004,100.0,50
41.97409650000009,31.731517410000002,100.0,50
42.006070700001146,31.595330640000004,100.0,50
42.038120100000015,31.459143870000002,100.0,50
42.070064000001366,31.18677033,100.0,50
42.102330800000345,31.595330640000004,100.0,50
42.13430750000043,31.459143870000002,100.0,50
42.16617380000025,31.595330640000004,100.0,50
42.19811110000046,31.18677033,100.0,50
42.2465712000012,31.322957100000004,100.0,50
42.27815360000022,31.731517410000002,100.0,50
42.31018370000129,31.18677033,100.0,50
42.34217760000138,31.595330640000004,100.0,50
42.37416430000121,31.322957100000004,100.0,50
42.40609460000087,31.595330640000004,100.0,50
42.43800350000129,31.18677033,100.0,50
42.46995860000061,31.595330640000004,100.0,50
42.5020381000013,31.050583560000003,100.0,50
42.53409340000144,31.867704180000004,100.0,50
42.56611730000077,31.459143870000002,100.0,50
42.59812680000141,31.595330640000004,100.0,50
42.646352800000386,31.595330640000004,100.0,50
42.67800090000128,31.595330640000004,100.0,50
42.7100532000004,31.18677033,100.0,50
42.74208660000113,31.050583560000003,100.0,50
42.77432899999985,31.459143870000002,100.0,50
42.80629460000091,31.322957100000004,100.0,50
42.83820210000158,30.778210020000003,100.0,50
42.87017680000099,31.322957100000004,100.0,50
42.90205820000119,31.595330640000004,100.0,50
42.93416670000079,31.595330640000004,100.0,50
42.966027600001325,31.050583560000003,100.0,50
42.99863069999992,31.595330640000004,100.0,50
43.046047400001044,31.050583560000003,100.0,50
43.07807520000097,31.18677033,100.0,50
43.11014100000102,31.18677033,100.0,50
43.14198280000164,31.050583560000003,100.0,50
43.17407430000094,30.778210020000003,100.0,50
43.20607200000086,30.778210020000003,100.0,50
43.23805920000086,31.050583560000003,100.0,50
43.270061799999894,31.731517410000002,100.0,50
43.30202720000125,31.595330640000004,100.0,50
43.33411460000025,31.322957100000004,100.0,50
43.36631110000053,31.595330640000004,100.0,50
43.398230600001625,30.914396790000005,100.0,50
43.44611100000111,31.050583560000003,100.0,50
43.478138899999976,31.867704180000004,100.0,50
43.51016930000151,30.914396790000005,100.0,50
43.54206789999989,31.050583560000003,100.0,50
43.57401690000006,31.731517410000002,100.0,50
43.606105100001514,31.731517410000002,100.0,50
43.63808800000152,31.18677033,100.0,50
43.670002800001384,31.459143870000002,100.0,50
43.70202100000097,31.18677033,100.0,50
43.73422550000032,31.18677033,100.0,50
43.76632700000118,31.18677033,100.0,50
43.79802920000111,31.322957100000004,100.0,50
43.84612650000054,31.322957100000004,100.0,50
43.87805550000121,31.050583560000003,100.0,50
43.91002280000066,31.867704180000004,100.0,50
43.94206760000088,31.050583560000003,100.0,50
43.974034000000756,31.595330640000004,100.0,50
44.006031599999915,31.731517410000002,100.0,50
44.03801720000047,30.914396790000005,100.0,50
44.070040399999925,31.595330640000004,100.0,50
44.10221480000109,31.050583560000003,100.0,50
44.13422390000051,31.18677033,100.0,50
44.166095500000665,31.595330640000004,100.0,50
44.19809220000025,31.18677033,100.0,50
44.24603019999995,31.595330640000004,100.0,50
44.278017500000715,31.050583560000003,100.0,50
44.310149300001285,31.322957100000004,100.0,50
44.34208740000031,31.322957100000004,100.0,50
44.37400220000018,31.050583560000003,100.0,50
44.40606149999985,31.731517410000002,100.0,50
44.43831010000031,31.050583560000003,100.0,50
44.470370600000024,31.050583560000003,100.0,50
44.502258900000015,31.18677033,100.0,50
44.534154599999965,31.18677033,100.0,50
44.56614070000069,31.050583560000003,100.0,50
44.5981722000015,31.18677033,100.0,50
44.6461132000004,30.914396790000005,100.0,50
44.67812910000066,31.731517410000002,100.0,50
44.71021340000152,31.459143870000002,100.0,50
44.742090000001554,31.322957100000004,100.0,50
44.77450660000068,31.731517410000002,100.0,50
44.806058300000586,31.459143870000002,100.0,50
44.838419600000634,31.18677033,100.0,50
44.87016770000082,31.731517410000002,100.0,50
44.902109100001326,31.731517410000002,100.0,50
44.934117900000274,32.14007772,100.0,50
44.96619540000029,31.595330640000004,100.0,50
44.99821770000017,31.18677033,100.0,50
45.04616540000097,31.050583560000003,100.0,50
45.07806860000164,31.050583560000003,100.0,50
45.11007930000051,31.731517410000002,100.0,50
45.14201590000084,31.050583560000003,100.0,50
45.173998800000845,31.050583560000003,100.0,50
45.20614430000023,31.18677033,100.0,50
45.23820789999991,31.595330640000004,100.0,50
45.270087000000785,31.595330640000004,100.0,50
45.30203090000032,31.867704180000004,100.0,50
45.33406410000134,32.27626449,100.0,50
45.36605030000101,31.731517410000002,100.0,50
45.39814500000102,31.18677033,100.0,50
45.44605580000098,32.00389095,100.0,50
45.47807180000018,31.731517410000002,100.0,50
45.51000510000085,31.595330640000004,100.0,50
45.542042400000355,31.322957100000004,100.0,50
45.57440610000049,31.731517410000002,100.0,50
45.606493900000714,31.050583560000003,100.0,50
45.6381650000003,31.595330640000004,100.0,50
45.670194500000434,31.595330640000004,100.0,50
45.7021220000006,32.00389095,100.0,50
45.734035600000425,31.595330640000004,100.0,50
45.76610080000137,32.00389095,100.0,50
45.79804370000056,32.00389095,100.0,50
45.846040400001584,32.00389095,100.0,50
45.878056800000195,31.18677033,100.0,50
45.91008000000147,31.595330640000004,100.0,50
45.942351300000155,32.412451260000005,99.7726407654902,50
45.974367200000415,31.595330640000004,100.0,50
46.00613720000001,31.595330640000004,100.0,50
46.03811889999997,32.27626449,100.0,50
46.07013400000142,31.731517410000002,100.0,50
46.10214559999986,31.18677033,100.0,50
46.13409550000142,32.14007772,100.0,50
46.166074100001424,32.27626449,100.0,50
46.198161100001016,31.050583560000003,100.0,50
46.24605460000021,31.050583560000003,100.0,50
46.27836990000105,31.322957100000004,100.0,50
46.31049669999993,31.18677033,100.0,50
46.34233630000017,31.731517410000002,100.0,50
46.37414979999994,31.18677033,100.0,50
46.406204900000375,30.914396790000005,100.0,50
46.43815549999999,31.050583560000003,100.0,50
46.47007500000109,31.050583560000003,100.0,50
46.502064500000415,31.18677033,100.0,50
46.534092100000635,32.14007772,100.0,50
46.566053500000635,30.778210020000003,100.0,50
46.59805150000102,30.914396790000005,100.0,50
46.6461560000007,31.18677033,100.0,50
46.67835270000069,30.914396790000005,100.0,50
46.71038469999985,31.050583560000003,100.0,50
46.74205140000049,30.914396790000005,100.0,50
46.77438220000113,30.914396790000005,100.0,50
46.80629770000087,30.914396790000005,100.0,50
46.83799950000139,31.050583560000003,100.0,50
46.870118300001195,30.778210020000003,100.0,50
46.90208490000077,31.050583560000003,100.0,50
46.93415490000007,25.05836568,100.0,50
46.96603590000086,31.050583560000003,100.0,50
46.998059999999896,30.914396790000005,100.0,50
47.04616960000021,25.33073922,100.0,50
47.078207600001406,25.33073922,100.0,50
47.110039600000164,25.05836568,100.0,50
47.142105300001276,25.466925990000004,100.0,50
47.17406100000153,25.05836568,100.0,50
47.20609010000044,30.914396790000005,100.0,50
47.23797680000098,25.739299530000004,100.0,50
47.27004570000099,25.05836568,100.0,50
47.30211280000003,25.466925990000004,100.0,50
47.334240000000136,25.194552450000003,100.0,50
47.366137200000594,25.194552450000003,100.0,50
47.398248700001204,25.194552450000003,100.0,50
47.44614290000027,25.466925990000004,100.0,50
47.478065100000094,25.05836568,100.0,50
47.50995250000051,25.194552450000003,100.0,50
47.54203260000031,25.33073922,100.0,50
47.57408620000024,25.33073922,100.0,50
47.605948100001115,25.466925990000004,100.0,50
47.63797710000108,25.194552450000003,100.0,50
47.6699693999999,25.466925990000004,100.0,50
47.702002100000755,25.05836568,100.0,50
47.73405230000026,25.466925990000004,100.0,50
47.766054200001236,25.466925990000004,100.0,50
47.79811520000112,25.466925990000004,100.0,50
47.846105600001465,25.33073922,100.0,50
47.87809180000113,25.194552450000003,100.0,50
47.91000930000155,25.194552450000003,100.0,50
47.94192810000095,25.194552450000003,100.0,50
47.97410520000085,25.33073922,100.0,50
48.00613430000158,25.466925990000004,100.0,50
48.03808160000153,25.466925990000004,100.0,50
48.069993400000385,25.05836568,100.0,50
48.10205580000002,25.194552450000003,100.0,50
48.13402649999989,25.194552450000003,100.0,50
48.166216700001314,25.33073922,100.0,50
48.19821940000111,25.194552450000003,100.0,50
48.24607100000139,25.466925990000004,100.0,50
48.27818860000116,25.33073922,100.0,50
48.31010360000073,25.33073922,100.0,50
48.34205660000043,25.194552450000003,100.0,50
48.374173600001086,25.194552450000003,100.0,50
48.40613730000041,25.194552450000003,100.0,50
48.43808360000003,25.33073922,100.0,50
48.47008270000151,25.33073922,100.0,50
48.50213440000152,25.05836568,100.0,50
48.53455310000027,25.194552450000003,100.0,50
48.566476500000135,30.505836480000003,100.0,50
48.59819570000036,25.466925990000004,100.0,50
48.64603960000022,25.05836568,100.0,50
48.67798970000149,25.466925990000004,100.0,50
48.71002200000112,25.05836568,100.0,50
48.74216359999991,25.33073922,100.0,50
48.77416330000051,24.922178910000003,100.0,50
48.806178400000135,25.466925990000004,100.0,50
48.83811180000157,25.194552450000003,100.0,50
48.870017799999914,24.922178910000003,100.0,50
48.90221670000028,25.05836568,100.0,50
48.934194200001,25.194552450000003,100.0,50
48.96604910000133,25.05836568,100.0,50
48.99805430000015,31.322957100000004,100.0,50
49.04601520000142,32.412451260000005,99.7726407654902,50
49.078103900001224,25.466925990000004,100.0,50
49.11005640000076,25.05836568,100.0,50
49.14205250000123,24.78599214,100.0,50
49.17407260000073,25.33073922,100.0,50
49.206078700000944,25.466925990000004,100.0,50
49.23833139999988,25.05836568,100.0,50
49.270389200000864,24.78599214,100.0,50
49.302088400001594,25.33073922,100.0,50
49.33407799999986,25.33073922,100.0,50
49.36621480000031,25.33073922,100.0,50
49.39812420000089,24.922178910000003,100.0,50
49.446310000001176,25.466925990000004,100.0,50
49.477999500000806,25.05836568,100.0,50
49.5100738000001,25.194552450000003,100.0,50
49.54211920000125,25.466925990000004,100.0,50
49.57408490000125,25.194552450000003,100.0,50
49.60599750000074,25.33073922,100.0,50
49.638439800000924,25.05836568,100.0,50
49.67043870000089,25.33073922,100.0,50
49.70202900000004,25.05836568,100.0,50
49.73413609999989,25.05836568,100.0,50
49.76602869999988,25.194552450000003,100.0,50
49.79814630000146,25.466925990000004,100.0,50
49.84598100000039,32.412451260000005,99.7726407654902,50
49.878021600001375,25.33073922,100.0,50
49.90997940000125,23.28793767,100.0,50
49.94201729999986,25.194552450000003,100.0,50
49.97413730000153,25.194552450000003,100.0,50
50.00635760000114,25.05836568,100.0,50
50.038175100000444,25.194552450000003,100.0,50
50.07006940000065,25.33073922,100.0,50
50.10209390000091,25.194552450000003,100.0,50
50.1341433000016,25.33073922,100.0,50
50.1661709,25.05836568,100.0,50
50.198045099999945,24.649805370000003,100.0,50
50.24640470000122,25.194552450000003,100.0,50
50.278124800001024,25.194552450000003,100.0,50
50.310047200000554,24.78599214,100.0,50
50.34214940000129,24.922178910000003,100.0,50
50.374246700001095,25.33073922,100.0,50
50.4061356000002,25.194552450000003,100.0,50
50.43807840000045,30.778210020000003,100.0,50
50.47014200000012,25.05836568,100.0,50
50.50217070000144,24.922178910000003,100.0,50
50.5341939000009,25.33073922,100.0,50
50.56600720000097,25.466925990000004,100.0,50
50.59810590000052,24.5136186,100.0,50
50.645950600001015,25.05836568,100.0,50
50.67809690000104,25.194552450000003,100.0,50
50.71010910000041,25.33073922,100.0,50
50.742149400000926,25.05836568,100.0,50
50.77443100000164,25.194552450000003,100.0,50
50.806203000000096,23.151750900000003,100.0,50
50.83815560000039,25.33073922,100.0,50
50.870172300001286,25.05836568,100.0,50
50.902176300000065,30.914396790000005,100.0,50
50.93413810000129,25.194552450000003,100.0,50
50.96627550000085,25.194552450000003,100.0,50
50.99832070000048,24.5136186,100.0,50
51.04612480000105,25.194552450000003,100.0,50
51.07807150000008,25.05836568,100.0,50
51.110303000001295,24.922178910000003,100.0,50
51.142296900001384,25.194552450000003,100.0,50
51.17414629999985,25.466925990000004,100.0,50
51.20609240000158,25.194552450000003,100.0,50
51.23809480000091,30.778210020000003,100.0,50
51.270055400000274,25.466925990000004,100.0,50
51.30208940000011,25.33073922,100.0,50
51.33402090000163,25.05836568,100.0,50
51.36603890000151,24.922178910000003,100.0,50
51.3982689000004,25.33073922,100.0,50
51.446150800000396,30.914396790000005,100.0,50
51.478374400001485,25.33073922,100.0,50
51.5102222000005,24.649805370000003,100.0,50
51.54216140000062,24.78599214,100.0,50
51.57410300000083,25.194552450000003,100.0,50
51.60607979999986,25.33073922,100.0,50
51.638135500001226,25.05836568,100.0,50
51.67005600000084,25.33073922,100.0,50
51.70211820000077,23.28793767,100.0,50
51.73404240000127,24.922178910000003,100.0,50
51.76628820000042,25.05836568,100.0,50
51.798278300000675,24.922178910000003,100.0,50
51.84679850000066,25.33073922,100.0,50
51.87810180000088,25.05836568,100.0,50
51.91012950000004,23.28793767,100.0,50
51.94207220000135,25.33073922,100.0,50
51.9740554,25.194552450000003,100.0,50
52.006016600000294,25.05836568,100.0,50
52.038048000000344,25.194552450000003,100.0,50
52.070154200000616,25.33073922,100.0,50
52.10218260000147,25.05836568,100.0,50
52.13404570000057,25.194552450000003,100.0,50
52.166222600000765,25.194552450000003,100.0,50
52.19833960000142,23.28793767,100.0,50
52.24643560000004,25.33073922,100.0,50
52.278149400000984,25.05836568,100.0,50
52.310097999999925,25.05836568,100.0,50
52.342140100001416,25.194552450000003,100.0,50
52.37425240000084,24.922178910000003,100.0,50
52.40611700000045,25.05836568,100.0,50
52.43808060000083,25.194552450000003,100.0,50
52.47004500000003,25.194552450000003,100.0,50
52.50197290000142,31.050583560000003,100.0,50
52.53394350000053,25.05836568,100.0,50
52.56594270000096,25.194552450000003,100.0,50
52.59813700000086,24.922178910000003,100.0,50
52.646100600000864,25.466925990000004,100.0,50
52.678014000000985,25.194552450000003,100.0,50
52.710025000000314,24.922178910000003,100.0,50
52.742076700000325,25.194552450000003,100.0,50
52.773967000000994,25.05836568,100.0,50
52.806111200001396,25.194552450000003,100.0,50
52.83805460000076,25.466925990000004,100.0,50
52.87019670000154,25.466925990000004,100.0,50
52.90211129999989,25.33073922,100.0,50
52.9342529000005,25.466925990000004,100.0,50
52.96664360000068,25.194552450000003,100.0,50
52.99812490000113,24.241245060000004,100.0,50
53.04616410000017,31.050583560000003,100.0,50
53.078080500001306,25.05836568,100.0,50
53.11005800000021,25.05836568,100.0,50
53.14207970000098,25.194552450000003,100.0,50
53.174147300000186,25.33073922,100.0,50
53.20613039999989,24.922178910000003,100.0,50
53.23809860000074,25.466925990000004,100.0,50
53.27003280000099,25.194552450000003,100.0,50
53.30221750000055,25.194552450000003,100.0,50
53.334482400001434,25.33073922,100.0,50
53.36615000000165,25.05836568,100.0,50
53.39810110000144,24.241245060000004,100.0,50
53.44610570000077,25.194552450000003,100.0,50
53.47803930000009,25.194552450000003,100.0,50
53.51005070000065,25.194552450000003,100.0,50
53.54212960000041,25.33073922,100.0,50
53.574026700000104,25.194552450000003,100.0,50
53.6061576000011,24.922178910000003,100.0,50
53.63869770000019,30.914396790000005,100.0,50
53.67002560000037,25.33073922,100.0,50
53.702245700000276,25.05836568,100.0,50
53.73422440000104,31.731517410000002,100.0,50
53.76613550000002,24.922178910000003,100.0,50
53.798059300001114,25.194552450000003,100.0,50
53.84613150000041,25.33073922,100.0,50
53.87815170000067,25.194552450000003,100.0,50
53.9099468000004,24.78599214,100.0,50
53.942081600000165,25.05836568,100.0,50
53.97402289999991,25.466925990000004,100.0,50
54.00610560000132,25.466925990000004,100.0,50
54.03815730000133,25.05836568,100.0,50
54.07040440000128,25.194552450000003,100.0,50
54.102127800000744,23.28793767,100.0,50
54.13407420000112,30.914396790000005,100.0,50
54.166058700000576,25.33073922,100.0,50
54.198023500001,25.194552450000003,100.0,50
54.24618190000001,30.642023250000005,100.0,50
54.27844069999992,30.914396790000005,100.0,50
54.30998450000152,30.914396790000005,100.0,50
54.342058800000814,25.194552450000003,100.0,50
54.374154300001464,25.33073922,100.0,50
54.406078400001206,25.05836568,100.0,50
54.43820890000097,32.14007772,100.0,50
54.47021750000022,25.466925990000004,100.0,50
54.50208040000143,25.05836568,100.0,50
54.53405610000118,31.18677033,100.0,50
54.56602910000038,25.05836568,100.0,50
54.59805990000132,25.194552450000003,100.0,50
54.64606000000094,31.459143870000002,100.0,50
54.67808950000108,25.466925990000004,100.0,50
54.70998730000065,25.194552450000003,100.0,50
54.74202020000121,30.914396790000005,100.0,50
54.77436640000087,25.466925990000004,100.0,50
54.80658680000124,30.914396790000005,100.0,50
54.83832120000079,30.778210020000003,100.0,50
54.87010900000132,25.33073922,100.0,50
54.90213810000023,25.466925990000004,100.0,50
54.934131800000614,30.914396790000005,100.0,50
54.96615800000109,25.194552450000003,100.0,50
54.99802989999989,31.322957100000004,100.0,50
55.04598470000019,30.914396790000005,100.0,50
55.07803539999986,25.194552450000003,100.0,50
55.11007950000021,25.466925990000004,100.0,50
55.14208150000013,31.322957100000004,100.0,50
55.17430500000046,25.33073922,100.0,50
55.20632420000038,31.050583560000003,100.0,50
55.238152800000535,31.050583560000003,100.0,50
55.270085400001335,25.466925990000004,100.0,50
55.30197930000031,30.914396790000005,100.0,50
55.33414000000084,31.050583560000003,100.0,50
55.36614080000072,25.33073922,100.0,50
55.39813170000161,31.459143870000002,100.0,50
55.446040800001356,30.778210020000003,100.0,50
55.478056600000855,25.194552450000003,100.0,50
55.50999010000123,25.466925990000004,100.0,50
55.54223830000046,25.05836568,100.0,50
55.57419380000101,25.33073922,100.0,50
55.60600110000087,30.914396790000005,100.0,50
55.638054200000624,25.05836568,100.0,50
55.670081300000675,25.33073922,100.0,50
55.702035300000716,24.5136186,100.0,50
55.73413849999997,25.194552450000003,100.0,50
55.76611540000158,25.05836568,100.0,50
55.79805260000103,31.050583560000003,100.0,50
55.846018500000355,25.05836568,100.0,50
55.87814140000046,25.33073922,100.0,50
55.91026779999993,25.194552450000003,100.0,50
55.94211500000165,30.778210020000003,100.0,50
55.97412070000064,25.33073922,100.0,50
56.00609480000094,24.922178910000003,100.0,50
56.038016500000595,31.18677033,100.0,50
56.070256800001516,25.33073922,100.0,50
56.10213450000083,24.922178910000003,100.0,50
56.134211500000674,25.33073922,100.0,50
56.16609570000037,25.05836568,100.0,50
56.198096400001305,30.914396790000005,100.0,50
56.246022400000584,25.466925990000004,100.0,50
56.27841520000038,25.194552450000003,100.0,50
56.31022800000028,30.914396790000005,100.0,50
56.342143800000485,25.33073922,100.0,50
56.37404610000158,25.194552450000003,100.0,50
56.4060857000004,25.466925990000004,100.0,50
56.43812060000164,25.33073922,100.0,50
56.46999980000146,25.33073922,100.0,50
56.50203050000164,25.466925990000004,100.0,50
56.53402120000101,25.466925990000004,100.0,50
56.56610220000039,25.466925990000004,100.0,50
56.598010100000465,25.05836568,100.0,50
56.64640980000149,25.33073922,100.0,50
56.67824500000097,25.466925990000004,100.0,50
56.710125999999946,25.466925990000004,100.0,50
56.74209690000134,25.33073922,100.0,50
56.77398220000032,25.33073922,100.0,50
56.80629820000104,25.194552450000003,100.0,50
56.838111400000344,25.466925990000004,100.0,50
56.87015010000141,25.466925990000004,100.0,50
56.902069000001575,25.33073922,100.0,50
56.93408180000006,25.194552450000003,100.0,50
56.966190400000414,25.466925990000004,100.0,50
56.99834160000137,25.194552450000003,100.0,50
57.04629190000014,30.778210020000003,100.0,50
57.0781347000011,25.466925990000004,100.0,50
57.110035900001094,24.922178910000003,100.0,50
57.14205970000148,25.466925990000004,100.0,50
57.17397549999987,25.466925990000004,100.0,50
57.20609280000099,25.466925990000004,100.0,50
57.238244699999996,25.33073922,100.0,50
57.270137700001214,25.466925990000004,100.0,50
57.3019572000012,30.914396790000005,100.0,50
57.334030600000915,25.194552450000003,100.0,50
57.365903400001116,25.466925990000004,100.0,50
57.39824790000057,30.914396790000005,100.0,50
57.44633470000008,25.33073922,100.0,50
57.47789190000003,25.194552450000003,100.0,50
57.51001500000166,25.466925990000004,100.0,50
57.541974100000516,25.466925990000004,100.0,50
57.57407680000142,25.466925990000004,100.0,50
57.60599580000053,25.466925990000004,100.0,50
57.6380603000016,25.466925990000004,100.0,50
57.67004950000046,30.642023250000005,100.0,50
57.702083900001526,30.505836480000003,100.0,50
57.73445880000145,25.33073922,100.0,50
57.76624730000003,25.33073922,100.0,50
57.79814560000159,30.778210020000003,100.0,50
57.84611450000011,25.33073922,100.0,50
57.87808070000028,30.642023250000005,100.0,50
57.9100922000016,30.778210020000003,100.0,50
57.94194630000129,30.642023250000005,100.0,50
57.973932400000194,25.466925990000004,100.0,50
58.006058300001314,30.778210020000003,100.0,50
58.038149500000145,26.147859840000002,100.0,50
58.07008590000078,25.466925990000004,100.0,50
58.10208070000044,30.369649710000004,100.0,50
58.13429189999988,25.33073922,100.0,50
58.16612730000088,25.33073922,100.0,50
58.19803090000096,30.778210020000003,100.0,50
58.245980900001086,30.778210020000003,100.0,50
58.277994000000035,25.739299530000004,100.0,50
58.30997350000143,25.466925990000004,100.0,50
58.34208300000137,25.466925990000004,100.0,50
58.37419190000037,25.466925990000004,100.0,50
58.40610170000036,30.914396790000005,100.0,50
58.43811310000092,31.18677033,100.0,50
58.47007600000143,30.505836480000003,100.0,50
58.502038900000116,30.642023250000005,100.0,50
58.53401750000012,30.914396790000005,100.0,50
58.56620660000044,25.739299530000004,100.0,50
58.59800510000059,30.778210020000003,100.0,50
58.64595670000017,31.050583560000003,100.0,50
58.67805700000099,26.147859840000002,100.0,50
58.710027200000695,30.778210020000003,100.0,50
58.74195000000145,31.050583560000003,100.0,50
58.77411320000101,30.778210020000003,100.0,50
58.8060269000016,30.914396790000005,100.0,50
58.837854600000355,30.914396790000005,100.0,50
58.87000120000084,25.875486300000002,100.0,50
58.902093600001535,25.466925990000004,100.0,50
58.93404300000111,25.33073922,100.0,50
58.96601809999993,26.011673070000004,100.0,50
58.99802070000078,30.642023250000005,100.0,50
59.04599380000036,25.05836568,100.0,50
59.07801840000138,25.33073922,100.0,50
59.110097400000086,25.603112760000002,100.0,50
59.142117500001405,26.147859840000002,100.0,50
59.17406310000115,25.33073922,100.0,50
59.205979899999875,25.33073922,100.0,50
59.23821970000063,25.33073922,100.0,50
59.2701261000002,25.05836568,100.0,50
59.30204100000083,25.05836568,100.0,50
59.33405400000083,25.33073922,100.0,50
59.366018100001384,25.466925990000004,100.0,50
59.39796800000113,30.642023250000005,100.0,50
59.44596180000008,25.466925990000004,100.0,50
59.477990299999874,25.33073922,100.0,50
59.510046900000816,25.466925990000004,100.0,50
59.54205660000116,25.194552450000003,100.0,50
59.574335000001156,25.33073922,100.0,50
59.60643620000155,25.466925990000004,100.0,50
59.63826870000048,25.05836568,100.0,50
59.670061100001476,25.466925990000004,100.0,50
59.7021347000009,25.05836568,100.0,50
59.73410580000018,25.33073922,100.0,50
59.766157200001544,25.194552450000003,100.0,50
59.79797289999988,25.05836568,100.0,50
59.845980100000816,25.33073922,100.0,50
59.87808110000151,25.466925990000004,100.0,50
59.910018200000195,25.05836568,100.0,50
59.9422439000009,25.05836568,100.0,50
59.974474600001486,25.05836568,100.0,50
60.006140100000266,23.28793767,100.0,50
60.038127100000565,25.194552450000003,100.0,50
60.07016840000142,25.194552450000003,100.0,50
60.10209750000104,23.424124440000003,100.0,50
60.13413370000126,25.05836568,100.0,50
60.16611090000151,24.922178910000003,100.0,50
60.19827870000154,24.78599214,100.0,50
60.246108000001186,25.05836568,100.0,50
60.27811760000077,25.466925990000004,100.0,50
60.31034700000055,23.28793767,100.0,50
60.34236100000089,24.105058290000002,100.0,50
60.37411770000108,25.05836568,100.0,50
60.40604859999985,24.649805370000003,100.0,50
60.438048699999854,25.194552450000003,100.0,50
60.470024000000194,24.922178910000003,100.0,50
60.50208300000122,23.28793767,100.0,50
60.53398470000138,25.05836568,100.0,50
60.56609070000013,25.33073922,100.0,50
60.598003200000676,23.28793767,100.0,50
60.64601750000111,25.05836568,100.0,50
60.678060500000356,25.05836568,100.0,50
60.710170300000755,23.28793767,100.0,50
60.74210080000012,23.28793767,100.0,50
60.77405760000147,24.78599214,100.0,50
60.8061155000014,23.28793767,100.0,50
60.83811349999996,25.05836568,100.0,50
60.87012010000035,25.05836568,100.0,50
60.90212860000065,23.28793767,100.0,50
60.93421240000134,23.28793767,100.0,50
60.96599040000001,25.05836568,100.0,50
60.998010799999975,23.696497980000004,100.0,50
61.04628589999993,23.28793767,100.0,50
61.07826720000048,25.05836568,100.0,50
61.11013390000153,23.28793767,100.0,50
61.14201910000156,23.28793767,100.0,50
61.174041500000385,25.05836568,100.0,50
61.20595520000097,23.424124440000003,100.0,50
61.23808950000057,24.78599214,100.0,50
61.27009240000007,24.922178910000003,100.0,50
61.302013100001204,23.424124440000003,100.0,50
61.334123000000545,23.424124440000003,100.0,50
61.36604660000012,25.05836568,100.0,50
61.39827500000138,23.28793767,100.0,50
61.44621610000104,24.922178910000003,100.0,50
61.478200300000026,25.05836568,100.0,50
61.509985900000174,24.922178910000003,100.0,50
61.54205340000044,25.05836568,100.0,50
61.57400740000048,24.922178910000003,100.0,50
61.60601720000159,23.28793767,100.0,50
61.63813819999996,24.105058290000002,100.0,50
61.66996460000155,24.78599214,100.0,50
61.702017600000545,23.424124440000003,100.0,50
61.73406000000068,24.5136186,100.0,50
61.766057300001194,24.922178910000003,100.0,50
61.79836450000039,23.28793767,100.0,50
61.84609580000142,23.28793767,100.0,50
61.87803180000083,25.05836568,100.0,50
61.90995710000061,25.05836568,100.0,50
61.94199440000011,24.922178910000003,100.0,50
61.97401770000033,25.05836568,100.0,50
62.00609590000022,25.05836568,100.0,50
62.03811980000137,25.194552450000003,100.0,50
62.07006790000014,25.05836568,100.0,50
62.10201540000162,25.05836568,100.0,50
62.13404790000095,24.78599214,100.0,50
62.16619130000072,25.194552450000003,100.0,50
62.198216500000854,24.649805370000003,100.0,50
62.24609960000089,25.05836568,100.0,50
62.27807770000072,25.194552450000003,100.0,50
62.31001230000038,24.922178910000003,100.0,50
62.342019900001105,23.28793767,100.0,50
62.374150100000406,25.194552450000003,100.0,50
62.40600050000103,25.05836568,100.0,50
62.43796310000107,23.28793767,100.0,50
62.47000260000095,25.05836568,100.0,50
62.50204720000147,25.194552450000003,100.0,50
62.53409300000021,25.05836568,100.0,50
62.566214800001035,24.922178910000003,100.0,50
62.59801990000051,25.05836568,100.0,50
62.646166300000914,25.33073922,100.0,50
62.67825990000165,25.33073922,100.0,50
62.71002110000154,25.194552450000003,100.0,50
62.74195529999997,25.194552450000003,100.0,50
62.77393490000031,25.05836568,100.0,50
62.80592640000032,25.05836568,100.0,50
62.83794960000159,25.05836568,100.0,50
62.869972500000586,25.33073922,100.0,50
62.90230479999991,25.194552450000003,100.0,50
62.93432750000102,24.377431830000003,100.0,50
62.96601090000149,25.05836568,100.0,50
62.998057300001165,25.05836568,100.0,50
63.046029900000576,25.194552450000003,100.0,50
63.07795480000095,25.194552450000003,100.0,50
63.10991020000074,25.05836568,100.0,50
63.14207720000013,23.28793767,100.0,50
63.17404060000081,25.194552450000003,100.0,50
63.20600870000089,23.28793767,100.0,50
63.237964800000555,25.05836568,100.0,50
63.26997280000069,25.194552450000003,100.0,50
63.30209790000117,24.78599214,100.0,50
63.33417520000148,24.649805370000003,100.0,50
63.36605940000118,24.922178910000003,100.0,50
63.39822009999989,23.28793767,100.0,50
63.4460325,25.194552450000003,100.0,50
63.478036300000895,24.922178910000003,100.0,50
63.50995540000076,25.194552450000003,100.0,50
63.5420094000001,25.194552450000003,100.0,50
63.57402430000002,25.466925990000004,100.0,50
63.60598260000006,25.194552450000003,100.0,50
63.63838130000113,23.424124440000003,100.0,50
63.67014300000119,25.33073922,100.0,50
63.70205530000021,25.05836568,100.0,50
63.734112000000096,23.28793767,100.0,50
63.76608980000128,25.05836568,100.0,50
63.79804140000124,25.05836568,100.0,50
63.84599750000052,23.28793767,100.0,50
63.87805290000142,25.05836568,100.0,50
63.910039000000324,24.5136186,100.0,50
63.94211600000017,23.28793767,100.0,50
63.97415480000018,25.33073922,100.0,50
64.00623600000108,25.33073922,100.0,50
64.03832550000152,24.105058290000002,100.0,50
64.07023490000029,25.05836568,100.0,50
64.10198650000166,25.05836568,100.0,50
64.13400880000154,25.05836568,100.0,50
64.16604770000049,25.05836568,100.0,50
64.1979564000012,24.78599214,100.0,50
64.24594570000045,25.05836568,100.0,50
64.27799980000054,25.05836568,100.0,50
64.30992790000164,23.28793767,100.0,50
64.34197660000063,23.28793767,100.0,50
64.37393230000089,25.05836568,100.0,50
64.40611870000066,25.33073922,100.0,50
64.43788740000127,24.105058290000002,100.0,50
64.4700198999999,25.33073922,100.0,50
64.50201340000058,25.466925990000004,100.0,50
64.53405879999991,24.5136186,100.0,50
64.56602070000008,25.05836568,100.0,50
64.59799530000055,25.33073922,100.0,50
64.64621369999986,23.151750900000003,100.0,50
64.67804609999985,25.05836568,100.0,50
64.71000410000124,25.05836568,100.0,50
64.7420643000005,23.28793767,100.0,50
64.77448619999996,25.194552450000003,100.0,50
64.80632880000121,25.05836568,100.0,50
64.83806580000055,23.28793767,100.0,50
64.8700669000009,25.194552450000003,100.0,50
64.90204840000115,25.05836568,100.0,50
64.93407230000048,23.28793767,100.0,50
64.96599470000001,25.05836568,100.0,50
64.99812640000164,24.922178910000003,100.0,50
65.0460407999999,23.28793767,100.0,50
65.07794990000002,25.05836568,100.0,50
65.11001580000084,24.649805370000003,100.0,50
65.14220830000158,25.05836568,100.0,50
65.17415860000074,25.05836568,100.0,50
65.20597210000051,25.05836568,100.0,50
65.23798400000123,23.28793767,100.0,50
65.26998960000128,24.922178910000003,100.0,50
65.30205410000053,25.33073922,100.0,50
65.33400780000011,23.151750900000003,100.0,50
65.36606690000008,25.194552450000003,100.0,50
65.39803390000088,25.466925990000004,100.0,50
65.43003640000097,23.28793767,100.0,50
65.47817810000015,25.33073922,100.0,50
65.5102439000002,25.05836568,100.0,50
65.5421107000002,23.28793767,100.0,50
65.5738579000008,25.33073922,100.0,50
65.60602710000057,25.05836568,100.0,50
65.63791930000116,24.649805370000003,100.0,50
65.67002910000156,25.194552450000003,100.0,50
65.7020261000016,24.922178910000003,100.0,50
65.73401280000144,23.28793767,100.0,50
65.76604709999992,25.194552450000003,100.0,50
65.79808410000078,25.05836568,100.0,50
65.82995850000043,24.377431830000003,100.0,50
65.87828840000111,25.33073922,100.0,50
65.9100982,25.33073922,100.0,50
65.94201410000096,23.28793767,100.0,50
65.9740223000008,23.424124440000003,100.0,50
66.00606540000081,25.05836568,100.0,50
66.03799620000063,23.01556413,100.0,50
66.07016470000053,25.33073922,100.0,50
66.10217360000024,25.05836568,100.0,50
66.13426040000013,23.424124440000003,100.0,50
66.16605630000049,24.649805370000003,100.0,50
66.1980609000002,25.194552450000003,100.0,50
66.23028460000023,23.151750900000003,100.0,50
66.27799120000054,25.05836568,100.0,50
66.30993800000033,24.922178910000003,100.0,50
66.34217090000129,23.28793767,100.0,50
66.37405340000078,24.922178910000003,100.0,50
66.40606110000044,25.05836568,100.0,50
66.43815840000025,23.424124440000003,100.0,50
66.46995530000095,25.05836568,100.0,50
66.50207420000152,25.05836568,100.0,50
66.53399360000003,23.28793767,100.0,50
66.5659054000007,24.241245060000004,100.0,50
66.5983139,25.194552450000003,100.0,50
66.63019190000159,23.28793767,100.0,50
66.67801630000031,24.922178910000003,100.0,50
66.71001720000095,25.194552450000003,100.0,50
66.74205960000108,23.28793767,100.0,50
66.77386910000132,24.78599214,100.0,50
66.80597269999998,25.194552450000003,100.0,50
66.8379831000002,23.696497980000004,100.0,50
66.86999360000118,24.922178910000003,100.0,50
66.90198840000085,25.05836568,100.0,50
66.93406910000158,23.28793767,100.0,50
66.96651590000147,25.05836568,100.0,50
66.99821110000084,25.05836568,100.0,50
67.02994420000141,24.105058290000002,100.0,50
67.07793700000002,25.194552450000003,100.0,50
67.10996669999986,25.05836568,100.0,50
67.14204200000131,23.28793767,100.0,50
67.17403770000055,24.922178910000003,100.0,50
67.20609310000145,24.922178910000003,100.0,50
67.23815420000028,23.28793767,100.0,50
67.27006950000032,22.879377360000003,100.0,50
67.3019574000009,24.78599214,100.0,50
67.33437630000117,23.28793767,100.0,50
67.36626680000154,24.78599214,100.0,50
67.39820810000128,24.377431830000003,100.0,50
67.43037160000131,23.28793767,100.0,50
67.47806160000073,24.922178910000003,100.0,50
67.51009850000082,25.33073922,100.0,50
67.54209489999994,23.28793767,100.0,50
67.57413129999986,23.560311210000002,100.0,50
67.6060817000016,25.05836568,100.0,50
67.63822440000149,23.28793767,100.0,50
67.6701522000003,24.78599214,100.0,50
67.70214579999993,24.5136186,100.0,50
67.73409410000022,23.968871520000004,100.0,50
67.76613600000019,24.78599214,100.0,50
67.79804740000145,24.78599214,100.0,50
67.83010980000108,23.696497980000004,100.0,50
67.87804440000036,24.922178910000003,100.0,50
67.9100481000005,24.922178910000003,100.0,50
67.94197080000049,23.696497980000004,100.0,50
67.9740896000003,23.28793767,100.0,50
68.00604910000038,25.194552450000003,100.0,50
68.03810860000158,23.28793767,100.0,50
68.07018720000087,23.28793767,100.0,50
68.10228150000148,24.377431830000003,100.0,50
68.13406320000104,23.01556413,100.0,50
68.16599130000031,23.424124440000003,100.0,50
68.19799250000142,25.194552450000003,100.0,50
68.23001190000105,23.28793767,100.0,50
68.27793720000045,24.241245060000004,100.0,50
68.30996510000114,25.194552450000003,100.0,50
68.34206480000103,23.28793767,100.0,50
68.37409060000027,25.05836568,100.0,50
68.40596030000052,25.194552450000003,100.0,50
68.4383181000012,23.151750900000003,100.0,50
68.47018470000148,25.05836568,100.0,50
68.50196750000032,24.922178910000003,100.0,50
68.53405980000025,23.28793767,100.0,50
68.56604900000093,24.78599214,100.0,50
68.5980526000003,25.194552450000003,100.0,50
68.63001740000072,23.28793767,100.0,50
68.6779690000003,24.5136186,100.0,50
68.7100430999999,25.05836568,100.0,50
68.74210520000088,23.28793767,100.0,50
68.77406470000096,23.151750900000003,100.0,50
68.80626200000006,25.05836568,100.0,50
68.83835680000084,23.151750900000003,100.0,50
68.87017090000154,25.05836568,100.0,50
68.90203030000157,24.78599214,100.0,50
68.9341387000004,23.28793767,100.0,50
68.96602140000141,23.28793767,100.0,50
68.99807839999994,24.922178910000003,100.0,50
69.0299543000001,23.151750900000003,100.0,50
69.07788729999993,23.151750900000003,100.0,50
69.11003470000105,25.194552450000003,100.0,50
69.14197720000084,23.151750900000003,100.0,50
69.17465050000101,23.28793767,100.0,50
69.20636430000013,25.05836568,100.0,50
69.23804569999993,23.151750900000003,100.0,50
69.27002630000061,23.424124440000003,100.0,50
69.30204080000112,24.649805370000003,100.0,50
69.33406760000071,23.28793767,100.0,50
69.36603939999986,25.05836568,100.0,50
69.39812780000102,24.78599214,100.0,50
69.43008929999996,23.01556413,100.0,50
69.47810209999989,23.424124440000003,100.0,50
69.50999260000026,25.05836568,100.0,50
69.54232850000153,23.28793767,100.0,50
69.57414730000164,23.28793767,100.0,50
69.60606730000109,24.78599214,100.0,50
69.63799580000159,23.28793767,100.0,50
69.66999600000054,23.424124440000003,100.0,50
69.70205050000004,25.194552450000003,100.0,50
69.73399360000076,23.28793767,100.0,50
69.76602860000094,23.28793767,100.0,50
69.79800350000005,24.78599214,100.0,50
69.83008520000112,23.28793767,100.0,50
69.87802190000002,23.151750900000003,100.0,50
69.91011910000088,25.194552450000003,100.0,50
69.94232700000066,23.151750900000003,100.0,50
69.97419960000116,25.194552450000003,100.0,50
70.00600910000139,24.78599214,100.0,50
70.03800680000131,23.151750900000003,100.0,50
70.07001620000119,24.377431830000003,100.0,50
70.10212330000104,25.194552450000003,100.0,50
70.13405700000112,24.5136186,100.0,50
70.16608489999999,24.105058290000002,100.0,50
70.19806380000045,25.05836568,100.0,50
70.2300137000002,23.424124440000003,100.0,50
70.27793630000087,24.649805370000003,100.0,50
70.31011080000098,24.922178910000003,100.0,50
70.34202750000077,23.968871520000004,100.0,50
70.37406450000162,25.33073922,100.0,50
70.40599610000027,25.194552450000003,100.0,50
70.43797630000154,23.424124440000003,100.0,50
70.4700679000016,24.78599214,100.0,50
70.5020452000008,25.05836568,100.0,50
70.53399580000041,23.28793767,100.0,50
70.56594440000117,25.05836568,100.0,50
70.59799470000144,25.33073922,100.0,50
70.63008360000094,23.28793767,100.0,50
70.67804800000158,23.28793767,100.0,50
70.71005210000112,25.05836568,100.0,50
70.74196610000035,23.28793767,100.0,50
70.77399070000138,25.05836568,100.0,50
70.80603289999999,24.922178910000003,100.0,50
70.83801920000042,23.151750900000003,100.0,50
70.87004930000148,25.194552450000003,100.0,50
70.90200780000123,24.78599214,100.0,50
70.93405170000005,23.28793767,100.0,50
70.96608210000159,25.194552450000003,100.0,50
70.99806940000053,25.05836568,100.0,50
71.03011470000092,23.28793767,100.0,50
71.07794490000015,25.05836568,100.0,50
71.10994410000058,25.194552450000003,100.0,50
71.1419760000008,23.28793767,100.0,50
71.17398030000004,25.194552450000003,100.0,50
71.20596389999992,24.922178910000003,100.0,50
71.23807240000133,24.78599214,100.0,50
71.26992400000017,25.05836568,100.0,50
71.30197430000044,24.78599214,100.0,50
71.33392730000014,23.151750900000003,100.0,50
71.3660104999999,24.5136186,100.0,50
71.39849190000132,25.194552450000003,100.0,50
71.43029070000011,23.28793767,100.0,50
71.47794640000029,25.05836568,100.0,50
71.50989450000088,24.922178910000003,100.0,50
71.54199120000158,23.28793767,100.0,50
71.57393950000005,23.28793767,100.0,50
71.606060600001,25.05836568,100.0,50
71.63798790000146,25.05836568,100.0,50
71.67001680000067,24.78599214,100.0,50
71.70215710000048,25.466925990000004,100.0,50
71.73402530000021,23.28793767,100.0,50
71.76608400000077,24.78599214,100.0,50
71.79802170000039,25.466925990000004,100.0,50
71.82995690000098,23.28793767,100.0,50
71.87786250000136,25.05836568,100.0,50
71.90986599999997,25.194552450000003,100.0,50
71.94202430000041,23.28793767,100.0,50
71.97396610000033,23.424124440000003,100.0,50
72.00594310000088,25.05836568,100.0,50
72.03814610000154,23.968871520000004,100.0,50
72.06996490000165,25.194552450000003,100.0,50
72.10201790000065,25.05836568,100.0,50
72.13451600000008,23.28793767,100.0,50
72.16654420000123,24.922178910000003,100.0,50
72.19802430000163,25.33073922,100.0,50
72.2301079000008,23.28793767,100.0,50
72.27793550000024,25.194552450000003,100.0,50
72.31002780000017,25.194552450000003,100.0,50
72.3420113000011,23.832684750000002,100.0,50
72.37404500000048,23.28793767,100.0,50
72.40598730000056,24.922178910000003,100.0,50
72.43795570000111,23.28793767,100.0,50
72.46991350000098,23.28793767,100.0,50
72.50244070000008,24.78599214,100.0,50
72.53423699999985,24.78599214,100.0,50
72.56603220000034,23.151750900000003,100.0,50
72.59805030000098,25.05836568,100.0,50
72.62995140000021,25.05836568,100.0,50
72.6779660000011,25.05836568,100.0,50
72.71013720000155,25.194552450000003,100.0,50
72.74215360000017,24.241245060000004,100.0,50
72.77396930000032,25.05836568,100.0,50
72.80610909999996,25.194552450000003,100.0,50
72.83804110000165,25.33073922,100.0,50
72.87041920000047,25.194552450000003,100.0,50
72.90249949999998,25.194552450000003,100.0,50
72.93413180000061,23.424124440000003,100.0,50
72.96607180000137,23.28793767,100.0,50
72.99802600000112,25.194552450000003,100.0,50
73.02998939999998,24.649805370000003,100.0,50
73.07793290000154,23.28793767,100.0,50
73.10999960000117,24.922178910000003,100.0,50
73.14208839999992,23.424124440000003,100.0,50
73.17403600000034,25.05836568,100.0,50
73.20602719999988,24.922178910000003,100.0,50
73.23846940000112,23.424124440000003,100.0,50
73.27016619999995,25.05836568,100.0,50
73.30204980000053,25.05836568,100.0,50
73.33408950000012,23.28793767,100.0,50
73.36599449999994,25.194552450000003,100.0,50
73.39796470000147,25.194552450000003,100.0,50
73.43000410000059,23.424124440000003,100.0,50
73.47796410000046,23.28793767,100.0,50
73.51004040000043,25.05836568,100.0,50
73.54206440000053,23.28793767,100.0,50
73.57403700000032,24.78599214,100.0,50
73.60645740000109,25.05836568,100.0,50
73.63828650000141,23.151750900000003,100.0,50
73.67005170000084,24.78599214,100.0,50
73.70201460000135,24.649805370000003,100.0,50
73.73401100000046,23.28793767,100.0,50
73.76607000000149,23.424124440000003,100.0,50
73.79792940000152,25.194552450000003,100.0,50
73.82995030000166,23.28793767,100.0,50
73.87798210000074,23.28793767,100.0,50
73.90995880000082,24.78599214,100.0,50
73.94196590000138,23.28793767,100.0,50
73.97420460000103,23.28793767,100.0,50
74.00622770000155,25.05836568,100.0,50
74.0379322000008,23.424124440000003,100.0,50
74.06987590000062,24.922178910000003,100.0,50
74.10191250000025,25.05836568,100.0,50
74.13397410000107,23.424124440000003,100.0,50
74.16593390000162,24.78599214,100.0,50
74.19798440000159,25.05836568,100.0,50
74.22998870000083,23.151750900000003,100.0,50
74.27788790000159,23.01556413,100.0,50
74.31001700000161,25.05836568,100.0,50
74.34201530000064,23.832684750000002,100.0,50
74.37414300000091,25.05836568,100.0,50
74.40591720000157,25.194552450000003,100.0,50
74.4379966000015,23.28793767,100.0,50
74.46991400000115,23.28793767,100.0,50
74.50193900000158,25.33073922,100.0,50
74.53405080000084,23.28793767,100.0,50
74.56599570000071,24.241245060000004,100.0,50
74.59804140000051,24.922178910000003,100.0,50
74.63012049999998,24.5136186,100.0,50
74.6779318000008,24.105058290000002,100.0,50
74.710100100001,25.194552450000003,100.0,50
74.7421073000005,23.28793767,100.0,50
74.77415240000119,25.05836568,100.0,50
74.80605930000092,25.05836568,100.0,50
74.83825340000112,23.151750900000003,100.0,50
74.87012130000039,24.78599214,100.0,50
74.90211869999985,24.78599214,100.0,50
74.93408650000129,23.01556413,100.0,50
74.96609750000061,23.28793767,100.0,50
74.99791170000026,25.05836568,100.0,50
75.03005819999998,23.28793767,100.0,50
75.07795609999994,24.922178910000003,100.0,50
75.1099892000002,25.05836568,100.0,50
75.14208320000034,23.28793767,100.0,50
75.17393080000147,23.28793767,100.0,50
75.20600290000039,25.33073922,100.0,50
75.23803170000065,23.151750900000003,100.0,50
75.2699231000006,24.78599214,100.0,50
75.30204640000011,24.922178910000003,100.0,50
75.33403910000015,23.151750900000003,100.0,50
75.36602350000067,23.28793767,100.0,50
75.39796510000087,24.922178910000003,100.0,50
75.42991340000117,24.105058290000002,100.0,50
75.47800520000055,23.01556413,100.0,50
75.50996590000068,25.05836568,100.0,50
75.54197879999992,23.28793767,100.0,50
75.57396790000166,24.377431830000003,100.0,50
75.60595920000014,25.194552450000003,100.0,50
75.63797380000142,23.424124440000003,100.0,50
75.66999780000151,23.968871520000004,100.0,50
75.70205580000038,24.922178910000003,100.0,50
75.73407650000081,23.28793767,100.0,50
75.76606340000035,24.649805370000003,100.0,50
75.79810240000006,25.194552450000003,100.0,50
75.83022250000067,23.28793767,100.0,50
75.87805460000163,24.922178910000003,100.0,50
75.91005790000054,24.922178910000003,100.0,50
75.94197800000074,23.28793767,100.0,50
75.97394429999986,24.649805370000003,100.0,50
76.00595560000147,25.194552450000003,100.0,50
76.03798760000063,23.28793767,100.0,50
76.07012440000108,25.194552450000003,100.0,50
76.10198990000026,24.922178910000003,100.0,50
76.1340368000001,23.28793767,100.0,50
76.16596030000073,24.649805370000003,100.0,50
76.19808110000122,24.78599214,100.0,50
76.23008780000055,23.28793767,100.0,50
76.27784610000163,24.78599214,100.0,50
76.30993149999995,25.194552450000003,100.0,50
76.34193060000143,23.28793767,100.0,50
76.3739054000016,25.05836568,100.0,50
76.40597710000111,25.05836568,100.0,50
76.43802830000095,24.78599214,100.0,50
76.47005180000087,23.28793767,100.0,50
76.50198460000138,25.05836568,100.0,50
76.53395720000117,24.78599214,100.0,50
76.56614740000077,23.28793767,100.0,50
76.5983124000013,24.922178910000003,100.0,50
76.62994350000008,24.78599214,100.0,50
76.67798829999992,23.28793767,100.0,50
76.70994570000039,24.78599214,100.0,50
76.74200000000019,24.78599214,100.0,50
76.77407190000122,24.922178910000003,100.0,50
76.80598330000066,24.922178910000003,100.0,50
76.83795810000083,23.28793767,100.0,50
76.87014650000128,24.105058290000002,100.0,50
76.90206070000022,25.194552450000003,100.0,50
76.9344516000001,23.28793767,100.0,50
76.96651320000092,25.194552450000003,100.0,50
76.99801770000158,24.922178910000003,100.0,50
77.03001510000104,23.424124440000003,100.0,50
77.07803360000071,24.78599214,100.0,50
77.10994110000138,25.05836568,100.0,50
77.14191290000053,24.922178910000003,100.0,50
77.17406570000094,23.424124440000003,100.0,50
77.20600280000144,25.05836568,100.0,50
77.23814140000104,23.28793767,100.0,50
77.26993490000132,23.28793767,100.0,50
77.30247320000126,25.05836568,100.0,50
77.33412010000029,23.151750900000003,100.0,50
77.366050300001,24.377431830000003,100.0,50
77.39805680000063,25.194552450000003,100.0,50
77.43005799999992,23.424124440000003,100.0,50
77.47803480000039,24.377431830000003,100.0,50
77.5100164000014,25.05836568,100.0,50
77.54199770000014,23.28793767,100.0,50
77.57407530000091,23.28793767,100.0,50
77.60610050000105,25.05836568,100.0,50
77.63793179999993,23.28793767,100.0,50
77.6701348000006,25.194552450000003,100.0,50
77.7019605000005,24.922178910000003,100.0,50
77.7340148000003,23.28793767,100.0,50
77.76596240000072,24.78599214,100.0,50
77.79806610000014,25.05836568,100.0,50
77.83004950000031,23.28793767,100.0,50
77.87798509999993,24.78599214,100.0,50
77.91003080000155,25.05836568,100.0,50
77.94203870000092,23.151750900000003,100.0,50
77.97403029999987,22.879377360000003,100.0,50
78.00596620000033,24.78599214,100.0,50
78.03823290000037,23.151750900000003,100.0,50
78.07016100000146,23.28793767,100.0,50
78.10200179999993,24.922178910000003,100.0,50
78.13392990000102,23.28793767,100.0,50
78.16620250000051,23.28793767,100.0,50
78.19819080000161,25.05836568,100.0,50
78.23006880000139,23.28793767,100.0,50
78.27817400000094,24.649805370000003,100.0,50
78.31006380000144,24.922178910000003,100.0,50
78.34203400000115,23.151750900000003,100.0,50
78.37400350000098,23.28793767,100.0,50
78.40629880000051,24.649805370000003,100.0,50
78.43819720000101,23.28793767,100.0,50
78.46989140000005,24.78599214,100.0,50
78.50195540000095,25.05836568,100.0,50
78.53399910000007,23.151750900000003,100.0,50
78.56605290000152,23.151750900000003,100.0,50
78.5980081000016,24.922178910000003,100.0,50
78.62994060000165,23.28793767,100.0,50
78.6780030000009,23.28793767,100.0,50
78.71006070000112,24.922178910000003,100.0,50
78.74194470000111,23.28793767,100.0,50
78.77447070000017,23.28793767,100.0,50
78.80644320000101,24.922178910000003,100.0,50
78.83787610000036,23.151750900000003,100.0,50
78.86989520000134,23.560311210000002,100.0,50
78.90199770000072,24.922178910000003,100.0,50
78.93398960000013,23.151750900000003,100.0,50
78.96595550000166,23.28793767,100.0,50
78.99794640000073,24.5136186,100.0,50
79.0299586000001,23.28793767,100.0,50
79.07795930000066,24.78599214,100.0,50
79.10997959999986,24.922178910000003,100.0,50
79.14240130000144,23.151750900000003,100.0,50
79.17407850000018,23.28793767,100.0,50
79.2060719000001,25.194552450000003,100.0,50
79.23801170000115,23.151750900000003,100.0,50
79.26995960000022,23.28793767,100.0,50
79.30214190000152,25.05836568,100.0,50
79.33395759999985,23.28793767,100.0,50
79.36599070000011,23.28793767,100.0,50
79.39816070000052,25.194552450000003,100.0,50
79.42998250000164,23.28793767,100.0,50
79.47787640000024,23.28793767,100.0,50
79.50997920000009,24.922178910000003,100.0,50
79.54209620000074,23.28793767,100.0,50
79.57409250000092,23.28793767,100.0,50
79.60602130000007,25.05836568,100.0,50
79.63793410000108,23.28793767,100.0,50
79.67002730000058,23.28793767,100.0,50
79.70197940000071,25.05836568,100.0,50
79.73386160000155,23.28793767,100.0,50
79.76593270000012,23.28793767,100.0,50
79.79793280000013,24.922178910000003,100.0,50
79.82998350000162,23.151750900000003,100.0,50
79.87820680000004,23.28793767,100.0,50
79.91009480000139,25.194552450000003,100.0,50
79.94200940000155,23.424124440000003,100.0,50
79.99555860000146,23.28793767,100.0,50
80.00608600000123,24.922178910000003,100.0,50
80.03796750000038,23.01556413,100.0,45
80.07582490000095,23.28793767,100.0,45
80.10523850000027,25.05836568,100.0,45
80.13397840000107,24.649805370000003,100.0,45
80.16584350000085,23.28793767,100.0,45
80.19825720000154,25.05836568,100.0,45
80.23022380000111,23.151750900000003,100.0,45
80.2783285000005,25.05836568,100.0,45
80.30994900000042,24.922178910000003,100.0,45
80.3419255000008,23.151750900000003,100.0,45
80.37395220000144,23.28793767,100.0,45
80.40599960000145,25.05836568,100.0,45
80.43786230000114,23.151750900000003,100.0,45
80.47005760000138,24.105058290000002,100.0,45
80.50195789999998,24.78599214,100.0,45
80.53405510000084,23.28793767,100.0,45
80.56599900000037,24.78599214,100.0,45
80.59809150000001,24.78599214,100.0,45
80.6302166000005,23.151750900000003,100.0,45
80.67795389999992,23.28793767,100.0,45
80.71004180000091,25.05836568,100.0,45
80.74213300000156,23.28793767,100.0,45
80.77411270000084,25.05836568,100.0,45
80.8060346000002,25.194552450000003,100.0,45
80.83794060000037,23.151750900000003,100.0,45
80.86999390000165,23.28793767,100.0,45
80.90192670000033,24.922178910000003,100.0,45
80.93401470000026,23.28793767,100.0,45
80.96619760000067,23.28793767,100.0,45
80.99840100000074,25.05836568,100.0,45
81.03018540000085,24.105058290000002,100.0,45
81.07795260000057,23.424124440000003,100.0,45
81.10995550000007,24.922178910000003,100.0,45
81.14196640000046,24.105058290000002,100.0,45
81.17399150000165,23.28793767,100.0,45
81.20589180000024,25.05836568,100.0,45
81.23793170000135,23.28793767,100.0,45
81.26990810000098,24.241245060000004,100.0,45
81.30200250000053,24.922178910000003,100.0,45
81.33393370000158,23.28793767,100.0,45
81.36606530000063,23.28793767,100.0,45
81.39808190000076,25.194552450000003,100.0,45
81.42999770000097,23.424124440000003,100.0,45
81.4779978000006,23.28793767,100.0,45
81.51009900000099,24.922178910000003,100.0,45
81.54194880000068,23.151750900000003,100.0,45
81.57406840000112,24.241245060000004,100.0,45
81.60602280000057,24.922178910000003,100.0,45
81.63802470000155,23.28793767,100.0,45
81.6701920000014,25.05836568,100.0,45
81.70202310000059,24.922178910000003,100.0,45
81.7344221000003,23.151750900000003,100.0,45
81.76626430000033,23.28793767,100.0,45
81.79798910000136,24.922178910000003,100.0,45
81.8299977000006,23.151750900000003,100.0,45
81.87789850000081,24.105058290000002,100.0,45
81.90984240000034,25.194552450000003,100.0,45
81.94217590000153,23.28793767,100.0,45
81.97405340000114,25.05836568,100.0,45
82.00593180000033,25.05836568,100.0,45
82.03802619999988,23.28793767,100.0,45
82.07005750000098,23.151750900000003,100.0,45
82.10235810000086,25.194552450000003,100.0,45
82.13432680000005,23.28793767,100.0,45
82.16602680000142,24.105058290000002,100.0,45
82.19793089999985,25.05836568,100.0,45
82.22999540000092,24.78599214,100.0,45
82.27797050000117,23.151750900000003,100.0,45
82.3098958999999,25.05836568,100.0,45
82.34225320000041,23.28793767,100.0,45
82.37406050000027,23.424124440000003,100.0,45
82.40608200000133,24.922178910000003,100.0,45
82.43797780000023,23.28793767,100.0,45
82.47023770000123,23.28793767,100.0,45
82.50215340000068,25.05836568,100.0,45
82.53403430000071,23.28793767,100.0,45
82.56599030000143,24.105058290000002,100.0,45
82.59794590000092,25.05836568,100.0,45
82.63004270000056,23.28793767,100.0,45
82.67795970000043,25.05836568,100.0,45
82.7099605000003,25.05836568,100.0,45
82.74195930000133,23.151750900000003,100.0,45
82.773962700001,23.151750900000003,100.0,45
82.80581610000081,24.78599214,100.0,45
82.83825969999998,23.28793767,100.0,45
82.87005170000157,25.05836568,100.0,45
82.90207670000018,25.05836568,100.0,45
82.93408869999985,23.28793767,100.0,45
82.96601300000111,24.105058290000002,100.0,45
82.99811740000041,24.922178910000003,100.0,45
83.03000690000044,23.968871520000004,100.0,45
83.07795860000078,25.05836568,100.0,45
83.10995720000028,25.05836568,100.0,45
83.141934700001,24.922178910000003,100.0,45
83.17399100000148,23.28793767,100.0,45
83.2063779,25.33073922,100.0,45
83.23813719999998,23.28793767,100.0,45
83.2699674000014,24.105058290000002,100.0,45
83.3020249000001,25.33073922,100.0,45
83.33394240000052,23.424124440000003,100.0,45
83.36604310000075,23.28793767,100.0,45
83.39788810000027,24.922178910000003,100.0,45
83.43020440000146,23.28793767,100.0,45
83.4779348000011,24.649805370000003,100.0,45
83.51006330000018,24.78599214,100.0,45
83.54194310000094,23.28793767,100.0,45
83.57417770000029,23.28793767,100.0,45
83.60607510000045,24.5136186,100.0,45
83.63797610000074,23.151750900000003,100.0,45
83.67007620000004,24.241245060000004,100.0,45
83.70198520000122,25.05836568,100.0,45
83.7339735000005,23.560311210000002,100.0,45
83.7659644000014,24.105058290000002,100.0,45
83.7979591000003,25.194552450000003,100.0,45
83.82989230000021,23.28793767,100.0,45
83.87801800000125,24.105058290000002,100.0,45
83.90999190000002,24.78599214,100.0,45
83.94223160000001,23.968871520000004,100.0,45
83.97413700000106,23.28793767,100.0,45
84.00593280000066,25.05836568,100.0,45
84.03801150000072,23.424124440000003,100.0,45
84.06994430000123,23.28793767,100.0,45
84.10197080000034,25.05836568,100.0,45
84.13395480000145,23.151750900000003,100.0,45
84.16605940000045,23.424124440000003,100.0,45
84.19809630000054,25.33073922,100.0,45
84.23022769999989,23.28793767,100.0,45
84.2780498000011,24.105058290000002,100.0,45
84.31049000000166,25.05836568,100.0,45
84.34212630000002,23.151750900000003,100.0,45
84.37397860000056,23.151750900000003,100.0,45
84.40596820000064,25.05836568,100.0,45
84.43793450000157,23.28793767,100.0,45
84.46984690000136,24.105058290000002,100.0,45
84.5021136000014,25.05836568,100.0,45
84.53403770000114,24.649805370000003,100.0,45
84.56606830000055,23.28793767,100.0,45
84.59799910000038,25.05836568,100.0,45
84.62997720000021,23.151750900000003,100.0,45
84.67805630000112,23.28793767,100.0,45
84.71021690000089,25.05836568,100.0,45
84.7420402000007,23.151750900000003,100.0,45
84.77405130000079,23.28793767,100.0,45
84.80606870000156,25.05836568,100.0,45
84.83796880000045,23.28793767,100.0,45
84.87006790000123,23.28793767,100.0,45
84.90202090000093,24.922178910000003,100.0,45
84.9340043000011,23.151750900000003,100.0,45
84.96605460000137,23.151750900000003,100.0,45
84.99802120000095,25.05836568,100.0,45
85.03005790000134,23.28793767,100.0,45
85.0781764000003,23.151750900000003,100.0,45
85.10987040000145,25.05836568,100.0,45
85.14196690000063,23.28793767,100.0,45
85.17396130000088,24.5136186,100.0,45
85.20597890000136,25.33073922,100.0,45
85.23798850000094,23.28793767,100.0,45
85.26996680000047,23.28793767,100.0,45
85.30202410000129,25.05836568,100.0,45
85.33393969999997,23.01556413,100.0,45
85.36586840000018,23.28793767,100.0,45
85.39791190000142,24.78599214,100.0,45
85.43020609999985,23.28793767,100.0,45
85.47790239999995,22.74319059,100.0,45
85.50990280000042,25.05836568,100.0,45
85.54207769999994,23.28793767,100.0,45
85.57388400000127,24.78599214,100.0,45
85.60620440000093,24.922178910000003,100.0,45
85.63793510000141,23.01556413,100.0,45
85.66999350000151,23.28793767,100.0,45
85.7020491000003,25.05836568,100.0,45
85.73401340000055,23.28793767,100.0,45
85.765985,23.28793767,100.0,45
85.79822020000029,24.105058290000002,100.0,45
85.83011179999994,23.151750900000003,100.0,45
85.87797320000027,24.78599214,100.0,45
85.90988220000145,25.05836568,100.0,45
85.94199630000003,23.28793767,100.0,45
85.97396480000134,23.28793767,100.0,45
86.00597000000016,24.922178910000003,100.0,45
86.03789940000024,23.424124440000003,100.0,45
86.06992260000152,23.28793767,100.0,45
86.1020281000001,24.922178910000003,100.0,45
86.13391260000026,23.28793767,100.0,45
86.16617130000122,24.649805370000003,100.0,45
86.19801410000036,24.78599214,100.0,45
86.22996240000066,23.01556413,100.0,45
86.2778812000015,24.78599214,100.0,45
86.30982279999989,24.649805370000003,100.0,45
86.34194440000101,23.28793767,100.0,45
86.37398360000043,25.194552450000003,100.0,45
86.40594580000106,25.194552450000003,100.0,45
86.43781480000143,23.424124440000003,100.0,45
86.46987250000166,23.01556413,100.0,45
86.50194139999985,24.922178910000003,100.0,45
86.53418810000039,23.28793767,100.0,45
86.56611200000043,24.105058290000002,100.0,45
86.5979337000008,25.05836568,100.0,45
86.62990990000071,23.28793767,100.0,45
86.67791230000148,23.28793767,100.0,45
86.70997370000077,25.05836568,100.0,45
86.7419774000009,23.28793767,100.0,45
86.77399440000045,24.922178910000003,100.0,45
86.8059200000007,24.78599214,100.0,45
86.8379143000002,23.696497980000004,100.0,45
86.86996820000059,24.78599214,100.0,45
86.90204240000094,25.05836568,100.0,45
86.93405300000086,23.28793767,100.0,45
86.96598500000073,25.194552450000003,100.0,45
86.99787290000131,25.33073922,100.0,45
87.02990560000035,23.28793767,100.0,45
87.07788170000094,24.922178910000003,100.0,45
87.10996110000087,25.194552450000003,100.0,45
87.14193630000045,25.05836568,100.0,45
87.17389809999986,25.194552450000003,100.0,45
87.2060018000011,24.922178910000003,100.0,45
87.23803060000137,23.28793767,100.0,45
87.2699663000003,24.78599214,100.0,45
87.30201300000044,25.05836568,100.0,45
87.33402370000113,24.649805370000003,100.0,45
87.36582010000166,25.33073922,100.0,45
87.39796000000024,25.194552450000003,100.0,45
87.43001730000105,24.922178910000003,100.0,45
87.47804630000064,25.05836568,100.0,45
87.50980030000028,25.194552450000003,100.0,45
87.54200360000141,24.78599214,100.0,45
87.57395370000086,24.922178910000003,100.0,45
87.60597589999998,25.05836568,100.0,45
87.63812400000097,24.105058290000002,100.0,45
87.66998590000003,24.922178910000003,100.0,45
87.7019435000002,25.05836568,100.0,45
87.73395190000156,24.78599214,100.0,45
87.76596250000148,24.649805370000003,100.0,45
87.79789960000016,24.922178910000003,100.0,45
87.82998130000124,23.28793767,100.0,45
87.87790610000047,23.968871520000004,100.0,45
87.90997010000137,24.78599214,100.0,45
87.9420022000013,23.28793767,100.0,45
87.97392350000155,23.28793767,100.0,45
88.00629130000016,25.05836568,100.0,45
88.03809570000158,23.28793767,100.0,45
88.06978340000023,23.01556413,100.0,45
88.10188520000156,23.28793767,100.0,45
88.13399639999989,23.28793767,100.0,45
88.16594570000052,23.151750900000003,100.0,45
88.19786320000094,24.105058290000002,100.0,45
88.2298464000014,23.28793767,100.0,45
88.27795200000037,23.28793767,100.0,45
88.3099087999999,24.922178910000003,100.0,45
88.34186060000138,23.28793767,100.0,45
88.37404790000073,23.01556413,100.0,45
88.40607320000163,24.105058290000002,100.0,45
88.43791300000157,22.74319059,100.0,45
88.46988340000098,23.28793767,100.0,45
88.50194040000133,24.5136186,100.0,45
88.53396480000083,24.105058290000002,100.0,45
88.56607280000026,23.151750900000003,100.0,45
88.5980438000006,24.649805370000003,100.0,45
88.6300095000006,23.28793767,100.0,45
88.67785260000164,23.28793767,100.0,45
88.7098457000011,25.05836568,100.0,45
88.74194979999993,25.05836568,100.0,45
88.77407530000164,24.78599214,100.0,45
88.8059073000004,25.194552450000003,100.0,45
88.8379784000008,25.194552450000003,100.0,45
88.86991110000054,25.194552450000003,100.0,45
88.9019227000008,25.33073922,100.0,45
88.93391630000042,25.194552450000003,100.0,45
88.96596480000153,25.33073922,100.0,45
88.99788930000068,26.147859840000002,100.0,45
89.02992200000153,26.147859840000002,100.0,45
89.07781060000161,25.466925990000004,100.0,45
89.11034140000083,26.284046610000004,100.0,45
89.14208990000043,25.875486300000002,100.0,45
89.17396379999991,25.33073922,100.0,45
89.20612140000048,25.33073922,100.0,45
89.23798669999996,27.237354000000003,100.0,45
89.26997670000128,27.237354000000003,100.0,45
89.30203729999994,27.10116723,100.0,45
89.3339272000012,27.237354000000003,100.0,45
89.36597580000125,27.10116723,100.0,45
89.39800930000092,27.237354000000003,100.0,45
89.42992349999986,30.233462940000003,94.46250113254901,45
89.47811430000002,30.233462940000003,94.46250113254901,45
89.5099149000016,30.778210020000003,93.43709486431372,45
89.54199490000065,30.233462940000003,94.46250113254901,45
89.57397800000035,30.914396790000005,93.18074329725489,45
89.60600500000146,30.369649710000004,94.20614956549018,45
89.63793250000163,30.642023250000005,93.69344643137255,45
89.66992240000036,30.642023250000005,93.69344643137255,45
89.70195480000075,30.642023250000005,93.69344643137255,45
89.73391320000155,30.778210020000003,93.43709486431372,45
89.76585130000058,30.914396790000005,93.18074329725489,45
89.79796050000004,26.147859840000002,100.0,45
89.8298958000014,30.642023250000005,93.69344643137255,45
89.87801070000023,25.33073922,100.0,45
89.91000590000112,25.194552450000003,100.0,45
89.94202380000024,25.05836568,100.0,45
89.97393130000091,25.05836568,100.0,45
90.00593750000007,24.922178910000003,100.0,45
90.0379580000008,23.28793767,100.0,45
90.06994620000114,24.922178910000003,100.0,45
90.10193020000042,25.466925990000004,100.0,45
90.1338495,23.28793767,100.0,45
90.16593160000048,24.78599214,100.0,45
90.19782730000043,25.194552450000003,100.0,45
90.2300146000016,23.28793767,100.0,45
90.27784860000065,25.05836568,100.0,45
90.30986720000146,25.05836568,100.0,45
90.34195100000034,25.05836568,100.0,45
90.37393990000055,31.050583560000003,92.92439173019606,45
90.40599050000128,25.05836568,100.0,45
90.43795720000162,25.194552450000003,100.0,45
90.46995440000137,25.33073922,100.0,45
90.50194250000095,25.05836568,100.0,45
90.53397760000007,25.05836568,100.0,45
90.56615970000166,25.05836568,100.0,45
90.59813290000056,25.05836568,100.0,45
90.63008000000082,25.194552450000003,100.0,45
90.67795460000161,25.33073922,100.0,45
90.70988610000131,35.953307280000004,83.69573531607843,45
90.74201970000104,25.33073922,100.0,45
90.77397670000028,34.0466925,87.28465725490196,45
90.80595110000104,35.953307280000004,83.69573531607843,45
90.83795930000088,25.194552450000003,100.0,45
90.86995050000041,25.194552450000003,100.0,45
90.90193140000156,35.953307280000004,83.69573531607843,45
90.93395340000097,32.412451260000005,90.36087605960785,45
90.96624680000059,25.05836568,100.0,45
90.99799410000014,36.089494050000006,83.4393837490196,45
91.02989680000064,25.194552450000003,100.0,45
91.07783830000153,25.466925990000004,100.0,45
91.10996820000037,35.953307280000004,83.69573531607843,45
91.14199910000025,25.194552450000003,100.0,45
91.17404610000085,31.322957100000004,92.41168859607842,45
91.20584580000104,31.322957100000004,92.41168859607842,45
91.23794910000106,25.05836568,100.0,45
91.26982150000003,30.914396790000005,93.18074329725489,45
91.30177470000126,31.050583560000003,92.92439173019606,45
91.33394230000158,32.14007772,90.87357919372549,45
91.36591300000146,25.194552450000003,100.0,45
91.3978876000001,32.14007772,90.87357919372549,45
91.42994760000147,31.18677033,92.66804016313725,45
91.47786940000151,31.18677033,92.66804016313725,45
91.50994140000148,31.18677033,92.66804016313725,45
91.5419307000011,32.14007772,90.87357919372549,45
91.57399120000082,31.322957100000004,92.41168859607842,45
91.60593190000145,31.731517410000002,91.64263389490195,45
91.63790520000111,31.595330640000004,91.89898546196078,45
91.66980850000073,32.00389095,91.12993076078432,45
91.70196980000037,31.18677033,92.66804016313725,45
91.73400000000038,31.18677033,92.66804016313725,45
91.76596580000114,31.050583560000003,92.92439173019606,45
91.7978802000016,30.914396790000005,93.18074329725489,45
91.83000110000103,31.050583560000003,92.92439173019606,45
91.87785670000085,31.050583560000003,92.92439173019606,45
91.90988240000115,30.778210020000003,93.43709486431372,45
91.94199760000083,30.642023250000005,93.69344643137255,45
91.97391210000023,31.050583560000003,92.92439173019606,45
92.00599870000042,30.778210020000003,93.43709486431372,45
92.03797400000076,30.778210020000003,93.43709486431372,45
92.07014119999985,31.050583560000003,92.92439173019606,45
92.1020666000004,30.369649710000004,94.20614956549018,45
92.13394320000043,30.914396790000005,93.18074329725489,45
92.1660050999999,31.18677033,92.66804016313725,45
92.19792000000052,30.914396790000005,93.18074329725489,45
92.22989080000116,30.914396790000005,93.18074329725489,45
92.27784490000158,32.14007772,90.87357919372549,45
92.30994340000143,31.050583560000003,92.92439173019606,45
92.34198620000097,32.412451260000005,90.36087605960785,45
92.37394170000152,32.54863803,90.10452449254902,45
92.40589200000068,32.14007772,90.87357919372549,45
92.43808230000104,32.412451260000005,90.36087605960785,45
92.47001460000138,32.14007772,90.87357919372549,45
92.50198470000032,32.412451260000005,90.36087605960785,45
92.53413010000077,32.412451260000005,90.36087605960785,45
92.56596350000109,32.54863803,90.10452449254902,45
92.59797570000046,32.27626449,90.61722762666666,45
92.62988300000143,32.14007772,90.87357919372549,45
92.67794280000089,32.412451260000005,90.36087605960785,45
92.7098302000013,32.14007772,90.87357919372549,45
92.74193950000154,32.00389095,91.12993076078432,45
92.77397360000032,32.54863803,90.10452449254902,45
92.80618330000107,32.412451260000005,90.36087605960785,45
92.83790580000095,44.9416341,66.77653189019608,45
92.86988480000036,44.669260560000005,67.28923502431371,45
92.90193850000105,44.669260560000005,67.28923502431371,45
92.93391930000143,10.07782098,100.0,45
92.96596380000119,15.525291780000002,100.0,45
92.99788940000144,20.70038904,100.0,45
93.02993190000052,25.603112760000002,100.0,45
93.07805160000134,29.688715860000002,95.48790740078431,45
93.10994660000142,33.77431896,87.7973603890196,45
93.1419717000008,37.042801440000005,81.64492277960782,45
93.17408729999988,39.90272361,76.26153987137255,45
93.20603140000094,42.626459010000005,71.13450853019607,45
93.23795109999992,45.48638118,65.75112562196078,45
93.26993290000064,46.98443565,62.931258384313715,45
93.30185840000013,47.93774304000001,61.136797414901956,45
93.33393360000082,49.299610740000006,58.57328174431371,45
93.36596629999985,50.797665210000005,55.75341450666665,45
93.39789790000032,52.02334614000001,53.44625040313724,45
93.43002049999996,52.840466760000005,51.90814100078431,45
93.47787770000105,53.249027070000004,51.13908629960784,45
93.5098381000007,43.579766400000004,69.3400475607843,45
93.54216540000016,43.85213994000001,68.82734442666664,45
93.57411860000138,44.669260560000005,67.28923502431371,45
93.60588830000052,44.80544733000001,67.03288345725488,45
93.63784400000077,44.669260560000005,67.28923502431371,45
93.66985740000018,44.80544733000001,67.03288345725488,45
93.70200750000004,44.80544733000001,67.03288345725488,45
93.73390650000147,44.80544733000001,67.03288345725488,45
93.76595590000034,44.80544733000001,67.03288345725488,45
93.79795420000119,44.80544733000001,67.03288345725488,45
93.82998800000132,44.9416341,66.77653189019608,45
93.87794650000069,44.9416341,66.77653189019608,45
93.91007890000037,45.077820870000004,66.52018032313725,45
93.94224360000044,44.9416341,66.77653189019608,45
93.97384969999985,43.30739286000001,69.85275069490194,45
94.00591880000138,44.80544733000001,67.03288345725488,45
94.03789010000037,43.30739286000001,69.85275069490194,45
94.06989190000058,43.30739286000001,69.85275069490194,45
94.10196010000072,43.44357963,69.59639912784313,45
94.13393040000119,50.52529167,56.26611764078431,45
94.1660109000004,50.38910490000001,56.52246920784313,45
94.19787150000047,53.52140061000001,50.62638316549018,45
94.22994450000078,50.66147844,56.00976607372549,45
94.27795230000083,53.385213840000006,50.882734732549004,45
94.31006200000047,53.385213840000006,50.882734732549004,45
94.34195280000131,50.52529167,56.26611764078431,45
94.37389390000135,53.249027070000004,51.13908629960784,45
94.40601030000107,53.385213840000006,50.882734732549004,45
94.43787560000055,50.52529167,56.26611764078431,45
94.46985700000005,50.252918130000005,56.77882077490196,45
94.50185970000166,53.1128403,51.39543786666666,45
94.53394389999994,50.252918130000005,56.77882077490196,45
94.5659297000002,50.252918130000005,56.77882077490196,45
94.59796840000126,51.342412290000006,54.72800823843136,45
94.63001140000051,51.206225520000004,54.98435980549019,45
94.6780372000012,51.206225520000004,54.98435980549019,45
94.70999870000014,51.07003875,55.240711372549015,45
94.7418286000011,50.93385198000001,55.49706293960783,45
94.77392500000133,50.66147844,56.00976607372549,45
94.80591240000103,50.52529167,56.26611764078431,45
94.83779950000098,50.38910490000001,56.52246920784313,45
94.8698772000007,50.38910490000001,56.52246920784313,45
94.90193340000042,50.52529167,56.26611764078431,45
94.93386080000164,50.52529167,56.26611764078431,45
94.9658668000011,50.52529167,56.26611764078431,45
94.99814980000156,50.52529167,56.26611764078431,45
95.03018090000114,50.38910490000001,56.52246920784313,45
95.07781480000085,50.38910490000001,56.52246920784313,45
95.10991970000032,50.252918130000005,56.77882077490196,45
95.14192739999999,50.11673136,57.03517234196078,45
95.17400300000008,50.11673136,57.03517234196078,45
95.20593640000152,49.98054459000001,57.291523909019595,45
95.23781450000024,49.844357820000006,57.54787547607842,45
95.2698719,49.57198428,58.06057861019607,45
95.30206520000138,49.43579751000001,58.31693017725489,45
95.3339863000001,49.299610740000006,58.57328174431371,45
95.36613200000102,49.163423970000004,58.82963331137254,45
95.39810180000131,49.0272372,59.08598487843136,45
95.42998179999995,48.89105043000001,59.34233644549018,45
95.47785590000058,48.754863660000005,59.598688012549005,45
95.50989819999995,48.61867689,59.85503957960784,45
95.54191920000085,48.48249012,60.11139114666666,45
95.57390940000005,48.48249012,60.11139114666666,45
95.60600870000053,48.48249012,60.11139114666666,45
95.63795250000112,48.48249012,60.11139114666666,45
95.66994720000002,48.61867689,59.85503957960784,45
95.70189030000074,48.754863660000005,59.598688012549005,45
95.73382240000137,48.754863660000005,59.598688012549005,45
95.76600120000148,48.754863660000005,59.598688012549005,45
95.7979090000008,48.89105043000001,59.34233644549018,45
95.82994210000106,48.89105043000001,59.34233644549018,45
95.87785840000106,49.0272372,59.08598487843136,45
95.90993510000044,49.163423970000004,58.82963331137254,45
95.94194990000142,49.163423970000004,58.82963331137254,45
95.9740638000003,49.43579751000001,58.31693017725489,45
96.00585080000019,49.43579751000001,58.31693017725489,45
96.03784040000028,49.57198428,58.06057861019607,45
96.06992270000046,49.708171050000004,57.804227043137246,45
96.10184400000071,49.708171050000004,57.804227043137246,45
96.13406510000095,49.844357820000006,57.54787547607842,45
96.1657905000011,49.844357820000006,57.54787547607842,45
96.19794100000036,49.844357820000006,57.54787547607842,45
96.22991910000019,49.708171050000004,57.804227043137246,45
96.27786280000146,49.708171050000004,57.804227043137246,45
96.30981659999998,49.57198428,58.06057861019607,45
96.34193250000135,49.57198428,58.06057861019607,45
96.37396140000055,49.57198428,58.06057861019607,45
96.40593740000077,49.57198428,58.06057861019607,45
96.43788700000005,49.57198428,58.06057861019607,45
96.46992959999989,49.57198428,58.06057861019607,45
96.5021940000006,49.57198428,58.06057861019607,45
96.5340881000011,49.57198428,58.06057861019607,45
96.56596200000058,49.708171050000004,57.804227043137246,45
96.59817470000053,49.844357820000006,57.54787547607842,45
96.62997510000059,49.844357820000006,57.54787547607842,45
96.67791110000144,49.844357820000006,57.54787547607842,45
96.70984339999995,49.98054459000001,57.291523909019595,45
96.7418834,49.98054459000001,57.291523909019595,45
96.77390770000056,50.11673136,57.03517234196078,45
96.80593469999985,50.252918130000005,56.77882077490196,45
96.83794450000096,50.252918130000005,56.77882077490196,45
96.86999370000012,50.38910490000001,56.52246920784313,45
96.90209050000158,50.38910490000001,56.52246920784313,45
96.93393310000101,50.52529167,56.26611764078431,45
96.96594920000098,50.52529167,56.26611764078431,45
96.99782349999987,50.52529167,56.26611764078431,45
97.02996170000006,50.38910490000001,56.52246920784313,45
97.07778360000157,50.38910490000001,56.52246920784313,45
97.10990630000015,50.38910490000001,56.52246920784313,45
97.14196070000071,50.38910490000001,56.52246920784313,45
97.17394710000008,50.38910490000001,56.52246920784313,45
97.20591180000156,50.38910490000001,56.52246920784313,45
97.23794320000161,50.38910490000001,56.52246920784313,45
97.2699149,50.38910490000001,56.52246920784313,45
97.3019346000001,50.52529167,56.26611764078431,45
97.33392960000128,50.66147844,56.00976607372549,45
97.36598250000134,50.797665210000005,55.75341450666665,45
97.3980274000005,50.93385198000001,55.49706293960783,45
97.4299633999999,51.206225520000004,54.98435980549019,45
97.47799459999987,51.47859906000001,54.471656671372536,45
97.51002020000124,52.02334614000001,53.44625040313724,45
97.5419591000009,52.15953291,53.18989883607842,45
97.57386100000076,52.56809322000001,52.42084413490195,45
97.6060894000002,52.840466760000005,51.90814100078431,45
97.63796140000159,52.97665353000001,51.65178943372548,45
97.6698378000001,51.750972600000004,53.95895353725489,45
97.70189550000032,47.93774304000001,61.136797414901956,45
97.73392310000054,47.93774304000001,61.136797414901956,45
97.76586280000083,47.39299596000001,62.16220368313724,45
97.7977934999999,46.43968857,63.95666465254901,45
97.82991650000076,46.712062110000005,63.44396151843136,45
97.8778039000008,46.57587534,63.70031308549019,45
97.90992220000044,46.03112826,64.72571935372548,45
97.94194870000138,46.167315030000005,64.46936778666665,45
97.97416390000035,46.167315030000005,64.46936778666665,45
98.00606400000106,46.167315030000005,64.46936778666665,45
98.03800330000013,46.30350180000001,64.21301621960784,45
98.06996050000089,46.30350180000001,64.21301621960784,45
98.10200130000158,46.167315030000005,64.46936778666665,45
98.13400580000052,46.30350180000001,64.21301621960784,45
98.16592070000115,46.30350180000001,64.21301621960784,45
98.19790670000111,46.03112826,64.72571935372548,45
98.22995040000023,46.30350180000001,64.21301621960784,45
98.27792020000015,45.89494149000001,64.9820709207843,45
98.30995170000097,45.89494149000001,64.9820709207843,45
98.34210200000052,45.89494149000001,64.9820709207843,45
98.37401160000081,45.89494149000001,64.9820709207843,45
98.40594990000136,45.89494149000001,64.9820709207843,45
98.43794590000107,46.03112826,64.72571935372548,45
98.4698642000003,46.03112826,64.72571935372548,45
98.50195490000078,46.03112826,64.72571935372548,45
98.53393300000062,46.167315030000005,64.46936778666665,45
98.56592300000011,46.30350180000001,64.21301621960784,45
98.59786690000146,46.167315030000005,64.46936778666665,45
98.62991650000004,46.30350180000001,64.21301621960784,45
98.67793239999992,46.43968857,63.95666465254901,45
98.70990040000106,46.43968857,63.95666465254901,45
98.74194400000124,46.43968857,63.95666465254901,45
98.7739672000007,46.43968857,63.95666465254901,45
98.80600660000164,46.57587534,63.70031308549019,45
98.83799010000075,46.712062110000005,63.44396151843136,45
98.86998360000143,46.84824888000001,63.187609951372536,45
98.90193050000016,46.84824888000001,63.187609951372536,45
98.93392800000038,46.98443565,62.931258384313715,45
98.96591880000051,47.120622420000004,62.67490681725489,45
98.99793490000047,47.256809190000006,62.418555250196064,45
99.02993190000052,47.256809190000006,62.418555250196064,45
99.07796229999985,47.256809190000006,62.418555250196064,45
99.10995520000142,47.256809190000006,62.418555250196064,45
99.14190850000159,47.39299596000001,62.16220368313724,45
99.17386990000159,47.39299596000001,62.16220368313724,45
99.2059758000014,47.39299596000001,62.16220368313724,45
99.23780890000126,47.120622420000004,62.67490681725489,45
99.26993310000034,47.256809190000006,62.418555250196064,45
99.30190420000145,47.120622420000004,62.67490681725489,45
99.33395050000036,46.98443565,62.931258384313715,45
99.36590390000129,46.98443565,62.931258384313715,45
99.39795200000117,46.98443565,62.931258384313715,45
99.43002470000101,46.98443565,62.931258384313715,45
99.47812560000057,46.98443565,62.931258384313715,45
99.50992140000017,46.84824888000001,63.187609951372536,45
99.54195320000144,46.98443565,62.931258384313715,45
99.5739407000001,47.120622420000004,62.67490681725489,45
99.60590620000039,47.120622420000004,62.67490681725489,45
99.63780740000038,47.120622420000004,62.67490681725489,45
99.67052300000068,47.120622420000004,62.67490681725489,45
99.70199860000139,47.120622420000004,62.67490681725489,45
99.73390199999994,47.256809190000006,62.418555250196064,45
99.76589690000037,47.256809190000006,62.418555250196064,45
99.79804260000128,47.39299596000001,62.16220368313724,45
99.82998350000162,47.39299596000001,62.16220368313724,45
99.87785150000127,47.39299596000001,62.16220368313724,45
99.90986290000001,47.39299596000001,62.16220368313724,45
99.94195010000112,47.39299596000001,62.16220368313724,45
99.97389870000006,47.39299596000001,62.16220368313724,45
100.00592870000037,47.39299596000001,62.16220368313724,45
100.03783130000011,47.256809190000006,62.418555250196064,45
100.0699437000003,47.256809190000006,62.418555250196064,45
100.10205529999985,47.256809190000006,62.418555250196064,45
100.13398380000035,47.256809190000006,62.418555250196064,45
100.166092200001,47.120622420000004,62.67490681725489,45
100.1979377000007,47.256809190000006,62.418555250196064,45
100.22987650000141,47.256809190000006,62.418555250196064,45
100.2778842000007,47.120622420000004,62.67490681725489,45
100.3098813000015,47.120622420000004,62.67490681725489,45
100.34184170000117,47.120622420000004,62.67490681725489,45
100.37394720000157,47.256809190000006,62.418555250196064,45
100.40597190000153,47.120622420000004,62.67490681725489,45
100.43785500000013,47.120622420000004,62.67490681725489,45
100.46985510000013,47.120622420000004,62.67490681725489,45
100.50191340000129,46.98443565,62.931258384313715,45
100.53379160000077,47.120622420000004,62.67490681725489,45
100.56596650000029,46.98443565,62.931258384313715,45
100.5977907000015,46.98443565,62.931258384313715,45
100.6299624000003,47.120622420000004,62.67490681725489,45
100.67806890000065,46.98443565,62.931258384313715,45
100.70982300000105,46.98443565,62.931258384313715,45
100.74189939999997,47.120622420000004,62.67490681725489,45
100.77402500000062,46.98443565,62.931258384313715,45
100.80594730000121,47.120622420000004,62.67490681725489,45
100.83789280000019,46.98443565,62.931258384313715,45
100.8699402000002,47.120622420000004,62.67490681725489,45
100.90191960000084,47.120622420000004,62.67490681725489,45
100.93396759999996,46.98443565,62.931258384313715,45
100.96595620000153,46.84824888000001,63.187609951372536,45
100.99791160000132,46.98443565,62.931258384313715,45
101.02984860000106,46.84824888000001,63.187609951372536,45
101.07777590000114,46.84824888000001,63.187609951372536,45
101.1098290000009,46.98443565,62.931258384313715,45
101.14191449999998,46.84824888000001,63.187609951372536,45
101.17393560000164,46.84824888000001,63.187609951372536,45
101.20596360000127,46.84824888000001,63.187609951372536,45
101.23798660000102,46.712062110000005,63.44396151843136,45
101.27012210000066,46.712062110000005,63.44396151843136,45
101.30211200000122,46.712062110000005,63.44396151843136,45
101.33384400000068,46.712062110000005,63.44396151843136,45
101.36593730000095,46.57587534,63.70031308549019,45
101.39783900000111,46.712062110000005,63.44396151843136,45
101.42998690000059,46.712062110000005,63.44396151843136,45
101.477820600001,46.57587534,63.70031308549019,45
101.50978890000079,46.712062110000005,63.44396151843136,45
101.54193450000093,46.712062110000005,63.44396151843136,45
101.57395050000014,46.57587534,63.70031308549019,45
101.60587490000034,46.57587534,63.70031308549019,45
101.63796360000015,46.43968857,63.95666465254901,45
101.669987700001,46.43968857,63.95666465254901,45
101.70197440000084,46.57587534,63.70031308549019,45
101.73390660000041,46.30350180000001,64.21301621960784,45
101.7659302000011,46.43968857,63.95666465254901,45
101.79783930000121,46.43968857,63.95666465254901,45
101.82987940000021,46.30350180000001,64.21301621960784,45
101.87794420000137,46.30350180000001,64.21301621960784,45
101.90992110000116,46.167315030000005,64.46936778666665,45
101.94203950000156,46.167315030000005,64.46936778666665,45
101.97393700000066,46.167315030000005,64.46936778666665,45
102.00582250000116,46.167315030000005,64.46936778666665,45
102.03803730000072,46.03112826,64.72571935372548,45
102.06983730000138,46.57587534,63.70031308549019,45
102.1019191000014,46.03112826,64.72571935372548,45
102.13394110000081,46.43968857,63.95666465254901,45
102.16587140000047,46.43968857,63.95666465254901,45
102.19783940000161,46.30350180000001,64.21301621960784,45
102.22983420000128,46.30350180000001,64.21301621960784,45
102.27793259999999,46.43968857,63.95666465254901,45
102.30981580000116,46.43968857,63.95666465254901,45
102.341841200001,46.43968857,63.95666465254901,45
102.37385030000041,46.30350180000001,64.21301621960784,45
102.40599140000086,46.43968857,63.95666465254901,45
102.43814360000033,46.43968857,63.95666465254901,45
102.46992410000166,46.43968857,63.95666465254901,45
102.501948000001,46.43968857,63.95666465254901,45
102.53398480000033,46.43968857,63.95666465254901,45
102.56598120000126,46.43968857,63.95666465254901,45
102.59787890000007,46.43968857,63.95666465254901,45
102.62982740000007,46.43968857,63.95666465254901,45
102.67784430000029,46.57587534,63.70031308549019,45
102.70997200000056,46.57587534,63.70031308549019,45
102.74184750000131,46.57587534,63.70031308549019,45
102.7741917000003,46.43968857,63.95666465254901,45
102.80595619999986,46.43968857,63.95666465254901,45
102.83791810000002,46.43968857,63.95666465254901,45
102.86986770000112,46.57587534,63.70031308549019,45
102.90192690000003,46.712062110000005,63.44396151843136,45
102.93391100000008,46.712062110000005,63.44396151843136,45
102.96587790000012,46.712062110000005,63.44396151843136,45
102.99787079999987,46.98443565,62.931258384313715,45
103.02997070000129,46.712062110000005,63.44396151843136,45
103.07792380000137,46.712062110000005,63.44396151843136,45
103.10984330000065,46.84824888000001,63.187609951372536,45
103.14218230000006,46.712062110000005,63.44396151843136,45
103.17394860000059,46.84824888000001,63.187609951372536,45
103.20600940000077,46.84824888000001,63.187609951372536,45
103.23797270000068,46.84824888000001,63.187609951372536,45
103.26991010000165,46.98443565,62.931258384313715,45
103.30195900000035,46.84824888000001,63.187609951372536,45
103.33390660000077,46.712062110000005,63.44396151843136,45
103.36583790000077,46.712062110000005,63.44396151843136,45
103.39792970000053,46.57587534,63.70031308549019,45
103.42992330000015,46.43968857,63.95666465254901,45
103.47780560000137,46.57587534,63.70031308549019,45
103.51000110000132,46.712062110000005,63.44396151843136,45
103.54203100000086,46.712062110000005,63.44396151843136,45
103.57392100000106,46.57587534,63.70031308549019,45
103.60588820000157,46.57587534,63.70031308549019,45
103.63780030000089,46.57587534,63.70031308549019,45
103.66979300000094,46.57587534,63.70031308549019,45
103.70193790000121,46.30350180000001,64.21301621960784,45
103.73383850000027,46.03112826,64.72571935372548,45
103.76580040000044,46.30350180000001,64.21301621960784,45
103.79787130000113,44.260700250000006,68.05828972549018,45
103.8298958000014,51.342412290000006,54.72800823843136,45
103.87785330000042,50.52529167,56.26611764078431,45
103.90993549999985,49.43579751000001,58.31693017725489,45
103.94196700000066,48.210116580000005,60.624094280784306,45
103.97390559999985,47.256809190000006,62.418555250196064,45
104.00593610000033,46.167315030000005,64.46936778666665,45
104.0378520000013,37.996108830000004,79.85046181019607,45
104.0699024000005,40.99221777,74.21072733490195,45
104.10188259999995,40.856031,74.46707890196078,45
104.1339267000003,40.44747069,75.23613360313726,45
104.16579700000148,55.56420216000001,46.781109659607836,45
104.1979764000007,52.56809322000001,52.42084413490195,45
104.23013710000123,51.342412290000006,54.72800823843136,45
104.27806210000017,45.758754720000006,65.23842248784312,45
104.30988460000117,34.18287927,87.02830568784313,45
104.34193510000114,32.54863803,90.10452449254902,45
104.37392200000068,32.27626449,90.61722762666666,45
104.40595830000166,32.412451260000005,90.36087605960785,45
104.4378480000014,32.27626449,90.61722762666666,45
104.46994280000035,32.27626449,90.61722762666666,45
104.50199880000037,32.27626449,90.61722762666666,45
104.53402270000151,32.412451260000005,90.36087605960785,45
104.56602879999991,32.412451260000005,90.36087605960785,45
104.59797270000126,31.459143870000002,92.1553370290196,45
104.62996070000008,31.595330640000004,91.89898546196078,45
104.67795120000119,31.595330640000004,91.89898546196078,45
104.7099300000009,31.18677033,92.66804016313725,45
104.74190810000073,30.914396790000005,93.18074329725489,45
104.7738655000012,31.050583560000003,92.92439173019606,45
104.80588350000107,31.459143870000002,92.1553370290196,45
104.83780850000039,31.050583560000003,92.92439173019606,45
104.86991170000147,30.914396790000005,93.18074329725489,45
104.90192820000084,30.914396790000005,93.18074329725489,45
104.93387890000122,30.778210020000003,93.43709486431372,45
104.9659855000009,30.914396790000005,93.18074329725489,45
104.9979342000006,31.18677033,92.66804016313725,45
105.02990540000064,30.914396790000005,93.18074329725489,45
105.07775560000118,30.778210020000003,93.43709486431372,45
105.10987250000107,30.778210020000003,93.43709486431372,45
105.14190650000091,30.369649710000004,94.20614956549018,45
105.1739860000016,30.642023250000005,93.69344643137255,45
105.20587210000122,31.050583560000003,92.92439173019606,45
105.2379447000003,30.778210020000003,93.43709486431372,45
105.26993230000153,30.914396790000005,93.18074329725489,45
105.30183370000123,30.914396790000005,93.18074329725489,45
105.33399610000015,31.050583560000003,92.92439173019606,45
105.3659974000002,31.050583560000003,92.92439173019606,45
105.39793760000066,31.18677033,92.66804016313725,45
105.42981920000057,31.050583560000003,92.92439173019606,45
105.47782420000112,31.18677033,92.66804016313725,45
105.50982960000147,31.322957100000004,92.41168859607842,45
105.54187230000025,31.18677033,92.66804016313725,45
105.57397750000018,31.322957100000004,92.41168859607842,45
105.60588720000123,31.050583560000003,92.92439173019606,45
105.63797660000091,30.914396790000005,93.18074329725489,45
105.66987560000052,31.050583560000003,92.92439173019606,45
105.70205630000055,30.914396790000005,93.18074329725489,45
105.73407020000013,30.914396790000005,93.18074329725489,45
105.76595400000042,31.18677033,92.66804016313725,45
105.79784220000147,31.595330640000004,91.89898546196078,45
105.82981199999995,31.050583560000003,92.92439173019606,45
105.87778299999991,30.914396790000005,93.18074329725489,45
105.90997750000133,31.18677033,92.66804016313725,45
105.94199730000037,30.778210020000003,93.43709486431372,45
105.97396079999999,31.18677033,92.66804016313725,45
106.00580740000078,31.050583560000003,92.92439173019606,45
106.03789560000041,30.778210020000003,93.43709486431372,45
106.07002190000094,30.914396790000005,93.18074329725489,45
106.10211430000163,31.050583560000003,92.92439173019606,45
106.1338708000003,30.914396790000005,93.18074329725489,45
106.16592610000043,30.914396790000005,93.18074329725489,45
106.19779030000063,30.914396790000005,93.18074329725489,45
106.2299364999999,31.050583560000003,92.92439173019606,45
106.27789889999985,30.642023250000005,93.69344643137255,45
106.30980880000061,30.914396790000005,93.18074329725489,45
106.34187910000037,30.914396790000005,93.18074329725489,45
106.37388570000076,30.914396790000005,93.18074329725489,45
106.40596490000098,30.914396790000005,93.18074329725489,45
106.43778910000037,31.050583560000003,92.92439173019606,45
106.46983590000127,31.050583560000003,92.92439173019606,45
106.50193900000158,30.914396790000005,93.18074329725489,45
106.53383460000077,30.778210020000003,93.43709486431372,45
106.56596650000029,30.914396790000005,93.18074329725489,45
106.59792890000062,30.778210020000003,93.43709486431372,45
106.62996940000085,30.778210020000003,93.43709486431372,45
106.67774400000053,30.914396790000005,93.18074329725489,45
106.70981220000067,30.914396790000005,93.18074329725489,45
106.74192800000128,30.914396790000005,93.18074329725489,45
106.77383830000144,31.050583560000003,92.92439173019606,45
106.80591730000015,30.778210020000003,93.43709486431372,45
106.83805290000055,30.642023250000005,93.69344643137255,45
106.86996380000164,31.050583560000003,92.92439173019606,45
106.90185940000083,30.778210020000003,93.43709486431372,45
106.93386110000029,30.505836480000003,93.94979799843138,45
106.96590110000034,31.050583560000003,92.92439173019606,45
106.99778479999986,30.642023250000005,93.69344643137255,45
107.02996510000048,30.642023250000005,93.69344643137255,45
107.07773960000122,31.050583560000003,92.92439173019606,45
107.10992940000142,31.18677033,92.66804016313725,45
107.14189130000159,30.914396790000005,93.18074329725489,45
107.17392319999999,30.778210020000003,93.43709486431372,45
107.2060188000014,30.778210020000003,93.43709486431372,45
107.23782860000028,30.642023250000005,93.69344643137255,45
107.26994860000013,30.778210020000003,93.43709486431372,45
107.3019144000009,30.233462940000003,94.46250113254901,45
107.3338560000011,30.778210020000003,93.43709486431372,45
107.36587860000145,30.914396790000005,93.18074329725489,45
107.39784450000116,30.505836480000003,93.94979799843138,45
107.42983090000052,30.778210020000003,93.43709486431372,45
107.47783040000104,31.050583560000003,92.92439173019606,45
107.50986660000126,30.233462940000003,94.46250113254901,45
107.54186930000105,30.642023250000005,93.69344643137255,45
107.57399299999997,30.914396790000005,93.18074329725489,45
107.60591000000022,30.642023250000005,93.69344643137255,45
107.63783800000056,30.505836480000003,93.94979799843138,45
107.66979690000153,31.18677033,92.66804016313725,45
107.70188240000061,30.505836480000003,93.94979799843138,45
107.73389700000007,30.233462940000003,94.46250113254901,45
107.76627740000004,30.914396790000005,93.18074329725489,45
107.79804700000022,30.642023250000005,93.69344643137255,45
107.82988440000008,30.369649710000004,94.20614956549018,45
107.87792290000107,30.642023250000005,93.69344643137255,45
107.90976010000122,30.505836480000003,93.94979799843138,45
107.94198370000049,30.778210020000003,93.43709486431372,45
107.97389830000066,30.778210020000003,93.43709486431372,45
108.00589639999998,30.642023250000005,93.69344643137255,45
108.03784200000155,30.914396790000005,93.18074329725489,45
108.06994740000118,30.778210020000003,93.43709486431372,45
108.10186630000135,30.642023250000005,93.69344643137255,45
108.13381300000037,30.778210020000003,93.43709486431372,45
108.1657780000005,30.505836480000003,93.94979799843138,45
108.1979209000001,30.505836480000003,93.94979799843138,45
108.22984820000056,30.642023250000005,93.69344643137255,45
108.27784580000116,30.642023250000005,93.69344643137255,45
108.30984309999985,30.642023250000005,93.69344643137255,45
108.34193090000008,30.369649710000004,94.20614956549018,45
108.37395370000013,30.778210020000003,93.43709486431372,45
108.40591660000064,30.778210020000003,93.43709486431372,45
108.43785830000161,30.778210020000003,93.43709486431372,45
108.46987560000161,30.914396790000005,93.18074329725489,45
108.50186060000124,31.050583560000003,92.92439173019606,45
108.53393550000146,30.778210020000003,93.43709486431372,45
108.56587840000066,30.642023250000005,93.69344643137255,45
108.59780440000031,30.642023250000005,93.69344643137255,45
108.6299127000002,30.642023250000005,93.69344643137255,45
108.67796440000166,30.642023250000005,93.69344643137255,45
108.70985199999996,30.778210020000003,93.43709486431372,45
108.74182340000152,30.642023250000005,93.69344643137255,45
108.77387720000115,30.914396790000005,93.18074329725489,45
108.8059127000015,30.914396790000005,93.18074329725489,45
108.83792520000134,30.505836480000003,93.94979799843138,45
108.86991940000007,30.642023250000005,93.69344643137255,45
108.90189020000071,30.642023250000005,93.69344643137255,45
108.93390850000105,30.505836480000003,93.94979799843138,45
108.96614430000045,30.914396790000005,93.18074329725489,45
108.99792190000153,30.642023250000005,93.69344643137255,45
109.03024499999992,30.642023250000005,93.69344643137255,45
109.07784030000039,30.642023250000005,93.69344643137255,45
109.10976010000013,30.778210020000003,93.43709486431372,45
109.14188970000032,30.642023250000005,93.69344643137255,45
109.1739075000005,30.505836480000003,93.94979799843138,45
109.20588060000046,30.914396790000005,93.18074329725489,45
109.23793160000059,30.778210020000003,93.43709486431372,45
109.2698902000011,30.642023250000005,93.69344643137255,45
109.30189680000149,30.914396790000005,93.18074329725489,45
109.33385320000161,30.233462940000003,94.46250113254901,45
109.36585680000098,30.914396790000005,93.18074329725489,45
109.39811660000123,30.642023250000005,93.69344643137255,45
109.42991430000075,30.642023250000005,93.69344643137255,45
109.47785340000155,30.914396790000005,93.18074329725489,45
109.50980000000163,30.642023250000005,93.69344643137255,45
109.54196420000153,30.505836480000003,93.94979799843138,45
109.57395619999988,30.914396790000005,93.18074329725489,45
109.6059320000004,30.642023250000005,93.69344643137255,45
109.63788670000031,30.642023250000005,93.69344643137255,45
109.66987080000035,30.642023250000005,93.69344643137255,45
109.70183700000052,30.505836480000003,93.94979799843138,45
109.73391860000083,30.369649710000004,94.20614956549018,45
109.76609820000158,30.642023250000005,93.69344643137255,45
109.79789230000097,30.914396790000005,93.18074329725489,45
109.82983370000147,30.369649710000004,94.20614956549018,45
109.87783070000114,30.914396790000005,93.18074329725489,45
109.90975450000042,30.642023250000005,93.69344643137255,45
109.9418953000004,30.642023250000005,93.69344643137255,45
109.97388540000065,30.778210020000003,93.43709486431372,45
110.0059540000002,30.505836480000003,93.94979799843138,45
110.03788580000037,30.369649710000004,94.20614956549018,45
110.06982290000087,30.778210020000003,93.43709486431372,45
110.10189100000025,30.642023250000005,93.69344643137255,45
110.13404860000082,30.642023250000005,93.69344643137255,45
110.16603580000083,30.778210020000003,93.43709486431372,45
110.19799150000108,30.914396790000005,93.18074329725489,45
110.23007529999995,30.369649710000004,94.20614956549018,45
110.27792150000096,30.914396790000005,93.18074329725489,45
110.3099183000013,30.642023250000005,93.69344643137255,45
110.34192380000059,30.642023250000005,93.69344643137255,45
110.37392140000156,30.642023250000005,93.69344643137255,45
110.4059369000006,30.369649710000004,94.20614956549018,45
110.43785870000102,30.369649710000004,94.20614956549018,45
110.46990520000145,30.914396790000005,93.18074329725489,45
110.50206630000139,30.642023250000005,93.69344643137255,45
110.53405480000038,30.778210020000003,93.43709486431372,45
110.56594320000113,30.914396790000005,93.18074329725489,45
110.59782760000053,30.642023250000005,93.69344643137255,45
110.62988589999986,30.369649710000004,94.20614956549018,45
110.67786630000046,31.050583560000003,92.92439173019606,45
110.70981030000075,30.369649710000004,94.20614956549018,45
110.74189620000107,30.369649710000004,94.20614956549018,45
110.7739257000012,30.914396790000005,93.18074329725489,45
110.80596790000163,30.642023250000005,93.69344643137255,45
110.83800560000054,30.369649710000004,94.20614956549018,45
110.86997320000046,30.505836480000003,93.94979799843138,45
110.90195040000071,30.505836480000003,93.94979799843138,45
110.93376330000137,30.914396790000005,93.18074329725489,45
110.96593910000047,30.778210020000003,93.43709486431372,45
110.99793520000094,30.369649710000004,94.20614956549018,45
111.02990769999997,30.505836480000003,93.94979799843138,45
111.0777573000014,30.914396790000005,93.18074329725489,45
111.10982590000094,30.369649710000004,94.20614956549018,45
111.14191460000075,30.369649710000004,94.20614956549018,45
111.17386410000108,30.642023250000005,93.69344643137255,45
111.20581300000049,30.642023250000005,93.69344643137255,45
111.2380389000009,30.642023250000005,93.69344643137255,45
111.2699603000001,30.914396790000005,93.18074329725489,45
111.30190890000085,30.778210020000003,93.43709486431372,45
111.33375150000029,30.642023250000005,93.69344643137255,45
111.36593470000116,30.642023250000005,93.69344643137255,45
111.39794220000113,30.914396790000005,93.18074329725489,45
111.42994739999995,30.369649710000004,94.20614956549018,45
111.47788860000037,30.642023250000005,93.69344643137255,45
111.50986980000016,30.642023250000005,93.69344643137255,45
111.54185440000037,30.778210020000003,93.43709486431372,45
111.57390450000094,30.778210020000003,93.43709486431372,45
111.60598400000163,30.642023250000005,93.69344643137255,45
111.63802730000134,30.642023250000005,93.69344643137255,45
111.66992070000015,30.914396790000005,93.18074329725489,45
111.70191950000117,30.642023250000005,93.69344643137255,45
111.73384420000002,30.505836480000003,93.94979799843138,45
111.76585070000147,31.050583560000003,92.92439173019606,45
111.7978232000005,30.778210020000003,93.43709486431372,45
111.8299177000008,30.505836480000003,93.94979799843138,45
111.87787430000026,30.642023250000005,93.69344643137255,45
111.90986860000157,30.642023250000005,93.69344643137255,45
111.94193720000112,30.778210020000003,93.43709486431372,45
111.97407560000102,30.778210020000003,93.43709486431372,45
112.00605440000072,30.914396790000005,93.18074329725489,45
112.03792860000067,30.642023250000005,93.69344643137255,45
112.0698639000002,30.914396790000005,93.18074329725489,45
112.10189410000021,30.778210020000003,93.43709486431372,45
112.13381400000071,30.778210020000003,93.43709486431372,45
112.16592170000149,30.914396790000005,93.18074329725489,45
112.19784530000106,30.914396790000005,93.18074329725489,45
112.22990130000107,30.642023250000005,93.69344643137255,45
112.27787230000104,30.778210020000003,93.43709486431372,45
112.30982589999985,30.778210020000003,93.43709486431372,45
112.34184690000075,30.642023250000005,93.69344643137255,45
112.37393740000152,30.914396790000005,93.18074329725489,45
112.40593990000161,30.642023250000005,93.69344643137255,45
112.43779460000042,30.642023250000005,93.69344643137255,45
112.46984740000153,30.778210020000003,93.43709486431372,45
112.50190310000107,30.642023250000005,93.69344643137255,45
112.53389090000019,30.369649710000004,94.20614956549018,45
112.56584850000036,30.914396790000005,93.18074329725489,45
112.59783500000049,31.050583560000003,92.92439173019606,45
112.62984320000032,30.778210020000003,93.43709486431372,45
112.6777576000004,30.914396790000005,93.18074329725489,45
112.7098844000011,30.778210020000003,93.43709486431372,45
112.74198410000099,30.914396790000005,93.18074329725489,45
112.77402130000155,30.778210020000003,93.43709486431372,45
112.80586800000128,31.050583560000003,92.92439173019606,45
112.83791259999998,30.642023250000005,93.69344643137255,45
112.86989320000066,31.050583560000003,92.92439173019606,45
112.90190240000084,31.18677033,92.66804016313725,45
112.93385339999986,30.914396790000005,93.18074329725489,45
112.96587940000063,30.914396790000005,93.18074329725489,45
112.99779160000071,31.050583560000003,92.92439173019606,45
113.02982920000068,30.914396790000005,93.18074329725489,45
113.07787270000154,31.18677033,92.66804016313725,45
113.10989800000061,31.050583560000003,92.92439173019606,45
113.14194099999986,30.778210020000003,93.43709486431372,45
113.17379520000031,31.18677033,92.66804016313725,45
113.20594440000059,30.914396790000005,93.18074329725489,45
113.23784090000117,30.914396790000005,93.18074329725489,45
113.26988850000089,31.050583560000003,92.92439173019606,45
113.30181410000114,30.778210020000003,93.43709486431372,45
113.33389650000026,30.778210020000003,93.43709486431372,45
113.36593270000049,31.050583560000003,92.92439173019606,45
113.39793260000079,31.050583560000003,92.92439173019606,45
113.42986320000091,30.914396790000005,93.18074329725489,45
113.47818550000011,31.050583560000003,92.92439173019606,45
113.50980530000015,31.731517410000002,91.64263389490195,45
113.54182519999995,30.642023250000005,93.69344643137255,45
113.57384850000017,31.050583560000003,92.92439173019606,45
113.60590120000052,31.050583560000003,92.92439173019606,45
113.63779910000085,31.050583560000003,92.92439173019606,45
113.66987169999993,31.595330640000004,91.89898546196078,45
113.70188360000066,31.459143870000002,92.1553370290196,45
113.73385659999985,30.914396790000005,93.18074329725489,45
113.76580950000061,30.914396790000005,93.18074329725489,45
113.79788760000156,32.00389095,91.12993076078432,45
113.82994830000098,31.050583560000003,92.92439173019606,45
113.87784480000118,31.18677033,92.66804016313725,45
113.90977130000101,31.459143870000002,92.1553370290196,45
113.94190530000014,31.459143870000002,92.1553370290196,45
113.97387960000015,31.050583560000003,92.92439173019606,45
114.0058998000004,31.595330640000004,91.89898546196078,45
114.03777400000035,31.050583560000003,92.92439173019606,45
114.06983690000015,30.914396790000005,93.18074329725489,45
114.10195590000149,31.867704180000004,91.38628232784313,45
114.13398740000048,30.505836480000003,93.94979799843138,45
114.1659780000009,30.914396790000005,93.18074329725489,45
114.19800620000024,31.050583560000003,92.92439173019606,45
114.22995830000036,30.914396790000005,93.18074329725489,45
114.27792340000087,31.18677033,92.66804016313725,45
114.30979690000095,31.18677033,92.66804016313725,45
114.34185550000075,30.914396790000005,93.18074329725489,45
114.37386450000122,30.642023250000005,93.69344643137255,45
114.40588600000046,30.914396790000005,93.18074329725489,45
114.43776270000126,30.778210020000003,93.43709486431372,45
114.46991200000048,30.778210020000003,93.43709486431372,45
114.5019224000007,30.642023250000005,93.69344643137255,45
114.53379880000102,30.914396790000005,93.18074329725489,45
114.56612290000157,30.914396790000005,93.18074329725489,45
114.59793979999995,30.642023250000005,93.69344643137255,45
114.62980620000053,30.642023250000005,93.69344643137255,45
114.67775480000091,31.050583560000003,92.92439173019606,45
114.70986990000165,31.050583560000003,92.92439173019606,45
114.74185320000106,31.050583560000003,92.92439173019606,45
114.77397680000104,30.914396790000005,93.18074329725489,45
114.80591530000129,30.914396790000005,93.18074329725489,45
114.83791300000121,30.233462940000003,94.46250113254901,45
114.87000850000004,31.18677033,92.66804016313725,45
114.90189330000067,31.050583560000003,92.92439173019606,45
114.93413210000108,31.050583560000003,92.92439173019606,45
114.96617660000084,31.050583560000003,92.92439173019606,45
114.99797100000069,30.778210020000003,93.43709486431372,45
115.02977530000135,30.778210020000003,93.43709486431372,45
115.07786579999993,30.914396790000005,93.18074329725489,45
115.10980950000157,30.914396790000005,93.18074329725489,45
115.1418418000012,30.505836480000003,93.94979799843138,45
115.17383210000116,30.778210020000003,93.43709486431372,45
115.20589830000063,31.050583560000003,92.92439173019606,45
115.23787210000046,30.778210020000003,93.43709486431372,45
115.26989080000021,30.505836480000003,93.94979799843138,45
115.3019144000009,30.914396790000005,93.18074329725489,45
115.33397920000061,30.642023250000005,93.69344643137255,45
115.36589470000035,30.778210020000003,93.43709486431372,45
115.39782600000035,31.050583560000003,92.92439173019606,45
115.4298404000001,30.642023250000005,93.69344643137255,45
115.47774200000094,31.050583560000003,92.92439173019606,45
115.50982490000024,30.778210020000003,93.43709486431372,45
115.54190370000106,30.642023250000005,93.69344643137255,45
115.57391110000026,30.914396790000005,93.18074329725489,45
115.60587720000149,30.778210020000003,93.43709486431372,45
115.63787530000081,30.778210020000003,93.43709486431372,45
115.67031680000036,30.778210020000003,93.43709486431372,45
115.70193330000075,31.322957100000004,92.41168859607842,45
115.73387580000053,30.505836480000003,93.94979799843138,45
115.76591440000084,30.642023250000005,93.69344643137255,45
115.79777190000095,30.914396790000005,93.18074329725489,45
115.82982249999986,30.369649710000004,94.20614956549018,45
115.87784749999992,30.642023250000005,93.69344643137255,45
115.90979479999987,31.050583560000003,92.92439173019606,45
115.9418540000006,30.233462940000003,94.46250113254901,45
115.97386730000107,30.642023250000005,93.69344643137255,45
116.0058880000015,30.914396790000005,93.18074329725489,45
116.03812150000158,30.642023250000005,93.69344643137255,45
116.06998310000017,30.778210020000003,93.43709486431372,45
116.10191420000046,30.778210020000003,93.43709486431372,45
116.13384560000122,30.642023250000005,93.69344643137255,45
116.16585920000034,30.778210020000003,93.43709486431372,45
116.19782970000051,30.914396790000005,93.18074329725489,45
116.22976879999987,30.505836480000003,93.94979799843138,45
116.27776330000052,30.778210020000003,93.43709486431372,45
116.30988750000142,31.595330640000004,91.89898546196078,45
116.34191080000164,30.642023250000005,93.69344643137255,45
116.37395430000106,30.778210020000003,93.43709486431372,45
116.40610090000155,30.642023250000005,93.69344643137255,45
116.43806770000083,31.050583560000003,92.92439173019606,45
116.46983640000144,30.778210020000003,93.43709486431372,45
116.5019355000004,30.642023250000005,93.69344643137255,45
116.53383910000048,30.914396790000005,93.18074329725489,45
116.565875100001,30.369649710000004,94.20614956549018,45
116.59785160000138,30.914396790000005,93.18074329725489,45
116.62986760000058,30.233462940000003,94.46250113254901,45
116.6778205999999,30.233462940000003,94.46250113254901,45
116.70980460000101,30.914396790000005,93.18074329725489,45
116.74180789999991,30.778210020000003,93.43709486431372,45
116.77410779999991,30.778210020000003,93.43709486431372,45
116.80596180000066,31.050583560000003,92.92439173019606,45
116.83787350000057,30.642023250000005,93.69344643137255,45
116.86984870000015,30.778210020000003,93.43709486431372,45
116.90185460000066,31.050583560000003,92.92439173019606,45
116.93388060000143,31.050583560000003,92.92439173019606,45
116.96595940000043,30.778210020000003,93.43709486431372,45
116.99795930000073,30.778210020000003,93.43709486431372,45
117.02994240000044,30.778210020000003,93.43709486431372,45
117.07775530000072,30.914396790000005,93.18074329725489,45
117.10980870000094,30.914396790000005,93.18074329725489,45
117.14195570000084,31.18677033,92.66804016313725,45
117.17390500000147,30.642023250000005,93.69344643137255,45
117.20589220000147,31.050583560000003,92.92439173019606,45
117.23774120000053,30.914396790000005,93.18074329725489,45
117.26981540000088,30.778210020000003,93.43709486431372,45
117.30194600000141,31.050583560000003,92.92439173019606,45
117.3338291,30.778210020000003,93.43709486431372,45
117.36578940000072,30.642023250000005,93.69344643137255,45
117.39792699999998,31.18677033,92.66804016313725,45
117.42984370000158,30.369649710000004,94.20614956549018,45
117.47773850000158,30.778210020000003,93.43709486431372,45
117.5098710000002,30.914396790000005,93.18074329725489,45
117.5421720000013,30.642023250000005,93.69344643137255,45
117.57398360000116,30.505836480000003,93.94979799843138,45
117.60589540000001,31.050583560000003,92.92439173019606,45
117.63779950000026,30.778210020000003,93.43709486431372,45
117.66985380000006,30.642023250000005,93.69344643137255,45
117.70182190000014,31.050583560000003,92.92439173019606,45
117.73386220000066,30.642023250000005,93.69344643137255,45
117.76588510000147,30.642023250000005,93.69344643137255,45
117.79776540000057,31.050583560000003,92.92439173019606,45
117.8299347000011,30.778210020000003,93.43709486431372,45
117.8781181000013,30.778210020000003,93.43709486431372,45
117.91004340000109,31.18677033,92.66804016313725,45
117.94188470000154,30.642023250000005,93.69344643137255,45
117.97392270000091,30.369649710000004,94.20614956549018,45
118.00587820000146,31.050583560000003,92.92439173019606,45
118.03786040000159,30.505836480000003,93.94979799843138,45
118.06992380000156,30.642023250000005,93.69344643137255,45
118.10191720000148,30.778210020000003,93.43709486431372,45
118.1339192000014,30.369649710000004,94.20614956549018,45
118.16593260000082,30.642023250000005,93.69344643137255,45
118.19792540000162,31.18677033,92.66804016313725,45
118.22982140000022,30.778210020000003,93.43709486431372,45
118.27792560000125,30.914396790000005,93.18074329725489,45
118.30985710000095,31.18677033,92.66804016313725,45
118.34186690000024,30.369649710000004,94.20614956549018,45
118.37385590000122,30.233462940000003,94.46250113254901,45
118.40590450000127,30.778210020000003,93.43709486431372,45
118.43790010000157,30.369649710000004,94.20614956549018,45
118.46980919999987,30.642023250000005,93.69344643137255,45
118.50186810000014,30.914396790000005,93.18074329725489,45
118.53388129999985,30.642023250000005,93.69344643137255,45
118.56580710000162,30.642023250000005,93.69344643137255,45
118.59784590000163,30.914396790000005,93.18074329725489,45
118.62998710000102,30.233462940000003,94.46250113254901,45
118.67777180000121,30.233462940000003,94.46250113254901,45
118.70977579999999,30.914396790000005,93.18074329725489,45
118.74189150000166,30.369649710000004,94.20614956549018,45
118.77382590000161,30.369649710000004,94.20614956549018,45
118.80585880000035,30.642023250000005,93.69344643137255,45
118.83795100000134,30.642023250000005,93.69344643137255,45
118.86990590000096,30.505836480000003,93.94979799843138,45
118.90177200000107,30.914396790000005,93.18074329725489,45
118.93383050000011,30.914396790000005,93.18074329725489,45
118.96600120000039,30.642023250000005,93.69344643137255,45
118.99791510000068,30.914396790000005,93.18074329725489,45
119.02994370000124,30.369649710000004,94.20614956549018,45
119.07777420000093,30.642023250000005,93.69344643137255,45
119.10983430000124,30.778210020000003,93.43709486431372,45
119.14190090000011,30.505836480000003,93.94979799843138,45
119.1738992999999,30.369649710000004,94.20614956549018,45
119.20586010000079,30.914396790000005,93.18074329725489,45
119.23783200000071,30.914396790000005,93.18074329725489,45
119.26980960000037,30.778210020000003,93.43709486431372,45
119.3018544000006,30.914396790000005,93.18074329725489,45
119.33389979999993,30.778210020000003,93.43709486431372,45
119.36614480000026,30.642023250000005,93.69344643137255,45
119.39810220000072,30.233462940000003,94.46250113254901,45
119.42978960000073,30.505836480000003,93.94979799843138,45
119.4777920000015,30.233462940000003,94.46250113254901,45
119.50987320000058,30.914396790000005,93.18074329725489,45
119.54192010000043,30.778210020000003,93.43709486431372,45
119.57405440000002,30.233462940000003,94.46250113254901,45
119.60589410000102,30.914396790000005,93.18074329725489,45
119.63787980000052,30.505836480000003,93.94979799843138,45
119.66983990000153,30.369649710000004,94.20614956549018,45
119.70186160000048,31.050583560000003,92.92439173019606,45
119.7339819000008,30.369649710000004,94.20614956549018,45
119.76592900000105,30.505836480000003,93.94979799843138,45
119.79776350000066,30.778210020000003,93.43709486431372,45
119.8298319000005,30.233462940000003,94.46250113254901,45
119.87766620000002,30.233462940000003,94.46250113254901,45
119.90979880000123,31.731517410000002,91.64263389490195,45
119.94184160000077,30.778210020000003,93.43709486431372,45
119.97387650000019,30.233462940000003,94.46250113254901,45
120.00580620000073,31.731517410000002,91.64263389490195,45
120.03787180000108,30.505836480000003,84.538033292549,40
120.0698908000013,30.233462940000003,85.05073642666666,40
120.10202710000158,31.050583560000003,83.51262702431372,40
120.13391250000132,30.233462940000003,85.05073642666666,40
120.16580400000021,30.778210020000003,84.02533015843136,40
120.19782699999996,30.369649710000004,84.79438485960785,40
120.22993750000023,30.369649710000004,84.79438485960785,40
120.27788920000057,30.642023250000005,84.28168172549019,40
120.30991480000012,30.914396790000005,83.76897859137254,40
120.34202790000018,30.233462940000003,85.05073642666666,40
120.37385710000126,30.369649710000004,84.79438485960785,40
120.40595370000119,30.369649710000004,84.79438485960785,40
120.43772850000096,30.369649710000004,84.79438485960785,40
120.47031930000048,30.233462940000003,85.05073642666666,40
120.50202730000092,30.369649710000004,84.79438485960785,40
120.53382060000149,31.050583560000003,83.51262702431372,40
120.56591030000163,30.233462940000003,85.05073642666666,40
120.59777190000023,30.369649710000004,84.79438485960785,40
120.62984370000049,30.369649710000004,84.79438485960785,40
120.67789430000084,30.233462940000003,85.05073642666666,40
120.70984630000021,30.778210020000003,84.02533015843136,40
120.74185320000106,30.505836480000003,84.538033292549,40
120.77388990000145,30.369649710000004,84.79438485960785,40
120.8057856000014,30.778210020000003,84.02533015843136,40
120.83804340000097,30.642023250000005,84.28168172549019,40
120.87002190000021,30.233462940000003,85.05073642666666,40
120.90185689999998,31.050583560000003,83.51262702431372,40
120.93381350000163,31.050583560000003,83.51262702431372,40
120.9659042000003,30.369649710000004,84.79438485960785,40
120.99789750000127,30.642023250000005,84.28168172549019,40
121.02984520000064,30.914396790000005,83.76897859137254,40
121.07782829999996,30.642023250000005,84.28168172549019,40
121.10987100000057,30.233462940000003,85.05073642666666,40
121.14188480000121,30.914396790000005,83.76897859137254,40
121.1738247000012,31.050583560000003,83.51262702431372,40
121.20594860000165,30.505836480000003,84.538033292549,40
121.23778720000155,30.642023250000005,84.28168172549019,40
121.26990640000076,30.233462940000003,85.05073642666666,40
121.30181050000101,30.778210020000003,84.02533015843136,40
121.33388400000149,30.505836480000003,84.538033292549,40
121.36584890000086,30.505836480000003,84.538033292549,40
121.3978360000001,30.233462940000003,85.05073642666666,40
121.4298576000001,30.778210020000003,84.02533015843136,40
121.47787680000147,30.505836480000003,84.538033292549,40
121.50977870000133,30.233462940000003,85.05073642666666,40
121.541795000001,30.369649710000004,84.79438485960785,40
121.57404250000036,30.369649710000004,84.79438485960785,40
121.60595250000006,30.778210020000003,84.02533015843136,40
121.63778200000161,31.050583560000003,83.51262702431372,40
121.66982370000005,30.233462940000003,85.05073642666666,40
121.70182440000099,30.778210020000003,84.02533015843136,40
121.73387530000036,30.369649710000004,84.79438485960785,40
121.76591200000075,30.369649710000004,84.79438485960785,40
121.79780160000155,30.778210020000003,84.02533015843136,40
121.8298476,31.18677033,83.25627545725489,40
121.87777790000109,30.233462940000003,85.05073642666666,40
121.90981680000004,30.914396790000005,83.76897859137254,40
121.94207000000097,30.642023250000005,84.28168172549019,40
121.97396550000121,30.233462940000003,85.05073642666666,40
122.00593720000143,30.505836480000003,84.538033292549,40
122.03779870000108,31.050583560000003,83.51262702431372,40
122.06987600000139,30.233462940000003,85.05073642666666,40
122.1019111000005,30.369649710000004,84.79438485960785,40
122.13384250000126,31.050583560000003,83.51262702431372,40
122.16590710000128,30.097276170000004,85.30708799372549,40
122.19784160000017,30.642023250000005,84.28168172549019,40
122.22988450000048,30.778210020000003,84.02533015843136,40
122.27774600000157,30.369649710000004,84.79438485960785,40
122.31003180000152,30.505836480000003,84.538033292549,40
122.34198720000131,30.642023250000005,84.28168172549019,40
122.37386460000016,30.369649710000004,84.79438485960785,40
122.40590070000144,30.369649710000004,84.79438485960785,40
122.43781870000021,30.642023250000005,84.28168172549019,40
122.4699154000009,30.233462940000003,85.05073642666666,40
122.50193290000061,30.369649710000004,84.79438485960785,40
122.53391340000053,32.00389095,81.71816605490196,40
122.56590510000024,30.369649710000004,84.79438485960785,40
122.59780320000027,30.778210020000003,84.02533015843136,40
122.62988100000075,31.050583560000003,83.51262702431372,40
122.67791290000059,30.233462940000003,85.05073642666666,40
122.71008770000117,30.233462940000003,85.05073642666666,40
122.74193210000158,30.642023250000005,84.28168172549019,40
122.77392150000014,30.369649710000004,84.79438485960785,40
122.80591850000019,30.778210020000003,84.02533015843136,40
122.83778020000136,30.642023250000005,84.28168172549019,40
122.86982930000158,30.642023250000005,84.28168172549019,40
122.90198410000085,30.642023250000005,84.28168172549019,40
122.93384970000079,31.050583560000003,83.51262702431372,40
122.96587400000135,30.369649710000004,84.79438485960785,40
122.99786310000127,30.505836480000003,84.538033292549,40
123.02982630000042,31.050583560000003,83.51262702431372,40
123.07794560000002,30.778210020000003,84.02533015843136,40
123.10981870000069,30.233462940000003,85.05073642666666,40
123.14187430000129,31.322957100000004,82.99992389019607,40
123.17386369999986,30.642023250000005,84.28168172549019,40
123.20581790000142,30.642023250000005,84.28168172549019,40
123.2378389000005,30.778210020000003,84.02533015843136,40
123.2697848000007,30.642023250000005,84.28168172549019,40
123.30182400000012,30.778210020000003,84.02533015843136,40
123.33386810000047,31.050583560000003,83.51262702431372,40
123.36580370000047,30.642023250000005,84.28168172549019,40
123.39789800000108,30.369649710000004,84.79438485960785,40
123.42988930000138,30.914396790000005,83.76897859137254,40
123.47777600000154,30.369649710000004,84.79438485960785,40
123.50986940000075,30.505836480000003,84.538033292549,40
123.54181430000062,31.18677033,83.25627545725489,40
123.57386700000097,30.505836480000003,84.538033292549,40
123.60589680000157,30.505836480000003,84.538033292549,40
123.63795660000142,30.642023250000005,84.28168172549019,40
123.66991600000074,30.914396790000005,83.76897859137254,40
123.70211590000144,30.778210020000003,84.02533015843136,40
123.7339606000005,31.18677033,83.25627545725489,40
123.76581080000142,30.914396790000005,83.76897859137254,40
123.79795320000085,30.369649710000004,84.79438485960785,40
123.83001160000094,31.322957100000004,82.99992389019607,40
123.87780759999987,30.642023250000005,84.28168172549019,40
123.90988030000153,30.233462940000003,85.05073642666666,40
123.94188100000065,30.778210020000003,84.02533015843136,40
123.97389660000044,30.233462940000003,85.05073642666666,40
124.00588040000002,30.097276170000004,85.30708799372549,40
124.03785700000117,30.778210020000003,84.02533015843136,40
124.06991460000063,30.233462940000003,85.05073642666666,40
124.101809400001,30.233462940000003,85.05073642666666,40
124.13378680000096,30.642023250000005,84.28168172549019,40
124.16595870000128,30.097276170000004,85.30708799372549,40
124.19784830000026,30.505836480000003,84.538033292549,40
124.22981860000073,31.322957100000004,82.99992389019607,40
124.27775310000106,30.914396790000005,83.76897859137254,40
124.30986830000074,30.369649710000004,84.79438485960785,40
124.34189610000067,31.322957100000004,82.99992389019607,40
124.37382240000079,31.050583560000003,83.51262702431372,40
124.40590479999992,30.369649710000004,84.79438485960785,40
124.4378514,31.050583560000003,83.51262702431372,40
124.46983650000038,30.642023250000005,84.28168172549019,40
124.50194790000023,30.233462940000003,85.05073642666666,40
124.53409810000085,31.050583560000003,83.51262702431372,40
124.56590180000057,30.914396790000005,83.76897859137254,40
124.5978253000012,30.233462940000003,85.05073642666666,40
124.62995820000106,30.778210020000003,84.02533015843136,40
124.67783860000054,30.369649710000004,84.79438485960785,40
124.70990080000047,30.369649710000004,84.79438485960785,40
124.74180610000076,30.778210020000003,84.02533015843136,40
124.77393170000141,30.778210020000003,84.02533015843136,40
124.80592070000057,31.050583560000003,83.51262702431372,40
124.83785680000074,31.050583560000003,83.51262702431372,40
124.86998420000054,30.642023250000005,84.28168172549019,40
124.90223900000092,30.778210020000003,84.02533015843136,40
124.93397610000102,30.505836480000003,84.538033292549,40
124.96583150000151,25.33073922,94.27939284078431,40
124.99813890000041,25.33073922,94.27939284078431,40
125.03005770000163,32.14007772,81.46181448784314,40
125.07791309999993,25.194552450000003,94.53574440784313,40
125.10983660000056,25.466925990000004,94.0230412737255,40
125.14194270000007,25.466925990000004,94.0230412737255,40
125.17390370000066,25.05836568,94.79209597490194,40
125.20595070000127,25.466925990000004,94.0230412737255,40
125.23795109999992,25.194552450000003,94.53574440784313,40
125.270054300001,25.33073922,94.27939284078431,40
125.30199690000154,25.05836568,94.79209597490194,40
125.33395510000082,25.466925990000004,94.0230412737255,40
125.36595149999994,25.33073922,94.27939284078431,40
125.39789980000023,25.05836568,94.79209597490194,40
125.42983790000108,25.194552450000003,94.53574440784313,40
125.47821180000028,25.194552450000003,94.53574440784313,40
125.50999469999988,30.233462940000003,85.05073642666666,40
125.54199630000039,30.642023250000005,84.28168172549019,40
125.57393260000026,25.33073922,94.27939284078431,40
125.60595140000078,30.642023250000005,84.28168172549019,40
125.63793280000027,30.914396790000005,83.76897859137254,40
125.66982009999992,30.914396790000005,83.76897859137254,40
125.70184520000112,25.05836568,94.79209597490194,40
125.73385010000129,30.914396790000005,83.76897859137254,40
125.7659517000011,25.194552450000003,94.53574440784313,40
125.79788640000152,30.642023250000005,84.28168172549019,40
125.82989820000148,31.050583560000003,83.51262702431372,40
125.87782650000008,32.54863803,80.69275978666667,40
125.90983790000064,25.194552450000003,94.53574440784313,40
125.94188470000154,32.14007772,81.46181448784314,40
125.97394390000045,32.412451260000005,80.94911135372548,40
126.00604340000064,25.33073922,94.27939284078431,40
126.03784850000011,25.05836568,94.79209597490194,40
126.06983370000125,25.194552450000003,94.53574440784313,40
126.10192110000025,25.05836568,94.79209597490194,40
126.13391100000081,25.739299530000004,93.51033813960784,40
126.16599860000133,25.194552450000003,94.53574440784313,40
126.19795140000133,25.194552450000003,94.53574440784313,40
126.22991000000002,25.466925990000004,94.0230412737255,40
126.27787739999985,25.466925990000004,94.0230412737255,40
126.30990700000075,25.33073922,94.27939284078431,40
126.34189340000012,25.33073922,94.27939284078431,40
126.37405340000078,25.194552450000003,94.53574440784313,40
126.40603830000146,25.33073922,94.27939284078431,40
126.43786910000017,25.33073922,94.27939284078431,40
126.46981980000055,25.33073922,94.27939284078431,40
126.50182510000013,25.05836568,94.79209597490194,40
126.53394770000159,25.466925990000004,94.0230412737255,40
126.56589930000155,25.466925990000004,94.0230412737255,40
126.59783900000002,25.05836568,94.79209597490194,40
126.62992530000156,37.996108830000004,70.43869710431372,40
126.67777950000163,25.05836568,94.79209597490194,40
126.70982830000139,25.466925990000004,94.0230412737255,40
126.74213120000059,25.05836568,94.79209597490194,40
126.7739771000015,24.649805370000003,95.56115067607843,40
126.80590380000103,25.33073922,94.27939284078431,40
126.83774090000043,25.466925990000004,94.0230412737255,40
126.86986600000091,25.33073922,94.27939284078431,40
126.90190320000147,25.05836568,94.79209597490194,40
126.93399280000085,25.05836568,94.79209597490194,40
126.96585870000126,25.194552450000003,94.53574440784313,40
126.99792180000077,25.05836568,94.79209597490194,40
127.02981240000008,25.33073922,94.27939284078431,40
127.07783550000022,25.33073922,94.27939284078431,40
127.1100245000016,25.05836568,94.79209597490194,40
127.14210840000123,25.194552450000003,94.53574440784313,40
127.17388630000096,25.05836568,94.79209597490194,40
127.20580710000104,25.194552450000003,94.53574440784313,40
127.23771680000027,25.33073922,94.27939284078431,40
127.26980120000007,24.922178910000003,95.04844754196078,40
127.30188430000089,25.194552450000003,94.53574440784313,40
127.33392660000027,38.26848237,69.92599397019607,40
127.36586220000027,25.05836568,94.79209597490194,40
127.39783460000035,25.05836568,94.79209597490194,40
127.42985550000049,38.40466914,69.66964240313725,40
127.47788690000016,25.194552450000003,94.53574440784313,40
127.50999030000094,25.05836568,94.79209597490194,40
127.54192440000043,38.94941622,68.64423613490194,40
127.57391300000018,25.194552450000003,94.53574440784313,40
127.6060064000012,24.922178910000003,95.04844754196078,40
127.63776570000118,25.194552450000003,94.53574440784313,40
127.66984610000145,25.05836568,94.79209597490194,40
127.7017504000014,25.05836568,94.79209597490194,40
127.73383990000002,25.194552450000003,94.53574440784313,40
127.76596810000046,37.587548520000006,71.20775180549019,40
127.79780000000028,25.466925990000004,94.0230412737255,40
127.829786100001,38.26848237,69.92599397019607,40
127.87794440000107,25.194552450000003,94.53574440784313,40
127.9098081000011,25.466925990000004,94.0230412737255,40
127.9418065000009,38.132295600000006,70.1823455372549,40
127.97383230000014,37.31517498,71.72045493960785,40
128.00584030000027,25.466925990000004,94.0230412737255,40
128.03781040000104,38.26848237,69.92599397019607,40
128.06986380000126,37.31517498,71.72045493960785,40
128.10180260000016,25.33073922,94.27939284078431,40
128.13389290000123,38.40466914,69.66964240313725,40
128.16584390000025,37.587548520000006,71.20775180549019,40
128.1980497000004,38.132295600000006,70.1823455372549,40
128.2300675000006,38.26848237,69.92599397019607,40
128.2777919,37.31517498,71.72045493960785,40
128.30978680000044,25.33073922,94.27939284078431,40
128.34182990000045,38.132295600000006,70.1823455372549,40
128.3738938000006,37.451361750000004,71.46410337254902,40
128.40592319999996,25.33073922,94.27939284078431,40
128.43789260000085,37.85992206,70.69504867137255,40
128.47000610000032,37.17898821000001,71.97680650666665,40
128.5018452000004,25.194552450000003,94.53574440784313,40
128.53382560000136,38.40466914,69.66964240313725,40
128.5658239000004,37.85992206,70.69504867137255,40
128.59812090000014,25.194552450000003,94.53574440784313,40
128.62990720000016,38.132295600000006,70.1823455372549,40
128.67785640000147,37.72373529,70.95140023843138,40
128.70973690000028,25.05836568,94.79209597490194,40
128.74193240000022,38.26848237,69.92599397019607,40
128.77390200000082,37.31517498,71.72045493960785,40
128.80582409999988,37.587548520000006,71.20775180549019,40
128.8377973000006,38.40466914,69.66964240313725,40
128.86985950000053,37.451361750000004,71.46410337254902,40
128.90179420000095,37.451361750000004,71.46410337254902,40
128.9338373999999,37.996108830000004,70.43869710431372,40
128.96593400000165,37.451361750000004,71.46410337254902,40
128.99782980000055,37.31517498,71.72045493960785,40
129.02994060000128,37.72373529,70.95140023843138,40
129.07772269999987,37.72373529,70.95140023843138,40
129.1099634000002,37.31517498,71.72045493960785,40
129.1420216000006,38.40466914,69.66964240313725,40
129.17384530000163,37.451361750000004,71.46410337254902,40
129.20617090000087,37.17898821000001,71.97680650666665,40
129.23786100000143,38.132295600000006,70.1823455372549,40
129.2698433000005,37.996108830000004,70.43869710431372,40
129.30189960000098,37.451361750000004,71.46410337254902,40
129.33388130000094,38.26848237,69.92599397019607,40
129.36591730000146,37.451361750000004,71.46410337254902,40
129.39784990000044,37.31517498,71.72045493960785,40
129.42982910000137,38.132295600000006,70.1823455372549,40
129.47788519999995,37.31517498,71.72045493960785,40
129.5097953000004,37.451361750000004,71.46410337254902,40
129.5417421000002,37.587548520000006,71.20775180549019,40
129.5738603000009,37.587548520000006,71.20775180549019,40
129.60591400000158,37.587548520000006,71.20775180549019,40
129.6378624000008,38.26848237,69.92599397019607,40
129.66985420000128,38.132295600000006,70.1823455372549,40
129.70202840000093,37.042801440000005,72.23315807372548,40
129.73402840000017,38.540855910000005,69.41329083607842,40
129.76617780000015,37.451361750000004,71.46410337254902,40
129.7978920000005,37.72373529,70.95140023843138,40
129.83010660000036,38.132295600000006,70.1823455372549,40
129.87781470000118,38.132295600000006,70.1823455372549,40
129.90997070000049,37.587548520000006,71.20775180549019,40
129.9418792000015,38.40466914,69.66964240313725,40
129.97441350000008,38.40466914,69.66964240313725,40
130.00700170000164,37.587548520000006,71.20775180549019,40
130.0381421000002,38.40466914,69.66964240313725,40
130.0706781000008,38.40466914,69.66964240313725,40
130.1022666000008,37.31517498,71.72045493960785,40
130.13397950000035,37.72373529,70.95140023843138,40
130.16596390000086,37.31517498,71.72045493960785,40
130.19789260000107,38.132295600000006,70.1823455372549,40
130.23005640000156,38.40466914,69.66964240313725,40
130.2780139000006,38.132295600000006,70.1823455372549,40
130.30983000000015,37.72373529,70.95140023843138,40
130.34186630000113,38.40466914,69.66964240313725,40
130.37392010000076,37.996108830000004,70.43869710431372,40
130.40609320000112,36.90661467,72.4895096407843,40
130.43796140000086,38.40466914,69.66964240313725,40
130.46987960000115,37.85992206,70.69504867137255,40
130.50180929999988,37.587548520000006,71.20775180549019,40
130.53388919999998,38.40466914,69.66964240313725,40
130.56588280000142,37.451361750000004,71.46410337254902,40
130.59822140000142,38.40466914,69.66964240313725,40
130.62992170000143,38.132295600000006,70.1823455372549,40
130.67790650000097,38.132295600000006,70.1823455372549,40
130.70981500000016,37.451361750000004,71.46410337254902,40
130.74194410000018,38.40466914,69.66964240313725,40
130.77386500000102,37.587548520000006,71.20775180549019,40
130.80592980000074,37.587548520000006,71.20775180549019,40
130.8378747000006,38.132295600000006,70.1823455372549,40
130.86993150000126,37.85992206,70.69504867137255,40
130.90189360000113,37.17898821000001,71.97680650666665,40
130.93381430000045,38.540855910000005,69.41329083607842,40
130.96583830000054,38.26848237,69.92599397019607,40
130.9978890000002,38.40466914,69.66964240313725,40
131.02990339999997,38.132295600000006,70.1823455372549,40
131.0778074000009,37.72373529,70.95140023843138,40
131.11018270000022,37.587548520000006,71.20775180549019,40
131.1418698000016,38.40466914,69.66964240313725,40
131.17393400000037,37.587548520000006,71.20775180549019,40
131.20598250000148,37.31517498,71.72045493960785,40
131.23781659999986,38.40466914,69.66964240313725,40
131.26991070000076,38.132295600000006,70.1823455372549,40
131.30188260000068,37.31517498,71.72045493960785,40
131.33402770000066,38.26848237,69.92599397019607,40
131.36596480000117,37.587548520000006,71.20775180549019,40
131.3979016000012,36.90661467,72.4895096407843,40
131.4299217000007,37.31517498,71.72045493960785,40
131.47783850000087,37.72373529,70.95140023843138,40
131.50997180000013,36.90661467,72.4895096407843,40
131.54238910000095,38.26848237,69.92599397019607,40
131.57425580000017,37.451361750000004,71.46410337254902,40
131.60594149999997,37.72373529,70.95140023843138,40
131.63786150000124,38.132295600000006,70.1823455372549,40
131.67007300000114,37.31517498,71.72045493960785,40
131.70204120000017,37.17898821000001,71.97680650666665,40
131.73390960000143,38.40466914,69.66964240313725,40
131.76602820000153,37.31517498,71.72045493960785,40
131.79790260000118,37.17898821000001,71.97680650666665,40
131.8300620000009,37.72373529,70.95140023843138,40
131.8777828000002,37.72373529,70.95140023843138,40
131.91021680000085,36.90661467,72.4895096407843,40
131.9419624000002,38.132295600000006,70.1823455372549,40
131.97394180000083,37.451361750000004,71.46410337254902,40
132.00592099999994,36.90661467,72.4895096407843,40
132.03789010000037,37.72373529,70.95140023843138,40
132.06990790000054,37.587548520000006,71.20775180549019,40
132.10176990000036,36.63424113000001,73.00221277490195,40
132.13382900000033,37.85992206,70.69504867137255,40
132.16594059999989,37.451361750000004,71.46410337254902,40
132.1978583,37.451361750000004,71.46410337254902,40
132.23004030000084,38.40466914,69.66964240313725,40
132.27866510000058,38.132295600000006,70.1823455372549,40
132.31009020000056,37.042801440000005,72.23315807372548,40
132.34190560000025,38.40466914,69.66964240313725,40
132.373811200001,37.042801440000005,72.23315807372548,40
132.4060010000012,37.31517498,71.72045493960785,40
132.43798700000116,37.85992206,70.69504867137255,40
132.4699152000012,37.31517498,71.72045493960785,40
132.50187690000166,37.31517498,71.72045493960785,40
132.53390730000137,38.132295600000006,70.1823455372549,40
132.56585520000044,37.451361750000004,71.46410337254902,40
132.59773410000162,37.17898821000001,71.97680650666665,40
132.62988940000105,37.451361750000004,71.46410337254902,40
132.67801529999997,37.451361750000004,71.46410337254902,40
132.7098184000006,37.72373529,70.95140023843138,40
132.74182030000156,38.26848237,69.92599397019607,40
132.77382370000123,37.72373529,70.95140023843138,40
132.805980000001,37.042801440000005,72.23315807372548,40
132.83781140000065,38.540855910000005,69.41329083607842,40
132.8698275000006,38.40466914,69.66964240313725,40
132.90185790000032,37.72373529,70.95140023843138,40
132.93388610000147,37.996108830000004,70.43869710431372,40
132.96586430000025,38.40466914,69.66964240313725,40
132.9979712000004,37.31517498,71.72045493960785,40
133.0302053000014,38.540855910000005,69.41329083607842,40
133.0780881999999,38.132295600000006,70.1823455372549,40
133.10975820000021,37.17898821000001,71.97680650666665,40
133.14177210000162,24.78599214,95.3047991090196,40
133.1738602000005,37.72373529,70.95140023843138,40
133.205861800001,36.7704279,72.74586120784313,40
133.2378478999999,38.40466914,69.66964240313725,40
133.26975240000138,38.26848237,69.92599397019607,40
133.30191490000107,37.31517498,71.72045493960785,40
133.33377950000067,37.996108830000004,70.43869710431372,40
133.3659287999999,38.26848237,69.92599397019607,40
133.39815989999988,37.31517498,71.72045493960785,40
133.4299402000015,24.922178910000003,95.04844754196078,40
133.4778882999999,38.132295600000006,70.1823455372549,40
133.50992020000012,36.7704279,72.74586120784313,40
133.5419548000009,37.72373529,70.95140023843138,40
133.57373929999994,38.26848237,69.92599397019607,40
133.60580950000076,36.7704279,72.74586120784313,40
133.63776040000084,38.26848237,69.92599397019607,40
133.66981470000064,37.451361750000004,71.46410337254902,40
133.70181410000077,36.90661467,72.4895096407843,40
133.73381880000125,38.26848237,69.92599397019607,40
133.7659276000013,37.17898821000001,71.97680650666665,40
133.7978656000014,36.7704279,72.74586120784313,40
133.82971970000108,38.132295600000006,70.1823455372549,40
133.87774160000117,37.72373529,70.95140023843138,40
133.90988350000043,37.17898821000001,71.97680650666665,40
133.9418822000007,38.132295600000006,70.1823455372549,40
133.97382920000018,37.587548520000006,71.20775180549019,40
134.00581320000128,37.31517498,71.72045493960785,40
134.03782150000006,37.996108830000004,70.43869710431372,40
134.0697596000009,38.132295600000006,70.1823455372549,40
134.10191860000123,37.17898821000001,71.97680650666665,40
134.13403440000002,38.132295600000006,70.1823455372549,40
134.16579430000093,38.26848237,69.92599397019607,40
134.1978512000005,37.31517498,71.72045493960785,40
134.22974520000025,38.26848237,69.92599397019607,40
134.2618820000007,37.72373529,70.95140023843138,40
134.3097230000003,37.042801440000005,72.23315807372548,40
134.3418687000012,38.40466914,69.66964240313725,40
134.3738409000016,37.17898821000001,71.97680650666665,40
134.40588790000038,37.042801440000005,72.23315807372548,40
134.43781220000164,38.132295600000006,70.1823455372549,40
134.47035700000015,37.587548520000006,71.20775180549019,40
134.50204440000016,37.042801440000005,72.23315807372548,40
134.53386990000035,37.996108830000004,70.43869710431372,40
134.56584120000116,38.26848237,69.92599397019607,40
134.59774150000158,37.31517498,71.72045493960785,40
134.62978150000163,38.132295600000006,70.1823455372549,40
134.66185790000054,37.451361750000004,71.46410337254902,40
134.70997930000158,37.31517498,71.72045493960785,40
134.74196770000162,38.40466914,69.66964240313725,40
134.77393160000065,37.85992206,70.69504867137255,40
134.80590389999998,37.451361750000004,71.46410337254902,40
134.8377818000008,37.996108830000004,70.43869710431372,40
134.87000750000152,37.587548520000006,71.20775180549019,40
134.90195720000156,36.7704279,72.74586120784313,40
134.93380460000117,37.31517498,71.72045493960785,40
134.96596060000047,37.587548520000006,71.20775180549019,40
134.99778140000126,37.17898821000001,71.97680650666665,40
135.02978560000156,37.85992206,70.69504867137255,40
135.06178550000004,37.17898821000001,71.97680650666665,40
135.1097221,36.90661467,72.4895096407843,40
135.14174230000026,36.90661467,72.4895096407843,40
135.1738175999999,37.042801440000005,72.23315807372548,40
135.20617380000112,37.17898821000001,71.97680650666665,40
135.23803670000052,38.26848237,69.92599397019607,40
135.26995660000102,37.31517498,71.72045493960785,40
135.30182710000008,37.31517498,71.72045493960785,40
135.33393680000154,37.042801440000005,72.23315807372548,40
135.36591899999985,37.31517498,71.72045493960785,40
135.3978089000011,36.90661467,72.4895096407843,40
135.4299015000015,37.31517498,71.72045493960785,40
135.46190990000105,36.7704279,72.74586120784313,40
135.50986320000084,37.042801440000005,72.23315807372548,40
135.54193300000043,37.451361750000004,71.46410337254902,40
135.57405700000163,37.72373529,70.95140023843138,40
135.6063979999999,37.587548520000006,71.20775180549019,40
135.63813180000034,37.72373529,70.95140023843138,40
135.66995860000134,38.132295600000006,70.1823455372549,40
135.70199670000147,37.451361750000004,71.46410337254902,40
135.73389970000062,37.72373529,70.95140023843138,40
135.7658831000008,38.40466914,69.66964240313725,40
135.79788350000126,37.17898821000001,71.97680650666665,40
135.82999210000162,37.587548520000006,71.20775180549019,40
135.8620230000015,37.72373529,70.95140023843138,40
135.9098242,36.7704279,72.74586120784313,40
135.94192880000082,37.996108830000004,70.43869710431372,40
135.97436870000092,37.587548520000006,71.20775180549019,40
136.00588490000155,37.042801440000005,72.23315807372548,40
136.03797140000097,37.451361750000004,71.46410337254902,40
136.06987160000062,37.996108830000004,70.43869710431372,40
136.10190880000118,37.31517498,71.72045493960785,40
136.13396720000128,37.72373529,70.95140023843138,40
136.16597250000086,37.72373529,70.95140023843138,40
136.1977050000005,37.17898821000001,71.97680650666665,40
136.2299159000013,37.31517498,71.72045493960785,40
136.26185609999993,37.042801440000005,72.23315807372548,40
136.30972600000132,37.042801440000005,72.23315807372548,40
136.3419098000013,37.451361750000004,71.46410337254902,40
136.3738417000004,38.26848237,69.92599397019607,40
136.40589060000093,37.042801440000005,72.23315807372548,40
136.43771590000142,37.451361750000004,71.46410337254902,40
136.4698083000003,37.85992206,70.69504867137255,40
136.50182330000098,37.042801440000005,72.23315807372548,40
136.5338339000009,37.72373529,70.95140023843138,40
136.56586500000049,38.132295600000006,70.1823455372549,40
136.59783460000108,36.90661467,72.4895096407843,40
136.62980760000028,37.587548520000006,71.20775180549019,40
136.66179060000104,37.996108830000004,70.43869710431372,40
136.71003550000023,37.31517498,71.72045493960785,40
136.74193580000065,37.587548520000006,71.20775180549019,40
136.7738543000014,37.17898821000001,71.97680650666665,40
136.80576830000064,36.90661467,72.4895096407843,40
136.83783810000023,37.451361750000004,71.46410337254902,40
136.86996120000003,38.132295600000006,70.1823455372549,40
136.90201220000017,37.17898821000001,71.97680650666665,40
136.93388730000152,37.31517498,71.72045493960785,40
136.96583360000113,37.587548520000006,71.20775180549019,40
136.99777429999995,36.7704279,72.74586120784313,40
137.03002710000146,37.31517498,71.72045493960785,40
137.06198949999998,38.132295600000006,70.1823455372549,40
137.10980130000098,36.90661467,72.4895096407843,40
137.14185670000006,38.40466914,69.66964240313725,40
137.17375990000073,37.451361750000004,71.46410337254902,40
137.20589770000151,37.72373529,70.95140023843138,40
137.23791110000093,37.31517498,71.72045493960785,40
137.26974530000007,38.26848237,69.92599397019607,40
137.3018307000002,37.31517498,71.72045493960785,40
137.33381630000076,37.587548520000006,71.20775180549019,40
137.3657746000008,38.132295600000006,70.1823455372549,40
137.3980274000005,37.042801440000005,72.23315807372548,40
137.43002200000046,37.451361750000004,71.46410337254902,40
137.46224070000062,37.72373529,70.95140023843138,40
137.50992560000122,37.17898821000001,71.97680650666665,40
137.54177100000015,37.31517498,71.72045493960785,40
137.57384840000122,37.451361750000004,71.46410337254902,40
137.60594990000027,37.042801440000005,72.23315807372548,40
137.6378136000003,37.31517498,71.72045493960785,40
137.66971440000088,37.451361750000004,71.46410337254902,40
137.70177180000064,36.90661467,72.4895096407843,40
137.73377660000006,36.90661467,72.4895096407843,40
137.766090000001,38.132295600000006,70.1823455372549,40
137.79806110000027,37.042801440000005,72.23315807372548,40
137.82999660000132,37.042801440000005,72.23315807372548,40
137.8618778,37.587548520000006,71.20775180549019,40
137.90983150000102,37.31517498,71.72045493960785,40
137.94184889999997,37.17898821000001,71.97680650666665,40
137.97376390000136,38.132295600000006,70.1823455372549,40
138.00585950000095,37.042801440000005,72.23315807372548,40
138.037856500001,37.72373529,70.95140023843138,40
138.06979900000078,38.132295600000006,70.1823455372549,40
138.10184740000113,36.90661467,72.4895096407843,40
138.13379160000113,37.042801440000005,72.23315807372548,40
138.16591770000014,38.132295600000006,70.1823455372549,40
138.19832880000104,37.31517498,71.72045493960785,40
138.2302720000007,37.451361750000004,71.46410337254902,40
138.26196359999994,38.132295600000006,70.1823455372549,40
138.30992490000062,37.17898821000001,71.97680650666665,40
138.34198480000123,37.31517498,71.72045493960785,40
138.37394510000013,25.05836568,94.79209597490194,40
138.4061741000005,36.90661467,72.4895096407843,40
138.43788100000165,36.90661467,72.4895096407843,40
138.47004330000163,37.17898821000001,71.97680650666665,40
138.50209410000025,37.31517498,71.72045493960785,40
138.53431980000096,37.042801440000005,72.23315807372548,40
138.5662314000001,25.33073922,94.27939284078431,40
138.5977864000015,37.17898821000001,71.97680650666665,40
138.6300136000009,24.78599214,95.3047991090196,40
138.66195900000093,38.132295600000006,70.1823455372549,40
138.7099603000006,37.31517498,71.72045493960785,40
138.74176680000164,37.451361750000004,71.46410337254902,40
138.77380340000127,37.17898821000001,71.97680650666665,40
138.80584910000107,36.90661467,72.4895096407843,40
138.83799530000033,37.042801440000005,72.23315807372548,40
138.86986910000087,38.26848237,69.92599397019607,40
138.9022827000008,37.17898821000001,71.97680650666665,40
138.93415670000104,36.90661467,72.4895096407843,40
138.96580390000054,38.40466914,69.66964240313725,40
138.99789260000034,36.90661467,72.4895096407843,40
139.0299175,37.31517498,71.72045493960785,40
139.06187690000115,37.72373529,70.95140023843138,40
139.10983080000005,37.31517498,71.72045493960785,40
139.14177879999988,37.31517498,71.72045493960785,40
139.17391520000092,36.90661467,72.4895096407843,40
139.20588040000075,37.31517498,71.72045493960785,40
139.23780680000164,37.31517498,71.72045493960785,40
139.26982420000058,38.132295600000006,70.1823455372549,40
139.3018404000013,37.31517498,71.72045493960785,40
139.33381640000152,37.042801440000005,72.23315807372548,40
139.36580250000043,24.78599214,95.3047991090196,40
139.39773790000072,37.996108830000004,70.43869710431372,40
139.42987500000163,37.042801440000005,72.23315807372548,40
139.46182510000108,24.78599214,95.3047991090196,40
139.50983900000028,37.587548520000006,71.20775180549019,40
139.54181140000037,37.17898821000001,71.97680650666665,40
139.57376699999986,37.31517498,71.72045493960785,40
139.6059589000015,37.17898821000001,71.97680650666665,40
139.63788860000022,36.90661467,72.4895096407843,40
139.66984460000094,25.05836568,94.79209597490194,40
139.70177070000136,36.7704279,72.74586120784313,40
139.73376410000128,36.7704279,72.74586120784313,40
139.7658831000008,37.042801440000005,72.23315807372548,40
139.7977346000007,36.90661467,72.4895096407843,40
139.82983430000058,36.90661467,72.4895096407843,40
139.8618408000002,24.5136186,95.81750224313726,40
139.90987870000026,37.31517498,71.72045493960785,40
139.94175770000038,36.90661467,72.4895096407843,40
139.97378240000035,24.78599214,95.3047991090196,40
140.0060052000008,36.90661467,72.4895096407843,40
140.03791980000096,37.042801440000005,72.23315807372548,40
140.0699224,25.194552450000003,94.53574440784313,40
140.10182010000062,25.194552450000003,94.53574440784313,40
140.13379669999995,25.05836568,94.79209597490194,40
140.16579470000033,25.194552450000003,94.53574440784313,40
140.19772550000016,25.466925990000004,94.0230412737255,40
140.22993490000044,25.05836568,94.79209597490194,40
140.2620345000014,25.194552450000003,94.53574440784313,40
140.30980720000116,25.194552450000003,94.53574440784313,40
140.34191310000097,25.05836568,94.79209597490194,40
140.37382790000083,25.466925990000004,94.0230412737255,40
140.4061494000016,25.466925990000004,94.0230412737255,40
140.43769890000112,25.05836568,94.79209597490194,40
140.46987010000157,25.33073922,94.27939284078431,40
140.50185090000014,25.466925990000004,94.0230412737255,40
140.5337872,25.194552450000003,94.53574440784313,40
140.56582220000018,25.05836568,94.79209597490194,40
140.5977984000001,25.05836568,94.79209597490194,40
140.62978470000053,25.194552450000003,94.53574440784313,40
140.6619468000008,25.33073922,94.27939284078431,40
140.70968920000087,24.922178910000003,95.04844754196078,40
140.74195620000137,25.05836568,94.79209597490194,40
140.77399520000108,25.05836568,94.79209597490194,40
140.80587880000166,25.194552450000003,94.53574440784313,40
140.8377805,25.33073922,94.27939284078431,40
140.8697901000014,25.33073922,94.27939284078431,40
140.90174880000086,25.33073922,94.27939284078431,40
140.9339284000016,25.466925990000004,94.0230412737255,40
140.96590660000038,25.05836568,94.79209597490194,40
140.99791600000026,25.466925990000004,94.0230412737255,40
141.02993480000077,25.05836568,94.79209597490194,40
141.06185820000064,24.922178910000003,95.04844754196078,40
141.1097821000003,25.33073922,94.27939284078431,40
141.14197910000075,24.922178910000003,95.04844754196078,40
141.1738989000005,24.922178910000003,95.04844754196078,40
141.20581870000024,25.05836568,94.79209597490194,40
141.23766700000124,25.33073922,94.27939284078431,40
141.2698513000014,25.194552450000003,94.53574440784313,40
141.30182090000017,25.194552450000003,94.53574440784313,40
141.33370170000126,24.922178910000003,95.04844754196078,40
141.3657890000013,25.466925990000004,94.0230412737255,40
141.39776130000064,25.194552450000003,94.53574440784313,40
141.42975410000145,25.05836568,94.79209597490194,40
141.46177920000082,25.05836568,94.79209597490194,40
141.51000019999992,25.05836568,94.79209597490194,40
141.5419866000011,25.33073922,94.27939284078431,40
141.57379600000058,25.603112760000002,93.76668970666667,40
141.6060279000012,25.194552450000003,94.53574440784313,40
141.63790570000128,25.466925990000004,94.0230412737255,40
141.66990090000036,25.194552450000003,94.53574440784313,40
141.70178660000056,25.05836568,94.79209597490194,40
141.7338077000004,25.05836568,94.79209597490194,40
141.76582300000155,25.05836568,94.79209597490194,40
141.79786510000122,25.33073922,94.27939284078431,40
141.8298833000008,25.33073922,94.27939284078431,40
141.86255880000135,25.466925990000004,94.0230412737255,40
141.90997600000082,25.194552450000003,94.53574440784313,40
141.94191990000036,25.33073922,94.27939284078431,40
141.97401020000143,25.194552450000003,94.53574440784313,40
142.00594620000084,25.05836568,94.79209597490194,40
142.0378591000008,25.33073922,94.27939284078431,40
142.07000920000064,25.33073922,94.27939284078431,40
142.10192260000076,25.05836568,94.79209597490194,40
142.1339278000014,25.05836568,94.79209597490194,40
142.16598280000107,25.05836568,94.79209597490194,40
142.19781950000106,25.194552450000003,94.53574440784313,40
142.23042220000025,25.194552450000003,94.53574440784313,40
142.26230040000155,24.922178910000003,95.04844754196078,40
142.31000120000135,25.194552450000003,94.53574440784313,40
142.3417827000012,25.194552450000003,94.53574440784313,40
142.3737770000007,25.194552450000003,94.53574440784313,40
142.40586560000156,25.194552450000003,94.53574440784313,40
142.4377645000004,25.05836568,94.79209597490194,40
142.46982110000135,24.78599214,95.3047991090196,40
142.5018482000014,25.194552450000003,94.53574440784313,40
142.53380820000166,25.194552450000003,94.53574440784313,40
142.56589170000007,24.922178910000003,95.04844754196078,40
142.59799980000025,25.194552450000003,94.53574440784313,40
142.6299338000008,24.78599214,95.3047991090196,40
142.6623638000001,25.194552450000003,94.53574440784313,40
142.7099343000009,24.78599214,95.3047991090196,40
142.74189230000047,37.72373529,70.95140023843138,40
142.7739285000007,25.33073922,94.27939284078431,40
142.8060471000008,25.05836568,94.79209597490194,40
142.83776670000043,37.72373529,70.95140023843138,40
142.86999300000025,25.05836568,94.79209597490194,40
142.9019614000008,25.05836568,94.79209597490194,40
142.9339400000008,37.72373529,70.95140023843138,40
142.96619510000164,38.132295600000006,70.1823455372549,40
142.99842780000108,25.05836568,94.79209597490194,40
143.0297967000006,38.40466914,69.66964240313725,40
143.06185300000107,25.05836568,94.79209597490194,40
143.10980330000166,25.194552450000003,94.53574440784313,40
143.14184060000116,38.132295600000006,70.1823455372549,40
143.1738974,25.05836568,94.79209597490194,40
143.20583540000007,24.922178910000003,95.04844754196078,40
143.23779770000147,37.85992206,70.69504867137255,40
143.26979260000007,25.194552450000003,94.53574440784313,40
143.3018172000011,25.05836568,94.79209597490194,40
143.33424550000018,38.132295600000006,70.1823455372549,40
143.36623260000124,25.194552450000003,94.53574440784313,40
143.3979629000005,25.05836568,94.79209597490194,40
143.4299456000008,38.26848237,69.92599397019607,40
143.46202679999988,25.194552450000003,94.53574440784313,40
143.50995390000026,25.194552450000003,94.53574440784313,40
143.54172550000112,38.40466914,69.66964240313725,40
143.57391610000013,25.194552450000003,94.53574440784313,40
143.60592859999997,25.194552450000003,94.53574440784313,40
143.63792470000044,38.26848237,69.92599397019607,40
143.67008840000017,25.33073922,94.27939284078431,40
143.70239980000042,25.05836568,94.79209597490194,40
143.73431130000063,37.996108830000004,70.43869710431372,40
143.76583720000053,25.05836568,94.79209597490194,40
143.79778540000007,25.194552450000003,94.53574440784313,40
143.82989830000042,25.194552450000003,94.53574440784313,40
143.86186080000152,24.922178910000003,95.04844754196078,40
143.90989700000137,25.05836568,94.79209597490194,40
143.94175540000106,38.26848237,69.92599397019607,40
143.97390610000002,25.05836568,94.79209597490194,40
144.00586660000045,25.05836568,94.79209597490194,40
144.03770680000162,37.996108830000004,70.43869710431372,40
144.06987110000046,25.33073922,94.27939284078431,40
144.10186740000063,25.05836568,94.79209597490194,40
144.13375650000125,38.40466914,69.66964240313725,40
144.16578740000114,37.31517498,71.72045493960785,40
144.19777990000148,25.466925990000004,94.0230412737255,40
144.22985130000052,25.05836568,94.79209597490194,40
144.2621022000003,25.05836568,94.79209597490194,40
144.30983379999998,25.194552450000003,94.53574440784313,40
144.34181960000024,25.05836568,94.79209597490194,40
144.37388470000042,24.78599214,95.3047991090196,40
144.4059156000003,25.05836568,94.79209597490194,40
144.43805310000062,25.05836568,94.79209597490194,40
144.46999660000074,24.78599214,95.3047991090196,40
144.50183460000153,24.922178910000003,95.04844754196078,40
144.5338225000014,25.05836568,94.79209597490194,40
144.5658424000012,24.78599214,95.3047991090196,40
144.5977552000004,25.05836568,94.79209597490194,40
144.6297828000006,24.241245060000004,96.33020537725488,40
144.66189430000122,25.05836568,94.79209597490194,40
144.7098846000008,24.922178910000003,95.04844754196078,40
144.74176480000096,25.05836568,94.79209597490194,40
144.7738070000014,25.33073922,94.27939284078431,40
144.80590640000082,25.194552450000003,94.53574440784313,40
144.8381569000012,24.105058290000002,96.58655694431371,40
144.8698862000001,25.05836568,94.79209597490194,40
144.90171080000073,25.194552450000003,94.53574440784313,40
144.9337714000012,24.105058290000002,96.58655694431371,40
144.9659627000001,25.33073922,94.27939284078431,40
144.997817200001,25.05836568,94.79209597490194,40
145.02986860000055,25.33073922,94.27939284078431,40
145.06187510000018,24.78599214,95.3047991090196,40
145.10985120000078,25.466925990000004,94.0230412737255,40
145.14183870000124,23.28793767,98.12466634666666,40
145.17388980000032,24.922178910000003,95.04844754196078,40
145.20588400000088,24.922178910000003,95.04844754196078,40
145.23769880000145,24.105058290000002,96.58655694431371,40
145.26984489999995,25.05836568,94.79209597490194,40
145.3018583000012,25.194552450000003,94.53574440784313,40
145.33368280000104,24.78599214,95.3047991090196,40
145.3658288000006,25.194552450000003,94.53574440784313,40
145.39779070000077,24.78599214,95.3047991090196,40
145.42982440000014,24.922178910000003,95.04844754196078,40
145.46180260000074,25.194552450000003,94.53574440784313,40
145.50971390000086,25.194552450000003,94.53574440784313,40
145.5418464000013,23.01556413,98.63736948078432,40
145.57393660000162,24.649805370000003,95.56115067607843,40
145.60581840000123,25.05836568,94.79209597490194,40
145.63782140000149,23.28793767,98.12466634666666,40
145.66979429999992,25.05836568,94.79209597490194,40
145.70168770000055,25.33073922,94.27939284078431,40
145.73380700000052,24.5136186,95.81750224313726,40
145.76583610000125,25.05836568,94.79209597490194,40
145.7977848999999,25.194552450000003,94.53574440784313,40
145.8298279999999,23.28793767,98.12466634666666,40
145.86183750000055,25.05836568,94.79209597490194,40
145.90994219999993,25.05836568,94.79209597490194,40
145.9422553000004,24.241245060000004,96.33020537725488,40
145.97384580000107,25.194552450000003,94.53574440784313,40
146.00582209999993,25.05836568,94.79209597490194,40
146.03769190000094,24.649805370000003,95.56115067607843,40
146.0697641000006,25.05836568,94.79209597490194,40
146.10179570000037,25.05836568,94.79209597490194,40
146.1339134000009,24.105058290000002,96.58655694431371,40
146.16591680000056,25.05836568,94.79209597490194,40
146.19771430000037,25.33073922,94.27939284078431,40
146.2297004000011,23.28793767,98.12466634666666,40
146.26185500000065,25.33073922,94.27939284078431,40
146.30998980000004,25.05836568,94.79209597490194,40
146.34200880000026,23.28793767,98.12466634666666,40
146.37394800000038,25.194552450000003,94.53574440784313,40
146.4058143000002,25.05836568,94.79209597490194,40
146.43780160000097,23.151750900000003,98.38101791372549,40
146.46993230000044,25.33073922,94.27939284078431,40
146.50190120000116,24.922178910000003,95.04844754196078,40
146.5340195000008,23.28793767,98.12466634666666,40
146.56591650000155,25.05836568,94.79209597490194,40
146.5979987999999,25.05836568,94.79209597490194,40
146.63009630000124,23.28793767,98.12466634666666,40
146.6624300000003,24.922178910000003,95.04844754196078,40
146.70987980000064,23.151750900000003,98.38101791372549,40
146.7419213000012,22.607003820000003,99.40642418196077,40
146.77392640000107,23.28793767,98.12466634666666,40
146.80579530000068,23.151750900000003,98.38101791372549,40
146.83771740000157,23.28793767,98.12466634666666,40
146.869816800001,22.879377360000003,98.89372104784314,40
146.90201120000165,23.151750900000003,98.38101791372549,40
146.9338400000015,22.74319059,99.15007261490196,40
146.9657425000005,22.607003820000003,99.40642418196077,40
146.9976826000002,25.33073922,94.27939284078431,40
147.02987570000005,23.151750900000003,98.38101791372549,40
147.06193320000057,23.151750900000003,98.38101791372549,40
147.10975280000093,22.607003820000003,99.40642418196077,40
147.14176589999988,22.74319059,99.15007261490196,40
147.17377020000094,23.151750900000003,98.38101791372549,40
147.20582319999994,23.28793767,98.12466634666666,40
147.2378735000002,22.47081705,99.66277574901959,40
147.26996150000014,23.01556413,98.63736948078432,40
147.30191110000123,22.47081705,99.66277574901959,40
147.3343541000013,23.151750900000003,98.38101791372549,40
147.36635350000142,22.47081705,99.66277574901959,40
147.39848560000064,25.05836568,94.79209597490194,40
147.43072420000135,23.28793767,98.12466634666666,40
147.46201210000072,22.74319059,99.15007261490196,40
147.50977500000045,24.922178910000003,95.04844754196078,40
147.5417974000011,23.151750900000003,98.38101791372549,40
147.57383720000144,23.151750900000003,98.38101791372549,40
147.605696300001,25.05836568,94.79209597490194,40
147.63784040000064,23.28793767,98.12466634666666,40
147.66975600000114,23.151750900000003,98.38101791372549,40
147.70178850000048,24.649805370000003,95.56115067607843,40
147.73382630000015,22.47081705,99.66277574901959,40
147.7662248000015,23.28793767,98.12466634666666,40
147.79831800000102,23.28793767,98.12466634666666,40
147.82982120000088,23.28793767,98.12466634666666,40
147.86180930000046,23.28793767,98.12466634666666,40
147.90980730000047,24.922178910000003,95.04844754196078,40
147.94179150000127,22.607003820000003,99.40642418196077,40
147.97372260000157,23.28793767,98.12466634666666,40
148.00582190000023,25.05836568,94.79209597490194,40
148.03778800000146,23.28793767,98.12466634666666,40
148.06981160000032,22.74319059,99.15007261490196,40
148.10184200000003,24.922178910000003,95.04844754196078,40
148.13407580000057,22.607003820000003,99.40642418196077,40
148.1661253000002,23.424124440000003,97.86831477960783,40
148.1978211000005,23.28793767,98.12466634666666,40
148.22988420000001,23.151750900000003,98.38101791372549,40
148.2619104000005,23.28793767,98.12466634666666,40
148.30980920000002,22.47081705,99.66277574901959,40
148.34173880000162,22.607003820000003,99.40642418196077,40
148.37374570000065,22.607003820000003,99.40642418196077,40
148.4058203000004,23.28793767,98.12466634666666,40
148.43773620000138,22.74319059,99.15007261490196,40
148.46968010000091,23.151750900000003,98.38101791372549,40
148.5021224000011,23.151750900000003,98.38101791372549,40
148.53391700000066,22.74319059,99.15007261490196,40
148.5658340000009,22.879377360000003,98.89372104784314,40
148.5976855000008,24.78599214,95.3047991090196,40
148.6298114000001,23.151750900000003,98.38101791372549,40
148.66182490000028,22.47081705,99.66277574901959,40
148.7101418000002,22.607003820000003,99.40642418196077,40
148.7417510000014,22.47081705,99.66277574901959,40
148.77382560000115,23.151750900000003,98.38101791372549,40
148.8058488000006,22.607003820000003,99.40642418196077,40
148.83782650000103,22.607003820000003,99.40642418196077,40
148.870089,23.151750900000003,98.38101791372549,40
148.90195380000114,25.05836568,94.79209597490194,40
148.93394830000034,22.74319059,99.15007261490196,40
148.96589550000135,23.28793767,98.12466634666666,40
148.99789560000136,23.28793767,98.12466634666666,40
149.0297883000003,25.05836568,94.79209597490194,40
149.0621385000013,23.28793767,98.12466634666666,40
149.1097729000012,25.33073922,94.27939284078431,40
149.1418947000002,24.78599214,95.3047991090196,40
149.17394520000016,22.334630280000003,99.91912731607843,40
149.2058205000012,24.922178910000003,95.04844754196078,40
149.2378991000005,25.05836568,94.79209597490194,40
149.2700351000003,23.151750900000003,98.38101791372549,40
149.30180850000033,24.78599214,95.3047991090196,40
149.33380900000157,24.922178910000003,95.04844754196078,40
149.36582160000034,22.879377360000003,98.89372104784314,40
149.3977021999999,24.922178910000003,95.04844754196078,40
149.42990330000066,24.922178910000003,95.04844754196078,40
149.46173290000115,23.01556413,98.63736948078432,40
149.5099435000011,24.922178910000003,95.04844754196078,40
149.54177030000028,25.05836568,94.79209597490194,40
149.57378880000033,23.28793767,98.12466634666666,40
149.60619290000068,24.78599214,95.3047991090196,40
149.6379463000012,24.78599214,95.3047991090196,40
149.6698344000015,23.28793767,98.12466634666666,40
149.70192690000113,23.28793767,98.12466634666666,40
149.73381850000078,25.05836568,94.79209597490194,40
149.7661702000005,23.01556413,98.63736948078432,40
149.79780290000053,25.194552450000003,94.53574440784313,40
149.82982790000096,25.194552450000003,94.53574440784313,40
149.86170310000125,23.28793767,98.12466634666666,40
149.9098216000002,24.105058290000002,96.58655694431371,40
149.9418854000014,24.78599214,95.3047991090196,40
149.97396470000058,23.832684750000002,97.09926007843137,40
150.0059108000005,23.28793767,98.12466634666666,40
150.03774340000018,25.194552450000003,94.53574440784313,40
150.06981310000083,24.105058290000002,96.58655694431371,40
150.10177280000062,24.922178910000003,95.04844754196078,40
150.13377330000003,25.194552450000003,94.53574440784313,40
150.16586270000153,23.151750900000003,98.38101791372549,40
150.19769470000028,25.33073922,94.27939284078431,40
150.2298236000006,25.194552450000003,94.53574440784313,40
150.26180360000035,25.05836568,94.79209597490194,40
150.30980550000095,25.194552450000003,94.53574440784313,40
150.3419984000011,25.194552450000003,94.53574440784313,40
150.37390070000038,25.05836568,94.79209597490194,40
150.40585830000055,25.194552450000003,94.53574440784313,40
150.4377583000005,25.05836568,94.79209597490194,40
150.46997020000163,25.05836568,94.79209597490194,40
150.50171800000135,24.649805370000003,95.56115067607843,40
150.5338494000007,25.194552450000003,94.53574440784313,40
150.56582490000073,22.74319059,99.15007261490196,40
150.59779730000082,25.33073922,94.27939284078431,40
150.62981800000125,25.194552450000003,94.53574440784313,40
150.66177880000032,25.194552450000003,94.53574440784313,40
150.7097706000004,25.33073922,94.27939284078431,40
150.74186050000026,25.33073922,94.27939284078431,40
150.77376900000127,24.922178910000003,95.04844754196078,40
150.80573060000097,25.05836568,94.79209597490194,40
150.83769460000076,24.922178910000003,95.04844754196078,40
150.86984350000057,25.05836568,94.79209597490194,40
150.90181010000015,23.151750900000003,98.38101791372549,40
150.93382750000092,24.922178910000003,95.04844754196078,40
150.96582730000046,23.151750900000003,98.38101791372549,40
150.9978417000002,23.151750900000003,98.38101791372549,40
151.0297827000013,25.05836568,94.79209597490194,40
151.06190770000103,24.922178910000003,95.04844754196078,40
151.10994970000138,25.05836568,94.79209597490194,40
151.1417205000016,25.05836568,94.79209597490194,40
151.17380610000146,25.194552450000003,94.53574440784313,40
151.20575650000137,24.922178910000003,95.04844754196078,40
151.2378333000015,25.05836568,94.79209597490194,40
151.26982840000164,25.33073922,94.27939284078431,40
151.3017957000011,25.05836568,94.79209597490194,40
151.3338745000001,25.05836568,94.79209597490194,40
151.3658196000015,25.05836568,94.79209597490194,40
151.39768320000076,25.194552450000003,94.53574440784313,40
151.42976360000102,25.05836568,94.79209597490194,40
151.46193889999995,23.151750900000003,98.38101791372549,40
151.50961900000038,24.922178910000003,95.04844754196078,40
151.54183060000105,25.05836568,94.79209597490194,40
151.5738452000005,25.05836568,94.79209597490194,40
151.6060045000013,25.05836568,94.79209597490194,40
151.63779330000034,25.05836568,94.79209597490194,40
151.66970930000025,24.241245060000004,96.33020537725488,40
151.70177580000018,25.05836568,94.79209597490194,40
151.73383130000002,25.05836568,94.79209597490194,40
151.76578169999993,25.194552450000003,94.53574440784313,40
151.7976920000001,24.922178910000003,95.04844754196078,40
151.8299149000013,25.05836568,94.79209597490194,40
151.86183750000055,25.05836568,94.79209597490194,40
151.90975140000046,22.74319059,99.15007261490196,40
151.9417426,24.78599214,95.3047991090196,40
151.97380240000166,24.922178910000003,95.04844754196078,40
152.00580450000052,23.01556413,98.63736948078432,40
152.03777560000162,24.78599214,95.3047991090196,40
152.0698895000005,24.78599214,95.3047991090196,40
152.10184840000147,24.649805370000003,95.56115067607843,40
152.13398270000107,25.05836568,94.79209597490194,40
152.16612290000012,25.194552450000003,94.53574440784313,40
152.19787580000047,22.47081705,99.66277574901959,40
152.22995830000036,25.05836568,94.79209597490194,40
152.2619134000015,23.28793767,98.12466634666666,40
152.30985370000053,22.47081705,99.66277574901959,40
152.34175099999993,24.241245060000004,96.33020537725488,40
152.3737570000012,22.607003820000003,99.40642418196077,40
152.40582240000003,22.607003820000003,99.40642418196077,40
152.43785000000025,24.5136186,95.81750224313726,40
152.46978880000097,23.151750900000003,98.38101791372549,40
152.50185670000064,22.334630280000003,99.91912731607843,40
152.53374130000157,24.241245060000004,96.33020537725488,40
152.5660037000016,24.105058290000002,96.58655694431371,40
152.59781030000158,23.28793767,98.12466634666666,40
152.62976340000023,24.5136186,95.81750224313726,40
152.66179660000125,24.241245060000004,96.33020537725488,40
152.7098517000013,23.28793767,98.12466634666666,40
152.74181380000118,24.241245060000004,96.33020537725488,40
152.7738788000006,22.607003820000003,99.40642418196077,40
152.80571970000165,23.151750900000003,98.38101791372549,40
152.83808649999992,22.74319059,99.15007261490196,40
152.8698574000009,23.28793767,98.12466634666666,40
152.9018242000002,22.74319059,99.15007261490196,40
152.93398040000102,22.47081705,99.66277574901959,40
152.96598670000094,22.334630280000003,99.91912731607843,40
152.99771730000066,22.607003820000003,99.40642418196077,40
153.02978260000054,24.922178910000003,95.04844754196078,40
153.0616886000007,22.47081705,99.66277574901959,40
153.10978310000064,22.334630280000003,99.91912731607843,40
153.14177100000052,23.28793767,98.12466634666666,40
153.17380570000023,24.5136186,95.81750224313726,40
153.20585480000045,22.334630280000003,99.91912731607843,40
153.2378273000013,33.22957188,79.41100195137255,40
153.2697093000006,23.424124440000003,97.86831477960783,40
153.30187250000017,22.47081705,99.66277574901959,40
153.3338745000001,25.05836568,94.79209597490194,40
153.36581810000098,22.47081705,99.66277574901959,40
153.39778840000145,22.47081705,99.66277574901959,40
153.43035820000114,22.334630280000003,99.91912731607843,40
153.46187370000007,24.5136186,95.81750224313726,40
153.50978740000028,22.334630280000003,99.91912731607843,40
153.54187690000072,23.151750900000003,98.38101791372549,40
153.5737751000015,23.01556413,98.63736948078432,40
153.60585300000093,22.47081705,99.66277574901959,40
153.6377435000013,22.74319059,99.15007261490196,40
153.67007750000084,24.649805370000003,95.56115067607843,40
153.70186690000082,22.607003820000003,99.40642418196077,40
153.73374409999997,23.28793767,98.12466634666666,40
153.7657538000003,23.28793767,98.12466634666666,40
153.79780500000015,23.28793767,98.12466634666666,40
153.82981980000113,23.968871520000004,96.84290851137254,40
153.861807700001,23.28793767,98.12466634666666,40
153.90979530000004,23.28793767,98.12466634666666,40
153.9417701000002,25.466925990000004,94.0230412737255,40
153.9737763000012,23.28793767,98.12466634666666,40
154.0057035000009,23.01556413,98.63736948078432,40
154.03806070000064,24.649805370000003,95.56115067607843,40
154.0698760000014,23.28793767,98.12466634666666,40
154.1017726000009,23.28793767,98.12466634666666,40
154.13379840000016,24.5136186,95.81750224313726,40
154.16579600000114,24.649805370000003,95.56115067607843,40
154.1978702000015,23.968871520000004,96.84290851137254,40
154.229749600001,24.922178910000003,95.04844754196078,40
154.26197720000164,24.241245060000004,96.33020537725488,40
154.3096454000006,24.105058290000002,96.58655694431371,40
154.3416545,24.78599214,95.3047991090196,40
154.37376030000087,24.377431830000003,96.07385381019607,40
154.40618189999986,23.968871520000004,96.84290851137254,40
154.43789770000149,24.5136186,95.81750224313726,40
154.46973140000046,24.377431830000003,96.07385381019607,40
154.5016652000013,24.5136186,95.81750224313726,40
154.53376650000064,24.922178910000003,95.04844754196078,40
154.56580160000158,24.377431830000003,96.07385381019607,40
154.59778499999993,23.28793767,98.12466634666666,40
154.62981260000015,24.78599214,95.3047991090196,40
154.66180950000125,24.5136186,95.81750224313726,40
154.7097104000004,23.424124440000003,97.86831477960783,40
154.74164500000006,24.105058290000002,96.58655694431371,40
154.7737683000014,24.78599214,95.3047991090196,40
154.8059256000015,23.28793767,98.12466634666666,40
154.83763080000062,25.05836568,94.79209597490194,40
154.8698202000014,24.241245060000004,96.33020537725488,40
154.90177399999993,24.78599214,95.3047991090196,40
154.93377710000095,24.649805370000003,95.56115067607843,40
154.96580490000088,24.5136186,95.81750224313726,40
154.99773190000087,24.105058290000002,96.58655694431371,40
155.0297859000002,24.78599214,95.3047991090196,40
155.06184040000153,24.78599214,95.3047991090196,40
155.1100546000016,24.649805370000003,95.56115067607843,40
155.14208040000085,24.922178910000003,95.04844754196078,40
155.1740215000009,24.5136186,95.81750224313726,40
155.20585070000016,24.105058290000002,96.58655694431371,40
155.23774270000104,23.28793767,98.12466634666666,40
155.26985050000076,24.649805370000003,95.56115067607843,40
155.30179990000033,23.28793767,98.12466634666666,40
155.3337878000002,23.424124440000003,97.86831477960783,40
155.3658475000011,24.105058290000002,96.58655694431371,40
155.39787120000074,23.28793767,98.12466634666666,40
155.42974110000068,23.968871520000004,96.84290851137254,40
155.4618212000005,24.377431830000003,96.07385381019607,40
155.5100579000009,23.424124440000003,97.86831477960783,40
155.54198309999992,23.424124440000003,97.86831477960783,40
155.57374320000054,23.696497980000004,97.35561164549019,40
155.60585530000026,23.28793767,98.12466634666666,40
155.6377334000008,23.696497980000004,97.35561164549019,40
155.6697664000003,23.424124440000003,97.86831477960783,40
155.7017592000011,23.01556413,98.63736948078432,40
155.73379999999997,22.47081705,99.66277574901959,40
155.76579360000142,23.28793767,98.12466634666666,40
155.79790760000105,23.424124440000003,97.86831477960783,40
155.82978280000134,23.28793767,98.12466634666666,40
155.8618877000008,22.47081705,99.66277574901959,40
155.9099384000001,22.47081705,99.66277574901959,40
155.94164780000028,22.334630280000003,99.91912731607843,40
155.97376059999988,23.968871520000004,96.84290851137254,40
156.00579470000048,23.28793767,98.12466634666666,40
156.03763609999987,22.334630280000003,99.91912731607843,40
156.06979040000078,23.968871520000004,96.84290851137254,40
156.10169029999997,23.28793767,98.12466634666666,40
156.13381350000054,22.334630280000003,99.91912731607843,40
156.1657606000008,35.953307280000004,74.28397061019606,40
156.19776570000067,23.151750900000003,98.38101791372549,40
156.2297277000016,22.74319059,99.15007261490196,40
156.26200040000003,35.953307280000004,74.28397061019606,40
156.30976670000018,22.47081705,99.66277574901959,40
156.3418309000008,62.918287740000004,23.52636033254901,40
156.37374930000078,34.18287927,77.61654098196078,40
156.40573320000112,35.953307280000004,74.28397061019606,40
156.4378574000002,34.18287927,77.61654098196078,40
156.4698896000009,34.18287927,77.61654098196078,40
156.50175740000122,35.953307280000004,74.28397061019606,40
156.5338270000011,62.918287740000004,23.52636033254901,40
156.56569160000072,35.953307280000004,74.28397061019606,40
156.59782200000154,35.953307280000004,74.28397061019606,40
156.6300908000012,33.09338511,79.66735351843137,40
156.66192310000042,34.18287927,77.61654098196078,40
156.70973530000083,22.47081705,99.66277574901959,40
156.74180010000055,34.18287927,77.61654098196078,40
156.77376680000089,36.089494050000006,74.02761904313724,40
156.8057929000006,22.47081705,99.66277574901959,40
156.83774940000148,34.18287927,77.61654098196078,40
156.86975200000052,35.953307280000004,74.28397061019606,40
156.90182820000155,36.089494050000006,74.02761904313724,40
156.93382060000113,32.6848248,80.43640821960784,40
156.96570229999998,35.544746970000006,75.05302531137255,40
156.99798220000048,36.089494050000006,74.02761904313724,40
157.03003700000045,62.918287740000004,23.52636033254901,40
157.06177200000093,36.089494050000006,74.02761904313724,40
157.10970530000122,36.089494050000006,74.02761904313724,40
157.14180770000166,22.74319059,99.15007261490196,40
157.17383320000044,35.953307280000004,74.28397061019606,40
157.2059648000013,36.7704279,72.74586120784313,40
157.23780740000075,36.089494050000006,74.02761904313724,40
157.2697154000016,35.953307280000004,74.28397061019606,40
157.30176840000058,36.089494050000006,74.02761904313724,40
157.33378300000004,22.607003820000003,99.40642418196077,40
157.36599520000163,35.953307280000004,74.28397061019606,40
157.3979803000002,23.28793767,98.12466634666666,40
157.42977900000005,22.607003820000003,99.40642418196077,40
157.46175740000035,35.953307280000004,74.28397061019606,40
157.5097364000012,36.089494050000006,74.02761904313724,40
157.5417336999999,21.789883200000002,100.0,40
157.57367980000163,36.089494050000006,74.02761904313724,40
157.60575530000096,35.953307280000004,74.28397061019606,40
157.63779610000165,22.607003820000003,99.40642418196077,40
157.66975280000042,35.953307280000004,74.28397061019606,40
157.7017177000016,35.953307280000004,74.28397061019606,40
157.73398400000042,22.334630280000003,99.91912731607843,40
157.76604340000085,35.953307280000004,74.28397061019606,40
157.79783410000164,36.089494050000006,74.02761904313724,40
157.82977560000108,33.09338511,79.66735351843137,40
157.86183380000148,36.089494050000006,74.02761904313724,40
157.90975760000038,35.953307280000004,74.28397061019606,40
157.9417379000006,22.47081705,99.66277574901959,40
157.9737978000012,36.36186759,73.51491590901959,40
158.00571800000034,36.90661467,72.4895096407843,40
158.03782219999994,22.879377360000003,98.89372104784314,40
158.06969280000158,36.63424113000001,73.00221277490195,40
158.10204160000103,36.089494050000006,74.02761904313724,40
158.13397330000043,23.28793767,98.12466634666666,40
158.16576400000122,35.953307280000004,74.28397061019606,40
158.19767930000125,36.22568082,73.77126747607844,40
158.2297374000009,23.151750900000003,98.38101791372549,40
158.26177890000145,36.089494050000006,74.02761904313724,40
158.30982360000053,35.953307280000004,74.28397061019606,40
158.34175230000073,23.28793767,98.12466634666666,40
158.3738437000011,36.089494050000006,74.02761904313724,40
158.40573570000015,36.089494050000006,74.02761904313724,40
158.43768830000045,22.74319059,99.15007261490196,40
158.4701574999999,35.953307280000004,74.28397061019606,40
158.50204770000164,35.953307280000004,74.28397061019606,40
158.53369470000143,22.334630280000003,99.91912731607843,40
158.56573209999988,36.22568082,73.77126747607844,40
158.59779359999993,36.089494050000006,74.02761904313724,40
158.6297357000003,23.01556413,98.63736948078432,40
158.66171590000158,35.953307280000004,74.28397061019606,40
158.70975960000033,36.089494050000006,74.02761904313724,40
158.74171510000087,22.879377360000003,98.89372104784314,40
158.77370789999986,35.81712051,74.54032217725491,40
158.8058273000006,36.7704279,72.74586120784313,40
158.83783040000162,22.607003820000003,99.40642418196077,40
158.86986740000066,36.22568082,73.77126747607844,40
158.90173740000137,36.089494050000006,74.02761904313724,40
158.93375280000146,22.198443510000004,100.0,40
158.96578640000007,35.953307280000004,74.28397061019606,40
158.99769040000137,35.953307280000004,74.28397061019606,40
159.0297423000011,22.607003820000003,99.40642418196077,40
159.0618994000015,22.334630280000003,99.91912731607843,40
159.10971140000038,22.47081705,99.66277574901959,40
159.14185429999998,22.47081705,99.66277574901959,40
159.17374820000077,22.334630280000003,99.91912731607843,40
159.2061091000014,23.968871520000004,96.84290851137254,40
159.2378202,22.334630280000003,99.91912731607843,40
159.26974020000125,22.334630280000003,99.91912731607843,40
159.30185390000042,22.47081705,99.66277574901959,40
159.33379890000106,22.74319059,99.15007261490196,40
159.3657277000002,23.28793767,98.12466634666666,40
159.39778500000102,22.74319059,99.15007261490196,40
159.42976770000132,22.607003820000003,99.40642418196077,40
159.46196860000055,22.334630280000003,99.91912731607843,40
159.5097155000003,22.334630280000003,99.91912731607843,40
159.54174440000133,22.47081705,99.66277574901959,40
159.57394139999997,22.198443510000004,100.0,40
159.60600420000083,22.334630280000003,99.91912731607843,40
159.6377416000014,22.47081705,99.66277574901959,40
159.66979260000153,22.74319059,99.15007261490196,40
159.70183690000158,24.105058290000002,96.58655694431371,40
159.7339361000013,22.334630280000003,99.91912731607843,40
159.76586170000155,22.198443510000004,100.0,40
159.7977733000007,23.28793767,98.12466634666666,40
159.829665700001,22.062256740000002,100.0,40
159.86177660000067,22.74319059,99.15007261490196,40
159.90965030000007,24.649805370000003,95.56115067607843,40
159.94205970000075,22.47081705,99.66277574901959,40
159.97386750000078,23.151750900000003,98.38101791372549,40
160.00578920000044,23.28793767,98.12466634666666,40
160.03768980000132,22.47081705,90.25101104313725,35
160.0697831000016,23.28793767,88.71290164078431,35
160.10178489999998,22.334630280000003,90.50736261019607,35
160.13374230000045,22.47081705,90.25101104313725,35
160.16583830000127,22.334630280000003,90.50736261019607,35
160.19771610000134,22.198443510000004,90.7637141772549,35
160.2296621000005,22.607003820000003,89.99465947607843,35
160.2617805000009,21.653696430000004,91.78912044549018,35
160.3098364000016,22.334630280000003,90.50736261019607,35
160.34194449999995,22.334630280000003,90.50736261019607,35
160.37370310000006,21.653696430000004,91.78912044549018,35
160.40584450000097,22.47081705,90.25101104313725,35
160.43764460000057,22.74319059,89.7383079090196,35
160.46985000000132,22.062256740000002,91.02006574431373,35
160.5018463000015,22.47081705,90.25101104313725,35
160.53389980000065,22.334630280000003,90.50736261019607,35
160.56584020000082,22.334630280000003,90.50736261019607,35
160.59772030000022,22.334630280000003,90.50736261019607,35
160.62968200000068,22.74319059,89.7383079090196,35
160.66196130000026,24.105058290000002,87.17479223843137,35
160.70977550000134,23.28793767,88.71290164078431,35
160.74172780000117,22.334630280000003,90.50736261019607,35
160.7737434999999,22.607003820000003,89.99465947607843,35
160.80573670000012,23.28793767,88.71290164078431,35
160.83773250000013,22.607003820000003,89.99465947607843,35
160.86973399999988,22.062256740000002,91.02006574431373,35
160.90174620000107,21.789883200000002,91.53276887843137,35
160.9338486000015,22.74319059,89.7383079090196,35
160.96577510000134,22.334630280000003,90.50736261019607,35
160.9977168000005,22.334630280000003,90.50736261019607,35
161.02978230000008,22.334630280000003,90.50736261019607,35
161.06203490000007,22.334630280000003,90.50736261019607,35
161.10972519999996,22.334630280000003,90.50736261019607,35
161.14176770000086,23.28793767,88.71290164078431,35
161.1738570000016,22.334630280000003,90.50736261019607,35
161.2057703999999,23.424124440000003,88.45655007372548,35
161.23775230000138,23.28793767,88.71290164078431,35
161.26977440000155,21.926069970000004,91.27641731137254,35
161.30180400000063,23.28793767,88.71290164078431,35
161.33375239999987,22.47081705,90.25101104313725,35
161.36575790000097,21.926069970000004,91.27641731137254,35
161.3978858999999,23.28793767,88.71290164078431,35
161.43048270000145,23.28793767,88.71290164078431,35
161.46198300000106,22.74319059,89.7383079090196,35
161.50982810000096,23.28793767,88.71290164078431,35
161.54185210000105,22.879377360000003,89.48195634196078,35
161.5737423999999,22.334630280000003,90.50736261019607,35
161.60578520000126,23.151750900000003,88.96925320784314,35
161.63762750000024,22.47081705,90.25101104313725,35
161.66973190000135,22.334630280000003,90.50736261019607,35
161.70182110000133,23.832684750000002,87.68749537254902,35
161.73384100000112,23.28793767,88.71290164078431,35
161.76567440000144,22.74319059,89.7383079090196,35
161.79776570000104,23.01556413,89.22560477490195,35
161.8298706000005,22.74319059,89.7383079090196,35
161.8618320000005,22.334630280000003,90.50736261019607,35
161.90969300000143,22.879377360000003,89.48195634196078,35
161.941777,23.01556413,89.22560477490195,35
161.97377440000128,23.01556413,89.22560477490195,35
162.00579520000065,23.28793767,88.71290164078431,35
162.0377696000014,22.47081705,90.25101104313725,35
162.06973490000019,22.47081705,90.25101104313725,35
162.10178970000015,36.498054360000005,63.84679963607842,35
162.1337480000002,23.151750900000003,88.96925320784314,35
162.1659238000011,62.918287740000004,14.114595626666665,35
162.1979863000015,36.498054360000005,63.84679963607842,35
162.2299632000013,22.47081705,90.25101104313725,35
162.26192120000087,37.31517498,62.30869023372549,35
162.3097671000014,36.7704279,63.33409650196078,35
162.34163489999992,22.47081705,90.25101104313725,35
162.37383820000105,62.918287740000004,14.114595626666665,35
162.40578900000037,23.151750900000003,88.96925320784314,35
162.43779859999995,22.47081705,90.25101104313725,35
162.46978730000046,62.918287740000004,14.114595626666665,35
162.50164320000113,37.17898821000001,62.56504180078429,35
162.53400060000058,22.47081705,90.25101104313725,35
162.56599290000122,62.918287740000004,14.114595626666665,35
162.59781420000036,36.7704279,63.33409650196078,35
162.62969150000026,22.334630280000003,90.50736261019607,35
162.66180410000015,62.918287740000004,14.114595626666665,35
162.70977740000126,24.5136186,86.40573753725491,35
162.74177510000118,22.47081705,90.25101104313725,35
162.77386660000047,37.042801440000005,62.82139336784313,35
162.8058783000015,36.7704279,63.33409650196078,35
162.83788900000036,22.47081705,90.25101104313725,35
162.8697673000006,62.918287740000004,14.114595626666665,35
162.9020229000016,36.63424113000001,63.59044806901959,35
162.9339140000011,22.47081705,90.25101104313725,35
162.96574750000036,37.17898821000001,62.56504180078429,35
162.99772100000155,36.7704279,63.33409650196078,35
163.02983450000102,37.587548520000006,61.79598709960784,35
163.0618039000001,36.22568082,64.35950277019607,35
163.1097576000011,23.151750900000003,88.96925320784314,35
163.14181050000116,23.01556413,89.22560477490195,35
163.17374870000094,37.042801440000005,62.82139336784313,35
163.20626630000152,23.28793767,88.71290164078431,35
163.23792560000038,23.28793767,88.71290164078431,35
163.26982150000003,62.918287740000004,14.114595626666665,35
163.3017190999999,24.78599214,85.89303440313725,35
163.33385980000094,23.28793767,88.71290164078431,35
163.36579900000106,22.607003820000003,89.99465947607843,35
163.39775390000068,24.105058290000002,87.17479223843137,35
163.42985950000002,25.194552450000003,85.12397970196078,35
163.46183240000028,25.05836568,85.3803312690196,35
163.50977910000074,24.105058290000002,87.17479223843137,35
163.54176499999994,24.105058290000002,87.17479223843137,35
163.57370679999985,24.922178910000003,85.63668283607842,35
163.6057322000015,24.105058290000002,87.17479223843137,35
163.63789610000094,25.05836568,85.3803312690196,35
163.66987510000035,24.78599214,85.89303440313725,35
163.70176600000013,24.105058290000002,87.17479223843137,35
163.73370560000149,24.649805370000003,86.14938597019608,35
163.7658287000013,23.28793767,88.71290164078431,35
163.797717200001,23.28793767,88.71290164078431,35
163.82974560000002,23.28793767,88.71290164078431,35
163.86176010000054,23.424124440000003,88.45655007372548,35
163.90976690000025,23.151750900000003,88.96925320784314,35
163.94180550000056,23.28793767,88.71290164078431,35
163.97367750000012,25.05836568,85.3803312690196,35
164.00605540000106,22.607003820000003,89.99465947607843,35
164.0378252999999,23.28793767,88.71290164078431,35
164.0697925000004,23.28793767,88.71290164078431,35
164.10179250000147,23.28793767,88.71290164078431,35
164.13394599999992,23.28793767,88.71290164078431,35
164.1658580000003,23.28793767,88.71290164078431,35
164.19765499999994,23.28793767,88.71290164078431,35
164.2298025,23.28793767,88.71290164078431,35
164.26178260000052,24.105058290000002,87.17479223843137,35
164.30965790000118,23.28793767,88.71290164078431,35
164.34166340000047,24.241245060000004,86.91844067137254,35
164.37417580000147,23.968871520000004,87.43114380549018,35
164.40588370000114,23.28793767,88.71290164078431,35
164.43776200000138,25.05836568,85.3803312690196,35
164.46974709999995,23.28793767,88.71290164078431,35
164.50173050000012,23.28793767,88.71290164078431,35
164.53378500000144,23.28793767,88.71290164078431,35
164.56579670000065,23.28793767,88.71290164078431,35
164.59777470000154,23.151750900000003,88.96925320784314,35
164.62973180000154,23.968871520000004,87.43114380549018,35
164.66183850000016,23.28793767,88.71290164078431,35
164.70985050000127,23.151750900000003,88.96925320784314,35
164.7419372000004,23.151750900000003,88.96925320784314,35
164.77373100000113,23.424124440000003,88.45655007372548,35
164.80569620000097,23.28793767,88.71290164078431,35
164.83773850000034,24.377431830000003,86.66208910431372,35
164.8697542000009,23.28793767,88.71290164078431,35
164.9017119,23.151750900000003,88.96925320784314,35
164.93381050000062,23.151750900000003,88.96925320784314,35
164.96572379999998,22.47081705,90.25101104313725,35
164.99774500000058,23.28793767,88.71290164078431,35
165.0297139000013,24.922178910000003,85.63668283607842,35
165.06175620000067,23.696497980000004,87.94384693960784,35
165.1099119999999,23.151750900000003,88.96925320784314,35
165.1418145000007,24.649805370000003,86.14938597019608,35
165.17364440000165,23.28793767,88.71290164078431,35
165.20572710000124,23.28793767,88.71290164078431,35
165.23779820000163,24.5136186,86.40573753725491,35
165.26978670000062,23.28793767,88.71290164078431,35
165.30185600000004,23.151750900000003,88.96925320784314,35
165.33380960000068,23.28793767,88.71290164078431,35
165.36571990000084,37.31517498,62.30869023372549,35
165.39759740000045,23.151750900000003,88.96925320784314,35
165.42973410000013,24.377431830000003,86.66208910431372,35
165.4618358000007,37.451361750000004,62.052338666666664,35
165.50984120000066,23.28793767,88.71290164078431,35
165.5418066000002,23.28793767,88.71290164078431,35
165.57379610000135,36.90661467,63.07774493490194,35
165.6057638000002,23.151750900000003,88.96925320784314,35
165.6377420000008,37.31517498,62.30869023372549,35
165.66973660000076,22.74319059,89.7383079090196,35
165.70173780000005,23.151750900000003,88.96925320784314,35
165.73376090000056,36.90661467,63.07774493490194,35
165.76569240000026,36.90661467,63.07774493490194,35
165.79767690000153,23.151750900000003,88.96925320784314,35
165.82989260000068,36.63424113000001,63.59044806901959,35
165.8618761000016,36.7704279,63.33409650196078,35
165.90975230000004,23.28793767,88.71290164078431,35
165.9418127000008,37.17898821000001,62.56504180078429,35
165.97369830000025,37.31517498,62.30869023372549,35
166.00569780000114,23.151750900000003,88.96925320784314,35
166.03779730000133,23.28793767,88.71290164078431,35
166.0698654000007,36.90661467,63.07774493490194,35
166.1018683000002,23.151750900000003,88.96925320784314,35
166.13364030000048,23.151750900000003,88.96925320784314,35
166.16576780000105,23.28793767,88.71290164078431,35
166.1978084000002,23.28793767,88.71290164078431,35
166.22981530000106,24.241245060000004,86.91844067137254,35
166.2617934000009,37.31517498,62.30869023372549,35
166.30976069999997,23.28793767,88.71290164078431,35
166.34162509999987,23.28793767,88.71290164078431,35
166.37368060000153,37.042801440000005,62.82139336784313,35
166.4058479000014,23.151750900000003,88.96925320784314,35
166.43769000000066,36.7704279,63.33409650196078,35
166.46970620000138,23.424124440000003,88.45655007372548,35
166.5017837000014,35.953307280000004,64.87220590431372,35
166.53371190000144,23.28793767,88.71290164078431,35
166.5656179000016,37.042801440000005,62.82139336784313,35
166.5979081000005,23.28793767,88.71290164078431,35
166.62976740000158,23.28793767,88.71290164078431,35
166.6618896,36.90661467,63.07774493490194,35
166.70984880000105,23.28793767,88.71290164078431,35
166.74169380000058,23.28793767,88.71290164078431,35
166.77370340000016,36.7704279,63.33409650196078,35
166.80579430000034,23.28793767,88.71290164078431,35
166.83772360000148,36.90661467,63.07774493490194,35
166.86973910000052,36.7704279,63.33409650196078,35
166.901773900001,23.151750900000003,88.96925320784314,35
166.93368160000136,24.241245060000004,86.91844067137254,35
166.96602760000133,37.042801440000005,62.82139336784313,35
166.99776569999995,23.151750900000003,88.96925320784314,35
167.02983610000047,23.151750900000003,88.96925320784314,35
167.06164750000062,36.90661467,63.07774493490194,35
167.1096647000013,23.28793767,88.71290164078431,35
167.1417835000011,22.607003820000003,89.99465947607843,35
167.17380740000044,36.7704279,63.33409650196078,35
167.2058047999999,36.089494050000006,64.61585433725489,35
167.23781690000033,23.28793767,88.71290164078431,35
167.26976770000147,36.90661467,63.07774493490194,35
167.30174710000028,23.151750900000003,88.96925320784314,35
167.3340533999999,23.151750900000003,88.96925320784314,35
167.36583080000128,36.7704279,63.33409650196078,35
167.39777210000102,36.7704279,63.33409650196078,35
167.4298247000006,23.151750900000003,88.96925320784314,35
167.46192359999986,36.63424113000001,63.59044806901959,35
167.5096768000003,36.7704279,63.33409650196078,35
167.54169940000065,23.151750900000003,88.96925320784314,35
167.57374359999994,37.31517498,62.30869023372549,35
167.60581620000085,23.151750900000003,88.96925320784314,35
167.63776580000012,23.28793767,88.71290164078431,35
167.66971020000165,36.7704279,63.33409650196078,35
167.70187000000078,23.28793767,88.71290164078431,35
167.73381660000086,23.28793767,88.71290164078431,35
167.76569100000052,36.7704279,63.33409650196078,35
167.79770940000162,36.22568082,64.35950277019607,35
167.82977910000045,35.953307280000004,64.87220590431372,35
167.86174010000104,36.7704279,63.33409650196078,35
167.9096008000015,35.953307280000004,64.87220590431372,35
167.94179150000127,23.28793767,88.71290164078431,35
167.97372750000068,36.90661467,63.07774493490194,35
168.00569160000123,36.7704279,63.33409650196078,35
168.03770370000166,23.151750900000003,88.96925320784314,35
168.06977330000154,36.498054360000005,63.84679963607842,35
168.10180700000092,23.28793767,88.71290164078431,35
168.1338255999999,22.607003820000003,89.99465947607843,35
168.16573040000003,36.63424113000001,63.59044806901959,35
168.19770920000155,36.22568082,64.35950277019607,35
168.22961900000155,34.18287927,68.20477627607843,35
168.26162660000045,36.90661467,63.07774493490194,35
168.30972440000005,35.953307280000004,64.87220590431372,35
168.3416825000004,23.151750900000003,88.96925320784314,35
168.37372649999998,22.74319059,89.7383079090196,35
168.40573530000074,23.151750900000003,88.96925320784314,35
168.4379069000006,22.47081705,90.25101104313725,35
168.46971040000062,36.7704279,63.33409650196078,35
168.50178400000004,35.953307280000004,64.87220590431372,35
168.53379760000098,23.151750900000003,88.96925320784314,35
168.56576430000132,36.90661467,63.07774493490194,35
168.5978300000006,35.953307280000004,64.87220590431372,35
168.6298424000015,23.28793767,88.71290164078431,35
168.66180370000075,36.7704279,63.33409650196078,35
168.70959949999997,36.7704279,63.33409650196078,35
168.74165930000163,23.151750900000003,88.96925320784314,35
168.77364430000125,36.7704279,63.33409650196078,35
168.80589540000074,35.953307280000004,64.87220590431372,35
168.83780710000065,22.334630280000003,90.50736261019607,35
168.8697342000014,36.7704279,63.33409650196078,35
168.90171850000115,36.7704279,63.33409650196078,35
168.9337228000004,36.63424113000001,63.59044806901959,35
168.96577849999994,22.74319059,89.7383079090196,35
168.99775750000117,23.28793767,88.71290164078431,35
169.02978470000016,23.151750900000003,88.96925320784314,35
169.06181860000106,23.28793767,88.71290164078431,35
169.10971000000063,23.151750900000003,88.96925320784314,35
169.14175080000132,23.28793767,88.71290164078431,35
169.17397340000025,23.151750900000003,88.96925320784314,35
169.20578230000137,24.105058290000002,87.17479223843137,35
169.23771360000137,23.28793767,88.71290164078431,35
169.2697876000002,23.28793767,88.71290164078431,35
169.30170780000117,35.953307280000004,64.87220590431372,35
169.3337663000002,22.47081705,90.25101104313725,35
169.36581770000157,23.28793767,88.71290164078431,35
169.39771050000127,24.105058290000002,87.17479223843137,35
169.42971040000157,23.151750900000003,88.96925320784314,35
169.46177040000111,23.01556413,89.22560477490195,35
169.50972120000006,23.151750900000003,88.96925320784314,35
169.5419393000011,22.334630280000003,90.50736261019607,35
169.5738108000005,23.28793767,88.71290164078431,35
169.605752200001,23.28793767,88.71290164078431,35
169.6377160000011,23.01556413,89.22560477490195,35
169.66977920000136,22.47081705,90.25101104313725,35
169.70177570000124,23.28793767,88.71290164078431,35
169.733772900001,22.334630280000003,90.50736261019607,35
169.76578530000006,23.151750900000003,88.96925320784314,35
169.79779270000108,23.28793767,88.71290164078431,35
169.82982240000092,22.47081705,90.25101104313725,35
169.86171880000074,22.74319059,89.7383079090196,35
169.90992069999993,23.151750900000003,88.96925320784314,35
169.94179900000017,22.47081705,90.25101104313725,35
169.97376299999996,23.151750900000003,88.96925320784314,35
170.0059498999999,23.28793767,88.71290164078431,35
170.0378111000009,22.47081705,90.25101104313725,35
170.06983639999999,23.28793767,88.71290164078431,35
170.10201469999993,22.47081705,90.25101104313725,35
170.1338596000005,23.151750900000003,88.96925320784314,35
170.1657219000008,22.879377360000003,89.48195634196078,35
170.19772770000054,23.01556413,89.22560477490195,35
170.22965120000117,22.607003820000003,89.99465947607843,35
170.26198620000105,22.607003820000003,89.99465947607843,35
170.30976420000115,22.607003820000003,89.99465947607843,35
170.3417382000007,23.151750900000003,88.96925320784314,35
170.37378660000104,23.28793767,88.71290164078431,35
170.40575020000142,23.28793767,88.71290164078431,35
170.43762730000162,22.334630280000003,90.50736261019607,35
170.469785700001,22.607003820000003,89.99465947607843,35
170.50176020000072,23.151750900000003,88.96925320784314,35
170.5337393000009,23.28793767,88.71290164078431,35
170.56571670000085,22.47081705,90.25101104313725,35
170.59777890000078,22.47081705,90.25101104313725,35
170.6298480000005,22.879377360000003,89.48195634196078,35
170.6618799000007,23.28793767,88.71290164078431,35
170.70972520000032,22.47081705,90.25101104313725,35
170.74177410000084,23.28793767,88.71290164078431,35
170.77397470000142,23.28793767,88.71290164078431,35
170.8058705000003,22.47081705,90.25101104313725,35
170.83769949999987,22.607003820000003,89.99465947607843,35
170.86971880000056,23.151750900000003,88.96925320784314,35
170.90177320000112,23.28793767,88.71290164078431,35
170.9337742000007,23.28793767,88.71290164078431,35
170.96583620000092,23.832684750000002,87.68749537254902,35
170.99785350000093,24.105058290000002,87.17479223843137,35
171.02998630000002,23.28793767,88.71290164078431,35
171.06181079999988,23.28793767,88.71290164078431,35
171.109712200001,36.7704279,63.33409650196078,35
171.14176250000128,23.151750900000003,88.96925320784314,35
171.17374970000128,23.28793767,88.71290164078431,35
171.20579390000057,24.105058290000002,87.17479223843137,35
171.23784840000008,23.424124440000003,88.45655007372548,35
171.26969460000146,23.28793767,88.71290164078431,35
171.30186070000127,36.7704279,63.33409650196078,35
171.33379850000165,23.151750900000003,88.96925320784314,35
171.36593640000137,23.28793767,88.71290164078431,35
171.39804540000114,25.05836568,85.3803312690196,35
171.42988120000155,23.151750900000003,88.96925320784314,35
171.46181609999985,23.28793767,88.71290164078431,35
171.5096224000008,37.17898821000001,62.56504180078429,35
171.54175100000066,23.151750900000003,88.96925320784314,35
171.57367650000015,22.607003820000003,89.99465947607843,35
171.6057849000008,37.31517498,62.30869023372549,35
171.63776080000025,23.01556413,89.22560477490195,35
171.66976560000148,36.90661467,63.07774493490194,35
171.7017850000011,36.7704279,63.33409650196078,35
171.73397220000152,23.28793767,88.71290164078431,35
171.76597840000068,23.151750900000003,88.96925320784314,35
171.79772930000036,37.587548520000006,61.79598709960784,35
171.8296946999999,22.334630280000003,90.50736261019607,35
171.86183840000012,36.7704279,63.33409650196078,35
171.90973230000054,36.7704279,63.33409650196078,35
171.9418011000016,22.47081705,90.25101104313725,35
171.97389870000006,35.953307280000004,64.87220590431372,35
172.00577870000052,36.7704279,63.33409650196078,35
172.03775700000006,23.28793767,88.71290164078431,35
172.0697693000002,36.7704279,63.33409650196078,35
172.10179580000113,37.17898821000001,62.56504180078429,35
172.1340392000002,23.28793767,88.71290164078431,35
172.1658296000005,35.953307280000004,64.87220590431372,35
172.19778000000042,35.953307280000004,64.87220590431372,35
172.2298627,23.01556413,89.22560477490195,35
172.26189410000006,35.953307280000004,64.87220590431372,35
172.30971320000026,35.953307280000004,64.87220590431372,35
172.34173610000107,23.968871520000004,87.43114380549018,35
172.37369890000082,23.28793767,88.71290164078431,35
172.40581310000016,35.953307280000004,64.87220590431372,35
172.43776680000155,23.28793767,88.71290164078431,35
172.46978080000008,36.90661467,63.07774493490194,35
172.5018258,35.953307280000004,64.87220590431372,35
172.53375039999992,23.151750900000003,88.96925320784314,35
172.5657013,36.90661467,63.07774493490194,35
172.59785050000028,24.78599214,85.89303440313725,35
172.6299082000005,24.105058290000002,87.17479223843137,35
172.6617323999999,23.968871520000004,87.43114380549018,35
172.70979179999995,24.922178910000003,85.63668283607842,35
172.7417757000003,23.151750900000003,88.96925320784314,35
172.77374990000135,24.922178910000003,85.63668283607842,35
172.8058903000001,36.90661467,63.07774493490194,35
172.83799499999986,24.105058290000002,87.17479223843137,35
172.87001390000114,36.7704279,63.33409650196078,35
172.90223010000045,36.90661467,63.07774493490194,35
172.93389380000008,23.968871520000004,87.43114380549018,35
172.96578430000045,36.90661467,63.07774493490194,35
172.9977213000002,36.7704279,63.33409650196078,35
173.0297165000011,23.28793767,88.71290164078431,35
173.06176520000008,36.90661467,63.07774493490194,35
173.10971700000118,37.042801440000005,62.82139336784313,35
173.14168260000042,23.01556413,89.22560477490195,35
173.17370930000106,36.7704279,63.33409650196078,35
173.20611650000137,36.7704279,63.33409650196078,35
173.23825170000055,36.7704279,63.33409650196078,35
173.2698474000008,36.7704279,63.33409650196078,35
173.30177210000147,36.90661467,63.07774493490194,35
173.3338315000001,36.7704279,63.33409650196078,35
173.365812,24.105058290000002,87.17479223843137,35
173.39780920000157,37.17898821000001,62.56504180078429,35
173.42971770000077,36.7704279,63.33409650196078,35
173.4618018000001,36.7704279,63.33409650196078,35
173.50973710000108,36.90661467,63.07774493490194,35
173.54173820000142,37.31517498,62.30869023372549,35
173.5737805000008,23.28793767,88.71290164078431,35
173.60603150000134,37.042801440000005,62.82139336784313,35
173.63774680000097,36.90661467,63.07774493490194,35
173.66974710000068,36.90661467,63.07774493490194,35
173.70173610000165,22.74319059,89.7383079090196,35
173.73365170000034,23.28793767,88.71290164078431,35
173.76585200000045,36.7704279,63.33409650196078,35
173.79773970000133,37.17898821000001,62.56504180078429,35
173.8299330000009,36.7704279,63.33409650196078,35
173.8617587000008,37.17898821000001,62.56504180078429,35
173.9097264000011,36.90661467,63.07774493490194,35
173.94194050000078,36.90661467,63.07774493490194,35
173.97387320000053,36.90661467,63.07774493490194,35
174.00577760000124,37.31517498,62.30869023372549,35
174.03772030000073,23.151750900000003,88.96925320784314,35
174.06977580000057,36.7704279,63.33409650196078,35
174.10169720000158,37.042801440000005,62.82139336784313,35
174.13379330000134,36.498054360000005,63.84679963607842,35
174.16586180000013,36.90661467,63.07774493490194,35
174.1976921000005,37.31517498,62.30869023372549,35
174.22975110000152,36.90661467,63.07774493490194,35
174.26179230000162,37.17898821000001,62.56504180078429,35
174.309627300001,37.451361750000004,62.052338666666664,35
174.34186300000147,36.7704279,63.33409650196078,35
174.3738669000013,37.042801440000005,62.82139336784313,35
174.4057584000002,37.451361750000004,62.052338666666664,35
174.43769630000133,36.7704279,63.33409650196078,35
174.46971889999986,36.90661467,63.07774493490194,35
174.5017888000002,37.31517498,62.30869023372549,35
174.53389940000125,36.7704279,63.33409650196078,35
174.5659228000004,36.90661467,63.07774493490194,35
174.59779940000044,36.7704279,63.33409650196078,35
174.62974940000095,37.31517498,62.30869023372549,35
174.6617247000013,36.90661467,63.07774493490194,35
174.71011060000092,37.042801440000005,62.82139336784313,35
174.7417346000002,37.042801440000005,62.82139336784313,35
174.77375810000012,23.151750900000003,88.96925320784314,35
174.80590650000158,37.042801440000005,62.82139336784313,35
174.83783510000103,36.7704279,63.33409650196078,35
174.86967220000042,36.7704279,63.33409650196078,35
174.90171610000107,37.17898821000001,62.56504180078429,35
174.9337770000002,36.7704279,63.33409650196078,35
174.96574950000104,36.7704279,63.33409650196078,35
174.99766960000125,23.151750900000003,88.96925320784314,35
175.0298367000014,36.7704279,63.33409650196078,35
175.0620712,25.05836568,85.3803312690196,35
175.1097471000012,25.05836568,85.3803312690196,35
175.14168830000017,24.5136186,86.40573753725491,35
175.17371230000026,24.5136186,86.40573753725491,35
175.20562600000085,24.649805370000003,86.14938597019608,35
175.23764340000162,24.105058290000002,87.17479223843137,35
175.26972250000108,25.05836568,85.3803312690196,35
175.3017699000011,24.922178910000003,85.63668283607842,35
175.33374990000084,24.78599214,85.89303440313725,35
175.36571490000097,24.5136186,86.40573753725491,35
175.39780580000115,24.105058290000002,87.17479223843137,35
175.4298643000002,24.922178910000003,85.63668283607842,35
175.46197920000122,24.377431830000003,86.66208910431372,35
175.50976720000108,25.05836568,85.3803312690196,35
175.5417389000013,36.90661467,63.07774493490194,35
175.57374680000066,24.377431830000003,86.66208910431372,35
175.60570370000096,25.05836568,85.3803312690196,35
175.6376902000011,24.241245060000004,86.91844067137254,35
175.66972690000148,24.241245060000004,86.91844067137254,35
175.70177030000013,24.78599214,85.89303440313725,35
175.73372960000052,25.33073922,84.86762813490195,35
175.76569800000107,24.922178910000003,85.63668283607842,35
175.7977718000002,25.05836568,85.3803312690196,35
175.82985960000042,25.05836568,85.3803312690196,35
175.8617499000011,24.241245060000004,86.91844067137254,35
175.90966320000007,24.5136186,86.40573753725491,35
175.9417125,36.7704279,63.33409650196078,35
175.97367889999987,24.649805370000003,86.14938597019608,35
176.00575740000022,24.922178910000003,85.63668283607842,35
176.0377333000015,37.042801440000005,62.82139336784313,35
176.06973840000137,24.922178910000003,85.63668283607842,35
176.1018081000002,24.922178910000003,85.63668283607842,35
176.13384100000076,25.33073922,84.86762813490195,35
176.16593749999993,24.922178910000003,85.63668283607842,35
176.19782610000038,25.33073922,84.86762813490195,35
176.2297120000003,25.05836568,85.3803312690196,35
176.26170009999987,24.78599214,85.89303440313725,35
176.30967430000055,25.05836568,85.3803312690196,35
176.34172320000107,25.33073922,84.86762813490195,35
176.3736927000009,25.194552450000003,85.12397970196078,35
176.40575020000142,24.649805370000003,86.14938597019608,35
176.43769260000045,23.28793767,88.71290164078431,35
176.4697406000014,25.194552450000003,85.12397970196078,35
176.5017183,24.78599214,85.89303440313725,35
176.53388350000023,25.05836568,85.3803312690196,35
176.56587340000078,25.194552450000003,85.12397970196078,35
176.59777790000044,24.922178910000003,85.63668283607842,35
176.6297351000012,22.47081705,90.25101104313725,35
176.6617924000002,24.649805370000003,86.14938597019608,35
176.70974970000134,25.05836568,85.3803312690196,35
176.74180680000063,24.78599214,85.89303440313725,35
176.77361370000108,24.5136186,86.40573753725491,35
176.80558960000053,25.05836568,85.3803312690196,35
176.83772170000157,25.05836568,85.3803312690196,35
176.8696920000002,24.649805370000003,86.14938597019608,35
176.90181680000023,25.05836568,85.3803312690196,35
176.93382569999994,22.74319059,89.7383079090196,35
176.96577220000108,24.78599214,85.89303440313725,35
176.99762470000132,24.5136186,86.40573753725491,35
177.02975860000151,25.05836568,85.3803312690196,35
177.06179450000127,24.649805370000003,86.14938597019608,35
177.10978820000128,25.05836568,85.3803312690196,35
177.14170720000038,25.05836568,85.3803312690196,35
177.17369790000157,24.922178910000003,85.63668283607842,35
177.2056549000008,34.0466925,68.46112784313725,35
177.2377288000007,32.412451260000005,71.53734664784314,35
177.26981140000134,25.05836568,85.3803312690196,35
177.3018628000009,35.408560200000004,65.89761217254902,35
177.33372190000046,25.05836568,85.3803312690196,35
177.36578929999996,25.194552450000003,85.12397970196078,35
177.3977859000006,35.408560200000004,65.89761217254902,35
177.42970670000068,31.731517410000002,72.81910448313724,35
177.46166990000165,25.05836568,85.3803312690196,35
177.5097196000006,32.27626449,71.79369821490195,35
177.5417077000002,32.412451260000005,71.53734664784314,35
177.57373390000066,34.0466925,68.46112784313725,35
177.6056922000007,33.910505730000004,68.71747941019606,35
177.63782380000157,31.050583560000003,74.10086231843137,35
177.67012680000153,25.05836568,85.3803312690196,35
177.70172380000076,35.408560200000004,65.89761217254902,35
177.73370080000132,32.27626449,71.79369821490195,35
177.7657560000007,25.05836568,85.3803312690196,35
177.7976660000004,32.412451260000005,71.53734664784314,35
177.82970790000036,32.14007772,72.0500497819608,35
177.8616563000014,24.649805370000003,86.14938597019608,35
177.90976460000093,34.0466925,68.46112784313725,35
177.9418579000012,22.47081705,90.25101104313725,35
177.97375940000165,24.922178910000003,85.63668283607842,35
178.00580810000065,35.544746970000006,65.64126060549019,35
178.0379765000016,32.27626449,71.79369821490195,35
178.06973170000128,25.194552450000003,85.12397970196078,35
178.10179160000007,34.0466925,68.46112784313725,35
178.13377170000058,23.28793767,88.71290164078431,35
178.16576930000156,24.78599214,85.89303440313725,35
178.19766119999986,35.544746970000006,65.64126060549019,35
178.22976700000072,23.151750900000003,88.96925320784314,35
178.26168730000063,24.922178910000003,85.63668283607842,35
178.309768000001,32.412451260000005,71.53734664784314,35
178.3416653000004,22.607003820000003,89.99465947607843,35
178.37371789999997,37.31517498,62.30869023372549,35
178.40584740000122,32.54863803,71.28099508078432,35
178.43766380000125,23.151750900000003,88.96925320784314,35
178.46976140000152,36.7704279,63.33409650196078,35
178.50175080000008,33.365758650000004,69.74288567843136,35
178.53373980000106,23.01556413,89.22560477490195,35
178.5657394000009,37.31517498,62.30869023372549,35
178.59787610000058,33.77431896,68.97383097725489,35
178.62987740000062,32.14007772,72.0500497819608,35
178.6617485000006,25.05836568,85.3803312690196,35
178.70970910000142,32.412451260000005,71.53734664784314,35
178.74174400000084,32.412451260000005,71.53734664784314,35
178.7738012000009,36.90661467,63.07774493490194,35
178.80569860000105,33.910505730000004,68.71747941019606,35
178.8377263000002,32.54863803,71.28099508078432,35
178.86970190000102,32.27626449,71.79369821490195,35
178.90177870000116,34.18287927,68.20477627607843,35
178.93374570000015,32.27626449,71.79369821490195,35
178.96578750000117,36.089494050000006,64.61585433725489,35
178.99771670000155,33.910505730000004,68.71747941019606,35
179.02984240000114,33.22957188,69.99923724549019,35
179.0616951000011,32.27626449,71.79369821490195,35
179.10978650000106,33.365758650000004,69.74288567843136,35
179.1418560000002,32.00389095,72.30640134901961,35
179.1740791000011,32.412451260000005,71.53734664784314,35
179.20582680000007,32.412451260000005,71.53734664784314,35
179.23768660000133,33.22957188,69.99923724549019,35
179.26971330000015,36.7704279,63.33409650196078,35
179.30176100000062,35.544746970000006,65.64126060549019,35
179.3336986000013,32.412451260000005,71.53734664784314,35
179.365724700001,32.412451260000005,71.53734664784314,35
179.3977597000012,33.365758650000004,69.74288567843136,35
179.4297064000002,33.22957188,69.99923724549019,35
179.46171910000157,36.7704279,63.33409650196078,35
179.50981339999998,32.14007772,72.0500497819608,35
179.54180040000028,32.412451260000005,71.53734664784314,35
179.57396550000158,23.968871520000004,87.43114380549018,35
179.60579490000055,32.412451260000005,71.53734664784314,35
179.63778570000068,32.14007772,72.0500497819608,35
179.66976670000076,36.90661467,63.07774493490194,35
179.7017805000014,32.412451260000005,71.53734664784314,35
179.73376970000027,33.63813219,69.23018254431372,35
179.76569560000098,25.194552450000003,85.12397970196078,35
179.7976761000009,32.412451260000005,71.53734664784314,35
179.82973850000053,32.412451260000005,71.53734664784314,35
179.8619030000009,23.28793767,88.71290164078431,35
179.9098279000009,32.27626449,71.79369821490195,35
179.94170960000156,33.50194542,69.48653411137255,35
179.97384630000124,31.18677033,73.84451075137254,35
180.00576,32.412451260000005,71.53734664784314,35
180.0376978000004,32.27626449,71.79369821490195,35
180.06971169999997,30.778210020000003,74.61356545254901,35
180.1017694000002,32.27626449,71.79369821490195,35
180.13373670000146,32.14007772,72.0500497819608,35
180.1656675000013,32.27626449,71.79369821490195,35
180.1977304000011,32.412451260000005,71.53734664784314,35
180.2298980000014,23.28793767,88.71290164078431,35
180.26174850000098,32.412451260000005,71.53734664784314,35
180.30972060000022,23.28793767,88.71290164078431,35
180.34175810000124,23.151750900000003,88.96925320784314,35
180.3736441000001,25.05836568,85.3803312690196,35
180.40580920000139,23.151750900000003,88.96925320784314,35
180.43769240000074,23.28793767,88.71290164078431,35
180.46969380000155,22.74319059,89.7383079090196,35
180.50177280000025,23.151750900000003,88.96925320784314,35
180.5336425000005,23.01556413,89.22560477490195,35
180.56571110000004,22.47081705,90.25101104313725,35
180.59799470000144,23.28793767,88.71290164078431,35
180.63002730000153,23.151750900000003,88.96925320784314,35
180.66183020000062,22.334630280000003,90.50736261019607,35
180.70972200000142,23.151750900000003,88.96925320784314,35
180.7416845000007,23.151750900000003,88.96925320784314,35
180.77372490000016,22.607003820000003,89.99465947607843,35
180.80609220000042,23.151750900000003,88.96925320784314,35
180.8377006999999,22.74319059,89.7383079090196,35
180.86977370000022,22.47081705,90.25101104313725,35
180.9016928000001,23.28793767,88.71290164078431,35
180.93378269999994,22.879377360000003,89.48195634196078,35
180.9658184,22.74319059,89.7383079090196,35
180.99779200000012,23.28793767,88.71290164078431,35
181.0298143,23.28793767,88.71290164078431,35
181.06174180000016,22.74319059,89.7383079090196,35
181.1096576,23.28793767,88.71290164078431,35
181.1417063000008,22.74319059,89.7383079090196,35
181.17375490000086,22.47081705,90.25101104313725,35
181.2057175000009,23.01556413,89.22560477490195,35
181.23774670000057,22.607003820000003,89.99465947607843,35
181.26974430000155,22.47081705,90.25101104313725,35
181.30167550000078,23.28793767,88.71290164078431,35
181.333968500001,22.47081705,90.25101104313725,35
181.36597419999998,22.607003820000003,89.99465947607843,35
181.39784930000133,22.607003820000003,89.99465947607843,35
181.42997370000012,23.28793767,88.71290164078431,35
181.4618373000012,22.334630280000003,90.50736261019607,35
181.49368649999997,22.47081705,90.25101104313725,35
181.5415774000012,23.28793767,88.71290164078431,35
181.57361400000082,22.334630280000003,90.50736261019607,35
181.60573590000058,22.607003820000003,89.99465947607843,35
181.6378646000012,22.74319059,89.7383079090196,35
181.66999720000058,22.47081705,90.25101104313725,35
181.7019196000001,22.47081705,90.25101104313725,35
181.73382410000158,22.74319059,89.7383079090196,35
181.76574299999993,22.334630280000003,90.50736261019607,35
181.79768420000073,24.105058290000002,87.17479223843137,35
181.8297978999999,23.28793767,88.71290164078431,35
181.8617387000013,23.151750900000003,88.96925320784314,35
181.89373830000113,24.105058290000002,87.17479223843137,35
181.94165410000096,23.28793767,88.71290164078431,35
181.97376190000068,22.607003820000003,89.99465947607843,35
182.00582530000065,23.424124440000003,88.45655007372548,35
182.03778030000103,23.28793767,88.71290164078431,35
182.07003690000056,23.01556413,89.22560477490195,35
182.1020234000007,22.607003820000003,89.99465947607843,35
182.13377180000134,23.28793767,88.71290164078431,35
182.16569340000024,23.151750900000003,88.96925320784314,35
182.19770320000134,23.28793767,88.71290164078431,35
182.2296922000005,24.105058290000002,87.17479223843137,35
182.26167400000122,23.28793767,88.71290164078431,35
182.29365540000072,24.5136186,86.40573753725491,35
182.34173740000006,24.5136186,86.40573753725491,35
182.3737443000009,23.28793767,88.71290164078431,35
182.40574240000024,24.377431830000003,86.66208910431372,35
182.43795110000065,23.28793767,88.71290164078431,35
182.46995140000035,23.968871520000004,87.43114380549018,35
182.5017695000006,24.5136186,86.40573753725491,35
182.5337227,24.105058290000002,87.17479223843137,35
182.5657955000006,23.28793767,88.71290164078431,35
182.5976410000003,25.05836568,85.3803312690196,35
182.6297050000012,24.5136186,86.40573753725491,35
182.66167140000107,24.105058290000002,87.17479223843137,35
182.69375160000163,25.05836568,85.3803312690196,35
182.74178820000088,25.05836568,85.3803312690196,35
182.77380090000042,24.105058290000002,87.17479223843137,35
182.80579000000034,25.33073922,84.86762813490195,35
182.83794540000054,25.33073922,84.86762813490195,35
182.86969150000004,25.33073922,84.86762813490195,35
182.90171800000098,25.603112760000002,84.3549250007843,35
182.93361630000072,25.33073922,84.86762813490195,35
182.96567590000086,25.33073922,84.86762813490195,35
182.9976856000012,25.466925990000004,84.61127656784313,35
