Tiempo,Altura,Senal_de_Control,Set_value
0.10387690000061411,-2.3151750900000003,100.0,50
0.13421519999974407,0.0,100.0,50
0.16625260000000708,0.0,100.0,50
0.21423700000013923,0.0,100.0,50
0.2462228000003961,0.0,100.0,50
0.27851770000052056,0.0,100.0,50
0.31045559999984107,0.0,100.0,50
0.34228369999982533,0.0,100.0,50
0.3742422000013903,0.0,100.0,50
0.4062917000010202,0.0,100.0,50
0.4382973000010679,0.0,100.0,50
0.4703196000009484,0.0,100.0,50
0.5022597000006499,0.0,100.0,50
0.5342741000004025,0.0,100.0,50
0.5662955000007059,0.0,100.0,50
0.6142305000012129,0.0,100.0,50
0.6466990000008082,0.0,100.0,50
0.6783692999997584,0.0,100.0,50
0.7102427000008902,0.0,100.0,50
0.7422958000006474,0.0,100.0,50
0.7742792999997619,0.0,100.0,50
0.8062097000001813,0.0,100.0,50
0.838241299999936,0.0,100.0,50
0.8702804000004107,0.0,100.0,50
0.9022376000011718,0.0,100.0,50
0.9342391999998654,0.0,100.0,50
0.9661517000004096,0.0,100.0,50
1.0150745999999344,0.0,100.0,50
1.046471700001348,0.0,100.0,50
1.0782238000010693,0.0,100.0,50
1.1103970000003756,0.0,100.0,50
1.1422837000009167,0.0,100.0,50
1.1742458999997325,0.0,100.0,50
1.2061952000003657,0.0,100.0,50
1.2382754999998724,0.0,100.0,50
1.2701906000002054,0.0,100.0,50
1.3022115000003396,0.0,100.0,50
1.334263100001408,0.0,100.0,50
1.3664177999999083,0.0,100.0,50
1.4145426000013686,0.0,100.0,50
1.4462949000007939,0.0,100.0,50
1.4782972000011796,0.0,100.0,50
1.510132400000657,0.0,100.0,50
1.5421999999998661,0.0,100.0,50
1.5742200000004232,0.0,100.0,50
1.6062364000008529,0.0,100.0,50
1.638317700000698,0.0,100.0,50
1.6702662000006967,0.0,100.0,50
1.7022806000004493,0.0,100.0,50
1.7341852999998082,0.0,100.0,50
1.766490400001203,0.0,100.0,50
1.8142712999997457,0.0,100.0,50
1.846205400001054,0.0,100.0,50
1.8782432000007248,0.0,100.0,50
1.910266099999717,0.0,100.0,50
1.942240700000184,0.0,100.0,50
1.9742734000010387,0.0,100.0,50
2.006248900001083,0.0,100.0,50
2.0382650999999896,0.0,100.0,50
2.0702536000007967,0.0,100.0,50
2.1022958000012295,0.0,100.0,50
2.1343878000006953,0.0,100.0,50
2.1664975000003324,0.0,100.0,50
2.214208999999755,0.0,100.0,50
2.2461773000013636,0.0,100.0,50
2.278217200000654,0.0,100.0,50
2.3102123999997275,0.0,100.0,50
2.342141700000866,0.0,100.0,50
2.3742462000009255,0.0,100.0,50
2.4062940000003437,0.0,100.0,50
2.4383288999997603,0.0,100.0,50
2.47026950000145,0.0,100.0,50
2.5023625000012544,0.0,100.0,50
2.534385300001304,0.0,100.0,50
2.566213500000231,0.0,100.0,50
2.614210900001126,0.0,100.0,50
2.6462184000010893,0.0,100.0,50
2.6782124000001204,0.0,100.0,50
2.710216700001183,0.0,100.0,50
2.7421491000004607,0.0,100.0,50
2.774241200000688,0.0,100.0,50
2.806290700000318,0.13618677000000012,100.0,50
2.838295700001254,0.0,100.0,50
2.8703590000004624,0.0,100.0,50
2.902410900000177,0.13618677000000012,100.0,50
2.9341881000000285,0.0,100.0,50
2.9661324999997305,0.0,100.0,50
3.014258700000937,0.0,100.0,50
3.0462091000008513,0.0,100.0,50
3.0781580000002577,0.0,100.0,50
3.110260200000994,0.13618677000000012,100.0,50
3.142281600001297,0.0,100.0,50
3.1741923999998107,0.0,100.0,50
3.2062103999996907,0.0,100.0,50
3.2384216000009474,0.0,100.0,50
3.270412600000782,0.6809338500000002,100.0,50
3.3022176000013133,0.0,100.0,50
3.334185100000468,0.6809338500000002,100.0,50
3.3662935000011203,0.6809338500000002,100.0,50
3.414266800000405,0.13618677000000012,100.0,50
3.446232300000702,0.13618677000000012,100.0,50
3.478290700000798,0.0,100.0,50
3.510261700001138,0.0,100.0,50
3.5423037000000477,0.13618677000000012,100.0,50
3.574269100001402,0.13618677000000012,100.0,50
3.606464500000584,0.13618677000000012,100.0,50
3.63860730000124,0.0,100.0,50
3.670199300000604,0.0,100.0,50
3.70226250000087,0.0,100.0,50
3.734180900000865,0.0,100.0,50
3.7661868000013783,0.0,100.0,50
3.8142556000002514,0.13618677000000012,100.0,50
3.846272599999793,0.13618677000000012,100.0,50
3.878209100001186,0.13618677000000012,100.0,50
3.9101697000005515,0.13618677000000012,100.0,50
3.9421179000000848,0.27237354000000025,100.0,50
3.974302800001169,0.27237354000000025,100.0,50
4.006337000000713,0.27237354000000025,100.0,50
4.038252100001046,0.40856031000000015,100.0,50
4.0702412000009645,0.54474708,100.0,50
4.102246800001012,0.54474708,100.0,50
4.13424490000034,0.6809338500000002,100.0,50
4.166294300001027,0.9533073900000002,100.0,50
4.214210800000728,1.08949416,100.0,50
4.246265100000528,1.2256809300000002,100.0,50
4.278145899999799,1.4980544700000002,100.0,50
4.310180700000274,1.7704280100000003,100.0,50
4.342318000000887,1.9066147800000004,100.0,50
4.3742634000009275,2.17898832,100.0,50
4.406228699999701,2.4513618600000004,100.0,50
4.438230400000975,2.7237354000000003,100.0,50
4.470182900000509,2.9961089400000005,100.0,50
4.50229600000057,4.0856031,100.0,50
4.5341951999998855,4.4941634100000005,100.0,50
4.566284100001212,4.630350180000001,100.0,50
4.614213900000323,4.630350180000001,100.0,50
4.646208899999692,5.038910490000001,100.0,50
4.678247699999702,5.4474708000000005,100.0,50
4.710384800000611,5.856031110000001,100.0,50
4.742431700000452,6.26459142,100.0,50
4.774268400000437,6.673151730000001,100.0,50
4.8062514000012015,7.217898810000001,100.0,50
4.838244700000359,7.762645890000001,100.0,50
4.870259999999689,8.30739297,100.0,50
4.902250500001173,8.852140050000001,100.0,50
4.934251599999698,9.533073900000002,100.0,50
4.966293999999834,10.077820980000002,100.0,50
5.014205100000254,10.62256806,100.0,50
5.0462726000005205,11.303501910000001,100.0,50
5.0785013000004255,11.848248990000002,100.0,50
5.110416200001055,12.39299607,100.0,50
5.142273100000239,13.073929920000001,100.0,50
5.174214200000279,13.754863770000002,100.0,50
5.206276500000968,14.43579762,100.0,50
5.238224200000332,15.116731470000001,100.0,50
5.270300100000895,15.933852090000002,100.0,50
5.3021803999999975,16.61478594,100.0,50
5.334206000001359,17.43190656,100.0,50
5.366236500000014,18.112840410000004,100.0,50
5.414343300000837,18.92996103,100.0,50
5.446352300001308,19.747081650000002,100.0,50
5.478307000001223,20.564202270000003,100.0,50
5.510243500000797,21.381322890000003,100.0,50
5.542253900001015,22.19844351,100.0,50
5.574304200001279,23.01556413,100.0,50
5.606260200000179,23.832684750000002,100.0,50
5.638185300000259,24.78599214,100.0,50
5.6702461000004405,25.603112760000002,100.0,50
5.702199700001074,26.420233380000003,100.0,50
5.734256800000367,27.237354000000003,100.0,50
5.7662491999999475,28.190661390000002,100.0,50
5.814341500001319,29.007782010000003,100.0,50
5.846290400000726,29.961089400000002,100.0,50
5.878214600001229,30.778210020000003,100.0,50
5.9101339999997435,31.731517410000002,100.0,50
5.942272300000695,32.548638030000006,99.51628919843137,50
5.97417889999997,33.63813219000001,97.46547666196076,50
6.006232100000489,34.455252810000005,95.92736725960783,50
6.038297400000374,35.4085602,94.13290629019609,50
6.0701826000004075,36.36186759,92.3384453207843,50
6.1023065999997925,37.31517498000001,90.54398435137253,50
6.134308400000009,38.40466914000001,88.49317181490196,50
6.166359599999851,39.4941633,86.44235927843138,50
6.2143100000012055,40.58365746,84.39154674196078,50
6.246218899999803,41.67315162,82.3407342054902,50
6.278257400001166,42.626459010000005,80.54627323607842,50
6.310317800000121,43.715953170000006,78.49546069960783,50
6.342222200000833,44.80544733000001,76.44464816313724,50
6.374316000001272,45.75875472,74.65018719372549,50
6.40636700000141,46.84824888,72.5993746572549,50
6.438388900000064,47.93774304,70.54856212078433,50
6.470292199999676,48.89105043000001,68.75410115137254,50
6.502292600000146,49.98054459000001,66.70328861490195,50
6.534252800000104,50.93385198,64.90882764549019,50
6.56646770000043,52.02334614,62.858015109019604,50
6.614268200000879,52.97665353000001,61.06355413960783,50
6.646238799999992,54.06614769000001,59.01274160313724,50
6.678251600000294,55.01945508,57.21828063372549,50
6.710297999999966,55.83657570000001,55.68017123137253,50
6.742283600000519,56.789883090000004,53.885710261960774,50
6.774208000000726,57.60700371,52.347600859607844,50
6.806227400000353,58.28793756,51.065843024313715,50
6.838246999999683,59.10505818,49.52773362196078,50
6.870216400000572,59.78599203,48.24597578666666,50
6.9021690000008675,60.466925880000005,46.96421795137255,50
6.9343124000006355,61.14785973000001,45.682460116078424,50
6.966366800001197,61.69260681,44.65705384784313,50
7.01422150000144,62.23735389000001,43.63164757960782,50
7.046257200001492,62.64591420000001,42.86259287843136,50
7.078142800000933,60.05836557000001,47.733272652549005,50
7.110217299999931,60.33073911000001,47.220569518431354,50
7.142201399999976,60.73929942000001,46.45151481725489,50
7.174158300000272,61.01167296000001,45.93881168313724,50
7.206250100000034,61.14785973000001,45.682460116078424,50
7.238159000000451,61.2840465,45.4261085490196,50
7.2701408000011725,61.42023327000001,45.16975698196076,50
7.302240300001358,61.556420040000006,44.913405414901945,50
7.334418399999777,61.556420040000006,44.913405414901945,50
7.366236800000479,61.69260681,44.65705384784313,50
7.414247400000022,61.69260681,44.65705384784313,50
7.446284100000412,61.69260681,44.65705384784313,50
7.478214900000239,61.69260681,44.65705384784313,50
7.510204700000031,61.69260681,44.65705384784313,50
7.542228400001477,61.69260681,44.65705384784313,50
7.574248300001273,61.556420040000006,44.913405414901945,50
7.606201100001272,61.42023327000001,45.16975698196076,50
7.638245800000732,61.2840465,45.4261085490196,50
7.67056330000014,61.01167296000001,45.93881168313724,50
7.702426200001355,60.875486190000004,46.195163250196075,50
7.734279800000877,60.60311265,46.70786638431373,50
7.766313699999955,60.33073911000001,47.220569518431354,50
7.814179900000454,60.05836557000001,47.733272652549005,50
7.846112100000028,59.64980526000001,48.50232735372547,50
7.878243300001486,59.377431720000004,49.01503048784313,50
7.910232199999882,58.968871410000006,49.7840851890196,50
7.94227200000023,58.69649787,50.29678832313726,50
7.974211300001116,58.28793756,51.065843024313715,50
8.006216600000698,57.74319048000001,52.091249292549,50
8.038492400000905,57.33463017000001,52.860303993725466,50
8.070337799999834,56.92606986,53.62935869490196,50
8.10227180000038,56.381322780000005,54.65476496313725,50
8.134274500000174,55.972762470000006,55.42381966431371,50
8.166219300001103,55.42801539,56.44922593254902,50
8.214230800000223,55.01945508,57.21828063372549,50
8.246291100000235,54.47470800000001,58.243686901960764,50
8.278174700000818,54.06614769000001,59.01274160313724,50
8.31019870000091,53.65758738000001,59.78179630431371,50
8.34220699999969,53.1128403,60.807202572549016,50
8.374270700000125,52.70427999,61.57625727372549,50
8.40633650000018,52.15953291000001,62.60166354196076,50
8.438576100001228,51.75097260000001,63.37071824313723,50
8.470282600001156,51.34241229,64.13977294431372,50
8.502251500000057,50.93385198,64.90882764549019,50
8.534255000000485,50.66147844000001,65.42153077960783,50
8.56629520000024,50.25291813,66.19058548078432,50
8.614196000000447,49.98054459000001,66.70328861490195,50
8.646162500001083,49.708171050000004,67.2159917490196,50
8.678265500000634,49.299610740000006,67.98504645019607,50
8.71024050000051,49.0272372,68.49774958431371,50
8.74207860000024,48.75486366,69.01045271843137,50
8.774288399999932,48.34630335,69.77950741960784,50
8.806340799999816,48.07392981000001,70.29221055372548,50
8.838194600000861,47.66536950000001,71.06126525490194,50
8.870259700001043,47.39299596000001,71.5739683890196,50
8.90224280000075,47.120622420000004,72.08667152313724,50
8.934254600000713,46.84824888,72.5993746572549,50
8.966211800001474,46.57587534000001,73.11207779137253,50
9.01413390000016,46.30350180000001,73.62478092549019,50
9.046214699999837,46.16731503,73.88113249254901,50
9.07820940000056,45.89494149000001,74.39383562666664,50
9.110194700000648,45.75875472,74.65018719372549,50
9.14241630000106,45.48638118000001,75.16289032784313,50
9.174415299999964,45.35019441,75.41924189490197,50
9.206339600001229,45.214007640000005,75.67559346196077,50
9.23826580000059,45.07782087000001,75.93194502901959,50
9.270199200000206,44.9416341,76.18829659607843,50
9.30225640000026,44.80544733000001,76.44464816313724,50
9.33417130000089,44.66926056,76.70099973019609,50
9.36623099999997,44.53307379,76.95735129725489,50
9.414205900000525,44.39688702000001,77.2137028643137,50
9.446154600000227,44.26070025,77.47005443137255,50
9.47814020000078,44.26070025,77.47005443137255,50
9.510391400001026,44.124513480000005,77.72640599843136,50
9.54243470000074,43.98832671000001,77.98275756549018,50
9.57419260000097,43.85213994,78.23910913254902,50
9.606242900001234,43.715953170000006,78.49546069960783,50
9.638255600000775,43.715953170000006,78.49546069960783,50
9.670307300000786,43.57976640000001,78.75181226666665,50
9.702242400000614,43.57976640000001,78.75181226666665,50
9.734240499999942,43.44357963,79.00816383372549,50
9.76629160000084,43.44357963,79.00816383372549,50
9.81420910000088,43.30739286000001,79.26451540078429,50
9.846147700000074,43.17120609,79.52086696784313,50
9.878374500000064,43.03501932,79.77721853490196,50
9.91037310000138,42.89883255000001,80.03357010196078,50
9.942196900001363,42.89883255000001,80.03357010196078,50
9.974252900001375,42.89883255000001,80.03357010196078,50
10.006214200000613,42.89883255000001,80.03357010196078,50
10.038218600000619,42.76264578,80.28992166901962,50
10.07024740000088,42.76264578,80.28992166901962,50
10.102175699999862,46.84824888,72.5993746572549,50
10.134211000000505,46.98443565000001,72.34302309019606,50
10.16621430000123,46.98443565000001,72.34302309019606,50
10.214122400000633,47.120622420000004,72.08667152313724,50
10.24627479999981,47.120622420000004,72.08667152313724,50
10.278275100001338,47.25680919,71.83031995607844,50
10.310217000000193,47.39299596000001,71.5739683890196,50
10.342201999999816,47.39299596000001,71.5739683890196,50
10.374300600000424,47.52918273,71.31761682196078,50
10.406284900000173,47.52918273,71.31761682196078,50
10.438342000001285,47.52918273,71.31761682196078,50
10.470261700000265,47.52918273,71.31761682196078,50
10.50212140000076,47.52918273,71.31761682196078,50
10.534250599999723,47.66536950000001,71.06126525490194,50
10.566239900001165,47.66536950000001,71.06126525490194,50
10.614553700001125,47.801556270000006,70.80491368784313,50
10.646413000000393,47.801556270000006,70.80491368784313,50
10.678199400001176,47.93774304,70.54856212078433,50
10.710255800000596,47.93774304,70.54856212078433,50
10.742232100001274,48.07392981000001,70.29221055372548,50
10.774240500000815,48.07392981000001,70.29221055372548,50
10.806259000000864,48.210116580000005,70.03585898666665,50
10.8382629000007,48.210116580000005,70.03585898666665,50
10.870248000001084,48.210116580000005,70.03585898666665,50
10.902241300000242,48.210116580000005,70.03585898666665,50
10.934212899999693,48.34630335,69.77950741960784,50
10.966210399999909,48.34630335,69.77950741960784,50
11.014440500001001,48.34630335,69.77950741960784,50
11.046358700001292,48.34630335,69.77950741960784,50
11.078244899999845,48.210116580000005,70.03585898666665,50
11.11012330000085,48.210116580000005,70.03585898666665,50
11.142169599999761,48.210116580000005,70.03585898666665,50
11.174271200001385,48.07392981000001,70.29221055372548,50
11.20620240000062,48.07392981000001,70.29221055372548,50
11.238285800000085,48.07392981000001,70.29221055372548,50
11.270163500001217,48.07392981000001,70.29221055372548,50
11.302258400000937,48.07392981000001,70.29221055372548,50
11.334093400000711,48.07392981000001,70.29221055372548,50
11.366291700000147,48.07392981000001,70.29221055372548,50
11.414228700001331,48.210116580000005,70.03585898666665,50
11.446240799999941,48.210116580000005,70.03585898666665,50
11.478101400000014,48.210116580000005,70.03585898666665,50
11.510162000000491,48.210116580000005,70.03585898666665,50
11.542263999999705,48.34630335,69.77950741960784,50
11.574279399999796,48.34630335,69.77950741960784,50
11.606182700001227,48.34630335,69.77950741960784,50
11.638265700001284,48.34630335,69.77950741960784,50
11.670202400000562,48.34630335,69.77950741960784,50
11.70224109999981,48.34630335,69.77950741960784,50
11.734458099999756,48.34630335,69.77950741960784,50
11.766315300001224,48.34630335,69.77950741960784,50
11.814266400000633,48.34630335,69.77950741960784,50
11.84623350000038,48.34630335,69.77950741960784,50
11.878166899999997,48.48249012000001,69.523155852549,50
11.910177900001145,48.48249012000001,69.523155852549,50
11.942165500000556,48.48249012000001,69.523155852549,50
11.974170299999969,48.48249012000001,69.523155852549,50
12.006256100001337,48.48249012000001,69.523155852549,50
12.038143200001286,48.48249012000001,69.523155852549,50
12.070258400000967,48.48249012000001,69.523155852549,50
12.102619299999787,48.48249012000001,69.523155852549,50
12.134350199999972,48.48249012000001,69.523155852549,50
12.166191500000423,48.48249012000001,69.523155852549,50
12.21418790000098,48.48249012000001,69.523155852549,50
12.246125000001484,48.48249012000001,69.523155852549,50
12.278322800000751,48.61867689,69.2668042854902,50
12.310312200001135,48.61867689,69.2668042854902,50
12.342238500001258,48.61867689,69.2668042854902,50
12.37415510000028,48.75486366,69.01045271843137,50
12.406231500001013,48.75486366,69.01045271843137,50
12.43820560000131,48.75486366,69.01045271843137,50
12.470498300001054,48.75486366,69.01045271843137,50
12.502290500000527,48.75486366,69.01045271843137,50
12.534260200000062,48.75486366,69.01045271843137,50
12.566151400000308,48.89105043000001,68.75410115137254,50
12.614172800000233,48.89105043000001,68.75410115137254,50
12.646211799999946,49.0272372,68.49774958431371,50
12.678179700000328,49.0272372,68.49774958431371,50
12.710295500000939,49.16342397000001,68.24139801725488,50
12.742220800000723,49.16342397000001,68.24139801725488,50
12.774190900001486,49.299610740000006,67.98504645019607,50
12.806184500001109,49.299610740000006,67.98504645019607,50
12.838421800001015,49.299610740000006,67.98504645019607,50
12.870215300001291,49.299610740000006,67.98504645019607,50
12.902240800000072,49.16342397000001,68.24139801725488,50
12.934192800001256,49.16342397000001,68.24139801725488,50
12.966310100000555,49.0272372,68.49774958431371,50
13.01420810000127,49.0272372,68.49774958431371,50
13.046691400000782,48.89105043000001,68.75410115137254,50
13.078107000001182,48.89105043000001,68.75410115137254,50
13.11021830000027,48.89105043000001,68.75410115137254,50
13.142108400001234,48.89105043000001,68.75410115137254,50
13.174260499999946,48.89105043000001,68.75410115137254,50
13.206436100001156,48.89105043000001,68.75410115137254,50
13.23825829999987,49.0272372,68.49774958431371,50
13.27017590000105,49.0272372,68.49774958431371,50
13.302250700000513,49.0272372,68.49774958431371,50
13.334127800000715,49.0272372,68.49774958431371,50
13.366197000001193,49.0272372,68.49774958431371,50
13.414266400000997,49.0272372,68.49774958431371,50
13.446170100000018,49.0272372,68.49774958431371,50
13.478192300000956,49.16342397000001,68.24139801725488,50
13.510187800000494,49.16342397000001,68.24139801725488,50
13.54219280000143,49.16342397000001,68.24139801725488,50
13.574481100000412,49.299610740000006,67.98504645019607,50
13.606316800000059,49.16342397000001,68.24139801725488,50
13.638257700000395,49.16342397000001,68.24139801725488,50
13.670207400000436,49.16342397000001,68.24139801725488,50
13.702195500000016,49.16342397000001,68.24139801725488,50
13.734231700000237,49.16342397000001,68.24139801725488,50
13.766165300001376,49.16342397000001,68.24139801725488,50
13.814172300000791,49.16342397000001,68.24139801725488,50
13.846227400001226,49.16342397000001,68.24139801725488,50
13.87827550000111,49.16342397000001,68.24139801725488,50
13.910188400001061,49.16342397000001,68.24139801725488,50
13.942476100000931,49.16342397000001,68.24139801725488,50
13.97426059999998,49.16342397000001,68.24139801725488,50
14.006274500001382,49.299610740000006,67.98504645019607,50
14.03822300000138,49.299610740000006,67.98504645019607,50
14.070230999999694,49.43579751,67.72869488313725,50
14.102232000001095,49.57198428000001,67.47234331607841,50
14.13417490000029,49.57198428000001,67.47234331607841,50
14.166261000000304,49.708171050000004,67.2159917490196,50
14.21418530000119,49.708171050000004,67.2159917490196,50
14.246231099999932,49.708171050000004,67.2159917490196,50
14.278220100000908,49.708171050000004,67.2159917490196,50
14.31032899999991,49.84435782,66.9596401819608,50
14.342289000000164,49.84435782,66.9596401819608,50
14.37416420000045,49.98054459000001,66.70328861490195,50
14.406276100000468,49.98054459000001,66.70328861490195,50
14.438324000000648,50.11673136,66.44693704784314,50
14.470212500000343,50.11673136,66.44693704784314,50
14.5021641000003,50.11673136,66.44693704784314,50
14.534194300000308,50.25291813,66.19058548078432,50
14.566178099999888,50.25291813,66.19058548078432,50
14.614218900000196,50.25291813,66.19058548078432,50
14.646051900001112,50.25291813,66.19058548078432,50
14.67828080000072,50.25291813,66.19058548078432,50
14.710295300001235,50.25291813,66.19058548078432,50
14.74228530000073,50.11673136,66.44693704784314,50
14.774317600000359,50.11673136,66.44693704784314,50
14.806266300000061,50.11673136,66.44693704784314,50
14.83822660000078,50.11673136,66.44693704784314,50
14.870136800000182,49.98054459000001,66.70328861490195,50
14.902224999999817,49.98054459000001,66.70328861490195,50
14.934141499999896,49.98054459000001,66.70328861490195,50
14.966215700000248,49.98054459000001,66.70328861490195,50
15.014136800000415,49.98054459000001,66.70328861490195,50
15.046245700001236,49.98054459000001,66.70328861490195,50
15.078286500000104,49.84435782,66.9596401819608,50
15.110254299999724,49.84435782,66.9596401819608,50
15.142224200000783,49.84435782,66.9596401819608,50
15.174210799999855,49.708171050000004,67.2159917490196,50
15.206244099999822,49.708171050000004,67.2159917490196,50
15.238225900000543,49.57198428000001,67.47234331607841,50
15.270223800000167,49.57198428000001,67.47234331607841,50
15.302258300000176,49.43579751,67.72869488313725,50
15.334268200000224,49.43579751,67.72869488313725,50
15.366198300000178,49.299610740000006,67.98504645019607,50
15.414573900001415,49.299610740000006,67.98504645019607,50
15.446334000000206,49.299610740000006,67.98504645019607,50
15.478219900000113,49.299610740000006,67.98504645019607,50
15.510217799999737,49.299610740000006,67.98504645019607,50
15.542265100000805,49.299610740000006,67.98504645019607,50
15.57432979999976,49.299610740000006,67.98504645019607,50
15.606274400000984,49.299610740000006,67.98504645019607,50
15.6382322999998,49.299610740000006,67.98504645019607,50
15.67030429999977,49.16342397000001,68.24139801725488,50
15.702221700001246,49.16342397000001,68.24139801725488,50
15.734211700000742,49.16342397000001,68.24139801725488,50
15.76609610000014,49.0272372,68.49774958431371,50
15.814297099999749,49.0272372,68.49774958431371,50
15.846257900000637,49.0272372,68.49774958431371,50
15.878189500001099,49.16342397000001,68.24139801725488,50
15.91029350000099,49.16342397000001,68.24139801725488,50
15.942209599999842,49.16342397000001,68.24139801725488,50
15.97422910000023,49.16342397000001,68.24139801725488,50
16.006188200000906,49.299610740000006,67.98504645019607,50
16.038234400000874,49.299610740000006,67.98504645019607,50
16.07014160000108,49.299610740000006,67.98504645019607,50
16.102123100001336,49.299610740000006,67.98504645019607,50
16.13415460000033,49.299610740000006,67.98504645019607,50
16.166382800000065,49.299610740000006,67.98504645019607,50
16.21424560000014,49.16342397000001,68.24139801725488,50
16.246232900000905,49.16342397000001,68.24139801725488,50
16.278218800000104,49.0272372,68.49774958431371,50
16.310149300001285,49.0272372,68.49774958431371,50
16.34214030000112,48.89105043000001,68.75410115137254,50
16.374211500000456,48.89105043000001,68.75410115137254,50
16.406250199999704,48.75486366,69.01045271843137,50
16.438212099999873,48.75486366,69.01045271843137,50
16.470144099999743,48.75486366,69.01045271843137,50
16.502123899999788,48.75486366,69.01045271843137,50
16.53437710000071,48.61867689,69.2668042854902,50
16.566323200000625,48.61867689,69.2668042854902,50
16.614211300000534,48.61867689,69.2668042854902,50
16.646218200001385,48.61867689,69.2668042854902,50
16.678190300001006,48.61867689,69.2668042854902,50
16.710222100000465,48.61867689,69.2668042854902,50
16.742373500001122,48.48249012000001,69.523155852549,50
16.774277900000016,48.48249012000001,69.523155852549,50
16.80617119999988,48.48249012000001,69.523155852549,50
16.838113600000725,48.48249012000001,69.523155852549,50
16.870290200000454,48.34630335,69.77950741960784,50
16.902451900001324,48.34630335,69.77950741960784,50
16.934408099999928,48.34630335,69.77950741960784,50
16.96613520000028,48.34630335,69.77950741960784,50
17.01419309999983,48.210116580000005,70.03585898666665,50
17.0462619000009,48.210116580000005,70.03585898666665,50
17.07826010000099,48.210116580000005,70.03585898666665,50
17.11029310000049,48.07392981000001,70.29221055372548,50
17.142192100000102,48.07392981000001,70.29221055372548,50
17.174213000000236,48.07392981000001,70.29221055372548,50
17.20617360000142,48.07392981000001,70.29221055372548,50
17.23824179999974,48.07392981000001,70.29221055372548,50
17.270374700001412,48.07392981000001,70.29221055372548,50
17.30229920000056,48.07392981000001,70.29221055372548,50
17.334291299999677,48.07392981000001,70.29221055372548,50
17.366200399999798,48.07392981000001,70.29221055372548,50
17.414146600000095,48.07392981000001,70.29221055372548,50
17.446221100000912,48.07392981000001,70.29221055372548,50
17.478126100000736,48.07392981000001,70.29221055372548,50
17.510221000000456,48.07392981000001,70.29221055372548,50
17.542223500000546,47.93774304,70.54856212078433,50
17.574227700000847,47.93774304,70.54856212078433,50
17.606025700000828,47.801556270000006,70.80491368784313,50
17.638403599999947,47.801556270000006,70.80491368784313,50
17.670314099999814,47.801556270000006,70.80491368784313,50
17.702140299999883,47.801556270000006,70.80491368784313,50
17.734168200000568,47.801556270000006,70.80491368784313,50
17.766209999999774,47.801556270000006,70.80491368784313,50
17.814146900000196,47.801556270000006,70.80491368784313,50
17.846109400001296,47.801556270000006,70.80491368784313,50
17.87826760000098,47.801556270000006,70.80491368784313,50
17.910220100000515,47.801556270000006,70.80491368784313,50
17.942321600001378,47.801556270000006,70.80491368784313,50
17.974093200000425,47.801556270000006,70.80491368784313,50
18.006501100000605,47.93774304,70.54856212078433,50
18.038259000000835,47.801556270000006,70.80491368784313,50
18.070216000000073,47.801556270000006,70.80491368784313,50
18.102216600000247,47.801556270000006,70.80491368784313,50
18.134163400000034,47.801556270000006,70.80491368784313,50
18.166208600001482,47.66536950000001,71.06126525490194,50
18.214223900000434,47.66536950000001,71.06126525490194,50
18.246239400001286,47.66536950000001,71.06126525490194,50
18.278263000000152,47.66536950000001,71.06126525490194,50
18.31019340000057,47.801556270000006,70.80491368784313,50
18.3422354000013,47.801556270000006,70.80491368784313,50
18.37436290000005,47.801556270000006,70.80491368784313,50
18.4063012000006,47.801556270000006,70.80491368784313,50
18.43819110000004,47.801556270000006,70.80491368784313,50
18.470212199999878,47.93774304,70.54856212078433,50
18.50220210000043,47.93774304,70.54856212078433,50
18.53432260000045,47.93774304,70.54856212078433,50
18.566192800000863,48.07392981000001,70.29221055372548,50
18.61415920000036,48.07392981000001,70.29221055372548,50
18.64629210000021,48.07392981000001,70.29221055372548,50
18.678152899999986,48.07392981000001,70.29221055372548,50
18.710229199999958,48.07392981000001,70.29221055372548,50
18.74243580000075,48.07392981000001,70.29221055372548,50
18.77419329999975,48.07392981000001,70.29221055372548,50
18.806219400001282,48.07392981000001,70.29221055372548,50
18.838206500000524,48.07392981000001,70.29221055372548,50
18.870248000001084,48.07392981000001,70.29221055372548,50
18.9022058999999,48.07392981000001,70.29221055372548,50
18.934208599999693,48.210116580000005,70.03585898666665,50
18.966181499999948,48.210116580000005,70.03585898666665,50
19.014243100000385,48.34630335,69.77950741960784,50
19.04612040000029,44.39688702000001,77.2137028643137,50
19.07816290000119,44.53307379,76.95735129725489,50
19.11037430000033,44.53307379,76.95735129725489,50
19.142267200000788,44.53307379,76.95735129725489,50
19.1742602000013,44.66926056,76.70099973019609,50
19.206312700000126,44.66926056,76.70099973019609,50
19.238375500000984,44.66926056,76.70099973019609,50
19.270228999999745,44.80544733000001,76.44464816313724,50
19.302125300000625,44.80544733000001,76.44464816313724,50
19.334160300000804,44.80544733000001,76.44464816313724,50
19.366187999999966,44.9416341,76.18829659607843,50
19.414222500001415,44.9416341,76.18829659607843,50
19.44615150000027,45.07782087000001,75.93194502901959,50
19.478291999999783,45.214007640000005,75.67559346196077,50
19.510278499999913,45.35019441,75.41924189490197,50
19.54214630000024,45.48638118000001,75.16289032784313,50
19.574219100000846,45.622567950000004,74.90653876078431,50
19.606187800000043,45.622567950000004,74.90653876078431,50
19.63825210000141,45.75875472,74.65018719372549,50
19.670239300001413,45.89494149000001,74.39383562666664,50
19.70223200000146,46.03112826,74.13748405960784,50
19.734230100000786,46.16731503,73.88113249254901,50
19.766329300000507,46.30350180000001,73.62478092549019,50
19.814275700000508,46.30350180000001,73.62478092549019,50
19.846736999999848,46.43968857,73.36842935843137,50
19.878298600000562,46.43968857,73.36842935843137,50
19.91023910000149,46.57587534000001,73.11207779137253,50
19.94223460000103,46.57587534000001,73.11207779137253,50
19.974218100000144,46.712062110000005,72.85572622431371,50
20.006225600000107,46.84824888,72.5993746572549,50
20.03818190000129,46.98443565000001,72.34302309019606,50
20.070264200001475,47.120622420000004,72.08667152313724,50
20.102209100001346,47.25680919,71.83031995607844,50
20.13420490000135,47.39299596000001,71.5739683890196,50
20.166254499999923,47.52918273,71.31761682196078,50
20.21441550000054,47.66536950000001,71.06126525490194,50
20.246354599999904,47.801556270000006,70.80491368784313,50
20.2781587999998,47.93774304,70.54856212078433,50
20.31021690000125,47.93774304,70.54856212078433,50
20.34215630000108,48.07392981000001,70.29221055372548,50
20.37420209999982,48.210116580000005,70.03585898666665,50
20.406080400000064,48.210116580000005,70.03585898666665,50
20.43829210000149,48.34630335,69.77950741960784,50
20.47013490000063,48.48249012000001,69.523155852549,50
20.50224690000141,48.61867689,69.2668042854902,50
20.53417740000077,48.75486366,69.01045271843137,50
20.566269200000534,48.89105043000001,68.75410115137254,50
20.598302700000204,49.0272372,68.49774958431371,50
20.646219899999778,49.16342397000001,68.24139801725488,50
20.678162600001087,49.299610740000006,67.98504645019607,50
20.710124500001257,49.43579751,67.72869488313725,50
20.74214420000135,49.57198428000001,67.47234331607841,50
20.774156999999832,49.57198428000001,67.47234331607841,50
20.806185999999798,49.57198428000001,67.47234331607841,50
20.838214700001117,49.57198428000001,67.47234331607841,50
20.870164100000693,49.57198428000001,67.47234331607841,50
20.90223320000041,49.57198428000001,67.47234331607841,50
20.934168800000407,49.57198428000001,67.47234331607841,50
20.966211200000544,49.57198428000001,67.47234331607841,50
20.998188200001096,49.57198428000001,67.47234331607841,50
21.04623410000022,49.57198428000001,67.47234331607841,50
21.078233800000817,49.57198428000001,67.47234331607841,50
21.11025990000053,49.57198428000001,67.47234331607841,50
21.14218670000082,49.57198428000001,67.47234331607841,50
21.174110900001324,49.43579751,67.72869488313725,50
21.206119800001034,49.43579751,67.72869488313725,50
21.23819680000088,49.43579751,67.72869488313725,50
21.27009160000125,49.43579751,67.72869488313725,50
21.302225800000087,49.43579751,67.72869488313725,50
21.33450780000021,49.43579751,67.72869488313725,50
21.36622130000069,49.43579751,67.72869488313725,50
21.398141499999838,49.43579751,67.72869488313725,50
21.446183800000654,49.43579751,67.72869488313725,50
21.478248900000835,49.299610740000006,67.98504645019607,50
21.510172899999816,49.299610740000006,67.98504645019607,50
21.542238400001224,49.299610740000006,67.98504645019607,50
21.574219699999958,49.299610740000006,67.98504645019607,50
21.60619990000123,49.299610740000006,67.98504645019607,50
21.638179800000216,49.299610740000006,67.98504645019607,50
21.67035279999982,49.299610740000006,67.98504645019607,50
21.702449200000046,49.299610740000006,67.98504645019607,50
21.7341250999998,49.299610740000006,67.98504645019607,50
21.766190199999983,49.299610740000006,67.98504645019607,50
21.7980905000004,49.299610740000006,67.98504645019607,50
21.846217600001182,49.299610740000006,67.98504645019607,50
21.878232700000808,49.299610740000006,67.98504645019607,50
21.91026570000031,49.16342397000001,68.24139801725488,50
21.94220910000149,49.16342397000001,68.24139801725488,50
21.974159800000052,49.0272372,68.49774958431371,50
22.006192300001203,48.89105043000001,68.75410115137254,50
22.038058900001488,48.75486366,69.01045271843137,50
22.070320800001355,48.75486366,69.01045271843137,50
22.102263500000845,48.75486366,69.01045271843137,50
22.134211700000378,48.61867689,69.2668042854902,50
22.16619460000038,48.61867689,69.2668042854902,50
22.19814570000017,48.61867689,69.2668042854902,50
22.246234400001413,48.61867689,69.2668042854902,50
22.278158500001155,48.61867689,69.2668042854902,50
22.310154200000397,48.61867689,69.2668042854902,50
22.342083499999717,48.75486366,69.01045271843137,50
22.374169599999732,48.75486366,69.01045271843137,50
22.40624850000131,48.75486366,69.01045271843137,50
22.438409200000024,48.75486366,69.01045271843137,50
22.47039010000117,48.75486366,69.01045271843137,50
22.502220100001068,48.75486366,69.01045271843137,50
22.534175500000856,48.75486366,69.01045271843137,50
22.566165700000056,48.61867689,69.2668042854902,50
22.598222600001463,48.61867689,69.2668042854902,50
22.646155300000828,48.61867689,69.2668042854902,50
22.6781815000013,48.61867689,69.2668042854902,50
22.710193400000207,48.61867689,69.2668042854902,50
22.742179300001226,48.61867689,69.2668042854902,50
22.774234700000306,48.61867689,69.2668042854902,50
22.80642369999987,48.61867689,69.2668042854902,50
22.838269200001378,48.61867689,69.2668042854902,50
22.87028559999999,48.48249012000001,69.523155852549,50
22.902198700001463,48.48249012000001,69.523155852549,50
22.934169100000872,48.34630335,69.77950741960784,50
22.966248500000802,48.34630335,69.77950741960784,50
22.99826580000081,48.210116580000005,70.03585898666665,50
23.046112199999698,48.07392981000001,70.29221055372548,50
23.078189400001065,48.07392981000001,70.29221055372548,50
23.11025260000133,48.07392981000001,70.29221055372548,50
23.142135800000688,48.07392981000001,70.29221055372548,50
23.174436600000263,48.07392981000001,70.29221055372548,50
23.20633810000072,48.07392981000001,70.29221055372548,50
23.238213000000542,48.07392981000001,70.29221055372548,50
23.27027000000089,48.07392981000001,70.29221055372548,50
23.302159599999868,48.07392981000001,70.29221055372548,50
23.334216799999922,48.07392981000001,70.29221055372548,50
23.36619790000077,48.07392981000001,70.29221055372548,50
23.39821170000141,48.07392981000001,70.29221055372548,50
23.446221100000912,48.07392981000001,70.29221055372548,50
23.478132400001414,51.887159370000006,63.11436667607842,50
23.510135399999854,51.887159370000006,63.11436667607842,50
23.542331500000728,51.887159370000006,63.11436667607842,50
23.574344000000565,51.75097260000001,63.37071824313723,50
23.60614020000139,51.75097260000001,63.37071824313723,50
23.63818700000047,51.75097260000001,63.37071824313723,50
23.670136500000808,51.75097260000001,63.37071824313723,50
23.702168900001197,51.75097260000001,63.37071824313723,50
23.73417410000002,51.75097260000001,63.37071824313723,50
23.766193600000406,51.75097260000001,63.37071824313723,50
23.798228100000415,51.61478583,63.62706981019607,50
23.846197900000334,51.75097260000001,63.37071824313723,50
23.87804900000083,51.61478583,63.62706981019607,50
23.910321500001373,51.61478583,63.62706981019607,50
23.942247599999973,51.61478583,63.62706981019607,50
23.9742253000004,51.47859906000001,63.88342137725489,50
24.006211100000655,51.34241229,64.13977294431372,50
24.03820199999973,51.206225520000004,64.39612451137255,50
24.07017310000083,51.07003875000001,64.65247607843135,50
24.102103100000022,50.93385198,64.90882764549019,50
24.13415030000033,50.66147844000001,65.42153077960783,50
24.16619720000017,50.52529167,65.67788234666668,50
24.19821260000026,50.38910490000001,65.93423391372548,50
24.246199799999886,50.25291813,66.19058548078432,50
24.278491799999756,50.11673136,66.44693704784314,50
24.310177500001373,49.98054459000001,66.70328861490195,50
24.34218780000083,49.98054459000001,66.70328861490195,50
24.374191099999734,49.84435782,66.9596401819608,50
24.406245100000888,49.708171050000004,67.2159917490196,50
24.438222200000382,49.57198428000001,67.47234331607841,50
24.47024340000098,49.43579751,67.72869488313725,50
24.5021342,49.299610740000006,67.98504645019607,50
24.534095900000466,49.16342397000001,68.24139801725488,50
24.566199700000652,49.0272372,68.49774958431371,50
24.598269500000242,48.89105043000001,68.75410115137254,50
24.646355800001402,48.75486366,69.01045271843137,50
24.67824490000021,48.48249012000001,69.523155852549,50
24.71026669999992,48.34630335,69.77950741960784,50
24.742222500000935,48.210116580000005,70.03585898666665,50
24.774193900000682,47.93774304,70.54856212078433,50
24.806121800000255,47.801556270000006,70.80491368784313,50
24.838214100000187,47.52918273,71.31761682196078,50
24.870205299999725,47.39299596000001,71.5739683890196,50
24.9022101999999,47.25680919,71.83031995607844,50
24.934196100000918,46.98443565000001,72.34302309019606,50
24.966199500000585,46.84824888,72.5993746572549,50
24.998328600000605,46.712062110000005,72.85572622431371,50
25.046510000000126,46.57587534000001,73.11207779137253,50
25.07818800000132,46.43968857,73.36842935843137,50
25.1101591000006,46.30350180000001,73.62478092549019,50
25.1422177000004,46.16731503,73.88113249254901,50
25.17416349999985,46.03112826,74.13748405960784,50
25.206222000000707,45.89494149000001,74.39383562666664,50
25.238212800000838,45.89494149000001,74.39383562666664,50
25.270187300000543,45.75875472,74.65018719372549,50
25.30215219999991,45.75875472,74.65018719372549,50
25.33415520000017,45.75875472,74.65018719372549,50
25.366350500000408,45.622567950000004,74.90653876078431,50
25.39827409999998,45.622567950000004,74.90653876078431,50
25.44623920000049,45.622567950000004,74.90653876078431,50
25.478102700000818,45.622567950000004,74.90653876078431,50
25.51021209999999,45.622567950000004,74.90653876078431,50
25.542125800000576,45.622567950000004,74.90653876078431,50
25.574231700000382,45.622567950000004,74.90653876078431,50
25.606172499999957,45.48638118000001,75.16289032784313,50
25.638251399999717,45.48638118000001,75.16289032784313,50
25.670185500001026,45.622567950000004,74.90653876078431,50
25.702237999999852,45.622567950000004,74.90653876078431,50
25.734343800000715,45.622567950000004,74.90653876078431,50
25.7663418000011,45.622567950000004,74.90653876078431,50
25.79820160000054,45.622567950000004,74.90653876078431,50
25.84617040000012,45.622567950000004,74.90653876078431,50
25.87817130000076,45.75875472,74.65018719372549,50
25.910197600000174,45.75875472,74.65018719372549,50
25.942245000000185,45.75875472,74.65018719372549,50
25.97409510000034,45.89494149000001,74.39383562666664,50
26.00621730000057,45.89494149000001,74.39383562666664,50
26.038245800000368,46.03112826,74.13748405960784,50
26.07009310000103,46.03112826,74.13748405960784,50
26.102254400000675,46.16731503,73.88113249254901,50
26.134339700000055,46.16731503,73.88113249254901,50
26.16620680000051,46.30350180000001,73.62478092549019,50
26.198232000000644,46.30350180000001,73.62478092549019,50
26.246161300001404,46.43968857,73.36842935843137,50
26.278226800000994,46.57587534000001,73.11207779137253,50
26.310220200000913,46.712062110000005,72.85572622431371,50
26.34224010000071,46.84824888,72.5993746572549,50
26.374080600000525,46.98443565000001,72.34302309019606,50
26.406193100001474,46.98443565000001,72.34302309019606,50
26.438114100001258,47.120622420000004,72.08667152313724,50
26.47007880000092,47.120622420000004,72.08667152313724,50
26.502220600001237,47.120622420000004,72.08667152313724,50
26.534166500001447,47.25680919,71.83031995607844,50
26.56614830000035,47.25680919,71.83031995607844,50
26.59818710000036,47.39299596000001,71.5739683890196,50
26.646210599999904,47.52918273,71.31761682196078,50
26.678108000000066,47.52918273,71.31761682196078,50
26.710131300000285,47.66536950000001,71.06126525490194,50
26.742183100001057,47.801556270000006,70.80491368784313,50
26.774126600001182,47.93774304,70.54856212078433,50
26.806152200000724,48.07392981000001,70.29221055372548,50
26.838154099999883,48.210116580000005,70.03585898666665,50
26.870274900000368,48.34630335,69.77950741960784,50
26.902186900000743,48.48249012000001,69.523155852549,50
26.934172700001,48.61867689,69.2668042854902,50
26.96621950000008,48.75486366,69.01045271843137,50
26.9981841000008,48.89105043000001,68.75410115137254,50
27.046197100000427,49.0272372,68.49774958431371,50
27.078343200000745,49.16342397000001,68.24139801725488,50
27.110241700000188,49.299610740000006,67.98504645019607,50
27.14221449999968,49.299610740000006,67.98504645019607,50
27.174127600001157,49.43579751,67.72869488313725,50
27.206352600000173,49.43579751,67.72869488313725,50
27.238411700000142,49.57198428000001,67.47234331607841,50
27.270148999999947,49.57198428000001,67.47234331607841,50
27.302068799999688,49.708171050000004,67.2159917490196,50
27.33422000000064,49.84435782,66.9596401819608,50
27.366254800001116,49.84435782,66.9596401819608,50
27.39814540000043,49.84435782,66.9596401819608,50
27.446210699999938,49.84435782,66.9596401819608,50
27.478146800000104,49.84435782,66.9596401819608,50
27.51019500000075,49.98054459000001,66.70328861490195,50
27.542122900000322,49.84435782,66.9596401819608,50
27.5742807000006,49.84435782,66.9596401819608,50
27.606334100000822,49.84435782,66.9596401819608,50
27.638195600000472,49.84435782,66.9596401819608,50
27.670153300001402,49.84435782,66.9596401819608,50
27.702164100001028,49.84435782,66.9596401819608,50
27.73415810000006,49.84435782,66.9596401819608,50
27.76606460000039,49.84435782,66.9596401819608,50
27.798177900000155,49.84435782,66.9596401819608,50
27.846097600000576,49.84435782,66.9596401819608,50
27.878174900000886,49.84435782,66.9596401819608,50
27.910195000000385,49.84435782,66.9596401819608,50
27.94215179999992,49.84435782,66.9596401819608,50
27.97423710000112,49.84435782,66.9596401819608,50
28.006178900001032,49.84435782,66.9596401819608,50
28.038237500000832,49.708171050000004,67.2159917490196,50
28.07013950000146,49.708171050000004,67.2159917490196,50
28.102123399999982,49.708171050000004,67.2159917490196,50
28.134051200000613,49.708171050000004,67.2159917490196,50
28.166135500001474,49.57198428000001,67.47234331607841,50
28.198174400000426,49.57198428000001,67.47234331607841,50
28.24616109999988,49.57198428000001,67.47234331607841,50
28.27815660000124,49.57198428000001,67.47234331607841,50
28.310166400000526,49.57198428000001,67.47234331607841,50
28.342343400001482,49.57198428000001,67.47234331607841,50
28.374272799999744,49.57198428000001,67.47234331607841,50
28.4064326000007,49.57198428000001,67.47234331607841,50
28.438203700001395,49.57198428000001,67.47234331607841,50
28.47016650000114,49.708171050000004,67.2159917490196,50
28.502138699999705,49.708171050000004,67.2159917490196,50
28.534170599999925,49.57198428000001,67.47234331607841,50
28.566218100000697,49.57198428000001,67.47234331607841,50
28.598172300000442,49.57198428000001,67.47234331607841,50
28.646154000000024,49.57198428000001,67.47234331607841,50
28.678217000000586,49.43579751,67.72869488313725,50
28.710439399999814,49.43579751,67.72869488313725,50
28.74215809999987,49.57198428000001,67.47234331607841,50
28.774209900000642,49.57198428000001,67.47234331607841,50
28.806264000000738,49.57198428000001,67.47234331607841,50
28.838216100000864,49.57198428000001,67.47234331607841,50
28.870176600001287,49.57198428000001,67.47234331607841,50
28.90216540000074,49.57198428000001,67.47234331607841,50
28.934149500000785,49.57198428000001,67.47234331607841,50
28.966225800000757,49.57198428000001,67.47234331607841,50
28.998192000000927,49.57198428000001,67.47234331607841,50
29.04610640000101,49.57198428000001,67.47234331607841,50
29.07854860000043,49.43579751,67.72869488313725,50
29.110389999999825,49.43579751,67.72869488313725,50
29.14214400000128,49.299610740000006,67.98504645019607,50
29.174152200001117,49.16342397000001,68.24139801725488,50
29.20621940000092,49.0272372,68.49774958431371,50
29.2381916000013,48.89105043000001,68.75410115137254,50
29.270244100000127,48.75486366,69.01045271843137,50
29.30229700000018,48.61867689,69.2668042854902,50
29.334209100001317,48.61867689,69.2668042854902,50
29.366186400000515,48.48249012000001,69.523155852549,50
29.398154700000305,48.48249012000001,69.523155852549,50
29.446420300000682,48.34630335,69.77950741960784,50
29.478268200000457,48.34630335,69.77950741960784,50
29.51013370000146,48.34630335,69.77950741960784,50
29.54223770000135,48.34630335,69.77950741960784,50
29.57446970000092,48.210116580000005,70.03585898666665,50
29.606203800000003,48.210116580000005,70.03585898666665,50
29.638355500001126,48.210116580000005,70.03585898666665,50
29.670144800000344,48.07392981000001,70.29221055372548,50
29.702190199999677,48.07392981000001,70.29221055372548,50
29.734102399999756,47.93774304,70.54856212078433,50
29.76619230000142,47.93774304,70.54856212078433,50
29.798276700001225,47.801556270000006,70.80491368784313,50
29.84616450000067,47.801556270000006,70.80491368784313,50
29.87822740000047,47.66536950000001,71.06126525490194,50
29.910182300000088,47.66536950000001,71.06126525490194,50
29.942151600000216,47.66536950000001,71.06126525490194,50
29.974160600000687,47.52918273,71.31761682196078,50
30.00616120000086,47.39299596000001,71.5739683890196,50
30.03816310000002,47.25680919,71.83031995607844,50
30.070204499999818,47.25680919,71.83031995607844,50
30.102235199999996,47.120622420000004,72.08667152313724,50
30.13422900000114,47.120622420000004,72.08667152313724,50
30.16648890000033,47.120622420000004,72.08667152313724,50
30.19838570000138,46.98443565000001,72.34302309019606,50
30.24626140000146,46.98443565000001,72.34302309019606,50
30.27819570000065,46.98443565000001,72.34302309019606,50
30.310152000000016,46.98443565000001,72.34302309019606,50
30.34220280000045,46.98443565000001,72.34302309019606,50
30.37411720000091,46.98443565000001,72.34302309019606,50
30.406185499999992,46.98443565000001,72.34302309019606,50
30.438159900000755,46.98443565000001,72.34302309019606,50
30.470274400000562,46.98443565000001,72.34302309019606,50
30.502128100000846,46.98443565000001,72.34302309019606,50
30.534462200001144,46.98443565000001,72.34302309019606,50
30.566369100000884,46.84824888,72.5993746572549,50
30.598105799999757,46.84824888,72.5993746572549,50
30.646148600000743,46.84824888,72.5993746572549,50
30.67820490000122,46.84824888,72.5993746572549,50
30.710175500000332,46.712062110000005,72.85572622431371,50
30.74223239999992,46.712062110000005,72.85572622431371,50
30.774247600000308,46.712062110000005,72.85572622431371,50
30.806143800000427,46.712062110000005,72.85572622431371,50
30.83825480000087,46.712062110000005,72.85572622431371,50
30.870076700000936,46.712062110000005,72.85572622431371,50
30.902249900000243,46.712062110000005,72.85572622431371,50
30.934192599999733,46.712062110000005,72.85572622431371,50
30.966184000000794,46.712062110000005,72.85572622431371,50
30.998126300000877,46.712062110000005,72.85572622431371,50
31.046156899999914,46.84824888,72.5993746572549,50
31.078107000001182,46.84824888,72.5993746572549,50
31.110187000000224,46.84824888,72.5993746572549,50
31.142170799999803,46.98443565000001,72.34302309019606,50
31.174137699999847,46.98443565000001,72.34302309019606,50
31.20613020000019,46.98443565000001,72.34302309019606,50
31.23822530000143,46.98443565000001,72.34302309019606,50
31.270263899999918,46.98443565000001,72.34302309019606,50
31.30220950000148,46.98443565000001,72.34302309019606,50
31.334168400000635,46.98443565000001,72.34302309019606,50
31.366180400000303,46.98443565000001,72.34302309019606,50
31.39818650000052,46.98443565000001,72.34302309019606,50
31.446329200000037,47.120622420000004,72.08667152313724,50
31.478171500000826,47.120622420000004,72.08667152313724,50
31.510178900000028,47.120622420000004,72.08667152313724,50
31.54221420000067,47.25680919,71.83031995607844,50
31.57417130000067,47.39299596000001,71.5739683890196,50
31.606229600000006,47.39299596000001,71.5739683890196,50
31.638373400001,47.52918273,71.31761682196078,50
31.670283200000995,47.52918273,71.31761682196078,50
31.702235599999767,47.66536950000001,71.06126525490194,50
31.734175499999765,47.66536950000001,71.06126525490194,50
31.76612159999968,47.801556270000006,70.80491368784313,50
31.798136200000954,47.93774304,70.54856212078433,50
31.84615330000088,48.07392981000001,70.29221055372548,50
31.878138400001262,48.210116580000005,70.03585898666665,50
31.910196100001485,48.34630335,69.77950741960784,50
31.94218170000022,48.34630335,69.77950741960784,50
31.974185600000055,48.48249012000001,69.523155852549,50
32.00635760000114,48.61867689,69.2668042854902,50
32.03831619999983,48.75486366,69.01045271843137,50
32.07017860000087,48.89105043000001,68.75410115137254,50
32.10227400000076,49.0272372,68.49774958431371,50
32.13425970000026,49.16342397000001,68.24139801725488,50
32.16623210000034,49.16342397000001,68.24139801725488,50
32.198116200001095,49.16342397000001,68.24139801725488,50
32.246130300000004,49.299610740000006,67.98504645019607,50
32.27813200000128,49.299610740000006,67.98504645019607,50
32.31026070000007,49.43579751,67.72869488313725,50
32.34218460000011,49.43579751,67.72869488313725,50
32.37436300000081,49.57198428000001,67.47234331607841,50
32.406385899999805,49.57198428000001,67.47234331607841,50
32.438142300001346,49.708171050000004,67.2159917490196,50
32.47009600000092,49.708171050000004,67.2159917490196,50
32.502178200000344,49.84435782,66.9596401819608,50
32.53414470000098,49.84435782,66.9596401819608,50
32.56610569999975,49.84435782,66.9596401819608,50
32.59812729999976,49.84435782,66.9596401819608,50
32.64619660000062,49.98054459000001,66.70328861490195,50
32.6782862,49.98054459000001,66.70328861490195,50
32.71031570000014,49.98054459000001,66.70328861490195,50
32.742148799999995,49.98054459000001,66.70328861490195,50
32.77418399999988,49.98054459000001,66.70328861490195,50
32.8061103,50.11673136,66.44693704784314,50
32.838159000000815,50.11673136,66.44693704784314,50
32.8702159000004,50.11673136,66.44693704784314,50
32.90214150000065,50.11673136,66.44693704784314,50
32.934041000000434,50.11673136,66.44693704784314,50
32.96614440000121,50.11673136,66.44693704784314,50
32.998077100000955,50.11673136,66.44693704784314,50
33.04621290000068,49.98054459000001,66.70328861490195,50
33.07808380000097,49.98054459000001,66.70328861490195,50
33.11022469999989,49.98054459000001,66.70328861490195,50
33.14231430000109,49.84435782,66.9596401819608,50
33.17418640000142,49.84435782,66.9596401819608,50
33.206188699999984,49.84435782,66.9596401819608,50
33.238158699999985,49.84435782,66.9596401819608,50
33.270125900000494,49.84435782,66.9596401819608,50
33.30212910000046,49.708171050000004,67.2159917490196,50
33.334118800001306,49.708171050000004,67.2159917490196,50
33.36622140000145,49.57198428000001,67.47234331607841,50
33.39819470000111,49.57198428000001,67.47234331607841,50
33.446159900000566,49.43579751,67.72869488313725,50
33.478183100000024,49.43579751,67.72869488313725,50
33.51035430000047,49.299610740000006,67.98504645019607,50
33.54217680000147,49.299610740000006,67.98504645019607,50
33.5741909999997,49.299610740000006,67.98504645019607,50
33.60614970000097,49.16342397000001,68.24139801725488,50
33.63819560000047,49.16342397000001,68.24139801725488,50
33.67017670000132,49.0272372,68.49774958431371,50
33.70216600000094,49.0272372,68.49774958431371,50
33.734212900000784,49.0272372,68.49774958431371,50
33.76615599999968,48.89105043000001,68.75410115137254,50
33.79816709999977,48.89105043000001,68.75410115137254,50
33.84611490000134,48.75486366,69.01045271843137,50
33.87841500000104,48.61867689,69.2668042854902,50
33.910217900000134,48.61867689,69.2668042854902,50
33.94219730000077,48.48249012000001,69.523155852549,50
33.97420469999997,48.48249012000001,69.523155852549,50
34.00610280000001,48.48249012000001,69.523155852549,50
34.038132400000904,48.48249012000001,69.523155852549,50
34.07020630000079,48.48249012000001,69.523155852549,50
34.10211200000049,48.34630335,69.77950741960784,50
34.134072099999685,48.34630335,69.77950741960784,50
34.16619400000127,48.34630335,69.77950741960784,50
34.19804860000113,48.34630335,69.77950741960784,50
34.24621230000048,48.34630335,69.77950741960784,50
34.27817200000027,48.34630335,69.77950741960784,50
34.3101628000004,48.34630335,69.77950741960784,50
34.34212280000065,48.210116580000005,70.03585898666665,50
34.37419730000147,48.210116580000005,70.03585898666665,50
34.406234699999914,48.07392981000001,70.29221055372548,50
34.43815490000088,47.93774304,70.54856212078433,50
34.47022610000022,47.93774304,70.54856212078433,50
34.50218070000119,47.93774304,70.54856212078433,50
34.53416860000107,47.93774304,70.54856212078433,50
34.56616060000124,47.93774304,70.54856212078433,50
34.598353000001225,47.93774304,70.54856212078433,50
34.646118300001035,47.93774304,70.54856212078433,50
34.67801650000001,48.07392981000001,70.29221055372548,50
34.710147900001175,48.07392981000001,70.29221055372548,50
34.74208689999978,48.07392981000001,70.29221055372548,50
34.77421890000005,48.07392981000001,70.29221055372548,50
34.80617400000119,48.07392981000001,70.29221055372548,50
34.83824559999994,47.93774304,70.54856212078433,50
34.87012190000132,47.93774304,70.54856212078433,50
34.902296500000375,47.93774304,70.54856212078433,50
34.93413950000104,47.93774304,70.54856212078433,50
34.966356599999926,47.801556270000006,70.80491368784313,50
34.99832580000111,47.801556270000006,70.80491368784313,50
35.046225300000515,47.801556270000006,70.80491368784313,50
35.078177100000175,47.801556270000006,70.80491368784313,50
35.11016480000035,47.801556270000006,70.80491368784313,50
35.142195500000525,47.801556270000006,70.80491368784313,50
35.17429650000122,47.801556270000006,70.80491368784313,50
35.206258700000035,47.801556270000006,70.80491368784313,50
35.238178400000834,47.801556270000006,70.80491368784313,50
35.270206600000165,47.801556270000006,70.80491368784313,50
35.302157800000714,47.801556270000006,70.80491368784313,50
35.33432850000099,47.801556270000006,70.80491368784313,50
35.366290500000105,47.801556270000006,70.80491368784313,50
35.398095500000636,47.801556270000006,70.80491368784313,50
35.44616860000133,47.801556270000006,70.80491368784313,50
35.47814490000019,47.801556270000006,70.80491368784313,50
35.51018000000113,47.66536950000001,71.06126525490194,50
35.54208760000074,47.66536950000001,71.06126525490194,50
35.57419699999991,47.66536950000001,71.06126525490194,50
35.60607069999969,47.52918273,71.31761682196078,50
35.63817750000089,47.52918273,71.31761682196078,50
35.670118,47.66536950000001,71.06126525490194,50
35.70233890000054,47.66536950000001,71.06126525490194,50
35.73433540000042,47.66536950000001,71.06126525490194,50
35.76622970000062,47.66536950000001,71.06126525490194,50
35.79814609999994,47.801556270000006,70.80491368784313,50
35.84609730000011,47.801556270000006,70.80491368784313,50
35.878030600000784,47.93774304,70.54856212078433,50
35.91015890000017,47.93774304,70.54856212078433,50
35.94205570000122,48.07392981000001,70.29221055372548,50
35.97415420000107,48.07392981000001,70.29221055372548,50
36.00616390000141,48.07392981000001,70.29221055372548,50
36.03819290000138,48.210116580000005,70.03585898666665,50
36.070348000001104,48.210116580000005,70.03585898666665,50
36.102379400001155,48.34630335,69.77950741960784,50
36.13420020000012,48.34630335,69.77950741960784,50
36.16611770000054,48.34630335,69.77950741960784,50
36.19817800000055,48.48249012000001,69.523155852549,50
36.246231900000566,48.48249012000001,69.523155852549,50
36.278141400000095,48.48249012000001,69.523155852549,50
36.31011490000128,48.61867689,69.2668042854902,50
36.34219120000125,48.61867689,69.2668042854902,50
36.374166600000535,48.61867689,69.2668042854902,50
36.40629070000068,48.61867689,69.2668042854902,50
36.4383985000004,48.61867689,69.2668042854902,50
36.47036170000138,48.61867689,69.2668042854902,50
36.502269100001286,48.61867689,69.2668042854902,50
36.53413180000098,48.75486366,69.01045271843137,50
36.56616519999989,48.75486366,69.01045271843137,50
36.59815040000103,48.75486366,69.01045271843137,50
36.646136999999726,48.89105043000001,68.75410115137254,50
36.67820709999978,48.89105043000001,68.75410115137254,50
36.71006320000015,48.89105043000001,68.75410115137254,50
36.74220500000047,48.89105043000001,68.75410115137254,50
36.774163100000806,48.89105043000001,68.75410115137254,50
36.806167700000515,48.89105043000001,68.75410115137254,50
36.83821900000112,48.75486366,69.01045271843137,50
36.870174400000906,48.75486366,69.01045271843137,50
36.90214840000044,48.75486366,69.01045271843137,50
36.93410589999985,48.75486366,69.01045271843137,50
36.96611120000125,48.75486366,69.01045271843137,50
36.99814740000147,48.75486366,69.01045271843137,50
37.046115799999825,48.75486366,69.01045271843137,50
37.07814550000148,48.75486366,69.01045271843137,50
37.11021729999993,48.89105043000001,68.75410115137254,50
37.1420831000014,48.89105043000001,68.75410115137254,50
37.17417680000108,48.89105043000001,68.75410115137254,50
37.206269899999825,49.0272372,68.49774958431371,50
37.23810700000104,49.0272372,68.49774958431371,50
37.270160100000794,49.0272372,68.49774958431371,50
37.30221580000034,49.0272372,68.49774958431371,50
37.33410069999991,49.0272372,68.49774958431371,50
37.366105200000675,49.16342397000001,68.24139801725488,50
37.398183600000266,49.16342397000001,68.24139801725488,50
37.44614340000044,49.16342397000001,68.24139801725488,50
37.478146400000696,49.299610740000006,67.98504645019607,50
37.51011990000006,49.299610740000006,67.98504645019607,50
37.542220299999826,49.299610740000006,67.98504645019607,50
37.5743822000004,49.299610740000006,67.98504645019607,50
37.60619560000123,49.299610740000006,67.98504645019607,50
37.63817680000102,49.299610740000006,67.98504645019607,50
37.67022150000048,49.299610740000006,67.98504645019607,50
37.70215960000132,49.43579751,67.72869488313725,50
37.73407260000022,49.299610740000006,67.98504645019607,50
37.76619949999986,49.299610740000006,67.98504645019607,50
37.79811690000133,49.299610740000006,67.98504645019607,50
37.84623780000038,49.299610740000006,67.98504645019607,50
37.87819970000055,49.299610740000006,67.98504645019607,50
37.91054559999975,45.35019441,75.41924189490197,50
37.942460199999914,45.35019441,75.41924189490197,50
37.97416040000098,45.35019441,75.41924189490197,50
38.006122900000264,45.35019441,75.41924189490197,50
38.03808740000022,45.35019441,75.41924189490197,50
38.07019300000138,45.214007640000005,75.67559346196077,50
38.102243200000885,45.214007640000005,75.67559346196077,50
38.134162899999865,45.214007640000005,75.67559346196077,50
38.16619400000127,45.214007640000005,75.67559346196077,50
38.198173900000256,45.214007640000005,75.67559346196077,50
38.24608190000072,45.214007640000005,75.67559346196077,50
38.27823979999994,45.214007640000005,75.67559346196077,50
38.310259900001256,45.07782087000001,75.93194502901959,50
38.342125700000906,45.07782087000001,75.93194502901959,50
38.37417000000096,45.07782087000001,75.93194502901959,50
38.406200600000375,45.214007640000005,75.67559346196077,50
38.438186000001224,45.214007640000005,75.67559346196077,50
38.47012520000135,45.214007640000005,75.67559346196077,50
38.50216780000119,45.214007640000005,75.67559346196077,50
38.53420420000111,45.214007640000005,75.67559346196077,50
38.5661882000004,45.35019441,75.41924189490197,50
38.59815660000095,45.35019441,75.41924189490197,50
38.646375700000135,45.48638118000001,75.16289032784313,50
38.678269,45.48638118000001,75.16289032784313,50
38.710157999999865,45.622567950000004,74.90653876078431,50
38.74216230000093,45.75875472,74.65018719372549,50
38.774149700000635,45.75875472,74.65018719372549,50
38.806081700000504,45.89494149000001,74.39383562666664,50
38.83813410000039,45.89494149000001,74.39383562666664,50
38.87011490000077,46.03112826,74.13748405960784,50
38.901979300000676,46.03112826,74.13748405960784,50
38.934109400001034,46.16731503,73.88113249254901,50
38.966112500000236,46.30350180000001,73.62478092549019,50
38.99813890000041,46.43968857,73.36842935843137,50
39.04625910000141,46.57587534000001,73.11207779137253,50
39.0781592000003,46.712062110000005,72.85572622431371,50
39.110229300000356,46.84824888,72.5993746572549,50
39.14220390000082,46.98443565000001,72.34302309019606,50
39.174256100001,47.120622420000004,72.08667152313724,50
39.206204600001,47.25680919,71.83031995607844,50
39.23808090000057,47.39299596000001,71.5739683890196,50
39.27016139999978,47.52918273,71.31761682196078,50
39.302134400000796,47.66536950000001,71.06126525490194,50
39.33414520000042,47.801556270000006,70.80491368784313,50
39.36606220000067,47.801556270000006,70.80491368784313,50
39.3985016000006,47.93774304,70.54856212078433,50
39.44617980000112,48.07392981000001,70.29221055372548,50
39.478097700000944,48.210116580000005,70.03585898666665,50
39.5101295000004,48.34630335,69.77950741960784,50
39.54218399999991,48.48249012000001,69.523155852549,50
39.57416800000101,48.48249012000001,69.523155852549,50
39.60604890000104,48.61867689,69.2668042854902,50
39.63822310000069,48.61867689,69.2668042854902,50
39.670124100000976,48.75486366,69.01045271843137,50
39.70219999999972,48.75486366,69.01045271843137,50
39.734252500000366,48.89105043000001,68.75410115137254,50
39.76625950000016,48.89105043000001,68.75410115137254,50
39.79816159999973,49.0272372,68.49774958431371,50
39.84625790000064,49.0272372,68.49774958431371,50
39.87816620000012,49.16342397000001,68.24139801725488,50
39.91016750000017,49.16342397000001,68.24139801725488,50
39.9421880000009,49.16342397000001,68.24139801725488,50
39.97403510000004,49.299610740000006,67.98504645019607,50
40.00613620000149,49.299610740000006,67.98504645019607,50
40.03816850000112,49.299610740000006,67.98504645019607,50
40.070098000000144,49.299610740000006,67.98504645019607,50
40.10213180000028,49.43579751,67.72869488313725,50
40.1341721000008,49.43579751,67.72869488313725,50
40.16618710000148,49.43579751,67.72869488313725,50
40.19814300000144,49.57198428000001,67.47234331607841,50
40.24619330000132,49.57198428000001,67.47234331607841,50
40.27816979999989,49.57198428000001,67.47234331607841,50
40.310153100001116,49.57198428000001,67.47234331607841,50
40.34205660000043,49.57198428000001,67.47234331607841,50
40.374101999999766,49.708171050000004,67.2159917490196,50
40.406249800000296,49.708171050000004,67.2159917490196,50
40.438094200000705,49.708171050000004,67.2159917490196,50
40.46999169999981,49.708171050000004,67.2159917490196,50
40.50222220000069,49.708171050000004,67.2159917490196,50
40.53409250000004,53.52140061,60.03814787137255,50
40.56620590000057,53.385213840000006,60.29449943843136,50
40.59824219999973,53.385213840000006,60.29449943843136,50
40.64615340000091,53.52140061,60.03814787137255,50
40.67822479999995,53.52140061,60.03814787137255,50
40.710226299999704,53.385213840000006,60.29449943843136,50
40.7421800000011,53.385213840000006,60.29449943843136,50
40.77412259999983,53.385213840000006,60.29449943843136,50
40.806167700000515,53.24902707000001,60.55085100549018,50
40.838211899999806,53.24902707000001,60.55085100549018,50
40.87035500000093,53.24902707000001,60.55085100549018,50
40.90238500000123,53.24902707000001,60.55085100549018,50
40.93411980000019,53.1128403,60.807202572549016,50
40.96616670000003,53.1128403,60.807202572549016,50
40.99812100000054,53.1128403,60.807202572549016,50
41.04615890000059,53.1128403,60.807202572549016,50
41.07815959999971,53.1128403,60.807202572549016,50
41.11011490000055,52.97665353000001,61.06355413960783,50
41.142166100000395,52.84046676,61.319905706666674,50
41.17416500000036,52.70427999,61.57625727372549,50
41.2060719000001,52.56809322000001,61.832608840784296,50
41.238367600000856,52.43190645,62.08896040784314,50
41.27044120000028,52.295719680000005,62.34531197490195,50
41.30225380000047,52.15953291000001,62.60166354196076,50
41.33413330000076,51.887159370000006,63.11436667607842,50
41.36617980000119,51.75097260000001,63.37071824313723,50
41.398174500000096,51.61478583,63.62706981019607,50
41.4461381000001,51.47859906000001,63.88342137725489,50
41.478151200000866,51.34241229,64.13977294431372,50
41.51016840000011,51.206225520000004,64.39612451137255,50
41.54211260000011,51.07003875000001,64.65247607843135,50
41.574017700000695,50.797665210000005,65.165179212549,50
41.606147899999996,50.66147844000001,65.42153077960783,50
41.63825520000137,50.52529167,65.67788234666668,50
41.67016719999992,50.25291813,66.19058548078432,50
41.702251000000615,50.11673136,66.44693704784314,50
41.734117800000604,49.98054459000001,66.70328861490195,50
41.76615120000133,49.708171050000004,67.2159917490196,50
41.79818990000058,49.57198428000001,67.47234331607841,50
41.846195900001476,49.43579751,67.72869488313725,50
41.87810560000071,49.299610740000006,67.98504645019607,50
41.91009000000122,49.16342397000001,68.24139801725488,50
41.94214420000026,48.89105043000001,68.75410115137254,50
41.97421960000065,48.61867689,69.2668042854902,50
42.00624080000125,48.34630335,69.77950741960784,50
42.03814910000074,48.210116580000005,70.03585898666665,50
42.07014250000066,47.93774304,70.54856212078433,50
42.10210259999985,47.801556270000006,70.80491368784313,50
42.134117600000536,47.52918273,71.31761682196078,50
42.16621200000009,47.39299596000001,71.5739683890196,50
42.19814620000034,47.25680919,71.83031995607844,50
42.24607710000055,47.120622420000004,72.08667152313724,50
42.27817870000035,46.98443565000001,72.34302309019606,50
42.3101072999998,46.84824888,72.5993746572549,50
42.342323800001395,46.712062110000005,72.85572622431371,50
42.37442920000103,46.57587534000001,73.11207779137253,50
42.40612080000028,46.43968857,73.36842935843137,50
42.438158800001474,46.30350180000001,73.62478092549019,50
42.47023910000098,46.16731503,73.88113249254901,50
42.50218800000039,45.89494149000001,74.39383562666664,50
42.53417740000077,45.75875472,74.65018719372549,50
42.566178000000946,45.622567950000004,74.90653876078431,50
42.598123800000394,45.35019441,75.41924189490197,50
42.64619670000138,45.35019441,75.41924189490197,50
42.67805480000061,45.214007640000005,75.67559346196077,50
42.71036190000086,45.07782087000001,75.93194502901959,50
42.742353900001035,44.9416341,76.18829659607843,50
42.774187600000005,44.9416341,76.18829659607843,50
42.806161300000895,44.80544733000001,76.44464816313724,50
42.83815830000094,44.80544733000001,76.44464816313724,50
42.87012820000018,44.66926056,76.70099973019609,50
42.90221030000066,44.66926056,76.70099973019609,50
42.93413220000002,44.53307379,76.95735129725489,50
42.966141800001424,44.53307379,76.95735129725489,50
42.99816530000135,44.53307379,76.95735129725489,50
43.04609320000054,44.39688702000001,77.2137028643137,50
43.07817840000098,44.39688702000001,77.2137028643137,50
43.11023540000133,44.39688702000001,77.2137028643137,50
43.1423147000005,44.39688702000001,77.2137028643137,50
43.17414110000027,44.39688702000001,77.2137028643137,50
43.20609549999972,44.39688702000001,77.2137028643137,50
43.238073200000144,44.39688702000001,77.2137028643137,50
43.27011570000104,44.53307379,76.95735129725489,50
43.30216930000097,44.53307379,76.95735129725489,50
43.334115000001475,44.66926056,76.70099973019609,50
43.36616620000132,44.66926056,76.70099973019609,50
43.39821959999972,44.66926056,76.70099973019609,50
43.446317900001304,44.80544733000001,76.44464816313724,50
43.47833020000144,44.80544733000001,76.44464816313724,50
43.51014960000066,44.80544733000001,76.44464816313724,50
43.54219820000071,44.9416341,76.18829659607843,50
43.57414659999995,44.9416341,76.18829659607843,50
43.60617860000093,44.9416341,76.18829659607843,50
43.638106500000504,45.07782087000001,75.93194502901959,50
43.67018880000069,45.07782087000001,75.93194502901959,50
43.70215070000086,45.214007640000005,75.67559346196077,50
43.73409460000039,45.214007640000005,75.67559346196077,50
43.76615420000053,45.35019441,75.41924189490197,50
43.79811049999989,45.48638118000001,75.16289032784313,50
43.84636590000082,45.48638118000001,75.16289032784313,50
43.87822520000009,45.622567950000004,74.90653876078431,50
43.9102995000012,45.75875472,74.65018719372549,50
43.942059200000585,45.89494149000001,74.39383562666664,50
43.974751200001265,46.03112826,74.13748405960784,50
44.00609390000136,46.03112826,74.13748405960784,50
44.038111100000606,46.16731503,73.88113249254901,50
44.07017740000083,46.16731503,73.88113249254901,50
44.102135000001,46.30350180000001,73.62478092549019,50
44.134190200000376,46.43968857,73.36842935843137,50
44.1660867999999,46.43968857,73.36842935843137,50
44.19828790000065,46.57587534000001,73.11207779137253,50
44.246154399999796,46.712062110000005,72.85572622431371,50
44.27807820000089,46.98443565000001,72.34302309019606,50
44.310128500001156,47.120622420000004,72.08667152313724,50
44.34216809999998,47.25680919,71.83031995607844,50
44.3741839000013,47.39299596000001,71.5739683890196,50
44.40621220000139,47.52918273,71.31761682196078,50
44.438164099999995,47.801556270000006,70.80491368784313,50
44.470144700000674,47.93774304,70.54856212078433,50
44.50220730000001,48.210116580000005,70.03585898666665,50
44.5342983999999,48.34630335,69.77950741960784,50
44.56635910000114,48.61867689,69.2668042854902,50
44.598087000000305,48.75486366,69.01045271843137,50
44.646097500000906,49.0272372,68.49774958431371,50
44.67807240000002,49.16342397000001,68.24139801725488,50
44.71010070000011,49.299610740000006,67.98504645019607,50
44.74217000000135,49.43579751,67.72869488313725,50
44.77405960000033,49.57198428000001,67.47234331607841,50
44.80626339999981,49.708171050000004,67.2159917490196,50
44.8382042000012,49.84435782,66.9596401819608,50
44.870088300000134,49.84435782,66.9596401819608,50
44.902181100000234,49.98054459000001,66.70328861490195,50
44.93464850000055,50.11673136,66.44693704784314,50
44.966238500001054,50.25291813,66.19058548078432,50
44.99810040000011,50.38910490000001,65.93423391372548,50
45.04617440000038,50.38910490000001,65.93423391372548,50
45.07812700000068,50.52529167,65.67788234666668,50
45.11019980000128,50.66147844000001,65.42153077960783,50
45.14221730000099,50.797665210000005,65.165179212549,50
45.174141900000905,50.797665210000005,65.165179212549,50
45.20629960000042,50.93385198,64.90882764549019,50
45.238087200001246,50.93385198,64.90882764549019,50
45.270016500000565,51.07003875000001,64.65247607843135,50
45.3023119999998,51.07003875000001,64.65247607843135,50
45.334226599999965,51.206225520000004,64.39612451137255,50
45.366148000000976,51.206225520000004,64.39612451137255,50
45.39807600000131,51.34241229,64.13977294431372,50
45.44614390000061,51.34241229,64.13977294431372,50
45.47812040000099,51.34241229,64.13977294431372,50
45.51023250000071,51.34241229,64.13977294431372,50
45.54227920000085,51.34241229,64.13977294431372,50
45.57420000000093,51.34241229,64.13977294431372,50
45.60636010000053,51.34241229,64.13977294431372,50
45.63830990000133,51.34241229,64.13977294431372,50
45.67074400000092,51.34241229,64.13977294431372,50
45.702177900000606,51.34241229,64.13977294431372,50
45.73418240000137,51.34241229,64.13977294431372,50
45.766207900000154,51.34241229,64.13977294431372,50
45.79823490000126,51.34241229,64.13977294431372,50
45.846121000000494,51.34241229,64.13977294431372,50
45.878135900000416,51.206225520000004,64.39612451137255,50
45.91014920000089,51.206225520000004,64.39612451137255,50
45.94209300000148,51.206225520000004,64.39612451137255,50
45.974126799999794,51.206225520000004,64.39612451137255,50
46.00612470000124,51.07003875000001,64.65247607843135,50
46.03822740000032,50.93385198,64.90882764549019,50
46.070154200000616,50.93385198,64.90882764549019,50
46.102179100000285,50.797665210000005,65.165179212549,50
46.134086000000025,50.66147844000001,65.42153077960783,50
46.16616410000097,50.52529167,65.67788234666668,50
46.198101800000586,50.38910490000001,65.93423391372548,50
46.2460542000008,50.25291813,66.19058548078432,50
46.278127000001405,50.11673136,66.44693704784314,50
46.310172800000146,49.98054459000001,66.70328861490195,50
46.34243800000149,49.98054459000001,66.70328861490195,50
46.37424850000025,49.84435782,66.9596401819608,50
46.406345900000815,49.84435782,66.9596401819608,50
46.438341000000946,49.84435782,66.9596401819608,50
46.470111700000416,49.708171050000004,67.2159917490196,50
46.50206109999999,49.708171050000004,67.2159917490196,50
46.534077100001014,49.57198428000001,67.47234331607841,50
46.566140500000984,49.43579751,67.72869488313725,50
46.59814390000065,49.43579751,67.72869488313725,50
46.6460672000012,49.299610740000006,67.98504645019607,50
46.67808370000057,49.16342397000001,68.24139801725488,50
46.71016690000033,49.16342397000001,68.24139801725488,50
46.74214890000076,49.0272372,68.49774958431371,50
46.774369200000365,48.89105043000001,68.75410115137254,50
46.806321500000195,48.89105043000001,68.75410115137254,50
46.83823250000023,48.75486366,69.01045271843137,50
46.87016779999976,48.61867689,69.2668042854902,50
46.90230810000139,48.61867689,69.2668042854902,50
46.93430129999979,48.61867689,69.2668042854902,50
46.96605500000078,48.48249012000001,69.523155852549,50
46.9980484000007,48.48249012000001,69.523155852549,50
47.04618090000076,48.34630335,69.77950741960784,50
47.078090599999996,48.210116580000005,70.03585898666665,50
47.110057900001266,48.07392981000001,70.29221055372548,50
47.14258090000112,47.93774304,70.54856212078433,50
47.17437140000038,47.801556270000006,70.80491368784313,50
47.20615999999973,47.66536950000001,71.06126525490194,50
47.238155500001085,47.52918273,71.31761682196078,50
47.270155300000624,47.52918273,71.31761682196078,50
47.302091700001256,43.57976640000001,78.75181226666665,50
47.334063199999946,43.44357963,79.00816383372549,50
47.36617910000132,43.44357963,79.00816383372549,50
47.39811780000127,43.30739286000001,79.26451540078429,50
47.44620910000049,43.30739286000001,79.26451540078429,50
47.478048000000854,43.17120609,79.52086696784313,50
47.51015820000066,43.17120609,79.52086696784313,50
47.542137000000366,43.17120609,79.52086696784313,50
47.574141000000964,43.03501932,79.77721853490196,50
47.6061523999997,43.03501932,79.77721853490196,50
47.638128399999914,42.89883255000001,80.03357010196078,50
47.670024200000626,42.89883255000001,80.03357010196078,50
47.702124400000685,42.89883255000001,80.03357010196078,50
47.7340834000006,42.89883255000001,80.03357010196078,50
47.76620980000007,42.89883255000001,80.03357010196078,50
47.79805980000128,42.89883255000001,80.03357010196078,50
47.846218300001055,42.89883255000001,80.03357010196078,50
47.87839880000138,43.03501932,79.77721853490196,50
47.9102354000006,43.03501932,79.77721853490196,50
47.942120499999874,43.17120609,79.52086696784313,50
47.97412570000051,43.30739286000001,79.26451540078429,50
48.00615860000107,43.44357963,79.00816383372549,50
48.03811029999997,43.44357963,79.00816383372549,50
48.07011450000027,43.57976640000001,78.75181226666665,50
48.10213280000062,43.715953170000006,78.49546069960783,50
48.13417550000122,43.85213994,78.23910913254902,50
48.1662064000011,43.85213994,78.23910913254902,50
48.19812030000139,43.98832671000001,77.98275756549018,50
48.24656310000137,44.124513480000005,77.72640599843136,50
48.27832930000113,44.124513480000005,77.72640599843136,50
48.309999700000844,44.26070025,77.47005443137255,50
48.34200039999996,44.39688702000001,77.2137028643137,50
48.37411790000078,44.53307379,76.95735129725489,50
48.40617240000029,44.66926056,76.70099973019609,50
48.43815710000126,44.9416341,76.18829659607843,50
48.47014310000122,45.07782087000001,75.93194502901959,50
48.50214480000068,45.214007640000005,75.67559346196077,50
48.534076600000844,45.35019441,75.41924189490197,50
48.56612459999997,45.48638118000001,75.16289032784313,50
48.598116900000605,45.75875472,74.65018719372549,50
48.64633380000123,45.89494149000001,74.39383562666664,50
48.67808890000015,46.03112826,74.13748405960784,50
48.71014319999995,46.16731503,73.88113249254901,50
48.74208920000092,46.30350180000001,73.62478092549019,50
48.77431609999985,46.30350180000001,73.62478092549019,50
48.8062074999998,46.43968857,73.36842935843137,50
48.83807390000038,46.57587534000001,73.11207779137253,50
48.87015130000145,46.712062110000005,72.85572622431371,50
48.90212539999993,46.84824888,72.5993746572549,50
48.93412360000002,47.120622420000004,72.08667152313724,50
48.966093200000614,47.25680919,71.83031995607844,50
48.998378800000864,47.52918273,71.31761682196078,50
49.04603490000045,47.66536950000001,71.06126525490194,50
49.078098600000885,47.801556270000006,70.80491368784313,50
49.110065900000336,47.93774304,70.54856212078433,50
49.142118100000516,48.210116580000005,70.03585898666665,50
49.17413090000082,48.34630335,69.77950741960784,50
49.206025299999965,48.48249012000001,69.523155852549,50
49.23813770000015,48.61867689,69.2668042854902,50
49.27005129999998,48.75486366,69.01045271843137,50
49.30219860000034,48.89105043000001,68.75410115137254,50
49.33401419999973,49.0272372,68.49774958431371,50
49.36637950000113,49.0272372,68.49774958431371,50
49.39836480000122,49.16342397000001,68.24139801725488,50
49.44620170000053,49.16342397000001,68.24139801725488,50
49.47818350000125,49.299610740000006,67.98504645019607,50
49.51006159999997,49.43579751,67.72869488313725,50
49.54211589999977,49.57198428000001,67.47234331607841,50
49.574057200001334,49.708171050000004,67.2159917490196,50
49.60615450000114,49.84435782,66.9596401819608,50
49.63813360000131,49.84435782,66.9596401819608,50
49.6701266,49.98054459000001,66.70328861490195,50
49.70212770000035,50.11673136,66.44693704784314,50
49.7343161000008,50.11673136,66.44693704784314,50
49.76621800000066,50.25291813,66.19058548078432,50
49.79821080000147,50.25291813,66.19058548078432,50
49.846116800001255,50.38910490000001,65.93423391372548,50
49.87808580000092,50.38910490000001,65.93423391372548,50
49.91018740000072,50.38910490000001,65.93423391372548,50
49.942126500000086,50.38910490000001,65.93423391372548,50
49.974183899999844,50.38910490000001,65.93423391372548,50
50.0061440999998,50.38910490000001,65.93423391372548,50
50.03831859999991,50.38910490000001,65.93423391372548,50
50.07016620000104,50.38910490000001,65.93423391372548,50
50.10224390000076,50.38910490000001,65.93423391372548,50
50.134222300001056,50.38910490000001,65.93423391372548,50
50.16618500000004,50.38910490000001,65.93423391372548,50
50.1980865000005,50.38910490000001,65.93423391372548,50
50.24611250000089,50.38910490000001,65.93423391372548,50
50.2781001000003,50.38910490000001,65.93423391372548,50
50.31008800000018,50.25291813,66.19058548078432,50
50.34216600000036,50.25291813,66.19058548078432,50
50.374177300000156,50.25291813,66.19058548078432,50
50.406251899999916,50.11673136,66.44693704784314,50
50.43804330000057,50.11673136,66.44693704784314,50
50.47020950000115,53.793774150000004,59.525444737254894,50
50.50225130000035,53.793774150000004,59.525444737254894,50
50.53410790000089,53.65758738000001,59.78179630431371,50
50.566184799999974,53.52140061,60.03814787137255,50
50.59807280000132,53.52140061,60.03814787137255,50
50.646140800001376,53.385213840000006,60.29449943843136,50
50.67816700000003,53.385213840000006,60.29449943843136,50
50.710163300000204,53.24902707000001,60.55085100549018,50
50.742003500001374,53.24902707000001,60.55085100549018,50
50.774084599999696,53.24902707000001,60.55085100549018,50
50.80599750000147,53.1128403,60.807202572549016,50
50.83817629999976,53.1128403,60.807202572549016,50
50.87014360000103,52.97665353000001,61.06355413960783,50
50.90211369999997,52.84046676,61.319905706666674,50
50.93413169999985,52.70427999,61.57625727372549,50
50.96606450000036,52.56809322000001,61.832608840784296,50
50.99811890000092,52.43190645,62.08896040784314,50
51.04617370000051,52.295719680000005,62.34531197490195,50
51.07808170000135,52.02334614,62.858015109019604,50
51.110167300001194,51.887159370000006,63.11436667607842,50
51.1421792000001,51.75097260000001,63.37071824313723,50
51.17404330000136,51.61478583,63.62706981019607,50
51.206414100000984,51.47859906000001,63.88342137725489,50
51.23829370000021,51.47859906000001,63.88342137725489,50
51.270126500001425,51.34241229,64.13977294431372,50
51.30219450000004,51.206225520000004,64.39612451137255,50
51.33407989999978,51.07003875000001,64.65247607843135,50
51.36611230000017,50.93385198,64.90882764549019,50
51.39818639999976,50.797665210000005,65.165179212549,50
51.446346800001265,50.52529167,65.67788234666668,50
51.47827550000147,50.38910490000001,65.93423391372548,50
51.51016549999986,50.25291813,66.19058548078432,50
51.54201120000107,50.11673136,66.44693704784314,50
51.57434319999993,49.84435782,66.9596401819608,50
51.60624680000001,49.708171050000004,67.2159917490196,50
51.63824100000056,49.57198428000001,67.47234331607841,50
51.670155600000726,49.43579751,67.72869488313725,50
51.702096700000766,49.299610740000006,67.98504645019607,50
51.73415000000023,49.16342397000001,68.24139801725488,50
51.76622090000092,48.89105043000001,68.75410115137254,50
51.79810410000027,48.75486366,69.01045271843137,50
51.846158500000456,48.61867689,69.2668042854902,50
51.87797440000031,48.48249012000001,69.523155852549,50
51.910135699999955,48.34630335,69.77950741960784,50
51.94236910000109,48.07392981000001,70.29221055372548,50
51.9741568999998,47.93774304,70.54856212078433,50
52.00605060000089,47.66536950000001,71.06126525490194,50
52.038258399999904,47.39299596000001,71.5739683890196,50
52.07023870000012,47.25680919,71.83031995607844,50
52.10212719999981,46.98443565000001,72.34302309019606,50
52.134543199999825,46.84824888,72.5993746572549,50
52.16614760000084,46.712062110000005,72.85572622431371,50
52.19800600000053,46.57587534000001,73.11207779137253,50
52.245996900001046,46.43968857,73.36842935843137,50
52.278073100000256,46.30350180000001,73.62478092549019,50
52.31022649999977,46.16731503,73.88113249254901,50
52.34218959999998,46.03112826,74.13748405960784,50
52.37410869999985,46.03112826,74.13748405960784,50
52.40610310000011,45.89494149000001,74.39383562666664,50
52.438161000000036,45.89494149000001,74.39383562666664,50
52.47016520000034,45.75875472,74.65018719372549,50
52.502166600001146,45.622567950000004,74.90653876078431,50
52.53405340000063,45.622567950000004,74.90653876078431,50
52.56606710000051,45.48638118000001,75.16289032784313,50
52.59809850000056,45.48638118000001,75.16289032784313,50
52.646047300000646,45.35019441,75.41924189490197,50
52.67830150000009,45.35019441,75.41924189490197,50
52.710576700001184,45.35019441,75.41924189490197,50
52.7421501000008,45.214007640000005,75.67559346196077,50
52.77420080000047,45.214007640000005,75.67559346196077,50
52.80623639999976,45.214007640000005,75.67559346196077,50
52.83815140000115,45.07782087000001,75.93194502901959,50
52.8701187000006,45.07782087000001,75.93194502901959,50
52.902203600000576,45.07782087000001,75.93194502901959,50
52.934187400000155,45.07782087000001,75.93194502901959,50
52.96624239999983,45.07782087000001,75.93194502901959,50
52.99814210000113,45.07782087000001,75.93194502901959,50
53.046245600000475,45.07782087000001,75.93194502901959,50
53.07804970000143,45.214007640000005,75.67559346196077,50
53.11008680000123,45.214007640000005,75.67559346196077,50
53.142038500000126,45.214007640000005,75.67559346196077,50
53.17412930000137,45.214007640000005,75.67559346196077,50
53.20614750000095,45.214007640000005,75.67559346196077,50
53.23809770000116,45.35019441,75.41924189490197,50
53.27010440000049,45.35019441,75.41924189490197,50
53.302163199999995,45.48638118000001,75.16289032784313,50
53.33409820000088,45.48638118000001,75.16289032784313,50
53.36628270000074,45.622567950000004,74.90653876078431,50
53.39841350000097,45.75875472,74.65018719372549,50
53.44616660000065,45.89494149000001,74.39383562666664,50
53.47813909999968,45.89494149000001,74.39383562666664,50
53.51017890000003,46.03112826,74.13748405960784,50
53.542182299999695,46.16731503,73.88113249254901,50
53.574189599999954,46.30350180000001,73.62478092549019,50
53.60616339999979,46.43968857,73.36842935843137,50
53.63817100000051,46.57587534000001,73.11207779137253,50
53.6701735000006,46.57587534000001,73.11207779137253,50
53.70212990000073,46.712062110000005,72.85572622431371,50
53.73416499999985,46.84824888,72.5993746572549,50
53.76621140000134,46.98443565000001,72.34302309019606,50
53.79823920000126,47.120622420000004,72.08667152313724,50
53.84611740000037,47.120622420000004,72.08667152313724,50
53.87818239999979,47.25680919,71.83031995607844,50
53.91013160000148,47.39299596000001,71.5739683890196,50
53.94211189999987,47.52918273,71.31761682196078,50
53.974216000000524,47.66536950000001,71.06126525490194,50
54.006309899999906,47.801556270000006,70.80491368784313,50
54.038360500000636,47.93774304,70.54856212078433,50
54.07013929999994,48.07392981000001,70.29221055372548,50
54.10221160000037,48.210116580000005,70.03585898666665,50
54.13414569999986,48.34630335,69.77950741960784,50
54.166401000000405,48.48249012000001,69.523155852549,50
54.198164200000974,48.48249012000001,69.523155852549,50
54.24622079999972,48.61867689,69.2668042854902,50
54.27811190000102,48.61867689,69.2668042854902,50
54.31011310000031,48.75486366,69.01045271843137,50
54.342015100000935,48.89105043000001,68.75410115137254,50
54.37413280000146,49.0272372,68.49774958431371,50
54.40603259999989,49.16342397000001,68.24139801725488,50
54.43811650000134,49.299610740000006,67.98504645019607,50
54.47012490000088,49.43579751,67.72869488313725,50
54.50213900000017,49.708171050000004,67.2159917490196,50
54.534306900000956,49.84435782,66.9596401819608,50
54.56602670000029,49.98054459000001,66.70328861490195,50
54.598134600000776,50.25291813,66.19058548078432,50
54.64610360000006,50.38910490000001,65.93423391372548,50
54.67808270000023,50.52529167,65.67788234666668,50
54.7101746999997,50.66147844000001,65.42153077960783,50
54.74212930000067,50.66147844000001,65.42153077960783,50
54.774206900001445,50.797665210000005,65.165179212549,50
54.80628720000095,50.93385198,64.90882764549019,50
54.83815990000039,50.93385198,64.90882764549019,50
54.87030770000092,50.93385198,64.90882764549019,50
54.90216970000074,50.93385198,64.90882764549019,50
54.93400980000115,50.93385198,64.90882764549019,50
54.96606990000146,50.93385198,64.90882764549019,50
54.99802380000074,50.93385198,64.90882764549019,50
55.04605989999982,50.93385198,64.90882764549019,50
55.07816570000068,51.07003875000001,64.65247607843135,50
55.11012800000026,51.07003875000001,64.65247607843135,50
55.14218790000086,51.206225520000004,64.39612451137255,50
55.17404069999975,51.34241229,64.13977294431372,50
55.206089500001326,51.34241229,64.13977294431372,50
55.2380088000009,51.34241229,64.13977294431372,50
55.27014120000058,51.34241229,64.13977294431372,50
55.30215660000067,51.34241229,64.13977294431372,50
55.33409220000067,51.34241229,64.13977294431372,50
55.36603300000024,51.34241229,64.13977294431372,50
55.39811010000085,51.34241229,64.13977294431372,50
55.44617780000044,51.34241229,64.13977294431372,50
55.47810019999997,51.206225520000004,64.39612451137255,50
55.510154200001125,51.206225520000004,64.39612451137255,50
55.54226519999975,51.07003875000001,64.65247607843135,50
55.5742050000008,50.93385198,64.90882764549019,50
55.60611010000139,50.797665210000005,65.165179212549,50
55.63837530000092,50.66147844000001,65.42153077960783,50
55.670246300000144,50.66147844000001,65.42153077960783,50
55.702140500001406,50.52529167,65.67788234666668,50
55.73406690000047,50.52529167,65.67788234666668,50
55.76614770000015,50.38910490000001,65.93423391372548,50
55.79803410000022,50.38910490000001,65.93423391372548,50
55.84597759999997,50.38910490000001,65.93423391372548,50
55.878139100001135,50.25291813,66.19058548078432,50
55.91018030000123,50.25291813,66.19058548078432,50
55.94207180000012,50.25291813,66.19058548078432,50
55.974244300001374,50.11673136,66.44693704784314,50
56.006285200001,50.11673136,66.44693704784314,50
56.03824379999969,50.11673136,66.44693704784314,50
56.07019430000037,49.98054459000001,66.70328861490195,50
56.10225040000114,49.84435782,66.9596401819608,50
56.134150100000625,49.708171050000004,67.2159917490196,50
56.16610519999995,49.57198428000001,67.47234331607841,50
56.19813240000076,49.43579751,67.72869488313725,50
56.2461002,49.43579751,67.72869488313725,50
56.278053199999704,49.299610740000006,67.98504645019607,50
56.310107700001026,49.299610740000006,67.98504645019607,50
56.341928600000756,49.16342397000001,68.24139801725488,50
56.374194900001385,49.0272372,68.49774958431371,50
56.40632220000043,49.0272372,68.49774958431371,50
56.43817820000004,49.0272372,68.49774958431371,50
56.470024000000194,48.89105043000001,68.75410115137254,50
56.502109799999744,48.89105043000001,68.75410115137254,50
56.53410160000021,48.75486366,69.01045271843137,50
56.56604400000106,48.75486366,69.01045271843137,50
56.598128700001325,48.61867689,69.2668042854902,50
56.646197800000664,48.61867689,69.2668042854902,50
56.67806910000036,48.48249012000001,69.523155852549,50
56.7101386000013,48.34630335,69.77950741960784,50
56.74234330000036,48.210116580000005,70.03585898666665,50
56.77417400000013,48.07392981000001,70.29221055372548,50
56.806043800001135,47.93774304,70.54856212078433,50
56.83809880000081,47.801556270000006,70.80491368784313,50
56.87010890000056,47.66536950000001,71.06126525490194,50
56.9020627000009,47.52918273,71.31761682196078,50
56.934094899999764,47.39299596000001,71.5739683890196,50
56.96599050000077,47.25680919,71.83031995607844,50
56.998108400001,46.98443565000001,72.34302309019606,50
57.04606810000041,46.84824888,72.5993746572549,50
57.078102299999955,46.712062110000005,72.85572622431371,50
57.110414000000674,46.57587534000001,73.11207779137253,50
57.142187400000694,46.57587534000001,73.11207779137253,50
57.174173999999766,46.43968857,73.36842935843137,50
57.20616450000125,46.43968857,73.36842935843137,50
57.23816230000011,46.30350180000001,73.62478092549019,50
57.27017260000139,46.30350180000001,73.62478092549019,50
57.30204500000036,46.16731503,73.88113249254901,50
57.334131999999954,46.16731503,73.88113249254901,50
57.366118100000676,46.16731503,73.88113249254901,50
57.398163800000475,46.03112826,74.13748405960784,50
57.446031200001016,46.03112826,74.13748405960784,50
57.4782694000005,45.89494149000001,74.39383562666664,50
57.51026360000105,45.89494149000001,74.39383562666664,50
57.54205800000091,45.75875472,74.65018719372549,50
57.57409850000113,45.75875472,74.65018719372549,50
57.60616310000114,45.75875472,74.65018719372549,50
57.63808750000135,45.75875472,74.65018719372549,50
57.670138500001485,45.75875472,74.65018719372549,50
57.702088,45.75875472,74.65018719372549,50
57.73416840000027,45.89494149000001,74.39383562666664,50
57.76614190000146,45.89494149000001,74.39383562666664,50
57.79820050000126,46.03112826,74.13748405960784,50
57.846358200000395,46.03112826,74.13748405960784,50
57.878218200001356,46.16731503,73.88113249254901,50
57.91005750000113,46.16731503,73.88113249254901,50
57.942097600000125,46.16731503,73.88113249254901,50
57.974096900001314,46.30350180000001,73.62478092549019,50
58.00609900000018,46.30350180000001,73.62478092549019,50
58.03805350000039,46.43968857,73.36842935843137,50
58.070125899999766,46.43968857,73.36842935843137,50
58.102118700000574,46.57587534000001,73.11207779137253,50
58.13403610000023,46.57587534000001,73.11207779137253,50
58.166063500000746,46.712062110000005,72.85572622431371,50
58.19810690000122,46.84824888,72.5993746572549,50
58.24621230000048,46.98443565000001,72.34302309019606,50
58.27814560000115,47.120622420000004,72.08667152313724,50
58.31021990000045,47.25680919,71.83031995607844,50
58.34214070000053,47.39299596000001,71.5739683890196,50
58.37417160000041,47.52918273,71.31761682196078,50
58.406076100000064,47.66536950000001,71.06126525490194,50
58.43815890000042,47.801556270000006,70.80491368784313,50
58.47007510000003,47.93774304,70.54856212078433,50
58.502123199999915,48.07392981000001,70.29221055372548,50
58.534045700000206,48.210116580000005,70.03585898666665,50
58.566307099999904,48.34630335,69.77950741960784,50
58.598303900000246,48.48249012000001,69.523155852549,50
58.64608080000107,48.48249012000001,69.523155852549,50
58.67810670000108,48.61867689,69.2668042854902,50
58.710071000001335,48.75486366,69.01045271843137,50
58.742073000001255,48.89105043000001,68.75410115137254,50
58.77415170000131,49.0272372,68.49774958431371,50
58.80616270000064,49.16342397000001,68.24139801725488,50
58.83817490000001,49.299610740000006,67.98504645019607,50
58.87017460000061,49.43579751,67.72869488313725,50
58.90228650000063,49.57198428000001,67.47234331607841,50
58.93436750000001,49.57198428000001,67.47234331607841,50
58.966239000001224,49.708171050000004,67.2159917490196,50
58.99800730000061,49.84435782,66.9596401819608,50
59.04611389999991,49.98054459000001,66.70328861490195,50
59.07820730000094,49.98054459000001,66.70328861490195,50
59.11006790000101,50.11673136,66.44693704784314,50
59.14199960000042,50.11673136,66.44693704784314,50
59.17412500000137,50.25291813,66.19058548078432,50
59.2061532000007,50.25291813,66.19058548078432,50
59.23809580000125,50.25291813,66.19058548078432,50
59.27023340000051,50.38910490000001,65.93423391372548,50
59.30202370000006,50.38910490000001,65.93423391372548,50
59.334123600001476,50.52529167,65.67788234666668,50
59.3661076999997,50.52529167,65.67788234666668,50
59.39814269999988,50.66147844000001,65.42153077960783,50
59.446076000000176,50.66147844000001,65.42153077960783,50
59.47810660000141,50.66147844000001,65.42153077960783,50
59.51004970000031,50.66147844000001,65.42153077960783,50
59.54201710000052,50.66147844000001,65.42153077960783,50
59.57407950000015,50.66147844000001,65.42153077960783,50
59.606196400000044,50.66147844000001,65.42153077960783,50
59.63823779999984,50.66147844000001,65.42153077960783,50
59.67008600000008,50.66147844000001,65.42153077960783,50
59.70210550000047,50.66147844000001,65.42153077960783,50
59.734082599999965,50.66147844000001,65.42153077960783,50
59.76609650000137,50.66147844000001,65.42153077960783,50
59.798123399999895,50.66147844000001,65.42153077960783,50
59.84611120000045,50.52529167,65.67788234666668,50
59.87810340000033,50.52529167,65.67788234666668,50
59.91012430000046,50.52529167,65.67788234666668,50
59.94210920000114,50.52529167,65.67788234666668,50
59.97411009999996,50.52529167,65.67788234666668,50
60.00609059999988,50.38910490000001,65.93423391372548,50
60.03807770000094,46.57587534000001,73.11207779137253,50
60.07026229999974,46.43968857,73.36842935843137,50
60.1021166999999,46.43968857,73.36842935843137,50
60.13410230000045,46.43968857,73.36842935843137,50
60.166089600001214,46.30350180000001,73.62478092549019,50
60.1981465000008,46.30350180000001,73.62478092549019,50
60.24610670000038,46.30350180000001,73.62478092549019,50
60.27808900000127,46.16731503,73.88113249254901,50
60.31012220000048,46.16731503,73.88113249254901,50
60.34216329999981,46.16731503,73.88113249254901,50
60.374189500000284,46.03112826,74.13748405960784,50
60.406248700001015,46.03112826,74.13748405960784,50
60.43818540000029,46.03112826,74.13748405960784,50
60.47008890000143,46.03112826,74.13748405960784,50
60.50207109999974,46.16731503,73.88113249254901,50
60.5340752000011,46.16731503,73.88113249254901,50
60.566142200001195,46.30350180000001,73.62478092549019,50
60.59810340000149,46.30350180000001,73.62478092549019,50
60.646124700000655,46.43968857,73.36842935843137,50
60.67810730000019,46.57587534000001,73.11207779137253,50
60.71012250000058,46.57587534000001,73.11207779137253,50
60.742110400000456,46.57587534000001,73.11207779137253,50
60.773947800000315,46.57587534000001,73.11207779137253,50
60.80624309999985,46.57587534000001,73.11207779137253,50
60.838211899999806,46.43968857,73.36842935843137,50
60.87006370000017,46.43968857,73.36842935843137,50
60.90205960000094,46.30350180000001,73.62478092549019,50
60.93407910000133,46.30350180000001,73.62478092549019,50
60.966177600001174,46.30350180000001,73.62478092549019,50
60.99839410000095,46.30350180000001,73.62478092549019,50
61.04612790000101,46.30350180000001,73.62478092549019,50
61.078118900000845,46.43968857,73.36842935843137,50
61.110072800000125,46.43968857,73.36842935843137,50
61.14201190000131,46.57587534000001,73.11207779137253,50
61.17423200000121,46.712062110000005,72.85572622431371,50
61.20615060000091,46.84824888,72.5993746572549,50
61.238068399999975,46.84824888,72.5993746572549,50
61.270050600000104,46.98443565000001,72.34302309019606,50
61.302050500000405,47.120622420000004,72.08667152313724,50
61.33403879999969,47.25680919,71.83031995607844,50
61.36605969999982,47.25680919,71.83031995607844,50
61.3981343000014,47.39299596000001,71.5739683890196,50
61.44614360000014,47.39299596000001,71.5739683890196,50
61.477991499999916,47.52918273,71.31761682196078,50
61.510076800001116,47.52918273,71.31761682196078,50
61.5423662000012,47.66536950000001,71.06126525490194,50
61.574250600000596,47.801556270000006,70.80491368784313,50
61.6061522,47.801556270000006,70.80491368784313,50
61.63818640000136,47.93774304,70.54856212078433,50
61.670135800000935,47.93774304,70.54856212078433,50
61.702260100000785,48.07392981000001,70.29221055372548,50
61.73406419999992,48.07392981000001,70.29221055372548,50
61.76620990000083,48.210116580000005,70.03585898666665,50
61.79800140000043,48.34630335,69.77950741960784,50
61.84604300000137,48.34630335,69.77950741960784,50
61.87850530000105,48.48249012000001,69.523155852549,50
61.91048010000122,48.61867689,69.2668042854902,50
61.94217490000119,48.61867689,69.2668042854902,50
61.97410310000123,48.61867689,69.2668042854902,50
62.0060983000003,48.75486366,69.01045271843137,50
62.038116900001114,48.89105043000001,68.75410115137254,50
62.07013999999981,48.89105043000001,68.75410115137254,50
62.10209250000116,49.0272372,68.49774958431371,50
62.13405969999985,49.16342397000001,68.24139801725488,50
62.16615660000025,49.299610740000006,67.98504645019607,50
62.198091100000966,49.299610740000006,67.98504645019607,50
62.24606880000101,49.43579751,67.72869488313725,50
62.2783040000013,49.43579751,67.72869488313725,50
62.310211199999685,49.43579751,67.72869488313725,50
62.34207100000094,49.43579751,67.72869488313725,50
62.37409590000061,49.43579751,67.72869488313725,50
62.406164800000624,49.43579751,67.72869488313725,50
62.43813440000122,49.43579751,67.72869488313725,50
62.47011360000033,49.43579751,67.72869488313725,50
62.50210850000076,49.299610740000006,67.98504645019607,50
62.534098600001016,49.299610740000006,67.98504645019607,50
62.56609870000102,49.299610740000006,67.98504645019607,50
62.5981124000009,49.299610740000006,67.98504645019607,50
62.64628040000025,49.299610740000006,67.98504645019607,50
62.67816380000113,49.16342397000001,68.24139801725488,50
62.71006690000104,49.16342397000001,68.24139801725488,50
62.74204110000028,49.16342397000001,68.24139801725488,50
62.77411970000139,49.16342397000001,68.24139801725488,50
62.806066200000714,49.16342397000001,68.24139801725488,50
62.83806569999979,49.16342397000001,68.24139801725488,50
62.87001500000042,49.16342397000001,68.24139801725488,50
62.90215189999981,49.16342397000001,68.24139801725488,50
62.93412940000053,49.0272372,68.49774958431371,50
62.96618160000071,49.0272372,68.49774958431371,50
62.998209500001394,49.0272372,68.49774958431371,50
63.04615420000118,49.0272372,68.49774958431371,50
63.07818360000056,49.0272372,68.49774958431371,50
63.11015270000098,49.0272372,68.49774958431371,50
63.14213900000141,49.0272372,68.49774958431371,50
63.17406360000132,48.89105043000001,68.75410115137254,50
63.20608700000048,48.89105043000001,68.75410115137254,50
63.23807090000082,48.75486366,69.01045271843137,50
63.27005690000078,48.75486366,69.01045271843137,50
63.302148700000544,48.75486366,69.01045271843137,50
63.334034900000916,48.61867689,69.2668042854902,50
63.36629080000057,48.61867689,69.2668042854902,50
63.398279200000616,48.48249012000001,69.523155852549,50
63.44612760000018,48.34630335,69.77950741960784,50
63.47819880000134,48.210116580000005,70.03585898666665,50
63.51000980000026,48.210116580000005,70.03585898666665,50
63.542045000000144,48.07392981000001,70.29221055372548,50
63.57400729999972,47.93774304,70.54856212078433,50
63.606106700000964,47.93774304,70.54856212078433,50
63.63819930000136,47.801556270000006,70.80491368784313,50
63.67003880000084,47.801556270000006,70.80491368784313,50
63.70198429999982,47.66536950000001,71.06126525490194,50
63.73421899999994,47.66536950000001,71.06126525490194,50
63.766195199999856,47.52918273,71.31761682196078,50
63.79805870000018,47.39299596000001,71.5739683890196,50
63.84612399999969,47.39299596000001,71.5739683890196,50
63.87805130000015,47.25680919,71.83031995607844,50
63.91006780000134,47.25680919,71.83031995607844,50
63.942615100000694,47.25680919,71.83031995607844,50
63.97416820000035,47.25680919,71.83031995607844,50
64.0060126999997,47.120622420000004,72.08667152313724,50
64.03810810000141,47.120622420000004,72.08667152313724,50
64.07007330000124,47.120622420000004,72.08667152313724,50
64.10231150000072,47.120622420000004,72.08667152313724,50
64.13397799999984,47.25680919,71.83031995607844,50
64.16640710000138,47.25680919,71.83031995607844,50
64.1981665000003,47.25680919,71.83031995607844,50
64.2460916,47.25680919,71.83031995607844,50
64.27801940000063,47.25680919,71.83031995607844,50
64.31005730000106,47.120622420000004,72.08667152313724,50
64.3420685000001,47.120622420000004,72.08667152313724,50
64.37481160000061,47.120622420000004,72.08667152313724,50
64.40612940000028,47.120622420000004,72.08667152313724,50
64.4381325000013,47.120622420000004,72.08667152313724,50
64.47005140000147,47.120622420000004,72.08667152313724,50
64.50213570000051,47.120622420000004,72.08667152313724,50
64.53407680000055,47.25680919,71.83031995607844,50
64.56619010000031,47.25680919,71.83031995607844,50
64.59808180000073,47.39299596000001,71.5739683890196,50
64.64606509999976,47.39299596000001,71.5739683890196,50
64.67806870000095,47.39299596000001,71.5739683890196,50
64.71016950000012,47.52918273,71.31761682196078,50
64.74213710000004,47.52918273,71.31761682196078,50
64.77415490000021,47.52918273,71.31761682196078,50
64.80602540000109,47.52918273,71.31761682196078,50
64.83815060000052,47.52918273,71.31761682196078,50
64.87038480000047,47.52918273,71.31761682196078,50
64.90212690000044,47.52918273,71.31761682196078,50
64.93402100000094,47.39299596000001,71.5739683890196,50
64.96609270000044,47.39299596000001,71.5739683890196,50
64.99808500000108,47.39299596000001,71.5739683890196,50
65.0461094000002,47.39299596000001,71.5739683890196,50
65.07807990000038,51.206225520000004,64.39612451137255,50
65.11008580000089,51.34241229,64.13977294431372,50
65.1421250000003,51.34241229,64.13977294431372,50
65.17408940000132,51.34241229,64.13977294431372,50
65.20638870000039,51.47859906000001,63.88342137725489,50
65.23837869999988,51.47859906000001,63.88342137725489,50
65.2701503999997,51.47859906000001,63.88342137725489,50
65.30216650000148,51.47859906000001,63.88342137725489,50
65.33412640000097,51.61478583,63.62706981019607,50
65.3661628000009,51.61478583,63.62706981019607,50
65.3981289000003,51.61478583,63.62706981019607,50
65.44607590000123,51.61478583,63.62706981019607,50
65.47801450000043,51.61478583,63.62706981019607,50
65.51013820000117,47.66536950000001,71.06126525490194,50
65.54206890000023,47.66536950000001,71.06126525490194,50
65.5740224000001,47.66536950000001,71.06126525490194,50
65.60622090000106,47.66536950000001,71.06126525490194,50
65.63811030000033,47.52918273,71.31761682196078,50
65.6700804000011,47.52918273,71.31761682196078,50
65.70210399999996,47.52918273,71.31761682196078,50
65.73403900000085,47.52918273,71.31761682196078,50
65.76614260000133,47.52918273,71.31761682196078,50
65.7980905000004,47.52918273,71.31761682196078,50
65.84607340000002,51.47859906000001,63.88342137725489,50
65.87805750000007,51.47859906000001,63.88342137725489,50
65.91006639999978,51.47859906000001,63.88342137725489,50
65.94199850000041,51.47859906000001,63.88342137725489,50
65.9742137000012,51.47859906000001,63.88342137725489,50
66.00615220000145,51.61478583,63.62706981019607,50
66.03813210000044,51.61478583,63.62706981019607,50
66.07016339999973,51.61478583,63.62706981019607,50
66.10201460000098,51.47859906000001,63.88342137725489,50
66.13408020000134,51.47859906000001,63.88342137725489,50
66.16607629999999,51.47859906000001,63.88342137725489,50
66.19812580000143,51.47859906000001,63.88342137725489,50
66.24614660000043,51.34241229,64.13977294431372,50
66.27813740000056,51.34241229,64.13977294431372,50
66.31044440000005,51.34241229,64.13977294431372,50
66.34231650000038,51.206225520000004,64.39612451137255,50
66.3741098999999,51.07003875000001,64.65247607843135,50
66.40607939999973,51.07003875000001,64.65247607843135,50
66.43805720000091,50.93385198,64.90882764549019,50
66.46999570000116,50.93385198,64.90882764549019,50
66.50212869999996,50.797665210000005,65.165179212549,50
66.53404039999987,50.66147844000001,65.42153077960783,50
66.56614200000149,50.66147844000001,65.42153077960783,50
66.59807650000039,50.52529167,65.67788234666668,50
66.64613199999985,50.38910490000001,65.93423391372548,50
66.67819039999995,50.25291813,66.19058548078432,50
66.71031670000048,50.11673136,66.44693704784314,50
66.74211830000058,50.11673136,66.44693704784314,50
66.77408490000016,49.98054459000001,66.70328861490195,50
66.8060631999997,49.98054459000001,66.70328861490195,50
66.83815700000014,49.84435782,66.9596401819608,50
66.87006500000098,49.708171050000004,67.2159917490196,50
66.90210750000006,49.57198428000001,67.47234331607841,50
66.93408190000082,49.43579751,67.72869488313725,50
66.96614300000147,49.43579751,67.72869488313725,50
66.99805220000053,49.299610740000006,67.98504645019607,50
67.04597310000099,49.16342397000001,68.24139801725488,50
67.07816210000055,49.0272372,68.49774958431371,50
67.1100664000005,48.75486366,69.01045271843137,50
67.14208580000013,48.61867689,69.2668042854902,50
67.17413930000112,48.34630335,69.77950741960784,50
67.20611220000137,48.210116580000005,70.03585898666665,50
67.23824280000008,48.07392981000001,70.29221055372548,50
67.27013970000007,47.93774304,70.54856212078433,50
