Tiempo,Altura,Senal_de_Control,Set_value
0.10338210000008985,-2.3151750900000003,100.0,50
0.1339114000002155,0.0,100.0,50
0.1661050000002433,0.0,100.0,50
0.21395810000103666,0.0,100.0,50
0.24582740000005288,0.0,100.0,50
0.2779150000005757,0.0,100.0,50
0.30995590000020457,0.0,100.0,50
0.3419279000008828,0.0,100.0,50
0.37398620000021765,0.0,100.0,50
0.4059705000017857,0.0,100.0,50
0.43814540000130364,0.0,100.0,50
0.4699670000009064,0.0,100.0,50
0.5018954000006488,0.0,100.0,50
0.5340215000014723,0.0,100.0,50
0.5660111000015604,0.0,100.0,50
0.6139856000008876,0.0,100.0,50
0.6459569000016927,0.0,100.0,50
0.6779409000009764,0.0,100.0,50
0.709893800001737,0.0,100.0,50
0.7418964000007691,0.0,100.0,50
0.7738963000010699,0.0,100.0,50
0.8059737000003224,0.0,100.0,50
0.8379388000012113,0.0,100.0,50
0.8699891000014759,0.0,100.0,50
0.9022316000009596,0.0,100.0,50
0.9340953000009904,0.0,100.0,50
0.9659786000011081,0.0,100.0,50
1.0140519000015047,0.0,100.0,50
1.0459334000006493,0.0,100.0,50
1.0780010000016773,0.0,100.0,50
1.1101185000006808,0.0,100.0,50
1.1419137000011688,0.0,100.0,50
1.1739158000000316,0.0,100.0,50
1.2059334000005038,0.0,100.0,50
1.237983200000599,0.0,100.0,50
1.2700282000005245,0.0,100.0,50
1.3021039000013843,0.0,100.0,50
1.3339829000015015,0.0,100.0,50
1.3659301000006963,0.0,100.0,50
1.413939100000789,0.0,100.0,50
1.4459553000015148,0.0,100.0,50
1.47796980000021,0.0,100.0,50
1.5097803000007843,0.0,100.0,50
1.5419896000003064,0.0,100.0,50
1.57394690000001,0.0,100.0,50
1.6057612000004156,0.0,100.0,50
1.6381178999999975,0.0,100.0,50
1.6699647000004916,0.0,100.0,50
1.701981700000033,0.0,100.0,50
1.7339085000003251,0.0,100.0,50
1.76595400000042,0.0,100.0,50
1.8138777000003756,0.0,100.0,50
1.8459279000016977,0.0,100.0,50
1.877923500000179,0.0,100.0,50
1.9098783000008552,0.0,100.0,50
1.942429100001391,0.0,100.0,50
1.9742791000007855,0.0,100.0,50
2.0061364000011963,0.0,100.0,50
2.0382228000016767,0.0,100.0,50
2.0700116000007256,0.0,100.0,50
2.101975000001403,0.0,100.0,50
2.1339833000001818,0.0,100.0,50
2.1659528000000137,0.0,100.0,50
2.21389740000086,0.0,100.0,50
2.245984100001806,0.0,100.0,50
2.2779134000011254,0.0,100.0,50
2.3099173000009614,0.0,100.0,50
2.3419076000009227,0.0,100.0,50
2.374039800000901,0.0,100.0,50
2.4060178000017913,0.0,100.0,50
2.438014600000315,0.0,100.0,50
2.469977700000527,0.0,100.0,50
2.501970600000277,0.0,100.0,50
2.534153400001742,0.0,100.0,50
2.5659432000011293,0.0,100.0,50
2.613983500001268,0.0,100.0,50
2.6459408000009716,0.0,100.0,50
2.6779383000011876,0.0,100.0,50
2.709970500000054,0.0,100.0,50
2.7421521000014764,0.0,100.0,50
2.7741003000010096,0.0,100.0,50
2.805934400001206,0.0,100.0,50
2.8379093000003195,0.0,100.0,50
2.8699820000001637,0.0,100.0,50
2.9019803000010143,0.0,100.0,50
2.9339926000011474,0.0,100.0,50
2.9659190000002127,0.0,100.0,50
3.013966900000014,0.0,100.0,50
3.045842500001527,0.0,100.0,50
3.0779731000002357,0.0,100.0,50
3.1100356000006286,0.0,100.0,50
3.1418590000012045,0.0,100.0,50
3.173926500001471,0.0,100.0,50
3.2059356000008847,0.0,100.0,50
3.23799020000115,0.0,100.0,50
3.2698951000002126,0.0,100.0,50
3.3019891000003554,0.0,100.0,50
3.3339663000006112,0.0,100.0,50
3.366053900001134,0.0,100.0,50
3.4139566000012564,0.0,100.0,50
3.4459603000013885,0.0,100.0,50
3.478037500000937,0.0,100.0,50
3.5100684000008187,0.0,100.0,50
3.541952500001571,0.0,100.0,50
3.573938300000009,0.0,100.0,50
3.6059553000013693,0.0,100.0,50
3.6379601000007824,0.0,100.0,50
3.6699041000010766,0.0,100.0,50
3.7019313000000693,0.0,100.0,50
3.733920100001342,0.0,100.0,50
3.765956400000505,0.0,100.0,50
3.813835900000413,0.0,100.0,50
3.846140200001173,0.0,100.0,50
3.8780422000018007,0.0,100.0,50
3.9099079000006896,0.0,100.0,50
3.9419623000012507,0.0,100.0,50
3.9739133000002766,0.0,100.0,50
4.005956200000583,0.0,100.0,50
4.037996600000042,0.0,100.0,50
4.069997200000216,0.0,100.0,50
4.1018966999999975,0.0,100.0,50
4.133988800000225,0.0,100.0,50
4.165871700000935,0.0,100.0,50
4.214290700001584,0.0,100.0,50
4.246073600001182,0.0,100.0,50
4.278139900001406,0.0,100.0,50
4.309867100000702,0.0,100.0,50
4.341923300000417,0.0,100.0,50
4.373940000001312,0.0,100.0,50
4.405940600001486,0.0,100.0,50
4.437878000000637,0.0,100.0,50
4.469870400000218,0.0,100.0,50
4.501848000001701,0.0,100.0,50
4.533969600001001,0.0,100.0,50
4.56594640000003,0.0,100.0,50
4.613953900001434,0.0,100.0,50
4.645943100000295,0.0,100.0,50
4.677952000000005,0.0,100.0,50
4.709848200000124,0.0,100.0,50
4.741863500001273,0.0,100.0,50
4.7739286000014545,0.0,100.0,50
4.805856900000435,0.0,100.0,50
4.837856800000736,0.0,100.0,50
4.870167200000651,0.0,100.0,50
4.9019072000010055,0.0,100.0,50
4.933931600000506,0.0,100.0,50
4.966142900000705,0.0,100.0,50
5.013966500000606,0.0,100.0,50
5.045972400001119,0.0,100.0,50
5.077790400000595,0.0,100.0,50
5.109862300001623,0.0,100.0,50
5.141815700000734,0.0,100.0,50
5.173937800000203,0.0,100.0,50
5.205916700000671,0.0,100.0,50
5.237949500000468,0.0,100.0,50
5.269878800001607,0.0,100.0,50
5.302066600001126,0.0,100.0,50
5.334047800000917,0.0,100.0,50
5.3659513000002335,0.0,100.0,50
5.413916600000448,0.0,100.0,50
5.445920100000876,0.0,100.0,50
5.477816500000699,0.0,100.0,50
5.509968200000003,0.0,100.0,50
5.541958400001022,0.0,100.0,50
5.57394530000056,0.0,100.0,50
5.6059029000007286,0.0,100.0,50
5.637918000000354,0.0,100.0,50
5.669950300001801,0.0,100.0,50
5.70216530000107,0.0,100.0,50
5.733994900001562,0.0,100.0,50
5.766022500001782,0.0,100.0,50
5.81407500000023,0.0,100.0,50
5.8460246000013285,0.0,100.0,50
5.878025300000445,0.0,100.0,50
5.909982300001502,0.0,100.0,50
5.9418239000006,0.0,100.0,50
5.973891800000274,0.0,100.0,50
6.005922400001509,0.0,100.0,50
6.037893600001553,0.0,100.0,50
6.070047300001534,0.0,100.0,50
6.101928700001736,0.0,100.0,50
6.133948800001235,0.0,100.0,50
6.165960400001495,0.0,100.0,50
6.213861300000644,0.0,100.0,50
6.245916700001544,0.0,100.0,50
6.277960000001258,0.0,100.0,50
6.309935200000837,0.0,100.0,50
6.341960500001733,0.0,100.0,50
6.3738394000010885,0.0,100.0,50
6.405866500001139,0.0,100.0,50
6.438078900000619,0.0,100.0,50
6.469823800000086,0.0,100.0,50
6.501924600001075,0.0,100.0,50
6.534018600001218,0.0,100.0,50
6.565968300001259,0.0,100.0,50
6.613854900000661,0.0,100.0,50
6.645972200001779,0.0,100.0,50
6.677913000001354,0.0,100.0,50
6.709894200001145,0.0,100.0,50
6.741910900000221,0.0,100.0,50
6.773912800001199,0.0,100.0,50
6.806191100000433,0.0,100.0,50
6.837975500000539,0.0,100.0,50
6.869949000001725,0.0,100.0,50
6.901935000001686,0.0,100.0,50
6.933941100000084,0.0,100.0,50
6.965982900001109,0.0,100.0,50
7.013905200001318,0.0,100.0,50
7.0459048000011535,0.0,100.0,50
7.0779594000014185,0.0,100.0,50
7.10994650000066,0.0,100.0,50
7.142031700001098,0.0,100.0,50
7.174154200001794,0.0,100.0,50
7.206080500000098,0.0,100.0,50
7.237906199999998,0.0,100.0,50
7.269985500000985,0.0,100.0,50
7.301964500000395,0.0,100.0,50
7.333985600000233,0.0,100.0,50
7.365895700000692,0.0,100.0,50
7.413937500001339,0.0,100.0,50
7.445851400001629,0.0,100.0,50
7.477843100001337,0.0,100.0,50
7.509895000001052,0.0,100.0,50
7.542035500000566,0.0,100.0,50
7.573963600001662,0.0,100.0,50
7.605895800001235,0.0,100.0,50
7.637949600000866,0.0,100.0,50
7.669952200001717,0.0,100.0,50
7.701990200001092,0.0,100.0,50
7.733943100000033,0.0,100.0,50
7.7658975000013015,0.0,100.0,50
7.813882100001138,0.0,100.0,50
7.8458906000014395,0.0,100.0,50
7.877766200001133,0.0,100.0,50
7.910102200001347,0.0,100.0,50
7.941963000001124,0.0,100.0,50
7.974011100001007,0.0,100.0,50
8.005895300000702,0.0,100.0,50
8.037926100001641,0.0,100.0,50
8.069938300001013,0.0,100.0,50
8.101793700001508,0.0,100.0,50
8.13396190000094,0.0,100.0,50
8.165957800001706,0.0,100.0,50
8.213880500001324,0.0,100.0,50
8.245819300000221,0.0,100.0,50
8.278170600000522,0.0,100.0,50
8.310015800001565,0.0,100.0,50
8.341940300000715,0.0,100.0,50
8.373991100001149,0.0,100.0,50
8.405963500001235,0.0,100.0,50
8.438348800000313,0.0,100.0,50
8.469949800000904,0.0,100.0,50
8.501906500001496,0.0,100.0,50
8.533942500000194,0.0,100.0,50
8.565898300001209,0.0,100.0,50
8.61394990000008,0.0,100.0,50
8.646169000001464,0.0,100.0,50
8.678027300000394,0.0,100.0,50
8.709950400001617,0.0,100.0,50
8.741904600001362,0.0,100.0,50
8.773932700001751,0.0,100.0,50
8.805924100000993,0.0,100.0,50
8.837762200000725,0.0,100.0,50
8.869893500001126,0.0,100.0,50
8.901883500000622,0.0,100.0,50
8.933889500000078,0.0,100.0,50
8.965919700000086,0.0,100.0,50
9.014012400000865,0.0,100.0,50
9.045964600001753,0.0,100.0,50
9.077894700001707,0.0,100.0,50
9.109870000000228,0.0,100.0,50
9.142032500001733,0.0,100.0,50
9.173980800000209,0.0,100.0,50
9.206027500000346,0.0,100.0,50
9.237826900000073,0.0,100.0,50
9.269807200000287,0.0,100.0,50
9.301929800001744,0.0,100.0,50
9.333843600001273,0.0,100.0,50
9.3660628000016,0.0,100.0,50
9.413981800000329,0.0,100.0,50
9.445942800000921,0.0,100.0,50
9.477927900001305,0.0,100.0,50
9.509843000001638,0.0,100.0,50
9.54192200000034,0.0,100.0,50
9.573851100001775,0.0,100.0,50
9.605816000001141,0.0,100.0,50
9.637884300000223,0.0,100.0,50
9.669957400001294,0.0,100.0,50
9.701886100001502,0.0,100.0,50
9.73419130000002,0.0,100.0,50
9.766070900001068,0.0,100.0,50
9.813920900000085,0.0,100.0,50
9.845937200001572,0.0,100.0,50
9.87788940000064,0.0,100.0,50
9.909871900001235,0.0,100.0,50
9.94202420000147,0.0,100.0,50
9.97400590000143,0.0,100.0,50
10.005921700001636,0.0,100.0,50
10.037894300001426,0.0,100.0,50
10.069839200001297,0.0,100.0,50
10.102133800000956,0.0,100.0,50
10.134178900001643,0.0,100.0,50
10.165881800001443,0.0,100.0,50
10.213840300000811,0.0,100.0,50
10.24592770000163,0.0,100.0,50
10.2778928000007,0.0,100.0,50
10.309858900000108,0.0,100.0,50
10.34189460000016,0.0,100.0,50
10.373937300000762,0.0,100.0,50
10.405881100001352,0.0,100.0,50
10.437896000001274,0.0,100.0,50
10.470082600000751,0.0,100.0,50
10.501890200001071,0.0,100.0,50
10.533996400001342,0.0,100.0,50
10.565920100001676,0.0,100.0,50
10.614005900000848,-0.13618677000000012,100.0,50
10.645827200001804,0.0,100.0,50
10.677904600001057,0.0,100.0,50
10.709913100001359,0.0,100.0,50
10.74194770000031,0.0,100.0,50
10.773937500000102,0.0,100.0,50
10.805900800000018,0.0,100.0,50
10.837784300001658,0.0,100.0,50
10.870001500001308,0.0,100.0,50
10.901924400001008,0.0,100.0,50
10.933842700000241,0.0,100.0,50
10.965947000000597,0.0,100.0,50
11.01387270000123,0.0,100.0,50
11.045921600001748,0.0,100.0,50
11.077790000001187,0.0,100.0,50
11.109889700001077,0.0,100.0,50
11.14191800000117,0.0,100.0,50
11.173913300001004,0.0,100.0,50
11.205878400000074,0.0,100.0,50
11.238158700001804,0.0,100.0,50
11.269963500000813,0.0,100.0,50
11.302008500000738,0.0,100.0,50
11.333959400000822,0.13618677000000012,100.0,50
11.365840200000093,0.13618677000000012,100.0,50
11.413846300001751,0.13618677000000012,100.0,50
11.445916700000453,0.13618677000000012,100.0,50
11.477971100001014,0.13618677000000012,100.0,50
11.509924600000886,0.13618677000000012,100.0,50
11.541866200001095,0.0,100.0,50
11.573911400000725,0.0,100.0,50
11.606082200001765,0.0,100.0,50
11.6379205000012,0.0,100.0,50
11.669881600000735,0.0,100.0,50
11.701917100001083,0.0,100.0,50
11.733917600000495,0.0,100.0,50
11.76591080000071,0.0,100.0,50
11.813887900001646,0.0,100.0,50
11.845901200000299,0.0,100.0,50
11.877873700001146,0.0,100.0,50
11.909901300001366,0.0,100.0,50
11.941923000000315,0.0,100.0,50
11.974107200001527,0.0,100.0,50
12.005937100000665,0.0,100.0,50
12.03809580000052,0.0,100.0,50
12.06991250000101,0.0,100.0,50
12.101799600000959,0.0,100.0,50
12.13382780000029,0.0,100.0,50
12.165890500000387,0.0,100.0,50
12.213902900000903,0.0,100.0,50
12.245848500000648,0.54474708,100.0,50
12.277909000000363,0.54474708,100.0,50
12.309833000001163,0.54474708,100.0,50
12.341991700001017,0.54474708,100.0,50
12.373878900001728,0.54474708,100.0,50
12.405901000000085,0.0,100.0,50
12.43791340000098,0.0,100.0,50
12.469875200000388,0.0,100.0,50
12.501884000001155,0.0,100.0,50
12.533943000000363,0.0,100.0,50
12.5658540000004,0.0,100.0,50
12.59788060000028,-0.13618677000000012,100.0,50
12.645879600000626,-0.13618677000000012,100.0,50
12.677886500001478,-0.13618677000000012,100.0,50
12.710209500000929,-0.13618677000000012,100.0,50
12.742099700000836,0.0,100.0,50
12.773964000001797,0.0,100.0,50
12.805909300001076,0.0,100.0,50
12.837933500000872,0.0,100.0,50
12.86996360000012,0.0,100.0,50
12.901799100000062,0.0,100.0,50
12.933858800000962,0.0,100.0,50
12.965940200001569,0.0,100.0,50
12.997881400000551,0.0,100.0,50
13.045805700001438,0.0,100.0,50
13.07809940000152,0.0,100.0,50
13.109885900001245,0.0,100.0,50
13.141861800000697,0.0,100.0,50
13.173898400000326,0.0,100.0,50
13.205893100001049,0.0,100.0,50
13.237890000000334,0.0,100.0,50
13.269917300000088,0.0,100.0,50
13.301881900000808,0.0,100.0,50
13.333830700001272,0.0,100.0,50
13.36588490000031,0.0,100.0,50
13.397833600000013,0.0,100.0,50
13.445921000000453,0.0,100.0,50
13.47786780000024,0.0,100.0,50
13.509907000001476,0.0,100.0,50
13.541925900000933,0.0,100.0,50
13.57395390000056,0.0,100.0,50
13.605883900001572,-0.13618677000000012,100.0,50
13.637895500000013,0.54474708,100.0,50
13.669815200000812,0.54474708,100.0,50
13.701761900001657,0.54474708,100.0,50
13.733799100000397,0.54474708,100.0,50
13.765913800001726,0.0,100.0,50
13.797957500000848,0.0,100.0,50
13.845970300000772,0.0,100.0,50
13.877937800001746,0.0,100.0,50
13.909883700000137,0.0,100.0,50
13.9418966000012,0.0,100.0,50
13.973938700000872,0.0,100.0,50
14.00586310000108,0.0,100.0,50
14.037924800000837,0.0,100.0,50
14.069911300000967,0.0,100.0,50
14.101836200001344,0.54474708,100.0,50
14.133889700000509,0.54474708,100.0,50
14.166206400001101,0.54474708,100.0,50
14.198099000001093,0.54474708,100.0,50
14.245941300001505,0.54474708,100.0,50
14.278022700000292,0.54474708,100.0,50
14.30988200000138,0.54474708,100.0,50
14.34194430000025,0.54474708,100.0,50
14.373864400000457,0.54474708,100.0,50
14.40588100000059,0.54474708,100.0,50
14.437871000000086,0.54474708,100.0,50
14.469913500000985,0.54474708,100.0,50
14.501926300001287,0.54474708,100.0,50
14.534197400000266,0.6809338500000002,100.0,50
14.566130800001702,0.6809338500000002,100.0,50
14.597961600000417,0.54474708,100.0,50
14.645879900001091,0.54474708,100.0,50
14.677888900001562,0.54474708,100.0,50
14.709930400000303,0.54474708,100.0,50
14.741980800001329,0.54474708,100.0,50
14.773968000001332,0.54474708,100.0,50
14.805932600000233,0.6809338500000002,100.0,50
14.837967500001469,0.6809338500000002,100.0,50
14.870012200000929,0.6809338500000002,100.0,50
14.902035900000556,0.6809338500000002,100.0,50
14.934133800001291,0.6809338500000002,100.0,50
14.965831600000456,0.6809338500000002,100.0,50
14.997945200000686,0.6809338500000002,100.0,50
15.045834900000045,0.6809338500000002,100.0,50
15.077863500000603,0.0,100.0,50
15.10979640000005,0.0,100.0,50
15.141932100001213,0.13618677000000012,100.0,50
15.173892600001636,0.13618677000000012,100.0,50
15.205867900000158,0.13618677000000012,100.0,50
15.237960500000554,0.8171206200000003,100.0,50
15.269991900000605,0.8171206200000003,100.0,50
15.301922200000263,0.8171206200000003,100.0,50
15.333872500001235,0.8171206200000003,100.0,50
15.365860200001407,0.27237354000000025,100.0,50
15.39790240000002,0.27237354000000025,100.0,50
15.446122400000604,0.27237354000000025,100.0,50
15.478033200000937,0.27237354000000025,100.0,50
15.509859500001767,0.40856031000000015,100.0,50
15.54181620000054,0.40856031000000015,100.0,50
15.573874700001397,0.40856031000000015,100.0,50
15.605839200001355,0.40856031000000015,100.0,50
15.638059200000498,0.54474708,100.0,50
15.670082300001013,0.54474708,100.0,50
15.701929000000746,0.54474708,100.0,50
15.733935800000836,0.6809338500000002,100.0,50
15.765883600000961,0.6809338500000002,100.0,50
15.797943400000804,0.8171206200000003,100.0,50
15.845913300001484,0.8171206200000003,100.0,50
15.877895700001318,0.9533073900000002,100.0,50
15.909914800000479,1.08949416,100.0,50
15.941863000000012,1.2256809300000002,100.0,50
15.973901300001671,1.3618677000000003,100.0,50
16.006229400001757,1.3618677000000003,100.0,50
16.038175700001375,1.4980544700000002,100.0,50
16.069992400000046,1.4980544700000002,100.0,50
16.101885500000208,1.6342412400000002,100.0,50
16.133866100000887,1.6342412400000002,100.0,50
16.165864200000215,1.7704280100000003,100.0,50
16.19796210000095,1.7704280100000003,100.0,50
16.24600450000071,1.9066147800000004,100.0,50
16.277914000000237,1.9066147800000004,100.0,50
16.309989600000335,1.9066147800000004,100.0,50
16.341945600001054,2.04280155,100.0,50
16.3740557000001,2.17898832,100.0,50
16.405963400000473,2.17898832,100.0,50
16.437858100000085,2.3151750900000003,100.0,50
16.469907100001365,2.4513618600000004,100.0,50
16.50180140000157,2.5875486300000006,100.0,50
16.533885400000145,4.22178987,100.0,50
16.565863300000274,4.35797664,100.0,50
16.59793340000033,4.4941634100000005,100.0,50
16.645995400000174,4.630350180000001,100.0,50
16.678012300000773,3.9494163300000005,100.0,50
16.70982510000067,4.0856031,100.0,50
16.741895600000134,4.22178987,100.0,50
16.773977100001503,4.35797664,100.0,50
16.805888300001243,4.4941634100000005,100.0,50
16.83787890000167,4.630350180000001,100.0,50
16.86991300000045,4.766536950000001,100.0,50
16.901934800000163,4.902723720000001,100.0,50
16.933877300001768,4.4941634100000005,100.0,50
16.965981500001362,4.630350180000001,100.0,50
16.99791010000081,4.902723720000001,100.0,50
17.04581430000144,5.038910490000001,100.0,50
17.07784350000111,5.31128403,100.0,50
17.109876900000017,5.4474708000000005,100.0,50
17.14223210000091,5.719844340000001,100.0,50
17.173863200001506,5.856031110000001,100.0,50
17.205907300000035,6.12840465,100.0,50
17.23790630000076,6.4007781900000005,100.0,50
17.27001250000103,6.536964960000001,100.0,50
17.301910600001065,6.673151730000001,100.0,50
17.333846400000766,6.945525270000001,100.0,50
17.365887400001156,7.081712040000001,100.0,50
17.397936900000786,7.217898810000001,100.0,50
17.445814300001075,7.490272350000001,100.0,50
17.477818800000023,7.762645890000001,100.0,50
17.510054400001536,8.035019430000002,100.0,50
17.541945800001486,8.1712062,100.0,50
17.573888300001272,8.44357974,100.0,50
17.60587840000153,8.71595328,100.0,50
17.63790450000124,8.988326820000001,100.0,50
17.669933300001503,9.260700360000001,100.0,50
17.701922200001718,9.66926067,100.0,50
17.73387130000083,9.94163421,100.0,50
17.765868900001806,10.21400775,100.0,50
17.797923200001605,10.48638129,100.0,50
17.846024500000567,10.62256806,100.0,50
17.878658600000563,10.894941600000001,100.0,50
17.909914600000775,11.167315140000001,100.0,50
17.94188050000048,11.575875450000002,100.0,50
17.973976700001003,11.848248990000002,100.0,50
18.005931700001383,12.120622530000002,100.0,50
18.037965400000758,12.39299607,100.0,50
18.06985800000075,12.66536961,100.0,50
18.102433800000654,12.937743150000001,100.0,50
18.13419260000046,13.346303460000001,100.0,50
18.165960500000438,13.618677000000002,100.0,50
18.197897600000942,13.891050540000002,100.0,50
18.245993700000326,14.29961085,100.0,50
18.277944400000706,14.57198439,100.0,50
18.3098639000018,14.844357930000001,100.0,50
18.34199080000144,15.116731470000001,100.0,50
18.3739286,15.525291780000002,100.0,50
18.405829900000754,15.797665320000002,100.0,50
18.437891200001104,16.070038860000004,100.0,50
18.469908800001576,16.478599170000003,100.0,50
18.501906800000143,16.75097271,100.0,50
18.533881200000906,17.023346250000003,100.0,50
18.56580010000107,17.29571979,100.0,50
18.597911800001384,17.568093330000004,100.0,50
18.645920100001604,17.84046687,100.0,50
18.67789300000004,18.112840410000004,100.0,50
18.709929100001318,18.521400720000003,100.0,50
18.741962900001454,18.65758749,100.0,50
18.773874000000433,18.92996103,100.0,50
18.80594640000163,19.20233457,100.0,50
18.837895700000445,19.47470811,100.0,50
18.869880600001125,19.747081650000002,100.0,50
18.90194640000118,20.019455190000002,100.0,50
18.933839200000875,20.291828730000002,100.0,50
18.96609720000015,20.4280155,100.0,50
18.998063100001673,20.70038904,100.0,50
19.045815600000424,20.97276258,100.0,50
19.07789960000082,21.24513612,100.0,50
19.10984660000031,21.653696430000004,100.0,50
19.141901900000448,21.926069970000004,100.0,50
19.173865800001295,22.19844351,100.0,50
19.205807600001208,22.47081705,100.0,50
19.237919900000634,22.74319059,100.0,50
19.270133500000156,23.151750900000003,100.0,50
19.301965600001495,23.424124440000003,100.0,50
19.333934600001157,23.696497980000004,100.0,50
19.36593720000019,23.151750900000003,100.0,50
19.39792320000015,23.424124440000003,100.0,50
19.445826500001203,23.696497980000004,100.0,50
19.47789720000037,23.968871520000004,100.0,50
19.50984570000037,24.24124506,100.0,50
19.541905700001735,24.5136186,100.0,50
19.573812000000544,24.78599214,100.0,50
19.60584800000106,25.05836568,100.0,50
19.637839400000303,25.33073922,100.0,50
19.669901400000526,25.603112760000002,100.0,50
19.7019575000013,25.875486300000002,100.0,50
19.733981700001095,26.147859840000002,100.0,50
19.7659048000005,26.420233380000003,100.0,50
19.79792230000021,26.692606920000003,100.0,50
19.845934600001783,26.964980460000003,100.0,50
19.87797330000103,27.237354000000003,100.0,50
19.909856300000683,27.509727540000004,100.0,50
19.941852000001745,27.782101080000004,100.0,50
19.973937700000533,28.190661390000002,100.0,50
20.00585310000133,28.463034930000003,100.0,50
20.03791010000168,28.87159524,100.0,50
20.069925200001308,29.14396878,100.0,50
20.10187380000025,29.552529090000004,100.0,50
20.133855900001436,29.824902630000004,100.0,50
20.16581860000042,30.233462940000003,100.0,50
20.197850200000175,30.642023250000005,100.0,50
20.245922200001587,30.91439679,100.0,50
20.27794780000113,31.322957100000004,100.0,50
20.309924400000455,31.595330640000004,100.0,50
20.34190320000016,31.867704180000004,100.0,50
20.37387910000143,32.412451260000005,99.7726407654902,50
20.405918200000087,32.82101157,99.00358606431371,50
20.438061700000617,32.957198340000005,98.7472344972549,50
20.470123400000375,33.63813219000001,97.46547666196076,50
20.50198630000159,33.77431896,97.20912509490195,50
20.53388570000061,34.046692500000006,96.69642196078429,50
20.565835000001243,34.31906604000001,96.18371882666665,50
20.597783500001242,34.59143958,95.67101569254902,50
20.645889100000204,34.86381312,95.15831255843136,50
20.677833500001725,34.99999989,94.90196099137255,50
20.7098715000011,35.27237343,94.38925785725489,50
20.741942000000563,35.544746970000006,93.87655472313725,50
20.773816400000214,35.68093374,93.62020315607843,50
20.8061028000011,35.953307280000004,93.10750002196077,50
20.838068800001565,36.22568082000001,92.59479688784312,50
20.86990650000007,36.49805436,92.08209375372549,50
20.901865400001043,36.7704279,91.56939061960784,50
20.933909100000164,37.042801440000005,91.05668748549019,50
20.965921700000763,37.31517498000001,90.54398435137253,50
20.997795500001303,37.72373529000001,89.77492965019607,50
21.04582720000144,37.99610883,89.26222651607844,50
21.07786500000111,38.26848237,88.74952338196078,50
21.10987710000154,38.67704268,87.98046868078431,50
21.141933800001425,38.94941622,87.46776554666666,50
21.174007900001016,39.22178976000001,86.955062412549,50
21.205938400000377,39.630350070000006,86.18600771137254,50
21.237831800001004,39.76653684,85.92965614431373,50
21.26988920000076,40.038910380000004,85.41695301019607,50
21.301823100000547,40.31128392000001,84.90424987607842,50
21.33388080000077,40.58365746,84.39154674196078,50
21.365854200001195,40.71984423000001,84.13519517490195,50
21.397887800001627,40.99221777000001,83.6224920407843,50
21.44589740000083,41.26459131,83.10978890666667,50
21.47784920000049,41.40077808000001,82.85343733960782,50
21.509836500001256,41.67315162,82.3407342054902,50
21.5418952,41.80933839000001,82.08438263843135,50
21.57395550000001,41.80933839000001,82.08438263843135,50
21.60584690000178,41.94552516,81.82803107137254,50
21.637916300000143,42.08171193,81.57167950431374,50
21.66985520000162,42.08171193,81.57167950431374,50
21.70194850000007,42.217898700000006,81.31532793725489,50
21.73390560000007,42.217898700000006,81.31532793725489,50
21.76593430000139,42.35408547,81.05897637019608,50
21.798107400001754,42.49027224000001,80.80262480313723,50
21.845859800001563,42.49027224000001,80.80262480313723,50
21.87786530000085,42.49027224000001,80.80262480313723,50
21.910135700001774,42.49027224000001,80.80262480313723,50
21.94209250000131,42.626459010000005,80.54627323607842,50
21.973864200001117,42.626459010000005,80.54627323607842,50
22.005914100000155,42.626459010000005,80.54627323607842,50
22.037840800001504,42.626459010000005,80.54627323607842,50
22.069859800001723,42.626459010000005,80.54627323607842,50
22.101924900000085,42.626459010000005,80.54627323607842,50
22.1338465000008,42.626459010000005,80.54627323607842,50
22.165955700000268,42.626459010000005,80.54627323607842,50
22.19783390000157,42.49027224000001,80.80262480313723,50
22.245971800000916,42.49027224000001,80.80262480313723,50
22.27818920000027,42.35408547,81.05897637019608,50
22.31007320000026,42.217898700000006,81.31532793725489,50
22.341899800001556,42.08171193,81.57167950431374,50
22.373984600000767,41.94552516,81.82803107137254,50
22.406084600001122,41.80933839000001,82.08438263843135,50
22.438095800000156,41.67315162,82.3407342054902,50
22.469754800000374,41.536964850000004,82.59708577254901,50
22.501984300000913,41.40077808000001,82.85343733960782,50
22.53389750000133,41.26459131,83.10978890666667,50
22.565915300001507,41.128404540000005,83.36614047372548,50
22.59788390000176,40.99221777000001,83.6224920407843,50
22.645942200000718,40.856031,83.87884360784314,50
22.67803570000069,40.58365746,84.39154674196078,50
22.709857900001225,40.31128392000001,84.90424987607842,50
22.7417817000005,40.038910380000004,85.41695301019607,50
22.77380650000123,39.90272361000001,85.67330457725488,50
22.80588390000048,39.630350070000006,86.18600771137254,50
22.837874800001373,39.4941633,86.44235927843138,50
22.869848700000148,39.35797653,86.69871084549018,50
22.901855300000534,39.22178976000001,86.955062412549,50
22.933876700000837,38.94941622,87.46776554666666,50
22.9660412000012,38.81322945000001,87.72411711372547,50
22.997917800001233,38.67704268,87.98046868078431,50
23.046027100001083,38.540855910000005,88.23682024784313,50
23.077846400001363,38.40466914000001,88.49317181490196,50
23.10985300000175,38.132295600000006,89.0058749490196,50
23.141971800001556,37.99610883,89.26222651607844,50
23.173961000000418,37.72373529000001,89.77492965019607,50
23.205944000001182,37.451361750000004,90.28763278431371,50
23.23806400000103,37.31517498000001,90.54398435137253,50
23.270221700000548,37.042801440000005,91.05668748549019,50
23.301893400001063,36.90661467000001,91.31303905254899,50
23.333886900001744,36.7704279,91.56939061960784,50
23.365971200000786,36.63424113000001,91.82574218666664,50
23.398086000001058,36.63424113000001,91.82574218666664,50
23.445896700000958,36.49805436,92.08209375372549,50
23.47782820000066,36.36186759,92.3384453207843,50
23.509875900001134,36.22568082000001,92.59479688784312,50
23.541929800001526,36.08949405,92.85114845490196,50
23.573918400001276,35.81712051000001,93.36385158901959,50
23.605832100000043,35.68093374,93.62020315607843,50
23.637915000001158,35.4085602,94.13290629019609,50
23.669761800001652,35.27237343,94.38925785725489,50
23.701919500001168,35.13618666000001,94.64560942431372,50
23.733799100000397,34.99999989,94.90196099137255,50
23.76619430000028,34.86381312,95.15831255843136,50
23.798016200000347,34.72762635000001,95.41466412549018,50
23.84586330000093,34.59143958,95.67101569254902,50
23.87792680000166,34.455252810000005,95.92736725960783,50
23.909874900000432,34.455252810000005,95.92736725960783,50
23.941827800001192,34.18287927,96.44007039372549,50
23.9739851000013,34.046692500000006,96.69642196078429,50
24.006053500001144,33.910505730000004,96.95277352784314,50
24.03789710000092,33.77431896,97.20912509490195,50
24.06982710000011,33.63813219000001,97.46547666196076,50
24.101841700001387,33.50194542,97.72182822901961,50
24.13405910000074,33.365758650000004,97.97817979607842,50
24.166031300001123,33.22957188,98.23453136313725,50
24.197869500001616,33.09338511,98.49088293019608,50
24.24583040000107,32.957198340000005,98.7472344972549,50
24.27785750000112,32.82101157,99.00358606431371,50
24.30982050000057,32.82101157,99.00358606431371,50
24.34191010000177,32.548638030000006,99.51628919843137,50
24.373891100000037,32.548638030000006,99.51628919843137,50
24.405889100000422,32.27626449,100.0,50
24.437773300000117,32.14007772000001,100.0,50
24.46982300000127,32.00389095,100.0,50
24.501958700000614,32.00389095,100.0,50
24.53401550000126,32.00389095,100.0,50
24.565919000000576,31.867704180000004,100.0,50
24.597851400001673,31.867704180000004,100.0,50
24.645825700001296,31.867704180000004,100.0,50
24.677939600000173,31.867704180000004,100.0,50
24.709869100001015,31.867704180000004,100.0,50
24.741913800000475,32.00389095,100.0,50
24.773762100001477,32.00389095,100.0,50
24.805844000000434,32.00389095,100.0,50
24.837880100001712,32.14007772000001,100.0,50
24.870107600001575,32.14007772000001,100.0,50
24.90207720000035,32.27626449,100.0,50
24.933884200001557,32.27626449,100.0,50
24.965865700001814,32.412451260000005,99.7726407654902,50
24.997861300000295,32.27626449,100.0,50
25.04580630000055,32.27626449,100.0,50
25.077885600001537,32.412451260000005,99.7726407654902,50
25.109891900001458,32.412451260000005,99.7726407654902,50
25.14188500000091,32.548638030000006,99.51628919843137,50
25.174032500000976,32.548638030000006,99.51628919843137,50
25.205874100000074,32.548638030000006,99.51628919843137,50
25.23823170000105,32.6848248,99.25993763137254,50
25.2699874000009,32.82101157,99.00358606431371,50
25.301913700001023,32.957198340000005,98.7472344972549,50
25.333894900000814,33.09338511,98.49088293019608,50
25.365900700000566,33.09338511,98.49088293019608,50
25.39792100000159,33.22957188,98.23453136313725,50
25.44586950000121,33.365758650000004,97.97817979607842,50
25.477872200001002,33.50194542,97.72182822901961,50
25.50981160000083,33.50194542,97.72182822901961,50
25.541905200001565,33.63813219000001,97.46547666196076,50
25.573794900001303,33.63813219000001,97.46547666196076,50
25.605958700001793,33.77431896,97.20912509490195,50
25.63795090000167,33.77431896,97.20912509490195,50
25.669868300001326,33.910505730000004,96.95277352784314,50
25.70198950000122,33.910505730000004,96.95277352784314,50
25.733894800001508,34.046692500000006,96.69642196078429,50
25.765904600000795,34.18287927,96.44007039372549,50
25.79792450000059,34.18287927,96.44007039372549,50
25.84585160000097,35.13618666000001,94.64560942431372,50
25.87782800000059,35.27237343,94.38925785725489,50
25.909880400000475,35.4085602,94.13290629019609,50
25.94183990000056,35.544746970000006,93.87655472313725,50
25.974027600001136,35.68093374,93.62020315607843,50
26.00604630000089,35.81712051000001,93.36385158901959,50
26.037838000000193,35.27237343,94.38925785725489,50
26.069826300001296,36.08949405,92.85114845490196,50
26.101858800000628,35.544746970000006,93.87655472313725,50
26.13385610000114,35.68093374,93.62020315607843,50
26.165925100000095,35.81712051000001,93.36385158901959,50
26.19785110000157,35.953307280000004,93.10750002196077,50
26.245841000001747,36.22568082000001,92.59479688784312,50
26.27797890000147,36.36186759,92.3384453207843,50
26.309776900001452,36.49805436,92.08209375372549,50
26.341975100000127,36.63424113000001,91.82574218666664,50
26.37410970000019,36.7704279,91.56939061960784,50
26.405874900001436,36.90661467000001,91.31303905254899,50
26.43794270000035,36.90661467000001,91.31303905254899,50
26.46995650000099,37.042801440000005,91.05668748549019,50
26.502047400001175,37.17898821,90.80033591843137,50
26.533994000001258,37.31517498000001,90.54398435137253,50
26.565891600001123,37.451361750000004,90.28763278431371,50
26.597898500000156,37.58754852,90.03128121725491,50
26.645901000001686,37.72373529000001,89.77492965019607,50
26.6778247000002,37.451361750000004,90.28763278431371,50
26.71008400000028,37.72373529000001,89.77492965019607,50
26.74204120000104,37.72373529000001,89.77492965019607,50
26.773868900001617,37.72373529000001,89.77492965019607,50
26.805906600000526,37.72373529000001,89.77492965019607,50
26.837922600001548,37.85992206,89.51857808313726,50
26.869890900001337,37.85992206,89.51857808313726,50
26.90185290000045,37.99610883,89.26222651607844,50
26.933837700000367,38.132295600000006,89.0058749490196,50
26.965946300000724,38.132295600000006,89.0058749490196,50
26.99793250000039,38.26848237,88.74952338196078,50
27.045812100001058,38.26848237,88.74952338196078,50
27.078005000001212,38.26848237,88.74952338196078,50
27.10995880000155,38.40466914000001,88.49317181490196,50
27.14181810000082,38.40466914000001,88.49317181490196,50
27.173851800000193,38.40466914000001,88.49317181490196,50
27.2058990000005,38.40466914000001,88.49317181490196,50
27.237972400000217,38.40466914000001,88.49317181490196,50
27.269842400000925,38.40466914000001,88.49317181490196,50
27.30179010000029,38.40466914000001,88.49317181490196,50
27.33381250000093,38.40466914000001,88.49317181490196,50
27.365864500001408,38.26848237,88.74952338196078,50
27.3978085000017,38.26848237,88.74952338196078,50
27.445888000000195,38.26848237,88.74952338196078,50
27.477956600001562,38.26848237,88.74952338196078,50
27.509781000000658,38.132295600000006,89.0058749490196,50
27.541846800000712,38.132295600000006,89.0058749490196,50
27.573876200000086,38.132295600000006,89.0058749490196,50
27.605814200000168,37.99610883,89.26222651607844,50
27.637905200001114,37.99610883,89.26222651607844,50
27.669898000000103,37.99610883,89.26222651607844,50
27.701913600001717,37.85992206,89.51857808313726,50
27.73390550000113,37.85992206,89.51857808313726,50
27.765849000001253,37.72373529000001,89.77492965019607,50
27.797840400000496,37.72373529000001,89.77492965019607,50
27.846014300001116,37.72373529000001,89.77492965019607,50
27.877986900000906,37.72373529000001,89.77492965019607,50
27.910050300000876,37.58754852,90.03128121725491,50
27.941843300000983,37.58754852,90.03128121725491,50
27.97384030000103,37.58754852,90.03128121725491,50
28.005883600000743,37.58754852,90.03128121725491,50
28.037914500000625,37.58754852,90.03128121725491,50
28.069858200000454,37.58754852,90.03128121725491,50
28.10188780000135,37.58754852,90.03128121725491,50
28.133833500000037,37.451361750000004,90.28763278431371,50
28.165894600000684,37.451361750000004,90.28763278431371,50
28.198004700001547,37.31517498000001,90.54398435137253,50
28.245910900001036,37.31517498000001,90.54398435137253,50
28.277844500000356,37.17898821,90.80033591843137,50
28.309846900001503,37.042801440000005,91.05668748549019,50
28.341913500000373,36.90661467000001,91.31303905254899,50
28.373808300000746,37.042801440000005,91.05668748549019,50
28.4058986,37.042801440000005,91.05668748549019,50
28.437861700000212,37.85992206,89.51857808313726,50
28.469788000000335,37.85992206,89.51857808313726,50
28.501995100001295,37.17898821,90.80033591843137,50
28.533876200001032,37.17898821,90.80033591843137,50
28.566080900000088,37.17898821,90.80033591843137,50
28.597911900000327,37.31517498000001,90.54398435137253,50
28.64584360000117,37.31517498000001,90.54398435137253,50
28.677838400000837,37.31517498000001,90.54398435137253,50
28.709885000000213,37.31517498000001,90.54398435137253,50
28.741882400001487,37.31517498000001,90.54398435137253,50
28.773866800000178,37.31517498000001,90.54398435137253,50
28.805838200001745,37.17898821,90.80033591843137,50
28.837851400001455,37.17898821,90.80033591843137,50
28.869871000000785,37.17898821,90.80033591843137,50
28.901921200000288,37.17898821,90.80033591843137,50
28.933987200000047,37.17898821,90.80033591843137,50
28.966112100000828,37.17898821,90.80033591843137,50
28.99788610000178,37.17898821,90.80033591843137,50
29.045811900001354,37.042801440000005,91.05668748549019,50
29.077858200000264,37.042801440000005,91.05668748549019,50
29.109849100001156,37.042801440000005,91.05668748549019,50
29.141966500001217,37.042801440000005,91.05668748549019,50
29.173891400001594,36.63424113000001,91.82574218666664,50
29.205757700001413,36.63424113000001,91.82574218666664,50
29.237777800000913,36.63424113000001,91.82574218666664,50
29.269848100000672,36.49805436,92.08209375372549,50
29.302210300000297,36.49805436,92.08209375372549,50
29.334028900000703,36.36186759,92.3384453207843,50
29.365853100000095,36.36186759,92.3384453207843,50
29.397944300000745,36.36186759,92.3384453207843,50
29.445860900001207,36.22568082000001,92.59479688784312,50
29.47786140000062,36.22568082000001,92.59479688784312,50
29.50984620000054,36.22568082000001,92.59479688784312,50
29.54185580000012,36.22568082000001,92.59479688784312,50
29.57390260000102,36.22568082000001,92.59479688784312,50
29.605868500000724,36.22568082000001,92.59479688784312,50
29.637795100001313,36.22568082000001,92.59479688784312,50
29.670136200000343,36.22568082000001,92.59479688784312,50
29.70195810000041,36.22568082000001,92.59479688784312,50
29.7338163000004,36.22568082000001,92.59479688784312,50
29.765889100001004,36.22568082000001,92.59479688784312,50
29.79788440000084,36.22568082000001,92.59479688784312,50
29.845932600001106,36.08949405,92.85114845490196,50
29.87796900000103,36.08949405,92.85114845490196,50
29.90986940000039,36.08949405,92.85114845490196,50
29.941867500001536,36.08949405,92.85114845490196,50
29.973782900000515,35.953307280000004,93.10750002196077,50
30.005847200000062,35.953307280000004,93.10750002196077,50
30.037971000001562,35.81712051000001,93.36385158901959,50
30.06992360000004,35.81712051000001,93.36385158901959,50
30.10190600000169,35.68093374,93.62020315607843,50
30.13385500000004,35.544746970000006,93.87655472313725,50
30.165766900001472,35.544746970000006,93.87655472313725,50
30.197875700001532,35.4085602,94.13290629019609,50
30.24587430000065,35.4085602,94.13290629019609,50
30.2778726000015,35.4085602,94.13290629019609,50
30.3098628000007,35.27237343,94.38925785725489,50
30.341881200001808,35.27237343,94.38925785725489,50
30.373952900001314,35.27237343,94.38925785725489,50
30.40591840000161,35.27237343,94.38925785725489,50
30.437943200000518,35.13618666000001,94.64560942431372,50
30.469869200000176,35.13618666000001,94.64560942431372,50
30.501896900001157,35.13618666000001,94.64560942431372,50
30.53394930000104,35.13618666000001,94.64560942431372,50
30.565888100001757,35.13618666000001,94.64560942431372,50
30.59782550000091,35.13618666000001,94.64560942431372,50
30.64582000000155,35.13618666000001,94.64560942431372,50
30.677834100000837,35.13618666000001,94.64560942431372,50
30.709890000000087,35.13618666000001,94.64560942431372,50
30.74185580000085,35.27237343,94.38925785725489,50
30.774050900001384,35.13618666000001,94.64560942431372,50
30.806078000001435,35.13618666000001,94.64560942431372,50
30.837861600000906,35.13618666000001,94.64560942431372,50
30.869900500001677,35.13618666000001,94.64560942431372,50
30.901881400001002,35.13618666000001,94.64560942431372,50
30.93383740000172,35.13618666000001,94.64560942431372,50
30.96594500000174,35.13618666000001,94.64560942431372,50
30.99794110000039,35.13618666000001,94.64560942431372,50
31.04584700000123,35.13618666000001,94.64560942431372,50
31.07774790000076,35.13618666000001,94.64560942431372,50
31.10992930000066,35.27237343,94.38925785725489,50
31.142272000000958,36.08949405,92.85114845490196,50
31.17396800000097,36.08949405,92.85114845490196,50
31.205837900000915,36.08949405,92.85114845490196,50
31.237878400001136,36.22568082000001,92.59479688784312,50
31.269849900001645,36.22568082000001,92.59479688784312,50
31.301854500001355,36.22568082000001,92.59479688784312,50
31.333914800001367,36.36186759,92.3384453207843,50
31.3659260000004,36.36186759,92.3384453207843,50
31.39779820000149,36.49805436,92.08209375372549,50
31.44588240000121,36.49805436,92.08209375372549,50
31.477708300000813,36.49805436,92.08209375372549,50
31.50993500000004,36.49805436,92.08209375372549,50
31.541956400000345,35.81712051000001,93.36385158901959,50
31.57385560000148,35.953307280000004,93.10750002196077,50
31.605882800000472,35.953307280000004,93.10750002196077,50
31.63785850000022,35.953307280000004,93.10750002196077,50
31.669879100001708,36.08949405,92.85114845490196,50
31.70184600000175,36.08949405,92.85114845490196,50
31.733759400000054,36.08949405,92.85114845490196,50
31.765924900000755,36.08949405,92.85114845490196,50
31.797813100001804,35.953307280000004,93.10750002196077,50
31.845826700000543,35.953307280000004,93.10750002196077,50
31.877914200000305,35.953307280000004,93.10750002196077,50
31.910108300000502,35.953307280000004,93.10750002196077,50
31.94187300000158,35.953307280000004,93.10750002196077,50
31.9738612000001,35.81712051000001,93.36385158901959,50
32.00591370000075,35.81712051000001,93.36385158901959,50
32.03783880000083,35.81712051000001,93.36385158901959,50
32.06979860000138,35.81712051000001,93.36385158901959,50
32.101782300000195,35.81712051000001,93.36385158901959,50
32.13391280000178,35.81712051000001,93.36385158901959,50
32.165846100000635,35.81712051000001,93.36385158901959,50
32.19787950000136,35.81712051000001,93.36385158901959,50
32.24605270000029,35.81712051000001,93.36385158901959,50
32.2779698000013,35.68093374,93.62020315607843,50
32.3098914000002,35.544746970000006,93.87655472313725,50
32.34187900000143,35.544746970000006,93.87655472313725,50
32.37384150000071,35.544746970000006,93.87655472313725,50
32.405864100001054,35.4085602,94.13290629019609,50
32.437912600000345,35.4085602,94.13290629019609,50
32.46990590000132,35.4085602,94.13290629019609,50
32.50195440000061,35.4085602,94.13290629019609,50
32.5338840000004,35.4085602,94.13290629019609,50
32.56601800000135,35.4085602,94.13290629019609,50
32.59799310000017,35.4085602,94.13290629019609,50
32.646063800000775,35.544746970000006,93.87655472313725,50
32.677747000001546,35.544746970000006,93.87655472313725,50
32.70987220000097,35.544746970000006,93.87655472313725,50
32.74183330000051,35.544746970000006,93.87655472313725,50
32.7738444000006,35.544746970000006,93.87655472313725,50
32.8057985000014,35.544746970000006,93.87655472313725,50
32.837809700000435,35.68093374,93.62020315607843,50
32.86981240000023,35.68093374,93.62020315607843,50
32.901843600000575,35.68093374,93.62020315607843,50
32.933799100001124,35.81712051000001,93.36385158901959,50
32.96589230000063,35.81712051000001,93.36385158901959,50
32.99792570000136,35.81712051000001,93.36385158901959,50
33.045810400000846,35.81712051000001,93.36385158901959,50
33.07784880000145,35.81712051000001,93.36385158901959,50
33.10982250000052,35.953307280000004,93.10750002196077,50
33.14189570000053,35.953307280000004,93.10750002196077,50
33.17388540000138,35.953307280000004,93.10750002196077,50
33.205895500001134,36.08949405,92.85114845490196,50
33.237862300000415,36.08949405,92.85114845490196,50
33.269769700000325,36.08949405,92.85114845490196,50
33.30209930000092,36.08949405,92.85114845490196,50
33.33376910000152,36.08949405,92.85114845490196,50
33.365990900001634,36.08949405,92.85114845490196,50
33.397867300000144,36.08949405,92.85114845490196,50
33.44588660000045,36.08949405,92.85114845490196,50
33.47789450000164,36.08949405,92.85114845490196,50
33.50981420000062,36.22568082000001,92.59479688784312,50
33.54178790000151,36.22568082000001,92.59479688784312,50
33.573794400001134,36.22568082000001,92.59479688784312,50
33.605868600001486,36.36186759,92.3384453207843,50
33.63784000000123,36.36186759,92.3384453207843,50
33.669865500000014,36.36186759,92.3384453207843,50
33.70181830000001,36.36186759,92.3384453207843,50
33.73402720000013,36.22568082000001,92.59479688784312,50
33.76614890000019,36.22568082000001,92.59479688784312,50
33.79785310000079,36.22568082000001,92.59479688784312,50
33.845802800000456,36.22568082000001,92.59479688784312,50
33.877836300000126,36.22568082000001,92.59479688784312,50
33.909784300001775,36.22568082000001,92.59479688784312,50
33.9418710000009,36.22568082000001,92.59479688784312,50
33.97391770000104,36.22568082000001,92.59479688784312,50
34.00580280000031,37.17898821,90.80033591843137,50
34.037861700000576,37.17898821,90.80033591843137,50
34.06980960000146,37.31517498000001,90.54398435137253,50
34.10206820000167,37.31517498000001,90.54398435137253,50
34.13396190000094,37.31517498000001,90.54398435137253,50
34.165923600001406,37.451361750000004,90.28763278431371,50
34.197832000001654,37.451361750000004,90.28763278431371,50
34.24582420000115,37.451361750000004,90.28763278431371,50
34.277910700000575,37.451361750000004,90.28763278431371,50
34.309906300000875,37.451361750000004,90.28763278431371,50
34.341894400000456,37.451361750000004,90.28763278431371,50
34.3739542000003,36.7704279,91.56939061960784,50
34.40584610000042,36.90661467000001,91.31303905254899,50
34.43788100000165,36.90661467000001,91.31303905254899,50
34.47004840000045,37.042801440000005,91.05668748549019,50
34.501872300001196,37.042801440000005,91.05668748549019,50
34.533832000000984,37.042801440000005,91.05668748549019,50
34.5658209000012,37.17898821,90.80033591843137,50
34.597817300000315,37.17898821,90.80033591843137,50
34.64580220000062,37.042801440000005,91.05668748549019,50
34.67790320000131,37.042801440000005,91.05668748549019,50
34.70983130000059,37.042801440000005,91.05668748549019,50
34.741841800001566,37.042801440000005,91.05668748549019,50
34.77382960000068,36.7704279,91.56939061960784,50
34.80578680000144,37.042801440000005,91.05668748549019,50
34.83796280000024,36.7704279,91.56939061960784,50
34.86983240000154,36.63424113000001,91.82574218666664,50
34.9018386000007,36.63424113000001,91.82574218666664,50
34.93384900000092,36.63424113000001,91.82574218666664,50
34.965927200000806,36.90661467000001,91.31303905254899,50
34.99784720000025,36.7704279,91.56939061960784,50
35.0458690000014,36.7704279,91.56939061960784,50
35.07780920000005,36.49805436,92.08209375372549,50
35.11001440000109,36.49805436,92.08209375372549,50
35.14191230000142,36.49805436,92.08209375372549,50
35.17375510000056,36.36186759,92.3384453207843,50
35.20614720000049,36.22568082000001,92.59479688784312,50
35.23791850000089,36.22568082000001,92.59479688784312,50
35.269891500000085,36.08949405,92.85114845490196,50
35.30183920000127,35.953307280000004,93.10750002196077,50
35.333794500000295,35.953307280000004,93.10750002196077,50
35.3658845000009,35.81712051000001,93.36385158901959,50
35.39790450000146,35.81712051000001,93.36385158901959,50
35.44590980000066,35.68093374,93.62020315607843,50
35.47781440000108,35.68093374,93.62020315607843,50
35.50989080000181,35.544746970000006,93.87655472313725,50
35.54173830000036,35.544746970000006,93.87655472313725,50
35.57408790000045,35.4085602,94.13290629019609,50
35.60600350000095,35.4085602,94.13290629019609,50
35.63784240000132,35.27237343,94.38925785725489,50
35.66988770000171,35.13618666000001,94.64560942431372,50
35.70193760000075,35.13618666000001,94.64560942431372,50
35.73388990000058,34.99999989,94.90196099137255,50
35.76581020000049,34.99999989,94.90196099137255,50
35.79780100000062,34.86381312,95.15831255843136,50
35.84581570000046,34.72762635000001,95.41466412549018,50
35.87785200000144,34.72762635000001,95.41466412549018,50
35.90983650000089,34.59143958,95.67101569254902,50
35.94189560000086,34.59143958,95.67101569254902,50
35.97391710000011,34.59143958,95.67101569254902,50
36.00586270000167,34.59143958,95.67101569254902,50
36.03786420000142,34.59143958,95.67101569254902,50
36.06975710000006,34.59143958,95.67101569254902,50
36.101812700000664,34.455252810000005,95.92736725960783,50
36.133827500001644,34.455252810000005,95.92736725960783,50
36.16585750000013,34.455252810000005,95.92736725960783,50
36.197857200000726,34.455252810000005,95.92736725960783,50
36.2458428000009,34.59143958,95.67101569254902,50
36.27775230000043,34.59143958,95.67101569254902,50
36.309906300000875,34.72762635000001,95.41466412549018,50
36.34197250000034,34.86381312,95.15831255843136,50
36.37388000000101,34.99999989,94.90196099137255,50
36.40572280000015,35.13618666000001,94.64560942431372,50
36.43800210000154,35.13618666000001,94.64560942431372,50
36.47002130000146,35.27237343,94.38925785725489,50
36.50191450000057,35.27237343,94.38925785725489,50
36.53381950000039,35.4085602,94.13290629019609,50
36.56579480000073,35.4085602,94.13290629019609,50
36.5978997000002,35.4085602,94.13290629019609,50
36.64575500000137,35.4085602,94.13290629019609,50
36.67806250000103,35.4085602,94.13290629019609,50
36.70993760000056,35.544746970000006,93.87655472313725,50
36.74182120000114,35.544746970000006,93.87655472313725,50
36.77393760000086,35.68093374,93.62020315607843,50
36.80580550000013,35.68093374,93.62020315607843,50
36.8378913000015,36.63424113000001,91.82574218666664,50
36.86980980000044,36.7704279,91.56939061960784,50
36.90185840000049,36.90661467000001,91.31303905254899,50
36.93390200000067,37.042801440000005,91.05668748549019,50
36.96590760000072,37.042801440000005,91.05668748549019,50
36.99783960000059,37.17898821,90.80033591843137,50
37.04600980000032,37.17898821,90.80033591843137,50
37.07784520000132,37.31517498000001,90.54398435137253,50
37.10979640000005,37.31517498000001,90.54398435137253,50
37.14187940000011,37.31517498000001,90.54398435137253,50
37.17385420000028,37.31517498000001,90.54398435137253,50
37.205835200000365,36.63424113000001,91.82574218666664,50
37.23782930000016,36.63424113000001,91.82574218666664,50
37.26987580000059,36.63424113000001,91.82574218666664,50
37.30183380000017,36.63424113000001,91.82574218666664,50
37.33380820000093,36.63424113000001,91.82574218666664,50
37.36578870000085,36.63424113000001,91.82574218666664,50
37.397779300001275,36.63424113000001,91.82574218666664,50
37.446048200001314,36.7704279,91.56939061960784,50
37.47782140000163,36.7704279,91.56939061960784,50
37.50986560000092,36.7704279,91.56939061960784,50
37.54181800000151,36.7704279,91.56939061960784,50
37.57385880000038,36.7704279,91.56939061960784,50
37.60599040000125,36.7704279,91.56939061960784,50
37.63788150000073,36.7704279,91.56939061960784,50
37.66971420000118,36.7704279,91.56939061960784,50
37.70187170000099,36.7704279,91.56939061960784,50
37.73378690000027,36.90661467000001,91.31303905254899,50
37.76578460000019,36.90661467000001,91.31303905254899,50
37.79789830000118,36.90661467000001,91.31303905254899,50
37.84580140000071,36.90661467000001,91.31303905254899,50
37.8778381000011,36.90661467000001,91.31303905254899,50
37.909787000000506,36.7704279,91.56939061960784,50
37.94181740000022,36.7704279,91.56939061960784,50
37.97387470000103,36.7704279,91.56939061960784,50
38.00588140000036,36.63424113000001,91.82574218666664,50
38.03784230000019,36.63424113000001,91.82574218666664,50
38.069901000000755,36.63424113000001,91.82574218666664,50
38.10177340000155,36.63424113000001,91.82574218666664,50
38.133826500001305,36.63424113000001,91.82574218666664,50
38.16589280000153,36.63424113000001,91.82574218666664,50
38.197856000000684,36.63424113000001,91.82574218666664,50
38.24583590000111,36.49805436,92.08209375372549,50
38.27796190000117,36.49805436,92.08209375372549,50
38.30983510000078,36.49805436,92.08209375372549,50
38.34184780000032,36.36186759,92.3384453207843,50
38.37389830000029,36.36186759,92.3384453207843,50
38.40589660000114,36.36186759,92.3384453207843,50
38.437748600001214,36.22568082000001,92.59479688784312,50
38.46977650000008,36.22568082000001,92.59479688784312,50
38.50187360000018,36.22568082000001,92.59479688784312,50
38.53405220000059,36.08949405,92.85114845490196,50
38.56588230000125,35.953307280000004,93.10750002196077,50
38.59783520000019,35.953307280000004,93.10750002196077,50
38.64586560000134,35.81712051000001,93.36385158901959,50
38.67782620000071,35.68093374,93.62020315607843,50
38.709872300001734,35.544746970000006,93.87655472313725,50
38.7418286000011,35.544746970000006,93.87655472313725,50
38.773909900000945,35.544746970000006,93.87655472313725,50
38.80579730000136,35.4085602,94.13290629019609,50
38.83781120000094,35.27237343,94.38925785725489,50
38.86973760000001,35.27237343,94.38925785725489,50
38.90204830000039,35.13618666000001,94.64560942431372,50
38.93382780000138,35.13618666000001,94.64560942431372,50
38.96600160000162,35.13618666000001,94.64560942431372,50
38.99802120000095,34.99999989,94.90196099137255,50
39.04580520000127,34.99999989,94.90196099137255,50
39.07789790000061,34.99999989,94.90196099137255,50
39.109841000001325,34.99999989,94.90196099137255,50
39.14176220000081,34.99999989,94.90196099137255,50
39.17378560000179,34.99999989,94.90196099137255,50
39.205854500001806,34.99999989,94.90196099137255,50
39.23776160000125,34.86381312,95.15831255843136,50
39.269920300001104,34.86381312,95.15831255843136,50
39.301874800001315,34.72762635000001,95.41466412549018,50
39.33380270000089,34.86381312,95.15831255843136,50
39.36579830000119,34.72762635000001,95.41466412549018,50
39.397833700000774,34.72762635000001,95.41466412549018,50
39.44583910000074,34.59143958,95.67101569254902,50
39.477853100001084,34.59143958,95.67101569254902,50
39.509814000000915,34.455252810000005,95.92736725960783,50
39.54179170000134,34.31906604000001,96.18371882666665,50
39.57394660000136,34.31906604000001,96.18371882666665,50
39.60573730000033,34.18287927,96.44007039372549,50
39.63821780000035,34.18287927,96.44007039372549,50
39.66998670000066,34.046692500000006,96.69642196078429,50
39.7018476000012,34.046692500000006,96.69642196078429,50
39.73386180000125,33.910505730000004,96.95277352784314,50
39.7657659000015,33.910505730000004,96.95277352784314,50
39.79783940000016,33.77431896,97.20912509490195,50
39.845790400000624,33.77431896,97.20912509490195,50
39.87784510000165,33.77431896,97.20912509490195,50
39.90982190000068,34.59143958,95.67101569254902,50
39.94189780000124,34.59143958,95.67101569254902,50
39.97396730000037,34.59143958,95.67101569254902,50
40.006051400001525,34.455252810000005,95.92736725960783,50
40.03802420000102,34.455252810000005,95.92736725960783,50
40.069808100000955,34.455252810000005,95.92736725960783,50
40.101885400001265,34.59143958,95.67101569254902,50
40.13387950000106,34.59143958,95.67101569254902,50
40.165879800000766,34.59143958,95.67101569254902,50
40.19783070000085,34.59143958,95.67101569254902,50
40.245843100001366,34.59143958,95.67101569254902,50
40.277817800000776,34.59143958,95.67101569254902,50
40.30980180000006,34.59143958,95.67101569254902,50
40.341767800000525,33.910505730000004,96.95277352784314,50
40.3739041000008,33.77431896,97.20912509490195,50
40.405860400000165,33.77431896,97.20912509490195,50
40.4379082000014,33.77431896,97.20912509490195,50
40.46985600000153,33.77431896,97.20912509490195,50
40.50176460000148,33.77431896,97.20912509490195,50
40.53391490000104,33.910505730000004,96.95277352784314,50
40.5659108000018,33.910505730000004,96.95277352784314,50
40.59784140000011,33.77431896,97.20912509490195,50
40.645771100000275,33.910505730000004,96.95277352784314,50
40.67781560000003,33.910505730000004,96.95277352784314,50
40.709751600001255,33.910505730000004,96.95277352784314,50
40.742009400000825,34.046692500000006,96.69642196078429,50
40.773946300001626,34.18287927,96.44007039372549,50
40.80582850000064,34.18287927,96.44007039372549,50
40.83776340000077,34.31906604000001,96.18371882666665,50
40.86983000000146,34.455252810000005,95.92736725960783,50
40.9017999000007,34.59143958,95.67101569254902,50
40.93386070000088,34.59143958,95.67101569254902,50
40.96593640000174,34.72762635000001,95.41466412549018,50
40.99786270000004,34.86381312,95.15831255843136,50
41.04579120000017,34.86381312,95.15831255843136,50
41.0777919000011,34.99999989,94.90196099137255,50
41.109898700000485,34.86381312,95.15831255843136,50
41.1419560000013,34.99999989,94.90196099137255,50
41.173868500000026,35.13618666000001,94.64560942431372,50
41.20584230000168,35.27237343,94.38925785725489,50
41.23786700000164,35.27237343,94.38925785725489,50
41.26989800000047,35.4085602,94.13290629019609,50
41.301838400000634,35.4085602,94.13290629019609,50
41.333894400000645,35.544746970000006,93.87655472313725,50
41.365809300001274,35.544746970000006,93.87655472313725,50
41.39780050000081,35.544746970000006,93.87655472313725,50
41.445846400001756,35.68093374,93.62020315607843,50
41.47806870000022,35.68093374,93.62020315607843,50
41.5099476000014,35.81712051000001,93.36385158901959,50
41.54182640000181,35.81712051000001,93.36385158901959,50
41.57383520000076,35.953307280000004,93.10750002196077,50
41.60582680000152,36.08949405,92.85114845490196,50
41.637842700001784,36.22568082000001,92.59479688784312,50
41.66985090000162,36.22568082000001,92.59479688784312,50
41.7018476000012,36.36186759,92.3384453207843,50
41.73383390000163,36.49805436,92.08209375372549,50
41.76588230000016,36.49805436,92.08209375372549,50
41.79781400000138,36.63424113000001,91.82574218666664,50
41.846078900000066,36.63424113000001,91.82574218666664,50
41.87795010000082,36.7704279,91.56939061960784,50
41.90977700000076,36.7704279,91.56939061960784,50
41.941739800000505,36.7704279,91.56939061960784,50
41.97386920000099,36.90661467000001,91.31303905254899,50
42.00581360000069,37.042801440000005,91.05668748549019,50
42.03790830000071,37.042801440000005,91.05668748549019,50
42.06989760000033,37.17898821,90.80033591843137,50
42.10168220000014,37.31517498000001,90.54398435137253,50
42.13380490000054,37.31517498000001,90.54398435137253,50
42.16581370000131,37.451361750000004,90.28763278431371,50
42.197996500000954,37.451361750000004,90.28763278431371,50
42.24587650000103,37.58754852,90.03128121725491,50
42.27786080000078,37.58754852,90.03128121725491,50
42.30980670000099,37.58754852,90.03128121725491,50
42.341849800001,37.58754852,90.03128121725491,50
42.373816300001636,37.58754852,90.03128121725491,50
42.405831100000796,37.72373529000001,89.77492965019607,50
42.43778040000143,37.72373529000001,89.77492965019607,50
42.46987860000081,37.72373529000001,89.77492965019607,50
42.501846600000135,37.72373529000001,89.77492965019607,50
42.53387510000175,37.85992206,89.51857808313726,50
42.56584190000103,37.85992206,89.51857808313726,50
42.59787420000066,37.85992206,89.51857808313726,50
42.645920100001604,37.72373529000001,89.77492965019607,50
42.67781340000147,37.72373529000001,89.77492965019607,50
42.70969540000078,37.72373529000001,89.77492965019607,50
42.74179090000143,37.72373529000001,89.77492965019607,50
42.773840000001655,37.72373529000001,89.77492965019607,50
42.80578420000165,37.72373529000001,89.77492965019607,50
42.83782930000052,37.72373529000001,89.77492965019607,50
42.86986900000011,37.72373529000001,89.77492965019607,50
42.90183820000129,37.85992206,89.51857808313726,50
42.93391490000067,37.85992206,89.51857808313726,50
42.965942700000596,37.85992206,89.51857808313726,50
42.99788130000161,37.85992206,89.51857808313726,50
43.04581970000072,37.85992206,89.51857808313726,50
43.07780930000081,38.81322945000001,87.72411711372547,50
43.10979230000157,38.94941622,87.46776554666666,50
43.141830700000355,38.94941622,87.46776554666666,50
43.17398570000114,38.94941622,87.46776554666666,50
43.205872000000454,39.08560299,87.21141397960784,50
43.23796390000098,39.08560299,87.21141397960784,50
43.26982120000139,39.08560299,87.21141397960784,50
43.30176950000168,39.08560299,87.21141397960784,50
43.334180700001525,38.40466914000001,88.49317181490196,50
43.36587000000145,38.40466914000001,88.49317181490196,50
43.39788220000082,38.40466914000001,88.49317181490196,50
43.44588230000045,38.40466914000001,88.49317181490196,50
43.47780570000032,38.26848237,88.74952338196078,50
43.509853000001385,38.26848237,88.74952338196078,50
43.541806300001554,38.132295600000006,89.0058749490196,50
43.573848,38.132295600000006,89.0058749490196,50
43.60578050000004,38.132295600000006,89.0058749490196,50
43.637802600000214,37.99610883,89.26222651607844,50
43.66974310000114,37.99610883,89.26222651607844,50
43.70196130000113,37.99610883,89.26222651607844,50
43.7338602000018,37.99610883,89.26222651607844,50
43.76581500000066,37.85992206,89.51857808313726,50
43.79784930000096,37.85992206,89.51857808313726,50
43.84584260000156,37.85992206,89.51857808313726,50
43.877776900000754,37.85992206,89.51857808313726,50
43.90973690000101,37.85992206,89.51857808313726,50
43.941774000000805,37.72373529000001,89.77492965019607,50
43.97386490000099,37.72373529000001,89.77492965019607,50
44.0057594000009,37.58754852,90.03128121725491,50
44.03781760000129,37.58754852,90.03128121725491,50
44.06975800000146,37.451361750000004,90.28763278431371,50
44.10180090000176,37.17898821,90.80033591843137,50
44.13383220000105,37.042801440000005,91.05668748549019,50
44.16581810000025,37.17898821,90.80033591843137,50
44.19779530000051,36.90661467000001,91.31303905254899,50
44.245821700000306,36.90661467000001,91.31303905254899,50
44.27787740000167,36.7704279,91.56939061960784,50
44.309845400000995,36.63424113000001,91.82574218666664,50
44.34185290000096,36.63424113000001,91.82574218666664,50
44.37384490000113,36.49805436,92.08209375372549,50
44.405911200001356,36.36186759,92.3384453207843,50
44.43816880000122,36.22568082000001,92.59479688784312,50
44.46985390000009,36.08949405,92.85114845490196,50
44.50188300000082,35.953307280000004,93.10750002196077,50
44.53386390000014,35.68093374,93.62020315607843,50
44.56590580000011,35.544746970000006,93.87655472313725,50
44.59790780000003,35.4085602,94.13290629019609,50
44.645811200000026,35.27237343,94.38925785725489,50
44.67777170000045,35.13618666000001,94.64560942431372,50
44.70987700000114,34.99999989,94.90196099137255,50
44.74183970000013,34.86381312,95.15831255843136,50
44.77384940000047,34.72762635000001,95.41466412549018,50
44.806122900001355,34.59143958,95.67101569254902,50
44.83790010000121,34.455252810000005,95.92736725960783,50
44.8698142000012,34.31906604000001,96.18371882666665,50
44.901820600000065,34.18287927,96.44007039372549,50
44.93369080000048,34.18287927,96.44007039372549,50
44.965856700000586,34.18287927,96.44007039372549,50
44.99780560000181,34.046692500000006,96.69642196078429,50
45.04581160000089,33.910505730000004,96.95277352784314,50
45.07774260000042,33.910505730000004,96.95277352784314,50
45.10982250000052,33.77431896,97.20912509490195,50
45.14177500000005,33.63813219000001,97.46547666196076,50
45.17396050000025,33.50194542,97.72182822901961,50
45.20583670000087,33.365758650000004,97.97817979607842,50
45.23788460000105,33.22957188,98.23453136313725,50
45.26977960000113,33.09338511,98.49088293019608,50
45.30175070000041,33.09338511,98.49088293019608,50
45.33379310000055,32.957198340000005,98.7472344972549,50
45.36580090000098,32.82101157,99.00358606431371,50
45.397796400000516,32.82101157,99.00358606431371,50
45.445728800001234,32.82101157,99.00358606431371,50
45.477855200000704,32.82101157,99.00358606431371,50
45.509785200001716,32.957198340000005,98.7472344972549,50
45.54189840000072,33.63813219000001,97.46547666196076,50
45.57385780000004,33.63813219000001,97.46547666196076,50
45.605784600000334,33.63813219000001,97.46547666196076,50
45.63783330000115,32.957198340000005,98.7472344972549,50
45.6697634000011,32.957198340000005,98.7472344972549,50
45.70183350000116,32.957198340000005,98.7472344972549,50
45.73377010000149,32.957198340000005,98.7472344972549,50
45.76589140000033,32.957198340000005,98.7472344972549,50
45.79781330000151,32.957198340000005,98.7472344972549,50
45.84583790000033,32.957198340000005,98.7472344972549,50
45.87784930000089,32.957198340000005,98.7472344972549,50
45.90996350000023,33.09338511,98.49088293019608,50
45.9419297000004,33.910505730000004,96.95277352784314,50
45.97377360000064,33.910505730000004,96.95277352784314,50
46.00580710000031,34.046692500000006,96.69642196078429,50
46.037806600001204,34.046692500000006,96.69642196078429,50
46.06973460000154,34.18287927,96.44007039372549,50
46.10184570000092,34.31906604000001,96.18371882666665,50
46.13381240000126,34.31906604000001,96.18371882666665,50
46.165879800000766,34.455252810000005,95.92736725960783,50
46.19778970000152,34.455252810000005,95.92736725960783,50
46.245960000000196,34.59143958,95.67101569254902,50
46.27802780000093,34.59143958,95.67101569254902,50
46.309879500000534,34.72762635000001,95.41466412549018,50
46.34185530000104,34.86381312,95.15831255843136,50
46.373760100001164,34.99999989,94.90196099137255,50
46.40578470000037,34.99999989,94.90196099137255,50
46.43780830000105,35.13618666000001,94.64560942431372,50
46.46984240000165,34.59143958,95.67101569254902,50
46.50179720000051,34.59143958,95.67101569254902,50
46.53386210000099,34.72762635000001,95.41466412549018,50
46.56583020000107,34.86381312,95.15831255843136,50
46.59773580000001,34.99999989,94.90196099137255,50
46.64592750000156,34.99999989,94.90196099137255,50
46.67788030000156,34.99999989,94.90196099137255,50
46.70977740000126,35.13618666000001,94.64560942431372,50
46.7417430000005,35.13618666000001,94.64560942431372,50
46.77383060000102,35.13618666000001,94.64560942431372,50
46.805807300001106,35.27237343,94.38925785725489,50
46.83784220000052,35.27237343,94.38925785725489,50
46.869749200001024,35.4085602,94.13290629019609,50
46.90187500000138,35.544746970000006,93.87655472313725,50
46.93381150000096,35.544746970000006,93.87655472313725,50
46.965836800000034,35.68093374,93.62020315607843,50
46.99790900000153,35.68093374,93.62020315607843,50
47.04581420000068,35.68093374,93.62020315607843,50
47.077716700001474,35.68093374,93.62020315607843,50
47.10977400000047,35.68093374,93.62020315607843,50
47.14183350000167,35.68093374,93.62020315607843,50
47.17388640000172,35.68093374,93.62020315607843,50
47.20588890000181,35.81712051000001,93.36385158901959,50
47.237944600001356,35.81712051000001,93.36385158901959,50
47.2698730000011,35.81712051000001,93.36385158901959,50
47.30186110000068,35.953307280000004,93.10750002196077,50
47.333755000001474,35.953307280000004,93.10750002196077,50
47.3660200000013,35.953307280000004,93.10750002196077,50
47.39802410000084,36.08949405,92.85114845490196,50
47.44579170000179,36.22568082000001,92.59479688784312,50
47.477811000000656,36.22568082000001,92.59479688784312,50
47.50985000000037,36.36186759,92.3384453207843,50
47.54178580000007,36.36186759,92.3384453207843,50
47.57386410000072,36.49805436,92.08209375372549,50
47.60579900000084,36.63424113000001,91.82574218666664,50
47.63786170000094,36.63424113000001,91.82574218666664,50
47.66977430000043,36.63424113000001,91.82574218666664,50
47.701832200000354,36.7704279,91.56939061960784,50
47.73393940000096,36.90661467000001,91.31303905254899,50
47.76596630000131,36.90661467000001,91.31303905254899,50
47.79778880000049,37.042801440000005,91.05668748549019,50
47.845818200001304,37.042801440000005,91.05668748549019,50
47.87790180000047,37.17898821,90.80033591843137,50
47.909830800001146,37.31517498000001,90.54398435137253,50
47.94177800000034,37.31517498000001,90.54398435137253,50
47.97390660000019,37.451361750000004,90.28763278431371,50
48.005817000001116,37.58754852,90.03128121725491,50
48.03786290000062,37.58754852,90.03128121725491,50
48.06978230000095,37.72373529000001,89.77492965019607,50
48.10188400000152,37.72373529000001,89.77492965019607,50
48.133886800000255,37.72373529000001,89.77492965019607,50
48.16572670000096,37.72373529000001,89.77492965019607,50
48.19775220000156,37.72373529000001,89.77492965019607,50
48.24573480000072,37.72373529000001,89.77492965019607,50
48.27778660000149,37.72373529000001,89.77492965019607,50
48.30981480000082,37.72373529000001,89.77492965019607,50
48.3417984000007,37.72373529000001,89.77492965019607,50
48.37382860000071,37.58754852,90.03128121725491,50
48.40572720000091,37.58754852,90.03128121725491,50
48.43780230000084,37.58754852,90.03128121725491,50
48.469985700001416,37.58754852,90.03128121725491,50
48.50190090000069,37.451361750000004,90.28763278431371,50
48.53384870000082,37.31517498000001,90.54398435137253,50
48.56578290000107,37.31517498000001,90.54398435137253,50
48.59791000000041,37.17898821,90.80033591843137,50
48.645834700000705,37.042801440000005,91.05668748549019,50
48.67785170000025,37.042801440000005,91.05668748549019,50
48.70975770000041,36.90661467000001,91.31303905254899,50
48.7417142000013,36.90661467000001,91.31303905254899,50
48.77386600000136,36.7704279,91.56939061960784,50
48.805685000001176,36.7704279,91.56939061960784,50
48.837960300001214,37.58754852,90.03128121725491,50
48.870031700000254,37.451361750000004,90.28763278431371,50
48.901843600000575,37.451361750000004,90.28763278431371,50
48.93376140000146,37.451361750000004,90.28763278431371,50
48.96584790000088,37.451361750000004,90.28763278431371,50
48.99778510000033,36.63424113000001,91.82574218666664,50
49.04587640000136,36.63424113000001,91.82574218666664,50
49.07787550000103,36.49805436,92.08209375372549,50
49.10980160000145,36.49805436,92.08209375372549,50
49.14184320000095,36.49805436,92.08209375372549,50
49.17370520000077,36.36186759,92.3384453207843,50
49.206024300001445,36.36186759,92.3384453207843,50
49.237957800000004,36.36186759,92.3384453207843,50
49.26979440000105,36.36186759,92.3384453207843,50
49.3018643000014,36.22568082000001,92.59479688784312,50
49.33384750000005,37.042801440000005,91.05668748549019,50
49.365840400001616,37.042801440000005,91.05668748549019,50
49.39809910000076,37.042801440000005,91.05668748549019,50
49.44579010000052,37.042801440000005,91.05668748549019,50
49.4778133000018,37.042801440000005,91.05668748549019,50
49.50990290000118,36.90661467000001,91.31303905254899,50
49.541831900000034,36.90661467000001,91.31303905254899,50
49.573801900000035,36.22568082000001,92.59479688784312,50
49.60590250000132,36.22568082000001,92.59479688784312,50
49.637823500001105,36.22568082000001,92.59479688784312,50
49.669778000001315,36.22568082000001,92.59479688784312,50
49.70177240000157,36.22568082000001,92.59479688784312,50
49.73377410000103,36.22568082000001,92.59479688784312,50
49.7657788000015,36.22568082000001,92.59479688784312,50
49.79784000000109,35.81712051000001,93.36385158901959,50
49.84582540000156,35.81712051000001,93.36385158901959,50
49.877814900000885,35.953307280000004,93.10750002196077,50
49.90980770000169,35.953307280000004,93.10750002196077,50
49.94171670000105,35.953307280000004,93.10750002196077,50
49.97407320000093,35.81712051000001,93.36385158901959,50
50.005847900001754,35.81712051000001,93.36385158901959,50
50.03784580000138,35.81712051000001,93.36385158901959,50
50.06981440000163,35.81712051000001,93.36385158901959,50
50.101798400000916,35.81712051000001,93.36385158901959,50
50.13376370000151,35.81712051000001,93.36385158901959,50
50.16580220000105,35.81712051000001,93.36385158901959,50
50.19784530000106,35.81712051000001,93.36385158901959,50
50.24584340000001,35.81712051000001,93.36385158901959,50
50.27770090000013,35.81712051000001,93.36385158901959,50
50.309943100000964,35.81712051000001,93.36385158901959,50
50.3420410000017,35.81712051000001,93.36385158901959,50
50.37379610000062,35.81712051000001,93.36385158901959,50
50.40585600000122,35.953307280000004,93.10750002196077,50
50.43783650000114,35.953307280000004,93.10750002196077,50
50.46981640000013,35.953307280000004,93.10750002196077,50
50.501830600000176,35.953307280000004,93.10750002196077,50
50.533814400001575,35.953307280000004,93.10750002196077,50
50.56583010000031,36.08949405,92.85114845490196,50
50.59792480000033,36.08949405,92.85114845490196,50
50.64586810000037,36.08949405,92.85114845490196,50
50.67785290000029,36.22568082000001,92.59479688784312,50
50.709868000001734,36.22568082000001,92.59479688784312,50
50.741816700001436,36.22568082000001,92.59479688784312,50
50.7738113000014,36.22568082000001,92.59479688784312,50
50.80584310000086,36.22568082000001,92.59479688784312,50
50.83781010000166,36.22568082000001,92.59479688784312,50
50.86983160000091,36.22568082000001,92.59479688784312,50
50.901756600000226,36.22568082000001,92.59479688784312,50
50.93379940000159,36.36186759,92.3384453207843,50
50.965842200001134,36.36186759,92.3384453207843,50
50.99773840000125,36.36186759,92.3384453207843,50
51.045974800001204,36.36186759,92.3384453207843,50
51.07789120000052,36.36186759,92.3384453207843,50
51.10972970000148,36.36186759,92.3384453207843,50
51.141820100001496,36.36186759,92.3384453207843,50
51.17377570000099,36.22568082000001,92.59479688784312,50
51.20584390000113,36.22568082000001,92.59479688784312,50
51.237854300001345,36.22568082000001,92.59479688784312,50
51.26992170000085,36.22568082000001,92.59479688784312,50
51.301757900000666,36.22568082000001,92.59479688784312,50
51.33379310000055,36.22568082000001,92.59479688784312,50
51.36586190000162,36.22568082000001,92.59479688784312,50
51.39763230000062,36.36186759,92.3384453207843,50
51.44582900000023,36.36186759,92.3384453207843,50
51.47791580000012,36.36186759,92.3384453207843,50
51.50972980000006,36.49805436,92.08209375372549,50
51.541805200000454,36.36186759,92.3384453207843,50
51.57380540000122,36.36186759,92.3384453207843,50
51.605778200000714,36.36186759,92.3384453207843,50
51.63785860000098,36.22568082000001,92.59479688784312,50
51.6698561000012,36.22568082000001,92.59479688784312,50
51.70182310000018,36.08949405,92.85114845490196,50
51.733748800001194,36.08949405,92.85114845490196,50
51.76580120000108,35.953307280000004,93.10750002196077,50
51.79808310000044,35.953307280000004,93.10750002196077,50
51.84581620000063,36.7704279,91.56939061960784,50
51.87784620000093,36.63424113000001,91.82574218666664,50
51.9100569000002,36.63424113000001,91.82574218666664,50
51.94180580000102,36.63424113000001,91.82574218666664,50
51.97375700000157,36.63424113000001,91.82574218666664,50
52.00578480000149,36.7704279,91.56939061960784,50
52.03780910000023,36.7704279,91.56939061960784,50
52.06983200000104,36.7704279,91.56939061960784,50
52.10183530000177,36.7704279,91.56939061960784,50
52.133700400001544,36.63424113000001,91.82574218666664,50
52.1659393000009,36.63424113000001,91.82574218666664,50
52.19804230000045,35.81712051000001,93.36385158901959,50
52.2457658000003,35.68093374,93.62020315607843,50
52.27784490000158,35.68093374,93.62020315607843,50
52.30981970000175,35.544746970000006,93.87655472313725,50
52.34178370000154,35.544746970000006,93.87655472313725,50
52.37383610000143,35.4085602,94.13290629019609,50
52.40581380000003,35.4085602,94.13290629019609,50
52.43794290000005,35.4085602,94.13290629019609,50
52.469770400000925,35.4085602,94.13290629019609,50
52.50191700000141,35.4085602,94.13290629019609,50
52.534017400001176,35.4085602,94.13290629019609,50
52.56587630000104,35.4085602,94.13290629019609,50
52.59776410000086,35.4085602,94.13290629019609,50
52.645854500000496,35.4085602,94.13290629019609,50
52.67778180000096,35.27237343,94.38925785725489,50
52.7097560000002,35.27237343,94.38925785725489,50
52.74177620000046,35.13618666000001,94.64560942431372,50
52.7737973000003,35.13618666000001,94.64560942431372,50
52.80584550000094,35.13618666000001,94.64560942431372,50
52.8377554000017,35.13618666000001,94.64560942431372,50
52.86975480000001,35.13618666000001,94.64560942431372,50
52.90194650000012,35.27237343,94.38925785725489,50
52.93386100000134,35.27237343,94.38925785725489,50
52.965836800000034,35.4085602,94.13290629019609,50
52.99781530000109,35.13618666000001,94.64560942431372,50
53.045774100000926,35.27237343,94.38925785725489,50
53.07783550000022,35.27237343,94.38925785725489,50
53.10977130000174,35.27237343,94.38925785725489,50
53.141819000000396,35.27237343,94.38925785725489,50
53.173857400001,35.27237343,94.38925785725489,50
53.20576510000137,35.27237343,94.38925785725489,50
53.23784600000181,35.4085602,94.13290629019609,50
53.2701614000016,35.4085602,94.13290629019609,50
53.301939900000434,35.4085602,94.13290629019609,50
53.333765200000926,35.4085602,94.13290629019609,50
53.36577150000085,35.4085602,94.13290629019609,50
53.397870100001455,35.4085602,94.13290629019609,50
53.44585300000108,35.4085602,94.13290629019609,50
53.47784900000079,35.27237343,94.38925785725489,50
53.509699700000056,35.27237343,94.38925785725489,50
53.54182330000003,35.27237343,94.38925785725489,50
53.57378030000109,35.27237343,94.38925785725489,50
53.60582720000093,35.27237343,94.38925785725489,50
53.63804810000147,35.27237343,94.38925785725489,50
53.66999900000155,35.27237343,94.38925785725489,50
53.70186830000057,35.27237343,94.38925785725489,50
53.73386060000121,35.27237343,94.38925785725489,50
53.76580170000125,35.27237343,94.38925785725489,50
53.79786310000054,35.27237343,94.38925785725489,50
53.845723700000235,35.27237343,94.38925785725489,50
53.87778360000084,35.4085602,94.13290629019609,50
53.90974570000071,35.4085602,94.13290629019609,50
53.94183690000136,35.4085602,94.13290629019609,50
53.973794600000474,35.4085602,94.13290629019609,50
54.005826100001286,35.27237343,94.38925785725489,50
54.03776090000065,35.27237343,94.38925785725489,50
54.06980290000138,35.13618666000001,94.64560942431372,50
54.101858100000754,35.13618666000001,94.64560942431372,50
54.133797100001175,35.13618666000001,94.64560942431372,50
54.1657277000013,34.99999989,94.90196099137255,50
54.19773090000126,34.99999989,94.90196099137255,50
54.24580280000009,34.99999989,94.90196099137255,50
54.2777698000009,34.99999989,94.90196099137255,50
54.30975740000031,34.86381312,95.15831255843136,50
54.341810000001715,34.86381312,95.15831255843136,50
54.373915100000886,34.86381312,95.15831255843136,50
54.40604930000154,34.86381312,95.15831255843136,50
54.43785610000123,34.86381312,95.15831255843136,50
54.46965220000129,34.86381312,95.15831255843136,50
54.50178720000076,34.72762635000001,95.41466412549018,50
54.53372980000131,34.72762635000001,95.41466412549018,50
54.565761900001235,34.59143958,95.67101569254902,50
54.59780530000171,34.59143958,95.67101569254902,50
54.64578840000104,34.59143958,95.67101569254902,50
54.677768800000194,34.59143958,95.67101569254902,50
54.70965690000048,34.59143958,95.67101569254902,50
54.74195270000018,34.59143958,95.67101569254902,50
54.773986800000785,34.72762635000001,95.41466412549018,50
54.80584180000005,34.72762635000001,95.41466412549018,50
54.837836400000015,34.86381312,95.15831255843136,50
54.86975840000014,34.86381312,95.15831255843136,50
54.90179220000027,34.86381312,95.15831255843136,50
54.93379890000142,34.86381312,95.15831255843136,50
54.9657700000007,35.68093374,93.62020315607843,50
54.997944100001405,35.68093374,93.62020315607843,50
55.04606310000054,34.99999989,94.90196099137255,50
55.0778603000017,35.81712051000001,93.36385158901959,50
55.109754000000976,35.81712051000001,93.36385158901959,50
55.142004799999995,35.13618666000001,94.64560942431372,50
55.17381810000006,35.13618666000001,94.64560942431372,50
55.205765800001245,35.13618666000001,94.64560942431372,50
55.23777990000053,35.13618666000001,94.64560942431372,50
55.269812500000626,35.13618666000001,94.64560942431372,50
55.301797900001475,35.13618666000001,94.64560942431372,50
55.33382320000055,35.13618666000001,94.64560942431372,50
55.36576590000004,35.13618666000001,94.64560942431372,50
55.39779660000022,35.13618666000001,94.64560942431372,50
55.445775900001536,35.27237343,94.38925785725489,50
55.47777770000175,35.27237343,94.38925785725489,50
55.50997890000144,35.68093374,93.62020315607843,50
55.54175750000104,35.68093374,93.62020315607843,50
55.573732500000915,36.49805436,92.08209375372549,50
55.60584190000009,36.49805436,92.08209375372549,50
55.63775000000169,36.63424113000001,91.82574218666664,50
55.669732500000464,36.63424113000001,91.82574218666664,50
55.70180920000166,36.7704279,91.56939061960784,50
55.73387900000125,36.7704279,91.56939061960784,50
55.76579930000116,36.90661467000001,91.31303905254899,50
55.79770800000006,37.042801440000005,91.05668748549019,50
55.8457913000002,37.042801440000005,91.05668748549019,50
55.8778241,37.17898821,90.80033591843137,50
55.90978620000169,36.49805436,92.08209375372549,50
55.94172820000131,36.49805436,92.08209375372549,50
55.97382060000018,36.63424113000001,91.82574218666664,50
56.005728800000725,36.63424113000001,91.82574218666664,50
56.0378105000018,36.63424113000001,91.82574218666664,50
56.06972840000162,36.63424113000001,91.82574218666664,50
56.101826100000835,36.7704279,91.56939061960784,50
56.13381800000025,36.63424113000001,91.82574218666664,50
56.1657395000002,36.7704279,91.56939061960784,50
56.197800600000846,36.36186759,92.3384453207843,50
56.24590850000095,36.36186759,92.3384453207843,50
56.27784380000048,36.36186759,92.3384453207843,50
56.309758300001704,36.36186759,92.3384453207843,50
56.34193740000046,36.63424113000001,91.82574218666664,50
56.37389080000139,36.63424113000001,91.82574218666664,50
56.40574460000062,36.63424113000001,91.82574218666664,50
56.43778350000139,36.63424113000001,91.82574218666664,50
56.46978560000025,36.7704279,91.56939061960784,50
56.501878600000055,36.63424113000001,91.82574218666664,50
56.53380660000039,36.63424113000001,91.82574218666664,50
56.56574730000102,36.63424113000001,91.82574218666664,50
56.59798840000076,36.49805436,92.08209375372549,50
56.645813900000576,36.49805436,92.08209375372549,50
56.67780810000113,36.49805436,92.08209375372549,50
56.70975520000138,36.36186759,92.3384453207843,50
56.74182710000059,36.36186759,92.3384453207843,50
56.773791300000084,36.36186759,92.3384453207843,50
56.8058402000006,36.36186759,92.3384453207843,50
56.83776200000102,36.36186759,92.3384453207843,50
56.86980890000086,36.36186759,92.3384453207843,50
56.901819000000614,36.36186759,92.3384453207843,50
56.933736100001624,36.22568082000001,92.59479688784312,50
56.96613300000172,36.22568082000001,92.59479688784312,50
56.99790120000034,36.22568082000001,92.59479688784312,50
57.0458133000011,36.08949405,92.85114845490196,50
57.0778078000003,36.08949405,92.85114845490196,50
57.10966440000084,36.08949405,92.85114845490196,50
57.14174180000009,35.953307280000004,93.10750002196077,50
57.173740300000645,35.953307280000004,93.10750002196077,50
57.20575270000154,35.953307280000004,93.10750002196077,50
57.23788460000105,35.953307280000004,93.10750002196077,50
57.26980740000181,35.953307280000004,93.10750002196077,50
57.30164720000175,35.953307280000004,93.10750002196077,50
57.3338760000006,35.953307280000004,93.10750002196077,50
57.3659398000018,35.953307280000004,93.10750002196077,50
57.39780470000005,36.08949405,92.85114845490196,50
57.445807400001286,36.08949405,92.85114845490196,50
57.477860600001804,36.22568082000001,92.59479688784312,50
57.50968340000145,36.22568082000001,92.59479688784312,50
57.541731000001164,36.22568082000001,92.59479688784312,50
57.573945000000094,36.36186759,92.3384453207843,50
57.60584030000064,36.36186759,92.3384453207843,50
57.63789320000069,36.36186759,92.3384453207843,50
57.6698733000012,36.36186759,92.3384453207843,50
57.70220810000137,36.36186759,92.3384453207843,50
57.734050600000046,36.36186759,92.3384453207843,50
57.765782800001034,36.22568082000001,92.59479688784312,50
57.79779800000142,36.22568082000001,92.59479688784312,50
57.84576710000147,36.22568082000001,92.59479688784312,50
57.87782060000063,36.22568082000001,92.59479688784312,50
57.909747500001686,36.22568082000001,92.59479688784312,50
57.9418540000006,36.36186759,92.3384453207843,50
57.973808500000814,36.36186759,92.3384453207843,50
58.00582750000103,36.36186759,92.3384453207843,50
58.037725500000306,36.36186759,92.3384453207843,50
58.06997780000165,36.36186759,92.3384453207843,50
58.10189640000135,36.36186759,92.3384453207843,50
58.13378820000071,36.36186759,92.3384453207843,50
58.16584580000017,36.36186759,92.3384453207843,50
58.197779200001605,36.36186759,92.3384453207843,50
58.24577320000026,36.36186759,92.3384453207843,50
58.27790440000172,36.36186759,92.3384453207843,50
58.30973890000132,36.36186759,92.3384453207843,50
58.34182320000036,36.36186759,92.3384453207843,50
58.373788500000956,36.36186759,92.3384453207843,50
58.40576670000155,36.36186759,92.3384453207843,50
58.43785080000089,36.36186759,92.3384453207843,50
58.46983270000055,36.36186759,92.3384453207843,50
58.50182170000153,36.22568082000001,92.59479688784312,50
58.53371360000165,36.22568082000001,92.59479688784312,50
58.565820600000734,36.22568082000001,92.59479688784312,50
58.59781430000112,36.22568082000001,92.59479688784312,50
58.645753500000865,36.90661467000001,91.31303905254899,50
58.67781490000016,36.90661467000001,91.31303905254899,50
58.7097743000013,36.90661467000001,91.31303905254899,50
58.74173640000117,36.90661467000001,91.31303905254899,50
58.77376100000038,36.90661467000001,91.31303905254899,50
58.80587680000099,36.90661467000001,91.31303905254899,50
58.83786990000044,36.90661467000001,91.31303905254899,50
58.869785600001705,36.90661467000001,91.31303905254899,50
58.90192510000088,37.042801440000005,91.05668748549019,50
58.933873900001345,37.042801440000005,91.05668748549019,50
58.965752600001,36.36186759,92.3384453207843,50
58.997678200001246,36.49805436,92.08209375372549,50
59.04580510000051,36.49805436,92.08209375372549,50
59.077784000000975,36.49805436,92.08209375372549,50
59.10967720000008,36.63424113000001,91.82574218666664,50
59.14180730000044,36.63424113000001,91.82574218666664,50
59.17400510000152,36.63424113000001,91.82574218666664,50
59.20599200000106,36.63424113000001,91.82574218666664,50
59.23777060000066,36.63424113000001,91.82574218666664,50
59.26982410000164,36.63424113000001,91.82574218666664,50
59.301843800001734,36.63424113000001,91.82574218666664,50
59.333765100000164,36.63424113000001,91.82574218666664,50
59.365768800000296,36.7704279,91.56939061960784,50
59.397787900001276,36.63424113000001,91.82574218666664,50
59.445833500001754,36.7704279,91.56939061960784,50
59.47782880000159,36.63424113000001,91.82574218666664,50
59.509716800001115,36.63424113000001,91.82574218666664,50
59.54203250000137,36.63424113000001,91.82574218666664,50
59.574170000001686,36.63424113000001,91.82574218666664,50
59.605868000000555,36.63424113000001,91.82574218666664,50
59.637829900000725,36.63424113000001,91.82574218666664,50
59.66976800000157,36.63424113000001,91.82574218666664,50
59.7018220000009,36.63424113000001,91.82574218666664,50
59.733789400001115,36.49805436,92.08209375372549,50
59.765813300000445,36.22568082000001,92.59479688784312,50
59.79784340000151,36.22568082000001,92.59479688784312,50
59.829807600001004,36.22568082000001,92.59479688784312,50
59.877814900000885,36.22568082000001,92.59479688784312,50
59.90980370000034,36.22568082000001,92.59479688784312,50
59.94186090000039,36.22568082000001,92.59479688784312,50
59.97379440000077,36.22568082000001,92.59479688784312,50
60.00570540000081,36.22568082000001,92.59479688784312,50
60.037787500001286,36.22568082000001,92.59479688784312,50
60.06974430000082,36.08949405,92.85114845490196,50
60.101847500000076,36.08949405,92.85114845490196,50
60.13389840000127,35.953307280000004,93.10750002196077,50
60.16585530000157,35.953307280000004,93.10750002196077,50
60.19779160000144,35.953307280000004,93.10750002196077,50
60.22962530000041,35.953307280000004,93.10750002196077,50
60.27795950000109,35.953307280000004,93.10750002196077,50
60.309849100000065,36.08949405,92.85114845490196,50
60.34178040000006,36.08949405,92.85114845490196,50
60.373786400001336,36.08949405,92.85114845490196,50
60.40579720000096,36.08949405,92.85114845490196,50
60.43779760000143,36.08949405,92.85114845490196,50
60.469790200000716,36.08949405,92.85114845490196,50
60.50175460000173,36.08949405,92.85114845490196,50
60.53379170000153,36.08949405,92.85114845490196,50
60.56566980000025,36.08949405,92.85114845490196,50
60.597742000001745,35.953307280000004,93.10750002196077,50
60.62983730000087,35.953307280000004,93.10750002196077,50
60.67792460000055,35.953307280000004,93.10750002196077,50
60.70975500000168,35.953307280000004,93.10750002196077,50
60.74185140000009,35.81712051000001,93.36385158901959,50
60.77375790000042,35.81712051000001,93.36385158901959,50
60.80582780000077,35.81712051000001,93.36385158901959,50
60.83784680000099,35.68093374,93.62020315607843,50
60.86975310000162,35.544746970000006,93.87655472313725,50
60.90183480000087,35.544746970000006,93.87655472313725,50
60.93395100000089,35.4085602,94.13290629019609,50
60.96590720000131,35.27237343,94.38925785725489,50
60.997731200001,35.13618666000001,94.64560942431372,50
61.029987200001415,35.13618666000001,94.64560942431372,50
61.07783230000132,34.99999989,94.90196099137255,50
61.10973410000042,34.99999989,94.90196099137255,50
61.14176580000094,34.99999989,94.90196099137255,50
61.1736974000014,34.86381312,95.15831255843136,50
61.205825000000914,34.86381312,95.15831255843136,50
61.237742700001036,34.86381312,95.15831255843136,50
61.26981390000037,34.86381312,95.15831255843136,50
61.30172090000087,34.86381312,95.15831255843136,50
61.33380230000148,34.86381312,95.15831255843136,50
61.3656931000005,34.86381312,95.15831255843136,50
61.39816340000107,34.72762635000001,95.41466412549018,50
61.429906700001084,34.72762635000001,95.41466412549018,50
61.47777110000061,34.72762635000001,95.41466412549018,50
61.50978710000163,34.72762635000001,95.41466412549018,50
61.54178860000138,34.72762635000001,95.41466412549018,50
61.57380150000063,35.4085602,94.13290629019609,50
61.60584680000102,35.4085602,94.13290629019609,50
61.637725800001135,35.4085602,94.13290629019609,50
61.66967720000139,35.27237343,94.38925785725489,50
61.70172860000093,35.27237343,94.38925785725489,50
61.733725300000515,35.27237343,94.38925785725489,50
61.76574360000086,35.27237343,94.38925785725489,50
61.79783480000151,35.27237343,94.38925785725489,50
61.82974430000104,34.455252810000005,95.92736725960783,50
61.87779170000067,34.455252810000005,95.92736725960783,50
61.90976740000042,34.455252810000005,95.92736725960783,50
61.94174050000038,34.455252810000005,95.92736725960783,50
61.973833200001536,34.31906604000001,96.18371882666665,50
62.005771600001026,34.31906604000001,96.18371882666665,50
62.037808700000824,34.31906604000001,96.18371882666665,50
62.069704500001535,34.31906604000001,96.18371882666665,50
62.10176500000125,35.13618666000001,94.64560942431372,50
62.13390000000072,35.13618666000001,94.64560942431372,50
62.16614440000012,35.27237343,94.38925785725489,50
62.198000800000955,35.27237343,94.38925785725489,50
62.22975430000042,35.13618666000001,94.64560942431372,50
62.27790500000083,35.13618666000001,94.64560942431372,50
62.309768500001155,35.13618666000001,94.64560942431372,50
62.341760300001624,35.13618666000001,94.64560942431372,50
62.37375400000019,35.13618666000001,94.64560942431372,50
62.40577780000058,35.13618666000001,94.64560942431372,50
62.437791900001685,35.13618666000001,94.64560942431372,50
62.46976440000071,35.13618666000001,94.64560942431372,50
62.5020542000002,35.27237343,94.38925785725489,50
62.533861400001115,35.27237343,94.38925785725489,50
62.56578450000052,35.27237343,94.38925785725489,50
62.597806700001456,35.27237343,94.38925785725489,50
62.629770600000484,35.27237343,94.38925785725489,50
62.67780160000075,35.4085602,94.13290629019609,50
62.70976510000037,35.4085602,94.13290629019609,50
62.74179320000076,34.72762635000001,95.41466412549018,50
62.77378730000055,34.72762635000001,95.41466412549018,50
62.805726600001435,34.72762635000001,95.41466412549018,50
62.83775910000077,34.72762635000001,95.41466412549018,50
62.869819200001075,34.72762635000001,95.41466412549018,50
62.90202130000034,34.72762635000001,95.41466412549018,50
62.93381100000079,34.59143958,95.67101569254902,50
62.96581160000096,34.59143958,95.67101569254902,50
62.99788020000051,34.59143958,95.67101569254902,50
63.02994540000145,34.59143958,95.67101569254902,50
63.07784130000073,34.59143958,95.67101569254902,50
63.10976860000119,34.59143958,95.67101569254902,50
63.14179000000149,34.59143958,95.67101569254902,50
63.173945900000035,34.455252810000005,95.92736725960783,50
63.205891800000245,34.59143958,95.67101569254902,50
63.238051900001665,34.455252810000005,95.92736725960783,50
63.26981230000092,34.455252810000005,95.92736725960783,50
63.301827300001605,34.455252810000005,95.92736725960783,50
63.3338461000003,34.455252810000005,95.92736725960783,50
63.365827000001445,34.455252810000005,95.92736725960783,50
63.3977401000011,34.455252810000005,95.92736725960783,50
63.429786000000604,34.455252810000005,95.92736725960783,50
63.47781500000019,34.455252810000005,95.92736725960783,50
63.50977750000129,34.455252810000005,95.92736725960783,50
63.54186070000105,34.31906604000001,96.18371882666665,50
63.57375180000054,34.31906604000001,96.18371882666665,50
63.60618760000034,34.31906604000001,96.18371882666665,50
63.63806570000088,34.31906604000001,96.18371882666665,50
63.66978510000081,34.455252810000005,95.92736725960783,50
63.70185280000078,34.455252810000005,95.92736725960783,50
63.73389540000062,34.59143958,95.67101569254902,50
63.7657820000004,34.59143958,95.67101569254902,50
63.79781350000121,34.72762635000001,95.41466412549018,50
63.829872800000885,34.86381312,95.15831255843136,50
63.87778630000139,34.86381312,95.15831255843136,50
63.909733600001346,34.99999989,94.90196099137255,50
63.94170920000033,35.13618666000001,94.64560942431372,50
63.97404530000131,35.27237343,94.38925785725489,50
64.00582790000044,35.4085602,94.13290629019609,50
64.03779840000061,35.4085602,94.13290629019609,50
64.06972640000095,35.544746970000006,93.87655472313725,50
64.10171170000103,35.544746970000006,93.87655472313725,50
64.13378560000092,35.68093374,93.62020315607843,50
64.16582220000055,35.68093374,93.62020315607843,50
64.19783980000102,35.81712051000001,93.36385158901959,50
64.2297350000008,35.81712051000001,93.36385158901959,50
64.27771080000093,35.953307280000004,93.10750002196077,50
64.30976200000077,35.953307280000004,93.10750002196077,50
64.34203410000009,36.08949405,92.85114845490196,50
64.37385760000143,36.22568082000001,92.59479688784312,50
64.40576910000163,36.22568082000001,92.59479688784312,50
64.43779420000101,36.36186759,92.3384453207843,50
64.46985900000072,36.36186759,92.3384453207843,50
64.50172380000004,36.49805436,92.08209375372549,50
64.5338496000004,36.63424113000001,91.82574218666664,50
64.56571930000064,36.63424113000001,91.82574218666664,50
64.59769960000085,36.7704279,91.56939061960784,50
64.62984000000142,36.7704279,91.56939061960784,50
64.67769980000048,36.7704279,91.56939061960784,50
64.70991610000056,36.7704279,91.56939061960784,50
64.74186560000089,36.90661467000001,91.31303905254899,50
64.77374220000092,36.90661467000001,91.31303905254899,50
64.80576350000047,37.042801440000005,91.05668748549019,50
64.83772620000127,37.042801440000005,91.05668748549019,50
64.86975670000174,37.17898821,90.80033591843137,50
64.9018044000004,37.17898821,90.80033591843137,50
64.93384610000066,37.17898821,90.80033591843137,50
64.96592990000136,37.17898821,90.80033591843137,50
64.99785630000042,37.31517498000001,90.54398435137253,50
65.02983400000085,37.31517498000001,90.54398435137253,50
65.07786750000014,37.31517498000001,90.54398435137253,50
65.10978850000174,37.31517498000001,90.54398435137253,50
65.1417874000017,37.451361750000004,90.28763278431371,50
65.17381330000171,37.58754852,90.03128121725491,50
65.20575270000154,37.58754852,90.03128121725491,50
65.23780010000155,37.58754852,90.03128121725491,50
65.26969740000095,37.58754852,90.03128121725491,50
65.30179230000067,37.58754852,90.03128121725491,50
65.33382820000043,37.58754852,90.03128121725491,50
65.36579600000005,37.58754852,90.03128121725491,50
65.3978375000006,37.451361750000004,90.28763278431371,50
65.43001180000101,37.451361750000004,90.28763278431371,50
65.47806130000026,37.451361750000004,90.28763278431371,50
65.50975940000171,37.451361750000004,90.28763278431371,50
65.54179450000083,37.58754852,90.03128121725491,50
65.57373770000049,37.58754852,90.03128121725491,50
65.6057552000002,37.58754852,90.03128121725491,50
65.6378274000017,37.451361750000004,90.28763278431371,50
65.66978170000039,37.451361750000004,90.28763278431371,50
65.70177400000102,37.451361750000004,90.28763278431371,50
65.73384220000116,37.451361750000004,90.28763278431371,50
65.76583520000167,37.58754852,90.03128121725491,50
65.79775270000027,37.58754852,90.03128121725491,50
65.82985120000012,37.58754852,90.03128121725491,50
65.87771990000147,37.58754852,90.03128121725491,50
65.90971120000177,37.58754852,90.03128121725491,50
65.94170790000135,37.58754852,90.03128121725491,50
65.97380920000069,37.451361750000004,90.28763278431371,50
66.00574720000077,37.451361750000004,90.28763278431371,50
66.03776890000154,37.451361750000004,90.28763278431371,50
66.06979030000002,37.31517498000001,90.54398435137253,50
66.10181150000062,37.31517498000001,90.54398435137253,50
66.1337564000005,37.17898821,90.80033591843137,50
66.16565580000133,37.17898821,90.80033591843137,50
66.19793700000082,37.042801440000005,91.05668748549019,50
66.22976660000131,37.042801440000005,91.05668748549019,50
66.27778560000115,36.90661467000001,91.31303905254899,50
66.30972860000111,36.90661467000001,91.31303905254899,50
66.34179620000032,36.7704279,91.56939061960784,50
66.37385060000088,36.7704279,91.56939061960784,50
66.40567310000006,36.63424113000001,91.82574218666664,50
66.43777420000151,36.63424113000001,91.82574218666664,50
66.46973250000156,36.49805436,92.08209375372549,50
66.50180530000034,36.36186759,92.3384453207843,50
66.53370500000165,35.953307280000004,93.10750002196077,50
66.56595610000113,35.81712051000001,93.36385158901959,50
66.59790740000062,36.08949405,92.85114845490196,50
66.6297779000015,35.953307280000004,93.10750002196077,50
66.67776220000087,35.68093374,93.62020315607843,50
66.70978260000084,35.81712051000001,93.36385158901959,50
66.74177360000067,35.81712051000001,93.36385158901959,50
66.77368980000028,35.81712051000001,93.36385158901959,50
66.80582530000174,35.68093374,93.62020315607843,50
66.83780510000179,35.68093374,93.62020315607843,50
66.8698140000015,35.544746970000006,93.87655472313725,50
66.90175380000073,35.544746970000006,93.87655472313725,50
66.93405250000069,35.4085602,94.13290629019609,50
66.96597140000085,35.27237343,94.38925785725489,50
66.9977998000013,35.27237343,94.38925785725489,50
67.02990610000052,35.13618666000001,94.64560942431372,50
67.07777180000085,34.99999989,94.90196099137255,50
67.10976090000077,34.86381312,95.15831255843136,50
67.14176430000043,34.86381312,95.15831255843136,50
67.1738460000015,34.72762635000001,95.41466412549018,50
67.20582530000138,34.72762635000001,95.41466412549018,50
67.23775090000163,34.72762635000001,95.41466412549018,50
67.26976770000147,34.59143958,95.67101569254902,50
67.30196540000179,34.59143958,95.67101569254902,50
67.33382330000131,34.455252810000005,95.92736725960783,50
67.36576820000118,34.455252810000005,95.92736725960783,50
67.3977304,34.455252810000005,95.92736725960783,50
67.42975130000013,34.31906604000001,96.18371882666665,50
67.4777791000015,34.31906604000001,96.18371882666665,50
67.50984580000113,34.31906604000001,96.18371882666665,50
67.5418909,34.31906604000001,96.18371882666665,50
67.5738452000005,34.31906604000001,96.18371882666665,50
67.60589160000018,34.31906604000001,96.18371882666665,50
67.63775670000177,34.31906604000001,96.18371882666665,50
67.66987680000057,34.31906604000001,96.18371882666665,50
67.70180340000115,34.31906604000001,96.18371882666665,50
67.7337907000001,34.31906604000001,96.18371882666665,50
67.76575690000027,34.31906604000001,96.18371882666665,50
67.79778250000163,34.18287927,96.44007039372549,50
67.82970550000027,34.18287927,96.44007039372549,50
67.8777656000002,34.18287927,96.44007039372549,50
67.90969740000037,34.18287927,96.44007039372549,50
67.94174210000165,34.18287927,96.44007039372549,50
67.97372670000004,34.18287927,96.44007039372549,50
68.00573990000157,34.18287927,96.44007039372549,50
68.03789340000003,34.18287927,96.44007039372549,50
68.06980980000117,34.18287927,96.44007039372549,50
68.10174650000044,34.18287927,96.44007039372549,50
68.13380040000084,34.18287927,96.44007039372549,50
68.1657178000005,34.18287927,96.44007039372549,50
68.19778820000101,34.31906604000001,96.18371882666665,50
68.22976930000004,34.31906604000001,96.18371882666665,50
68.2779197000018,34.455252810000005,95.92736725960783,50
68.30974610000158,34.455252810000005,95.92736725960783,50
68.34183910000138,34.59143958,95.67101569254902,50
68.3738624000016,34.72762635000001,95.41466412549018,50
68.40603290000035,34.86381312,95.15831255843136,50
68.43779580000046,34.86381312,95.15831255843136,50
68.46977780000088,34.86381312,95.15831255843136,50
68.50180060000093,34.99999989,94.90196099137255,50
68.53366250000181,35.13618666000001,94.64560942431372,50
68.56578250000166,35.13618666000001,94.64560942431372,50
68.5977139000006,35.27237343,94.38925785725489,50
68.629832300001,35.27237343,94.38925785725489,50
68.67775540000002,35.13618666000001,94.64560942431372,50
68.70976940000037,35.27237343,94.38925785725489,50
68.74175780000041,35.13618666000001,94.64560942431372,50
68.77406410000003,35.13618666000001,94.64560942431372,50
68.80591690000074,35.27237343,94.38925785725489,50
68.83779790000153,35.27237343,94.38925785725489,50
68.86969790000148,35.4085602,94.13290629019609,50
68.9017672000009,35.544746970000006,93.87655472313725,50
68.93379620000087,35.544746970000006,93.87655472313725,50
68.96581510000033,35.68093374,93.62020315607843,50
68.9977942000005,35.953307280000004,93.10750002196077,50
69.02984600000127,36.08949405,92.85114845490196,50
69.0776446000018,36.22568082000001,92.59479688784312,50
69.10967960000016,36.36186759,92.3384453207843,50
69.14187870000023,36.36186759,92.3384453207843,50
69.17388970000138,36.49805436,92.08209375372549,50
69.20576580000125,36.49805436,92.08209375372549,50
69.23776460000045,36.49805436,92.08209375372549,50
69.26976000000104,36.63424113000001,91.82574218666664,50
69.30171210000117,36.63424113000001,91.82574218666664,50
69.33366840000053,36.7704279,91.56939061960784,50
69.36577900000157,36.90661467000001,91.31303905254899,50
69.39772710000034,37.042801440000005,91.05668748549019,50
69.4297486000014,37.17898821,90.80033591843137,50
69.47766180000144,37.31517498000001,90.54398435137253,50
69.50985330000003,37.451361750000004,90.28763278431371,50
69.54183500000181,37.58754852,90.03128121725491,50
69.5737620000018,37.58754852,90.03128121725491,50
69.60592200000065,37.72373529000001,89.77492965019607,50
69.63796490000095,37.72373529000001,89.77492965019607,50
69.66974720000144,37.72373529000001,89.77492965019607,50
69.70182950000162,37.72373529000001,89.77492965019607,50
69.73383110000032,37.58754852,90.03128121725491,50
69.76578370000061,37.31517498000001,90.54398435137253,50
69.79776120000133,37.31517498000001,90.54398435137253,50
69.82973480000146,37.451361750000004,90.28763278431371,50
69.87795770000048,37.451361750000004,90.28763278431371,50
69.90980610000042,37.451361750000004,90.28763278431371,50
69.94177870000021,37.58754852,90.03128121725491,50
69.97380190000149,37.58754852,90.03128121725491,50
70.00579350000044,37.72373529000001,89.77492965019607,50
70.03777730000002,37.72373529000001,89.77492965019607,50
70.06975600000078,37.85992206,89.51857808313726,50
70.10173460000078,37.85992206,89.51857808313726,50
70.13378570000168,37.99610883,89.26222651607844,50
70.16572470000028,37.99610883,89.26222651607844,50
70.19789760000094,38.132295600000006,89.0058749490196,50
70.22991920000095,38.132295600000006,89.0058749490196,50
70.27787470000112,38.132295600000006,89.0058749490196,50
70.30970360000174,38.132295600000006,89.0058749490196,50
70.34184730000015,38.132295600000006,89.0058749490196,50
70.37374590000036,38.132295600000006,89.0058749490196,50
70.40576160000091,38.26848237,88.74952338196078,50
70.43771590000142,38.26848237,88.74952338196078,50
70.46980460000123,38.26848237,88.74952338196078,50
70.50172510000084,38.26848237,88.74952338196078,50
70.5337926000011,38.26848237,88.74952338196078,50
70.56575530000009,38.26848237,88.74952338196078,50
70.5977227000003,38.26848237,88.74952338196078,50
70.62984530000176,38.132295600000006,89.0058749490196,50
70.67776720000074,38.132295600000006,89.0058749490196,50
70.70972140000049,38.132295600000006,89.0058749490196,50
70.74179150000055,37.99610883,89.26222651607844,50
70.77367780000168,37.99610883,89.26222651607844,50
70.8057385000011,37.85992206,89.51857808313726,50
70.83772640000097,37.85992206,89.51857808313726,50
70.86992440000176,37.72373529000001,89.77492965019607,50
70.90186740000172,37.72373529000001,89.77492965019607,50
70.93373920000158,37.58754852,90.03128121725491,50
70.96582510000007,37.451361750000004,90.28763278431371,50
70.99784300000101,37.31517498000001,90.54398435137253,50
71.02971300000172,37.17898821,90.80033591843137,50
71.07776770000055,37.042801440000005,91.05668748549019,50
71.10977790000106,36.90661467000001,91.31303905254899,50
71.14176990000124,36.7704279,91.56939061960784,50
71.17382090000137,36.63424113000001,91.82574218666664,50
71.20573570000124,36.63424113000001,91.82574218666664,50
71.23773940000137,36.49805436,92.08209375372549,50
71.26976630000172,36.36186759,92.3384453207843,50
71.30171930000142,36.36186759,92.3384453207843,50
71.33381570000165,36.22568082000001,92.59479688784312,50
71.36587040000086,36.08949405,92.85114845490196,50
71.39794910000091,36.08949405,92.85114845490196,50
71.4297103000008,35.953307280000004,93.10750002196077,50
71.47781980000036,35.81712051000001,93.36385158901959,50
71.5098392000018,35.81712051000001,93.36385158901959,50
71.54182150000088,35.68093374,93.62020315607843,50
71.57390970000051,35.68093374,93.62020315607843,50
71.60572440000033,35.544746970000006,93.87655472313725,50
71.63779380000051,35.544746970000006,93.87655472313725,50
71.66975560000174,35.4085602,94.13290629019609,50
71.70181150000099,35.4085602,94.13290629019609,50
71.73392710000007,35.4085602,94.13290629019609,50
71.76584700000058,35.27237343,94.38925785725489,50
71.79773640000167,35.13618666000001,94.64560942431372,50
71.82982790000096,35.13618666000001,94.64560942431372,50
71.8777181000005,34.99999989,94.90196099137255,50
71.90975660000004,34.86381312,95.15831255843136,50
71.94169070000135,34.86381312,95.15831255843136,50
71.97380280000107,34.72762635000001,95.41466412549018,50
72.00569820000055,34.59143958,95.67101569254902,50
72.03771620000043,34.59143958,95.67101569254902,50
72.06965130000026,34.59143958,95.67101569254902,50
72.10193260000051,34.59143958,95.67101569254902,50
72.13382040000033,35.4085602,94.13290629019609,50
72.16577530000177,35.4085602,94.13290629019609,50
72.19767330000104,35.544746970000006,93.87655472313725,50
72.22981370000161,35.544746970000006,93.87655472313725,50
72.27779570000166,35.544746970000006,93.87655472313725,50
72.30993040000067,35.544746970000006,93.87655472313725,50
72.34180100000049,35.544746970000006,93.87655472313725,50
72.37363530000039,35.544746970000006,93.87655472313725,50
72.40575210000134,35.544746970000006,93.87655472313725,50
72.43762030000107,35.544746970000006,93.87655472313725,50
72.46990650000043,34.99999989,94.90196099137255,50
72.50177660000008,34.99999989,94.90196099137255,50
72.53373090000059,34.86381312,95.15831255843136,50
72.56569050000144,34.86381312,95.15831255843136,50
72.5978378000018,34.86381312,95.15831255843136,50
72.62979330000053,34.86381312,95.15831255843136,50
72.67777380000007,34.99999989,94.90196099137255,50
72.70977780000067,34.99999989,94.90196099137255,50
72.74170100000083,34.99999989,94.90196099137255,50
72.77373380000063,34.99999989,94.90196099137255,50
72.80573210000148,34.86381312,95.15831255843136,50
72.83794030000172,34.99999989,94.90196099137255,50
72.86986830000023,34.99999989,94.90196099137255,50
72.90179890000036,34.99999989,94.90196099137255,50
72.93373990000146,34.99999989,94.90196099137255,50
72.96574780000083,34.99999989,94.90196099137255,50
72.99773400000049,35.13618666000001,94.64560942431372,50
73.02979800000139,35.13618666000001,94.64560942431372,50
73.07776370000101,35.13618666000001,94.64560942431372,50
73.10970340000131,35.27237343,94.38925785725489,50
73.14174650000132,35.27237343,94.38925785725489,50
73.17366790000051,35.27237343,94.38925785725489,50
73.20587920000071,35.27237343,94.38925785725489,50
73.23782070000016,34.99999989,94.90196099137255,50
73.26972680000108,34.99999989,94.90196099137255,50
73.3018204,34.99999989,94.90196099137255,50
73.33371960000113,34.99999989,94.90196099137255,50
73.3657776,34.99999989,94.90196099137255,50
73.39773590000004,35.13618666000001,94.64560942431372,50
73.42971880000005,35.13618666000001,94.64560942431372,50
73.4776892000009,35.13618666000001,94.64560942431372,50
73.50988970000071,35.13618666000001,94.64560942431372,50
73.54180140000062,35.13618666000001,94.64560942431372,50
73.57395840000027,35.13618666000001,94.64560942431372,50
73.60571840000011,35.13618666000001,94.64560942431372,50
73.63783290000174,35.13618666000001,94.64560942431372,50
73.66975470000034,35.27237343,94.38925785725489,50
73.70178410000153,35.27237343,94.38925785725489,50
73.73457290000079,35.13618666000001,94.64560942431372,50
73.76582020000023,35.13618666000001,94.64560942431372,50
73.79786920000151,35.13618666000001,94.64560942431372,50
73.82985110000118,35.13618666000001,94.64560942431372,50
73.8777026000007,35.13618666000001,94.64560942431372,50
73.9097236000016,35.13618666000001,94.64560942431372,50
73.94190650000019,35.13618666000001,94.64560942431372,50
73.97381980000137,35.13618666000001,94.64560942431372,50
74.00574080000115,35.13618666000001,94.64560942431372,50
74.03775680000035,34.99999989,94.90196099137255,50
74.06977870000082,34.99999989,94.90196099137255,50
74.10161940000035,34.99999989,94.90196099137255,50
74.13372200000049,34.99999989,94.90196099137255,50
74.16575680000096,34.99999989,94.90196099137255,50
74.19776190000084,34.99999989,94.90196099137255,50
74.22974450000038,34.99999989,94.90196099137255,50
74.27773040000102,34.99999989,94.90196099137255,50
74.30996780000169,34.86381312,95.15831255843136,50
74.341905700001,34.86381312,95.15831255843136,50
74.37376650000078,34.86381312,95.15831255843136,50
74.40566940000099,34.86381312,95.15831255843136,50
74.43776030000117,34.86381312,95.15831255843136,50
74.4698111000016,34.86381312,95.15831255843136,50
74.5017794000014,34.99999989,94.90196099137255,50
74.53375550000055,34.99999989,94.90196099137255,50
74.56567040000118,34.99999989,94.90196099137255,50
74.59783870000138,35.13618666000001,94.64560942431372,50
74.62967450000178,35.13618666000001,94.64560942431372,50
74.67794810000123,35.27237343,94.38925785725489,50
74.7098343000016,35.4085602,94.13290629019609,50
74.74189360000128,35.4085602,94.13290629019609,50
74.77392760000112,35.544746970000006,93.87655472313725,50
74.80565640000168,35.544746970000006,93.87655472313725,50
74.83772340000178,35.68093374,93.62020315607843,50
74.86973350000153,35.68093374,93.62020315607843,50
74.90176190000057,35.81712051000001,93.36385158901959,50
74.9337703000001,35.81712051000001,93.36385158901959,50
74.96580990000075,35.81712051000001,93.36385158901959,50
74.99774100000104,35.81712051000001,93.36385158901959,50
75.02980770000067,35.81712051000001,93.36385158901959,50
75.07782650000081,35.81712051000001,93.36385158901959,50
75.1097617000014,35.81712051000001,93.36385158901959,50
75.14170060000106,35.953307280000004,93.10750002196077,50
75.1737690000009,35.953307280000004,93.10750002196077,50
75.2056818000001,35.953307280000004,93.10750002196077,50
75.23779800000011,36.08949405,92.85114845490196,50
75.26970220000112,36.08949405,92.85114845490196,50
75.30173800000011,36.22568082000001,92.59479688784312,50
75.3338016000016,36.36186759,92.3384453207843,50
75.36582280000039,37.17898821,90.80033591843137,50
75.39777330000106,37.31517498000001,90.54398435137253,50
75.42981450000116,37.31517498000001,90.54398435137253,50
75.47777270000006,37.31517498000001,90.54398435137253,50
75.50967040000069,36.7704279,91.56939061960784,50
75.54165590000048,36.7704279,91.56939061960784,50
75.57367560000057,36.7704279,91.56939061960784,50
75.60577590000139,36.7704279,91.56939061960784,50
75.63771240000096,36.7704279,91.56939061960784,50
75.6697673000017,36.7704279,91.56939061960784,50
75.70176970000102,36.7704279,91.56939061960784,50
75.73366690000148,36.7704279,91.56939061960784,50
75.76580840000133,36.7704279,91.56939061960784,50
75.79786680000143,36.7704279,91.56939061960784,50
75.82989050000106,36.7704279,91.56939061960784,50
75.8778252000011,36.63424113000001,91.82574218666664,50
75.90973660000054,36.49805436,92.08209375372549,50
75.94172760000038,36.49805436,92.08209375372549,50
75.97376580000127,36.36186759,92.3384453207843,50
76.00572460000149,36.22568082000001,92.59479688784312,50
76.03774540000086,36.08949405,92.85114845490196,50
76.06978150000032,35.953307280000004,93.10750002196077,50
76.10215430000062,35.544746970000006,93.87655472313725,50
76.13385050000034,35.544746970000006,93.87655472313725,50
76.16578940000181,35.4085602,94.13290629019609,50
76.19786990000102,35.4085602,94.13290629019609,50
76.22976270000072,35.68093374,93.62020315607843,50
76.27777640000022,35.27237343,94.38925785725489,50
76.3097069000014,35.544746970000006,93.87655472313725,50
76.34177880000061,35.544746970000006,93.87655472313725,50
76.3737884000002,35.544746970000006,93.87655472313725,50
76.40579330000037,35.4085602,94.13290629019609,50
76.43772630000058,35.4085602,94.13290629019609,50
76.46970450000117,35.4085602,94.13290629019609,50
76.50165290000041,35.4085602,94.13290629019609,50
76.5336997000013,35.27237343,94.38925785725489,50
76.56571320000148,35.27237343,94.38925785725489,50
76.59773230000064,35.27237343,94.38925785725489,50
76.62970760000098,35.13618666000001,94.64560942431372,50
76.67777380000007,35.13618666000001,94.64560942431372,50
76.70975400000134,35.13618666000001,94.64560942431372,50
76.74167320000015,35.13618666000001,94.64560942431372,50
76.7737700000016,35.13618666000001,94.64560942431372,50
76.80576800000017,35.13618666000001,94.64560942431372,50
76.83773720000136,35.13618666000001,94.64560942431372,50
76.86971280000034,35.13618666000001,94.64560942431372,50
76.90183010000146,35.13618666000001,94.64560942431372,50
76.93376100000023,35.13618666000001,94.64560942431372,50
76.96578530000079,35.13618666000001,94.64560942431372,50
76.99778480000168,35.13618666000001,94.64560942431372,50
77.02978790000088,35.13618666000001,94.64560942431372,50
77.07773140000063,35.13618666000001,94.64560942431372,50
77.10982200000035,35.13618666000001,94.64560942431372,50
77.1418190000004,34.99999989,94.90196099137255,50
77.1736961000006,34.99999989,94.90196099137255,50
77.20568080000157,34.99999989,94.90196099137255,50
77.23772540000027,34.99999989,94.90196099137255,50
77.27001360000031,34.99999989,94.90196099137255,50
77.30170110000108,34.99999989,94.90196099137255,50
77.3337485000011,35.13618666000001,94.64560942431372,50
77.36566600000151,35.13618666000001,94.64560942431372,50
77.39778790000128,35.27237343,94.38925785725489,50
77.42972520000149,35.27237343,94.38925785725489,50
77.47770060000039,35.27237343,94.38925785725489,50
77.50960920000034,35.27237343,94.38925785725489,50
77.54176310000003,35.4085602,94.13290629019609,50
77.57373240000015,35.4085602,94.13290629019609,50
77.60575990000143,35.544746970000006,93.87655472313725,50
77.63798830000087,35.544746970000006,93.87655472313725,50
77.66967740000109,35.68093374,93.62020315607843,50
77.70180770000115,35.68093374,93.62020315607843,50
77.73371600000064,35.68093374,93.62020315607843,50
77.76580450000074,35.81712051000001,93.36385158901959,50
77.79784140000083,35.81712051000001,93.36385158901959,50
77.82972530000006,35.81712051000001,93.36385158901959,50
77.87775320000037,35.81712051000001,93.36385158901959,50
77.90970520000155,35.81712051000001,93.36385158901959,50
77.94177060000038,35.81712051000001,93.36385158901959,50
77.97370590000173,35.81712051000001,93.36385158901959,50
78.00587330000053,35.81712051000001,93.36385158901959,50
78.03781870000057,35.953307280000004,93.10750002196077,50
78.06973000000107,36.08949405,92.85114845490196,50
78.1017666000007,36.22568082000001,92.59479688784312,50
78.13368570000057,36.22568082000001,92.59479688784312,50
78.16577150000012,36.36186759,92.3384453207843,50
78.1977605000011,36.49805436,92.08209375372549,50
78.22965160000058,37.17898821,90.80033591843137,50
78.27783580000141,37.31517498000001,90.54398435137253,50
78.3097658000006,37.31517498000001,90.54398435137253,50
78.34188930000164,37.451361750000004,90.28763278431371,50
78.37396770000123,37.451361750000004,90.28763278431371,50
78.40562560000035,37.58754852,90.03128121725491,50
78.43775480000113,37.58754852,90.03128121725491,50
78.4696769000002,37.72373529000001,89.77492965019607,50
78.50173430000177,37.85992206,89.51857808313726,50
78.53370310000173,37.85992206,89.51857808313726,50
78.5656594000011,37.31517498000001,90.54398435137253,50
78.59775190000073,37.451361750000004,90.28763278431371,50
78.62967630000094,37.451361750000004,90.28763278431371,50
78.67777650000062,37.58754852,90.03128121725491,50
78.70969470000091,37.58754852,90.03128121725491,50
78.74198260000048,37.58754852,90.03128121725491,50
78.77389740000035,37.451361750000004,90.28763278431371,50
78.80567610000071,37.451361750000004,90.28763278431371,50
78.8377941000017,37.58754852,90.03128121725491,50
78.86975520000124,37.58754852,90.03128121725491,50
78.90190970000003,37.58754852,90.03128121725491,50
78.93390420000105,37.58754852,90.03128121725491,50
78.9658382000016,37.58754852,90.03128121725491,50
78.99775880000016,37.58754852,90.03128121725491,50
79.02983360000144,37.58754852,90.03128121725491,50
79.07772810000097,37.72373529000001,89.77492965019607,50
79.11005690000093,37.72373529000001,89.77492965019607,50
79.14183890000095,37.85992206,89.51857808313726,50
79.1737189000014,37.85992206,89.51857808313726,50
79.20569520000026,37.85992206,89.51857808313726,50
79.23782180000126,37.99610883,89.26222651607844,50
79.26966090000133,37.99610883,89.26222651607844,50
79.30179020000105,37.99610883,89.26222651607844,50
79.3337861,37.99610883,89.26222651607844,50
79.36572220000016,37.99610883,89.26222651607844,50
79.39765660000012,37.99610883,89.26222651607844,50
79.42974220000178,37.99610883,89.26222651607844,50
79.47778960000142,37.99610883,89.26222651607844,50
79.50981400000092,37.99610883,89.26222651607844,50
79.54174910000074,37.99610883,89.26222651607844,50
79.57364100000086,37.99610883,89.26222651607844,50
79.60564790000171,37.99610883,89.26222651607844,50
79.63775250000072,37.99610883,89.26222651607844,50
79.6697277000003,37.99610883,89.26222651607844,50
79.70175740000013,37.99610883,89.26222651607844,50
79.73371970000153,37.85992206,89.51857808313726,50
79.7657108000003,37.85992206,89.51857808313726,50
79.79775040000095,37.72373529000001,89.77492965019607,50
79.82988590000059,37.72373529000001,89.77492965019607,50
79.87770450000062,37.58754852,90.03128121725491,50
79.90974130000177,37.58754852,90.03128121725491,50
79.9417151000016,37.451361750000004,90.28763278431371,50
79.9737778000017,37.451361750000004,90.28763278431371,50
80.00571100000161,37.451361750000004,90.28763278431371,50
80.03774060000069,37.31517498000001,81.13221964549018,45
80.06978010000057,37.31517498000001,81.13221964549018,45
80.10174330000154,37.17898821,81.38857121254902,45
80.1337949000008,37.042801440000005,81.64492277960782,45
80.1658120000011,36.90661467000001,81.90127434666664,45
80.1979349000012,36.7704279,82.15762591372548,45
80.22990700000082,36.63424113000001,82.4139774807843,45
80.27773340000022,36.49805436,82.67032904784314,45
80.3097069000014,36.22568082000001,83.18303218196077,45
80.34172340000077,36.08949405,83.4393837490196,45
80.37379000000146,35.953307280000004,83.69573531607843,45
80.4057610000018,35.81712051000001,83.95208688313724,45
80.43771860000015,35.68093374,84.20843845019607,45
80.46973300000172,35.544746970000006,84.4647900172549,45
80.50181890000022,35.544746970000006,84.4647900172549,45
80.53370340000038,35.4085602,84.72114158431373,45
80.56609050000043,35.4085602,84.72114158431373,45
80.59794910000164,35.27237343,84.97749315137256,45
80.6297237000017,35.27237343,84.97749315137256,45
80.67777760000172,34.99999989,85.4901962854902,45
80.70979340000122,34.86381312,85.74654785254901,45
80.74195220000001,34.72762635000001,86.00289941960783,45
80.77384500000153,34.455252810000005,86.51560255372547,45
80.80568690000109,34.31906604000001,86.77195412078429,45
80.83765740000126,34.18287927,87.02830568784313,45
80.86960940000063,34.046692500000006,87.28465725490194,45
80.90173340000001,34.59143958,86.25925098666667,45
80.9338669000008,34.455252810000005,86.51560255372547,45
80.96596710000085,34.18287927,87.02830568784313,45
80.9977815000002,34.046692500000006,87.28465725490194,45
81.02974770000037,33.910505730000004,87.54100882196077,45
81.07771270000012,33.77431896,87.7973603890196,45
81.10971820000123,33.50194542,88.31006352313726,45
81.14167770000131,33.365758650000004,88.56641509019607,45
81.1737307000003,33.22957188,88.8227666572549,45
81.20567650000157,33.09338511,89.07911822431373,45
81.23776630000066,32.957198340000005,89.33546979137255,45
81.26979690000007,32.6848248,89.8481729254902,45
81.30183520000173,32.548638030000006,90.104524492549,45
81.33374080000067,32.27626449,90.61722762666666,45
81.36563900000147,32.14007772000001,90.87357919372548,45
81.39776860000165,31.18677033,92.66804016313725,45
81.42969460000131,30.91439679,93.18074329725489,45
81.4777492000012,31.595330640000004,91.89898546196078,45
81.50967820000005,31.459143870000002,92.1553370290196,45
81.54174390000117,31.322957100000004,92.41168859607842,45
81.57374210000125,31.050583560000003,92.92439173019606,45
81.6056965000007,30.91439679,93.18074329725489,45
81.63764870000159,30.778210020000003,93.43709486431372,45
81.6698847000007,30.642023250000005,93.69344643137255,45
81.70201160000033,30.505836480000003,93.94979799843138,45
81.73377220000111,30.233462940000003,94.46250113254901,45
81.76569630000085,30.097276170000004,94.71885269960784,45
81.79774710000129,29.961089400000002,94.97520426666665,45
81.82979180000075,29.688715860000002,95.48790740078431,45
81.87780790000033,29.552529090000004,95.74425896784314,45
81.9098165000014,29.416342320000002,96.00061053490195,45
81.94179290000102,28.5992217,97.5387199372549,45
81.9738537000012,28.326848160000004,98.05142307137254,45
82.00569220000034,28.190661390000002,98.30777463843137,45
82.0377163000012,28.054474620000004,98.5641262054902,45
82.06990760000008,27.782101080000004,99.07682933960783,45
82.10173450000002,27.645914310000002,99.33318090666666,45
82.13370990000112,27.509727540000004,99.58953247372548,45
82.1656864000015,27.509727540000004,99.58953247372548,45
82.19774950000101,27.37354077,99.8458840407843,45
82.22977210000136,27.37354077,99.8458840407843,45
82.27778300000136,27.237354000000003,100.0,45
82.30972580000162,27.10116723,100.0,45
82.34174250000069,27.10116723,100.0,45
82.37372180000057,26.964980460000003,100.0,45
82.40585010000177,26.82879369,100.0,45
82.43794470000103,26.692606920000003,100.0,45
82.46980070000063,26.692606920000003,100.0,45
82.50174380000135,26.55642015,100.0,45
82.5337195000011,26.420233380000003,100.0,45
82.56583060000048,26.28404661,100.0,45
82.59776150000107,26.28404661,100.0,45
82.6298123000015,26.28404661,100.0,45
82.67764420000094,26.147859840000002,100.0,45
82.70975550000003,26.147859840000002,100.0,45
82.74173390000033,26.147859840000002,100.0,45
82.77369340000041,26.147859840000002,100.0,45
82.80576660000042,26.147859840000002,100.0,45
82.83769800000118,26.147859840000002,100.0,45
82.8697284000009,26.147859840000002,100.0,45
82.90174840000145,26.011673070000004,100.0,45
82.93375300000116,26.692606920000003,100.0,45
82.96574670000155,26.692606920000003,100.0,45
82.99773930000083,26.82879369,100.0,45
83.02975350000088,26.82879369,100.0,45
83.07772930000101,26.82879369,100.0,45
83.10971040000004,26.82879369,100.0,45
83.14174130000174,26.82879369,100.0,45
83.1740103000011,26.82879369,100.0,45
83.20583920000172,26.82879369,100.0,45
83.23773540000002,26.82879369,100.0,45
83.26986790000046,26.82879369,100.0,45
83.30169120000028,26.964980460000003,100.0,45
83.33364630000142,26.964980460000003,100.0,45
83.3656572000018,27.10116723,100.0,45
83.39779890000136,27.10116723,100.0,45
83.42971790000047,27.237354000000003,100.0,45
83.47775100000035,27.237354000000003,100.0,45
83.50976040000023,27.37354077,99.8458840407843,45
83.5418539000002,27.37354077,99.8458840407843,45
83.5738435000003,27.509727540000004,99.58953247372548,45
83.60577940000076,27.509727540000004,99.58953247372548,45
83.63773410000067,27.509727540000004,99.58953247372548,45
83.66973250000046,27.645914310000002,99.33318090666666,45
83.7017203000014,27.782101080000004,99.07682933960783,45
83.7337359000012,27.782101080000004,99.07682933960783,45
83.76575120000052,27.918287850000002,98.82047777254903,45
83.79770140000073,28.054474620000004,98.5641262054902,45
83.82980910000151,28.190661390000002,98.30777463843137,45
83.87767500000155,28.326848160000004,98.05142307137254,45
83.90973510000003,28.463034930000003,97.79507150431371,45
83.94161010000062,28.5992217,97.5387199372549,45
83.97373770000013,28.87159524,97.02601680313725,45
84.00574050000068,29.007782010000003,96.76966523607842,45
84.0377625000001,29.280155550000003,96.25696210196078,45
84.06968930000039,29.416342320000002,96.00061053490195,45
84.10175970000091,29.552529090000004,95.74425896784314,45
84.13371420000112,29.688715860000002,95.48790740078431,45
84.16574370000126,29.824902630000004,95.2315558337255,45
84.19766630000049,29.961089400000002,94.97520426666665,45
84.22968590000164,30.233462940000003,94.46250113254901,45
84.27774970000064,30.369649710000004,94.20614956549018,45
84.30984370000078,30.505836480000003,93.94979799843138,45
84.34177030000137,30.642023250000005,93.69344643137255,45
84.37373320000006,30.778210020000003,93.43709486431372,45
84.4056956000004,30.91439679,93.18074329725489,45
84.43772850000096,31.050583560000003,92.92439173019606,45
84.46964020000087,31.322957100000004,92.41168859607842,45
84.50172700000076,31.459143870000002,92.1553370290196,45
84.53377020000153,31.595330640000004,91.89898546196078,45
84.56584170000133,31.867704180000004,91.38628232784313,45
84.59770600000047,31.322957100000004,92.41168859607842,45
84.62994090000029,31.459143870000002,92.1553370290196,45
84.67785970000114,31.595330640000004,91.89898546196078,45
84.70975100000032,31.731517410000002,91.64263389490195,45
84.74174720000156,31.867704180000004,91.38628232784313,45
84.77369630000067,31.867704180000004,91.38628232784313,45
84.80579710000166,32.00389095,91.12993076078432,45
84.8377597000017,32.00389095,91.12993076078432,45
84.86968870000055,32.14007772000001,90.87357919372548,45
84.90169550000064,32.14007772000001,90.87357919372548,45
84.9336432,32.14007772000001,90.87357919372548,45
84.96569130000171,32.27626449,90.61722762666666,45
84.99794380000094,32.27626449,90.61722762666666,45
85.02989730000081,32.412451260000005,90.36087605960785,45
85.07774650000101,32.412451260000005,90.36087605960785,45
85.1097219000003,32.548638030000006,90.104524492549,45
85.1417848000001,32.548638030000006,90.104524492549,45
85.17375980000179,32.6848248,89.8481729254902,45
85.2058442000016,32.6848248,89.8481729254902,45
85.23776230000112,32.82101157,89.59182135843136,45
85.26980990000084,32.957198340000005,89.33546979137255,45
85.30172710000079,32.957198340000005,89.33546979137255,45
85.33373090000168,32.957198340000005,89.33546979137255,45
85.36580470000081,33.09338511,89.07911822431373,45
85.39783010000065,33.22957188,88.8227666572549,45
85.42971680000119,33.22957188,88.8227666572549,45
85.4777610000001,33.365758650000004,88.56641509019607,45
85.50972300000103,33.50194542,88.31006352313726,45
85.54171150000002,33.50194542,88.31006352313726,45
85.57372980000036,33.50194542,88.31006352313726,45
85.60576760000004,33.50194542,88.31006352313726,45
85.63773860000038,33.63813219000001,88.05371195607842,45
85.66962410000087,33.63813219000001,88.05371195607842,45
85.7017022,33.63813219000001,88.05371195607842,45
85.73377700000128,33.77431896,87.7973603890196,45
85.76575350000167,33.910505730000004,87.54100882196077,45
85.79774080000061,33.910505730000004,87.54100882196077,45
85.82973400000083,33.910505730000004,87.54100882196077,45
85.87762910000129,33.910505730000004,87.54100882196077,45
85.90958930000124,33.63813219000001,88.05371195607842,45
85.9416938000013,33.63813219000001,88.05371195607842,45
85.97371300000123,33.63813219000001,88.05371195607842,45
86.0056620000014,33.63813219000001,88.05371195607842,45
86.03775810000116,33.63813219000001,88.05371195607842,45
86.06977890000053,33.50194542,88.31006352313726,45
86.1019324000008,33.50194542,88.31006352313726,45
86.13423350000085,33.50194542,88.31006352313726,45
86.16582130000097,33.50194542,88.31006352313726,45
86.19762040000023,33.50194542,88.31006352313726,45
86.22968530000071,33.63813219000001,88.05371195607842,45
86.27770190000047,33.63813219000001,88.05371195607842,45
86.30969240000013,33.63813219000001,88.05371195607842,45
86.34166200000072,33.50194542,88.31006352313726,45
86.3737899000007,33.50194542,88.31006352313726,45
86.40571270000146,33.365758650000004,88.56641509019607,45
86.43773260000125,33.22957188,88.8227666572549,45
86.46994790000099,33.22957188,88.8227666572549,45
86.50186560000111,33.09338511,89.07911822431373,45
86.53375910000068,33.63813219000001,88.05371195607842,45
86.56568780000089,33.63813219000001,88.05371195607842,45
86.59782120000091,33.50194542,88.31006352313726,45
86.62969500000145,33.50194542,88.31006352313726,45
86.6777060000004,33.77431896,87.7973603890196,45
86.70962320000035,33.77431896,87.7973603890196,45
86.74178510000093,33.365758650000004,88.56641509019607,45
86.77377560000059,33.365758650000004,88.56641509019607,45
86.80572980000034,33.365758650000004,88.56641509019607,45
86.83792950000134,33.365758650000004,88.56641509019607,45
86.86982090000129,33.365758650000004,88.56641509019607,45
86.90171330000157,33.365758650000004,88.56641509019607,45
86.93370250000044,33.365758650000004,88.56641509019607,45
86.96573940000053,33.365758650000004,88.56641509019607,45
86.99773290000121,33.365758650000004,88.56641509019607,45
87.02974210000139,33.22957188,88.8227666572549,45
87.07772730000033,32.412451260000005,90.36087605960785,45
87.10975710000093,32.412451260000005,90.36087605960785,45
87.14168370000152,32.27626449,90.61722762666666,45
87.17365090000021,32.957198340000005,89.33546979137255,45
87.20582560000003,32.957198340000005,89.33546979137255,45
87.23784740000156,32.14007772000001,90.87357919372548,45
87.26966170000014,32.82101157,89.59182135843136,45
87.30173540000033,32.6848248,89.8481729254902,45
87.33372080000117,32.6848248,89.8481729254902,45
87.36572260000139,31.867704180000004,91.38628232784313,45
87.39770770000177,31.731517410000002,91.64263389490195,45
87.42957110000134,31.731517410000002,91.64263389490195,45
87.477816300001,31.595330640000004,91.89898546196078,45
87.50969630000145,31.459143870000002,92.1553370290196,45
87.54171860000133,31.459143870000002,92.1553370290196,45
87.57367160000103,31.459143870000002,92.1553370290196,45
87.6058481,31.322957100000004,92.41168859607842,45
87.63769540000067,31.322957100000004,92.41168859607842,45
87.6697335000008,31.18677033,92.66804016313725,45
87.70176370000081,31.18677033,92.66804016313725,45
87.73371740000039,31.050583560000003,92.92439173019606,45
87.76565750000009,31.050583560000003,92.92439173019606,45
87.79769510000006,30.91439679,93.18074329725489,45
87.82974980000108,30.91439679,93.18074329725489,45
87.87773590000143,30.778210020000003,93.43709486431372,45
87.909719700001,30.778210020000003,93.43709486431372,45
87.94168180000088,30.505836480000003,93.94979799843138,45
87.97392680000121,30.505836480000003,93.94979799843138,45
88.0057768000006,30.369649710000004,94.20614956549018,45
88.03797420000046,30.233462940000003,94.46250113254901,45
88.06979940000019,30.233462940000003,94.46250113254901,45
88.10175710000112,30.233462940000003,94.46250113254901,45
88.13365040000099,30.097276170000004,94.71885269960784,45
88.16574910000054,30.097276170000004,94.71885269960784,45
88.19779090000156,30.097276170000004,94.71885269960784,45
88.22969270000067,30.097276170000004,94.71885269960784,45
88.27766380000139,30.097276170000004,94.71885269960784,45
88.30989940000109,29.961089400000002,94.97520426666665,45
88.34178840000095,29.961089400000002,94.97520426666665,45
88.37367950000043,29.961089400000002,94.97520426666665,45
88.40564730000006,29.961089400000002,94.97520426666665,45
88.43769820000125,29.961089400000002,94.97520426666665,45
88.46970970000075,29.961089400000002,94.97520426666665,45
88.50170920000164,29.961089400000002,94.97520426666665,45
88.53368990000126,29.824902630000004,95.2315558337255,45
88.56567540000106,29.824902630000004,95.2315558337255,45
88.5976797000003,29.824902630000004,95.2315558337255,45
88.62975280000137,29.688715860000002,95.48790740078431,45
88.67771520000133,29.688715860000002,95.48790740078431,45
88.70982110000114,29.688715860000002,95.48790740078431,45
88.74160830000073,29.688715860000002,95.48790740078431,45
88.77361640000163,29.688715860000002,95.48790740078431,45
88.80573960000038,29.552529090000004,95.74425896784314,45
88.83771360000173,29.552529090000004,95.74425896784314,45
88.8697215000011,29.416342320000002,96.00061053490195,45
88.90168650000123,29.416342320000002,96.00061053490195,45
88.93371240000124,29.416342320000002,96.00061053490195,45
88.96563940000124,29.416342320000002,96.00061053490195,45
88.9977353000013,29.280155550000003,96.25696210196078,45
89.02973750000092,29.961089400000002,94.97520426666665,45
89.07780250000178,29.824902630000004,95.2315558337255,45
89.10968390000016,29.824902630000004,95.2315558337255,45
89.14174840000123,29.824902630000004,95.2315558337255,45
89.17365900000004,29.824902630000004,95.2315558337255,45
89.20580440000049,29.688715860000002,95.48790740078431,45
89.23781190000045,29.688715860000002,95.48790740078431,45
89.26979310000024,29.688715860000002,95.48790740078431,45
89.30175470000177,29.688715860000002,95.48790740078431,45
89.33366690000003,29.688715860000002,95.48790740078431,45
89.36571780000122,29.824902630000004,95.2315558337255,45
89.39776750000055,29.824902630000004,95.2315558337255,45
89.4299729000013,30.369649710000004,94.20614956549018,45
89.47768610000094,30.369649710000004,94.20614956549018,45
89.5097697000001,30.369649710000004,94.20614956549018,45
89.54171330000099,30.369649710000004,94.20614956549018,45
89.57369890000155,30.369649710000004,94.20614956549018,45
89.60574060000181,30.505836480000003,93.94979799843138,45
89.63772560000143,30.505836480000003,93.94979799843138,45
89.66971270000067,30.097276170000004,94.71885269960784,45
89.70169550000173,30.233462940000003,94.46250113254901,45
89.73373320000064,30.642023250000005,93.69344643137255,45
89.76564500000131,30.642023250000005,93.69344643137255,45
89.79813960000138,30.778210020000003,93.43709486431372,45
89.82989690000068,30.778210020000003,93.43709486431372,45
89.87774490000083,30.778210020000003,93.43709486431372,45
89.90975300000173,30.91439679,93.18074329725489,45
89.94175720000021,30.91439679,93.18074329725489,45
89.9736836000011,30.91439679,93.18074329725489,45
90.0056966000011,30.91439679,93.18074329725489,45
90.03767360000165,30.91439679,93.18074329725489,45
90.06975230000171,31.050583560000003,92.92439173019606,45
90.10168560000056,31.050583560000003,92.92439173019606,45
90.13366170000154,31.050583560000003,92.92439173019606,45
90.16580220000105,31.050583560000003,92.92439173019606,45
90.19781370000055,31.050583560000003,92.92439173019606,45
90.22971110000071,31.050583560000003,92.92439173019606,45
90.2776900000008,31.18677033,92.66804016313725,45
90.30970980000166,31.18677033,92.66804016313725,45
90.34172530000069,31.322957100000004,92.41168859607842,45
90.37373360000129,31.322957100000004,92.41168859607842,45
90.40574080000079,31.322957100000004,92.41168859607842,45
90.43773130000045,31.459143870000002,92.1553370290196,45
90.46964450000087,31.459143870000002,92.1553370290196,45
90.50168070000109,31.459143870000002,92.1553370290196,45
90.53386020000107,31.459143870000002,92.1553370290196,45
90.56573950000165,31.595330640000004,91.89898546196078,45
90.59773280000081,31.595330640000004,91.89898546196078,45
90.62973140000031,31.731517410000002,91.64263389490195,45
90.67775210000036,31.731517410000002,91.64263389490195,45
90.70980260000033,31.867704180000004,91.38628232784313,45
90.74165930000163,31.867704180000004,91.38628232784313,45
90.77368410000054,31.867704180000004,91.38628232784313,45
90.80561660000058,32.00389095,91.12993076078432,45
90.83774410000115,31.322957100000004,92.41168859607842,45
90.86965920000148,31.322957100000004,92.41168859607842,45
90.9019745000005,31.459143870000002,92.1553370290196,45
90.9338430000007,31.459143870000002,92.1553370290196,45
90.96574670000155,31.595330640000004,91.89898546196078,45
90.99769040000137,31.595330640000004,91.89898546196078,45
91.02967550000176,31.595330640000004,91.89898546196078,45
91.07773560000169,31.595330640000004,91.89898546196078,45
91.10968830000093,31.595330640000004,91.89898546196078,45
91.1417046000006,31.731517410000002,91.64263389490195,45
91.17375790000006,31.731517410000002,91.64263389490195,45
91.20577920000142,31.867704180000004,91.38628232784313,45
91.23762150000039,31.867704180000004,91.38628232784313,45
91.2699573000009,31.867704180000004,91.38628232784313,45
91.3019316000009,31.867704180000004,91.38628232784313,45
91.3337915000011,31.867704180000004,91.38628232784313,45
91.36563320000096,31.867704180000004,91.38628232784313,45
91.39773030000106,31.867704180000004,91.38628232784313,45
91.42980970000099,31.867704180000004,91.38628232784313,45
91.4777750000012,31.867704180000004,91.38628232784313,45
91.50977440000133,31.867704180000004,91.38628232784313,45
91.54168030000073,31.867704180000004,91.38628232784313,45
91.57365860000027,31.867704180000004,91.38628232784313,45
91.60571340000024,31.731517410000002,91.64263389490195,45
91.63784260000102,31.867704180000004,91.38628232784313,45
91.6697847000014,31.731517410000002,91.64263389490195,45
91.70164290000139,31.731517410000002,91.64263389490195,45
91.73367410000174,31.731517410000002,91.64263389490195,45
91.76564940000026,31.867704180000004,91.38628232784313,45
91.79770390000158,31.867704180000004,91.38628232784313,45
91.82968040000014,31.867704180000004,91.38628232784313,45
91.87769590000062,31.867704180000004,91.38628232784313,45
91.90968620000058,31.867704180000004,91.38628232784313,45
91.94167060000109,31.867704180000004,91.38628232784313,45
91.97376240000085,31.867704180000004,91.38628232784313,45
92.0057934000015,31.867704180000004,91.38628232784313,45
92.03793280000173,31.867704180000004,91.38628232784313,45
92.06971390000035,31.867704180000004,91.38628232784313,45
92.10173310000027,31.867704180000004,91.38628232784313,45
92.1337233000013,31.867704180000004,91.38628232784313,45
92.16570600000159,31.867704180000004,91.38628232784313,45
92.19764310000028,31.867704180000004,91.38628232784313,45
92.22969810000177,31.867704180000004,91.38628232784313,45
92.2776898000011,31.867704180000004,91.38628232784313,45
92.30968760000178,31.867704180000004,91.38628232784313,45
92.34172940000099,31.867704180000004,91.38628232784313,45
92.37395700000161,31.595330640000004,91.89898546196078,45
92.4059698000001,31.867704180000004,91.38628232784313,45
92.43768320000163,31.459143870000002,92.1553370290196,45
92.46976150000046,31.731517410000002,91.64263389490195,45
92.50174160000097,31.322957100000004,92.41168859607842,45
92.53431170000113,31.322957100000004,92.41168859607842,45
92.56572610000148,31.18677033,92.66804016313725,45
92.59777850000137,31.18677033,92.66804016313725,45
92.62967060000119,31.050583560000003,92.92439173019606,45
92.67779740000151,31.050583560000003,92.92439173019606,45
92.70981880000181,31.322957100000004,92.41168859607842,45
92.74201380000159,31.322957100000004,92.41168859607842,45
92.7737558000008,31.18677033,92.66804016313725,45
92.80574630000046,31.18677033,92.66804016313725,45
92.83772690000114,31.18677033,92.66804016313725,45
92.86975610000081,31.595330640000004,91.89898546196078,45
92.90169280000009,31.595330640000004,91.89898546196078,45
92.93370540000069,31.459143870000002,92.1553370290196,45
92.9657412000015,31.459143870000002,92.1553370290196,45
92.99768240000049,31.459143870000002,92.1553370290196,45
93.0296939000018,31.322957100000004,92.41168859607842,45
93.07765420000032,31.322957100000004,92.41168859607842,45
93.10978650000106,31.322957100000004,92.41168859607842,45
93.14179370000056,31.322957100000004,92.41168859607842,45
93.17369780000081,31.322957100000004,92.41168859607842,45
93.20567220000157,31.18677033,92.66804016313725,45
93.2377217000012,31.18677033,92.66804016313725,45
93.26963330000035,31.18677033,92.66804016313725,45
93.3017146000002,31.18677033,92.66804016313725,45
93.33386150000115,31.595330640000004,91.89898546196078,45
93.3658170000017,31.050583560000003,92.92439173019606,45
93.39778680000018,31.459143870000002,92.1553370290196,45
93.42957210000168,31.459143870000002,92.1553370290196,45
93.47781360000045,31.459143870000002,92.1553370290196,45
93.50980300000083,31.459143870000002,92.1553370290196,45
93.54200120000132,31.322957100000004,92.41168859607842,45
93.57371760000024,31.18677033,92.66804016313725,45
93.60570530000041,31.18677033,92.66804016313725,45
93.63769580000007,31.050583560000003,92.92439173019606,45
93.66975260000072,30.91439679,93.18074329725489,45
93.70169780000106,30.91439679,93.18074329725489,45
93.73377250000158,30.91439679,93.18074329725489,45
93.76566210000055,30.778210020000003,93.43709486431372,45
93.79768300000069,30.778210020000003,93.43709486431372,45
93.82973500000116,30.778210020000003,93.43709486431372,45
93.8778497000003,30.778210020000003,93.43709486431372,45
93.90972210000109,30.642023250000005,93.69344643137255,45
93.94168180000088,30.642023250000005,93.69344643137255,45
93.97379900000124,30.642023250000005,93.69344643137255,45
94.00585450000108,30.642023250000005,93.69344643137255,45
94.03783150000163,30.642023250000005,93.69344643137255,45
94.06969330000175,30.642023250000005,93.69344643137255,45
94.10166070000014,30.778210020000003,93.43709486431372,45
94.13375190000079,30.642023250000005,93.69344643137255,45
94.1656836000002,30.642023250000005,93.69344643137255,45
94.19764160000159,30.642023250000005,93.69344643137255,45
94.22993490000044,30.642023250000005,93.69344643137255,45
94.2779214000002,30.642023250000005,93.69344643137255,45
94.30974920000153,30.642023250000005,93.69344643137255,45
94.34176040000057,30.642023250000005,93.69344643137255,45
94.37378470000112,30.505836480000003,93.94979799843138,45
94.40577110000049,30.369649710000004,94.20614956549018,45
94.43780230000084,30.369649710000004,94.20614956549018,45
94.46966160000011,30.233462940000003,94.46250113254901,45
94.50174490000063,30.233462940000003,94.46250113254901,45
94.53358670000125,30.233462940000003,94.46250113254901,45
94.56566780000139,30.233462940000003,94.46250113254901,45
94.5977296000001,30.233462940000003,94.46250113254901,45
94.6297383000001,29.552529090000004,95.74425896784314,45
94.67772990000049,29.552529090000004,95.74425896784314,45
94.70972130000155,29.552529090000004,95.74425896784314,45
94.74167380000108,29.552529090000004,95.74425896784314,45
94.77373700000135,29.552529090000004,95.74425896784314,45
94.80568560000029,29.552529090000004,95.74425896784314,45
94.8377257000011,29.552529090000004,95.74425896784314,45
94.86962400000084,29.552529090000004,95.74425896784314,45
94.90168900000026,29.552529090000004,95.74425896784314,45
94.93368460000056,29.552529090000004,95.74425896784314,45
94.9658799000008,29.552529090000004,95.74425896784314,45
94.99780200000168,29.552529090000004,95.74425896784314,45
95.02964860000066,29.552529090000004,95.74425896784314,45
95.07761080000091,29.688715860000002,95.48790740078431,45
95.1097247000016,29.688715860000002,95.48790740078431,45
95.14173110000047,29.688715860000002,95.48790740078431,45
95.17370120000123,29.688715860000002,95.48790740078431,45
95.20578820000082,29.688715860000002,95.48790740078431,45
95.23767980000048,29.688715860000002,95.48790740078431,45
95.26969890000146,29.688715860000002,95.48790740078431,45
95.30170130000079,29.688715860000002,95.48790740078431,45
95.33390040000086,29.688715860000002,95.48790740078431,45
95.3658841000015,29.824902630000004,95.2315558337255,45
95.39762210000117,29.824902630000004,95.2315558337255,45
95.42975640000077,29.961089400000002,94.97520426666665,45
95.47776840000006,29.961089400000002,94.97520426666665,45
95.50967170000149,29.961089400000002,94.97520426666665,45
95.541730500001,30.097276170000004,94.71885269960784,45
95.5737276000018,30.097276170000004,94.71885269960784,45
95.6056675000018,30.233462940000003,94.46250113254901,45
95.63762930000121,30.233462940000003,94.46250113254901,45
95.669653500001,30.369649710000004,94.20614956549018,45
95.7018723000001,30.505836480000003,93.94979799843138,45
95.73384140000053,30.505836480000003,93.94979799843138,45
95.76567630000136,30.642023250000005,93.69344643137255,45
95.79775580000023,30.642023250000005,93.69344643137255,45
95.82978400000138,30.778210020000003,93.43709486431372,45
95.87771380000049,30.778210020000003,93.43709486431372,45
95.9097896000003,30.778210020000003,93.43709486431372,45
95.941603700001,30.91439679,93.18074329725489,45
95.9737305000017,30.91439679,93.18074329725489,45
96.00570780000089,30.91439679,93.18074329725489,45
96.03748630000155,31.050583560000003,92.92439173019606,45
96.06978340000023,31.050583560000003,92.92439173019606,45
96.10183830000096,31.18677033,92.66804016313725,45
96.13368450000053,31.18677033,92.66804016313725,45
96.165706400001,31.18677033,92.66804016313725,45
96.19756700000107,31.322957100000004,92.41168859607842,45
96.22969820000071,31.322957100000004,92.41168859607842,45
96.27771680000114,30.91439679,93.18074329725489,45
96.30963640000118,31.867704180000004,91.38628232784313,45
96.34172460000082,31.867704180000004,91.38628232784313,45
96.37364200000047,31.867704180000004,91.38628232784313,45
96.40558930000043,31.867704180000004,91.38628232784313,45
96.43763330000002,31.867704180000004,91.38628232784313,45
96.46980240000084,31.867704180000004,91.38628232784313,45
96.50168510000003,31.867704180000004,91.38628232784313,45
96.53375700000106,31.867704180000004,91.38628232784313,45
96.56582330000128,32.00389095,91.12993076078432,45
96.59773210000094,32.412451260000005,90.36087605960785,45
96.62960600000042,32.00389095,91.12993076078432,45
96.67770450000171,32.00389095,91.12993076078432,45
96.70968000000175,32.412451260000005,90.36087605960785,45
96.74172290000024,32.412451260000005,90.36087605960785,45
96.77367640000011,32.412451260000005,90.36087605960785,45
96.80590270000175,32.412451260000005,90.36087605960785,45
96.83764630000042,32.412451260000005,90.36087605960785,45
96.86977890000162,32.412451260000005,90.36087605960785,45
96.90174580000166,32.27626449,90.61722762666666,45
96.93376010000065,32.27626449,90.61722762666666,45
96.96571390000099,32.412451260000005,90.36087605960785,45
96.997714000001,32.412451260000005,90.36087605960785,45
97.02982650000013,32.412451260000005,90.36087605960785,45
97.0776936000002,32.27626449,90.61722762666666,45
97.1096933000008,32.27626449,90.61722762666666,45
97.14168540000173,32.27626449,90.61722762666666,45
97.17387740000049,32.412451260000005,90.36087605960785,45
97.20581240000138,32.412451260000005,90.36087605960785,45
97.23781130000134,32.412451260000005,90.36087605960785,45
97.26974100000007,32.412451260000005,90.36087605960785,45
97.3016873000015,32.412451260000005,90.36087605960785,45
97.33374110000113,32.412451260000005,90.36087605960785,45
97.36567420000029,32.548638030000006,90.104524492549,45
97.39762330000121,32.548638030000006,90.104524492549,45
97.4296417000005,32.6848248,89.8481729254902,45
97.47766280000178,32.6848248,89.8481729254902,45
97.50962150000123,32.6848248,89.8481729254902,45
97.541825100001,32.00389095,91.12993076078432,45
97.57373950000147,32.00389095,91.12993076078432,45
97.60567250000167,32.14007772000001,90.87357919372548,45
97.6377252000002,32.27626449,90.61722762666666,45
97.66973930000131,32.27626449,90.61722762666666,45
97.7016618000016,32.412451260000005,90.36087605960785,45
97.7336806000003,32.412451260000005,90.36087605960785,45
97.76568700000098,32.412451260000005,90.36087605960785,45
97.79767240000001,32.412451260000005,90.36087605960785,45
97.82973380000112,32.548638030000006,90.104524492549,45
97.87757300000158,32.548638030000006,90.104524492549,45
97.90981020000072,32.548638030000006,90.104524492549,45
97.9418338000014,32.548638030000006,90.104524492549,45
97.97378130000106,32.548638030000006,90.104524492549,45
98.00571410000157,32.548638030000006,90.104524492549,45
98.03764090000004,32.548638030000006,90.104524492549,45
98.06971700000031,32.27626449,90.61722762666666,45
98.10169180000048,32.27626449,90.61722762666666,45
98.13356640000165,32.27626449,90.61722762666666,45
98.1656836000002,32.27626449,90.61722762666666,45
98.19779350000135,32.27626449,90.61722762666666,45
98.2297021000013,32.27626449,90.61722762666666,45
98.27788910000163,32.14007772000001,90.87357919372548,45
98.30983320000087,32.14007772000001,90.87357919372548,45
98.34171370000149,32.14007772000001,90.87357919372548,45
98.3737099000009,32.14007772000001,90.87357919372548,45
98.40564590000031,32.14007772000001,90.87357919372548,45
98.43775060000007,32.14007772000001,90.87357919372548,45
98.46972450000067,32.14007772000001,90.87357919372548,45
98.50170220000109,32.00389095,91.12993076078432,45
98.53378490000068,32.00389095,91.12993076078432,45
98.56556230000024,32.00389095,91.12993076078432,45
98.59770480000043,32.00389095,91.12993076078432,45
98.62974910000048,31.867704180000004,91.38628232784313,45
98.67784270000084,31.867704180000004,91.38628232784313,45
98.70969580000019,31.731517410000002,91.64263389490195,45
98.7417389000002,31.731517410000002,91.64263389490195,45
98.77367120000054,31.595330640000004,91.89898546196078,45
98.80572590000156,31.459143870000002,92.1553370290196,45
98.83773790000123,31.459143870000002,92.1553370290196,45
98.86975230000098,31.322957100000004,92.41168859607842,45
98.90167210000072,31.322957100000004,92.41168859607842,45
98.93357520000063,31.459143870000002,92.1553370290196,45
98.96574800000053,31.459143870000002,92.1553370290196,45
98.99760300000162,31.050583560000003,92.92439173019606,45
99.02978870000152,31.459143870000002,92.1553370290196,45
99.07770340000025,31.459143870000002,92.1553370290196,45
99.10966130000088,32.00389095,91.12993076078432,45
99.14165990000038,32.00389095,91.12993076078432,45
99.17364720000114,31.867704180000004,91.38628232784313,45
99.20572970000103,31.867704180000004,91.38628232784313,45
99.23769020000145,31.867704180000004,91.38628232784313,45
99.26973230000112,31.731517410000002,91.64263389490195,45
99.30170530000032,31.731517410000002,91.64263389490195,45
99.33372560000134,31.731517410000002,91.64263389490195,45
99.36577590000161,31.731517410000002,91.64263389490195,45
99.39796550000028,31.731517410000002,91.64263389490195,45
99.4296159000005,32.00389095,91.12993076078432,45
99.47775000000001,32.00389095,91.12993076078432,45
99.5097237000009,32.00389095,91.12993076078432,45
99.54171080000015,32.00389095,91.12993076078432,45
99.57370430000083,32.00389095,91.12993076078432,45
99.60572550000143,32.00389095,91.12993076078432,45
99.637657700001,32.00389095,91.12993076078432,45
99.66970050000054,32.00389095,91.12993076078432,45
99.70171030000165,32.00389095,91.12993076078432,45
99.73365210000156,31.867704180000004,91.38628232784313,45
99.76592570000139,31.867704180000004,91.38628232784313,45
99.797816100001,31.731517410000002,91.64263389490195,45
99.8296801000015,31.731517410000002,91.64263389490195,45
99.8776695000015,31.731517410000002,91.64263389490195,45
99.90964940000049,31.595330640000004,91.89898546196078,45
99.94182680000085,31.595330640000004,91.89898546196078,45
99.97375830000055,31.595330640000004,91.89898546196078,45
100.00585530000171,31.595330640000004,91.89898546196078,45
100.03768720000153,31.595330640000004,91.89898546196078,45
100.06967550000081,31.595330640000004,91.89898546196078,45
100.10165390000111,31.595330640000004,91.89898546196078,45
100.13396280000052,31.459143870000002,92.1553370290196,45
100.16581100000076,31.459143870000002,92.1553370290196,45
100.19768170000134,31.459143870000002,92.1553370290196,45
100.22974840000097,31.322957100000004,92.41168859607842,45
100.27766600000177,31.322957100000004,92.41168859607842,45
100.30963800000063,31.18677033,92.66804016313725,45
100.34172440000111,31.18677033,92.66804016313725,45
100.3736327000006,31.050583560000003,92.92439173019606,45
100.4056842000009,31.050583560000003,92.92439173019606,45
100.43779450000147,31.050583560000003,92.92439173019606,45
100.46970030000011,30.91439679,93.18074329725489,45
100.50174340000012,30.91439679,93.18074329725489,45
100.53376880000178,30.91439679,93.18074329725489,45
100.5657725000001,30.91439679,93.18074329725489,45
100.59781720000137,30.778210020000003,93.43709486431372,45
100.62971620000098,30.778210020000003,93.43709486431372,45
100.67805770000086,29.961089400000002,94.97520426666665,45
100.70964840000124,29.961089400000002,94.97520426666665,45
100.74168870000176,29.961089400000002,94.97520426666665,45
100.77371340000172,29.824902630000004,95.2315558337255,45
100.8059830000002,29.824902630000004,95.2315558337255,45
100.83778080000047,29.688715860000002,95.48790740078431,45
100.86995760000173,29.552529090000004,95.74425896784314,45
100.90198300000156,29.552529090000004,95.74425896784314,45
100.93381200000113,29.416342320000002,96.00061053490195,45
100.96576410000125,29.280155550000003,96.25696210196078,45
100.99775990000126,29.280155550000003,96.25696210196078,45
101.0298197000011,29.14396878,96.5133136690196,45
101.07768600000054,29.007782010000003,96.76966523607842,45
101.10970050000105,29.007782010000003,96.76966523607842,45
101.14168980000068,28.87159524,97.02601680313725,45
101.1737488000017,28.87159524,97.02601680313725,45
101.20566170000166,28.735408470000003,97.28236837019607,45
101.23796140000013,28.735408470000003,97.28236837019607,45
101.26973150000049,28.735408470000003,97.28236837019607,45
101.30165280000074,28.735408470000003,97.28236837019607,45
101.33382400000119,28.735408470000003,97.28236837019607,45
101.36566360000143,28.735408470000003,97.28236837019607,45
101.39769050000177,28.735408470000003,97.28236837019607,45
101.42972530000043,28.735408470000003,97.28236837019607,45
101.47755970000071,28.735408470000003,97.28236837019607,45
101.50958530000025,28.87159524,97.02601680313725,45
101.54158150000148,28.87159524,97.02601680313725,45
101.57365320000099,29.007782010000003,96.76966523607842,45
101.60609270000168,29.007782010000003,96.76966523607842,45
101.63778140000068,29.007782010000003,96.76966523607842,45
101.66974870000013,29.14396878,96.5133136690196,45
101.7020003000016,29.14396878,96.5133136690196,45
101.73365990000093,29.280155550000003,96.25696210196078,45
101.76579360000142,29.280155550000003,96.25696210196078,45
101.79780330000176,29.416342320000002,96.00061053490195,45
101.8297304000007,29.416342320000002,96.00061053490195,45
101.87780830000156,29.416342320000002,96.00061053490195,45
101.90975990000152,29.552529090000004,95.74425896784314,45
101.94162770000003,29.552529090000004,95.74425896784314,45
101.97393130000091,29.688715860000002,95.48790740078431,45
102.00582440000107,29.824902630000004,95.2315558337255,45
102.03777080000145,30.642023250000005,93.69344643137255,45
102.06965780000064,29.961089400000002,94.97520426666665,45
102.1017122000012,30.642023250000005,93.69344643137255,45
102.13368410000112,29.961089400000002,94.97520426666665,45
102.16570460000003,30.097276170000004,94.71885269960784,45
102.19768360000126,30.097276170000004,94.71885269960784,45
102.22966070000075,30.097276170000004,94.71885269960784,45
102.27763650000088,30.097276170000004,94.71885269960784,45
102.30956250000054,30.097276170000004,94.71885269960784,45
102.34176220000154,30.097276170000004,94.71885269960784,45
102.37384140000177,30.642023250000005,93.69344643137255,45
102.4056539000012,30.642023250000005,93.69344643137255,45
102.4376880000018,30.642023250000005,93.69344643137255,45
102.469708300001,30.642023250000005,93.69344643137255,45
102.50161460000163,30.642023250000005,93.69344643137255,45
102.53379510000013,30.642023250000005,93.69344643137255,45
102.56568220000008,30.642023250000005,93.69344643137255,45
102.5977051000009,30.642023250000005,93.69344643137255,45
102.62960560000101,30.642023250000005,93.69344643137255,45
102.67757640000127,30.642023250000005,93.69344643137255,45
102.7099571000017,31.050583560000003,92.92439173019606,45
102.74186420000115,30.778210020000003,93.43709486431372,45
102.77364330000091,31.18677033,92.66804016313725,45
102.80603200000041,30.91439679,93.18074329725489,45
102.83774910000102,30.91439679,93.18074329725489,45
102.86963410000135,31.050583560000003,92.92439173019606,45
102.9017257000014,31.459143870000002,92.1553370290196,45
102.93375910000032,31.18677033,92.66804016313725,45
102.96576480000112,31.595330640000004,91.89898546196078,45
102.9977284000015,31.595330640000004,91.89898546196078,45
103.02976570000101,31.731517410000002,91.64263389490195,45
103.07782720000068,31.731517410000002,91.64263389490195,45
103.10988660000112,31.731517410000002,91.64263389490195,45
103.14173560000017,31.731517410000002,91.64263389490195,45
103.1737432000009,31.731517410000002,91.64263389490195,45
103.20570140000018,31.731517410000002,91.64263389490195,45
103.23778520000087,31.731517410000002,91.64263389490195,45
103.26977680000164,31.731517410000002,91.64263389490195,45
103.30165060000036,31.595330640000004,91.89898546196078,45
103.33364550000078,31.595330640000004,91.89898546196078,45
103.36562140000024,31.595330640000004,91.89898546196078,45
103.39768390000063,31.459143870000002,92.1553370290196,45
103.4295527000013,31.459143870000002,92.1553370290196,45
103.47802300000149,31.459143870000002,92.1553370290196,45
103.50977740000053,31.459143870000002,92.1553370290196,45
103.54179790000126,31.459143870000002,92.1553370290196,45
103.57379730000139,31.322957100000004,92.41168859607842,45
103.60578800000076,31.322957100000004,92.41168859607842,45
103.6376452000004,31.322957100000004,92.41168859607842,45
103.66961680000168,31.459143870000002,92.1553370290196,45
103.7015889000013,31.459143870000002,92.1553370290196,45
103.73374310000145,31.459143870000002,92.1553370290196,45
103.76579820000006,31.459143870000002,92.1553370290196,45
103.79796620000161,31.459143870000002,92.1553370290196,45
103.82994540000072,31.459143870000002,92.1553370290196,45
103.8775168000011,31.459143870000002,92.1553370290196,45
103.90961050000078,31.459143870000002,92.1553370290196,45
103.9417538000016,31.459143870000002,92.1553370290196,45
103.97376250000161,31.322957100000004,92.41168859607842,45
104.00570220000009,31.459143870000002,92.1553370290196,45
104.03772170000047,31.459143870000002,92.1553370290196,45
104.06974160000027,31.459143870000002,92.1553370290196,45
104.10169960000167,31.595330640000004,91.89898546196078,45
104.13366060000044,31.595330640000004,91.89898546196078,45
104.1662406000014,31.595330640000004,91.89898546196078,45
104.19814290000068,31.595330640000004,91.89898546196078,45
104.22986990000027,30.91439679,93.18074329725489,45
104.27778640000179,30.91439679,93.18074329725489,45
104.30977630000052,30.91439679,93.18074329725489,45
104.34173590000137,30.91439679,93.18074329725489,45
104.37357220000013,30.91439679,93.18074329725489,45
104.4056414000006,30.91439679,93.18074329725489,45
104.43808040000113,30.91439679,93.18074329725489,45
104.46972840000126,30.91439679,93.18074329725489,45
104.5018,30.91439679,93.18074329725489,45
104.53367420000177,30.778210020000003,93.43709486431372,45
104.56587290000061,30.642023250000005,93.69344643137255,45
104.5977821000015,30.642023250000005,93.69344643137255,45
104.63022340000134,30.642023250000005,93.69344643137255,45
104.67766280000069,30.642023250000005,93.69344643137255,45
104.70971490000011,30.505836480000003,93.94979799843138,45
104.74176640000042,30.505836480000003,93.94979799843138,45
104.7736926000016,30.505836480000003,93.94979799843138,45
104.80575130000034,30.369649710000004,94.20614956549018,45
104.83782650000103,30.369649710000004,94.20614956549018,45
104.86986120000074,30.233462940000003,94.46250113254901,45
104.90164530000038,30.233462940000003,94.46250113254901,45
104.93392740000127,30.097276170000004,94.71885269960784,45
104.96611800000028,30.097276170000004,94.71885269960784,45
104.9976499000004,29.961089400000002,94.97520426666665,45
105.02952690000166,29.961089400000002,94.97520426666665,45
105.07766250000168,29.824902630000004,95.2315558337255,45
105.10969340000156,29.824902630000004,95.2315558337255,45
105.14160360000096,29.688715860000002,95.48790740078431,45
105.17369300000064,29.688715860000002,95.48790740078431,45
105.20567070000106,29.688715860000002,95.48790740078431,45
105.23765340000136,29.688715860000002,95.48790740078431,45
105.26968150000175,29.688715860000002,95.48790740078431,45
105.30178920000071,29.552529090000004,95.74425896784314,45
105.33375800000067,29.552529090000004,95.74425896784314,45
105.36570400000164,29.552529090000004,95.74425896784314,45
105.39768880000156,29.416342320000002,96.00061053490195,45
105.4297187000011,30.097276170000004,94.71885269960784,45
105.47779450000053,30.097276170000004,94.71885269960784,45
105.50974300000053,29.961089400000002,94.97520426666665,45
105.54168990000107,29.280155550000003,96.25696210196078,45
105.57369080000171,29.14396878,96.5133136690196,45
105.60572300000058,29.14396878,96.5133136690196,45
105.63769750000029,29.14396878,96.5133136690196,45
105.66988240000137,29.14396878,96.5133136690196,45
105.70186490000015,29.280155550000003,96.25696210196078,45
105.73365780000131,29.280155550000003,96.25696210196078,45
105.76566880000064,29.280155550000003,96.25696210196078,45
105.79770780000035,29.280155550000003,96.25696210196078,45
105.82967000000099,29.14396878,96.5133136690196,45
105.87768980000146,29.824902630000004,95.2315558337255,45
105.90962720000061,29.961089400000002,94.97520426666665,45
105.94165440000143,29.961089400000002,94.97520426666665,45
105.97369020000042,29.961089400000002,94.97520426666665,45
106.00567030000093,29.961089400000002,94.97520426666665,45
106.03785110000172,30.369649710000004,94.20614956549018,45
106.06994630000008,30.369649710000004,94.20614956549018,45
106.10170990000006,30.369649710000004,94.20614956549018,45
106.13378950000151,30.233462940000003,94.46250113254901,45
106.1656991000018,30.233462940000003,94.46250113254901,45
106.19766980000168,30.233462940000003,94.46250113254901,45
106.22970550000173,30.233462940000003,94.46250113254901,45
106.27770430000055,30.233462940000003,94.46250113254901,45
106.3096931,30.233462940000003,94.46250113254901,45
106.34171470000001,30.233462940000003,94.46250113254901,45
106.37357250000059,30.369649710000004,94.20614956549018,45
106.40581270000075,30.369649710000004,94.20614956549018,45
106.43777640000008,30.505836480000003,93.94979799843138,45
106.46963620000133,30.505836480000003,93.94979799843138,45
106.50173390000054,30.505836480000003,93.94979799843138,45
106.53357710000091,30.642023250000005,93.69344643137255,45
