Tiempo,Altura,Senal_de_Control,Set_value
0.10381000000052154,-2.3151750900000003,100.0,30
0.13432230000034906,0.0,100.0,30
0.16630980000081763,0.0,100.0,30
0.21430750000035914,0.0,100.0,30
0.2462909000005311,0.0,100.0,30
0.2781557000007524,0.0,100.0,30
0.310218900000109,0.0,100.0,30
0.34246020000045974,0.0,100.0,30
0.37425160000020696,0.0,100.0,30
0.4063060000007681,0.0,100.0,30
0.4382243000000017,0.0,100.0,30
0.4702177000008305,0.0,100.0,30
0.5022268000002441,0.0,100.0,30
0.5341857000003074,0.0,100.0,30
0.5661868000006507,0.0,100.0,30
0.6142015000004903,0.0,100.0,30
0.6461980000003678,0.0,100.0,30
0.6781423000002178,-0.13618677000000012,100.0,30
0.7101952000002711,-0.13618677000000012,100.0,30
0.7421995000004245,-0.2723735399999998,100.0,30
0.7741639000005307,-0.13618677000000012,100.0,30
0.806267700000717,-0.13618677000000012,100.0,30
0.838206700000228,-0.13618677000000012,100.0,30
0.8702908000004754,-0.13618677000000012,100.0,30
0.9022766000007323,-0.13618677000000012,100.0,30
0.9344452000004821,-0.13618677000000012,100.0,30
0.9662280000002283,-0.13618677000000012,100.0,30
1.0141382000001613,-0.13618677000000012,100.0,30
1.0462090000000899,-0.13618677000000012,100.0,30
1.0781699000008302,0.0,100.0,30
1.1101863000003505,-0.13618677000000012,100.0,30
1.1422314999999799,0.0,100.0,30
1.1742067000004681,0.0,100.0,30
1.2062213000008342,0.0,100.0,30
1.2380815000005896,0.0,100.0,30
1.270206700000017,0.0,100.0,30
1.3021708000005674,0.0,100.0,30
1.334150700000464,0.0,100.0,30
1.366250900000523,0.0,100.0,30
1.4142579000008482,0.0,100.0,30
1.4461996,0.0,100.0,30
1.4782245000005787,0.0,100.0,30
1.5102100000003702,0.0,100.0,30
1.5422118000005867,0.0,100.0,30
1.5742416000002777,0.0,100.0,30
1.6063090000006923,0.0,100.0,30
1.638110100000631,0.0,100.0,30
1.6701607000004515,0.0,100.0,30
1.7022048000007999,0.0,100.0,30
1.7341874000003372,0.0,100.0,30
1.7661605000002965,0.0,100.0,30
1.8142235000004803,0.0,100.0,30
1.8463707000000795,0.0,100.0,30
1.8780574000002161,0.0,100.0,30
1.9101273000005676,0.0,100.0,30
1.9422340000000986,0.0,100.0,30
1.9742355000007592,0.0,100.0,30
2.0061640000003536,0.0,100.0,30
2.0382330000002185,0.0,100.0,30
2.070169000000533,0.0,100.0,30
2.10223280000082,0.0,100.0,30
2.1343096000000514,0.0,100.0,30
2.1662475000002814,0.0,100.0,30
2.2141520000004675,0.0,100.0,30
2.246210400000564,0.0,100.0,30
2.278174200000649,-0.13618677000000012,100.0,30
2.3101211000002877,-0.13618677000000012,100.0,30
2.3422266000006857,-0.13618677000000012,100.0,30
2.3742126000006465,-0.13618677000000012,100.0,30
2.4062589000004664,-0.13618677000000012,100.0,30
2.438105000000178,-0.13618677000000012,100.0,30
2.4702297000003455,-0.13618677000000012,100.0,30
2.5021855000004507,-0.13618677000000012,100.0,30
2.534195600000203,-0.13618677000000012,100.0,30
2.566289900000811,-0.13618677000000012,100.0,30
2.614155600000231,-0.13618677000000012,100.0,30
2.6461574000004475,-0.13618677000000012,100.0,30
2.6781269000002794,-0.13618677000000012,100.0,30
2.7101463000008152,-0.13618677000000012,100.0,30
2.742186700000275,-0.13618677000000012,100.0,30
2.774263900000733,-0.13618677000000012,100.0,30
2.8062300000001414,-0.13618677000000012,100.0,30
2.838329000000158,-0.13618677000000012,100.0,30
2.870269100000769,-0.13618677000000012,100.0,30
2.902197100000194,-0.13618677000000012,100.0,30
2.934242300000733,-0.13618677000000012,100.0,30
2.966203700000733,-0.13618677000000012,100.0,30
3.014173500000652,0.0,100.0,30
3.0461527000006754,0.0,100.0,30
3.0780664000003526,0.0,100.0,30
3.1102042000002257,0.13618677000000012,100.0,30
3.1421907000003557,0.13618677000000012,100.0,30
3.174215400000321,0.27237354000000025,100.0,30
3.206172200000765,0.27237354000000025,100.0,30
3.2381617999999435,0.40856031000000015,100.0,30
3.270216900000378,0.54474708,100.0,30
3.3021690000005037,0.6809338500000002,100.0,30
3.3340929000005417,0.8171206200000003,100.0,30
3.3661670000001322,1.08949416,100.0,30
3.4142137000008006,1.3618677000000003,100.0,30
3.446196200000486,1.6342412400000002,100.0,30
3.478149100000337,1.9066147800000004,100.0,30
3.5102596000006088,2.04280155,100.0,30
3.5422504000007393,2.3151750900000003,100.0,30
3.5745448000006945,2.5875486300000006,100.0,30
3.606226000000788,2.9961089400000005,100.0,30
3.6381037000001015,4.0856031,100.0,30
3.6702172000004794,4.4941634100000005,100.0,30
3.702203000000736,4.22178987,100.0,30
3.734163100000842,4.630350180000001,100.0,30
3.766186800000469,5.038910490000001,100.0,30
3.814110199999959,5.583657570000001,100.0,30
3.8462757000006604,6.26459142,100.0,30
3.878244800000175,6.809338500000001,100.0,30
3.910157600000275,7.490272350000001,100.0,30
3.942163900000196,8.1712062,100.0,30
3.974251500000719,8.852140050000001,100.0,30
4.006190100000822,9.533073900000002,100.0,30
4.0381129000006695,10.21400775,100.0,30
4.070250100000521,11.031128370000001,100.0,30
4.102219000000332,11.712062220000002,100.0,30
4.134145500000159,12.39299607,100.0,30
4.166202600000361,13.073929920000001,99.85503937254902,30
4.214285900000505,13.891050540000002,98.25284207843137,30
4.246104900000319,14.708171160000001,96.65064478431373,30
4.278142699999989,15.525291780000002,95.04844749019608,30
4.3101690000003146,16.3424124,93.44625019607842,30
4.342144100000041,17.15953302,91.84405290196078,30
4.374192200000834,17.976653640000002,90.24185560784314,30
4.406159400000433,18.92996103,88.37262543137254,30
4.438196800000696,19.747081650000002,86.7704281372549,30
4.4702296000004935,20.70038904,84.9011979607843,30
4.50221160000001,21.653696430000004,83.03196778431372,30
4.534203900000648,22.47081705,81.42977049019609,30
4.566171299999951,23.560311210000002,79.29350743137255,30
4.614213800000471,24.377431830000003,77.6913101372549,30
4.646181100000831,25.33073922,75.82207996078431,30
4.6782575000006545,26.28404661,73.95284978431373,30
4.710097700000006,27.237354000000003,72.08361960784313,30
4.7422340000002805,28.190661390000002,70.21438943137255,30
4.774119500000779,29.280155550000003,68.07812637254901,30
4.806184900000517,30.233462940000003,66.20889619607843,30
4.83831630000077,31.18677033,64.33966601960785,30
4.8701559000001,32.14007772000001,62.47043584313723,30
4.902184500000658,33.22957188,60.33417278431372,30
4.934166000000005,34.18287927,58.46494260784314,30
4.96625480000057,34.99999989,56.86274531372549,30
5.014199900000676,35.953307280000004,54.9935151372549,30
5.046197600000596,36.7704279,53.391317843137244,30
5.078222900000583,37.72373529000001,51.52208766666665,30
5.110133200000746,38.540855910000005,49.919890372549006,30
5.1422009000007165,39.4941633,48.05066019607844,30
5.174248700000135,40.31128392000001,46.44846290196077,30
5.206213400000706,41.26459131,44.5792327254902,30
5.238211700000647,42.08171193,42.977035431372556,30
5.2701850000003105,42.89883255000001,41.37483813725488,30
5.302391800000805,43.715953170000006,39.77264084313724,30
5.33427010000014,44.39688702000001,38.43747643137253,30
5.366095600000335,45.07782087000001,37.10231201960782,30
5.414205700000821,45.89494149000001,35.50011472549018,30
5.446168000000398,46.43968857,34.431983196078434,30
5.478115200000502,47.120622420000004,33.09681878431372,30
5.510209900000518,47.801556270000006,31.76165437254901,30
5.542170900000201,48.48249012000001,30.4264899607843,30
5.5742517000007865,49.0272372,29.358358431372544,30
5.606134700000439,49.708171050000004,28.023194019607832,30
5.638143600000149,50.11673136,27.222095372549017,30
5.670153100000789,50.66147844000001,26.153963843137234,30
5.702187000000777,51.206225520000004,25.085832313725483,30
5.734176700000717,51.61478583,24.28473366666666,30
5.766157400000338,52.02334614,23.48363501960784,30
5.81415460000062,52.43190645,22.68253637254902,30
5.846239600000445,52.84046676,21.881437725490198,30
5.878053200000068,53.1128403,21.347371960784308,30
5.910156300000381,53.385213840000006,20.813306196078422,30
5.942177100000663,53.52140061,20.54627331372549,30
5.9742261000001236,53.65758738000001,20.279240431372532,30
6.006296500000644,53.793774150000004,20.0122075490196,30
6.038131300000714,53.92996092,19.745174666666667,30
6.070111100000759,53.92996092,19.745174666666667,30
6.1022720000000845,54.06614769000001,19.47814178431371,30
6.134260900000299,54.06614769000001,19.47814178431371,30
6.166145500000312,54.06614769000001,19.47814178431371,30
6.214175300000534,54.06614769000001,19.47814178431371,30
6.246178800000052,53.92996092,19.745174666666667,30
6.278171400000247,53.793774150000004,20.0122075490196,30
6.31011320000016,53.52140061,20.54627331372549,30
6.342210000000705,53.385213840000006,20.813306196078422,30
6.374157500000365,53.1128403,21.347371960784308,30
6.406177700000626,52.70427999,22.14847060784313,30
6.438190100000611,52.43190645,22.68253637254902,30
6.470216100000471,52.02334614,23.48363501960784,30
6.502236300000732,51.75097260000001,24.017700784313703,30
6.53418050000073,51.34241229,24.81879943137255,30
6.56634590000067,50.797665210000005,25.886930960784305,30
6.614201300000786,50.38910490000001,26.688029607843124,30
6.6461748000001535,49.84435782,27.756161137254903,30
6.678305000000364,49.299610740000006,28.824292666666658,30
6.71027740000045,48.75486366,29.892424196078437,30
6.742130600000564,48.210116580000005,30.960555725490185,30
6.774242000000413,47.66536950000001,32.02868725490194,30
6.806166100000155,46.98443565000001,33.36385166666665,30
6.838284000000385,46.43968857,34.431983196078434,30
6.8702107000008255,45.75875472,35.76714760784314,30
6.902241000000686,45.214007640000005,36.83527913725489,30
6.934194299999945,44.53307379,38.1704435490196,30
6.966201500000352,43.85213994,39.50560796078431,30
7.014235399999961,43.17120609,40.840772372549026,30
7.046123200000693,42.49027224000001,42.175936784313706,30
7.078073500000755,41.80933839000001,43.511101196078414,30
7.110185300000012,40.99221777000001,45.11329849019606,30
7.142165000000205,40.31128392000001,46.44846290196077,30
7.174206100000447,39.630350070000006,47.78362731372548,30
7.2061860000003435,38.81322945000001,49.38582460784312,30
7.2380677000001015,37.99610883,50.98802190196079,30
7.270193600000312,37.17898821,52.590219196078436,30
7.302176700000018,36.49805436,53.925383607843145,30
7.3341841999999815,35.68093374,55.52758090196078,30
7.3661589000003005,34.86381312,57.129778196078426,30
7.414182200000141,34.18287927,58.46494260784314,30
7.446144700000332,33.365758650000004,60.06713990196077,30
7.478055100000347,32.6848248,61.40230431372549,30
7.51019610000003,31.867704180000004,63.00450160784313,30
7.542304200000217,31.050583560000003,64.60669890196078,30
7.5742355000002135,30.369649710000004,65.94186331372548,30
7.60622180000064,29.688715860000002,67.27702772549019,30
7.63805610000054,28.87159524,68.87922501960784,30
7.670184900000095,28.190661390000002,70.21438943137255,30
7.702256800000214,27.37354077,71.8165867254902,30
7.734171300000526,26.692606920000003,73.15175113725489,30
7.766196700000364,25.875486300000002,74.75394843137255,30
7.814207300000817,25.194552450000003,76.08911284313726,30
7.846236800000042,24.5136186,77.42427725490197,30
7.878188000000591,23.832684750000002,78.75944166666666,30
7.9101524000006975,23.28793767,79.82757319607843,30
7.9421682000001965,22.74319059,80.89570472549019,30
7.974136499999986,22.062256740000002,82.23086913725489,30
8.006145500000457,21.51750966,83.29900066666667,30
8.038171600000169,20.97276258,84.36713219607843,30
8.070191000000705,20.4280155,85.43526372549019,30
8.102190800000244,19.88326842,86.50339525490196,30
8.134167300000627,19.338521340000003,87.57152678431372,30
8.166192600000613,18.92996103,88.37262543137254,30
8.214211700000305,18.38521395,89.44075696078431,30
8.246183400000518,17.976653640000002,90.24185560784314,30
8.278153900000689,17.568093330000004,91.04295425490196,30
8.310128600000098,17.15953302,91.84405290196078,30
8.342157800000678,16.75097271,92.64515154901962,30
8.37420900000052,16.478599170000003,93.17921731372549,30
8.406136900000092,16.206225630000002,93.71328307843136,30
8.438153100000818,15.933852090000002,94.24734884313725,30
8.4702513000002,15.661478550000002,94.78141460784313,30
8.502195200000642,15.525291780000002,95.04844749019608,30
8.534194600000774,15.389105010000002,95.315480372549,30
8.566156100000626,15.252918240000001,95.58251325490195,30
8.61419400000068,15.116731470000001,95.84954613725489,30
8.646154200000638,14.980544700000001,96.11657901960784,30
8.678075800000443,14.844357930000001,96.38361190196079,30
8.710149400000773,14.844357930000001,96.38361190196079,30
8.742188800000804,14.844357930000001,96.38361190196079,30
8.774198200000683,14.844357930000001,96.38361190196079,30
8.806192400000327,14.844357930000001,96.38361190196079,30
8.838275000000067,14.980544700000001,96.11657901960784,30
8.870226300000468,15.116731470000001,95.84954613725489,30
8.90213010000025,15.252918240000001,95.58251325490195,30
8.93421600000056,15.389105010000002,95.315480372549,30
8.966140900000028,15.661478550000002,94.78141460784313,30
9.014074100000471,15.933852090000002,94.24734884313725,30
9.046183700000256,16.206225630000002,93.71328307843136,30
9.078240700000606,16.478599170000003,93.17921731372549,30
9.110325900000134,16.75097271,92.64515154901962,30
9.142380700000103,17.15953302,91.84405290196078,30
9.174162300000717,17.43190656,91.3099871372549,30
9.206187600000703,17.84046687,90.50888849019609,30
9.238144700000703,18.249027180000002,89.70778984313725,30
9.270170100000541,18.65758749,88.90669119607843,30
9.302181500000188,19.066147800000003,88.10559254901959,30
9.334214500000598,19.47470811,87.30449390196078,30
9.366190700000516,20.019455190000002,86.23636237254901,30
9.414128800000071,20.564202270000003,85.16823084313725,30
9.446174200000314,21.108949350000003,84.10009931372548,30
9.478066600000602,21.51750966,83.29900066666667,30
9.510158000000047,21.789883200000002,82.76493490196077,30
9.54217830000016,22.47081705,81.42977049019609,30
9.574191100000462,23.01556413,80.3616389607843,30
9.606231300000218,23.696497980000004,79.0264745490196,30
9.63809990000027,24.24124506,77.95834301960784,30
9.670291000000361,24.922178910000003,76.62317860784313,30
9.702211499999976,25.603112760000002,75.28801419607844,30
9.734219500000108,26.28404661,73.95284978431373,30
9.766158300000825,26.964980460000003,72.61768537254902,30
9.81422720000046,27.509727540000004,71.54955384313725,30
9.846298400000705,28.190661390000002,70.21438943137255,30
9.878110200000265,28.87159524,68.87922501960784,30
9.910129400000187,29.552529090000004,67.54406060784314,30
9.942267600000378,30.233462940000003,66.20889619607843,30
9.974269800000002,30.91439679,64.87373178431372,30
10.00616170000012,31.595330640000004,63.53856737254902,30
10.038228400000662,32.27626449,62.2034029607843,30
10.070150000000467,32.957198340000005,60.8682385490196,30
10.10217940000075,33.77431896,59.26604125490195,30
10.134164400000373,34.455252810000005,57.93087684313725,30
10.166211700000531,35.27237343,56.3286795490196,30
10.214220200000454,36.08949405,54.72648225490197,30
10.246192800000244,36.7704279,53.391317843137244,30
10.278032000000167,37.451361750000004,52.05615343137254,30
10.310164600000462,38.132295600000006,50.72098901960782,30
10.342206700000133,38.81322945000001,49.38582460784312,30
10.374163200000112,39.630350070000006,47.78362731372548,30
10.406158499999947,40.31128392000001,46.44846290196077,30
10.438112400000136,40.99221777000001,45.11329849019606,30
10.470187500000065,41.67315162,43.77813407843137,30
10.502159700000448,42.217898700000006,42.71000254901959,30
10.534084800000528,42.89883255000001,41.37483813725488,30
10.56626050000068,43.44357963,40.30670660784313,30
10.614212899999984,43.98832671000001,39.23857507843135,30
10.646192200000769,44.53307379,38.1704435490196,30
10.678209800000332,44.9416341,37.36934490196078,30
10.710097500000302,45.48638118000001,36.301213372549,30
10.742161099999976,45.89494149000001,35.50011472549018,30
10.77424240000073,46.30350180000001,34.69901607843136,30
10.806194499999947,46.712062110000005,33.897917431372534,30
10.838196400000015,47.120622420000004,33.09681878431372,30
10.87022109999998,43.44357963,40.30670660784313,30
10.902205000000322,43.85213994,39.50560796078431,30
10.934183500000472,44.124513480000005,38.971542196078424,30
10.966199700000288,44.39688702000001,38.43747643137253,30
11.014160700000502,44.66926056,37.90341066666667,30
11.046192400000109,44.80544733000001,37.636377784313716,30
11.078105500000675,45.07782087000001,37.10231201960782,30
11.110128500000428,45.214007640000005,36.83527913725489,30
11.142174800000248,45.35019441,36.56824625490196,30
11.174155400000018,45.48638118000001,36.301213372549,30
11.206156000000192,45.48638118000001,36.301213372549,30
11.238166500000261,45.622567950000004,36.03418049019607,30
11.270135700000537,45.622567950000004,36.03418049019607,30
11.302144600000247,45.622567950000004,36.03418049019607,30
11.334204500000851,45.622567950000004,36.03418049019607,30
11.366296200000761,45.48638118000001,36.301213372549,30
11.414144800000031,45.48638118000001,36.301213372549,30
11.446179600000505,45.35019441,36.56824625490196,30
11.478150700000697,49.299610740000006,28.824292666666658,30
11.510161700000026,49.16342397000001,29.091325549019587,30
11.542110700000194,49.0272372,29.358358431372544,30
11.574199700000463,48.89105043000001,29.625391313725473,30
11.606127400000332,48.75486366,29.892424196078437,30
11.63826810000046,48.61867689,30.159457078431366,30
11.670181899999989,48.34630335,30.693522843137256,30
11.702211600000737,48.07392981000001,31.227588607843117,30
11.734256200000345,47.801556270000006,31.76165437254901,30
11.766190199999983,47.52918273,32.2957201372549,30
11.814209800000754,47.25680919,32.82978590196079,30
11.846296300000176,46.84824888,33.630884549019605,30
11.878151400000206,46.43968857,34.431983196078434,30
11.910165300000699,46.16731503,34.96604896078432,30
11.942173000000366,45.75875472,35.76714760784314,30
11.974203200000375,45.35019441,36.56824625490196,30
12.006179599999996,44.80544733000001,37.636377784313716,30
12.038119800000459,44.39688702000001,38.43747643137253,30
12.070182400000704,43.98832671000001,39.23857507843135,30
12.102105300000403,43.57976640000001,40.039673725490175,30
12.134184400000777,43.03501932,41.107805254901955,30
12.166142100000798,42.626459010000005,41.90890390196078,30
12.21410830000059,42.08171193,42.977035431372556,30
12.246152900000197,41.67315162,43.77813407843137,30
12.278113500000472,41.128404540000005,44.84626560784313,30
12.310119500000837,40.44747069,46.18143001960784,30
12.342174400000658,39.90272361000001,47.24956154901959,30
12.374107999999978,39.22178976000001,48.5847259607843,30
12.406160100000307,38.540855910000005,49.919890372549006,30
12.438169100000778,37.99610883,50.98802190196079,30
12.470171599999958,37.17898821,52.590219196078436,30
12.502163800000744,36.49805436,53.925383607843145,30
12.534084600000824,35.953307280000004,54.9935151372549,30
12.566186100000778,35.13618666000001,56.595712431372526,30
12.614164000000528,34.455252810000005,57.93087684313725,30
12.646280800000568,33.77431896,59.26604125490195,30
12.678445100000317,33.22957188,60.33417278431372,30
12.710965000000215,32.548638030000006,61.66933719607842,30
12.742165000000568,31.731517410000002,63.27153449019607,30
12.774266000000353,31.050583560000003,64.60669890196078,30
12.806201700000202,30.369649710000004,65.94186331372548,30
12.83830830000079,29.688715860000002,67.27702772549019,30
12.870226100000764,29.007782010000003,68.6121921372549,30
12.90214780000042,28.326848160000004,69.9473565490196,30
12.934149900000193,28.190661390000002,70.21438943137255,30
12.966128700000809,27.509727540000004,71.54955384313725,30
13.01411619999999,26.964980460000003,72.61768537254902,30
13.046143000000484,26.420233380000003,73.68581690196078,30
13.078136900000572,25.875486300000002,74.75394843137255,30
13.110172200000306,25.33073922,75.82207996078431,30
13.142092900000534,24.78599214,76.89021149019607,30
13.174164500000188,24.24124506,77.95834301960784,30
13.206151900000805,23.696497980000004,79.0264745490196,30
13.238141000000724,23.151750900000003,80.09460607843137,30
13.270247300000847,22.74319059,80.89570472549019,30
13.302178000000822,22.19844351,81.96383625490196,30
13.334177300000192,21.789883200000002,82.76493490196077,30
13.366136200000255,21.381322890000003,83.56603354901961,30
13.414116200000535,21.108949350000003,84.10009931372548,30
13.446123000000625,20.70038904,84.9011979607843,30
13.478064800000539,20.291828730000002,85.70229660784314,30
13.510108400000718,20.019455190000002,86.23636237254901,30
13.54217779999999,19.610894880000004,87.03746101960785,30
13.574166200000036,19.338521340000003,87.57152678431372,30
13.606184300000677,19.20233457,87.83855966666665,30
13.63806950000071,18.92996103,88.37262543137254,30
13.670201900000393,18.793774260000003,88.63965831372548,30
13.702168900000288,18.521400720000003,89.17372407843138,30
13.734132800000225,18.38521395,89.44075696078431,30
13.76619380000011,18.249027180000002,89.70778984313725,30
13.81423150000046,18.112840410000004,89.97482272549018,30
13.846268799999962,17.976653640000002,90.24185560784314,30
13.878142900000057,17.84046687,90.50888849019609,30
13.91013060000023,17.84046687,90.50888849019609,30
13.942180500000177,17.84046687,90.50888849019609,30
13.974242600000252,17.84046687,90.50888849019609,30
14.006254200000512,17.84046687,90.50888849019609,30
14.038172900000063,17.84046687,90.50888849019609,30
14.070059000000583,17.976653640000002,90.24185560784314,30
14.102193300000181,17.976653640000002,90.24185560784314,30
14.134152900000117,18.112840410000004,89.97482272549018,30
14.166125400000055,18.249027180000002,89.70778984313725,30
14.214175500000238,18.38521395,89.44075696078431,30
14.24614610000026,18.65758749,88.90669119607843,30
14.27814540000054,18.793774260000003,88.63965831372548,30
14.310179100000823,19.066147800000003,88.10559254901959,30
14.342175500000849,19.338521340000003,87.57152678431372,30
14.374129900000298,19.610894880000004,87.03746101960785,30
14.406153800000538,19.88326842,86.50339525490196,30
14.43810030000077,20.15564196,85.96932949019607,30
14.470181000000593,20.4280155,85.43526372549019,30
14.502142800000001,20.70038904,84.9011979607843,30
14.534180800000286,21.108949350000003,84.10009931372548,30
14.566276600000492,21.381322890000003,83.56603354901961,30
14.614158300000781,21.789883200000002,82.76493490196077,30
14.646193400000811,22.19844351,81.96383625490196,30
14.678038400000332,22.607003820000003,81.16273760784314,30
14.710159500000373,23.01556413,80.3616389607843,30
14.742140900000777,23.424124440000003,79.56054031372548,30
14.774226500000623,23.968871520000004,78.49240878431371,30
14.806262400000378,24.377431830000003,77.6913101372549,30
14.838271100000384,24.78599214,76.89021149019607,30
14.870212200000424,25.33073922,75.82207996078431,30
14.902182000000721,25.875486300000002,74.75394843137255,30
14.934187000000748,26.420233380000003,73.68581690196078,30
14.96618269999999,26.964980460000003,72.61768537254902,30
15.014158200000566,27.509727540000004,71.54955384313725,30
15.046177100000023,28.054474620000004,70.48142231372549,30
15.07806470000014,28.735408470000003,69.14625790196077,30
15.110234500000843,29.280155550000003,68.07812637254901,30
15.142161700000543,29.824902630000004,67.00999484313725,30
15.174139800000376,30.369649710000004,65.94186331372548,30
15.206215000000157,30.91439679,64.87373178431372,30
15.238188500000433,31.459143870000002,63.805600254901954,30
15.270101200000681,32.00389095,62.737468725490196,30
15.302077000000281,32.548638030000006,61.66933719607842,30
15.334114799999952,33.09338511,60.60120566666667,30
15.366174500000852,33.63813219000001,59.533074137254886,30
15.414172100000542,34.18287927,58.46494260784314,30
15.446144500000628,34.72762635000001,57.396811078431355,30
15.478195300000152,35.27237343,56.3286795490196,30
15.510120600000846,35.27237343,56.3286795490196,30
15.542170500000793,35.68093374,55.52758090196078,30
15.574147000000266,36.22568082000001,54.45944937254901,30
15.60613690000082,36.7704279,53.391317843137244,30
15.63812230000076,37.31517498000001,52.32318631372548,30
15.670191400000476,37.85992206,51.25505478431373,30
15.70217219999995,38.40466914000001,50.18692325490194,30
15.734308900000542,38.94941622,49.11879172549019,30
15.766215399999965,39.4941633,48.05066019607844,30
15.8142213000001,40.038910380000004,46.98252866666665,30
15.84636110000065,40.58365746,45.91439713725491,30
15.878178700000717,40.99221777000001,45.11329849019606,30
15.910227100000156,41.40077808000001,44.312199843137236,30
15.942273700000442,41.80933839000001,43.511101196078414,30
15.974234900000738,42.217898700000006,42.71000254901959,30
16.006170100000418,42.626459010000005,41.90890390196078,30
16.03817750000053,43.03501932,41.107805254901955,30
16.070140900000297,43.30739286000001,40.57373949019606,30
16.102212200000395,43.57976640000001,40.039673725490175,30
16.134168800000225,43.98832671000001,39.23857507843135,30
16.166124800000034,44.26070025,38.704509313725495,30
16.214204700000664,44.53307379,38.1704435490196,30
16.246154500000557,44.80544733000001,37.636377784313716,30
16.278094900000724,45.07782087000001,37.10231201960782,30
16.310133800000585,45.214007640000005,36.83527913725489,30
16.34218890000011,45.48638118000001,36.301213372549,30
16.374149400000533,45.622567950000004,36.03418049019607,30
16.40612660000079,45.75875472,35.76714760784314,30
16.43808800000079,45.89494149000001,35.50011472549018,30
16.470237100000304,45.89494149000001,35.50011472549018,30
16.502185900000768,46.03112826,35.23308184313725,30
16.534149900000557,46.03112826,35.23308184313725,30
16.566145200000392,46.03112826,35.23308184313725,30
16.61425110000073,46.03112826,35.23308184313725,30
16.646276000000398,46.03112826,35.23308184313725,30
16.678412000000208,46.03112826,35.23308184313725,30
16.71009530000083,46.03112826,35.23308184313725,30
16.742198100000678,45.89494149000001,35.50011472549018,30
16.77420070000062,45.89494149000001,35.50011472549018,30
16.806184300000496,45.75875472,35.76714760784314,30
16.838199600000735,45.622567950000004,36.03418049019607,30
16.870207100000698,45.48638118000001,36.301213372549,30
16.90219320000051,45.35019441,36.56824625490196,30
16.934214200000497,45.214007640000005,36.83527913725489,30
16.966203400000268,45.07782087000001,37.10231201960782,30
17.014176900000166,44.9416341,37.36934490196078,30
17.046113200000036,44.80544733000001,37.636377784313716,30
17.078123600000254,44.53307379,38.1704435490196,30
17.110175400000116,44.26070025,38.704509313725495,30
17.142163900000014,44.124513480000005,38.971542196078424,30
17.174169300000358,43.85213994,39.50560796078431,30
17.206196699999964,43.44357963,40.30670660784313,30
17.238014900000053,43.17120609,40.840772372549026,30
17.27017640000031,42.89883255000001,41.37483813725488,30
17.30214860000069,42.626459010000005,41.90890390196078,30
17.334144400000696,42.217898700000006,42.71000254901959,30
17.36617270000079,41.80933839000001,43.511101196078414,30
17.41431030000058,41.536964850000004,44.04516696078431,30
17.44639180000013,41.128404540000005,44.84626560784313,30
17.478094400000373,40.71984423000001,45.647364254901944,30
17.51010470000074,40.31128392000001,46.44846290196077,30
17.54216280000037,39.76653684,47.51659443137255,30
17.574130500000138,39.35797653,48.31769307843137,30
17.606138300000566,38.94941622,49.11879172549019,30
17.638158400000066,38.40466914000001,50.18692325490194,30
17.670160800000303,37.99610883,50.98802190196079,30
17.702135100000305,37.451361750000004,52.05615343137254,30
17.734151000000566,37.042801440000005,52.85725207843136,30
17.766281000000163,36.63424113000001,53.65835072549018,30
17.814097700000275,36.08949405,54.72648225490197,30
17.846222099999977,35.68093374,55.52758090196078,30
17.87820770000053,35.13618666000001,56.595712431372526,30
17.91020050000043,34.72762635000001,57.396811078431355,30
17.942184600000473,34.18287927,58.46494260784314,30
17.97423440000057,33.63813219000001,59.533074137254886,30
18.006199200000083,33.22957188,60.33417278431372,30
18.03810870000052,32.6848248,61.40230431372549,30
18.07014530000015,32.14007772000001,62.47043584313723,30
18.10217610000018,31.595330640000004,63.53856737254902,30
18.13418410000031,31.18677033,64.33966601960785,30
18.166173400000844,30.642023250000005,65.40779754901959,30
18.21417830000064,30.097276170000004,66.47592907843136,30
18.246125000000575,29.688715860000002,67.27702772549019,30
18.278087900000173,29.14396878,68.34515925490197,30
18.310116800000287,28.5992217,69.41329078431373,30
18.34208680000029,28.054474620000004,70.48142231372549,30
18.374182000000474,27.645914310000002,71.28252096078431,30
18.406182500000796,27.237354000000003,72.08361960784313,30
18.43804320000072,26.82879369,72.88471825490195,30
18.4701328000001,26.420233380000003,73.68581690196078,30
18.502161200000046,25.875486300000002,74.75394843137255,30
18.53410890000032,25.466925990000004,75.55504707843136,30
18.566102200000387,25.05836568,76.3561457254902,30
18.61417000000074,24.78599214,76.89021149019607,30
18.646197300000495,24.377431830000003,77.6913101372549,30
18.678088200000275,23.968871520000004,78.49240878431371,30
18.710146200000054,23.696497980000004,79.0264745490196,30
18.74214210000082,23.28793767,79.82757319607843,30
18.774230200000602,23.01556413,80.3616389607843,30
18.8062673000004,22.607003820000003,81.16273760784314,30
18.838268900000003,22.334630280000003,81.69680337254903,30
18.87016770000082,22.74319059,80.89570472549019,30
18.90209750000031,22.47081705,81.42977049019609,30
18.934163800000533,22.19844351,81.96383625490196,30
18.966151999999965,21.381322890000003,83.56603354901961,30
19.01414079999995,21.789883200000002,82.76493490196077,30
19.04621710000083,21.653696430000004,83.03196778431372,30
19.07807750000029,21.51750966,83.29900066666667,30
19.110128900000745,21.24513612,83.83306643137254,30
19.14210440000079,21.108949350000003,84.10009931372548,30
19.174129600000015,20.97276258,84.36713219607843,30
19.20614740000019,20.836575810000003,84.63416507843138,30
19.23813010000049,20.70038904,84.9011979607843,30
19.27024270000038,20.70038904,84.9011979607843,30
19.30218380000042,20.564202270000003,85.16823084313725,30
19.334274700000606,20.564202270000003,85.16823084313725,30
19.366163800000322,20.564202270000003,85.16823084313725,30
19.41416240000035,19.610894880000004,87.03746101960785,30
19.446155500000714,20.564202270000003,85.16823084313725,30
19.478026700000555,19.747081650000002,86.7704281372549,30
19.51014850000047,19.747081650000002,86.7704281372549,30
19.542129899999964,19.88326842,86.50339525490196,30
19.57416640000065,20.019455190000002,86.23636237254901,30
19.606146300000546,20.15564196,85.96932949019607,30
19.63813449999998,20.291828730000002,85.70229660784314,30
19.67015480000009,20.4280155,85.43526372549019,30
19.702163000000837,20.564202270000003,85.16823084313725,30
19.7341748000008,20.70038904,84.9011979607843,30
19.76613820000057,20.97276258,84.36713219607843,30
19.814131500000258,21.381322890000003,83.56603354901961,30
19.846204200000102,21.653696430000004,83.03196778431372,30
19.878033300000425,21.926069970000004,82.49790201960784,30
19.91016430000036,22.334630280000003,81.69680337254903,30
19.94224900000063,22.607003820000003,81.16273760784314,30
19.974280100000215,22.879377360000003,80.62867184313725,30
20.00635240000065,23.151750900000003,80.09460607843137,30
20.038191200000256,23.560311210000002,79.29350743137255,30
20.070173400000385,23.832684750000002,78.75944166666666,30
20.102147700000387,24.24124506,77.95834301960784,30
20.13414499999999,24.5136186,77.42427725490197,30
20.16613529999995,24.922178910000003,76.62317860784313,30
20.214146500000425,25.33073922,75.82207996078431,30
20.246148600000197,25.739299530000004,75.02098131372547,30
20.278092300000026,26.011673070000004,74.4869155490196,30
20.31011260000014,26.28404661,73.95284978431373,30
20.342164200000298,26.692606920000003,73.15175113725489,30
20.374127000000044,27.10116723,72.35065249019608,30
20.406106000000364,27.509727540000004,71.54955384313725,30
20.43804150000051,27.918287850000002,70.74845519607842,30
20.470165100000486,28.463034930000003,69.68032366666665,30
20.5021454000007,28.87159524,68.87922501960784,30
20.53415160000077,29.280155550000003,68.07812637254901,30
20.566158700000415,29.688715860000002,67.27702772549019,30
20.614141900000504,30.097276170000004,66.47592907843136,30
20.64613989999998,30.642023250000005,65.40779754901959,30
20.678077900000062,31.050583560000003,64.60669890196078,30
20.710153300000457,31.459143870000002,63.805600254901954,30
20.74207490000026,31.867704180000004,63.00450160784313,30
20.774162500000784,32.27626449,62.2034029607843,30
20.806197100000645,32.82101157,61.13527143137255,30
20.838259300000573,33.22957188,60.33417278431372,30
20.87023650000083,33.77431896,59.26604125490195,30
20.902126200000566,34.18287927,58.46494260784314,30
20.93416730000081,34.59143958,57.66384396078432,30
20.966138500000852,35.13618666000001,56.595712431372526,30
21.014188000000104,35.544746970000006,55.79461378431372,30
21.04614980000042,36.08949405,54.72648225490197,30
21.078051100000266,36.49805436,53.925383607843145,30
21.11020280000048,36.90661467000001,53.124284960784294,30
21.14218020000044,37.451361750000004,52.05615343137254,30
21.174347099999977,33.77431896,59.26604125490195,30
21.206319200000507,34.18287927,58.46494260784314,30
21.2381247000003,38.81322945000001,49.38582460784312,30
21.27015500000016,39.22178976000001,48.5847259607843,30
21.30215860000044,39.630350070000006,47.78362731372548,30
21.334144500000548,39.90272361000001,47.24956154901959,30
21.36614180000015,40.31128392000001,46.44846290196077,30
21.414155800000117,40.71984423000001,45.647364254901944,30
21.44610190000003,40.99221777000001,45.11329849019606,30
21.478064600000835,41.40077808000001,44.312199843137236,30
21.51014530000066,41.67315162,43.77813407843137,30
21.542125200000555,41.94552516,43.244068313725485,30
21.574109500000304,42.217898700000006,42.71000254901959,30
21.606137700000545,42.49027224000001,42.175936784313706,30
21.637998000000152,42.626459010000005,41.90890390196078,30
21.67020870000033,42.89883255000001,41.37483813725488,30
21.702187000000777,43.03501932,41.107805254901955,30
21.7340748000006,43.17120609,40.840772372549026,30
21.76615530000072,43.44357963,40.30670660784313,30
21.81413490000068,43.57976640000001,40.039673725490175,30
21.846202300000186,43.715953170000006,39.77264084313724,30
21.878116200000477,43.85213994,39.50560796078431,30
21.91019370000049,43.98832671000001,39.23857507843135,30
21.942186900000706,44.124513480000005,38.971542196078424,30
21.97412970000005,44.26070025,38.704509313725495,30
22.006121900000835,44.26070025,38.704509313725495,30
22.038180100000318,44.26070025,38.704509313725495,30
22.07016400000066,44.26070025,38.704509313725495,30
22.102082600000358,44.39688702000001,38.43747643137253,30
22.134141600000476,44.39688702000001,38.43747643137253,30
22.166141000000607,44.26070025,38.704509313725495,30
22.21414249999998,44.26070025,38.704509313725495,30
22.24614120000024,44.26070025,38.704509313725495,30
22.278038400000696,44.124513480000005,38.971542196078424,30
22.310126800000035,44.124513480000005,38.971542196078424,30
22.342124100000547,43.98832671000001,39.23857507843135,30
22.374125300000742,43.85213994,39.50560796078431,30
22.40617530000054,43.715953170000006,39.77264084313724,30
22.4381056000002,43.57976640000001,40.039673725490175,30
22.470225800000662,43.44357963,40.30670660784313,30
22.50231530000019,43.30739286000001,40.57373949019606,30
22.53419860000031,43.03501932,41.107805254901955,30
22.56619630000023,42.76264578,41.64187101960785,30
22.61420460000045,42.49027224000001,42.175936784313706,30
22.646009400000366,42.217898700000006,42.71000254901959,30
22.678157500000452,41.94552516,43.244068313725485,30
22.71008840000013,41.80933839000001,43.511101196078414,30
22.74213940000027,41.536964850000004,44.04516696078431,30
22.77406820000033,41.26459131,44.5792327254902,30
22.806119600000784,40.856031,45.380331372549016,30
22.838183700000627,40.58365746,45.91439713725491,30
22.870213500000318,40.17509715,46.715495784313724,30
22.90219750000051,39.90272361000001,47.24956154901959,30
22.93414180000036,39.4941633,48.05066019607844,30
22.96617900000001,39.08560299,48.85175884313726,30
23.014222300000256,38.67704268,49.65285749019608,30
23.04620200000045,38.26848237,50.4539561372549,30
23.078085099999953,37.85992206,51.25505478431373,30
23.11020180000014,37.451361750000004,52.05615343137254,30
23.142118700000538,37.042801440000005,52.85725207843136,30
23.17413900000065,36.49805436,53.925383607843145,30
23.206130600000506,36.08949405,54.72648225490197,30
23.238208400000076,35.68093374,55.52758090196078,30
23.270185800000036,35.27237343,56.3286795490196,30
23.302204900000106,34.72762635000001,57.396811078431355,30
23.334139000000505,34.31906604000001,58.197909725490184,30
23.366108300000633,33.910505730000004,58.999008372549014,30
23.414164300000266,33.365758650000004,60.06713990196077,30
23.446173199999976,32.957198340000005,60.8682385490196,30
23.47813600000063,32.412451260000005,61.93637007843136,30
23.51010210000004,32.00389095,62.737468725490196,30
23.542147200000727,31.459143870000002,63.805600254901954,30
23.5741050000006,30.91439679,64.87373178431372,30
23.60613320000084,31.050583560000003,64.60669890196078,30
23.63804810000056,30.642023250000005,65.40779754901959,30
23.67018090000056,30.233462940000003,66.20889619607843,30
23.702106400000048,29.824902630000004,67.00999484313725,30
23.73412400000052,29.416342320000002,67.81109349019607,30
23.76613830000042,29.14396878,68.34515925490197,30
23.814122400000088,28.735408470000003,69.14625790196077,30
23.846223600000485,28.326848160000004,69.9473565490196,30
23.87803740000072,28.054474620000004,70.48142231372549,30
23.910197100000005,27.645914310000002,71.28252096078431,30
23.94216030000007,27.237354000000003,72.08361960784313,30
23.974181300000055,26.82879369,72.88471825490195,30
24.006149200000436,26.420233380000003,73.68581690196078,30
24.038188500000615,26.147859840000002,74.21988266666666,30
24.07023140000001,25.739299530000004,75.02098131372547,30
24.102172300000348,25.466925990000004,75.55504707843136,30
24.134117600000536,25.194552450000003,76.08911284313726,30
24.166143899999952,24.922178910000003,76.62317860784313,30
24.214110100000653,24.649805370000003,77.15724437254902,30
24.246107400000255,24.5136186,77.42427725490197,30
24.278075600000193,24.377431830000003,77.6913101372549,30
24.31011220000073,24.105058290000002,78.22537590196077,30
24.342151100000592,23.968871520000004,78.49240878431371,30
24.374213600000076,23.832684750000002,78.75944166666666,30
24.406141400000706,23.696497980000004,79.0264745490196,30
24.438040300000466,23.560311210000002,79.29350743137255,30
24.47010330000012,23.424124440000003,79.56054031372548,30
24.502123600000232,23.28793767,79.82757319607843,30
24.534086800000296,23.151750900000003,80.09460607843137,30
24.566129400000136,23.01556413,80.3616389607843,30
24.61417640000036,23.01556413,80.3616389607843,30
24.646058400000584,22.879377360000003,80.62867184313725,30
24.678150800000367,22.879377360000003,80.62867184313725,30
24.71008300000085,22.879377360000003,80.62867184313725,30
24.742216500000723,22.879377360000003,80.62867184313725,30
24.77420550000079,22.879377360000003,80.62867184313725,30
24.806194800000412,23.01556413,80.3616389607843,30
24.83823240000038,23.01556413,80.3616389607843,30
24.870098600000347,23.151750900000003,80.09460607843137,30
24.902127600000313,23.28793767,79.82757319607843,30
24.93414980000034,23.28793767,79.82757319607843,30
24.96618320000016,23.560311210000002,79.29350743137255,30
25.014191100000062,23.696497980000004,79.0264745490196,30
25.04611770000065,23.832684750000002,78.75944166666666,30
25.07801600000039,24.105058290000002,78.22537590196077,30
25.110181100000773,24.24124506,77.95834301960784,30
25.142186400000355,24.5136186,77.42427725490197,30
25.174152500000673,24.78599214,76.89021149019607,30
25.206200600000557,24.922178910000003,76.62317860784313,30
25.238112800000636,25.194552450000003,76.08911284313726,30
25.270165000000816,25.33073922,75.82207996078431,30
25.30211440000039,25.603112760000002,75.28801419607844,30
25.33423710000079,25.875486300000002,74.75394843137255,30
25.366149600000426,26.147859840000002,74.21988266666666,30
25.414148300000306,26.420233380000003,73.68581690196078,30
25.446117200000117,26.55642015,73.41878401960784,30
25.478031500000725,26.82879369,72.88471825490195,30
25.510118400000465,26.964980460000003,72.61768537254902,30
25.542143200000282,27.237354000000003,72.08361960784313,30
25.57412950000071,27.509727540000004,71.54955384313725,30
25.606126300000142,27.645914310000002,71.28252096078431,30
25.638081400000374,27.918287850000002,70.74845519607842,30
25.67022410000027,28.326848160000004,69.9473565490196,30
25.70212850000007,28.5992217,69.41329078431373,30
25.734175100000357,28.735408470000003,69.14625790196077,30
25.76619000000028,29.007782010000003,68.6121921372549,30
25.814236000000164,29.280155550000003,68.07812637254901,30
25.846312700000453,29.552529090000004,67.54406060784314,30
25.878105900000264,29.824902630000004,67.00999484313725,30
25.910160700000233,30.097276170000004,66.47592907843136,30
25.942213500000435,30.369649710000004,65.94186331372548,30
25.97413940000024,30.642023250000005,65.40779754901959,30
26.00619800000004,30.91439679,64.87373178431372,30
26.038169400000697,31.18677033,64.33966601960785,30
26.07012870000017,31.595330640000004,63.53856737254902,30
26.102149700000155,31.867704180000004,63.00450160784313,30
26.134125000000495,32.14007772000001,62.47043584313723,30
26.166144000000713,32.412451260000005,61.93637007843136,30
26.21419700000024,32.6848248,61.40230431372549,30
26.246414600000207,32.957198340000005,60.8682385490196,30
26.27821440000025,33.22957188,60.33417278431372,30
26.310218300000088,33.63813219000001,59.533074137254886,30
26.342213800000536,33.910505730000004,58.999008372549014,30
26.374151700000766,34.18287927,58.46494260784314,30
26.40619240000069,34.455252810000005,57.93087684313725,30
26.438190800000484,34.86381312,57.129778196078426,30
26.470217000000048,35.13618666000001,56.595712431372526,30
26.502210900000136,35.4085602,56.06164666666666,30
26.53418580000016,35.81712051000001,55.26054801960784,30
26.566419500000848,36.08949405,54.72648225490197,30
26.61415770000076,35.68093374,55.52758090196078,30
26.64634020000085,35.81712051000001,55.26054801960784,30
26.67810030000055,36.08949405,54.72648225490197,30
26.710183200000756,36.22568082000001,54.45944937254901,30
26.742186100000254,36.49805436,53.925383607843145,30
26.774115100000017,36.63424113000001,53.65835072549018,30
26.806191100000433,36.90661467000001,53.124284960784294,30
26.83823780000057,37.042801440000005,52.85725207843136,30
26.870241100000385,37.17898821,52.590219196078436,30
26.902177400000255,37.31517498000001,52.32318631372548,30
26.934242300000733,37.451361750000004,52.05615343137254,30
26.96629329999996,37.58754852,51.78912054901962,30
27.01412000000073,37.72373529000001,51.52208766666665,30
27.046166400000402,37.99610883,50.98802190196079,30
27.078156300000046,38.132295600000006,50.72098901960782,30
27.11018580000018,38.26848237,50.4539561372549,30
27.142166700000416,38.40466914000001,50.18692325490194,30
27.17418550000002,38.540855910000005,49.919890372549006,30
27.206177100000787,38.540855910000005,49.919890372549006,30
27.23808640000061,38.67704268,49.65285749019608,30
27.270102299999962,38.81322945000001,49.38582460784312,30
27.302235200000723,38.81322945000001,49.38582460784312,30
27.334179500000573,38.81322945000001,49.38582460784312,30
27.36660810000012,38.94941622,49.11879172549019,30
27.41417140000067,38.94941622,49.11879172549019,30
27.44696710000062,38.94941622,49.11879172549019,30
27.478241400000115,38.94941622,49.11879172549019,30
27.510249300000396,38.94941622,49.11879172549019,30
27.54226749999998,38.94941622,49.11879172549019,30
27.57429450000018,38.94941622,49.11879172549019,30
27.6062550000006,38.94941622,49.11879172549019,30
27.638253900000564,38.94941622,49.11879172549019,30
27.670563399999992,38.94941622,49.11879172549019,30
27.702519700000266,38.81322945000001,49.38582460784312,30
27.73411540000052,38.81322945000001,49.38582460784312,30
27.766197400000237,38.81322945000001,49.38582460784312,30
27.814177300000665,38.67704268,49.65285749019608,30
27.846190400000523,38.67704268,49.65285749019608,30
27.878190300000824,38.540855910000005,49.919890372549006,30
27.91021020000062,38.540855910000005,49.919890372549006,30
27.942230200000267,38.40466914000001,50.18692325490194,30
27.9741281000006,38.26848237,50.4539561372549,30
28.00616380000065,38.132295600000006,50.72098901960782,30
28.038122900000417,38.132295600000006,50.72098901960782,30
28.07014100000015,37.99610883,50.98802190196079,30
28.102145600000767,37.85992206,51.25505478431373,30
28.13405110000076,37.72373529000001,51.52208766666665,30
28.166104200000518,37.451361750000004,52.05615343137254,30
28.21416230000068,37.31517498000001,52.32318631372548,30
28.246088600000803,37.17898821,52.590219196078436,30
28.278019600000334,36.90661467000001,53.124284960784294,30
28.310232100000576,36.7704279,53.391317843137244,30
28.342127200000505,36.49805436,53.925383607843145,30
28.374741399999948,36.22568082000001,54.45944937254901,30
28.406370600000628,35.953307280000004,54.9935151372549,30
28.438257200000407,35.68093374,55.52758090196078,30
28.470161700000062,35.4085602,56.06164666666666,30
28.502140700000382,35.13618666000001,56.595712431372526,30
28.53417740000077,34.86381312,57.129778196078426,30
28.566181700000016,34.59143958,57.66384396078432,30
28.614153000000442,34.31906604000001,58.197909725490184,30
28.646100200000546,34.046692500000006,58.731975490196064,30
28.67813710000064,33.77431896,59.26604125490195,30
28.710127100000136,33.50194542,59.80010701960785,30
28.742159000000356,33.22957188,60.33417278431372,30
28.774168400000235,32.957198340000005,60.8682385490196,30
28.806093000000146,32.6848248,61.40230431372549,30
28.838187900000776,32.412451260000005,61.93637007843136,30
28.87016350000067,32.14007772000001,62.47043584313723,30
28.902212200000577,31.731517410000002,63.27153449019607,30
28.934169400000428,31.459143870000002,63.805600254901954,30
28.966181400000096,31.18677033,64.33966601960785,30
29.014239800000723,30.91439679,64.87373178431372,30
29.04611600000044,30.642023250000005,65.40779754901959,30
29.078451100000166,30.369649710000004,65.94186331372548,30
29.11014720000003,30.233462940000003,66.20889619607843,30
29.142058300000826,29.824902630000004,67.00999484313725,30
29.174080100000538,29.416342320000002,67.81109349019607,30
29.206108600000334,29.280155550000003,68.07812637254901,30
29.238193800000772,28.87159524,68.87922501960784,30
29.27018339999995,28.5992217,69.41329078431373,30
29.3022232000003,28.326848160000004,69.9473565490196,30
29.334252800000286,28.190661390000002,70.21438943137255,30
29.36622570000054,27.918287850000002,70.74845519607842,30
29.41411440000047,27.782101080000004,71.01548807843136,30
29.446114800000032,27.645914310000002,71.28252096078431,30
29.47815360000004,27.37354077,71.8165867254902,30
29.510185000000092,27.237354000000003,72.08361960784313,30
29.54219869999997,27.10116723,72.35065249019608,30
29.574121700000433,26.964980460000003,72.61768537254902,30
29.606295400000818,26.82879369,72.88471825490195,30
29.638125100000252,27.10116723,72.35065249019608,30
29.670166700000664,26.964980460000003,72.61768537254902,30
29.70202010000048,26.82879369,72.88471825490195,30
29.73415020000084,26.82879369,72.88471825490195,30
29.766123200000038,26.692606920000003,73.15175113725489,30
29.814749699999993,26.692606920000003,73.15175113725489,30
29.846408300000803,26.55642015,73.41878401960784,30
29.878454000000602,26.55642015,73.41878401960784,30
29.91019200000028,26.420233380000003,73.68581690196078,30
29.94223460000012,26.420233380000003,73.68581690196078,30
29.97416870000052,26.28404661,73.95284978431373,30
30.0062353000003,26.28404661,73.95284978431373,30
30.038748700000724,26.147859840000002,74.21988266666666,30
30.070209000000432,26.147859840000002,74.21988266666666,30
30.102252300000146,26.147859840000002,74.21988266666666,30
30.13407290000032,26.147859840000002,74.21988266666666,30
30.166181600000527,26.28404661,73.95284978431373,30
30.21438020000005,26.28404661,73.95284978431373,30
30.246553500000118,26.28404661,73.95284978431373,30
30.278388300000188,26.420233380000003,73.68581690196078,30
30.310158700000102,26.420233380000003,73.68581690196078,30
30.34221250000064,26.55642015,73.41878401960784,30
30.374063900000692,26.55642015,73.41878401960784,30
30.40623070000038,26.692606920000003,73.15175113725489,30
30.438133000000562,26.82879369,72.88471825490195,30
30.470116000000417,26.964980460000003,72.61768537254902,30
30.502185700000155,27.10116723,72.35065249019608,30
30.534088300000803,27.10116723,72.35065249019608,30
30.56628280000041,27.237354000000003,72.08361960784313,30
30.614212600000428,27.237354000000003,72.08361960784313,30
30.646154700000807,27.237354000000003,72.08361960784313,30
30.67814730000009,27.237354000000003,72.08361960784313,30
30.71012990000054,27.37354077,71.8165867254902,30
30.742137100000036,27.509727540000004,71.54955384313725,30
30.774784900000668,28.463034930000003,69.68032366666665,30
30.80651570000009,28.5992217,69.41329078431373,30
30.83841520000078,28.735408470000003,69.14625790196077,30
30.870292999999947,28.87159524,68.87922501960784,30
30.9021958000003,29.007782010000003,68.6121921372549,30
30.93416520000028,28.463034930000003,69.68032366666665,30
30.966019000000415,28.5992217,69.41329078431373,30
30.99839350000002,28.87159524,68.87922501960784,30
31.046192700000574,29.007782010000003,68.6121921372549,30
31.078092600000673,29.280155550000003,68.07812637254901,30
31.110159200000453,29.416342320000002,67.81109349019607,30
31.14207980000083,29.688715860000002,67.27702772549019,30
31.17410749999999,29.961089400000002,66.74296196078431,30
31.206101800000397,30.233462940000003,66.20889619607843,30
31.238022600000477,30.505836480000003,65.67483043137254,30
31.270169100000203,30.778210020000003,65.14076466666666,30
31.302147800000057,31.050583560000003,64.60669890196078,30
31.33413660000042,31.322957100000004,64.0726331372549,30
31.366277800000717,31.595330640000004,63.53856737254902,30
31.398085700000593,32.00389095,62.737468725490196,30
31.446456900000157,32.27626449,62.2034029607843,30
31.47813430000042,32.548638030000006,61.66933719607842,30
31.510322000000087,32.27626449,62.2034029607843,30
31.542493599999943,33.09338511,60.60120566666667,30
31.574166200000036,33.365758650000004,60.06713990196077,30
31.60626730000058,33.63813219000001,59.533074137254886,30
31.63820020000003,33.77431896,59.26604125490195,30
31.670926300000247,34.046692500000006,58.731975490196064,30
31.702532300000712,34.31906604000001,58.197909725490184,30
31.734470500000498,34.59143958,57.66384396078432,30
31.766258700000435,34.72762635000001,57.396811078431355,30
31.798082300000715,34.99999989,56.86274531372549,30
31.84615440000016,35.13618666000001,56.595712431372526,30
31.878117600000223,35.27237343,56.3286795490196,30
31.910171400000763,35.4085602,56.06164666666666,30
31.942143500000384,35.544746970000006,55.79461378431372,30
31.974122100000386,35.68093374,55.52758090196078,30
32.0062310000003,35.953307280000004,54.9935151372549,30
32.03805000000011,36.08949405,54.72648225490197,30
32.07008970000061,36.36186759,54.192416490196074,30
32.10221480000018,36.49805436,53.925383607843145,30
32.13421290000042,36.7704279,53.391317843137244,30
32.166254600000684,36.90661467000001,53.124284960784294,30
32.198086800000056,37.17898821,52.590219196078436,30
32.246228700000756,37.31517498000001,52.32318631372548,30
32.27803920000042,37.451361750000004,52.05615343137254,30
32.310128400000394,37.58754852,51.78912054901962,30
32.34209960000044,37.72373529000001,51.52208766666665,30
32.37408550000055,37.85992206,51.25505478431373,30
32.406165300000794,38.132295600000006,50.72098901960782,30
32.43814800000018,38.26848237,50.4539561372549,30
32.470092500000646,38.26848237,50.4539561372549,30
32.50213530000019,38.40466914000001,50.18692325490194,30
32.53412340000068,38.540855910000005,49.919890372549006,30
32.566060500000276,38.67704268,49.65285749019608,30
32.59807660000024,38.81322945000001,49.38582460784312,30
32.6461790000003,39.630350070000006,47.78362731372548,30
32.67815300000075,39.76653684,47.51659443137255,30
32.710148900000604,39.90272361000001,47.24956154901959,30
32.742111900000054,39.90272361000001,47.24956154901959,30
32.77418880000005,40.038910380000004,46.98252866666665,30
32.806158600000344,40.038910380000004,46.98252866666665,30
32.838126999999986,40.038910380000004,46.98252866666665,30
32.870092600000135,40.038910380000004,46.98252866666665,30
32.90214780000042,40.038910380000004,46.98252866666665,30
32.93413039999996,39.90272361000001,47.24956154901959,30
32.96609930000068,39.90272361000001,47.24956154901959,30
32.99818880000021,39.76653684,47.51659443137255,30
33.04615550000017,39.76653684,47.51659443137255,30
33.07815540000047,39.630350070000006,47.78362731372548,30
33.110164700000496,39.630350070000006,47.78362731372548,30
33.14220390000082,39.4941633,48.05066019607844,30
33.17411010000069,38.67704268,49.65285749019608,30
33.206350600000405,38.540855910000005,49.919890372549006,30
33.23821970000063,39.22178976000001,48.5847259607843,30
33.2702218000004,38.26848237,50.4539561372549,30
33.30239750000055,38.132295600000006,50.72098901960782,30
33.33421180000005,38.81322945000001,49.38582460784312,30
33.366226500000266,37.85992206,51.25505478431373,30
33.39817490000041,38.40466914000001,50.18692325490194,30
33.44611150000037,38.26848237,50.4539561372549,30
33.47816320000038,37.99610883,50.98802190196079,30
33.510224700000435,37.85992206,51.25505478431373,30
33.542199900000014,37.58754852,51.78912054901962,30
33.5743465000005,37.451361750000004,52.05615343137254,30
33.60632930000065,37.31517498000001,52.32318631372548,30
33.63805860000048,37.042801440000005,52.85725207843136,30
33.670174300000326,36.7704279,53.391317843137244,30
33.70220530000006,36.63424113000001,53.65835072549018,30
33.73417250000057,36.36186759,54.192416490196074,30
33.76610849999997,36.08949405,54.72648225490197,30
33.79882600000019,35.81712051000001,55.26054801960784,30
33.84618370000044,35.68093374,55.52758090196078,30
33.87874280000051,35.4085602,56.06164666666666,30
33.911545700000715,35.13618666000001,56.595712431372526,30
33.9425811000001,34.99999989,56.86274531372549,30
33.97430070000064,34.59143958,57.66384396078432,30
34.006299800000306,34.31906604000001,58.197909725490184,30
34.0381124000005,34.046692500000006,58.731975490196064,30
34.070172800000364,33.77431896,59.26604125490195,30
34.10221230000025,33.50194542,59.80010701960785,30
34.134191699999974,33.22957188,60.33417278431372,30
34.16614389999995,32.957198340000005,60.8682385490196,30
34.19820040000013,32.6848248,61.40230431372549,30
34.24618140000075,32.27626449,62.2034029607843,30
34.27807080000002,32.00389095,62.737468725490196,30
34.31014649999997,31.731517410000002,63.27153449019607,30
34.34215160000076,31.459143870000002,63.805600254901954,30
34.37415730000066,31.18677033,64.33966601960785,30
34.40615330000037,30.91439679,64.87373178431372,30
34.43806710000081,30.642023250000005,65.40779754901959,30
34.47018810000009,30.369649710000004,65.94186331372548,30
34.50206849999995,30.233462940000003,66.20889619607843,30
34.53412430000026,29.961089400000002,66.74296196078431,30
34.56613220000054,29.688715860000002,67.27702772549019,30
34.598043800000596,29.416342320000002,67.81109349019607,30
34.646178700000746,29.14396878,68.34515925490197,30
34.67811450000045,28.87159524,68.87922501960784,30
34.71018970000023,28.735408470000003,69.14625790196077,30
34.74218790000032,28.463034930000003,69.68032366666665,30
34.77415970000038,28.326848160000004,69.9473565490196,30
34.80605630000082,28.190661390000002,70.21438943137255,30
34.838437300000805,27.918287850000002,70.74845519607842,30
34.87005180000051,27.782101080000004,71.01548807843136,30
34.902146900000844,27.645914310000002,71.28252096078431,30
34.934111600000506,27.509727540000004,71.54955384313725,30
34.96613049999996,27.237354000000003,72.08361960784313,30
34.99806010000066,26.964980460000003,72.61768537254902,30
35.046166500000254,26.964980460000003,72.61768537254902,30
35.07818150000003,26.82879369,72.88471825490195,30
35.11015750000024,26.692606920000003,73.15175113725489,30
35.142182100000355,26.420233380000003,73.68581690196078,30
35.17410570000084,26.28404661,73.95284978431373,30
35.2061362000004,26.28404661,73.95284978431373,30
35.23808360000021,26.147859840000002,74.21988266666666,30
35.2701074000006,26.147859840000002,74.21988266666666,30
35.3021688000008,26.147859840000002,74.21988266666666,30
35.33413270000074,26.28404661,73.95284978431373,30
35.3661187000007,26.147859840000002,74.21988266666666,30
35.39803040000061,26.28404661,73.95284978431373,30
35.44613939999999,26.28404661,73.95284978431373,30
35.47803290000047,26.28404661,73.95284978431373,30
35.51079690000006,26.420233380000003,73.68581690196078,30
35.542119800000364,26.420233380000003,73.68581690196078,30
35.57411680000041,26.420233380000003,73.68581690196078,30
35.6063180000001,26.55642015,73.41878401960784,30
35.638266300000396,26.55642015,73.41878401960784,30
35.67017340000075,26.692606920000003,73.15175113725489,30
35.70212050000009,25.875486300000002,74.75394843137255,30
35.734125400000266,26.011673070000004,74.4869155490196,30
35.766094800000246,26.147859840000002,74.21988266666666,30
35.79803840000022,26.147859840000002,74.21988266666666,30
35.846192599999995,26.28404661,73.95284978431373,30
35.878168900000674,26.420233380000003,73.68581690196078,30
35.91009280000071,26.55642015,73.41878401960784,30
35.94209540000065,26.55642015,73.41878401960784,30
35.97412500000064,26.692606920000003,73.15175113725489,30
36.00609080000049,26.82879369,72.88471825490195,30
36.03807230000075,26.964980460000003,72.61768537254902,30
36.07021110000005,27.10116723,72.35065249019608,30
36.10229990000062,27.237354000000003,72.08361960784313,30
36.134183800000756,27.509727540000004,71.54955384313725,30
36.16602050000074,27.645914310000002,71.28252096078431,30
36.19812750000074,27.918287850000002,70.74845519607842,30
36.24610290000055,28.054474620000004,70.48142231372549,30
36.27801930000078,28.326848160000004,69.9473565490196,30
36.31014890000006,28.5992217,69.41329078431373,30
36.342103700000735,28.87159524,68.87922501960784,30
36.37408730000061,29.007782010000003,68.6121921372549,30
36.406130100000155,29.14396878,68.34515925490197,30
36.43809130000045,29.416342320000002,67.81109349019607,30
36.47012010000071,29.552529090000004,67.54406060784314,30
36.502331000000595,29.688715860000002,67.27702772549019,30
36.53410260000055,29.961089400000002,66.74296196078431,30
36.566098900000725,30.097276170000004,66.47592907843136,30
36.59800240000004,30.369649710000004,65.94186331372548,30
36.64611860000059,30.505836480000003,65.67483043137254,30
36.67821400000048,30.642023250000005,65.40779754901959,30
36.71021960000053,30.91439679,64.87373178431372,30
36.74222750000081,31.050583560000003,64.60669890196078,30
36.77412960000038,31.322957100000004,64.0726331372549,30
36.80611990000034,31.595330640000004,63.53856737254902,30
36.838115700000344,31.731517410000002,63.27153449019607,30
36.87017680000008,32.00389095,62.737468725490196,30
36.90210030000071,32.27626449,62.2034029607843,30
36.934125900000254,32.412451260000005,61.93637007843136,30
36.96612080000068,32.6848248,61.40230431372549,30
36.99802180000006,32.957198340000005,60.8682385490196,30
37.04616260000057,33.09338511,60.60120566666667,30
37.07818320000024,33.365758650000004,60.06713990196077,30
37.11014990000058,33.50194542,59.80010701960785,30
37.142139400000815,33.77431896,59.26604125490195,30
37.17427720000069,33.910505730000004,58.999008372549014,30
37.206204800000705,34.046692500000006,58.731975490196064,30
37.23815110000032,34.31906604000001,58.197909725490184,30
37.27017700000033,34.455252810000005,57.93087684313725,30
37.30206790000011,34.59143958,57.66384396078432,30
37.33423000000039,34.86381312,57.129778196078426,30
37.36630950000017,34.99999989,56.86274531372549,30
37.39867510000022,35.27237343,56.3286795490196,30
37.44638170000053,35.4085602,56.06164666666666,30
37.47834650000004,35.68093374,55.52758090196078,30
37.51020790000075,35.81712051000001,55.26054801960784,30
37.54218470000069,36.08949405,54.72648225490197,30
37.57406210000045,36.22568082000001,54.45944937254901,30
37.60610750000069,36.36186759,54.192416490196074,30
37.638173900000766,36.49805436,53.925383607843145,30
37.67010819999996,36.63424113000001,53.65835072549018,30
37.70212100000026,36.63424113000001,53.65835072549018,30
37.73424800000066,36.7704279,53.391317843137244,30
37.766167900000255,36.90661467000001,53.124284960784294,30
37.79810500000076,36.90661467000001,53.124284960784294,30
37.84614590000001,37.042801440000005,52.85725207843136,30
37.87808960000075,37.17898821,52.590219196078436,30
37.9099997000003,37.31517498000001,52.32318631372548,30
37.94223409999995,37.451361750000004,52.05615343137254,30
37.974159900000814,37.451361750000004,52.05615343137254,30
38.00606680000055,37.58754852,51.78912054901962,30
38.03815030000078,37.72373529000001,51.52208766666665,30
38.07022959999995,37.72373529000001,51.52208766666665,30
38.10246610000013,37.72373529000001,51.52208766666665,30
38.1347351000004,37.85992206,51.25505478431373,30
38.16612620000069,37.85992206,51.25505478431373,30
38.198099100000036,37.99610883,50.98802190196079,30
38.24606980000044,37.99610883,50.98802190196079,30
38.27948490000017,37.99610883,50.98802190196079,30
38.31019450000076,37.99610883,50.98802190196079,30
38.34217840000019,37.99610883,50.98802190196079,30
38.3742342000005,37.85992206,51.25505478431373,30
38.406210800000736,37.85992206,51.25505478431373,30
38.43812160000016,37.85992206,51.25505478431373,30
38.47020040000007,37.72373529000001,51.52208766666665,30
38.50216739999996,37.72373529000001,51.52208766666665,30
38.53417450000052,37.72373529000001,51.52208766666665,30
38.56609810000009,37.58754852,51.78912054901962,30
38.59812099999999,37.58754852,51.78912054901962,30
38.64617340000041,37.451361750000004,52.05615343137254,30
38.678033800000776,37.451361750000004,52.05615343137254,30
38.71012420000079,37.451361750000004,52.05615343137254,30
38.74210680000033,37.31517498000001,52.32318631372548,30
38.77412330000061,37.31517498000001,52.32318631372548,30
38.806080600000314,37.17898821,52.590219196078436,30
38.83817140000065,37.17898821,52.590219196078436,30
38.870141300000796,37.042801440000005,52.85725207843136,30
38.902197700000215,36.90661467000001,53.124284960784294,30
38.934120600000824,36.7704279,53.391317843137244,30
38.96619750000082,36.7704279,53.391317843137244,30
38.99812050000037,36.63424113000001,53.65835072549018,30
39.04601070000081,36.49805436,53.925383607843145,30
39.07803430000058,36.36186759,54.192416490196074,30
39.11014370000066,36.22568082000001,54.45944937254901,30
39.14218170000004,36.08949405,54.72648225490197,30
39.17411770000035,35.953307280000004,54.9935151372549,30
39.20610160000069,35.81712051000001,55.26054801960784,30
39.238070500000504,36.08949405,54.72648225490197,30
39.270137100000284,35.953307280000004,54.9935151372549,30
39.30217860000084,35.81712051000001,55.26054801960784,30
39.33408490000056,35.68093374,55.52758090196078,30
39.36611350000021,35.544746970000006,55.79461378431372,30
39.398041500000545,35.4085602,56.06164666666666,30
39.446089900000516,35.27237343,56.3286795490196,30
39.47807780000039,34.99999989,56.86274531372549,30
39.510089500000504,34.86381312,57.129778196078426,30
39.5420610000001,34.59143958,57.66384396078432,30
39.5741136000006,34.455252810000005,57.93087684313725,30
39.60683659999995,34.18287927,58.46494260784314,30
39.63816820000011,34.046692500000006,58.731975490196064,30
39.67024700000002,33.77431896,59.26604125490195,30
39.70221020000008,33.63813219000001,59.533074137254886,30
39.73425020000013,33.365758650000004,60.06713990196077,30
39.76614719999998,33.09338511,60.60120566666667,30
39.79812360000051,33.50194542,59.80010701960785,30
39.846185600000354,33.365758650000004,60.06713990196077,30
39.87808860000041,33.09338511,60.60120566666667,30
39.91012170000067,32.957198340000005,60.8682385490196,30
39.94209370000044,32.6848248,61.40230431372549,30
39.9741324000006,32.412451260000005,61.93637007843136,30
40.00615310000012,32.27626449,62.2034029607843,30
40.0380281000007,32.00389095,62.737468725490196,30
40.07007870000052,31.731517410000002,63.27153449019607,30
40.1020651000008,31.595330640000004,63.53856737254902,30
40.13409900000079,31.322957100000004,64.0726331372549,30
40.16611270000067,31.050583560000003,64.60669890196078,30
40.19812570000067,30.91439679,64.87373178431372,30
40.24612950000028,30.642023250000005,65.40779754901959,30
40.27800670000033,30.369649710000004,65.94186331372548,30
40.310074500000155,30.233462940000003,66.20889619607843,30
40.34211290000076,30.097276170000004,66.47592907843136,30
40.374100300000464,29.824902630000004,67.00999484313725,30
40.406037200000355,29.688715860000002,67.27702772549019,30
40.43802680000044,29.552529090000004,67.54406060784314,30
40.47048640000048,29.280155550000003,68.07812637254901,30
40.50212780000038,29.280155550000003,68.07812637254901,30
40.5340853000007,29.14396878,68.34515925490197,30
40.56614600000012,29.007782010000003,68.6121921372549,30
40.5980840000002,28.5992217,69.41329078431373,30
40.64616720000049,28.87159524,68.87922501960784,30
40.67815510000037,28.735408470000003,69.14625790196077,30
40.710175200000776,28.463034930000003,69.68032366666665,30
40.74215490000006,28.326848160000004,69.9473565490196,30
40.774311600000146,28.326848160000004,69.9473565490196,30
40.80619910000041,28.190661390000002,70.21438943137255,30
40.83819140000014,28.190661390000002,70.21438943137255,30
40.870136900000034,28.190661390000002,70.21438943137255,30
40.90218850000019,28.054474620000004,70.48142231372549,30
40.93418180000026,28.054474620000004,70.48142231372549,30
40.966063300000314,28.054474620000004,70.48142231372549,30
40.99802490000002,28.054474620000004,70.48142231372549,30
41.04609960000016,28.054474620000004,70.48142231372549,30
41.077914800000144,28.054474620000004,70.48142231372549,30
41.110074400000485,28.054474620000004,70.48142231372549,30
41.14207030000034,28.054474620000004,70.48142231372549,30
41.17413690000012,28.054474620000004,70.48142231372549,30
41.20610830000078,28.190661390000002,70.21438943137255,30
41.23809630000051,28.190661390000002,70.21438943137255,30
41.270094500000596,28.326848160000004,69.9473565490196,30
41.30206580000049,28.463034930000003,69.68032366666665,30
41.334086100000604,28.463034930000003,69.68032366666665,30
41.36620480000056,28.5992217,69.41329078431373,30
41.398152600000685,28.5992217,69.41329078431373,30
41.446117600000434,28.735408470000003,69.14625790196077,30
41.4780896000002,28.735408470000003,69.14625790196077,30
41.51010730000053,28.87159524,68.87922501960784,30
41.54212290000032,28.87159524,68.87922501960784,30
41.57414890000018,29.007782010000003,68.6121921372549,30
41.6061978000007,29.14396878,68.34515925490197,30
41.63815860000068,29.280155550000003,68.07812637254901,30
41.67007960000046,29.280155550000003,68.07812637254901,30
41.70290550000027,29.416342320000002,67.81109349019607,30
41.7342649000002,29.552529090000004,67.54406060784314,30
41.766139000000294,29.552529090000004,67.54406060784314,30
41.79837410000073,29.552529090000004,67.54406060784314,30
41.84608879999996,29.688715860000002,67.27702772549019,30
41.87807539999994,29.688715860000002,67.27702772549019,30
41.910158100000444,29.824902630000004,67.00999484313725,30
41.942173500000536,29.961089400000002,66.74296196078431,30
41.974075100000846,29.961089400000002,66.74296196078431,30
42.00611150000077,30.097276170000004,66.47592907843136,30
42.03804010000022,30.233462940000003,66.20889619607843,30
42.07005170000048,30.369649710000004,65.94186331372548,30
42.10231070000009,30.505836480000003,65.67483043137254,30
42.134147400000074,30.642023250000005,65.40779754901959,30
42.16620690000036,30.778210020000003,65.14076466666666,30
42.19812640000055,30.91439679,64.87373178431372,30
42.24624530000074,31.050583560000003,64.60669890196078,30
42.27856770000017,30.505836480000003,65.67483043137254,30
42.310306300000775,30.642023250000005,65.40779754901959,30
42.34257360000083,30.778210020000003,65.14076466666666,30
42.37459930000023,30.91439679,64.87373178431372,30
42.4063900000001,31.050583560000003,64.60669890196078,30
42.438203600000634,31.18677033,64.33966601960785,30
42.47025450000001,31.322957100000004,64.0726331372549,30
42.502095400000144,31.459143870000002,63.805600254901954,30
42.534104900000784,31.595330640000004,63.53856737254902,30
42.56608790000064,31.731517410000002,63.27153449019607,30
42.5980511000007,31.867704180000004,63.00450160784313,30
42.64616660000047,32.00389095,62.737468725490196,30
42.67818790000001,32.14007772000001,62.47043584313723,30
42.71012659999997,32.14007772000001,62.47043584313723,30
42.74214810000012,32.27626449,62.2034029607843,30
42.77432630000021,32.412451260000005,61.93637007843136,30
42.80645270000059,32.548638030000006,61.66933719607842,30
42.83823980000034,32.6848248,61.40230431372549,30
42.87014880000061,32.82101157,61.13527143137255,30
42.90216610000061,32.957198340000005,60.8682385490196,30
42.93443930000012,33.09338511,60.60120566666667,30
42.96718480000072,33.22957188,60.33417278431372,30
42.998882500000036,33.22957188,60.33417278431372,30
43.0461834000007,33.365758650000004,60.06713990196077,30
43.07822440000018,33.50194542,59.80010701960785,30
43.110406100000546,33.50194542,59.80010701960785,30
43.1424504000006,33.63813219000001,59.533074137254886,30
43.174459700000625,33.63813219000001,59.533074137254886,30
43.20620020000024,33.77431896,59.26604125490195,30
43.23802550000073,33.77431896,59.26604125490195,30
43.2702246000008,33.77431896,59.26604125490195,30
43.302211800000805,33.910505730000004,58.999008372549014,30
43.33420710000064,33.910505730000004,58.999008372549014,30
43.36604150000039,33.910505730000004,58.999008372549014,30
43.39816950000022,34.046692500000006,58.731975490196064,30
43.44615210000029,34.046692500000006,58.731975490196064,30
43.47801560000062,34.046692500000006,58.731975490196064,30
43.510287700000845,34.18287927,58.46494260784314,30
43.54229530000066,34.18287927,58.46494260784314,30
43.57410510000045,34.18287927,58.46494260784314,30
43.606223200000386,34.18287927,58.46494260784314,30
43.63818790000005,34.18287927,58.46494260784314,30
43.6701135000003,34.18287927,58.46494260784314,30
43.70222439999998,34.31906604000001,58.197909725490184,30
43.73405290000028,34.31906604000001,58.197909725490184,30
43.766193000000385,34.455252810000005,57.93087684313725,30
43.79810170000019,34.59143958,57.66384396078432,30
43.84605740000006,34.59143958,57.66384396078432,30
43.87829970000075,34.72762635000001,57.396811078431355,30
43.910331200000655,34.86381312,57.129778196078426,30
43.942113200000676,34.86381312,57.129778196078426,30
43.97409020000032,34.86381312,57.129778196078426,30
44.0062166000007,34.99999989,56.86274531372549,30
44.03815400000076,34.99999989,56.86274531372549,30
44.070207600000685,34.99999989,56.86274531372549,30
44.102181700000074,34.99999989,56.86274531372549,30
44.134188600000016,35.13618666000001,56.595712431372526,30
44.16613060000054,35.13618666000001,56.595712431372526,30
44.19833590000053,35.13618666000001,56.595712431372526,30
44.24671800000033,35.13618666000001,56.595712431372526,30
44.27858749999996,35.13618666000001,56.595712431372526,30
44.31026480000037,35.13618666000001,56.595712431372526,30
44.34214200000042,35.27237343,56.3286795490196,30
44.37417590000041,35.27237343,56.3286795490196,30
44.40609770000083,35.27237343,56.3286795490196,30
44.43814520000069,35.27237343,56.3286795490196,30
44.47012810000069,35.27237343,56.3286795490196,30
44.502142400000594,35.4085602,56.06164666666666,30
44.53413300000011,35.4085602,56.06164666666666,30
44.56609010000011,35.4085602,56.06164666666666,30
44.59807480000018,35.4085602,56.06164666666666,30
44.64610680000078,35.4085602,56.06164666666666,30
44.67796840000028,35.4085602,56.06164666666666,30
44.71003220000057,35.4085602,56.06164666666666,30
44.742188900000656,35.4085602,56.06164666666666,30
44.77408150000065,35.4085602,56.06164666666666,30
44.80622550000044,35.4085602,56.06164666666666,30
44.838292000000365,35.4085602,56.06164666666666,30
44.87013280000065,35.27237343,56.3286795490196,30
44.902155500000845,35.27237343,56.3286795490196,30
44.93453630000022,35.27237343,56.3286795490196,30
44.96615010000005,35.13618666000001,56.595712431372526,30
44.99853729999995,34.99999989,56.86274531372549,30
45.04612660000021,34.86381312,57.129778196078426,30
45.07811430000038,34.86381312,57.129778196078426,30
45.11017500000071,34.72762635000001,57.396811078431355,30
45.14217069999995,34.72762635000001,57.396811078431355,30
45.174143000000186,34.59143958,57.66384396078432,30
45.20619130000068,34.59143958,57.66384396078432,30
45.23816070000066,34.455252810000005,57.93087684313725,30
45.27011710000079,34.31906604000001,58.197909725490184,30
45.30214479999995,34.31906604000001,58.197909725490184,30
45.334100500000204,34.18287927,58.46494260784314,30
45.366489700000784,34.046692500000006,58.731975490196064,30
45.398195300000225,34.046692500000006,58.731975490196064,30
45.44629410000016,33.910505730000004,58.999008372549014,30
45.47793900000033,33.63813219000001,59.533074137254886,30
45.5100764000008,33.50194542,59.80010701960785,30
45.542110700000194,33.365758650000004,60.06713990196077,30
45.57409550000011,33.09338511,60.60120566666667,30
45.606097600000794,32.957198340000005,60.8682385490196,30
45.6379852,32.82101157,61.13527143137255,30
45.670005500000116,32.548638030000006,61.66933719607842,30
45.70211130000007,32.412451260000005,61.93637007843136,30
45.73417270000027,32.6848248,61.40230431372549,30
45.76617840000017,32.548638030000006,61.66933719607842,30
45.79817280000043,32.412451260000005,61.93637007843136,30
45.846152000000075,32.14007772000001,62.47043584313723,30
45.877994800000124,32.00389095,62.737468725490196,30
45.91008000000056,31.867704180000004,63.00450160784313,30
45.94211020000057,31.731517410000002,63.27153449019607,30
45.97420200000033,31.595330640000004,63.53856737254902,30
46.00619690000076,31.459143870000002,63.805600254901954,30
46.03804080000009,31.322957100000004,64.0726331372549,30
46.07023330000084,31.18677033,64.33966601960785,30
46.10208980000061,30.91439679,64.87373178431372,30
46.13412170000083,30.778210020000003,65.14076466666666,30
46.16617320000023,30.778210020000003,65.14076466666666,30
46.19807440000022,30.642023250000005,65.40779754901959,30
46.246116500000426,30.505836480000003,65.67483043137254,30
46.27800509999997,30.505836480000003,65.67483043137254,30
46.310055800000555,30.369649710000004,65.94186331372548,30
46.34208370000033,30.369649710000004,65.94186331372548,30
46.37407710000025,30.233462940000003,66.20889619607843,30
46.40607170000021,30.233462940000003,66.20889619607843,30
46.4380699000003,30.233462940000003,66.20889619607843,30
46.47007200000007,30.097276170000004,66.47592907843136,30
46.50213140000051,30.097276170000004,66.47592907843136,30
46.53403380000054,30.097276170000004,66.47592907843136,30
46.566096200000175,29.961089400000002,66.74296196078431,30
46.59802970000055,29.961089400000002,66.74296196078431,30
46.646038700000645,29.961089400000002,66.74296196078431,30
46.678056100000504,29.824902630000004,67.00999484313725,30
46.710077900000215,29.824902630000004,67.00999484313725,30
46.742047300000195,29.961089400000002,66.74296196078431,30
46.774178000000575,29.961089400000002,66.74296196078431,30
46.806167200000345,29.961089400000002,66.74296196078431,30
46.838166500000625,30.097276170000004,66.47592907843136,30
46.87012810000033,30.097276170000004,66.47592907843136,30
46.90219300000081,30.097276170000004,66.47592907843136,30
46.93410210000002,30.233462940000003,66.20889619607843,30
46.96616500000073,30.233462940000003,66.20889619607843,30
46.99808250000024,30.369649710000004,65.94186331372548,30
47.046664800000144,30.369649710000004,65.94186331372548,30
47.07813680000072,30.369649710000004,65.94186331372548,30
47.110161900000094,30.505836480000003,65.67483043137254,30
47.14218789999995,30.505836480000003,65.67483043137254,30
47.17418850000013,30.642023250000005,65.40779754901959,30
47.206519400000616,30.642023250000005,65.40779754901959,30
47.23849770000015,30.642023250000005,65.40779754901959,30
47.27039540000078,30.778210020000003,65.14076466666666,30
47.30218360000072,31.459143870000002,63.805600254901954,30
47.33407960000022,31.595330640000004,63.53856737254902,30
47.36614540000028,31.595330640000004,63.53856737254902,30
47.39818439999999,31.731517410000002,63.27153449019607,30
47.44611830000031,31.867704180000004,63.00450160784313,30
47.478074800000286,32.00389095,62.737468725490196,30
47.51039590000073,31.867704180000004,63.00450160784313,30
47.54239770000004,32.00389095,62.737468725490196,30
47.57418790000065,32.14007772000001,62.47043584313723,30
47.60614590000023,32.27626449,62.2034029607843,30
47.6381293000004,32.27626449,62.2034029607843,30
47.6700991000007,32.412451260000005,61.93637007843136,30
47.70227169999998,32.412451260000005,61.93637007843136,30
47.73423710000043,32.548638030000006,61.66933719607842,30
47.76612900000055,32.548638030000006,61.66933719607842,30
47.798134700000446,32.6848248,61.40230431372549,30
47.846181400000205,32.82101157,61.13527143137255,30
47.87810510000054,32.957198340000005,60.8682385490196,30
47.910176300000785,32.957198340000005,60.8682385490196,30
47.94216640000013,33.09338511,60.60120566666667,30
47.97423070000059,33.22957188,60.33417278431372,30
48.00609610000083,33.365758650000004,60.06713990196077,30
48.038090700000794,33.50194542,59.80010701960785,30
48.07005180000033,33.63813219000001,59.533074137254886,30
48.10206790000029,33.77431896,59.26604125490195,30
48.13418880000063,33.77431896,59.26604125490195,30
48.166679800000566,33.910505730000004,58.999008372549014,30
48.1981179000004,34.046692500000006,58.731975490196064,30
48.2462101000001,34.18287927,58.46494260784314,30
48.27819080000063,34.18287927,58.46494260784314,30
48.31019220000053,34.31906604000001,58.197909725490184,30
48.34230580000076,34.31906604000001,58.197909725490184,30
48.374173000000155,34.455252810000005,57.93087684313725,30
48.40623180000057,34.59143958,57.66384396078432,30
48.438136400000076,34.72762635000001,57.396811078431355,30
48.47014870000021,34.86381312,57.129778196078426,30
48.502064000000246,34.86381312,57.129778196078426,30
48.533977800000685,34.99999989,56.86274531372549,30
48.56614560000071,35.13618666000001,56.595712431372526,30
48.598045300000194,35.13618666000001,56.595712431372526,30
48.646020600000156,35.27237343,56.3286795490196,30
48.678030500000204,35.27237343,56.3286795490196,30
48.7101416000005,35.4085602,56.06164666666666,30
48.7421916000003,35.544746970000006,55.79461378431372,30
48.77456020000045,35.544746970000006,55.79461378431372,30
48.80611280000085,35.68093374,55.52758090196078,30
48.83811960000003,35.81712051000001,55.26054801960784,30
48.87004690000049,35.953307280000004,54.9935151372549,30
48.9021474000001,35.953307280000004,54.9935151372549,30
48.93410910000057,36.08949405,54.72648225490197,30
48.966601699999956,36.22568082000001,54.45944937254901,30
48.99798480000027,36.22568082000001,54.45944937254901,30
49.0460707000002,36.36186759,54.192416490196074,30
49.077949100000296,36.36186759,54.192416490196074,30
49.11008730000049,36.49805436,53.925383607843145,30
49.14204040000004,36.49805436,53.925383607843145,30
49.174018600000636,36.49805436,53.925383607843145,30
49.206132700000126,36.49805436,53.925383607843145,30
49.238289000000805,36.49805436,53.925383607843145,30
49.270133500000156,36.49805436,53.925383607843145,30
49.302180800000315,36.49805436,53.925383607843145,30
49.33421500000077,36.49805436,53.925383607843145,30
49.36614180000015,36.49805436,53.925383607843145,30
49.39844660000017,36.49805436,53.925383607843145,30
49.44606540000041,36.49805436,53.925383607843145,30
49.478026700000555,36.49805436,53.925383607843145,30
49.51009570000042,36.36186759,54.192416490196074,30
49.5421266000003,36.36186759,54.192416490196074,30
49.574321500000224,36.36186759,54.192416490196074,30
49.60640540000077,36.36186759,54.192416490196074,30
49.638497000000825,36.22568082000001,54.45944937254901,30
49.67026570000053,35.544746970000006,55.79461378431372,30
49.702189000000544,35.4085602,56.06164666666666,30
49.73415980000027,35.4085602,56.06164666666666,30
49.76615980000042,35.27237343,56.3286795490196,30
49.798286800000824,35.27237343,56.3286795490196,30
49.846233700000084,35.13618666000001,56.595712431372526,30
49.87818320000042,34.99999989,56.86274531372549,30
49.910254300000815,34.86381312,57.129778196078426,30
49.94225490000008,34.72762635000001,57.396811078431355,30
49.974212900000566,34.59143958,57.66384396078432,30
50.00633790000029,34.455252810000005,57.93087684313725,30
50.03829500000029,34.31906604000001,58.197909725490184,30
50.07035350000024,34.18287927,58.46494260784314,30
50.102258200000506,34.046692500000006,58.731975490196064,30
50.134308700000474,34.046692500000006,58.731975490196064,30
50.166312300000754,33.77431896,59.26604125490195,30
50.198320700000295,33.77431896,59.26604125490195,30
50.24641810000048,33.63813219000001,59.533074137254886,30
50.27818490000027,33.50194542,59.80010701960785,30
50.31014970000069,33.365758650000004,60.06713990196077,30
50.342118200000186,33.22957188,60.33417278431372,30
50.37426230000074,33.09338511,60.60120566666667,30
50.4062397000007,32.957198340000005,60.8682385490196,30
50.438228200000594,32.82101157,61.13527143137255,30
50.47018130000015,32.6848248,61.40230431372549,30
50.502183600000535,32.548638030000006,61.66933719607842,30
50.53440500000033,32.412451260000005,61.93637007843136,30
50.56683210000028,32.27626449,62.2034029607843,30
50.598174600000675,32.14007772000001,62.47043584313723,30
50.64609010000004,32.00389095,62.737468725490196,30
50.678517600000305,32.00389095,62.737468725490196,30
50.710111000000325,31.867704180000004,63.00450160784313,30
50.74214000000029,31.731517410000002,63.27153449019607,30
50.774167300000045,31.595330640000004,63.53856737254902,30
50.8061301000007,31.459143870000002,63.805600254901954,30
50.8381586000005,31.459143870000002,63.805600254901954,30
50.870165799999995,31.322957100000004,64.0726331372549,30
50.90212960000008,31.18677033,64.33966601960785,30
50.93414810000013,31.050583560000003,64.60669890196078,30
50.96615560000009,30.91439679,64.87373178431372,30
50.99824250000074,30.778210020000003,65.14076466666666,30
51.04618760000085,30.778210020000003,65.14076466666666,30
51.078183999999965,30.642023250000005,65.40779754901959,30
51.11021390000042,30.642023250000005,65.40779754901959,30
51.14222080000036,30.505836480000003,65.67483043137254,30
51.174079500000516,30.505836480000003,65.67483043137254,30
51.2061048000005,30.505836480000003,65.67483043137254,30
51.23843720000059,30.505836480000003,65.67483043137254,30
51.27008079999996,30.369649710000004,65.94186331372548,30
51.302111900000455,30.505836480000003,65.67483043137254,30
51.33434209999996,30.505836480000003,65.67483043137254,30
51.366123400000106,30.369649710000004,65.94186331372548,30
51.398091700000805,30.233462940000003,66.20889619607843,30
51.44616750000023,30.097276170000004,66.47592907843136,30
51.47813900000074,30.097276170000004,66.47592907843136,30
51.51019720000022,29.961089400000002,66.74296196078431,30
51.54216700000052,29.961089400000002,66.74296196078431,30
51.57436630000029,29.824902630000004,67.00999484313725,30
51.60639110000011,29.824902630000004,67.00999484313725,30
51.63804860000073,29.824902630000004,67.00999484313725,30
51.67035970000052,29.688715860000002,67.27702772549019,30
51.70209599999998,29.688715860000002,67.27702772549019,30
51.734240100000534,29.552529090000004,67.54406060784314,30
51.76609550000012,29.552529090000004,67.54406060784314,30
51.798349900000176,29.416342320000002,67.81109349019607,30
51.84605550000015,29.416342320000002,67.81109349019607,30
51.87812170000052,29.416342320000002,67.81109349019607,30
51.91006700000071,29.416342320000002,67.81109349019607,30
51.942116300000635,29.688715860000002,67.27702772549019,30
51.9740752000007,29.688715860000002,67.27702772549019,30
52.006144300000415,29.824902630000004,67.00999484313725,30
52.0381053000001,29.824902630000004,67.00999484313725,30
52.07001510000009,29.824902630000004,67.00999484313725,30
52.10207270000046,29.961089400000002,66.74296196078431,30
52.13406350000059,29.961089400000002,66.74296196078431,30
52.16608760000054,29.961089400000002,66.74296196078431,30
52.198023700000704,29.961089400000002,66.74296196078431,30
52.24610389999998,29.688715860000002,67.27702772549019,30
52.278128599999945,29.688715860000002,67.27702772549019,30
52.310093700000834,29.688715860000002,67.27702772549019,30
52.34216070000002,29.688715860000002,67.27702772549019,30
52.374139800000194,29.824902630000004,67.00999484313725,30
52.40611640000043,29.824902630000004,67.00999484313725,30
52.438085100000535,29.824902630000004,67.00999484313725,30
52.47015200000078,29.961089400000002,66.74296196078431,30
52.502058000000034,29.961089400000002,66.74296196078431,30
52.53409830000055,29.961089400000002,66.74296196078431,30
52.56606720000036,29.961089400000002,66.74296196078431,30
52.59806590000062,30.097276170000004,66.47592907843136,30
52.646203199999945,30.097276170000004,66.47592907843136,30
52.678167200000644,30.233462940000003,66.20889619607843,30
52.710072500000024,30.778210020000003,65.14076466666666,30
52.742070799999965,30.91439679,64.87373178431372,30
52.77404890000071,30.91439679,64.87373178431372,30
52.806190100000094,31.050583560000003,64.60669890196078,30
52.83809480000036,31.050583560000003,64.60669890196078,30
52.87022539999998,31.18677033,64.33966601960785,30
52.90241690000039,31.18677033,64.33966601960785,30
52.93429540000034,31.322957100000004,64.0726331372549,30
52.9662143000005,31.459143870000002,63.805600254901954,30
52.99812629999997,31.595330640000004,63.53856737254902,30
53.04610500000035,31.731517410000002,63.27153449019607,30
53.07813000000078,31.731517410000002,63.27153449019607,30
53.11000520000016,31.867704180000004,63.00450160784313,30
53.14214880000054,32.00389095,62.737468725490196,30
53.174028100000214,32.14007772000001,62.47043584313723,30
53.2060676000001,32.14007772000001,62.47043584313723,30
53.23813010000049,32.27626449,62.2034029607843,30
53.27010600000085,32.412451260000005,61.93637007843136,30
53.3020477,32.00389095,62.737468725490196,30
53.33407340000031,32.6848248,61.40230431372549,30
53.36607860000004,32.6848248,61.40230431372549,30
53.39812130000064,32.82101157,61.13527143137255,30
53.44607400000041,32.957198340000005,60.8682385490196,30
53.47834800000055,33.09338511,60.60120566666667,30
53.510105000000294,33.22957188,60.33417278431372,30
53.54204070000014,33.22957188,60.33417278431372,30
53.57408400000077,33.365758650000004,60.06713990196077,30
53.60614910000004,33.365758650000004,60.06713990196077,30
53.6381136,33.365758650000004,60.06713990196077,30
53.67006089999995,34.046692500000006,58.731975490196064,30
53.70202980000067,34.18287927,58.46494260784314,30
53.73411430000033,34.31906604000001,58.197909725490184,30
53.76624820000052,34.455252810000005,57.93087684313725,30
53.798291200000676,34.59143958,57.66384396078432,30
53.84708090000004,34.046692500000006,58.731975490196064,30
53.87831510000069,34.18287927,58.46494260784314,30
53.910216900000705,34.31906604000001,58.197909725490184,30
53.94217420000041,34.31906604000001,58.197909725490184,30
53.97420200000033,34.31906604000001,58.197909725490184,30
54.00614510000014,34.455252810000005,57.93087684313725,30
54.03815400000076,34.455252810000005,57.93087684313725,30
54.07011610000063,34.59143958,57.66384396078432,30
54.1022023000005,34.59143958,57.66384396078432,30
54.13412580000022,34.59143958,57.66384396078432,30
54.166093900000305,34.72762635000001,57.396811078431355,30
54.19869870000002,34.72762635000001,57.396811078431355,30
54.2464628000007,34.72762635000001,57.396811078431355,30
54.27809740000066,34.72762635000001,57.396811078431355,30
54.310108700000455,34.72762635000001,57.396811078431355,30
54.34213230000023,35.4085602,56.06164666666666,30
54.37401190000037,35.4085602,56.06164666666666,30
54.406098000000384,35.4085602,56.06164666666666,30
54.43811360000018,35.4085602,56.06164666666666,30
54.470266000000265,35.27237343,56.3286795490196,30
54.50223210000058,35.27237343,56.3286795490196,30
54.53417130000071,35.13618666000001,56.595712431372526,30
54.56614630000058,35.13618666000001,56.595712431372526,30
54.598244600000726,34.99999989,56.86274531372549,30
54.6461932000002,34.99999989,56.86274531372549,30
54.67806300000029,34.86381312,57.129778196078426,30
54.710074700000405,34.86381312,57.129778196078426,30
54.74203250000028,34.86381312,57.129778196078426,30
54.77399190000051,34.86381312,57.129778196078426,30
54.80606609999995,34.86381312,57.129778196078426,30
54.83875900000021,34.86381312,57.129778196078426,30
54.87017350000042,34.72762635000001,57.396811078431355,30
54.902147499999955,34.72762635000001,57.396811078431355,30
54.93450810000013,34.59143958,57.66384396078432,30
54.96645290000015,34.59143958,57.66384396078432,30
54.99842550000085,34.455252810000005,57.93087684313725,30
55.0461262000008,34.455252810000005,57.93087684313725,30
55.0781048000008,34.31906604000001,58.197909725490184,30
55.110133700000006,34.18287927,58.46494260784314,30
55.14210030000049,34.18287927,58.46494260784314,30
55.17412280000008,34.046692500000006,58.731975490196064,30
55.20616060000066,33.910505730000004,58.999008372549014,30
55.23819739999999,33.910505730000004,58.999008372549014,30
55.27013550000083,33.77431896,59.26604125490195,30
55.30241750000005,33.77431896,59.26604125490195,30
55.33411370000067,33.63813219000001,59.533074137254886,30
55.36613540000053,33.63813219000001,59.533074137254886,30
55.39803160000065,33.50194542,59.80010701960785,30
55.44608470000003,33.365758650000004,60.06713990196077,30
55.47811020000063,33.365758650000004,60.06713990196077,30
55.510126400000445,33.22957188,60.33417278431372,30
55.54213330000039,33.09338511,60.60120566666667,30
55.5745349000008,33.09338511,60.60120566666667,30
55.60620330000074,32.957198340000005,60.8682385490196,30
55.638250800000606,32.957198340000005,60.8682385490196,30
55.67023010000048,32.82101157,61.13527143137255,30
55.70218820000082,32.6848248,61.40230431372549,30
55.73412440000084,32.548638030000006,61.66933719607842,30
55.76609670000016,32.412451260000005,61.93637007843136,30
55.798067900000206,32.27626449,62.2034029607843,30
55.84614870000041,32.27626449,62.2034029607843,30
55.87810890000037,32.14007772000001,62.47043584313723,30
55.91012620000038,32.14007772000001,62.47043584313723,30
55.942116800000804,32.00389095,62.737468725490196,30
55.97407360000034,32.00389095,62.737468725490196,30
56.00619800000004,31.867704180000004,63.00450160784313,30
56.03820540000015,31.867704180000004,63.00450160784313,30
56.07019820000005,31.731517410000002,63.27153449019607,30
56.10220180000033,31.595330640000004,63.53856737254902,30
56.13404250000076,31.459143870000002,63.805600254901954,30
56.16602680000051,31.459143870000002,63.805600254901954,30
56.1980293000006,31.322957100000004,64.0726331372549,30
56.24609950000013,31.18677033,64.33966601960785,30
56.27806750000036,30.369649710000004,65.94186331372548,30
56.31006350000007,31.050583560000003,64.60669890196078,30
56.34203200000047,30.233462940000003,66.20889619607843,30
56.37404940000033,30.91439679,64.87373178431372,30
56.40605900000082,30.778210020000003,65.14076466666666,30
56.438228800000616,30.778210020000003,65.14076466666666,30
56.47013920000063,30.778210020000003,65.14076466666666,30
56.50209930000074,30.642023250000005,65.40779754901959,30
56.53405610000027,30.642023250000005,65.40779754901959,30
56.56615780000084,30.642023250000005,65.40779754901959,30
56.59803660000034,30.642023250000005,65.40779754901959,30
56.646177000000534,30.505836480000003,65.67483043137254,30
56.678111700000045,30.505836480000003,65.67483043137254,30
56.710019099999954,30.505836480000003,65.67483043137254,30
56.74214570000004,29.688715860000002,67.27702772549019,30
56.774138500000845,29.552529090000004,67.54406060784314,30
56.80636290000075,29.416342320000002,67.81109349019607,30
56.838308600000346,29.416342320000002,67.81109349019607,30
56.870127400000456,29.280155550000003,68.07812637254901,30
56.90210620000016,29.280155550000003,68.07812637254901,30
56.9341028000008,29.280155550000003,68.07812637254901,30
56.96611700000085,29.280155550000003,68.07812637254901,30
56.99815810000018,29.14396878,68.34515925490197,30
57.04600019999998,29.14396878,68.34515925490197,30
57.07798500000081,29.14396878,68.34515925490197,30
57.110120300000744,29.14396878,68.34515925490197,30
57.142025099999955,29.280155550000003,68.07812637254901,30
57.17413370000031,29.14396878,68.34515925490197,30
57.20621080000001,29.14396878,68.34515925490197,30
57.238105300000825,29.14396878,68.34515925490197,30
57.270100300000195,29.280155550000003,68.07812637254901,30
57.30212720000054,29.280155550000003,68.07812637254901,30
57.33410410000033,29.280155550000003,68.07812637254901,30
57.36609910000061,29.416342320000002,67.81109349019607,30
57.39806520000002,29.416342320000002,67.81109349019607,30
57.44604310000068,29.552529090000004,67.54406060784314,30
57.47797630000059,29.552529090000004,67.54406060784314,30
57.509983300000385,29.688715860000002,67.27702772549019,30
57.54204710000067,29.824902630000004,67.00999484313725,30
57.57424380000066,29.961089400000002,66.74296196078431,30
57.606293700000606,29.961089400000002,66.74296196078431,30
57.63817500000005,30.097276170000004,66.47592907843136,30
57.670171000000664,30.233462940000003,66.20889619607843,30
57.70209870000053,30.369649710000004,65.94186331372548,30
57.73403730000064,30.505836480000003,65.67483043137254,30
57.766076600000815,30.505836480000003,65.67483043137254,30
57.79807580000033,30.642023250000005,65.40779754901959,30
57.846134400000665,30.778210020000003,65.14076466666666,30
57.878110200000265,30.91439679,64.87373178431372,30
57.910020400000576,31.050583560000003,64.60669890196078,30
57.942171900000176,31.18677033,64.33966601960785,30
57.97412540000005,31.322957100000004,64.0726331372549,30
58.00611350000054,31.459143870000002,63.805600254901954,30
58.03804040000068,31.595330640000004,63.53856737254902,30
58.06998880000083,31.867704180000004,63.00450160784313,30
58.10208120000061,32.00389095,62.737468725490196,30
58.13400550000006,32.14007772000001,62.47043584313723,30
58.166049500000554,32.27626449,62.2034029607843,30
58.19806050000079,32.412451260000005,61.93637007843136,30
58.24600069999997,32.412451260000005,61.93637007843136,30
58.278256200000214,32.548638030000006,61.66933719607842,30
58.31016110000019,32.6848248,61.40230431372549,30
58.34212550000029,32.82101157,61.13527143137255,30
58.374092900000505,32.957198340000005,60.8682385490196,30
58.40616290000071,32.957198340000005,60.8682385490196,30
58.43804580000051,33.09338511,60.60120566666667,30
58.47009060000073,33.22957188,60.33417278431372,30
58.50208230000044,33.365758650000004,60.06713990196077,30
58.5340997000003,33.50194542,59.80010701960785,30
58.566096800000196,33.77431896,59.26604125490195,30
58.59814500000084,33.77431896,59.26604125490195,30
58.64606260000073,33.910505730000004,58.999008372549014,30
58.67805070000031,34.046692500000006,58.731975490196064,30
58.71007860000009,34.18287927,58.46494260784314,30
58.742127400000754,34.31906604000001,58.197909725490184,30
58.774044499999945,34.455252810000005,57.93087684313725,30
58.80605700000069,34.59143958,57.66384396078432,30
58.83805360000042,34.72762635000001,57.396811078431355,30
58.87011280000024,34.86381312,57.129778196078426,30
58.90204430000085,34.99999989,56.86274531372549,30
58.93414400000074,35.13618666000001,56.595712431372526,30
58.96606200000042,35.27237343,56.3286795490196,30
58.99803880000036,35.544746970000006,55.79461378431372,30
59.04610440000033,35.68093374,55.52758090196078,30
59.07803839999997,35.68093374,55.52758090196078,30
59.11009869999998,35.953307280000004,54.9935151372549,30
59.14210700000058,36.08949405,54.72648225490197,30
59.174133400000756,36.08949405,54.72648225490197,30
59.20608220000031,36.36186759,54.192416490196074,30
59.238055600000735,36.49805436,53.925383607843145,30
59.27004670000042,36.49805436,53.925383607843145,30
59.30206030000045,36.63424113000001,53.65835072549018,30
59.33410249999997,36.63424113000001,53.65835072549018,30
59.36606120000033,36.63424113000001,53.65835072549018,30
59.39806170000065,36.63424113000001,53.65835072549018,30
59.44595170000048,36.7704279,53.391317843137244,30
59.47799720000057,36.7704279,53.391317843137244,30
59.51000079999994,36.7704279,53.391317843137244,30
59.54201210000065,36.7704279,53.391317843137244,30
59.57419100000061,36.7704279,53.391317843137244,30
59.606184100000064,36.7704279,53.391317843137244,30
59.638153600000805,36.90661467000001,53.124284960784294,30
59.670138400000724,36.7704279,53.391317843137244,30
59.702099300000555,36.90661467000001,53.124284960784294,30
59.73407270000007,36.7704279,53.391317843137244,30
59.766050900000664,36.7704279,53.391317843137244,30
59.79804020000029,37.17898821,52.590219196078436,30
59.846058000000085,37.042801440000005,52.85725207843136,30
59.878003900000294,36.90661467000001,53.124284960784294,30
59.91012140000021,36.90661467000001,53.124284960784294,30
59.94208780000008,36.7704279,53.391317843137244,30
59.974074500000825,36.63424113000001,53.65835072549018,30
60.00611370000024,36.49805436,53.925383607843145,30
60.03804450000007,36.36186759,54.192416490196074,30
60.07009140000082,36.22568082000001,54.45944937254901,30
60.10216130000026,36.08949405,54.72648225490197,30
60.13406590000068,35.953307280000004,54.9935151372549,30
60.165997700000844,35.81712051000001,55.26054801960784,30
60.198034400000324,35.68093374,55.52758090196078,30
60.24610770000072,35.544746970000006,55.79461378431372,30
60.27802300000076,35.27237343,56.3286795490196,30
60.3100273,35.13618666000001,56.595712431372526,30
60.34205210000073,34.99999989,56.86274531372549,30
60.37402050000037,34.86381312,57.129778196078426,30
60.4060984000007,34.72762635000001,57.396811078431355,30
60.43808330000047,34.59143958,57.66384396078432,30
60.46998590000021,34.31906604000001,58.197909725490184,30
60.502118500000506,34.18287927,58.46494260784314,30
60.53406350000023,34.046692500000006,58.731975490196064,30
60.5660527,33.77431896,59.26604125490195,30
60.59809740000037,34.18287927,58.46494260784314,30
60.646094200000334,34.046692500000006,58.731975490196064,30
60.67817860000014,33.910505730000004,58.999008372549014,30
60.7100889000003,33.63813219000001,59.533074137254886,30
60.74208770000041,33.50194542,59.80010701960785,30
60.7740945000005,33.22957188,60.33417278431372,30
60.8060557000008,33.09338511,60.60120566666667,30
60.83807290000004,32.957198340000005,60.8682385490196,30
60.870096300000114,32.6848248,61.40230431372549,30
60.90207310000005,32.412451260000005,61.93637007843136,30
60.934074700000565,32.27626449,62.2034029607843,30
60.96606530000008,32.27626449,62.2034029607843,30
60.99804600000061,32.00389095,62.737468725490196,30
61.04608570000073,31.867704180000004,63.00450160784313,30
61.078024800000094,31.459143870000002,63.805600254901954,30
61.11019170000054,31.595330640000004,63.53856737254902,30
61.14210600000024,31.050583560000003,64.60669890196078,30
61.17411430000084,30.91439679,64.87373178431372,30
61.205995400000575,30.778210020000003,65.14076466666666,30
61.23798870000064,30.505836480000003,65.67483043137254,30
61.27004790000046,30.369649710000004,65.94186331372548,30
61.30295880000085,30.233462940000003,66.20889619607843,30
61.33420640000077,30.097276170000004,66.47592907843136,30
61.366113700000824,29.824902630000004,67.00999484313725,30
61.3980760000004,29.961089400000002,66.74296196078431,30
61.44611150000037,29.552529090000004,67.54406060784314,30
61.47819690000051,29.280155550000003,68.07812637254901,30
61.510161100000005,29.14396878,68.34515925490197,30
61.54216059999999,29.14396878,68.34515925490197,30
61.57414390000031,29.007782010000003,68.6121921372549,30
61.606075200000305,28.87159524,68.87922501960784,30
61.63842509999995,28.735408470000003,69.14625790196077,30
61.67012109999996,28.735408470000003,69.14625790196077,30
61.702137300000686,28.5992217,69.41329078431373,30
61.734127400000034,28.5992217,69.41329078431373,30
61.76634850000028,28.463034930000003,69.68032366666665,30
61.7980950000001,28.463034930000003,69.68032366666665,30
61.84597450000001,28.326848160000004,69.9473565490196,30
61.87806610000007,28.326848160000004,69.9473565490196,30
61.91008910000073,28.190661390000002,70.21438943137255,30
61.94207870000082,28.190661390000002,70.21438943137255,30
61.97414509999999,28.190661390000002,70.21438943137255,30
62.00604000000021,28.190661390000002,70.21438943137255,30
62.03806840000016,28.190661390000002,70.21438943137255,30
62.07003590000022,28.190661390000002,70.21438943137255,30
62.10199290000037,28.190661390000002,70.21438943137255,30
62.134066200000234,28.190661390000002,70.21438943137255,30
62.16604240000015,28.190661390000002,70.21438943137255,30
62.1980781000002,28.326848160000004,69.9473565490196,30
62.246083900000485,28.326848160000004,69.9473565490196,30
62.27811120000024,28.463034930000003,69.68032366666665,30
62.31007640000007,28.735408470000003,69.14625790196077,30
62.34207050000077,28.735408470000003,69.14625790196077,30
62.374129800000446,28.87159524,68.87922501960784,30
62.40606540000044,29.007782010000003,68.6121921372549,30
62.438078200000746,29.14396878,68.34515925490197,30
62.470072100000834,29.14396878,68.34515925490197,30
62.50215220000064,29.280155550000003,68.07812637254901,30
62.53411330000017,29.416342320000002,67.81109349019607,30
62.56634900000063,29.552529090000004,67.54406060784314,30
62.598119000000224,29.688715860000002,67.27702772549019,30
62.646098000000165,29.824902630000004,67.00999484313725,30
62.678148100000726,29.961089400000002,66.74296196078431,30
62.71004070000072,30.097276170000004,66.47592907843136,30
62.74214800000027,30.233462940000003,66.20889619607843,30
62.77404700000079,30.233462940000003,66.20889619607843,30
62.80616360000022,30.505836480000003,65.67483043137254,30
62.83800330000031,30.642023250000005,65.40779754901959,30
62.870031700000254,30.778210020000003,65.14076466666666,30
62.90209490000052,31.050583560000003,64.60669890196078,30
62.934111000000485,31.050583560000003,64.60669890196078,30
62.96613300000081,31.322957100000004,64.0726331372549,30
62.99806400000034,31.459143870000002,63.805600254901954,30
63.046025000000554,31.595330640000004,63.53856737254902,30
63.077962400000615,31.867704180000004,63.00450160784313,30
63.11001750000014,32.00389095,62.737468725490196,30
63.14204620000055,32.14007772000001,62.47043584313723,30
63.174063899999965,32.27626449,62.2034029607843,30
63.20601850000003,31.731517410000002,63.27153449019607,30
63.23811040000055,31.731517410000002,63.27153449019607,30
63.270135600000685,32.00389095,62.737468725490196,30
63.302079300000514,32.14007772000001,62.47043584313723,30
63.33396830000038,32.27626449,62.2034029607843,30
63.36607570000069,32.412451260000005,61.93637007843136,30
63.39800230000037,32.412451260000005,61.93637007843136,30
63.44606290000047,32.548638030000006,61.66933719607842,30
63.47807770000054,32.6848248,61.40230431372549,30
63.51002659999995,32.82101157,61.13527143137255,30
63.54203400000006,32.957198340000005,60.8682385490196,30
63.5740667,33.09338511,60.60120566666667,30
63.60607120000077,33.22957188,60.33417278431372,30
63.63803330000064,33.22957188,60.33417278431372,30
63.670025300000816,33.365758650000004,60.06713990196077,30
63.70207410000057,33.365758650000004,60.06713990196077,30
63.73406410000007,33.50194542,59.80010701960785,30
63.76607880000029,33.50194542,59.80010701960785,30
63.7980806000005,33.50194542,59.80010701960785,30
63.84625820000019,33.63813219000001,59.533074137254886,30
63.87808550000045,33.63813219000001,59.533074137254886,30
63.91010280000046,33.77431896,59.26604125490195,30
63.94211610000002,33.77431896,59.26604125490195,30
63.97411009999996,33.910505730000004,58.999008372549014,30
64.00614120000046,33.910505730000004,58.999008372549014,30
64.0384010000007,34.046692500000006,58.731975490196064,30
64.07021260000056,34.18287927,58.46494260784314,30
64.10210370000004,34.18287927,58.46494260784314,30
64.13404850000006,34.18287927,58.46494260784314,30
64.1660378000006,34.18287927,58.46494260784314,30
64.19795750000048,34.31906604000001,58.197909725490184,30
64.24605410000004,34.31906604000001,58.197909725490184,30
64.27804880000076,34.31906604000001,58.197909725490184,30
64.31006820000039,34.455252810000005,57.93087684313725,30
64.34209420000025,34.59143958,57.66384396078432,30
64.37408880000021,34.59143958,57.66384396078432,30
64.40602770000078,34.72762635000001,57.396811078431355,30
64.43807670000024,34.72762635000001,57.396811078431355,30
64.47004940000079,34.86381312,57.129778196078426,30
64.50206520000029,34.86381312,57.129778196078426,30
64.53406880000057,34.99999989,56.86274531372549,30
64.56612370000039,34.99999989,56.86274531372549,30
64.59808900000007,35.13618666000001,56.595712431372526,30
64.64607500000056,35.13618666000001,56.595712431372526,30
64.67799850000029,35.27237343,56.3286795490196,30
64.71006860000034,35.27237343,56.3286795490196,30
64.74203699999998,35.27237343,56.3286795490196,30
64.77409870000065,35.27237343,56.3286795490196,30
64.80604500000027,35.27237343,56.3286795490196,30
64.83823010000015,35.27237343,56.3286795490196,30
64.87031139999999,35.27237343,56.3286795490196,30
64.90216480000072,35.27237343,56.3286795490196,30
64.93407890000071,35.27237343,56.3286795490196,30
64.96600200000012,35.27237343,56.3286795490196,30
64.9979798000004,35.27237343,56.3286795490196,30
65.04606150000018,35.27237343,56.3286795490196,30
65.07804260000012,35.27237343,56.3286795490196,30
65.11007950000021,35.13618666000001,56.595712431372526,30
65.14208600000075,35.13618666000001,56.595712431372526,30
65.17407000000003,35.13618666000001,56.595712431372526,30
65.20609150000018,34.99999989,56.86274531372549,30
65.23797720000039,34.86381312,57.129778196078426,30
65.27011280000079,34.86381312,57.129778196078426,30
65.30201269999998,34.72762635000001,57.396811078431355,30
65.33406080000077,34.72762635000001,57.396811078431355,30
65.36608390000038,34.59143958,57.66384396078432,30
65.39806240000053,34.59143958,57.66384396078432,30
65.44615300000078,34.59143958,57.66384396078432,30
65.47801710000022,34.455252810000005,57.93087684313725,30
65.51005680000071,34.31906604000001,58.197909725490184,30
65.54202400000031,34.18287927,58.46494260784314,30
65.57407690000036,34.18287927,58.46494260784314,30
65.60606550000011,34.046692500000006,58.731975490196064,30
65.63805260000026,33.910505730000004,58.999008372549014,30
65.67004500000075,33.77431896,59.26604125490195,30
65.70207810000011,33.77431896,59.26604125490195,30
65.73408580000068,33.63813219000001,59.533074137254886,30
65.76607370000056,33.50194542,59.80010701960785,30
65.7979847000006,33.365758650000004,60.06713990196077,30
65.84610580000026,33.22957188,60.33417278431372,30
65.87808650000079,33.09338511,60.60120566666667,30
65.91007650000029,32.957198340000005,60.8682385490196,30
65.94211500000074,32.6848248,61.40230431372549,30
65.97408850000011,32.548638030000006,61.66933719607842,30
66.00607240000045,32.27626449,62.2034029607843,30
66.03807470000083,32.14007772000001,62.47043584313723,30
66.07014770000023,32.00389095,62.737468725490196,30
66.1022182000006,32.27626449,62.2034029607843,30
66.13416610000058,32.14007772000001,62.47043584313723,30
66.1661165000005,32.00389095,62.737468725490196,30
66.19811690000006,31.867704180000004,63.00450160784313,30
66.24611760000062,31.731517410000002,63.27153449019607,30
66.27801650000038,31.731517410000002,63.27153449019607,30
66.30998810000074,31.595330640000004,63.53856737254902,30
66.3419530000001,31.459143870000002,63.805600254901954,30
66.37403520000043,31.322957100000004,64.0726331372549,30
66.40603240000019,31.18677033,64.33966601960785,30
66.43806320000022,31.050583560000003,64.60669890196078,30
66.47009800000069,30.91439679,64.87373178431372,30
66.50202700000045,30.778210020000003,65.14076466666666,30
66.53403010000056,30.642023250000005,65.40779754901959,30
66.56607280000026,30.642023250000005,65.40779754901959,30
66.59804299999996,30.505836480000003,65.67483043137254,30
66.64606820000063,30.369649710000004,65.94186331372548,30
66.67800420000003,30.233462940000003,66.20889619607843,30
66.7100401000007,30.097276170000004,66.47592907843136,30
66.74202200000036,30.097276170000004,66.47592907843136,30
66.77404190000016,30.642023250000005,65.40779754901959,30
66.80604480000056,30.642023250000005,65.40779754901959,30
66.83822120000059,30.642023250000005,65.40779754901959,30
66.87016910000057,30.505836480000003,65.67483043137254,30
66.90205380000043,30.505836480000003,65.67483043137254,30
66.9340598000008,30.369649710000004,65.94186331372548,30
66.96598950000043,30.233462940000003,66.20889619607843,30
66.99795540000014,30.233462940000003,66.20889619607843,30
67.04686630000015,30.097276170000004,66.47592907843136,30
67.07846860000063,30.097276170000004,66.47592907843136,30
67.11055420000048,30.097276170000004,66.47592907843136,30
67.14233560000048,30.097276170000004,66.47592907843136,30
67.1742146000006,30.097276170000004,66.47592907843136,30
67.20615390000057,30.097276170000004,66.47592907843136,30
67.23804830000063,30.097276170000004,66.47592907843136,30
67.26998619999995,30.097276170000004,66.47592907843136,30
67.30213820000063,30.097276170000004,66.47592907843136,30
67.3341304000005,30.097276170000004,66.47592907843136,30
67.36606980000033,30.097276170000004,66.47592907843136,30
67.39812270000039,30.097276170000004,66.47592907843136,30
67.44607020000058,30.097276170000004,66.47592907843136,30
67.47813810000025,30.097276170000004,66.47592907843136,30
67.51035700000011,30.097276170000004,66.47592907843136,30
67.54213390000041,30.097276170000004,66.47592907843136,30
67.57410310000068,30.233462940000003,66.20889619607843,30
67.60614610000084,30.233462940000003,66.20889619607843,30
67.63823560000037,30.369649710000004,65.94186331372548,30
67.6701423000004,30.369649710000004,65.94186331372548,30
67.70207830000072,30.505836480000003,65.67483043137254,30
67.73416450000059,30.642023250000005,65.40779754901959,30
67.76623270000073,30.778210020000003,65.14076466666666,30
67.7979862000002,30.642023250000005,65.40779754901959,30
67.84641420000025,30.778210020000003,65.14076466666666,30
67.87860980000005,30.91439679,64.87373178431372,30
67.91037500000039,31.050583560000003,64.60669890196078,30
67.94204810000065,31.18677033,64.33966601960785,30
67.97407340000063,31.322957100000004,64.0726331372549,30
68.00608290000037,31.459143870000002,63.805600254901954,30
68.03805710000051,31.595330640000004,63.53856737254902,30
68.07024850000016,31.731517410000002,63.27153449019607,30
68.10202840000056,31.731517410000002,63.27153449019607,30
68.13410870000007,31.867704180000004,63.00450160784313,30
68.16604850000022,32.00389095,62.737468725490196,30
68.19806730000073,32.00389095,62.737468725490196,30
68.24633150000045,32.00389095,62.737468725490196,30
68.27818930000012,32.14007772000001,62.47043584313723,30
68.31003330000021,32.14007772000001,62.47043584313723,30
68.34208470000067,32.27626449,62.2034029607843,30
68.37407880000046,32.412451260000005,61.93637007843136,30
68.40612860000056,32.412451260000005,61.93637007843136,30
68.43811260000075,32.548638030000006,61.66933719607842,30
68.47007310000026,32.6848248,61.40230431372549,30
68.50218510000013,32.82101157,61.13527143137255,30
68.53401200000008,32.82101157,61.13527143137255,30
68.56604330000027,32.957198340000005,60.8682385490196,30
68.59804910000003,33.09338511,60.60120566666667,30
68.64614230000007,33.09338511,60.60120566666667,30
68.67808280000008,33.22957188,60.33417278431372,30
68.71000940000067,33.50194542,59.80010701960785,30
68.74205230000007,33.63813219000001,59.533074137254886,30
68.77407110000058,33.77431896,59.26604125490195,30
68.80603880000035,33.910505730000004,58.999008372549014,30
68.83795650000047,34.046692500000006,58.731975490196064,30
68.87010650000047,33.365758650000004,60.06713990196077,30
68.90204000000085,33.50194542,59.80010701960785,30
68.9341030000005,33.63813219000001,59.533074137254886,30
68.96622120000029,33.77431896,59.26604125490195,30
68.9982185000008,33.77431896,59.26604125490195,30
69.04609680000067,33.910505730000004,58.999008372549014,30
69.07828020000034,33.910505730000004,58.999008372549014,30
69.11018220000005,34.046692500000006,58.731975490196064,30
69.14215580000018,34.046692500000006,58.731975490196064,30
69.17415300000084,34.046692500000006,58.731975490196064,30
69.20617970000058,34.046692500000006,58.731975490196064,30
69.23815140000079,34.18287927,58.46494260784314,30
69.27023050000025,34.18287927,58.46494260784314,30
69.30205900000055,34.18287927,58.46494260784314,30
69.33425140000054,34.18287927,58.46494260784314,30
69.36647290000019,34.18287927,58.46494260784314,30
69.3980188000005,34.18287927,58.46494260784314,30
69.44606280000062,34.31906604000001,58.197909725490184,30
69.47800590000043,34.31906604000001,58.197909725490184,30
69.51004120000016,34.31906604000001,58.197909725490184,30
69.54207700000006,34.455252810000005,57.93087684313725,30
69.57408440000017,34.455252810000005,57.93087684313725,30
69.60605410000062,34.455252810000005,57.93087684313725,30
69.63803940000071,34.455252810000005,57.93087684313725,30
69.67009390000021,34.455252810000005,57.93087684313725,30
69.70220330000029,34.455252810000005,57.93087684313725,30
69.73403600000074,34.455252810000005,57.93087684313725,30
69.76614590000008,34.59143958,57.66384396078432,30
69.79809650000061,34.59143958,57.66384396078432,30
69.8462683000007,34.59143958,57.66384396078432,30
69.8782213000004,34.59143958,57.66384396078432,30
69.91010070000084,34.72762635000001,57.396811078431355,30
69.94211160000032,34.72762635000001,57.396811078431355,30
69.97409520000019,34.72762635000001,57.396811078431355,30
70.00601920000008,34.72762635000001,57.396811078431355,30
70.03798060000008,34.86381312,57.129778196078426,30
70.07007280000016,34.86381312,57.129778196078426,30
70.10205770000084,34.86381312,57.129778196078426,30
70.13396260000081,34.86381312,57.129778196078426,30
70.16607290000047,34.86381312,57.129778196078426,30
70.19805190000079,34.86381312,57.129778196078426,30
70.24609039999996,34.86381312,57.129778196078426,30
70.27805550000085,34.86381312,57.129778196078426,30
70.3100258000004,34.86381312,57.129778196078426,30
70.34200410000085,34.86381312,57.129778196078426,30
70.37397810000039,34.86381312,57.129778196078426,30
70.40606530000059,34.99999989,56.86274531372549,30
70.43798750000042,34.86381312,57.129778196078426,30
70.47003470000072,34.86381312,57.129778196078426,30
70.50203640000018,34.86381312,57.129778196078426,30
70.53401630000008,34.86381312,57.129778196078426,30
70.56601650000084,34.72762635000001,57.396811078431355,30
70.59814570000071,34.72762635000001,57.396811078431355,30
70.64598650000062,34.72762635000001,57.396811078431355,30
70.67804710000019,34.72762635000001,57.396811078431355,30
70.71002880000015,34.72762635000001,57.396811078431355,30
70.74197150000055,34.72762635000001,57.396811078431355,30
70.77405680000084,34.72762635000001,57.396811078431355,30
70.80602700000054,34.72762635000001,57.396811078431355,30
70.83817369999997,34.72762635000001,57.396811078431355,30
70.87004460000026,34.72762635000001,57.396811078431355,30
70.90203810000003,34.72762635000001,57.396811078431355,30
70.9339888000004,34.72762635000001,57.396811078431355,30
70.96604509999997,34.72762635000001,57.396811078431355,30
70.99798140000075,34.72762635000001,57.396811078431355,30
71.04603210000005,34.86381312,57.129778196078426,30
71.0780164000007,34.86381312,57.129778196078426,30
71.11000310000054,34.86381312,57.129778196078426,30
71.14204920000066,34.99999989,56.86274531372549,30
71.17408520000026,34.99999989,56.86274531372549,30
71.20613680000042,34.99999989,56.86274531372549,30
71.23804950000067,34.99999989,56.86274531372549,30
71.27027700000053,35.13618666000001,56.595712431372526,30
71.30217210000046,35.13618666000001,56.595712431372526,30
71.33396720000019,35.13618666000001,56.595712431372526,30
71.36597490000077,35.13618666000001,56.595712431372526,30
71.39805240000078,35.27237343,56.3286795490196,30
71.44602060000034,35.27237343,56.3286795490196,30
71.47798640000019,35.27237343,56.3286795490196,30
71.51003579999997,35.13618666000001,56.595712431372526,30
71.54198950000045,35.13618666000001,56.595712431372526,30
71.57401350000055,34.99999989,56.86274531372549,30
71.6060494000003,34.86381312,57.129778196078426,30
71.63802400000077,34.72762635000001,57.396811078431355,30
71.66999940000005,34.59143958,57.66384396078432,30
71.70204460000059,34.59143958,57.66384396078432,30
71.73405560000083,34.455252810000005,57.93087684313725,30
71.7660033000002,34.455252810000005,57.93087684313725,30
71.79799130000083,34.31906604000001,58.197909725490184,30
71.84606880000047,34.31906604000001,58.197909725490184,30
71.87808330000007,34.18287927,58.46494260784314,30
71.9100053000002,34.046692500000006,58.731975490196064,30
71.94204160000027,34.046692500000006,58.731975490196064,30
71.97405990000061,33.910505730000004,58.999008372549014,30
72.00598060000084,33.77431896,59.26604125490195,30
72.03803300000072,33.63813219000001,59.533074137254886,30
72.07030430000032,33.365758650000004,60.06713990196077,30
72.10210650000045,33.22957188,60.33417278431372,30
72.13408640000034,33.09338511,60.60120566666667,30
72.16606970000066,32.957198340000005,60.8682385490196,30
72.19804180000028,32.82101157,61.13527143137255,30
72.24654800000008,32.6848248,61.40230431372549,30
72.27812859999995,32.548638030000006,61.66933719607842,30
72.31013860000076,32.412451260000005,61.93637007843136,30
72.34208610000042,32.412451260000005,61.93637007843136,30
72.37404620000052,32.27626449,62.2034029607843,30
72.40600520000044,32.14007772000001,62.47043584313723,30
72.43806980000045,32.00389095,62.737468725490196,30
72.46999140000025,32.00389095,62.737468725490196,30
72.50207460000001,32.27626449,62.2034029607843,30
72.53400740000052,32.27626449,62.2034029607843,30
72.56608430000051,32.14007772000001,62.47043584313723,30
72.59800790000008,32.00389095,62.737468725490196,30
72.64603840000018,32.00389095,62.737468725490196,30
72.67811660000007,31.867704180000004,63.00450160784313,30
72.71051250000073,31.731517410000002,63.27153449019607,30
72.74207150000075,31.731517410000002,63.27153449019607,30
72.7741659000003,31.595330640000004,63.53856737254902,30
72.80606239999997,31.459143870000002,63.805600254901954,30
72.83808530000078,31.459143870000002,63.805600254901954,30
72.87008980000064,31.322957100000004,64.0726331372549,30
72.90210180000031,30.778210020000003,65.14076466666666,30
72.93408290000025,30.778210020000003,65.14076466666666,30
72.96601700000065,31.18677033,64.33966601960785,30
72.99805760000072,31.18677033,64.33966601960785,30
73.04660370000056,31.18677033,64.33966601960785,30
73.07843450000018,31.18677033,64.33966601960785,30
73.11002550000012,31.18677033,64.33966601960785,30
73.14205250000032,31.18677033,64.33966601960785,30
73.17408479999995,31.18677033,64.33966601960785,30
73.2060904,31.18677033,64.33966601960785,30
73.23805670000002,31.18677033,64.33966601960785,30
73.27011120000043,31.18677033,64.33966601960785,30
73.3021520000002,31.18677033,64.33966601960785,30
73.33423410000069,31.18677033,64.33966601960785,30
73.36609860000044,31.18677033,64.33966601960785,30
73.39828070000021,31.18677033,64.33966601960785,30
73.44617470000048,31.18677033,64.33966601960785,30
73.47813300000053,31.18677033,64.33966601960785,30
73.51005040000018,31.18677033,64.33966601960785,30
73.54199940000035,31.322957100000004,64.0726331372549,30
73.57404360000055,31.322957100000004,64.0726331372549,30
73.60597880000023,31.322957100000004,64.0726331372549,30
73.63802870000018,31.459143870000002,63.805600254901954,30
73.67006930000025,31.459143870000002,63.805600254901954,30
73.70202950000021,31.459143870000002,63.805600254901954,30
73.73403250000047,31.459143870000002,63.805600254901954,30
73.76604410000073,31.595330640000004,63.53856737254902,30
73.79826520000006,31.595330640000004,63.53856737254902,30
73.84608950000074,31.595330640000004,63.53856737254902,30
73.87807410000005,31.731517410000002,63.27153449019607,30
73.9100780000008,31.731517410000002,63.27153449019607,30
73.94195950000085,31.731517410000002,63.27153449019607,30
73.97405300000082,32.412451260000005,61.93637007843136,30
74.00600510000004,32.548638030000006,61.66933719607842,30
74.03805720000037,32.548638030000006,61.66933719607842,30
74.07004570000026,32.548638030000006,61.66933719607842,30
74.10217840000041,32.548638030000006,61.66933719607842,30
74.1340637000003,32.6848248,61.40230431372549,30
74.16596180000033,32.6848248,61.40230431372549,30
74.19809980000082,32.6848248,61.40230431372549,30
74.24603920000027,32.82101157,61.13527143137255,30
74.27810430000045,32.82101157,61.13527143137255,30
74.31009110000014,32.82101157,61.13527143137255,30
74.34204990000035,32.82101157,61.13527143137255,30
74.37408020000021,32.82101157,61.13527143137255,30
74.40602720000061,32.412451260000005,61.93637007843136,30
74.43798890000016,32.412451260000005,61.93637007843136,30
74.4700397000006,32.412451260000005,61.93637007843136,30
74.50198120000005,32.412451260000005,61.93637007843136,30
74.53397770000083,32.412451260000005,61.93637007843136,30
74.56605390000004,32.27626449,62.2034029607843,30
74.59808030000022,32.27626449,62.2034029607843,30
74.64601850000054,32.14007772000001,62.47043584313723,30
74.67801220000001,32.14007772000001,62.47043584313723,30
74.71005420000074,32.00389095,62.737468725490196,30
74.74207300000035,31.867704180000004,63.00450160784313,30
74.77406470000005,31.867704180000004,63.00450160784313,30
74.8060916000004,31.731517410000002,63.27153449019607,30
74.83800910000082,32.00389095,62.737468725490196,30
74.87012560000039,32.00389095,62.737468725490196,30
74.90217740000026,31.867704180000004,63.00450160784313,30
74.93399300000056,31.459143870000002,63.805600254901954,30
74.96601970000029,31.459143870000002,63.805600254901954,30
74.99799820000044,31.731517410000002,63.27153449019607,30
75.04600680000021,31.595330640000004,63.53856737254902,30
75.07795630000055,31.595330640000004,63.53856737254902,30
75.10999310000079,31.459143870000002,63.805600254901954,30
75.14202600000044,31.459143870000002,63.805600254901954,30
75.1739907000001,31.18677033,64.33966601960785,30
75.20604370000001,31.050583560000003,64.60669890196078,30
75.23805040000025,31.050583560000003,64.60669890196078,30
75.27001610000025,30.91439679,64.87373178431372,30
75.30202800000006,30.91439679,64.87373178431372,30
75.33403210000051,30.91439679,64.87373178431372,30
75.36607390000063,31.050583560000003,64.60669890196078,30
75.39801310000075,30.778210020000003,65.14076466666666,30
75.44608110000081,30.778210020000003,65.14076466666666,30
75.47799320000013,30.642023250000005,65.40779754901959,30
75.5100624000006,30.642023250000005,65.40779754901959,30
75.54200500000024,30.642023250000005,65.40779754901959,30
75.57408000000032,30.642023250000005,65.40779754901959,30
75.60602620000009,30.642023250000005,65.40779754901959,30
75.63801660000081,30.642023250000005,65.40779754901959,30
75.67011970000021,30.642023250000005,65.40779754901959,30
75.70208090000051,30.642023250000005,65.40779754901959,30
75.73417210000025,30.642023250000005,65.40779754901959,30
75.76599580000038,30.642023250000005,65.40779754901959,30
75.79799960000037,30.778210020000003,65.14076466666666,30
75.84602429999995,30.778210020000003,65.14076466666666,30
75.87804060000053,30.778210020000003,65.14076466666666,30
75.91004940000039,30.778210020000003,65.14076466666666,30
75.94203930000003,30.778210020000003,65.14076466666666,30
75.97423300000082,30.642023250000005,65.40779754901959,30
76.00649240000075,30.642023250000005,65.40779754901959,30
76.03835740000068,30.642023250000005,65.40779754901959,30
76.0702282000002,30.642023250000005,65.40779754901959,30
76.10210070000085,30.505836480000003,65.67483043137254,30
76.13410860000022,30.505836480000003,65.67483043137254,30
76.16604170000028,30.369649710000004,65.94186331372548,30
76.19813180000074,30.233462940000003,66.20889619607843,30
76.24609270000019,30.233462940000003,66.20889619607843,30
76.27814610000041,30.097276170000004,66.47592907843136,30
76.31010660000084,29.961089400000002,66.74296196078431,30
76.34217100000023,29.961089400000002,66.74296196078431,30
76.37435010000081,29.824902630000004,67.00999484313725,30
76.40606500000013,29.824902630000004,67.00999484313725,30
76.43803200000002,29.824902630000004,67.00999484313725,30
76.47009250000065,29.824902630000004,67.00999484313725,30
76.50204150000081,29.824902630000004,67.00999484313725,30
76.53401080000003,29.824902630000004,67.00999484313725,30
76.56605440000021,29.824902630000004,67.00999484313725,30
76.59804670000085,29.824902630000004,67.00999484313725,30
76.64609740000014,29.824902630000004,67.00999484313725,30
76.67810530000042,29.824902630000004,67.00999484313725,30
76.71026650000022,29.824902630000004,67.00999484313725,30
76.7423619000001,29.961089400000002,66.74296196078431,30
76.77414880000015,29.961089400000002,66.74296196078431,30
76.8061389000004,29.961089400000002,66.74296196078431,30
76.83811980000064,29.961089400000002,66.74296196078431,30
76.87012940000022,29.280155550000003,68.07812637254901,30
76.90201290000005,29.280155550000003,68.07812637254901,30
76.93401750000066,29.416342320000002,67.81109349019607,30
76.96598260000064,29.416342320000002,67.81109349019607,30
76.99821690000044,29.552529090000004,67.54406060784314,30
77.04606150000018,29.552529090000004,67.54406060784314,30
77.0781375000006,29.688715860000002,67.27702772549019,30
77.11040360000061,29.688715860000002,67.27702772549019,30
77.14205610000045,29.688715860000002,67.27702772549019,30
77.17400760000055,29.824902630000004,67.00999484313725,30
77.20609810000042,29.824902630000004,67.00999484313725,30
77.23804890000065,29.961089400000002,66.74296196078431,30
77.26998970000022,30.097276170000004,66.47592907843136,30
77.30205960000058,30.097276170000004,66.47592907843136,30
77.33405120000043,30.233462940000003,66.20889619607843,30
77.36611540000013,30.233462940000003,66.20889619607843,30
77.39817630000016,30.369649710000004,65.94186331372548,30
77.44607670000005,30.369649710000004,65.94186331372548,30
77.47799870000017,30.505836480000003,65.67483043137254,30
77.50997300000017,30.642023250000005,65.40779754901959,30
77.5420180000001,30.778210020000003,65.14076466666666,30
77.57403830000021,30.778210020000003,65.14076466666666,30
77.60597880000023,30.91439679,64.87373178431372,30
77.63806870000008,31.050583560000003,64.60669890196078,30
77.67002580000008,31.050583560000003,64.60669890196078,30
77.70209630000045,31.050583560000003,64.60669890196078,30
77.73406580000028,31.18677033,64.33966601960785,30
77.76602040000034,31.18677033,64.33966601960785,30
77.7980161000005,31.322957100000004,64.0726331372549,30
77.84603470000002,31.459143870000002,63.805600254901954,30
77.87806340000043,31.459143870000002,63.805600254901954,30
77.91003799999999,31.595330640000004,63.53856737254902,30
77.94202020000012,31.731517410000002,63.27153449019607,30
77.97402800000054,31.731517410000002,63.27153449019607,30
78.00602780000008,31.867704180000004,63.00450160784313,30
78.03799080000044,31.867704180000004,63.00450160784313,30
78.07007870000052,31.867704180000004,63.00450160784313,30
78.1020797000001,31.867704180000004,63.00450160784313,30
78.1340054000002,32.00389095,62.737468725490196,30
78.16604340000049,32.00389095,62.737468725490196,30
78.19817320000038,32.14007772000001,62.47043584313723,30
78.24607030000061,32.14007772000001,62.47043584313723,30
78.27817920000052,32.27626449,62.2034029607843,30
78.31000400000084,32.412451260000005,61.93637007843136,30
78.34202450000066,32.548638030000006,61.66933719607842,30
78.37397300000066,32.548638030000006,61.66933719607842,30
78.40604330000042,32.6848248,61.40230431372549,30
78.43797670000004,32.82101157,61.13527143137255,30
78.4700154000002,32.957198340000005,60.8682385490196,30
78.50203839999995,32.957198340000005,60.8682385490196,30
78.53397230000064,33.09338511,60.60120566666667,30
78.56595140000081,33.365758650000004,60.06713990196077,30
78.59807700000056,33.50194542,59.80010701960785,30
78.64602670000022,33.63813219000001,59.533074137254886,30
